F1,F2,F3,B1,B2,B3,max_formant,smooth_error,time,rel_time,prop_time,id,label,file_name,group,speaker_num,point_heuristic,f0,intensity,optimized,word,stress,dur,pre_word,fol_word,pre_seg,fol_seg,abs_pre_seg,abs_fol_seg,context
577.7628926489077,1484.2601930721205,2531.282463974625,3.574766660916577,3.797596832222594,4.4808456066944515,4794.871794871795,0.004653747675428706,0.8897471655328798,0.039,0.22413793103448273,0-0-1-0,ow,UT_014,intvr,1,fave,140.6908405690739,40.83567684934569,5,okay,2,0.15000000000000002,"","",#,K,"",K,initial
496.6240832941588,899.6836272800479,2182.122803207581,3.38243156616602,4.416909615370402,4.515347077031282,5153.846153846154,0.0025857988632088822,55.967452834467124,0.025,0.26595744680851063,0-0-156-1,ow,UT_014,intvr,1,fave,110.96171870174699,41.293228519765165,5,home,1,0.07000000000000028,your,town,HH,M,HH,M,internal
593.0417227103012,2187.4726187285396,3197.532331020281,3.293363351230041,4.635265862113522,4.722896471564561,7128.205128205128,0.0033885318018020876,164.69985583446714,0.025,0.24038461538461536,0-0-224-0,ow,UT_014,intvr,1,fave,212.3064577459106,46.39477538726715,5,okay,2,0.08000199999997903,"","",#,K,"",K,initial
509.1816544506258,1154.2638909876437,2293.0190978175106,3.0342557895502322,4.0072210358969365,4.111770753432994,4256.410256410256,0.0034351746076559156,235.50185783446713,0.025,0.17361111111111113,0-0-250-0,ow,UT_014,intvr,1,fave,213.65497390500693,41.54158492411002,5,okay,2,0.11999500000001717,"","",#,K,"",K,initial
528.3517847975893,1042.7192225461877,2130.3366160670544,3.3679069243855095,3.4590052582647663,4.293429648200278,4435.897435897436,0.0018689435074932782,411.4625418344672,0.045000000000000005,0.3947368421052632,0-0-361-0,ow,UT_014,intvr,1,fave,233.88612117535104,43.65447968858283,5,okay,2,0.08999599999998509,"","",#,K,"",K,initial
559.7782137248139,1206.4098765870822,2122.915933778077,3.2326199975394254,3.6310079408148166,3.855578415119109,4794.871794871795,0.0005860078504148687,420.4125581655329,0.025,0.24038461538461536,0-0-372-0,ow,UT_014,intvr,1,fave,177.92931673635704,43.70224295837879,5,okay,2,0.07998600000001943,"","",#,K,"",K,initial
518.41405652425,1066.3547884524578,2194.0079032596695,3.429022200507131,2.652187796192839,3.6586731551240277,4794.871794871795,0.0002630744195724001,422.8511561655329,0.025,0.24038461538461536,0-0-374-0,ow,UT_014,intvr,1,fave,247.53996219398024,41.60650163142131,5,okay,2,0.07998699999996006,"","",#,K,"",K,initial
445.44751597515256,1556.2829452291667,2136.236576653415,2.363476368050505,3.8559591282878705,3.7789468954313556,5153.846153846154,0.0010793965069072911,508.3068508344671,0.025,0.26595744680851063,0-0-446-1,ow,UT_014,intvr,1,fave,108.4241331767063,49.245167001302455,5,going,1,0.0700069999999755,"",down,G,i,G,i,internal
502.00676481988114,1220.1283738002721,2730.239983758788,3.1340579554701327,3.814366721711507,4.3445560366521745,6051.282051282051,0.000021140014448119588,600.2803421723356,0.025,0.33783783783783783,0-0-538-0,ow,UT_014,intvr,1,fave,185.5148970170389,46.381735822533734,5,okay,2,0.050049000000058186,"","",#,K,"",K,initial
588.4983303733017,1136.1378608744612,2190.4931374964867,3.269456115258302,3.216819268611407,4.114546044285343,4435.897435897436,0.00313914687323985,612.0544455034013,0.025,0.20161290322580647,0-0-550-0,ow,UT_014,intvr,1,fave,192.1303096236043,44.82575750346538,5,okay,2,0.10003699999992932,"","",#,K,"",K,initial
596.9914934428588,1762.1531655980646,2656.59950332933,3.9744837130253066,4.501278069141644,4.597568089968412,5512.820512820513,0.03806619747170705,685.8894684965985,0.063,0.34239130434782616,0-0-618-0,ow,UT_014,intvr,1,fave,92.1009448711771,49.193262962370106,5,okay,2,0.15997300000003634,"","",#,K,"",K,initial
561.4408527010606,1387.768069921904,2225.271665717414,3.1774276611308085,3.7652306935289843,4.577338109611529,5153.846153846154,0.0021461302660212922,765.092464834467,0.025,0.24038461538461545,0-0-682-0,ow,UT_014,intvr,1,fave,168.1714571652908,47.168151387394474,5,okay,2,0.080016999999998,"","",#,K,"",K,initial
512.5251548177739,1587.1123306851282,2440.9787563735017,2.451108748324593,3.881584558311228,4.013292586659347,5333.333333333333,0.004118078428615106,788.9749414965986,0.065,0.12896825396825398,0-0-733-0,ow,UT_014,intvr,1,fave,280.9516992679684,42.25482431273272,5,ok,1,0.4799800000000687,it,"",#,K,i,K,initial
479.4530072505702,1026.3085326168812,2372.1397921709085,2.7544290449323254,3.381765811828405,3.4841206710012456,5333.333333333333,0.00029514699437741855,910.648433834467,0.025,0.26595744680851063,0-0-908-0,ow,UT_014,intvr,1,fave,119.82879206481294,47.318137439826316,5,over,1,0.07000700000003235,stumbling,any,#,V,NG,V,initial
542.6830080345422,1339.4633738555997,2370.382628815233,2.9183154049188333,3.9696538973608684,4.354309655578198,6230.7692307692305,0.0004538642309083882,917.298458834467,0.025,0.26595744680851063,0-0-935-0,ow,UT_014,intvr,1,fave,519.1218089294362,38.29711098843068,5,okay,2,0.07000700000003235,it,"",#,K,T,K,initial
618.0403577429112,1654.5006326557689,2339.5116913808815,2.8619561957772746,3.5430233987003312,3.864049751884223,5512.820512820513,0.0030109346359719577,1.2127471655328796,0.025,0.10245901639344263,0-0-1-2,eyF,UT_014,intvr,1,fave,98.27929427352872,39.92428988890364,5,okay,1,0.21999999999999997,"","",K,#,K,"",final
438.869218003576,2094.546769689337,2730.2752637974936,2.280068492971072,3.4168000533221408,3.935292984710234,6410.25641025641,0.0007909359214778927,30.78474616553288,0.025,0.1524390243902439,0-0-94-0,eyF,UT_014,intvr,1,fave,95.22223816636824,42.75656836997304,5,a,1,0.14000199999999907,into,reading,#,#,Tuw,R,coextensive
543.6021138741977,1536.4390981535557,2216.250112125086,2.3820041456768006,3.57330260794613,3.7140130649805445,4615.384615384615,0.0016417053443215101,144.06925016553288,0.025,0.14367816091954025,0-0-187-1,eyF,UT_014,intvr,1,fave,401.7511243353575,39.201103212609965,5,kay,1,0.14999400000002083,mm,"",K,#,K,"",final
594.7991877045483,1693.843959671054,3179.969149269068,3.0092251623086446,4.171004306894998,4.6133115843270085,6948.717948717948,0.003350592467519867,164.88884416553287,0.10300000000000001,0.6688311688311689,0-0-224-2,eyF,UT_014,intvr,1,fave,550.1971146973266,43.91610042654017,5,okay,1,0.13000500000001125,"","",K,#,K,"",final
562.034432982819,1605.2790602686628,2198.148626992767,3.5001091801245523,3.7794764186518095,4.407684767972414,5512.820512820513,0.0018893135587416659,167.46514716553287,0.07899999999999999,0.7596153846153846,0-0-227-1,eyF,UT_014,intvr,1,fave,NaN,36.36850635617709,5,kay,1,0.08000200000000746,mm,"",K,#,K,"",final
696.9299759408198,1806.5068437157142,2454.445358122935,3.2308298885692004,3.754855880751742,4.198722592204034,4794.871794871795,0.0017525805336130527,235.77884916553288,0.17900000000000002,0.8774509803921569,0-0-250-2,eyF,UT_014,intvr,1,fave,167.15234191916073,39.602149623151085,5,okay,1,0.17999299999999607,"","",K,#,K,"",final
627.942063747383,1646.3332022497905,2204.700941065045,3.0106805720729652,3.5145924443149488,4.003590807495545,4615.384615384615,0.002221947934303941,411.69954383446714,0.139,0.6813725490196079,0-0-361-2,eyF,UT_014,intvr,1,fave,103.23627279448013,37.84413144902147,5,okay,1,0.1800230000000056,"","",K,#,K,"",final
596.4864663140655,1502.4405445451364,2373.272704455971,3.3486824471299506,4.078052704093068,4.0613536202681715,4615.384615384615,0.00047217061948547323,420.5965554965986,0.07300000000000001,0.7019230769230771,0-0-372-2,eyF,UT_014,intvr,1,fave,149.99076518083956,40.38926324255842,5,okay,1,0.07998699999996006,"","",K,#,K,"",final
631.4573239436763,1457.7715770750965,2232.5571938615194,3.281361190568452,3.6726666305464146,3.897048823051955,5512.820512820513,0.0009642446053461,423.0151411655329,0.07300000000000001,0.6403508771929826,0-0-374-2,eyF,UT_014,intvr,1,fave,NaN,41.615048796392976,5,okay,1,0.08999600000004193,"","",K,#,K,"",final
424.3506853465281,1864.2029914316713,2628.672757601398,2.7656588594011526,3.811418500538167,4.330509682932244,5692.3076923076915,0.0037218499434727,531.1416571655328,0.067,0.3284313725490196,0-0-462-1,eyF,UT_014,intvr,1,fave,386.40314229256256,39.74168662642054,5,say,1,0.17999300000008134,you,"",S,#,S,"",final
604.8759172692171,1541.9180897438864,2547.3896900554455,2.7478381176516593,3.978154065983401,4.209404375823318,5512.820512820513,0.0029313573764286377,600.4893295034013,0.08300000000000002,0.4510869565217393,0-0-538-2,eyF,UT_014,intvr,1,fave,561.2185628977693,44.632190362538275,5,okay,1,0.160033999999996,"","",K,#,K,"",final
598.8988284485497,1602.849730500862,2250.3668708968235,2.8214242918782486,4.106992456231152,4.117615008500225,5333.333333333333,0.0007342032930090715,612.2584228344671,0.093,0.6038961038961039,0-0-550-2,eyF,UT_014,intvr,1,fave,578.4059214042904,43.94039032638668,5,okay,1,0.13000499999998283,"","",K,#,K,"",final
584.7685987164066,1674.603242460317,2332.847366749797,2.910179577358278,4.134303828941757,4.4572938573236875,5692.3076923076915,0.0031667939740468564,686.1134408344672,0.091,0.3888888888888889,0-0-618-2,eyF,UT_014,intvr,1,fave,218.1132287138526,41.31955250703026,5,okay,1,0.21002199999998084,"","",K,#,K,"",final
437.941822595841,1958.8101787963064,2732.3119728016227,3.090339125184098,3.853847494366456,3.97558736203463,5333.333333333333,0.0024365699310324395,732.8942371723356,0.119,0.826388888888889,0-0-653-1,eyF,UT_014,intvr,1,fave,154.0766342973631,41.60199055849484,5,say,1,0.12005599999997685,you,would,S,#,S,W,final
568.7607544093645,1432.8634305401251,2426.389232841135,2.773291098336721,4.059861426779278,4.527632515360092,5512.820512820513,0.0015889030029661239,765.305461165533,0.07100000000000001,0.5298507462686568,0-0-682-2,eyF,UT_014,intvr,1,fave,547.3650495000103,40.03835639850266,5,okay,1,0.1099859999999353,"","",K,#,K,"",final
452.31934589789887,2327.2755936262124,3139.9700674383967,3.0721557811170683,3.8165929217124615,4.197107023344901,6230.7692307692305,0.035694334071028705,883.4872341655328,0.025,0.032722513089005235,0-0-832-0,eyF,UT_014,intvr,1,fave,179.7442923488036,38.939036722997415,5,a,1,0.7399910000000318,doing,"",#,#,NG,"",coextensive
621.7975949106858,1714.909726293418,2416.7721216470113,3.0866418463918746,3.4109169529149135,4.23315101329586,5333.333333333333,0.000670324646160742,906.586668165533,0.10899999999999999,0.8134328358208955,0-0-896-1,eyF,UT_014,intvr,1,fave,570.4465853449933,47.145864127385636,5,kay,1,0.1099859999999353,"","",K,#,K,"",final
573.0468007463949,1586.9323980228567,2242.7266710599793,2.891477680962448,3.566076898208178,4.256690329077092,5512.820512820513,0.002832856210655101,917.4734828344672,0.07500000000000001,0.5208333333333335,0-0-935-2,eyF,UT_014,intvr,1,fave,7376.838614932292,38.720448668077154,5,okay,1,0.11999500000001717,it,"",K,#,K,"",final
364.12649868357795,1672.3688063107936,2334.7324676617245,2.7089989713767575,3.488102099945879,3.407153069500697,4076.923076923077,0.00018529094450451926,2.4337471655328797,0.027000000000000003,0.32142857142857145,0-0-5-1,uw,UT_014,intvr,1,fave,177.13551039537174,43.87047565853819,5,you,1,0.06000000000000005,thank,so,Y,#,Y,S,final
372.32014807088956,1337.3828067103595,2062.2700741959734,3.5465685994270615,4.0544849573613,3.8482013876406027,4974.358974358975,0.0010456740156775453,13.65774716553288,0.035,0.3365384615384616,0-0-40-6,uw,UT_014,intvr,1,fave,159.1684222180093,37.46855504387509,5,interview,2,0.08000000000000007,"","",Y,#,Y,"",final
382.33257536981097,1534.3694596668772,2278.9109461158787,2.2146643779002884,3.7165487121052703,3.842661542036934,5153.846153846154,0.00045458590362736567,16.457748165532877,0.035,0.33653846153846156,0-0-51-1,uw,UT_014,intvr,1,fave,96.58557324892222,41.35815641068238,5,you,1,0.07999900000000082,ask,about,Y,#,Y,@,final
335.61233474664175,1834.9284156255808,2639.3640242237657,2.792226251084416,3.1317020143453376,4.69064095211677,6769.2307692307695,0.000020528075685469292,25.69274716553288,0.025,0.33783783783783783,0-0-79-1,uw,UT_014,intvr,1,fave,102.40819013403453,45.371320947599216,5,you,1,0.05000000000000071,that,really,Y,#,Y,R,final
390.63181922634067,1548.1490039825937,2352.504966618394,3.422470094851343,3.845886916499716,3.904013131814324,4615.384615384615,0.00007942134093293504,55.207450834467124,0.025,0.33783783783783783,0-0-153-1,uw,UT_014,intvr,1,fave,185.8299680771992,38.31701618356172,5,you,1,0.05000299999999669,would,consider,Y,#,Y,K,final
386.31632123215405,2194.53541307894,3311.261450644612,2.778674882677366,4.509172001905199,4.832011406825353,7128.205128205128,0.005615426861159312,70.78645083446712,0.055,0.3353658536585366,0-0-162-1,uw,UT_014,intvr,1,fave,172.16900312046374,48.56697123412418,5,you,1,0.1399990000000031,can,tell,Y,#,Y,T,final
443.1673220633396,1176.1720143886537,1934.1437914522157,2.7041384946831166,4.075411293824743,4.486105321035643,3717.948717948718,0.0622259665419658,169.1978548344671,0.155,0.334051724137931,0-0-230-1,uw,UT_014,intvr,1,fave,227.13213018860768,40.96307858387438,5,you,1,0.4400019999999927,can,"",Y,#,Y,"",final
434.7900851533812,2137.4484853881213,3450.334295442785,2.980635580139253,4.248941411816169,4.8610455193363675,7128.205128205128,0.00015216402916308955,171.31384783446714,0.027000000000000003,0.32142857142857145,0-0-238-4,uw,UT_014,intvr,1,fave,94.26919079414444,40.486187785239025,5,schedule,0,0.0600120000000004,daily,"",JH,L,JH,L,internal
303.8771190447107,1738.4691032550534,2435.17340180802,3.4993753987976337,4.471852581463936,4.608492178022328,5512.820512820513,0.017157177298720454,270.2670611655329,0.17700000000000002,0.3314606741573034,0-0-282-1,uw,UT_014,intvr,1,fave,167.07898279007122,34.884714298001775,5,you,1,0.5099789999999871,did,"",Y,#,Y,"",final
326.2756101099239,1461.1151308743474,2243.5841534071496,3.254919329697316,4.47678922205808,3.9742008667576987,4256.410256410256,0.010866217927344133,332.7777478344671,0.065,0.3350515463917526,0-0-324-1,uw,UT_014,intvr,1,fave,113.62927104700735,34.78875007628186,5,you,1,0.17001399999998057,can,"",Y,#,Y,"",final
372.3385265290668,1954.8094574743116,2399.4764419348044,2.9858828200644187,3.658344501294802,4.299046212560714,5512.820512820513,0.00022190331579240294,405.1635638344671,0.027000000000000003,0.32142857142857145,0-0-351-1,uw,UT_014,intvr,1,fave,116.88644050982823,42.82574269713706,5,you've,1,0.05999700000000985,so,been,Y,V,Y,V,internal
614.8832572481388,1257.7259555318115,2163.1566761256213,3.4528972803457068,3.998330115293525,4.073972233674614,3897.4358974358975,0.008075766174594509,429.4241598344671,0.051000000000000004,0.3311688311688312,0-0-384-1,uw,UT_014,intvr,1,fave,-15693018.784771783,37.77688949973152,5,you,1,0.13000499999998283,"","",Y,#,Y,"",final
408.28367818056444,1065.7332194008225,2560.4972376442847,2.4846082753035543,4.0419523503250865,4.569494295491624,4974.358974358975,0.0007055353110805737,454.0802554965986,0.031,0.32978723404255317,0-0-406-1,uw,UT_014,intvr,1,fave,397.70511475940197,47.414261187782884,5,cool,1,0.06997700000005125,really,"",K,L,K,L,internal
369.2227589121539,1053.794135981047,1707.6873673784544,3.442449509343975,3.826125310471764,4.123708853592473,4256.410256410256,0.09121469729496706,458.73134683446716,0.095,0.33450704225352107,0-0-414-1,uw,UT_014,intvr,1,fave,270.47296361640383,38.78397329910473,5,you,1,0.26000999999996566,do,have,Y,#,Y,HH,final
311.0053698044457,1762.8676327454687,2318.4478437813214,2.5635875902829306,4.064621582300338,3.5360039529557463,5333.333333333333,0.0002892138068819026,460.91934783446715,0.031,0.32978723404255317,0-0-421-1,uw,UT_014,intvr,1,fave,99.82657585228837,40.95657646640302,5,utah,1,0.07000700000003235,in,"",Y,T,Y,T,internal
333.4056012854509,1225.8175787240466,2253.4288434119403,3.4225542390103105,4.319409305523406,4.258672582720789,4794.871794871795,0.01553715711219399,566.4486664965987,0.125,0.33422459893048123,0-0-499-1,uw,UT_014,intvr,1,fave,99.13383768253888,35.126298756897654,5,you,1,0.34997599999996964,think,"",Y,#,Y,"",final
308.7496437786656,1347.16269725445,2285.01846501378,2.549959354738553,4.466604256638656,4.298692123285263,4615.384615384615,0.013115048734668308,583.8508521655328,0.085,0.3346456692913386,0-0-520-1,uw,UT_014,intvr,1,fave,149.60959566858546,36.46818829739702,5,you,1,0.22998100000006616,that,"",Y,#,Y,"",final
381.9754232177812,1563.4112576473763,2164.109731533114,3.279187961391801,4.195875595643875,3.6836835645795585,4076.923076923077,0.00019229217921511345,588.5638488344671,0.031,0.32978723404255317,0-0-533-1,uw,UT_014,intvr,1,fave,110.73992226478379,38.5187151377488,5,you,1,0.07000700000003235,that,really,Y,#,Y,R,final
437.01418673751454,1569.2923803503356,2428.772687392123,2.23122576544916,3.629624295464498,3.5754969995309196,4974.358974358975,0.0000993880790106444,608.2424391723357,0.025,0.33783783783783783,0-0-544-1,uw,UT_014,intvr,1,fave,439.22075930789254,49.362171289349384,5,you,1,0.0500489999999445,do,like,Y,#,Y,L,final
440.1346388970651,1033.8460721189597,2468.3632438678405,1.8104440553962633,2.4663960321571996,4.359695916032312,5692.3076923076915,0.000024253551571878774,640.9991658344671,0.027000000000000003,0.32142857142857145,0-0-563-1,uw,UT_014,intvr,1,fave,144.35051515875475,47.90434511207728,5,cool,1,0.059996999999953005,really,"",K,L,K,L,internal
369.63045953749383,2246.2716711215076,3253.8287676076393,3.4599202545737127,3.902645494070264,4.79982673838255,7307.692307692308,0.003744630881652478,642.8141528344671,0.057,0.32758620689655177,0-0-568-1,uw,UT_014,intvr,1,fave,109.7727208922579,40.975926960417524,5,you,1,0.15002500000002783,got,"",Y,#,Y,"",final
313.98932231184676,2212.1740927087126,3283.3946498640266,3.9747307732633144,4.525221502957512,4.961786351554264,7307.692307692308,0.013482136659442208,676.2753488344671,0.07899999999999999,0.3376068376068376,0-0-591-1,uw,UT_014,intvr,1,fave,136.6072755844118,36.32076221804574,5,you,1,0.21002199999998084,when,"",Y,#,Y,"",final
327.0498006887478,2104.550050228767,2969.264698977677,3.3873777919990737,4.062541752690467,4.728473306349872,6589.74358974359,0.00843665391069164,678.0793501655329,0.047,0.3263888888888889,0-0-601-1,uw,UT_014,intvr,1,fave,141.36670859052117,38.6603270391985,5,you,1,0.11999500000001717,said,"",Y,#,Y,"",final
349.2900620936661,2124.8707422813145,2932.235111937534,3.6087904158074084,4.5305106484685815,4.802588060717257,6051.282051282051,0.01694811646732841,735.9902308344672,0.051000000000000004,0.3311688311688312,0-0-664-1,uw,UT_014,intvr,1,fave,86.25215174437584,33.91040388290805,5,you,1,0.13000399999998535,that,"",Y,#,Y,"",final
380.8785016412824,1045.6345966011506,2769.247104868535,2.8622028637884913,4.373287034780161,4.613290315810449,5512.820512820513,0.0009332839006764778,773.6898388344672,0.027000000000000003,0.32142857142857145,0-0-690-1,uw,UT_014,intvr,1,fave,165.40828255833844,43.42166576989059,5,cool,1,0.05999799999995048,really,"",K,L,K,L,internal
410.93992223705686,1652.6645267933832,2580.9859604905278,3.3233966076640185,4.389386535131563,3.805797522915921,5153.846153846154,0.0000452507028253071,892.6572341723356,0.025,0.33783783783783783,0-0-852-1,uw,UT_014,intvr,1,fave,131.53657127738276,37.49931547225277,5,you,1,0.050049000000058186,when,read,Y,#,Y,R,final
422.1820541925967,1516.083886876107,2398.073838452596,2.8821893775609273,3.96422657624676,3.8554398263003447,4076.923076923077,0.0007463624135514434,907.8994351723355,0.047,0.3263888888888889,0-0-900-1,uw,UT_014,intvr,1,fave,146.90164659703714,46.5943523805167,5,you,1,0.12005699999997432,if,feel,Y,#,Y,F,final
420.0751603243059,2580.3440864626473,3845.0842713837637,3.7327036545454466,4.722607286440593,4.476427147898254,9282.051282051281,0.028597007334540847,908.8554645034014,0.13899999999999998,0.3357487922705313,0-0-904-1,uw,UT_014,intvr,1,fave,151.09597543030694,42.9844470840233,5,you,1,0.390013999999951,"","",Y,#,Y,"",final
400.58332637361224,2052.1130730214722,3149.2582160077404,3.5207779018019068,4.141106112953268,4.685993818959815,5692.3076923076915,0.002914515059918839,1088.9120228276645,0.035,0.3365384615384616,0-0-944-1,uw,UT_014,intvr,1,fave,386.96676009584695,36.758787331137896,5,you,1,0.07995599999981096,thank,"",Y,#,Y,"",final
432.4155136345185,1223.4643968969156,1838.8184158692877,3.2023443660744886,4.254131529467985,3.523052508879692,4256.410256410256,0.0005863416497165011,2.63374716553288,0.027000000000000003,0.23684210526315794,0-0-6-1,owF,UT_014,intvr,1,fave,304.7356914046211,45.366222835926436,5,so,1,0.08999999999999986,you,much,S,#,S,M,final
585.2609136079274,1501.5309185006408,2507.366362088551,3.0225778441978917,3.9499785585380347,4.208839464677033,4974.358974358975,0.006304834557367441,39.84574716553288,0.067,0.32843137254901966,0-0-119-1,owF,UT_014,intvr,1,fave,253.82517272034738,39.33185941544577,5,go,1,0.1800010000000043,to,"",G,#,G,"",final
426.48212946078326,1253.2596126434912,2642.750926898404,2.226173746129976,3.5902916339815207,4.295211293921797,5153.846153846154,0.0004967334890701963,42.58195183446712,0.025,0.21929824561403513,0-0-123-1,owF,UT_014,intvr,1,fave,270.8293745809816,48.56995917837826,5,so,1,0.09000000000000341,"",to,S,#,S,T,final
500.15453024202515,1172.5436150461073,2213.8683588393997,2.881286427028632,3.8955733592744664,4.3612573435762965,4435.897435897436,0.0009872083478272029,236.9538491655329,0.029,0.30851063829787234,0-0-255-1,owF,UT_014,intvr,1,fave,130.66541133823446,37.584544748613965,5,so,1,0.06999200000001338,you,much,S,#,S,M,final
413.80079855454534,986.8244910634426,2550.1838963004457,2.9844580889802463,3.399755102025528,4.261676190089676,5333.333333333333,0.012529065795042562,239.06384716553288,0.129,0.454225352112676,0-0-258-1,owF,UT_014,intvr,1,fave,196.66806327199595,52.674794789830194,5,so,1,0.25999400000000605,"","",S,#,S,"",final
429.2725130284439,1188.0476821844836,2563.4097988860894,1.6708467860213982,2.4749055941419393,3.794917820571217,4794.871794871795,0.00001811804888201311,405.01254450340133,0.025,0.33783783783783783,0-0-350-1,owF,UT_014,intvr,1,fave,410.5421936599616,51.64481494170316,5,so,1,0.05001900000002024,"",you've,S,#,S,Y,final
519.566580775321,1438.2695810245352,2505.4358137299264,2.8279856523432243,3.6231846462831285,3.896760786156751,4794.871794871795,0.0008411983484724035,429.6981431655329,0.059000000000000004,0.3390804597701149,0-0-386-1,owF,UT_014,intvr,1,fave,322.3690821256439,46.1063456633801,5,know,1,0.14999400000004925,"","",N,#,N,"",final
472.22082028880294,1068.4268356057764,1850.8843319508073,2.857955943749297,4.099139537735418,4.281615223843339,4256.410256410256,0.001895936585329866,566.8706288344671,0.069,0.42073170731707327,0-0-501-1,owF,UT_014,intvr,1,fave,462.5337796173233,42.265954462287155,5,go,1,0.14001500000006217,"",back,G,#,G,B,final
418.40090315831645,1081.4461518549092,2210.0353392080215,2.9724989010023712,3.5079063268830857,4.225358205242731,4076.923076923077,0.008924481047649318,581.9508628344671,0.025,0.0946969696969697,0-0-515-1,owF,UT_014,intvr,1,fave,174.48107289577422,43.64760949773284,5,so,1,0.23999099999991813,"","",S,#,S,"",final
551.7238092463313,1312.2683692872108,2530.196632689293,2.822595796907054,4.233057291555056,4.096945284562839,5153.846153846154,0.0005428494824056412,786.3089335034015,0.033,0.26612903225806456,0-0-724-1,owF,UT_014,intvr,1,fave,237.68141995229888,40.60582581198768,5,know,1,0.10003699999992932,you,like,N,#,N,L,final
578.3779020048444,1308.9592131666,2347.438674139734,2.652603457208616,3.859158774685393,4.388439283173638,5153.846153846154,0.0004596203377544767,858.0133258344672,0.027000000000000003,0.2872340425531915,0-0-774-1,owF,UT_014,intvr,1,fave,572.1132984862757,36.46523888581801,5,know,1,0.07000699999991866,you,if,N,#,N,i,final
569.641321226956,1381.7880272279922,2219.34403265507,3.586732796190127,3.9808577357015635,4.215998518174807,4076.923076923077,0.024246920909467583,859.8233228344671,0.027000000000000003,0.15517241379310348,0-0-788-1,owF,UT_014,intvr,1,fave,521.2040614613322,31.58405115827946,5,know,1,0.15002500000002783,you,"",N,#,N,"",final
558.5100431739248,1208.780740093728,2791.0167210668164,2.9075938159655355,3.6549849647156236,4.340204759787955,4974.358974358975,0.00015565769033448567,873.9310325034013,0.025,0.33783783783783783,0-0-800-1,owF,UT_014,intvr,1,fave,201.68318155456984,45.42442851818587,5,no,1,0.050049000000058186,"",that,N,#,N,DH,final
500.09857552821626,1020.317515328844,2457.0860038933774,3.3478340733846514,4.1336546202175155,4.271983469670328,4974.358974358975,0.0001547881716172363,876.7410351723356,0.025,0.2976190476190476,0-0-810-1,owF,UT_014,intvr,1,fave,146.90721826582833,41.125164061319566,5,so,1,0.06005900000002384,you,much,S,#,S,M,final
358.84161159794803,620.6356288830907,1199.1173153475002,2.9849583454881707,3.353375953682576,3.785199171203479,3179.4871794871797,0.003182977233505034,879.0322498344672,0.095,0.4439252336448598,0-0-818-1,owF,UT_014,intvr,1,fave,157.6813990686969,41.30575986604947,5,so,1,0.1900029999999333,"","",S,#,S,"",final
436.6743258893372,961.6872061146313,2315.455178079832,2.564488734242381,3.1915445400537763,3.9726189714435924,4794.871794871795,0.00007063543331328246,893.6292548344671,0.029,0.34523809523809523,0-0-857-1,owF,UT_014,intvr,1,fave,85.2775467772162,45.75628937658318,5,go,1,0.05999799999995048,just,ahead,G,#,G,@,final
438.38060785904315,1069.890889941188,2435.3695089002904,3.6488829254873276,4.270720804445637,4.711931708267678,5512.820512820513,0.04175104427083565,898.4492681655328,0.129,0.29054054054054057,0-0-871-1,owF,UT_014,intvr,1,fave,261.084489207271,39.417654861979564,5,no,1,0.419983000000002,"","",N,#,N,"",final
509.61352367277374,1151.403305954937,2399.186236576678,2.5879224804005547,3.4268715058027914,3.950921027182101,4435.897435897436,0.0396417001433767,902.4446518344672,0.245,0.47665369649805445,0-0-888-2,owF,UT_014,intvr,1,fave,206.51967760470507,46.76910312121785,5,slow,1,0.48999099999991813,too,"",L,#,L,"",final
481.2570238357722,1093.3947778031757,2413.3564770284884,3.561155782831135,3.906159175819524,4.53758186609367,4974.358974358975,0.004840556569078859,2.7837471655328794,0.047,0.3263888888888889,0-0-7-1,ʌ,UT_014,intvr,1,fave,143.39696699207425,41.747811882838604,5,much,1,0.1200000000000001,so,"",M,CH,M,CH,internal
541.7243378736824,1533.0562019433476,2761.8076481571898,2.5910662384745473,3.5012124915111924,4.130036371692391,4974.358974358975,0.0005248241239745237,5.64774716553288,0.035,0.3365384615384616,0-0-15-2,ʌ,UT_014,intvr,1,fave,167.9001552044246,45.134390168263316,5,study,1,0.08000000000000007,this,"",T,D,T,D,internal
561.7523052628248,1433.3705652008048,2666.3332579754488,2.358242443819732,3.696969723228759,3.763924171148261,4974.358974358975,0.0005761707610320079,9.212747165532878,0.045,0.3358208955223881,0-0-28-2,ʌ,UT_014,intvr,1,fave,550.4034224588507,43.65666322279375,5,study,1,0.11000000000000121,the,"",T,D,T,D,internal
578.5460928572816,991.3978559999136,2179.8542809258583,3.302346384835696,3.3477480891025087,4.2720649433449,4974.358974358975,5.4394117679648755e-6,27.85474616553288,0.025,0.33783783783783783,0-0-84-1,ʌ,UT_014,intvr,1,fave,122.97976655685316,42.5606968195932,5,once,1,0.050000999999998186,"",we're,W,N,W,N,internal
524.6347772635501,1317.994719044196,2624.9263026379695,2.796873554292312,3.202985441235603,4.287323301013317,4794.871794871795,0.000478241684435775,28.159747165532877,0.035,0.33653846153846156,0-0-86-1,ʌ,UT_014,intvr,1,fave,272.37618401397225,45.435687083020696,5,done,1,0.08000000000000185,we're,with,D,N,D,N,internal
621.0480345306016,1268.5638849517327,2549.348719806344,2.6191218848316833,3.492555932047426,3.694309989505221,4974.358974358975,0.003321951851125935,46.80494816553288,0.091,0.3321167883211679,0-0-136-0,ʌ,UT_014,intvr,1,fave,295.82038453161056,45.71574270054437,5,of,1,0.25,out,all,#,V,T,V,initial
558.1248162551085,1141.2804478664502,2659.626093311646,3.6229729559055683,3.2292874928926203,4.110305051269747,5153.846153846154,0.004264917897647583,243.69786083446715,0.037,0.32456140350877194,0-0-267-2,ʌ,UT_014,intvr,1,fave,NaN,46.79118644506641,5,what,1,0.08999599999998509,"",is,W,T,W,T,internal
565.3587338463343,1141.973065073446,2258.5352805905736,3.5197869394993595,3.6123045516442267,4.139088504601087,4974.358974358975,0.00011763421480161307,244.27284683446715,0.027000000000000003,0.32142857142857145,0-0-269-1,ʌ,UT_014,intvr,1,fave,140.2587734503911,43.06759621842673,5,something,1,0.060012999999997874,is,that,S,M,S,M,internal
563.2503259544745,1231.13714930687,2500.4831820292743,2.501800697448885,3.5159043481264907,3.647658203310037,4974.358974358975,0.0017011221984187055,245.7198551655329,0.08100000000000002,0.3319672131147542,0-0-274-0,ʌ,UT_014,intvr,1,fave,396.07140036440455,39.642725841423655,5,of,1,0.21998599999997737,proud,accomplishing,#,V,D,V,initial
456.1220946668511,1009.90174146519,2772.858926395722,2.999300366091864,3.5918366388282195,3.54644485337943,4974.358974358975,0.00024967043554585385,317.74824416553287,0.027000000000000003,0.32142857142857145,0-0-299-1,ʌ,UT_014,intvr,1,fave,158.47801213690798,47.13780099680134,5,what's,1,0.05999800000000732,"",something,W,T,W,T,internal
500.9536275559239,975.3014313472152,2168.489699536563,3.5501152772281563,3.7601606877377916,4.2622601338936095,4435.897435897436,0.001339487436079743,318.1322491655329,0.035,0.3365384615384616,0-0-300-1,ʌ,UT_014,intvr,1,fave,174.1640964692064,42.60943627948176,5,something,1,0.07998699999996006,what's,"",S,M,S,M,internal
603.2972927464805,1160.9397089533866,2311.371383905975,2.5690797108057635,2.9513493091980934,3.804717785649172,4974.358974358975,0.0002961213128172946,392.61503783446716,0.045,0.3358208955223881,0-0-344-1,ʌ,UT_014,intvr,1,fave,97.60040562693825,43.25678301845587,5,rough,1,0.11001599999997325,been,"",R,F,R,F,internal
472.2261683452213,1065.4467663033342,2404.657688011238,2.49996043707908,3.47486623195885,3.7924003703743994,4974.358974358975,0.0007075849595598914,462.6593378344671,0.031,0.32978723404255317,0-0-424-1,ʌ,UT_014,intvr,1,fave,108.91101349881173,50.255923362926566,5,what,1,0.07000800000002982,and,is,W,T,W,T,internal
472.09109028562443,982.4029915626047,2475.997560400488,2.62503072390587,2.521235114249847,4.119518840144599,4974.358974358975,0.00022662137749460617,530.1436714965987,0.031,0.32978723404255317,0-0-458-2,ʌ,UT_014,intvr,1,fave,493.896537143601,51.338362736958985,5,what,1,0.06994599999995899,"",would,W,T,W,T,internal
477.0708332007585,1193.4375746696485,2387.8738127146166,2.963473770359314,3.481296773836553,4.363736588677509,4974.358974358975,0.00037147617561513905,583.0618431655329,0.027000000000000003,0.32142857142857145,0-0-517-2,ʌ,UT_014,intvr,1,fave,448.1411487563336,47.04195016830111,5,what's,1,0.05999700000006669,"",something,W,T,W,T,internal
639.4010143579069,1523.1500082567238,2496.0717864640283,3.585261343754413,3.9568247527968325,4.227787390303015,5333.333333333333,0.004786265957216684,608.8304505034014,0.04100000000000001,0.3306451612903227,0-0-548-1,ʌ,UT_014,intvr,1,fave,247.10091691221697,44.826060978044495,5,much,1,0.10003699999992932,so,"",M,CH,M,CH,internal
584.4944176951406,1273.9248195141645,2641.350264953309,2.9759073135038587,3.72784097319652,4.490984540356349,5333.333333333333,0.0037823525715720385,618.1184501655329,0.045,0.3358208955223881,0-0-552-0,ʌ,UT_014,intvr,1,fave,194.31250950943786,42.82166577926779,5,uh,1,0.10998500000005151,"",huh,#,#,"",HH,coextensive
562.1920591355859,1215.1256006502356,2275.4625821324794,3.4523514372479718,3.8586783755490712,4.524386125508688,4974.358974358975,0.002641213202664291,618.298443165533,0.045,0.3358208955223881,0-0-553-1,ʌ,UT_014,intvr,1,fave,107.45792068556169,43.68178560036223,5,huh,1,0.10998499999993783,uh,"",HH,#,HH,"",final
611.2931758547718,1220.9061506480098,2557.746217752479,3.0057814530524474,3.436842012745367,4.767545456556538,5153.846153846154,0.003490101348952253,638.5319695034013,0.055,0.3353658536585366,0-0-558-0,ʌ,UT_014,intvr,1,fave,137.09801823045308,42.44971786111277,5,uh,1,0.1400149999999485,"",huh,#,#,"",HH,coextensive
592.8256450972751,1177.7922978658999,2180.260669893709,3.7392348181060915,3.6214428228694358,4.466635196102048,4974.358974358975,0.0015350258279128854,638.7029454965987,0.037,0.32456140350877194,0-0-559-1,ʌ,UT_014,intvr,1,fave,98.66285932200137,38.61432409892281,5,huh,1,0.08996600000000399,uh,"",HH,#,HH,"",final
612.520374150491,1414.5280431918336,2495.762745515779,3.4450795531713334,3.4992417627954753,4.208494431167603,5153.846153846154,0.005219112104298232,701.4857544965987,0.045,0.3358208955223881,0-0-633-0,ʌ,UT_014,intvr,1,fave,225.09672925904187,40.64883205722095,5,uh,1,0.10998499999993783,"",huh,#,#,"",HH,coextensive
586.8605530364475,1292.8404948976354,2480.8250860520975,3.2382059209364527,3.478610164128719,4.300378410897486,5153.846153846154,0.0027976041706054477,701.6507445034013,0.055,0.3353658536585366,0-0-634-1,ʌ,UT_014,intvr,1,fave,103.3227980496529,41.729873195584254,5,huh,1,0.1400140000000647,uh,"",HH,#,HH,"",final
535.3981392912909,1223.096596327161,2435.995901124619,3.146167796279693,3.5868644083563073,4.495453116324689,4794.871794871795,0.0006031140339216898,729.4171498276644,0.035,0.33653846153846156,0-0-644-2,ʌ,UT_014,intvr,1,fave,88.99921813224886,37.566069582849764,5,stuff,1,0.07995600000003833,that,"",T,F,T,F,internal
441.04519095947103,1074.0154850361175,2431.1374479058472,2.183110831640847,3.0239320728097616,3.7246741807454153,4974.358974358975,0.00011095476004269051,761.0894658276644,0.031,0.32978723404255317,0-0-677-1,ʌ,UT_014,intvr,1,fave,418.2908621328556,47.78355959522958,5,what,1,0.06994700000007015,"",car,W,T,W,T,internal
480.5934000951892,1127.2847627389674,2360.7089686208888,3.1981153961211484,3.6279523308911634,4.083659031964839,4974.358974358975,0.00002381056080137322,775.6149315034013,0.025,0.33783783783783783,0-0-696-1,ʌ,UT_014,intvr,1,fave,176.22226623914028,51.35718128776176,5,what,1,0.050049000000058186,so,do,W,T,W,T,internal
584.1093515957189,1325.5165540376347,2181.3058529434084,2.828323288602463,3.6027484058523376,4.115502886415526,4974.358974358975,0.00018082593046614298,783.7979628276645,0.031,0.32978723404255317,0-0-718-1,ʌ,UT_014,intvr,1,fave,96.6587343066057,41.36345092534007,5,comes,1,0.06994599999995899,it,to,K,M,K,M,internal
600.9703845601888,1104.8605750076194,2382.465804306405,3.3783839629669896,4.079149697217456,3.8203134855138825,4974.358974358975,0.0003246402633928027,910.2634694965986,0.035,0.33653846153846156,0-0-907-2,ʌ,UT_014,intvr,1,fave,128.9601170184957,47.20062285478865,5,stumbling,1,0.07995600000003833,are,over,T,M,T,M,internal
522.318009787612,1111.1260192096177,1642.700757270571,2.5670178556238543,3.597420816933006,3.9259577530287157,4974.358974358975,0.00011290339954491899,913.7814331655329,0.031,0.32978723404255317,0-0-917-3,ʌ,UT_014,intvr,1,fave,109.1177469390673,49.550734802285525,5,struggling,1,0.07000700000003235,you're,with,R,G,R,G,internal
427.1124901059316,739.0548037234823,1841.2776462402635,1.8130173191069119,3.484070152354026,3.6164945629165426,4256.410256410256,0.00004572919264786481,3.3937471655328797,0.027000000000000003,0.32142857142857145,0-0-9-1,owr,UT_014,intvr,1,fave,137.5891810949876,50.07433816269857,5,for,1,0.06000000000000005,"",agreeing,F,R,F,R,internal
591.381679406872,1446.8981322173825,2559.644316019596,3.053383828342822,3.5909759280207716,3.5692501640361,4794.871794871795,0.00040332857684184295,12.647747165532879,0.075,0.33482142857142855,0-0-37-1,owr,UT_014,intvr,1,fave,102.28848944481084,42.23114814833601,5,short,1,0.20000000000000107,"",form,SH,R,SH,R,internal
461.00704539546456,773.3873365948361,2013.361402542659,2.344056194081434,3.5157967774075236,3.779178210660489,4435.897435897436,0.0025978364420857943,25.04574716553288,0.051000000000000004,0.3311688311688312,0-0-76-0,owr,UT_014,intvr,1,fave,222.03946783074713,42.65164141137629,5,or,1,0.129999999999999,"",something,#,R,"",R,initial
615.8338620879528,1480.2100524279963,2440.8808784529897,3.1508090842049774,4.2762363256138425,4.225988978002909,5153.846153846154,0.0021802007202829307,159.37934983446712,0.040999999999999995,0.33064516129032256,0-0-221-1,owr,UT_014,intvr,1,fave,136.42215819207328,46.356235367447944,5,four,1,0.10000600000000759,"",years,F,R,F,R,internal
417.22669620373114,1282.7786363427213,2155.698913119338,2.571925769317423,3.6625368730509886,3.3907226973833575,4076.923076923077,0.0002706693660092705,323.8302554965986,0.031,0.32978723404255317,0-0-308-0,owr,UT_014,intvr,1,fave,103.39980944902398,38.48833582550796,5,or,1,0.06997700000005125,recently,"",#,R,iyF,R,initial
490.47000502070676,1190.017313894691,2057.149191795853,3.43191027532525,3.3838867281601317,4.150509336177802,4794.871794871795,0.000321461797618612,587.8118431655329,0.027000000000000003,0.32142857142857145,0-0-530-0,owr,UT_014,intvr,1,fave,NaN,33.55668011589066,5,or,1,0.05999700000006669,in,something,#,R,N,R,initial
422.04240275433585,900.2532181130866,1959.9563707854625,2.5736560252303056,3.7122742744499146,4.287345601371719,4076.923076923077,0.0018228725587968362,912.9944494965987,0.037000000000000005,0.324561403508772,0-0-914-0,owr,UT_014,intvr,1,fave,362.50122883616825,36.81382227961726,5,or,1,0.0899659999998903,"","",#,R,"",R,initial
461.9393887469717,1360.964071972125,1888.2272586859388,3.107609241557903,3.58552171037103,2.707270915581169,4974.358974358975,0.0000758725533395637,3.5837471655328796,0.027000000000000003,0.32142857142857145,0-0-10-0,@,UT_014,intvr,1,fave,133.91063286122227,38.4107923216445,5,agreeing,0,0.06000000000000005,for,to,#,G,R,G,initial
457.7204855753831,1398.3495793682887,2569.9020379769177,2.6347344823286805,3.453221167032251,3.34457221765744,4615.384615384615,6.540840561017667e-6,10.19274716553288,0.025,0.33783783783783783,0-0-30-1,@,UT_014,intvr,1,fave,478.25440456611835,43.0113239725137,5,the,0,0.05000000000000071,"",first,DH,#,DH,F,final
476.65552349916226,1593.7079383588984,2544.6432314832964,2.1955080194640395,3.2898716379513626,3.912574698847631,4974.358974358975,0.00020074192270984144,11.075747165532881,0.031,0.32978723404255317,0-0-34-0,@,UT_014,intvr,1,fave,459.69199916962737,38.813970924143646,5,a,0,0.07000000000000028,is,[bracketed],#,#,Z,spn,coextensive
526.3445619675246,1407.1831368973894,1941.2913905835815,2.6208735008161224,3.1100251381600064,4.233118591913256,5153.846153846154,0.00020152483342011023,18.74374716553288,0.027000000000000003,0.32142857142857145,0-0-57-3,@,UT_014,intvr,1,fave,137.6696268646608,48.04556183403299,5,narrative,0,0.059999000000001246,personal,"",R,T,R,T,internal
581.2576867157388,1517.7903944312902,2736.497704129607,2.5039625311443166,3.462011578139071,4.399390510595904,5333.333333333333,0.0009528159259060879,21.02874716553288,0.037,0.32456140350877194,0-0-63-0,@,UT_014,intvr,1,fave,318.62266879939324,40.428484221921074,5,and,0,0.08999999999999986,[bracketed],then,#,N,spn,N,initial
460.67352196404175,1560.190116398472,2323.447241626355,3.5855479497334555,3.929865713255427,3.9437277522852248,5512.820512820513,0.0006012555937916305,29.75574816553288,0.027000000000000003,0.32142857142857145,0-0-91-3,@,UT_014,intvr,1,fave,103.1518368593731,42.13120887856983,5,gonna,0,0.059999000000001246,we're,transition,N,#,N,T,final
433.01998678737294,1654.3857092962546,2350.539285189504,3.309251740645401,3.620402425746215,4.035816780077329,4076.923076923077,0.0007529728661775601,30.257748165532877,0.031,0.32978723404255317,0-0-92-7,@,UT_014,intvr,1,fave,101.26458020934531,36.46900137379334,5,transition,0,0.06999900000000281,gonna,into,SH,N,SH,N,internal
448.220378165485,1271.227914512439,2643.202464715552,1.7766176754781817,2.9610223353182716,4.205206944380227,4794.871794871795,0.00004985594176387427,33.36974816553288,0.035,0.33653846153846156,0-0-102-7,@,UT_014,intvr,1,fave,150.6014289887684,50.22332842110705,5,sentences,0,0.07999799999999624,forty,"",S,Z,S,Z,internal
403.7825263484976,1503.890775949076,2584.062678311111,2.3858692861930733,3.5175500387229617,3.600393871932954,4974.358974358975,0.0000795031386058943,42.74195083446712,0.025,0.33783783783783783,0-0-124-1,@,UT_014,intvr,1,fave,382.26547070510986,43.19095578062479,5,to,0,0.05000400000000127,so,start,T,#,T,S,final
438.73864323266633,1543.460423995193,2467.877072779485,2.126862009940884,3.4245378677387013,3.851271716195973,4794.871794871795,0.00011972897833376062,45.30295283446712,0.027000000000000003,0.32142857142857145,0-0-132-4,@,UT_014,intvr,1,fave,437.5648958539856,48.84075655862019,5,hardest,0,0.06000099999999975,the,question,D,S,D,S,internal
524.0859596506851,1508.2910694424615,2415.8429970206307,2.963335678926452,3.5207574948703297,3.8908482791940036,4256.410256410256,0.00015695349754322864,45.806952834467126,0.035,0.3365384615384616,0-0-133-4,@,UT_014,intvr,1,fave,151.81543060669082,43.965689850303875,5,question,0,0.08000200000000035,hardest,"",SH,N,SH,N,internal
423.6680618601998,1554.1717029209958,2665.297829969234,2.3845886353772983,3.673784215557719,3.4659158816928657,5512.820512820513,0.0002298476038742645,72.80444883446712,0.031,0.32978723404255317,0-0-167-1,@,UT_014,intvr,1,fave,328.8827142831432,42.53043540811908,5,the,0,0.0700080000000014,all,cities,DH,#,DH,S,final
527.5506213339087,1449.2102849747348,2344.547234215125,1.9363432247484873,3.6119828572731634,3.791787983883432,4794.871794871795,0.0003192944894169315,74.57645383446712,0.035,0.3365384615384616,0-0-175-0,@,UT_014,intvr,1,fave,523.6133848939301,43.10477160482442,5,approximately,0,0.08000099999999577,and,"",#,P,D,P,initial
536.7819374031086,1509.684487138278,2692.929522462066,2.9669451534339943,3.4130678938495365,4.278602564526264,5153.846153846154,0.00009388111054976192,75.18245383446711,0.027000000000000003,0.32142857142857145,0-0-175-8,@,UT_014,intvr,1,fave,90.94401946959049,35.90413527305183,5,approximately,0,0.05999800000000732,and,"",M,T,M,T,internal
514.2653901472113,1625.45266001199,2477.495864191582,2.649670931089493,3.4408588154874864,3.6575576145921542,4974.358974358975,0.0005473237997802463,146.63725316553288,0.061000000000000006,0.33152173913043487,0-0-193-6,@,UT_014,intvr,1,fave,108.62403590953888,45.614699572230826,5,virginia,0,0.15998899999999594,in,that,Y,#,Y,DH,final
414.9578703965486,1548.5886029643239,1844.4051103333038,2.3701224919270922,3.5035042121069964,3.6183619255056354,4615.384615384615,0.000010391633337211058,156.57134116553289,0.025,0.33783783783783783,0-0-213-3,@,UT_014,intvr,1,fave,414.07652539432627,39.518991641741174,5,syracuse,0,0.050003000000003794,"",that,R,K,R,K,internal
446.0995376392859,1250.7015182916782,2459.8210577689033,2.636194013630761,3.606809994937653,4.220701665586492,4435.897435897436,0.0004508570048124156,157.09234516553286,0.027000000000000003,0.32142857142857145,0-0-215-1,@,UT_014,intvr,1,fave,89.16359256933201,40.02072665707365,5,was,0,0.05999800000000732,that,"",W,Z,W,Z,internal
366.2753619029103,2166.612063675379,3149.5465452184494,3.239631002699183,3.752039805638504,4.6814226209262095,6051.282051282051,0.00011965286693157867,168.85285583446714,0.025,0.33783783783783783,0-0-229-1,@,UT_014,intvr,1,fave,153.21147192294598,39.47280850222239,5,can,0,0.050003000000003794,"",you,K,N,K,N,internal
516.1370076201096,1249.6523075638383,1899.4417260611801,3.5004775605750362,4.442914195830224,4.669589082637347,4615.384615384615,0.00475923658567997,236.41284683446713,0.027000000000000003,0.32142857142857145,0-0-252-2,@,UT_014,intvr,1,fave,504.44038035290123,44.08715730778125,5,awesome,0,0.0600120000000004,"",thank,S,M,S,M,internal
485.23096133115195,1843.0357729143122,3205.842735199511,3.9648086907415965,3.8962608505139773,4.592191808716932,6948.717948717948,0.001194634766437165,240.72685316553287,0.035,0.33653846153846156,0-0-261-5,@,UT_014,intvr,1,fave,129.0590122980879,41.68070644281446,5,question,0,0.0799870000000169,next,"",CH,N,CH,N,internal
463.31075290124267,1744.8431466537168,2638.3703424415003,3.224674629743738,4.366074544662698,4.173683367028741,5692.3076923076915,0.00007729478310905603,244.57284416553287,0.027000000000000003,0.32142857142857145,0-0-270-1,@,UT_014,intvr,1,fave,127.51626846190706,43.10364689237514,5,that,0,0.0599979999999789,something,you're,DH,#,DH,Y,final
498.34827067007075,1626.467938074161,2592.646338131432,3.0320066268203685,4.21544616816912,5.069792512745541,6230.7692307692305,0.006748401180875736,320.40825916553285,0.067,0.3284313725490196,0-0-303-3,@,UT_014,intvr,1,fave,154.0365249459975,39.640033723175726,5,happened,0,0.17999200000002702,that's,"",P,N,P,N,internal
482.53506810340417,1458.8019814005743,2349.83801975422,2.769960812007369,4.061254049369673,4.232754561205336,4615.384615384615,0.00014056003246423502,323.2982378344671,0.027000000000000003,0.32142857142857145,0-0-307-3,@,UT_014,intvr,1,fave,137.01226410040593,38.585624136695664,5,recently,0,0.060027999999988424,either,or,S,N,S,N,internal
568.5615475731398,1216.8828893483847,2279.454683778052,3.252333188518794,3.84520238857895,3.4648843498580275,4794.871794871795,0.008505645158855319,391.81004949659865,0.075,0.33482142857142855,0-0-338-1,@,UT_014,intvr,1,fave,296.01568997856,42.80781324788406,5,that,0,0.19998199999997723,"","",DH,#,DH,"",final
454.3422438126977,1050.2133443158905,2298.7408204891512,2.9773636555870207,3.6368196789872447,4.642479151165651,4256.410256410256,0.0031370121371102873,413.1243598344671,0.04100000000000001,0.3306451612903227,0-0-363-2,@,UT_014,intvr,1,fave,288.28170592556893,40.37620518418957,5,awesome,0,0.10000600000000759,"",and,S,M,S,M,internal
551.2395347701313,1598.2141281751078,2511.9855693265667,3.130746630474709,4.093685785798743,4.523218487135034,5692.3076923076915,0.0021411879705428203,413.32634183446714,0.045,0.3358208955223881,0-0-364-0,@,UT_014,intvr,1,fave,76.44986303421123,34.87672469370597,5,and,0,0.11001600000003009,awesome,is,#,N,M,N,initial
482.8901142285132,1014.9019260720213,2312.7379984616405,3.050597954437531,3.9525481089809014,4.330928189264698,4435.897435897436,0.001210500203525169,424.2258391655329,0.037000000000000005,0.324561403508772,0-0-376-2,@,UT_014,intvr,1,fave,317.1430217063391,35.56078824027978,5,awesome,0,0.0899970000000394,"","",S,M,S,M,internal
485.7432851685601,1371.2072967463753,2506.4997708952183,2.2790453714329666,3.7430382273974394,3.6250096107346215,4794.871794871795,0.0019838140376657043,428.2281488344671,0.119,0.3361581920903954,0-0-382-1,@,UT_014,intvr,1,fave,393.37931995730304,41.40113129206522,5,that,0,0.33001700000005485,cool,"",DH,#,DH,"",final
475.94650859892056,1214.670403897014,2302.784359989652,1.9012515263540082,3.1176992213188113,2.8371196002237022,5153.846153846154,0.0001503461103023699,430.9461531655329,0.035,0.33653846153846156,0-0-393-0,@,UT_014,intvr,1,fave,471.6469483275719,45.02578356389111,5,of,0,0.07998600000001943,leap,faith,#,V,P,V,initial
565.855688357719,1530.906036656088,2732.869045467092,3.24591225685363,3.457700918257156,3.3362188880073496,4974.358974358975,0.00029866779472635777,459.6723478344671,0.037,0.32456140350877194,0-0-417-0,@,UT_014,intvr,1,fave,1920.3453109994527,41.34502059697731,5,a,0,0.08999599999998509,"",favorite,#,#,"",F,coextensive
495.902499536582,1867.7030257106355,2487.2841297013133,3.12472261701358,4.03999867427966,4.322154150586717,4974.358974358975,0.003003328923155535,505.2868418344671,0.065,0.3350515463917526,0-0-438-0,@,UT_014,intvr,1,fave,127.00667971367727,39.99818572282103,5,and,0,0.17001399999998057,"","",#,N,"",N,initial
545.0548670722534,1246.068849075741,1983.531912284894,4.175253374037318,4.464717566501824,3.911970998435853,3538.4615384615386,0.008061352199605985,508.7818404965986,0.035,0.33653846153846156,0-0-448-1,@,UT_014,intvr,1,fave,510.27554417672553,45.0790022839768,5,to,0,0.0799870000000169,down,the,T,#,T,DH,final
480.25969497127863,1290.0853857965203,1981.1269203855547,2.094026374103874,4.166107670950128,4.253467572882091,3717.948717948718,0.0031378351924497474,508.90686216553286,0.065,0.33505154639175255,0-0-449-1,@,UT_014,intvr,1,fave,452.1151362128021,42.260213605446864,5,the,0,0.169983000000002,to,san,DH,#,DH,S,final
373.3225529037606,1249.004735335914,2486.0108909425558,2.267382752425625,3.254896589461455,4.058283715733272,4794.871794871795,7.357619802765263e-6,532.0806351723356,0.025,0.33783783783783783,0-0-466-1,@,UT_014,intvr,1,fave,118.03069059820162,46.810903965980756,5,was,0,0.050049000000058186,"",your,W,Z,W,Z,internal
625.5793220799902,1609.1621146165926,2245.75619238506,3.5254796901367444,3.9160774482037204,4.590536598901355,5153.846153846154,0.0001794690616493464,559.4882341655328,0.027000000000000003,0.32142857142857145,0-0-481-0,@,UT_014,intvr,1,fave,100.62236853384104,38.5876409676776,5,and,0,0.05999800000006417,try,get,#,N,ay,N,initial
464.4754232829922,1033.9160290257341,2064.003631711477,3.083195237073678,4.394812941438856,4.41379719056965,4435.897435897436,0.00028626531155922727,577.1101221655329,0.027000000000000003,0.32142857142857145,0-0-506-2,@,UT_014,intvr,1,fave,91.4091702038976,35.739572553638546,5,awesome,0,0.05999700000006669,"","",S,M,S,M,internal
387.4940312193537,1862.2888206971372,2245.506243049488,3.4886952653547425,4.256178260720817,3.776260809291453,4794.871794871795,0.000017603090334685957,584.6008325034013,0.025,0.33783783783783783,0-0-522-1,@,UT_014,intvr,1,fave,154.63642593982271,41.71706453257083,5,consider,0,0.0500489999999445,"",yourself,K,N,K,N,internal
514.0573318414428,1354.34997898386,2373.1770418456504,2.5754392354862605,3.6959768068680345,3.8422695515397645,4974.358974358975,0.000048234479951937486,643.5881421723357,0.025,0.33783783783783783,0-0-573-1,@,UT_014,intvr,1,fave,88.38778969198817,41.82922698459411,5,the,0,0.0500489999999445,in,first,DH,#,DH,F,final
438.44589749937126,1192.3935440847085,2468.805253333959,2.101097044270264,3.6746337419237842,4.18478066134004,4435.897435897436,0.00003838221154825986,676.9183375034013,0.025,0.33783783783783783,0-0-596-3,@,UT_014,intvr,1,fave,108.84600022980277,44.03238436447214,5,military,0,0.05004800000006071,the,s,L,T,L,T,internal
355.426698352878,1760.1561689389737,2281.615381521015,2.50522093200945,3.3715446710929906,3.2589201699512893,4615.384615384615,0.000042954326724819904,677.5293721655329,0.027000000000000003,0.32142857142857145,0-0-598-3,@,UT_014,intvr,1,fave,107.14378144964324,42.15161140982416,5,because,0,0.05999799999995048,s,you,K,Z,K,Z,internal
518.6203453632246,1187.5001241934522,2465.937731607472,2.4264700302276387,3.456695754608384,3.9607562167682784,4794.871794871795,0.0001458651951306331,682.8993671655329,0.027000000000000003,0.32142857142857145,0-0-616-1,@,UT_014,intvr,1,fave,91.98586851372175,41.93010318781662,5,them,0,0.05999799999995048,with,"",DH,M,DH,M,internal
602.2033262736434,1504.056702476997,2483.6806804973007,2.73559123836248,3.7011637281257364,4.057837927734,4974.358974358975,0.0008100255556280202,691.6863465034013,0.04100000000000001,0.3306451612903227,0-0-630-0,@,UT_014,intvr,1,fave,533.1938420131304,45.73333226044801,5,a,0,0.10003700000004301,"",helicopter,#,#,"",HH,coextensive
451.8662328104794,1658.1648569125352,2329.5355080970485,2.3836851616699177,3.562456909646809,3.718604101152618,4076.923076923077,0.0005500272079853304,709.7289464965986,0.037000000000000005,0.324561403508772,0-0-636-3,@,UT_014,intvr,1,fave,88.56992726887474,37.8057817567078,5,gotcha,0,0.08996600000000399,"","",CH,#,CH,"",final
478.5952571799031,1384.2222184521352,2575.2685536996014,2.045104479418144,3.7088915982270345,3.2167260632728145,5153.846153846154,0.0014683022137571482,733.9922528344671,0.135,0.3341584158415841,0-0-658-1,@,UT_014,intvr,1,fave,108.70734541876992,43.955240842621365,5,the,0,0.38000399999998535,like,"",DH,#,DH,"",final
409.94686041361325,1752.8837435226155,2761.441513751626,3.2866791851014243,3.673717030866734,4.431581099458769,4974.358974358975,0.00085008645434932,735.660222834467,0.031,0.32978723404255317,0-0-662-3,@,UT_014,intvr,1,fave,91.24911221154031,37.84270477246386,5,engine,0,0.07000800000002982,"",that,JH,N,JH,N,internal
549.4613424903637,1234.622294667549,2406.8068191927377,2.948316220122378,3.560036914869925,4.110682829076574,5512.820512820513,0.0017967865626800986,761.641460834467,0.055,0.3353658536585366,0-0-680-1,@,UT_014,intvr,1,fave,773.0406406979978,38.26965579664243,5,that,0,0.14001500000006217,was,"",DH,#,DH,"",final
444.338454712419,1717.7643217356665,2609.3060281288085,2.5632388689830945,3.586864152857881,3.9762524392711507,4974.358974358975,0.0005388900581581163,781.3109278344672,0.037,0.32456140350877194,0-0-708-4,@,UT_014,intvr,1,fave,421.67005134758995,46.158115240337004,5,hardest,0,0.09002699999996366,"","",D,S,D,S,internal
590.0726282169977,935.9123225246108,2160.872673669767,2.30140483918094,3.7843794679718927,4.51522781096748,4974.358974358975,0.00007817443976780778,825.7999341723356,0.025,0.33783783783783783,0-0-751-0,@,UT_014,intvr,1,fave,586.3795168407529,41.41652676486792,5,a,0,0.050049000000058186,"",lot,#,#,"",L,coextensive
442.3855837152259,1339.8724620204407,2082.577617023187,2.507263899392823,3.841033640435875,3.82214201435191,4256.410256410256,0.002455911737332715,858.997356834467,0.055,0.3353658536585366,0-0-781-1,@,UT_014,intvr,1,fave,465.9459217364736,39.14166030682876,5,to,0,0.1400149999999485,back,it,T,#,T,i,final
586.2515108644882,1239.2964872041393,2505.964336470333,2.4719994206973843,3.8267015487321485,4.413137364692421,4974.358974358975,0.02764151247741437,874.0220438344671,0.047,0.3263888888888889,0-0-801-1,@,UT_014,intvr,1,fave,199.059672598365,48.323202281871026,5,that,0,0.11999500000001717,no,makes,DH,#,DH,M,final
484.684346294504,1640.4861700347362,2338.4211555111,3.1061716612323087,3.574850806482487,3.9776543000290525,4256.410256410256,0.0002838618005215854,881.7382341655328,0.027000000000000003,0.32142857142857145,0-0-826-4,@,UT_014,intvr,1,fave,125.77036959909302,42.347537547232726,5,portion,0,0.05999800000006417,last,is,SH,N,SH,N,internal
504.13986866526824,1339.1924142542284,2560.4410303514405,2.6929160592567274,3.268140529945778,4.166519976206074,4615.384615384615,0.002048711786217046,893.0702478344672,0.051000000000000004,0.3311688311688312,0-0-854-1,@,UT_014,intvr,1,fave,110.32124293378757,47.338759068903066,5,them,0,0.13000499999998283,read,"",DH,M,DH,M,internal
466.3347477434521,1369.3096567550335,2452.549830289367,2.9210877379473983,3.6928812269136273,3.803204215953272,4435.897435897436,0.0005165235039674285,894.492239834467,0.035,0.3365384615384616,0-0-862-1,@,UT_014,intvr,1,fave,389.4605545730851,44.42795611489993,5,them,0,0.080016999999998,read,at,DH,M,DH,M,internal
561.1130618820582,1500.6127481225742,2522.092222055399,3.348168037086624,3.4501061544588856,3.621334049968578,4794.871794871795,0.0003794299676436699,894.7352365034013,0.04100000000000001,0.3306451612903227,0-0-864-0,@,UT_014,intvr,1,fave,97.72390729835978,38.77620846078318,5,a,0,0.10003600000004553,at,nice,#,#,T,N,coextensive
610.6944941045566,1095.5412820433821,2723.6869228160326,2.797241188094561,3.203239723778365,4.553162487941902,5153.846153846154,0.0006616908131951754,904.0076348344671,0.031,0.32978723404255317,0-0-890-0,@,UT_014,intvr,1,fave,199.68184776602885,44.5436849252756,5,aloud,0,0.07000799999991614,"","",#,L,"",L,initial
439.4100814302121,1444.346944864268,2079.295703006312,1.6719649407553625,4.144165825545364,4.453002678057073,3897.4358974358975,0.00026261755314912073,911.0494588344671,0.027000000000000003,0.32142857142857145,0-0-910-0,@,UT_014,intvr,1,fave,108.35013288784499,46.49108742741813,5,of,0,0.059996999999953005,any,the,#,V,iyF,V,initial
523.5668045718576,1883.972208659769,3161.5181061169783,2.8972708367074085,4.062010494838023,4.148411211685237,6410.25641025641,0.0009825644190656856,915.8644615034013,0.037000000000000005,0.324561403508772,0-0-929-3,@,UT_014,intvr,1,fave,109.97060080989756,40.976000158111034,5,second,0,0.09002700000007735,a,"",K,N,K,N,internal
573.6885104944332,2498.3172300549227,3434.470828791886,3.7837918467997524,3.908857926328888,4.499490824509933,6948.717948717948,0.0061476753218693645,3.93574716553288,0.091,0.3321167883211679,0-0-10-4,i,UT_014,intvr,1,fave,221.8124611915682,41.352950333195864,5,agreeing,0,0.24999999999999956,for,to,iy,NG,iy,NG,internal
437.0640332696686,1688.789770488757,2630.0653044479554,2.9446982804675663,3.2156087415989205,3.8845876337306167,5692.3076923076915,0.00031857251704709344,4.87374716553288,0.027000000000000003,0.32142857142857145,0-0-12-4,i,UT_014,intvr,1,fave,414.82162515184655,42.287826667170066,5,participate,1,0.05999999999999961,to,in,T,S,T,S,internal
395.40588303450846,1854.3973864097104,2515.6085440904053,2.3040258390832467,3.5737993448987226,3.6849329944670353,5871.794871794871,0.0009839668386915053,10.84374716553288,0.067,0.3284313725490196,0-0-33-0,i,UT_014,intvr,1,fave,157.24310389905253,44.030737640164816,5,is,1,0.17999999999999972,part,a,#,Z,T,Z,initial
487.89503773892164,1523.8879758225755,2440.832409806081,2.578269132166785,3.2430724394917347,3.513466453576701,5512.820512820513,0.001074721824090134,18.86274716553288,0.065,0.33505154639175255,0-0-57-5,i,UT_014,intvr,1,fave,135.3651812372653,48.775888723439,5,narrative,0,0.1700000000000017,personal,"",T,V,T,V,internal
399.1308557426824,1496.778387540218,2351.7554213387375,2.258390823089045,3.7470686626065257,3.777686212507808,5692.3076923076915,0.000014425615415446712,22.162747165532878,0.025,0.33783783783783783,0-0-67-4,i,UT_014,intvr,1,fave,100.88105075787024,41.06916117524012,5,something,0,0.05000100000000174,about,that,TH,NG,TH,NG,internal
383.8454105947541,2011.8982986818328,2752.990624020888,2.962094081840934,3.454505674155988,4.152800796464446,6410.25641025641,0.00002739209102173031,23.49274716553288,0.025,0.33783783783783783,0-0-71-1,i,UT_014,intvr,1,fave,116.00070417831043,43.01116808063751,5,think,1,0.050000999999998186,you,you're,TH,NG,TH,NG,internal
416.45881845854007,2051.210103428087,3367.7479097516075,2.9129624536005037,4.331547150679155,4.927455743587928,7487.179487179487,0.00003140894754736415,25.83274716553288,0.025,0.33783783783783783,0-0-80-1,i,UT_014,intvr,1,fave,101.45736115007857,47.57334474396228,5,really,1,0.050000999999998186,you,enjoy,R,L,R,L,internal
420.0269392677365,1359.1065684026598,2564.8155940662514,2.114262715299299,4.0305137705393,3.7513412268128534,5512.820512820513,0.000055041891643376466,30.08774816553288,0.031,0.32978723404255317,0-0-92-5,i,UT_014,intvr,1,fave,109.28659606194897,44.68686094996969,5,transition,1,0.06999899999999926,gonna,into,Z,SH,Z,SH,internal
448.3592494861405,1943.964782765386,2855.0964987576344,3.422398197684253,4.082492743815729,4.535189955019806,6051.282051282051,0.004026460953612661,30.364746165532882,0.045,0.3358208955223881,0-0-93-0,i,UT_014,intvr,1,fave,236.32634474393885,31.51065128295614,5,into,0,0.11000100000000046,transition,a,#,N,N,N,initial
414.48480685535856,2134.873203379307,2801.443310532767,3.3828444431501428,3.7463594781250222,4.481006890455261,6589.74358974359,0.0008779875717034905,31.22074716553288,0.037,0.32456140350877194,0-0-95-3,i,UT_014,intvr,1,fave,91.1672345557965,38.64524917311093,5,reading,0,0.08999999999999986,a,"",D,NG,D,NG,internal
559.6931518039365,1380.408505624071,2562.834382580105,2.6911251119929482,3.907095031312072,3.9930957579235558,5512.820512820513,0.000501384103624705,31.905747165532883,0.047,0.3263888888888889,0-0-97-1,i,UT_014,intvr,1,fave,616.3303938755461,37.8859578052929,5,list,1,0.11999899999999641,"","",L,S,L,S,internal
464.3886383419511,1341.8148521649957,2232.2181977658843,2.5892093303919452,3.8118450550043788,4.384262426892684,4794.871794871795,0.0020969796841094693,43.379952834467126,0.04100000000000001,0.3306451612903227,0-0-127-1,i,UT_014,intvr,1,fave,170.94216828923203,48.29633617236424,5,with,1,0.10000199999999637,off,"",W,TH,W,TH,internal
399.6527666368234,2192.774264719793,2753.713336558198,2.406484880507076,3.918985647608139,4.21540278765325,6051.282051282051,0.0012335290580213162,44.12994816553288,0.061000000000000006,0.3315217391304348,0-0-129-0,i,UT_014,intvr,1,fave,218.1011021735936,41.498780045759645,5,it,1,0.1599999999999966,"",is,#,T,"",T,initial
358.9523431342717,1732.1256860065564,2702.364966345032,2.4104667576724044,3.9419952408087364,3.938002541085195,5512.820512820513,0.002328811420686992,44.33195083446712,0.065,0.33505154639175255,0-0-130-0,i,UT_014,intvr,1,fave,108.86370046951264,43.320123983519665,5,is,0,0.17000200000000376,it,the,#,Z,T,Z,initial
390.11792234722145,1608.032808376789,2582.0994489528694,2.0947763231376326,4.163725389037961,3.3355267236370425,5692.3076923076915,0.0005834291313178904,51.48815283446712,0.040999999999999995,0.33064516129032256,0-0-147-0,i,UT_014,intvr,1,fave,128.88451774915217,45.15325168704007,5,is,1,0.10000200000000348,what,your,#,Z,T,Z,initial
457.18965077739114,1381.7272545279798,2827.5710310295185,1.8144855562377362,3.4416679958377885,3.9481919243318186,5333.333333333333,0.00012208626685777867,73.63645083446711,0.035,0.3365384615384616,0-0-171-1,i,UT_014,intvr,1,fave,114.50575534716435,48.447002043625076,5,lived,1,0.08000200000000746,have,in,L,V,L,V,internal
498.0720399290873,1746.42769338492,2753.196721665519,2.800953730651009,3.4805737283375273,4.244033843585584,5333.333333333333,0.0009042652159046184,73.85644983446713,0.055,0.3353658536585366,0-0-172-0,i,UT_014,intvr,1,fave,78.23368588904029,36.4927942846192,5,in,1,0.14000000000000057,lived,"",#,N,D,N,initial
423.74722593978055,1726.883054760667,2498.6031124890305,2.61414192659539,3.762396939858865,4.254229750059341,6051.282051282051,0.00003382815618307282,145.84025516553285,0.027000000000000003,0.32142857142857145,0-0-192-0,i,UT_014,intvr,1,fave,129.1583691292309,44.717494987058785,5,in,0,0.05999700000000985,said,virginia,#,N,D,N,initial
406.86434723493704,1803.8421322305621,2600.8600989419706,2.7791633315508113,4.150420362138688,4.365688535129285,5333.333333333333,0.0015244090662133798,155.80235783446713,0.027000000000000003,0.32142857142857145,0-0-211-0,i,UT_014,intvr,1,fave,169.643847469945,35.721093019165586,5,in,1,0.05999700000000985,"","",#,N,"",N,initial
515.2496153501337,1590.4529785705017,2408.294405236371,3.4243826645972018,4.3045774483273815,4.73466427097594,6051.282051282051,0.003969409202938727,173.51284983446712,0.045,0.3358208955223881,0-0-248-0,i,UT_014,intvr,1,fave,78.84620362686421,38.58398173703305,5,is,0,0.11000100000001112,routine,"",#,Z,N,Z,initial
395.95857866067,2006.3193997093347,2742.3431340556667,2.6962011175224103,3.623570214686821,4.162556030775661,6230.7692307692305,0.004221594566487933,241.37184983446713,0.125,0.33422459893048123,0-0-263-0,i,UT_014,intvr,1,fave,171.29020669838147,41.20727558578657,5,is,0,0.35000599999997917,"","",#,Z,"",Z,initial
351.948438979549,1647.7225152823962,3045.683152345488,3.967689477498957,4.013075986428316,3.7299209789476944,6410.25641025641,0.0000733477744157953,243.82484983446713,0.031,0.32978723404255317,0-0-268-0,i,UT_014,intvr,1,fave,303.961070473435,41.23573044319805,5,is,1,0.0700080000000014,what,something,#,Z,T,Z,initial
470.8637734483574,1463.853692656097,2194.7529231250232,3.32733427539892,4.196556420957382,4.497276985769231,5512.820512820513,0.005943256645947119,318.4282571655329,0.047,0.3263888888888889,0-0-300-4,i,UT_014,intvr,1,fave,151.64628702104352,43.95531447383517,5,something,0,0.1199959999999578,what's,"",TH,NG,TH,NG,internal
548.7391878949084,1766.7390702344173,2939.973708304114,3.7101648893564394,3.554559470882922,4.378911295188919,6769.2307692307695,0.0001969867771367013,326.8982381655329,0.027000000000000003,0.32142857142857145,0-0-319-0,i,UT_014,intvr,1,fave,461.13502315085105,37.25394730825329,5,expected,0,0.05999799999995048,you,it,#,K,uw,K,initial
433.36303145547123,1703.8909637485451,2548.4355101535266,2.5008255750063655,3.5890704699605736,3.9781715796744703,5871.794871794871,0.0003265954672479845,327.31024783446713,0.031,0.32978723404255317,0-0-319-7,i,UT_014,intvr,1,fave,417.7782157016797,36.492593784207564,5,expected,0,0.07000700000003235,you,it,T,D,T,D,internal
419.59787443859483,1569.5934167731516,2373.5834262095277,2.59980192709914,3.9281381026893656,3.661844247679455,5333.333333333333,0.000520149972693876,405.3005588344671,0.061000000000000006,0.3315217391304348,0-0-352-1,i,UT_014,intvr,1,fave,186.8275944504503,46.87263736956467,5,been,1,0.16000399999995807,you've,at,B,N,B,N,internal
401.12534519963407,1714.0031988448036,2431.847094565202,2.0163677508793136,3.1915354707546792,3.4932370377056006,5692.3076923076915,0.00008778272234900218,413.7793524965987,0.031,0.32978723404255317,0-0-365-0,i,UT_014,intvr,1,fave,402.1754193259421,41.53584506154486,5,is,1,0.0699769999999944,and,that,#,Z,D,Z,initial
451.43716476028607,1565.6743278384147,2572.574774941927,1.7981937287049234,3.7203698114096015,3.893852665334031,5871.794871794871,0.0004598298666108773,462.7843524965987,0.040999999999999995,0.33064516129032256,0-0-425-0,i,UT_014,intvr,1,fave,438.46694324478364,45.04132938362535,5,is,0,0.09997499999997217,what,it,#,Z,T,Z,initial
466.7337866875278,1352.39957846236,2709.6619836745745,2.7080552391692216,3.696010133590984,4.1380753434658315,5333.333333333333,0.0006608665388334415,462.9493468344672,0.031,0.32978723404255317,0-0-426-0,i,UT_014,intvr,1,fave,491.8743148224112,36.97033564473886,5,it,0,0.0700069999999755,is,"",#,T,Z,T,initial
547.7605111908099,2103.1311215569162,3157.7861983534262,4.052148376214614,4.13063458519529,4.313983558493066,7487.179487179487,0.0013134535894308744,508.37985783446715,0.031,0.32978723404255317,0-0-446-2,i,UT_014,intvr,1,fave,102.22693229476673,42.41560207844272,5,going,0,0.07000800000002982,"",down,ow,NG,ow,NG,internal
453.75525349729486,1751.7371724327002,2659.8581634542666,2.3299133913093986,3.728461499861895,4.271909382283617,5692.3076923076915,0.0007474135284908338,532.905630834467,0.035,0.3365384615384616,0-0-469-3,i,UT_014,intvr,1,fave,453.46153750587285,41.90281887660884,5,activity,1,0.08001799999999548,favorite,to,T,V,T,V,internal
422.87793678926505,1927.6736197679143,2581.158418178191,2.1873034231037183,3.731687976869419,4.17925523401095,5871.794871794871,0.0006085306199710759,559.660222834467,0.031,0.32978723404255317,0-0-482-1,i,UT_014,intvr,1,fave,415.7835800969833,44.97856849464431,5,get,1,0.07000800000002982,and,back,G,T,G,T,internal
432.08627197350796,1796.5960339952926,2965.9617439890203,2.7593567729543813,3.598481035450812,4.3212662775703015,6051.282051282051,0.00012050132434941854,584.7938288344671,0.031,0.32978723404255317,0-0-522-4,i,UT_014,intvr,1,fave,412.81324134113623,43.819216007832566,5,consider,1,0.07000699999991866,"",yourself,S,D,S,D,internal
592.5164680148687,1766.4756796967163,2756.4835223888936,2.6993935680703247,4.0714770572530705,4.373638573636928,6051.282051282051,0.0044707241176207375,587.4308515034014,0.145,0.3341013824884792,0-0-529-0,i,UT_014,intvr,1,fave,150.7218897008828,40.03542406614735,5,in,1,0.410033999999996,expert,or,#,N,T,N,initial
442.7815587537543,2285.604637158715,2983.0073924670364,3.1190065476950775,4.0162594562201015,4.675811254004518,6589.74358974359,0.0016401523818655552,642.9891401655328,0.047,0.3263888888888889,0-0-570-0,i,UT_014,intvr,1,fave,198.9910617028985,35.13189683405307,5,into,0,0.11999500000001717,"",that,#,N,"",N,initial
403.6178242259911,1686.9448418501581,2589.3930837621124,2.1650401921389113,3.13971140348588,3.447360374451169,6051.282051282051,0.0000929402530156564,643.4491721655329,0.027000000000000003,0.32142857142857145,0-0-572-0,i,UT_014,intvr,1,fave,100.10625190669735,45.30156290837249,5,in,0,0.059996999999953005,that,the,#,N,T,N,initial
408.4427423126093,1633.5979008166232,2653.6816630892076,2.4273833050316065,3.8037354651593698,4.052715413433382,5512.820512820513,0.00022047528656642243,674.8313658344671,0.031,0.32978723404255317,0-0-588-1,i,UT_014,intvr,1,fave,410.7739321698204,42.468355172469195,5,just,0,0.07000700000003235,interest,grew,JH,S,JH,S,internal
409.0678672702855,1511.5937711175004,2486.1580317157136,2.6246913509831455,3.516718595199494,4.464523229776928,5871.794871794871,0.000011053814553529342,676.6083451723357,0.025,0.33783783783783783,0-0-594-0,i,UT_014,intvr,1,fave,101.01364857657083,44.734727667890716,5,in,0,0.0500489999999445,were,the,#,N,*hr,N,initial
433.3119441582635,1505.5611519892293,3102.7697533299365,3.306527124944911,3.3707324789871373,4.207090075434202,7307.692307692308,0.00003806869639188033,688.3493408412697,0.027000000000000003,0.32142857142857145,0-0-623-0,i,UT_014,intvr,1,fave,107.33040331063545,49.970541768316146,5,essentially,0,0.06005900000002384,were,just,#,S,*hr,S,initial
578.5167284458666,1685.6270486055846,2348.303938959842,3.028318833914056,3.7377519681049267,4.097247929282785,6051.282051282051,0.0004338410529088273,689.4143714965986,0.037,0.32456140350877194,0-0-626-5,i,UT_014,intvr,1,fave,86.02659752726683,38.274966577592906,5,mechanic,0,0.08996600000000399,a,"",N,K,N,K,internal
443.8524641748142,2132.437979580831,2928.434104250217,3.38340841483816,4.347342647796991,4.154769911593676,5692.3076923076915,0.007169254417132121,775.974956165533,0.045,0.3358208955223881,0-0-699-1,i,UT_014,intvr,1,fave,198.16292684093787,46.73339884345002,5,think,1,0.1099859999999353,you,"",TH,NG,TH,NG,internal
370.6200744851828,1964.311787417257,2587.1596494373166,2.2846356235254377,3.5801196575908185,3.826929956655933,5871.794871794871,0.00233391263303666,776.5879351655329,0.191,0.33275261324041816,0-0-701-0,i,UT_014,intvr,1,fave,146.5178455950452,41.32905508853081,5,is,0,0.5499869999999873,"","",#,Z,"",Z,initial
443.05379883025455,1893.2642245429743,3184.26298146464,3.034595401549135,3.881561155506942,3.780114552997647,6230.7692307692305,0.00014613161344024844,782.0879578344671,0.031,0.32978723404255317,0-0-710-1,i,UT_014,intvr,1,fave,103.87633123359767,40.50809742146325,5,things,1,0.07000699999991866,"",for,TH,NG,TH,NG,internal
402.75423180402817,2095.378419330509,2678.8197741309164,2.417615451087601,4.1601108107132,4.098345575464229,6051.282051282051,0.0004989858092765625,782.6679748344671,0.031,0.32978723404255317,0-0-712-3,i,UT_014,intvr,1,fave,429.01515888668735,43.89098881499189,5,beginners,1,0.07000699999991866,for,to,G,N,G,N,internal
470.0415720109877,2083.304255484954,3179.3781607699902,3.407440919205202,3.6296436464371156,4.626785146141161,6589.74358974359,0.002093111694989502,784.3629654965987,0.04100000000000001,0.3306451612903227,0-0-720-2,i,UT_014,intvr,1,fave,91.51925477021756,35.76152985280524,5,doing,0,0.09997599999996964,to,"",Tuw,NG,Tuw,NG,internal
486.33961545673156,1856.5379692998742,2867.854157199666,3.4131164258736306,3.403010982603366,4.48311815316465,6769.2307692307695,0.00007251984807832239,787.5259541655329,0.027000000000000003,0.32142857142857145,0-0-727-3,i,UT_014,intvr,1,fave,114.43070838784548,45.20958519990102,5,tearing,0,0.05999800000006417,"",an,R,NG,R,NG,internal
478.0489758362356,1846.7947764271337,2432.6599318498133,2.79990058015329,4.010466729815584,4.297336202927279,4794.871794871795,0.0002840696578264502,787.7409704965986,0.037,0.32456140350877194,0-0-729-0,i,UT_014,intvr,1,fave,101.98749576306554,45.59531907732113,5,engine,1,0.08996600000000399,an,apart,#,N,N,N,initial
471.092176320618,1575.555911746666,2650.5967981071553,2.7958255694893843,3.9288829024589975,4.326072097053742,5871.794871794871,0.00034977499385731173,788.7759541655329,0.027000000000000003,0.32142857142857145,0-0-731-6,i,UT_014,intvr,1,fave,479.09517162152235,39.805086980986374,5,rebuilding,0,0.05999800000006417,apart,it,D,NG,D,NG,internal
436.292404418428,1347.2997380715583,2311.367601186593,2.3769348798946996,3.561371177171253,3.86805043146257,5512.820512820513,0.00011940220232649282,826.4159584965986,0.037,0.32456140350877194,0-0-753-1,i,UT_014,intvr,1,fave,88.99661674160976,40.58034163611185,5,with,1,0.08996600000000399,lot,"",W,TH,W,TH,internal
560.5603348968375,1328.9942970171935,2405.921350930372,3.0347247565483277,3.9226036449725337,4.061346706573867,5512.820512820513,0.0011904848323815481,858.0883385034014,0.037000000000000005,0.324561403508772,0-0-775-0,i,UT_014,intvr,1,fave,85.12574820129042,37.293904790423504,5,if,0,0.09002700000007735,know,you,#,F,owF,F,initial
518.3293921439314,1649.0633543049544,3373.312136326622,3.0491783055213473,4.133881883549403,4.494017201829313,6589.74358974359,0.0008209223814176745,877.2440181655329,0.031,0.32978723404255317,0-0-813-3,i,UT_014,intvr,1,fave,140.83454319177673,37.828437130303186,5,sharing,0,0.07000800000002982,for,that,R,NG,R,NG,internal
409.91737430359865,1480.1102730203513,2642.6971098297504,2.130297571025767,3.782881220225026,3.971379458421636,5871.794871794871,0.00005501636627947622,880.5882768344671,0.027000000000000003,0.32142857142857145,0-0-823-1,i,UT_014,intvr,1,fave,131.8508121765782,47.12180040172978,5,this,1,0.059996999999953005,mentioned,"",DH,S,DH,S,internal
397.04124934060155,1805.0744875527525,2386.108662924025,2.5194374746716615,4.254714232728937,4.014647484339697,5692.3076923076915,0.0006104658121455851,881.9352485034013,0.040999999999999995,0.33064516129032256,0-0-827-0,i,UT_014,intvr,1,fave,105.67617986072685,41.70613488816182,5,is,1,0.10003600000004553,portion,gonna,#,Z,N,Z,initial
500.0578687477592,2202.1407592826267,3425.816125774687,3.72432407383687,3.8471229948756287,3.7766314469475075,6769.2307692307695,0.00005639462984552638,883.4072341723356,0.025,0.33783783783783783,0-0-831-2,i,UT_014,intvr,1,fave,111.92255772716359,42.37327201073253,5,doing,0,0.050049000000058186,"",a,Tuw,NG,Tuw,NG,internal
361.9753323099067,2545.5294162770415,3065.193360874257,2.9091340145365923,3.815938471675201,4.897297582361011,6589.74358974359,0.0037553130270530245,884.4932398344671,0.037000000000000005,0.324561403508772,0-0-834-3,i,UT_014,intvr,1,fave,251.75455199151344,44.48809738030266,5,reading,0,0.09002700000007735,"",list,D,NG,D,NG,internal
631.5961271228731,1351.5996561835152,2383.5599506510603,3.1212449917817486,3.725682963976654,3.924856533290358,5512.820512820513,0.0006772844261678566,884.682242834467,0.035,0.33653846153846156,0-0-835-1,i,UT_014,intvr,1,fave,NaN,30.988330006007203,5,list,1,0.080016999999998,reading,"",L,S,L,S,internal
409.848796646115,1375.9631038142304,2771.3668669192843,2.1488927869405843,3.0153303466556163,4.420285299493734,5333.333333333333,9.501874234089624e-6,888.5972371723357,0.025,0.33783783783783783,0-0-843-7,i,UT_014,intvr,1,fave,399.1906838133628,41.942841711474884,5,sentences,0,0.050047999999947024,"",per,S,Z,S,Z,internal
412.3942848531413,1750.0631540710478,2816.9535546647917,2.199115982570331,3.7281849804410356,4.283964470308522,6051.282051282051,0.00017337566161863772,900.4256731655329,0.027000000000000003,0.32142857142857145,0-0-878-0,i,UT_014,intvr,1,fave,400.32658577824327,47.3137529859592,5,it,1,0.05999799999995048,read,too,#,T,D,T,initial
382.03793234876116,1699.387473966297,2652.268189897767,2.440404763217883,3.9320065888214093,4.051611459609751,5512.820512820513,0.0001414175737047101,907.5914368344671,0.031,0.32978723404255317,0-0-899-0,i,UT_014,intvr,1,fave,366.71690267516277,49.33100205933887,5,if,1,0.07000700000003235,[bracketed],you,#,F,spn,F,initial
442.21946420488695,1306.3842891489778,2571.5298691082085,3.2713175023740235,4.6484479237932,4.610641673598794,6051.282051282051,0.0021848412570375057,910.5014708344671,0.031,0.32978723404255317,0-0-907-6,i,UT_014,intvr,1,fave,133.1323543827188,46.357158908157004,5,stumbling,0,0.07000700000003235,are,over,L,NG,L,NG,internal
452.70895995388395,1481.7406460567938,2497.919464795724,1.620121658352807,3.553426332942714,3.7245346165963555,5692.3076923076915,0.0008645873456875092,911.6984395034013,0.125,0.33422459893048123,0-0-912-7,i,UT_014,intvr,1,fave,111.17973135152413,48.1604547552505,5,sentences,0,0.350037000000043,the,"",S,Z,S,Z,internal
456.7523799097604,1640.9073816485818,2642.0278475068903,2.4339599130192564,3.6923283714581983,4.034845091125554,5512.820512820513,0.000201957159484997,917.183462834467,0.035,0.33653846153846156,0-0-934-0,i,UT_014,intvr,1,fave,455.19102875163026,33.104804976398704,5,it,0,0.08001799999999548,reread,okay,#,T,D,T,initial
382.2014959439378,1767.92411671045,2617.744014212912,2.9211295079591695,3.636653582478514,3.9645843503937033,4615.384615384615,0.0016483305608384375,4.44274716553288,0.025,0.1288659793814433,0-0-11-1,Tuw,UT_014,intvr,1,fave,105.98984370428262,40.17474158557232,5,to,1,0.16999999999999993,agreeing,participate,T,#,T,P,final
349.8728464061965,1788.5798866588711,2481.5357946813056,2.7833409913688554,4.195265796697744,4.156542741917865,4435.897435897436,0.0021802968293423083,8.27274716553288,0.025,0.26595744680851063,0-0-24-1,Tuw,UT_014,intvr,1,fave,177.4747574398339,40.77302752889621,5,two,1,0.07000000000000028,"",parts,T,#,T,P,final
371.9614600051596,1639.9450159814219,2436.2077685064387,2.9685879816384455,3.2093210310102047,3.706051528799554,5153.846153846154,0.00011646841167236284,8.87274716553288,0.025,0.26595744680851063,0-0-26-1,Tuw,UT_014,intvr,1,fave,146.93588830144787,38.3034263662581,5,to,1,0.07000000000000028,parts,the,T,#,T,DH,final
414.33720609052176,1672.5762536917664,2377.9563150083272,3.165099836995,3.6494536519427325,3.876969903250214,4615.384615384615,0.014690894575071724,19.60274716553288,0.025,0.07062146892655367,0-0-60-1,Tuw,UT_014,intvr,1,fave,182.97517993648788,39.85400642637795,5,two,1,0.33000000000000185,or,"",T,#,T,"",final
345.98731035067794,1704.7640656116068,2376.4974243639995,2.693559401010895,4.174824315059013,4.3735715658055065,5333.333333333333,0.0020575063369859823,30.67474816553288,0.025,0.18656716417910452,0-0-93-3,Tuw,UT_014,intvr,1,fave,379.1376886149893,37.96559837415205,5,into,1,0.10999800000000093,transition,a,T,#,T,eyF,final
355.25642657840996,1506.3973565632116,1913.722642550054,2.05117570229337,3.347845236373429,3.769253242625218,4615.384615384615,0.0005758967416838409,170.30285283446713,0.025,0.20161290322580647,0-0-234-2,Tuw,UT_014,intvr,1,fave,117.97709740953128,45.579712114926565,5,through,1,0.10000600000000759,me,what,R,#,R,W,final
327.8168991179975,1952.9846623049007,2455.6076754992773,2.751500740496849,3.9292922717264482,4.073712734780499,4974.358974358975,0.00046859590949873195,458.44634683446714,0.025,0.24038461538461536,0-0-413-1,Tuw,UT_014,intvr,1,fave,158.64931520404375,42.01673774333511,5,do,1,0.080016999999998,"",you,D,#,D,Y,final
391.3395309973874,1616.7290183414034,2362.7353690141827,2.8829535479581874,4.150064844174528,3.9482108545879555,4615.384615384615,0.001615909791742957,533.3806728344671,0.025,0.16233766233766234,0-0-471-1,Tuw,UT_014,intvr,1,fave,90.06699089035725,39.05927807187463,5,do,1,0.13000499999998283,to,while,D,#,D,W,final
562.9711942229524,1975.845163928422,2900.5996942013417,4.1940879842827705,4.047176826507658,4.3929588826012065,6051.282051282051,0.0009564534787740092,565.968624834467,0.025,0.26595744680851063,0-0-496-1,Tuw,UT_014,intvr,1,fave,117.0731183660912,36.52560354962006,5,do,1,0.07000700000003235,"",you,D,#,D,Y,final
416.35092590906027,1662.1311360489426,2364.9785352888957,3.328812522846861,3.7925597851396984,3.824560066790155,4615.384615384615,0.002178590413067438,589.7208714965986,0.025,0.15243902439024393,0-0-536-1,Tuw,UT_014,intvr,1,fave,467.9605467321953,33.82783272516446,5,doing,1,0.13995299999999133,enjoy,"",D,i,D,i,internal
380.3957705968825,1670.2309503294637,3594.527395550791,3.733935770349167,4.374602573632751,4.495722812851622,8205.128205128205,0.009289646294316375,675.4183375034013,0.025,0.06684491978609625,0-0-589-2,Tuw,UT_014,intvr,1,fave,106.76876847194738,42.98421907176145,5,grew,1,0.35003600000004553,just,when,R,#,R,HH,final
365.7400419003797,1770.429873754278,2453.6175889714887,1.990454096556361,3.9953006797253505,3.4013884288094123,5153.846153846154,0.0008646122262540822,682.578365834467,0.025,0.17361111111111113,0-0-614-1,Tuw,UT_014,intvr,1,fave,118.76240098584292,45.52289832290261,5,do,1,0.11999500000001717,you,with,D,#,D,W,final
389.4445522755935,1739.8577488517917,2594.1436561288397,3.372191519690729,3.719934488221719,4.1659725445179845,5512.820512820513,0.006851638047945246,784.2149618344671,0.025,0.15243902439024393,0-0-720-1,Tuw,UT_014,intvr,1,fave,209.03347502695,35.62540886816934,5,doing,1,0.1400149999999485,to,"",D,i,D,i,internal
345.24718425011713,1711.6915965510932,2636.258391140898,3.2917024980923086,3.916698005938969,4.323495075838355,4435.897435897436,0.0013772923801542306,827.829952834467,0.025,0.26595744680851063,0-0-757-1,Tuw,UT_014,intvr,1,fave,391.30517563259576,44.07109499583609,5,new,1,0.07000700000003235,the,people,N,#,N,P,final
410.0002025061127,2285.190577886042,3494.1976054480583,3.6613164074208826,3.9156436708670337,4.442145032065776,8025.641025641025,0.0037858607415341894,883.2372284965986,0.025,0.1288659793814433,0-0-831-1,Tuw,UT_014,intvr,1,fave,120.63842089926659,47.48755769423283,5,doing,1,0.169983000000002,"",a,D,i,D,i,internal
427.087603939454,1679.7959951081575,2456.6026150062967,2.845824057076688,3.114230922579412,4.053779145288027,4615.384615384615,0.0003763721045497193,900.0946504965987,0.025,0.21929824561403513,0-0-876-1,Tuw,UT_014,intvr,1,fave,105.80541610886272,41.57591146410203,5,to,1,0.08996600000000399,trying,read,T,#,T,R,final
335.1280736167211,1565.8651798754704,2327.7158082817846,2.4008211091178726,4.340812646245987,3.902821420449483,4794.871794871795,0.001993069169368383,900.6546484965986,0.025,0.20161290322580647,0-0-879-1,Tuw,UT_014,intvr,1,fave,341.627802234234,41.69569460951228,5,too,1,0.09997500000008586,it,fast,T,#,T,F,final
330.78532625715116,1656.9623083463723,2369.2719744500264,3.1195262039422955,4.226434435255335,4.14261610789363,4435.897435897436,0.000459656741761764,902.0246491655328,0.025,0.26595744680851063,0-0-887-1,Tuw,UT_014,intvr,1,fave,329.3322498493898,37.906791546892826,5,too,1,0.07000700000003235,it,slow,T,#,T,S,final
470.83289760741513,2079.6490761317395,3064.8273074247495,3.560463039862883,3.6258309800774056,4.5463314884973265,7307.692307692308,0.00009932860006295688,5.10274716553288,0.025,0.2976190476190476,0-0-12-8,ey,UT_014,intvr,1,fave,125.09578588234183,40.583622976889394,5,participate,2,0.0600000000000005,to,in,P,T,P,T,internal
388.5290007023026,2018.8372226033875,2390.390149853836,2.171119441578729,3.73306326966013,3.711337855697085,6051.282051282051,0.0008883780534698546,170.74785683446711,0.095,0.7089552238805972,0-0-237-1,ey,UT_014,intvr,1,fave,138.17509575060186,41.99119690493514,5,daily,1,0.10999999999998522,your,schedule,D,L,D,L,internal
397.54020396694403,1793.5935482279397,2197.644230403343,2.118449139767946,3.1954673228767585,4.024924288130826,4615.384615384615,0.0002735069786162996,172.9648518344671,0.069,0.5564516129032259,0-0-246-1,ey,UT_014,intvr,1,fave,195.29205865398507,43.18515761623621,5,daily,1,0.10000699999997664,your,routine,D,L,D,L,internal
528.6002844507957,1582.8018121410007,2329.208235341559,2.159285560912475,3.622539604303759,3.596173729964819,4615.384615384615,0.001012555764475265,431.15715516553286,0.07700000000000001,0.31557377049180335,0-0-394-1,ey,UT_014,intvr,1,fave,280.1627372768003,43.00733748237472,5,faith,1,0.22000100000002476,of,"",F,TH,F,TH,internal
475.9127708696754,1348.872191940896,1948.1620057111722,3.4234677358738987,4.186562790144264,3.8491230249874087,4615.384615384615,0.014885625169124167,459.9153531655329,0.063,0.294392523364486,0-0-418-1,ey,UT_014,intvr,1,fave,190.41829557943063,45.13954712658364,5,favorite,1,0.19000199999999268,a,place,F,V,F,V,internal
482.94002886673275,2399.3023129399194,3325.2229611274147,3.2948747014812283,4.129084935696812,4.444010324598469,8923.076923076922,0.00045080177102985587,460.4363621655329,0.025,0.21929824561403513,0-0-419-2,ey,UT_014,intvr,1,fave,118.12141833338686,48.72759279023702,5,place,1,0.08999600000004193,favorite,in,L,S,L,S,internal
435.97792049209636,1936.4858275358795,2991.2609791304258,2.829296844248238,3.6316022892122644,4.4914246297776215,6769.2307692307695,0.00039640307508494567,532.4816345034013,0.067,0.5877192982456141,0-0-468-1,ey,UT_014,intvr,1,fave,112.78446695659576,45.68884011225917,5,favorite,1,0.09002700000007735,your,activity,F,V,F,V,internal
841.0211882079975,2198.6016988710253,3070.1129391461336,3.776855703588024,3.7868897468449587,4.308260092672069,6051.282051282051,0.00029076047299541143,819.174556834467,0.025,0.2976190476190476,0-0-741-1,ey,UT_014,intvr,1,fave,291.6730811841204,35.06400233478648,5,makes,1,0.05999800000006417,that,sense,M,K,M,K,internal
474.3710270942258,2166.9420442842797,2812.1373250624415,3.5340680655496577,3.607488015157557,4.509214537967198,7307.692307692308,0.000606978624099998,860.1833698344672,0.027000000000000003,0.2872340425531915,0-0-790-1,ey,UT_014,intvr,1,fave,84.77263510145114,39.131929634292966,5,wasted,1,0.07000700000003235,"",hours,W,S,W,S,internal
453.1823579418091,1595.2757363683404,2820.320792836501,2.909742233523699,3.6310972625112368,4.486393803254719,6230.7692307692305,0.00013301302986210134,861.3823818344671,0.025,0.2976190476190476,0-0-793-1,ey,UT_014,intvr,1,fave,406.48019323684554,42.239103574365586,5,wasted,1,0.059996999999953005,that's,work,W,S,W,S,internal
511.9181040109493,1886.7835524294273,3265.49795546019,3.109286472708555,4.573157808667222,4.568911578492912,7487.179487179487,0.00029328893418811884,874.1640678344671,0.031,0.369047619047619,0-0-802-1,ey,UT_014,intvr,1,fave,216.55198160169624,46.00199963884705,5,makes,1,0.05999799999995048,that,a,M,K,M,K,internal
483.48667561095033,1759.2679432537989,2454.3067923021913,2.509910681983075,3.6228727549782205,3.859154896402219,4794.871794871795,0.003096512654895952,889.007259834467,0.025,0.11160714285714286,0-0-845-1,ey,UT_014,intvr,1,fave,208.6370515414857,42.667979690253965,5,page,1,0.20001200000001518,per,"",P,JH,P,JH,internal
491.38980494372794,1783.7274599728073,2601.5527247442656,2.4855059387661296,3.6172704713521906,3.6932635088959556,4794.871794871795,0.001438934831111504,897.3872591655328,0.025,0.12254901960784313,0-0-869-1,ey,UT_014,intvr,1,fave,187.95187533178776,44.483269440646936,5,pace,1,0.17999199999997018,"","",P,S,P,S,internal
319.36181423054023,2189.4962399151627,2992.845709925262,3.2946445697923616,4.346623434728892,4.294074672684884,6410.25641025641,0.0034277899380419346,5.7987471655328795,0.057,0.3275862068965517,0-0-15-4,iyF,UT_014,intvr,1,fave,305.41366440455073,35.47807093467391,5,study,0,0.15000000000000036,this,"",D,#,D,"",final
399.62539394012884,2385.951918561609,3633.355645780423,4.069831666374583,3.996478749100956,5.028557735137982,8205.128205128205,0.004275578168278991,9.352747165532879,0.045,0.3358208955223881,0-0-28-4,iyF,UT_014,intvr,1,fave,266.6382624730713,36.9878973145477,5,study,0,0.10999999999999943,the,"",D,#,D,"",final
420.59103471199535,2112.728842629944,3864.1238463737996,3.854623472517191,4.146361392202277,4.399868080346838,7666.666666666666,0.000193107497793851,25.94374716553288,0.027000000000000003,0.32142857142857145,0-0-80-3,iyF,UT_014,intvr,1,fave,93.20285053594468,38.14004629332411,5,really,0,0.05999999999999872,you,enjoy,L,#,L,i,final
311.53064884916836,2436.5360112688663,2832.1067680314377,2.3988393941971893,3.775333461489965,4.471089317734725,6589.74358974359,0.0029836622706968822,44.77495183446712,0.051000000000000004,0.3311688311688312,0-0-131-1,iyF,UT_014,intvr,1,fave,103.86881413361164,42.398414103933106,5,the,0,0.13000100000000003,is,hardest,DH,#,DH,HH,final
351.7578169834083,2247.0002151385565,2644.7842023568496,4.04376922299968,3.804594785353684,4.638011518712307,6769.2307692307695,0.1198444142376134,56.58044816553288,0.07100000000000001,0.33177570093457953,0-0-159-1,iyF,UT_014,intvr,1,fave,429.98634128797255,35.36969085986784,5,be,0,0.18999799999999567,to,"",B,#,B,"",final
375.95932170599576,2312.0174664714914,2578.796494819308,3.455819896069135,4.465357660802262,3.479437944442369,5153.846153846154,0.030543785421974272,71.57645383446712,0.17500000000000002,0.333969465648855,0-0-164-1,iyF,UT_014,intvr,1,fave,126.61238587736466,41.20347985115303,5,me,1,0.5,tell,"",M,#,M,"",final
410.5422519525796,2457.066837150239,3494.5043248900706,3.8210561179608136,3.5587701769999143,4.344651957979004,7487.179487179487,0.041140749585779984,75.43744916553288,0.097,0.3299319727891156,0-0-175-11,iyF,UT_014,intvr,1,fave,528.2756716544146,36.65331428588468,5,approximately,0,0.2699970000000036,and,"",L,#,L,"",final
388.73975964361586,2285.153114986703,2821.5145618883744,4.193077294086304,4.072832915088069,4.154280236740844,6051.282051282051,0.07904571628591728,158.3463588344671,0.17500000000000002,0.333969465648855,0-0-219-2,iyF,UT_014,intvr,1,fave,120.30188476334847,35.20334596773059,5,three,1,0.5,"","",R,#,R,"",final
421.8956691552671,2085.1230538483437,2984.694472317857,3.1923268301370795,3.644878523161597,4.542480970027146,6589.74358974359,0.00010289096412074961,170.06284783446714,0.025,0.33783783783783783,0-0-233-1,iyF,UT_014,intvr,1,fave,365.33022560672936,40.91413126784669,5,me,1,0.050003000000003794,walk,through,M,#,M,TH,final
370.6900218363721,1888.4109720585773,2455.7927378301283,3.1194100797581945,2.820324811697232,4.2854655119649605,5871.794871794871,0.0001750308005942213,173.08384616553286,0.027000000000000003,0.32142857142857145,0-0-246-3,iyF,UT_014,intvr,1,fave,92.98780376776512,38.61877320289815,5,daily,0,0.05999700000000985,your,routine,L,#,L,R,final
313.4003544138161,1878.6782983330984,2520.584140781831,2.934264174229559,3.8654603388557276,3.8083719159313403,5692.3076923076915,0.0016980016477727202,245.1768558344671,0.035,0.3365384615384616,0-0-272-3,iyF,UT_014,intvr,1,fave,118.75817765185099,41.20426580191565,5,really,0,0.08000200000000746,you're,proud,L,#,L,P,final
483.56669935094163,1789.1881716061696,2257.4833449087037,3.7378061532431044,3.950483702122385,4.6755602882931,5871.794871794871,0.001289089565900863,271.6770421655329,0.037,0.32456140350877194,0-0-287-7,iyF,UT_014,intvr,1,fave,79.73728775375069,34.276891607326434,5,military,0,0.08999599999998509,the,"",R,#,R,"",final
389.07037293179025,2324.613006536761,3526.3329915092595,3.5809081642727594,3.488882328150383,4.439141612126149,8384.615384615383,0.004340949722006317,323.5522541655329,0.11500000000000002,0.3343023255813954,0-0-307-7,iyF,UT_014,intvr,1,fave,123.22439060804254,39.75994752931971,5,recently,0,0.3200069999999755,either,or,L,#,L,owr,final
553.6791121288618,1554.2821622944505,2779.5779629671497,2.7911346894337794,3.4616095078888627,3.682739719031737,6230.7692307692305,3.565671334902916e-6,335.99793624716557,0.025,0.33783783783783783,0-0-332-1,iyF,UT_014,intvr,1,fave,138.93540165395143,64.13297646801688,5,me,1,0.05081200000000763,to,"",M,#,M,"",final
442.6003256935122,1511.1777727450851,2418.897939822827,2.7130404448608307,4.03628403025687,3.646199202115774,5692.3076923076915,0.00005096337255101968,453.9282371655329,0.027000000000000003,0.32142857142857145,0-0-405-3,iyF,UT_014,intvr,1,fave,149.52886475469373,41.69596533559612,5,really,0,0.05999700000000985,that's,cool,L,#,L,K,final
354.8396253605921,2115.938125257254,2876.7153134770365,3.303128548265289,3.55312364440382,4.208092165521292,6769.2307692307695,0.0012841198238993893,533.115652834467,0.035,0.3365384615384616,0-0-469-7,iyF,UT_014,intvr,1,fave,341.57741934499506,36.9798211592836,5,activity,0,0.080016999999998,favorite,to,T,#,T,T,final
325.8881546695918,2224.7320381882837,3920.784608300595,3.9388571961360475,4.301331738521737,4.524540746186431,8205.128205128205,0.003970737295563383,589.1718351723355,0.047,0.3263888888888889,0-0-534-3,iyF,UT_014,intvr,1,fave,102.07393367094406,36.30980153305016,5,really,0,0.12005600000009053,you,enjoy,L,#,L,i,final
297.26373556616124,2225.2081856380955,2797.6302639070905,2.7255352253294687,3.8497245345238116,4.609007231546485,6769.2307692307695,0.002782988428431473,779.7869365034014,0.10899999999999999,0.3364197530864197,0-0-706-1,iyF,UT_014,intvr,1,fave,106.62835754931875,40.07510959046019,5,the,0,0.3000490000000582,of,"",DH,#,DH,"",final
360.3899046615981,2206.537895330798,3403.815727792964,3.219107936356907,3.857671130846172,4.716797327094,6769.2307692307695,0.00010250767969079909,825.0709371655329,0.027000000000000003,0.32142857142857145,0-0-748-1,iyF,UT_014,intvr,1,fave,116.48101997764661,47.12917518362725,5,see,1,0.05999800000006417,you,that,S,#,S,DH,final
552.764282344653,2162.46200187901,3303.2217610319763,3.915480125764583,3.800158605961214,4.502797695734083,6410.25641025641,0.0031621137494254738,877.7470238344671,0.037,0.32456140350877194,0-0-816-1,iyF,UT_014,intvr,1,fave,13674.10033324904,30.442505720964174,5,me,1,0.09002700000007735,with,"",M,#,M,"",final
308.5746257485271,2335.3329801550562,2963.215344730703,3.3360322833002374,4.017502450671901,4.430175503552808,6589.74358974359,0.020232883701819616,882.5522308344671,0.17500000000000002,0.333969465648855,0-0-829-1,iyF,UT_014,intvr,1,fave,101.52308362130823,39.84197960151976,5,be,1,0.5,gonna,"",B,#,B,"",final
348.75940214903096,2551.834355091946,3839.980258518504,3.1278270154349954,3.612189900958622,4.246085401258076,7666.666666666666,0.008657965983986157,887.3022541655329,0.11500000000000002,0.3343023255813954,0-0-841-5,iyF,UT_014,intvr,1,fave,165.68885641502746,40.07956296953066,5,twenty,0,0.32000700000003235,"","",T,#,T,"",final
442.5078364085993,2388.406729462074,3220.257464901852,2.572872913274815,3.771433854599207,5.1627003097955555,8205.128205128205,0.0009787997551206594,910.973440834467,0.035,0.33653846153846156,0-0-909-2,iyF,UT_014,intvr,1,fave,108.6272394997611,42.91061755798457,5,any,0,0.08001799999999548,over,of,N,#,N,@,final
505.8707560887967,1667.1497323080107,2473.296835683197,2.631696272652808,3.9136310141884834,4.0051717997168765,5153.846153846154,0.0004807016428334489,923.0132358344671,0.035,0.3365384615384616,0-0-940-3,iyF,UT_014,intvr,1,fave,461.6290455129272,35.24962960283658,5,ready,0,0.080016999999998,you're,"",D,#,D,"",final
674.4735854879143,1628.8015697588082,2737.9238241161142,2.99126335030621,3.4226372426675855,4.07045856755579,5512.820512820513,0.0011011757271276804,6.81574716553288,0.051000000000000004,0.3311688311688312,0-0-18-0,ae,UT_014,intvr,1,fave,128.64571639285668,41.01850094077086,5,as,1,0.1299999999999999,[bracketed],you,#,Z,spn,Z,initial
575.130469813213,1605.4585685700854,2284.2756195005877,2.3466266610286084,3.54421680211289,4.204231900565851,5692.3076923076915,0.00013765508725364735,14.40774716553288,0.035,0.3365384615384616,0-0-44-0,ae,UT_014,intvr,1,fave,92.92429984971858,44.830397852490606,5,ask,1,0.08000000000000007,i,you,#,S,ay,S,initial
636.8670258387273,1382.043640683357,2455.5973398164256,3.0462991258404117,3.458052095660033,4.1947113808353595,5333.333333333333,0.001778074164584371,16.15074816553288,0.04100000000000001,0.3306451612903227,0-0-50-0,ae,UT_014,intvr,1,fave,98.39841480681528,37.94834534046077,5,ask,1,0.0999990000000004,"",you,#,S,"",S,initial
564.8507227567617,1435.6399205892983,2397.3133704676993,2.683407783294014,3.9549052644233336,4.075994097702059,5871.794871794871,0.00121347795639202,22.30274816553288,0.045,0.3358208955223881,0-0-68-1,ae,UT_014,intvr,1,fave,89.39540484112761,42.159191862356536,5,that,1,0.10999800000000093,something,"",DH,T,DH,T,internal
557.8776885016139,1591.317922172386,2496.2269867189225,2.9897471839111156,3.619232315053772,4.001382319165602,5512.820512820513,0.00146108754653853,23.95074716553288,0.04100000000000001,0.3306451612903227,0-0-74-0,ae,UT_014,intvr,1,fave,NaN,32.819605377387425,5,at,1,0.1000009999999989,good,"",#,T,D,T,initial
621.9379317820867,1504.2633594823635,2834.3998693119042,3.313123785781494,3.49353934458121,4.527441017031445,5692.3076923076915,0.005506708958544895,28.59274716553288,0.101,0.3322368421052631,0-0-88-1,ae,UT_014,intvr,1,fave,154.20867090061026,44.431357041916016,5,that,1,0.2800009999999986,with,"",DH,T,DH,T,internal
558.4674383814684,1553.9721522379125,2239.7235996672225,3.8595180496138313,4.157114568804103,4.478994499018039,5512.820512820513,0.00010672011099901264,29.93574616553288,0.027000000000000003,0.32142857142857145,0-0-92-2,ae,UT_014,intvr,1,fave,109.12200186937291,41.24394612116855,5,transition,0,0.06000099999999975,gonna,into,R,N,R,N,internal
561.2067636252657,1337.4202339926035,2563.4594439135917,2.691183551050328,3.641690342733857,3.8681075333762323,5692.3076923076915,0.0002558578170823338,32.38774916553288,0.031,0.32978723404255317,0-0-99-1,ae,UT_014,intvr,1,fave,93.5835354713382,38.82022078440593,5,that,1,0.0699989999999957,"",has,DH,T,DH,T,internal
630.8278125727927,1347.7669497411866,2405.0404199086142,2.9343636942970193,3.76863862594106,3.999838747294011,5692.3076923076915,0.0006998900402503439,32.544746165532885,0.045,0.3358208955223881,0-0-100-1,ae,UT_014,intvr,1,fave,92.20154973305998,41.982161258213296,5,has,1,0.1100009999999969,that,forty,HH,Z,HH,Z,internal
491.26051713108257,1886.4406718719206,2689.831810793841,2.6010580381048776,3.667026519686016,3.7754796668565205,5333.333333333333,0.0014536072207312488,38.15474816553288,0.145,0.3341013824884792,0-0-113-0,ae,UT_014,intvr,1,fave,122.89257586405685,47.327623460339595,5,and,1,0.4100000000000037,"",you,#,N,"",N,initial
478.84323229307824,1790.4799738792774,2612.1775925109746,3.1988660882786424,3.5864247656886885,4.094430021812711,5333.333333333333,0.0034302509293709735,74.2914501655329,0.085,0.3346456692913386,0-0-174-0,ae,UT_014,intvr,1,fave,186.53243983548631,38.221813483279,5,and,1,0.22999599999999987,"",approximately,#,N,"",N,initial
536.2112780555982,1424.3336804975193,2568.7771438773116,2.0539032155851666,3.262219880713073,3.8984068655556876,5512.820512820513,0.00022361897113374658,146.8722531655329,0.031,0.32978723404255317,0-0-194-1,ae,UT_014,intvr,1,fave,108.02547866971756,48.95337139838335,5,that,1,0.06999200000001338,virginia,was,DH,#,DH,W,final
535.256259179737,1647.8772073077403,2403.961649046437,2.645978404633395,3.8160326251208443,4.271065705846995,4794.871794871795,0.000055844566809622176,151.80235783446713,0.027000000000000003,0.32142857142857145,0-0-200-0,ae,UT_014,intvr,1,fave,114.37788056004213,37.95706734244579,5,and,1,0.05999700000000985,"",then,#,N,"",N,initial
635.3391888262252,1458.0437126240022,2325.1657557269095,3.304970342001236,3.7630031103836994,3.744291761300096,5333.333333333333,0.005367928951818349,154.5243501655329,0.131,0.33248730964467005,0-0-209-1,ae,UT_014,intvr,1,fave,266.9598500075807,42.61523805487956,5,back,1,0.36999499999998875,got,"",B,K,B,K,internal
526.9831889966622,1358.5676376580227,2546.587158901128,1.9888739996977003,3.1982662651842255,3.6682360463813133,5692.3076923076915,0.00001403230714200808,156.9313411655329,0.025,0.33783783783783783,0-0-214-1,ae,UT_014,intvr,1,fave,548.3589919211031,45.58869072856122,5,that,1,0.05000299999997537,syracuse,was,DH,#,DH,W,final
483.26997348905724,1645.4857817470188,2479.5857967087372,2.986753863837885,3.870669623752581,3.9055486503277774,5512.820512820513,0.000015732235861350668,236.65185183446712,0.025,0.33783783783783783,0-0-253-1,ae,UT_014,intvr,1,fave,123.03530177217387,40.741590353384815,5,thank,1,0.050003000000003794,awesome,you,TH,NG,TH,NG,internal
545.5941290857712,1564.7170177257406,2526.0254935231596,3.1553877923692295,3.952624497927703,4.370063840620232,4974.358974358975,0.003104913268080471,268.2648578344671,0.051000000000000004,0.3311688311688312,0-0-277-1,ae,UT_014,intvr,1,fave,89.60453755229685,39.51905889466263,5,yeah,1,0.13000499999998283,"","",Y,#,Y,"",final
553.4424125471736,1362.462413026342,2369.9073161431866,2.526357502769005,3.3365719770219497,4.205691541311956,5871.794871794871,0.0001842285816893103,305.42483516553284,0.031,0.32978723404255317,0-0-289-1,ae,UT_014,intvr,1,fave,549.1248918291712,40.744444044073276,5,that's,1,0.0700069999999755,"",fair,DH,T,DH,T,internal
626.5694327412615,1632.583735395502,2825.8157607138664,3.8991732646561545,4.202762821972413,4.969464619841096,6230.7692307692305,0.002125018679600067,319.76823883446707,0.027000000000000003,0.32142857142857145,0-0-302-1,ae,UT_014,intvr,1,fave,112.70098232319832,32.830231412172544,5,that's,1,0.060027999999988424,"",happened,DH,T,DH,T,internal
739.7231888996989,1412.4430818611459,2397.5489332701536,3.511436291755324,3.9152728494111213,4.537559357259997,5692.3076923076915,0.002202148365845221,320.1552438344671,0.040999999999999995,0.33064516129032256,0-0-303-1,ae,UT_014,intvr,1,fave,137.92713055694554,37.635608232371695,5,happened,1,0.10000599999995075,that's,"",HH,P,HH,P,internal
568.9649542528946,1445.1124858716769,2475.189087301464,2.985533801955022,4.001466516471399,4.311621628378742,5512.820512820513,0.00013517299349817704,325.74824416553287,0.027000000000000003,0.32142857142857145,0-0-313-1,ae,UT_014,intvr,1,fave,116.40317211901436,39.81635921865077,5,that,1,0.05999800000000732,"",turned,DH,T,DH,T,internal
724.4434559655965,1628.1889475920823,3047.4334414438717,4.333164172130829,4.163449298159029,4.249862235423882,5512.820512820513,0.019604522697245472,332.4257571655329,0.08099999999999999,0.3319672131147541,0-0-323-1,ae,UT_014,intvr,1,fave,NaN,55.44745399322408,5,can,1,0.22000099999996792,"",you,K,N,K,N,internal
559.5006542917602,1646.5834602580835,2760.8954234879666,2.5195391497458535,3.2653494979082507,4.39965351890596,5692.3076923076915,0.0015738262873670407,335.38075916553294,0.11100000000000002,0.3323353293413174,0-0-330-1,ae,UT_014,intvr,1,fave,123.35005558456777,66.74383340345935,5,that,1,0.3099980000000073,explain,to,DH,T,DH,T,internal
556.6977234017814,1630.19381252477,2296.6340043437303,2.701709729686975,3.5850733120655214,3.8691930325663795,4794.871794871795,0.0007264436801706117,373.62605816553287,0.051000000000000004,0.3311688311688312,0-0-334-1,ae,UT_014,intvr,1,fave,448.00390361203256,40.32460400952047,5,yeah,1,0.12997500000000173,"","",Y,#,Y,"",final
567.8650963901059,1629.8937061635838,2641.2116362165616,2.6132317951520183,4.11953521404108,4.520082426389317,5512.820512820513,0.004403858264318663,389.6026485034014,0.055,0.3353658536585366,0-0-336-1,ae,UT_014,intvr,1,fave,100.30292460859562,40.43069466359277,5,yeah,1,0.14001500000000533,"","",Y,#,Y,"",final
579.4365172520471,1354.9564354513627,2541.8933235148475,2.2044261360038098,3.423589704971852,3.71777878280105,5512.820512820513,0.00008501477099264571,392.05804983446717,0.031,0.32978723404255317,0-0-340-1,ae,UT_014,intvr,1,fave,585.24871305016,48.14763944564355,5,that,1,0.07000799999997298,"",must,DH,T,DH,T,internal
547.6450258677582,1643.097684156785,2503.7849722242195,2.943318774926731,3.5838542898853607,4.372669929602109,5153.846153846154,0.0031808904690953143,399.2787471655329,0.057,0.3275862068965517,0-0-346-1,ae,UT_014,intvr,1,fave,48.04513018700341,39.89384070152572,5,yeah,1,0.1499939999999924,"","",Y,#,Y,"",final
552.3439259200627,1591.1464708438327,2433.702801486508,2.7475024161564496,4.036466864718321,4.052398064966524,5512.820512820513,0.0031827100649008877,404.38353916553285,0.067,0.32843137254901966,0-0-348-1,ae,UT_014,intvr,1,fave,552.4029361605398,40.341488105148095,5,yeah,1,0.1799930000000245,"","",Y,#,Y,"",final
586.6206737297902,1409.0789488306862,2526.929367730853,2.97224392425143,4.171490803296456,4.116771167949027,5692.3076923076915,0.0009514444174708097,405.53754883446715,0.055,0.33536585365853655,0-0-353-0,ae,UT_014,intvr,1,fave,104.85662624195804,42.81833416296883,5,at,1,0.14001500000000533,been,your,#,T,N,T,initial
530.5691672204865,1388.8795982646755,2577.5965898131894,2.636365863989398,3.3840862761103345,3.781574329009262,5692.3076923076915,0.0008967646991225383,413.9543564965986,0.061000000000000006,0.33152173913043487,0-0-366-1,ae,UT_014,intvr,1,fave,133.5885117682437,48.46150964237544,5,that,1,0.15997300000003634,is,down,DH,T,DH,T,internal
620.8593677394873,1716.6300409826697,3033.3664066144024,3.487241590036152,4.032041324927256,4.756980439732055,6589.74358974359,0.0008017596207207836,427.4741578344672,0.031,0.32978723404255317,0-0-378-1,ae,UT_014,intvr,1,fave,-404890.9338976748,41.89522253352692,5,yeah,1,0.0700069999999755,"",that's,Y,#,Y,DH,final
562.2364674433279,1299.1353682216945,2499.447919487539,2.4077603323071317,3.4306895694868302,3.554674535854494,5692.3076923076915,0.0001067691318860155,430.64213416553287,0.027000000000000003,0.32142857142857145,0-0-391-1,ae,UT_014,intvr,1,fave,454.3287858393493,42.6741860926204,5,that,1,0.05999800000000732,said,leap,DH,T,DH,T,internal
506.3214104769157,1678.7948840540466,2453.971713306623,3.3068992187939945,3.829235275243058,4.013249739341215,5153.846153846154,0.0013996940957499435,452.9882551655329,0.047,0.3263888888888889,0-0-402-1,ae,UT_014,intvr,1,fave,177.95909139999776,42.957976870419714,5,yeah,1,0.11999499999996033,"","",Y,#,Y,"",final
444.6618548482515,1643.7280091110529,2745.2429412526567,2.6602797233456235,3.6322227868358548,4.074118403627448,4974.358974358975,0.00022076388143911878,455.09285483446706,0.027000000000000003,0.32142857142857145,0-0-408-1,ae,UT_014,intvr,1,fave,393.6607972929937,42.128441436453826,5,thank,1,0.05999700000000985,"",you,TH,NG,TH,NG,internal
786.2736681992504,1476.917764958598,2948.9133468054233,3.4219658212773876,3.777024979877044,4.32787186047544,6589.74358974359,0.0070328666503015076,459.1573555034014,0.127,0.3307291666666667,0-0-415-1,ae,UT_014,intvr,1,fave,171.71996195594247,47.602671201955424,5,have,1,0.3600160000000301,you,"",HH,V,HH,V,internal
518.1841587247322,1806.6663895753586,2758.059232575479,3.0050718019635254,3.7735944297541346,4.613312701610814,5692.3076923076915,0.0033047178094502733,461.90935416553293,0.11100000000000002,0.3323353293413174,0-0-423-0,ae,UT_014,intvr,1,fave,109.27133844735054,44.20202056679077,5,and,1,0.3099980000000073,"",what,#,N,"",N,initial
561.2818566647982,1611.0814334570473,2660.609107941933,2.936264969086223,3.7607511259341364,4.695891104567917,6051.282051282051,0.005322059506430664,494.11314016553285,0.07100000000000001,0.3317757009345795,0-0-434-1,ae,UT_014,intvr,1,fave,569.4234188459684,42.69542185552328,5,yeah,1,0.19000200000004952,"","",Y,#,Y,"",final
559.5825593506,1626.6087404452958,2359.0260699731652,3.0124909458851827,3.7366018236748157,3.863733162483763,4974.358974358975,0.0022912780160026873,502.7182495034014,0.055,0.3353658536585366,0-0-436-1,ae,UT_014,intvr,1,fave,551.3486259342177,42.02191246994822,5,yeah,1,0.14001400000000785,"","",Y,#,Y,"",final
560.3957000898082,1721.5154017279808,2416.918337835843,2.9191501056079674,4.056823267587378,4.801350303687207,5512.820512820513,0.002632330904945987,512.1045411723355,0.065,0.3350515463917526,0-0-454-1,ae,UT_014,intvr,1,fave,97.96837972886364,40.54805229953595,5,yeah,1,0.17004399999996167,"","",Y,#,Y,"",final
561.140007911477,1614.1278362470184,2821.1264157381756,3.3181369137740933,4.082262865023555,4.46860127484639,5692.3076923076915,0.004016749562921801,529.4136658276643,0.07100000000000001,0.33177570093457953,0-0-456-1,ae,UT_014,intvr,1,fave,134.47289066311922,39.932525468475944,5,yeah,1,0.18994099999997616,"","",Y,#,Y,"",final
570.4853994735776,1610.0285953029625,2239.3752804892624,2.5178632229416955,3.778993370413849,4.0074205387942134,5512.820512820513,0.0005435933135339756,532.6956528276644,0.035,0.3365384615384616,0-0-469-0,ae,UT_014,intvr,1,fave,308.0963659364641,40.90521126946753,5,activity,0,0.0799570000000358,favorite,to,#,K,T,K,initial
611.5260138146708,1456.2269630242981,2278.0477117141754,2.9367723534067456,3.4892070813963967,4.049343292616151,5692.3076923076915,0.00021073097715889726,559.820256834467,0.031,0.32978723404255317,0-0-483-1,ae,UT_014,intvr,1,fave,89.90210709137125,40.853145437873636,5,back,1,0.07000800000002982,get,there,B,K,B,K,internal
502.5042260352466,1804.4561989249232,2525.6043053877975,3.0647036308610343,4.228541824617379,4.896826995770335,5871.794871794871,0.0012692373678158185,560.6452534965987,0.040999999999999995,0.33064516129032256,0-0-487-0,ae,UT_014,intvr,1,fave,92.18304552648885,38.489229297757134,5,as,1,0.09997499999997217,often,you,#,Z,N,Z,initial
548.5588532685854,1719.8487758687231,2370.2791245641024,3.198738087867648,3.944032416680835,4.134626137178989,4974.358974358975,0.0019435628746688365,560.9482471655328,0.047,0.3263888888888889,0-0-489-1,ae,UT_014,intvr,1,fave,96.70106724638225,37.87198195633969,5,can,1,0.11999500000001717,you,"",K,N,K,N,internal
606.2346559877175,1375.4476506224169,2271.1423648654622,3.529440888308333,4.323775632193004,4.106156512381087,5512.820512820513,0.0010673895926288702,567.0246614965986,0.037,0.32456140350877194,0-0-502-1,ae,UT_014,intvr,1,fave,93.84086702181182,37.5026395186067,5,back,1,0.08996600000000399,go,"",B,K,B,K,internal
536.4759277281084,1568.8936930929467,2366.8818977166525,2.773659523101354,3.869015478225603,4.548235337827463,5692.3076923076915,0.0022234224595008914,575.4741695034013,0.055,0.33536585365853655,0-0-504-1,ae,UT_014,intvr,1,fave,125.9989103767313,41.37940937828246,5,yeah,1,0.1400149999999485,"","",Y,#,Y,"",final
463.2082896780445,1709.6980529068426,2557.522921505322,2.594622328802076,3.724150504392214,4.322111957948801,5512.820512820513,0.0011169494281993363,606.6157378344672,0.037,0.32456140350877194,0-0-540-1,ae,UT_014,intvr,1,fave,502.9101909391494,48.765229584231975,5,yeah,1,0.09002699999996366,"","",Y,#,Y,"",final
569.3504755854005,1466.955345622056,2607.426565523875,2.3659193227206523,3.567521164828518,3.546299374183745,5333.333333333333,0.0005582041419402762,643.3081471655329,0.045,0.3358208955223881,0-0-571-1,ae,UT_014,intvr,1,fave,91.974631209509,45.8175051590537,5,that,1,0.10998600000004899,into,in,DH,T,DH,T,internal
555.0310741136682,1617.935097350248,2479.2675708045826,2.8008650575060208,3.8681715707010293,4.57212918360746,5512.820512820513,0.002871595084271938,665.4041684965986,0.057,0.32758620689655177,0-0-577-1,ae,UT_014,intvr,1,fave,93.80963483659137,43.06845366338204,5,yeah,1,0.14996400000006815,"","",Y,#,Y,"",final
580.8256985414689,1605.9520854550035,2546.925000283122,2.6752058739169153,3.909944346355613,4.348617154766437,5692.3076923076915,0.0014511306783812894,670.6173421655329,0.065,0.33505154639175255,0-0-579-1,ae,UT_014,intvr,1,fave,431.30205191981673,42.9023709065954,5,yeah,1,0.169983000000002,"","",Y,#,Y,"",final
567.634719277424,1549.767288667728,2599.4761994242067,1.7924528146419143,3.206151069928658,3.645763274180793,5692.3076923076915,0.00020038930958720056,674.3263444965987,0.04100000000000001,0.3306451612903227,0-0-586-1,ae,UT_014,intvr,1,fave,574.5002929427238,46.97144191461352,5,that,1,0.09997599999996964,bet,interest,DH,T,DH,T,internal
630.2598481388337,1641.1020744382597,2426.25049525197,2.936660296157162,4.161344943466675,4.251257127615837,5692.3076923076915,0.0012409510737169786,689.2393231655329,0.047,0.3263888888888889,0-0-626-3,ae,UT_014,intvr,1,fave,100.20693773362167,42.2623228154148,5,mechanic,1,0.11999499999990348,a,"",K,N,K,N,internal
557.6154385433754,1593.3894279234762,2585.003909447216,2.6163869834909996,3.675725895010431,4.300735870163715,5692.3076923076915,0.001995784194669445,713.9548305034015,0.061000000000000006,0.33152173913043487,0-0-638-1,ae,UT_014,intvr,1,fave,570.2531630424886,43.05378344024609,5,yeah,1,0.160033999999996,"","",Y,#,Y,"",final
555.5676934834253,1297.1033138510695,2540.4267619599927,2.495980955041154,3.6184470744129213,4.277182635356583,5692.3076923076915,0.00022919818196189608,729.1651668344671,0.031,0.32978723404255317,0-0-643-1,ae,UT_014,intvr,1,fave,539.2513679826247,41.39088304266478,5,that,1,0.07000700000003235,all,stuff,DH,T,DH,T,internal
542.5412995824078,1693.140441622292,2570.4736815291913,3.0986949974610454,3.8253060840287545,4.683714784346792,6051.282051282051,0.0028151868981497272,758.9183614965987,0.065,0.33505154639175255,0-0-675-1,ae,UT_014,intvr,1,fave,89.32872806018295,40.87758973475599,5,yeah,1,0.169983000000002,"","",Y,#,Y,"",final
567.7697204451448,1568.536977755753,2514.164740512195,3.288614495252668,3.9182399314522574,4.496480205408446,4974.358974358975,0.0029927873653595354,771.6058671655329,0.065,0.3350515463917526,0-0-686-1,ae,UT_014,intvr,1,fave,140.65598351376192,38.6071641468939,5,yeah,1,0.169983000000002,"","",Y,#,Y,"",final
514.1093956347986,1500.611323825618,2403.95740962389,2.2935428170016756,3.8748822856344787,3.716129871160954,4615.384615384615,0.000300689898370218,774.5879578344671,0.031,0.32978723404255317,0-0-692-0,ae,UT_014,intvr,1,fave,516.1128552073244,38.914517821732595,5,and,1,0.07000699999991866,"",then,#,N,"",N,initial
603.9364083447051,1770.1138286926525,2521.6570989768197,2.92626385790479,4.055784961225615,4.527177842358423,6410.25641025641,0.0021134536071872414,798.7227584965985,0.061000000000000006,0.33152173913043487,0-0-735-1,ae,UT_014,intvr,1,fave,203.0558174838792,47.898969010672324,5,yeah,1,0.15997300000003634,"","",Y,#,Y,"",final
533.4731295681084,1679.7341087448285,2588.991473316543,2.998702357645844,3.930969654515892,4.61557470018268,6051.282051282051,0.0018233433798108501,824.2009321655329,0.047,0.3263888888888889,0-0-744-1,ae,UT_014,intvr,1,fave,91.66777563911282,39.15513682677882,5,yeah,1,0.11999500000001717,"","",Y,#,Y,"",final
551.0868705274838,1449.0635114893075,2485.19957678428,2.131955442797713,3.9879768924338146,3.897669035298238,5692.3076923076915,0.0008501032160262766,825.2409578344672,0.087,0.32954545454545453,0-0-749-1,ae,UT_014,intvr,1,fave,197.06098602193532,48.46951114824574,5,that,1,0.23998999999992066,see,"",DH,T,DH,T,internal
594.9376256756408,1720.8155519782533,2617.648985934846,3.347209560014012,4.187979542273029,4.314840368873959,5692.3076923076915,0.001294836285919794,828.554922834467,0.035,0.3365384615384616,0-0-760-0,ae,UT_014,intvr,1,fave,915.907933920306,38.00795600020067,5,at,1,0.08001800000010917,"",your,#,T,"",T,initial
562.8948863744943,1678.0720271458922,2362.8279049684947,2.720971957514244,3.686090327415649,4.481739717112569,4615.384615384615,0.0021885025298031754,842.0621598276643,0.055,0.33536585365853655,0-0-764-1,ae,UT_014,intvr,1,fave,373.5147667026667,44.11123727670849,5,yeah,1,0.13995300000010502,"","",Y,#,Y,"",final
593.3818089103198,1523.52616553106,2425.575770133308,2.370005784741656,4.069384062617236,3.9669749145491258,4974.358974358975,0.00010740608299846793,857.3153748344671,0.031,0.32978723404255317,0-0-771-1,ae,UT_014,intvr,1,fave,101.11948726256668,47.07465819940397,5,that's,1,0.07000700000003235,mean,"",DH,T,DH,T,internal
609.5526194439705,1452.1315448237353,2114.903742712393,2.8046464042452746,3.949956639228071,3.884476439697231,5512.820512820513,0.0013503337752809221,858.7773258344671,0.055,0.3353658536585366,0-0-780-1,ae,UT_014,intvr,1,fave,86.40212737061908,40.92886356344033,5,back,1,0.140013999999951,come,to,B,K,B,K,internal
379.589701034594,1999.0862919453848,2886.088684377064,2.5755485968195617,3.5838925881629504,4.064115258949444,5333.333333333333,0.001661989755831671,860.9033251655329,0.047,0.3263888888888889,0-0-792-1,ae,UT_014,intvr,1,fave,292.91660006837196,54.84230151966358,5,that's,1,0.11999500000001717,hours,wasted,DH,T,DH,T,internal
555.0362312603487,1587.8460262253732,2439.929390029438,2.590522305483629,3.7558572847657694,4.344843782155211,5692.3076923076915,0.0016810668544295832,872.7808335034014,0.057,0.32758620689655177,0-0-798-1,ae,UT_014,intvr,1,fave,411.32870616477294,40.48931906730301,5,yeah,1,0.15002500000002783,"","",Y,#,Y,"",final
466.60636895441667,1716.2687504354856,2983.3410787411767,2.123559578570654,4.0024937050332685,4.714375995332256,5692.3076923076915,0.00014048543586785836,876.4320211655329,0.027000000000000003,0.32142857142857145,0-0-808-1,ae,UT_014,intvr,1,fave,145.6790788060641,46.127074054935136,5,thank,1,0.059996999999953005,"",you,TH,NG,TH,NG,internal
738.4764740352124,1464.1983384686173,2462.049058792844,3.845054309385455,3.692189601429289,3.990008070672126,5512.820512820513,0.002986652379015401,881.1482591655329,0.047,0.3263888888888889,0-0-825-1,ae,UT_014,intvr,1,fave,171.25804002735651,40.83919164473413,5,last,1,0.11999500000001717,"",portion,L,S,L,S,internal
458.11584428581983,2296.5057224441475,3345.418529281203,3.7027340764644268,4.048894282879048,4.4057653651391835,6948.717948717948,0.005096805157002097,891.0952674965987,0.161,0.33264462809917356,0-0-849-0,ae,UT_014,intvr,1,fave,113.68121782634535,46.6954731132704,5,and,1,0.45996099999990747,"","",#,N,"",N,initial
601.10531728885,1541.1884725886723,2680.83877818034,3.049086580806166,3.813057024902154,4.488052482804718,5692.3076923076915,0.0019405818746314604,894.6132405034014,0.037000000000000005,0.324561403508772,0-0-863-0,ae,UT_014,intvr,1,fave,114.11840392503572,40.907534799870774,5,at,1,0.09002700000007735,them,a,#,T,M,T,initial
678.3507065982309,1589.4404200922356,2971.7250533694273,3.006211601154425,3.94686311127597,4.505708616812922,6589.74358974359,0.0032820306133086617,900.9176341655328,0.091,0.33211678832116787,0-0-880-1,ae,UT_014,intvr,1,fave,140.82018048955874,46.26456643979656,5,fast,1,0.25,too,you're,F,S,F,S,internal
475.4905408349382,1743.6679425299308,2776.960164993926,2.832018744206875,3.9647115861675566,4.560026287585084,5692.3076923076915,0.0006939441948294986,922.1512508344671,0.031,0.32978723404255317,0-0-937-0,ae,UT_014,intvr,1,fave,132.60296832060973,37.73741381524394,5,and,1,0.07000700000003235,"",whenever,#,N,"",N,initial
477.1368953759809,1629.928932178671,2697.0358378018773,2.6110310619228123,3.583031063645939,4.315226691741741,5692.3076923076915,0.00038400179366790876,1088.6121014965988,0.035,0.33653846153846156,0-0-943-1,ae,UT_014,intvr,1,fave,115.68761888587062,42.3673165681958,5,thank,1,0.07995600000003833,awesome,you,TH,NG,TH,NG,internal
529.083415144818,1585.580510131067,2616.6318441807284,2.8235296416737943,3.6446802316688944,4.072522446134001,5512.820512820513,0.0012730985977164495,7.20074716553288,0.061000000000000006,0.3315217391304348,0-0-20-1,e,UT_014,intvr,1,fave,195.56402553284346,47.81819729388369,5,read,1,0.16000000000000014,you,"",R,D,R,D,internal
371.7150347026574,1928.9775339128907,2786.310877726799,2.394665648811215,3.826192103806088,3.730000722225782,6230.7692307692305,0.00007604710044290397,7.653747165532879,0.027000000000000003,0.32142857142857145,0-0-22-1,e,UT_014,intvr,1,fave,120.80418182079632,44.25528007043884,5,there's,1,0.0600000000000005,"","",DH,R,DH,R,internal
510.0049072358435,1277.6551080484953,2371.511492764951,3.6145385941160737,3.9455420654700464,5.12220006714808,6051.282051282051,0.0006454616675069789,14.23374716553288,0.027000000000000003,0.32142857142857145,0-0-42-2,e,UT_014,intvr,1,fave,99.63088627714615,39.55218685759818,5,where,1,0.05999999999999872,"",i,W,R,W,R,internal
493.42702422436116,1698.0726765913566,2630.1196099098897,2.5583818274576866,3.921665941643484,4.062776669200824,5512.820512820513,0.00012746543678302812,18.58574716553288,0.031,0.32978723404255317,0-0-57-1,e,UT_014,intvr,1,fave,134.76167447574693,47.54618820137676,5,narrative,1,0.06999899999999926,personal,"",N,R,N,R,internal
505.7428244684975,1685.0772735773457,2716.7012203441727,2.601597364133684,3.6347046579510986,4.097851630367623,5512.820512820513,0.000972151534110916,21.21374716553288,0.087,0.32954545454545453,0-0-64-1,e,UT_014,intvr,1,fave,112.64075890832856,46.979478568576674,5,then,1,0.23999999999999844,and,talk,DH,N,DH,N,internal
546.1296445324315,1249.9171179878617,2226.7654209321945,2.415652158537733,3.6352300746924655,3.9776902760228023,5512.820512820513,0.00012243997142625228,45.59294816553288,0.027000000000000003,0.32142857142857145,0-0-133-2,e,UT_014,intvr,1,fave,105.84321811503088,49.22267605013788,5,question,1,0.05999700000000274,hardest,"",W,SH,W,SH,internal
462.8750732789957,1820.9503572387982,2524.375911186291,3.044880896328336,3.954486660078283,4.3391279490745225,5871.794871794871,0.0008237936151766243,51.89515183446712,0.035,0.3365384615384616,0-0-149-1,e,UT_014,intvr,1,fave,322.06662712723084,41.958541467005595,5,gender,1,0.08000200000000035,your,"",JH,N,JH,N,internal
429.1846305618495,1639.8847139825843,2539.8058919965865,1.6350917374437852,3.919733847146099,3.888118382419152,5512.820512820513,0.000028219093210502148,145.73025416553287,0.027000000000000003,0.32142857142857145,0-0-191-1,e,UT_014,intvr,1,fave,412.2261805789966,51.45564994648692,5,said,1,0.0599979999999789,you,in,S,D,S,D,internal
469.9511916518859,1737.4924496635756,2628.0234557684234,2.734512833727579,3.791638261344933,4.324137709498204,5153.846153846154,0.002476608838776911,152.02834416553287,0.119,0.3361581920903954,0-0-201-1,e,UT_014,intvr,1,fave,107.26675618393219,45.04440115009003,5,then,1,0.33000200000000746,and,"",DH,N,DH,N,internal
537.3634770369368,1709.2397859076418,2310.8047463190646,2.4218522278501218,3.5507621429796576,3.5633198452595107,4615.384615384615,0.0009545472311010774,171.14285483446713,0.045,0.3358208955223881,0-0-238-2,e,UT_014,intvr,1,fave,504.0312476118394,39.67488739942273,5,schedule,1,0.11000100000001112,daily,"",K,JH,K,JH,internal
536.1564068709804,1801.6593628954447,2357.9439942923973,3.7145150005469194,3.577237432020087,3.840885480409855,5333.333333333333,0.00012449516427152219,240.00285783446714,0.027000000000000003,0.32142857142857145,0-0-260-1,e,UT_014,intvr,1,fave,187.49254875803797,48.160211940851546,5,next,1,0.05999800000000732,"",question,N,K,N,K,internal
550.8035947054617,1249.067661974794,1972.0252119374925,3.216961743126845,4.315805331477892,3.877999552026737,5512.820512820513,0.00007888280050596096,240.43284516553285,0.027000000000000003,0.32142857142857145,0-0-261-2,e,UT_014,intvr,1,fave,134.61713322380916,43.30757135828074,5,question,1,0.05999700000000985,next,"",W,S,W,S,internal
460.6029117787458,1581.1737069346373,2447.80129127185,2.4575520918488585,3.8988433611884252,4.1649800309631795,5512.820512820513,0.00003506650154332306,271.57104750340136,0.025,0.33783783783783783,0-0-287-5,e,UT_014,intvr,1,fave,456.61614488562105,40.27355986419781,5,military,2,0.050018000000022766,the,"",T,R,T,R,internal
502.9622042213482,1486.7811485209634,2349.3073482119557,2.559167904626268,3.636348281916807,4.3454418940720165,5692.3076923076915,0.0002294449811156529,305.6478361655329,0.037,0.32456140350877194,0-0-290-1,e,UT_014,intvr,1,fave,105.75358276725531,46.28359824285554,5,fair,1,0.08999699999998256,that's,"",F,R,F,R,internal
567.936455203166,1450.4384354298286,2470.3505062208415,2.339385481237386,3.529732446447358,3.992051462117317,5512.820512820513,0.000024573601500116445,324.9402528344672,0.031,0.32978723404255317,0-0-311-3,e,UT_014,intvr,1,fave,116.32977725984875,46.999533484657725,5,whenever,1,0.0700069999999755,just,"",N,V,N,V,internal
545.9732084472332,1552.6119404115489,2456.0891594240547,1.8315131333361079,2.9361895680972077,4.065897000940509,5512.820512820513,0.00011153209300806164,326.41325383446707,0.037,0.32456140350877194,0-0-316-1,e,UT_014,intvr,1,fave,110.91624463589507,51.41852891212764,5,better,1,0.08999599999998509,out,than,B,T,B,T,internal
547.3875015051848,1490.3906736373533,1986.5615930241233,3.3780202429194843,3.791776400186374,3.6398635711835854,5153.846153846154,0.00022203893389523816,327.1502438344672,0.031,0.32978723404255317,0-0-319-4,e,UT_014,intvr,1,fave,552.2367460812819,36.02366668248247,5,expected,1,0.0700069999999755,you,it,P,K,P,K,internal
444.18700596286965,1491.920749608304,2493.8962862070694,2.368595406838194,3.7788631806732766,3.7782539053025266,5512.820512820513,0.00004125079911320698,430.5211448344671,0.025,0.33783783783783783,0-0-390-1,e,UT_014,intvr,1,fave,424.98921943875524,45.77109207591082,5,said,1,0.0500189999999634,you,that,S,D,S,D,internal
463.73171389525527,1793.8461905164709,3194.6370059888936,3.005655315234853,3.468577490626737,4.5416867615243275,6410.25641025641,0.00039990239865639245,455.48684450340136,0.035,0.3365384615384616,0-0-411-1,e,UT_014,intvr,1,fave,497.9652482302208,44.34692231723528,5,sharing,1,0.080016999999998,for,"",SH,R,SH,R,internal
481.29533224363314,1608.7859775352615,2319.4314834622787,2.9470108252779594,3.6151039286520454,3.551698965748198,4615.384615384615,0.00031331312043247927,509.5798398344671,0.031,0.32978723404255317,0-0-451-4,e,UT_014,intvr,1,fave,496.8938714633888,49.26977924514456,5,rafael,1,0.07000700000003235,san,swell,ay,L,ay,L,internal
461.5761274701812,1549.2023816540677,2488.4077614317966,2.6280116096618658,3.605191436519694,4.769619122170856,5871.794871794871,0.00016373046537518636,560.1582341723355,0.027000000000000003,0.32142857142857145,0-0-485-0,e,UT_014,intvr,1,fave,93.2689817629658,39.76404159625785,5,as,1,0.06005900000002384,there,often,#,Z,R,Z,initial
491.1143177499704,1363.2723625640594,2813.826771456019,2.538161324176998,3.667962972553842,4.103819962986115,5512.820512820513,0.0003169252218582938,585.4188295034013,0.04100000000000001,0.3306451612903227,0-0-523-3,e,UT_014,intvr,1,fave,108.30318864720383,42.13660349525348,5,yourself,1,0.10003700000004301,consider,"",S,L,S,L,internal
660.4641513494499,1676.8238617963514,2432.8895711345267,3.170691614156428,3.7814129690489664,3.9298062514237873,5512.820512820513,0.001356223628762826,586.8588664965986,0.061000000000000006,0.33152173913043487,0-0-528-0,e,UT_014,intvr,1,fave,-4196.542991680281,35.21701836811698,5,expert,1,0.15997300000003634,an,in,#,K,N,K,initial
512.2025103238088,1603.8665217625057,2527.359886193649,2.195563516539781,3.3272895213107527,4.077974830624212,5512.820512820513,0.0007660347386227749,673.8993481655328,0.067,0.32843137254901966,0-0-585-1,e,UT_014,intvr,1,fave,109.667968363732,49.36888222249701,5,bet,1,0.17999200000008386,i,that,B,T,B,T,internal
487.1747244767163,1160.492043066658,2476.913672819354,2.8820731236977477,4.417377275816533,4.005776792129111,5153.846153846154,0.0001524986609818142,688.4893331655329,0.027000000000000003,0.32142857142857145,0-0-623-2,e,UT_014,intvr,1,fave,108.33092901684662,45.45941821175458,5,essentially,1,0.059996999999953005,were,just,S,N,S,N,internal
428.21293558142247,969.3653654187359,2305.699149387418,3.1172126100871536,4.046686775338905,3.6408519817661946,4435.897435897436,0.00035175906388891325,735.412222834467,0.035,0.3365384615384616,0-0-662-0,e,UT_014,intvr,1,fave,92.98508376450847,36.6335200348494,5,engine,1,0.080016999999998,"",that,#,N,"",N,initial
543.1645811302535,1751.7139057370432,2627.742469848458,3.2094605944566927,3.9345426601582645,3.469473315875895,4974.358974358975,0.0009496223213086175,774.7799498344671,0.055,0.3353658536585366,0-0-693-1,e,UT_014,intvr,1,fave,140.43269290889393,43.78287183363838,5,then,1,0.1400149999999485,and,"",DH,N,DH,N,internal
433.94339542777897,1908.7335417134486,2981.978788934111,3.492975919948369,3.5337662226579614,4.4071332961552745,6230.7692307692305,0.00017846408525455228,787.4259398412697,0.027000000000000003,0.32142857142857145,0-0-727-1,e,UT_014,intvr,1,fave,438.6395474359454,48.049404641058494,5,tearing,1,0.06005900000002384,"",an,T,R,T,R,internal
536.1596024584355,1275.1520997821256,2286.1531023240173,3.0184068965992226,4.220290368769174,4.245694454809019,5333.333333333333,0.0006856615788788369,819.4005335034013,0.037,0.32456140350877194,0-0-742-1,e,UT_014,intvr,1,fave,87.48376535255277,38.754654400741174,5,sense,1,0.09002700000007735,makes,"",S,N,S,N,internal
575.7466296573746,1868.2171282139784,2800.0704642444043,3.217391185017244,3.9386128578390998,4.393302723395905,5692.3076923076915,0.0001841742624293672,880.3282611655329,0.027000000000000003,0.32142857142857145,0-0-822-1,e,UT_014,intvr,1,fave,141.76017887898553,46.15057407729575,5,mentioned,1,0.05999799999995048,i,this,M,N,M,N,internal
453.3892171462857,1563.902798390871,2557.3426206921754,1.7440148285446018,3.9342378570419156,3.968114648706665,5512.820512820513,0.00015694497056645919,885.9802308344671,0.031,0.32978723404255317,0-0-838-1,e,UT_014,intvr,1,fave,111.28117743104829,53.60949856441252,5,there,1,0.07000700000003235,[bracketed],are,DH,R,DH,R,internal
589.8361783034023,1729.7845521419392,2597.85932302532,3.249083935365455,3.5308078548373745,3.6543438782042457,4974.358974358975,0.003920658003231245,893.8352535034014,0.08100000000000002,0.3319672131147542,0-0-858-2,e,UT_014,intvr,1,fave,165.92972749211302,43.3946698065752,5,ahead,1,0.2200310000000627,go,"",HH,D,HH,D,internal
506.19576118322436,1932.7276503553553,2674.5753703607043,3.4428502094112488,4.265999343666192,4.3394632696611914,6051.282051282051,0.0015419779868582944,910.8544515034014,0.037000000000000005,0.324561403508772,0-0-909-0,e,UT_014,intvr,1,fave,117.29152374820539,42.564924676887436,5,any,1,0.09002699999996366,over,of,#,N,*hr,N,initial
572.8697315882421,1466.4662612961044,2626.985349349924,3.1686688471324813,4.132148156889142,4.287379244916689,5871.794871794871,0.00020119564454908212,911.3294211655328,0.027000000000000003,0.32142857142857145,0-0-912-1,e,UT_014,intvr,1,fave,129.82572841917022,43.46919927226867,5,sentences,1,0.05999700000006669,the,"",S,N,S,N,internal
528.1422871393388,1282.228294011352,2571.736004741835,2.68923608424245,3.701168120545912,4.031756745196526,5333.333333333333,0.00013901614850237402,915.7034714965987,0.035,0.3365384615384616,0-0-929-1,e,UT_014,intvr,1,fave,104.13399178171629,43.771564409666595,5,second,1,0.07995599999992464,a,"",S,K,S,K,internal
456.4947092439486,1585.9423606692972,2603.1440262036367,3.2733843081804084,3.530962704966807,3.449661788270589,5512.820512820513,0.000038491227573558855,916.6794571655329,0.027000000000000003,0.32142857142857145,0-0-932-1,e,UT_014,intvr,1,fave,105.63635807077773,44.26625507662472,5,then,1,0.05999800000006417,and,reread,DH,N,DH,N,internal
547.8169076931965,1736.84833314148,2537.894882537755,4.050724375024047,4.119635134872337,3.9468616191865653,5871.794871794871,0.008190993783499146,922.3932408344671,0.035,0.3365384615384616,0-0-938-1,e,UT_014,intvr,1,fave,-7964.850783285272,51.11151103906696,5,whenever,0,0.080016999999998,and,you're,W,N,W,N,internal
515.7273520201292,1810.900429256475,2622.590885208067,2.707850173997125,3.7575208158159916,4.242036127573941,4794.871794871795,0.00003681204094111878,922.4992268344671,0.027000000000000003,0.32142857142857145,0-0-938-3,e,UT_014,intvr,1,fave,136.66349282678138,53.34350815401715,5,whenever,1,0.05999700000006669,and,you're,N,V,N,V,internal
536.9136482703522,1470.9433011537687,2573.008412487823,2.7555539904255233,3.982126565980603,4.588249285011887,5692.3076923076915,0.0011130785881832668,922.903250834467,0.035,0.3365384615384616,0-0-940-1,e,UT_014,intvr,1,fave,517.6941178990719,40.56982216013986,5,ready,1,0.080016999999998,you're,"",R,D,R,D,internal
444.67119637422894,1310.5473417857506,3015.6726846624315,3.2452398390361075,3.0294642385703727,4.374212843138145,6051.282051282051,0.003361167690440511,10.35574716553288,0.031,0.32978723404255317,0-0-31-1,*hr,UT_014,intvr,1,fave,141.6093165605103,49.39257200219346,5,first,1,0.07000000000000028,the,part,F,S,F,S,internal
444.71349939122274,1608.7283411966946,2558.554654226397,2.925635465465515,3.499292408781765,4.232729430055256,5333.333333333333,0.002668834124845486,13.37874716553288,0.057,0.32758620689655177,0-0-40-3,*hr,UT_014,intvr,1,fave,134.08867510256488,44.20964351203505,5,interview,0,0.15000000000000036,"","",T,V,T,V,internal
511.0411317245205,1067.3382017882464,1494.5082127475769,2.766732877234231,3.824301370248844,3.4861891335185105,4794.871794871795,0.000779607735198747,18.23774616553288,0.035,0.33653846153846156,0-0-56-1,*hr,UT_014,intvr,1,fave,510.36486440016637,44.00257246598483,5,personal,1,0.0799999999999983,a,narrative,P,S,P,S,internal
432.069262284688,1206.8812573888924,2833.982651170106,3.3324472355437114,3.412555442845212,4.443771898739369,5871.794871794871,0.00011292938837605056,28.03774616553288,0.031,0.32978723404255317,0-0-85-1,*hr,UT_014,intvr,1,fave,144.73968733314882,41.181465217046636,5,we're,1,0.07000000000000028,once,done,W,#,W,D,final
439.4042276684253,1031.300808017822,1472.5234510178823,2.036252421310851,3.4801629017199915,4.100740131522218,4794.871794871795,0.00008695560214016927,29.56774716553288,0.031,0.32978723404255317,0-0-90-1,*hr,UT_014,intvr,1,fave,108.98930678293749,46.939640965833526,5,we're,1,0.07000000000000028,"",gonna,W,#,W,G,final
567.0267584708022,1230.8830648392004,3033.45890885299,3.936113141856755,3.9635722262375563,5.041918011078406,7128.205128205128,0.00400963938344569,34.40974516553288,0.035,0.3365384615384616,0-0-105-1,*hr,UT_014,intvr,1,fave,97.94857007964434,40.430103306383025,5,worry,1,0.08000200000000035,don't,there's,W,iyF,W,iyF,internal
479.7173018288339,1164.5775867494679,1482.5370724703557,2.197257000016616,3.457285170025717,3.7693818903513576,3897.4358974358975,0.002080963359806875,35.25975083446711,0.055,0.3353658536585366,0-0-109-1,*hr,UT_014,intvr,1,fave,99.95989694948,46.885449690717714,5,words,1,0.14000400000000468,weird,"",W,D,W,D,internal
464.8601740336787,1596.2499862088457,2411.6750614639996,3.058001253121209,3.2523300064211105,4.6535853297165515,5692.3076923076915,0.02113231652070055,52.09115283446712,0.067,0.32843137254901966,0-0-149-4,*hr,UT_014,intvr,1,fave,454.37741362549616,34.61910725396433,5,gender,0,0.17999999999999972,your,"",D,#,D,"",final
376.4676056759592,1347.8808127053242,2820.675996283338,2.9742821894885103,3.0302314634025262,4.839158180319101,6410.25641025641,0.0023934807591771945,146.24225383446714,0.031,0.32978723404255317,0-0-193-1,*hr,UT_014,intvr,1,fave,120.37894873782612,44.360000867176886,5,virginia,0,0.06999299999998243,in,that,V,JH,V,JH,internal
441.57391642525545,1256.3956097156301,1536.3938233354709,2.551727083883026,3.060546591492498,4.742086378579633,5512.820512820513,0.00863715748222589,172.28285983446713,0.065,0.33505154639175255,0-0-242-0,*hr,UT_014,intvr,1,fave,103.4283579407314,47.52126017731714,5,or,0,0.16999799999999254,like,like,#,#,K,L,coextensive
424.1488334236093,1617.5971259385533,2606.3526239663756,3.5216787752342107,3.217031603376553,4.778192200808963,5333.333333333333,0.0006060470822151484,271.01404383446715,0.031,0.32978723404255317,0-0-284-1,*hr,UT_014,intvr,1,fave,390.5215000467428,41.348554260019256,5,serve,1,0.07000700000003235,"",in,S,V,S,V,internal
453.68419149046247,1339.2713123126223,3144.235365936989,3.0378536271387673,2.9578313459048178,4.419304061049344,6410.25641025641,0.003566966070673562,325.1182558344671,0.067,0.32843137254901966,0-0-311-5,*hr,UT_014,intvr,1,fave,202.3056588565602,41.7677437068748,5,whenever,0,0.1799930000000245,just,"",V,#,V,"",final
461.0039483862389,1934.9873690219817,2734.3937490287217,2.4135522094291595,3.935670392115143,4.495598067154562,6051.282051282051,0.00036869541076162523,326.5422531655329,0.035,0.3365384615384616,0-0-316-3,*hr,UT_014,intvr,1,fave,114.74251805450074,50.30708310677582,5,better,0,0.07998600000001943,out,than,T,#,T,DH,final
581.6540964320066,1276.870272265575,1615.0884685445465,3.4188175601051882,3.5179152665399105,4.486348964297178,5153.846153846154,0.004941935420561854,406.05253783446716,0.045,0.3358208955223881,0-0-355-1,*hr,UT_014,intvr,1,fave,137.5384444485194,45.0530044238828,5,current,1,0.11001599999997325,your,job,K,@,K,@,internal
655.2331032497934,1518.049661250642,3101.586558045738,3.7716529782760393,3.2577334817727914,4.347266073899731,6948.717948717948,0.00272020758545391,414.8843541655329,0.061000000000000006,0.3315217391304348,0-0-369-1,*hr,UT_014,intvr,1,fave,169.2627145070484,40.530100156958994,5,kearns,1,0.1600040000000149,in,or,K,N,K,N,internal
414.8692493259304,1106.8145942328892,1654.2634745600415,2.405725571321492,3.436540470495908,3.983990709241886,4256.410256410256,0.004076827160178099,415.44629248299316,0.10500000000000001,0.33439490445859876,0-0-370-0,*hr,UT_014,intvr,1,fave,188.84365226255005,43.28423977344558,5,or,0,0.289826000000005,kearns,"",#,#,Z,"",coextensive
401.67005569295407,1505.1203613005196,1672.809454039433,2.806606544660391,3.740059893714998,4.354644302200716,5153.846153846154,0.00042702023849224615,455.3228601655329,0.027000000000000003,0.32142857142857145,0-0-410-1,*hr,UT_014,intvr,1,fave,117.17948464997463,41.23587459308871,5,for,0,0.059996999999953005,you,sharing,F,#,F,SH,final
436.1887192364838,1611.6422727340068,2680.301575554371,2.548294523872774,2.7696854818488004,4.289804747467318,5692.3076923076915,0.000253485248963047,584.9008544965986,0.045,0.3358208955223881,0-0-522-6,*hr,UT_014,intvr,1,fave,143.16944402176662,43.568513853131385,5,consider,0,0.10998500000005151,"",yourself,D,#,D,Y,final
381.56945127007236,1583.3664119414195,3117.2157242859294,3.1010213660308805,2.904816547182222,4.93674699800961,6051.282051282051,0.00322813833715738,585.1218358344671,0.047,0.3263888888888889,0-0-523-1,*hr,UT_014,intvr,1,fave,124.581534761189,41.08055747083795,5,yourself,0,0.11999600000001465,consider,"",Y,S,Y,S,internal
433.5076277733541,1519.1362806624154,2391.217280847308,2.736935721873407,3.5585082854248227,4.758780641384801,5692.3076923076915,0.000688476762926201,586.6738338344671,0.031,0.32978723404255317,0-0-526-2,*hr,UT_014,intvr,1,fave,430.4182638794077,42.45069316094985,5,either,0,0.07000699999991866,like,an,DH,#,DH,@,final
438.85301321924504,1242.2794046479141,1561.2471121499418,2.1290817663091355,3.3714207485022136,3.944803993277928,4974.358974358975,0.0014297673570101226,587.205853834467,0.055,0.3353658536585366,0-0-528-4,*hr,UT_014,intvr,1,fave,144.0808876687684,46.80794861012696,5,expert,0,0.1400140000000647,an,in,P,T,P,T,internal
469.23043939926674,1169.0579287344563,1507.6553387857477,2.937949822898198,3.5087007328434794,4.11508869586994,5153.846153846154,0.0002691408296638807,643.7111268344671,0.031,0.32978723404255317,0-0-574-1,*hr,UT_014,intvr,1,fave,154.16034145364142,46.19792940645878,5,first,1,0.07000700000003235,the,place,F,S,F,S,internal
551.6603597007626,1186.6566042287695,2339.7676753874503,3.2187648045695205,4.1841200589948,4.000737458199852,4974.358974358975,0.022603443516265184,678.5393678344672,0.067,0.32843137254901966,0-0-606-1,*hr,UT_014,intvr,1,fave,265.7103409600324,37.421526923965146,5,worked,1,0.17999299999996765,you,on,W,K,W,K,internal
428.9250080187596,1222.7893322354926,1654.3669297846707,2.0171188457149056,3.456265012203681,3.7383146715574145,5153.846153846154,0.00005296948278234499,688.2893211655329,0.027000000000000003,0.32142857142857145,0-0-622-1,*hr,UT_014,intvr,1,fave,109.14279823224406,52.155820055991214,5,were,0,0.059996999999953005,you,essentially,W,#,W,i,final
458.871792367718,1632.3046175939703,2711.259163943365,2.998232516896875,3.4014214210849323,4.710286799171658,5692.3076923076915,0.0012889086886387472,692.3343544965986,0.037000000000000005,0.324561403508772,0-0-631-8,*hr,UT_014,intvr,1,fave,436.6259544871729,38.83556171718301,5,helicopter,0,0.08996600000000399,a,"",T,#,T,"",final
438.27367352035714,1237.501984267524,2096.6320304676156,2.180625402462945,3.5300754901005944,4.500112433402986,5153.846153846154,0.0007439737597888004,736.6602738344671,0.051000000000000004,0.3311688311688312,0-0-667-0,*hr,UT_014,intvr,1,fave,86.98764336048065,44.927649674572336,5,or,0,0.13000500000009652,rebuilt,like,#,#,T,L,coextensive
522.5824959860726,1168.778835590355,3616.7238909995604,3.8111943775238855,3.263739173666874,4.549711842046683,6948.717948717948,0.0018632662317550528,737.070256834467,0.031,0.32978723404255317,0-0-669-1,*hr,UT_014,intvr,1,fave,434.21107483911885,42.014338566367854,5,worked,1,0.07000800000002982,like,on,W,K,W,K,internal
422.8162312109751,1287.5042825423732,2390.272126179772,3.325292634087813,3.16280479496242,4.9294845545443735,5512.820512820513,0.003246780396246175,782.3479668344671,0.031,0.32978723404255317,0-0-711-1,*hr,UT_014,intvr,1,fave,105.61064785977536,43.750677637099415,5,for,0,0.07000800000002982,things,beginners,F,#,F,B,final
556.5047389164836,1446.9212285529943,2590.403735223425,3.2621493058370143,3.7207455286302284,4.927964643482181,5692.3076923076915,0.005018674183411929,782.7929584965987,0.04100000000000001,0.3306451612903227,0-0-712-5,*hr,UT_014,intvr,1,fave,88.46288285016493,41.08213688407,5,beginners,0,0.09997500000008586,for,to,N,Z,N,Z,internal
576.9669855634869,1341.5454902194922,2810.579113559643,3.5100263091481074,3.5346033713879934,4.875546042615983,6410.25641025641,0.005946810060974259,783.2209528344671,0.057,0.32758620689655177,0-0-714-1,*hr,UT_014,intvr,1,fave,571.0492374091574,34.281725415623434,5,learn,1,0.15002400000003036,to,"",L,N,L,N,internal
556.3266503500126,1252.4721817500779,3303.330264619093,3.2313570872877606,3.110347061401263,4.687798375321015,6230.7692307692305,0.002832091808862021,828.849956165533,0.045,0.3358208955223881,0-0-762-1,*hr,UT_014,intvr,1,fave,135.43113451454244,41.426622359976555,5,work,1,0.1099859999999353,your,"",W,K,W,K,internal
523.4145242620019,1318.9699616589612,2504.6565128962798,3.1722310281913915,3.30656444987851,4.66060780398529,5692.3076923076915,0.006534706635346176,861.7973358344672,0.075,0.33482142857142855,0-0-794-1,*hr,UT_014,intvr,1,fave,208.8872844390776,40.23393124312729,5,work,1,0.20001200000001518,wasted,"",W,K,W,K,internal
390.68275409293074,1591.6961338587378,3339.3883756284245,2.7924309534797005,4.0753069536650735,4.757819796329574,6410.25641025641,0.000781559285290974,876.9720658344671,0.027000000000000003,0.32142857142857145,0-0-812-1,*hr,UT_014,intvr,1,fave,368.5061645354339,44.686268594651736,5,for,0,0.05999800000006417,much,sharing,F,#,F,SH,final
491.0683579926182,1291.2802933825399,3368.4436761537636,3.760277385277558,2.9887694184098255,4.689975866025894,6589.74358974359,0.003920518188817311,888.7902618276644,0.051000000000000004,0.3311688311688312,0-0-844-1,*hr,UT_014,intvr,1,fave,119.91779138014645,44.197636730867416,5,per,1,0.12994399999990947,sentences,page,P,#,P,P,final
427.351947357581,1237.339803930027,2723.038430024434,2.7575993369693643,2.9563863976206015,5.0014599052635615,6051.282051282051,0.0003603423023616851,910.7894431655329,0.027000000000000003,0.32142857142857145,0-0-908-2,*hr,UT_014,intvr,1,fave,114.06702652517346,46.45690301820299,5,over,0,0.059996999999953005,stumbling,any,V,#,V,e,final
514.1649521529323,1271.6517262583493,3268.243640674656,3.040207136934442,3.6028736911508545,4.653149681523397,6230.7692307692305,0.0003242639935655137,915.5094808344671,0.027000000000000003,0.32142857142857145,0-0-927-2,*hr,UT_014,intvr,1,fave,134.5073224800711,45.698221375504154,5,for,0,0.05999700000006669,stop,a,R,#,R,@,final
555.7916016157839,1228.261542606263,2228.1718473007368,2.3876663557087117,3.5525289825881936,3.816897177879655,4974.358974358975,0.00021434996691773183,14.732747165532881,0.025,0.2976190476190476,0-0-46-2,aw,UT_014,intvr,1,fave,567.2918476708339,46.45765983933856,5,about,1,0.05999999999999872,you,some,B,T,B,T,internal
563.7945067713666,1312.5361640912283,2430.82404210515,3.0854662920878853,3.5104364162725483,3.6843515438232064,4974.358974358975,0.002197179461098189,16.677746165532877,0.07500000000000001,0.26408450704225356,0-0-52-2,aw,UT_014,intvr,1,fave,104.8934893274201,41.54827714742878,5,about,1,0.26000099999999904,you,"",B,T,B,T,internal
577.6879298824662,1268.3908889361533,2332.3710005659286,2.909556662487366,3.377969333570343,4.051988936001466,4974.358974358975,0.00023539071015913192,21.896746165532882,0.033,0.3173076923076924,0-0-66-2,aw,UT_014,intvr,1,fave,100.30108472600209,42.45553951346088,5,about,1,0.0799999999999983,talk,something,B,T,B,T,internal
694.2774798884228,1223.7764724685,2343.319098112486,2.8353449976740106,3.2661822816515196,4.086502458922194,4974.358974358975,0.0002884775306341193,47.91195283446712,0.025,0.21929824561403513,0-0-141-1,aw,UT_014,intvr,1,fave,119.1700740442258,51.12981551552644,5,how,1,0.09000100000000089,"",old,HH,#,HH,ow,final
698.8026991322694,1479.2475601806068,2498.182048148512,3.7585702148703852,3.9270523265175727,4.393341831018014,4974.358974358975,0.005277209967352694,56.21744716553288,0.025,0.20161290322580647,0-0-157-1,aw,UT_014,intvr,1,fave,96.21337566777436,39.632719412802714,5,town,1,0.09999899999999684,home,to,T,N,T,N,internal
755.5974836276306,1250.4912408840605,2415.099251609585,3.2194956213104735,4.0526726951343495,4.396078881948574,5153.846153846154,0.01649507145366359,75.82644916553288,0.095,0.12434554973821987,0-0-177-1,aw,UT_014,intvr,1,fave,265.2888580588071,43.4056347841678,5,how,1,0.7399979999999999,"","",HH,#,HH,"",final
527.052789790874,1230.4270569950195,2422.846444382198,2.255540346832253,3.3253893334910507,3.4673403964729097,4974.358974358975,0.000292392105384721,147.17024683446715,0.027000000000000003,0.2014925373134329,0-0-196-2,aw,UT_014,intvr,1,fave,188.76161782230892,43.93894018258402,5,about,1,0.1100009999999827,was,six,B,T,B,T,internal
589.3093906069469,1252.3226419349676,2245.787046305493,2.4546265159454954,3.4923579540850507,4.428484239712265,4974.358974358975,0.0020274778064650703,157.61134916553289,0.025,0.21929824561403513,0-0-217-1,aw,UT_014,intvr,1,fave,573.3788799156251,44.557814998888645,5,bout,1,0.08999700000001098,"","",B,T,B,T,internal
707.5022819493978,1322.2138632405229,2230.6908862668906,3.3895159479188797,3.5621941309656804,3.4903618390714306,4974.358974358975,0.0028873143221524985,245.42785583446712,0.037000000000000005,0.16517857142857145,0-0-273-2,aw,UT_014,intvr,1,fave,100.89538997335285,41.768993806041,5,proud,1,0.19999700000002463,really,of,R,D,R,D,internal
639.2800728086479,1109.3016278322505,2414.5611047009547,3.4333988373377666,3.3208451695285177,3.7541859203440593,4974.358974358975,0.00020259164448885376,269.6810511655329,0.025,0.2976190476190476,0-0-279-1,aw,UT_014,intvr,1,fave,123.32740708397287,41.66687102716742,5,how,1,0.05999800000000732,"",long,HH,#,HH,L,final
568.3407862236006,1437.0519047179582,2445.47962176148,3.238453759740918,3.3056727195492477,4.2448118157927714,4974.358974358975,0.001121592452158436,326.0372588344671,0.025,0.21929824561403513,0-0-315-0,aw,UT_014,intvr,1,fave,13916.772613319397,45.28833611758974,5,out,1,0.08999600000004193,turned,better,#,T,D,T,initial
525.1820650557012,1672.2450917428027,2417.786999123674,3.0854864917498217,3.9545541459370086,4.375983658357363,4974.358974358975,0.0014831251547294416,414.46635116553284,0.045,0.3358208955223881,0-0-367-1,aw,UT_014,intvr,1,fave,131.4926078313381,41.809814029245736,5,down,1,0.10998499999999467,that,in,D,N,D,N,internal
680.2442961818272,1175.0246213279454,2358.9202396146898,3.219424854688184,3.2035992014069117,4.068010319577437,4974.358974358975,0.00030441675752908184,506.3168551655329,0.025,0.24038461538461545,0-0-440-1,aw,UT_014,intvr,1,fave,125.66255559716339,46.49172278755484,5,how,1,0.07998600000001943,"",long,HH,#,HH,L,final
525.4681949778706,1571.046574465362,2321.580910610231,3.1487767893359844,3.9455453213369007,4.572795096644111,4794.871794871795,0.0028705315665198137,508.5528408344671,0.037000000000000005,0.22560975609756104,0-0-447-1,aw,UT_014,intvr,1,fave,274.53238944645034,42.84414856175629,5,down,1,0.14001500000000533,going,to,D,N,D,N,internal
617.543547115829,1401.1615106841268,2577.8809001019586,3.1200786595888066,3.499997789908211,4.229621834044238,4974.358974358975,0.0011963387471993743,533.8896671655328,0.043000000000000003,0.3208955223880598,0-0-473-1,aw,UT_014,intvr,1,fave,-79648.50783285272,37.2652910150513,5,down,1,0.10998499999993783,while,there,D,N,D,N,internal
674.7651539880626,1248.1454614190543,2338.6737121553647,2.783879671812714,3.4083909769000593,3.998533571306192,4794.871794871795,0.0035021139190419205,564.6086445034013,0.025,0.08223684210526315,0-0-491-1,aw,UT_014,intvr,1,fave,252.24662211929643,41.34135127728526,5,how,1,0.28003000000001066,"","",HH,#,HH,"",final
571.5897301949166,1092.5378150174229,2223.019407663628,2.4069508511729865,3.4563312555679286,4.134506327690043,4974.358974358975,0.0005583106059041688,564.9486601655328,0.025,0.16233766233766234,0-0-493-1,aw,UT_014,intvr,1,fave,136.08489820290455,47.225118302175765,5,how,1,0.13000499999998283,"",often,HH,#,HH,o,final
683.4669117403985,1204.156884448552,2365.6206873686074,2.53009451978873,2.9521296544486075,3.862571208122735,4974.358974358975,0.0014637125359334522,641.8081571655327,0.025,0.0984251968503937,0-0-565-1,aw,UT_014,intvr,1,fave,144.4627722479021,52.216559813173106,5,how,1,0.22998100000006616,"",what,HH,#,HH,HH,final
605.4430564383953,1477.4434932226823,2356.430790217307,2.840880178555221,3.6336128272898285,3.857846653234253,5153.846153846154,0.003746204747596498,860.4993511655329,0.059000000000000004,0.1878980891719745,0-0-791-0,aw,UT_014,intvr,1,fave,175.3457461569485,39.911785253142455,5,hours,1,0.28997900000001664,wasted,that's,#,*hr,D,*hr,initial
690.0664382066476,1238.3144348472763,2561.0479127733547,2.5819118770778497,3.559161182309281,3.555553780382405,4435.897435897436,0.004768786266681531,904.1976618276643,0.07100000000000001,0.13051470588235295,0-0-890-2,aw,UT_014,intvr,1,fave,106.46844921339759,51.582893484653155,5,aloud,1,0.5199589999999716,"","",L,D,L,D,internal
638.1663139206665,1115.7050117469491,2274.1828127864146,3.492268007897889,3.4446494227111812,4.308077194233746,5153.846153846154,0.000855542694663522,21.67874716553288,0.037000000000000005,0.324561403508772,0-0-65-1,o,UT_014,intvr,1,fave,103.61116624038554,39.69148199205609,5,talk,1,0.08999999999999986,then,about,T,K,T,K,internal
602.4420049545397,1070.2099743397628,2346.1363337792477,3.357676772102513,3.7005499533855497,4.217436570577916,5512.820512820513,0.005701248490933749,43.10694816553288,0.055,0.33536585365853655,0-0-126-0,o,UT_014,intvr,1,fave,249.63956570361145,43.12134976195327,5,off,1,0.1399990000000031,start,with,#,F,T,F,initial
532.6238178566031,810.8593986213339,2444.799140261365,2.8714205528424555,3.0110713277105345,4.054074341176501,4974.358974358975,0.00016967560131707208,47.07495283446711,0.031,0.32978723404255317,0-0-137-0,o,UT_014,intvr,1,fave,103.11263985611747,49.5993680151697,5,all,1,0.07000000000000028,of,of,#,L,V,L,initial
576.963272127871,1133.670301675873,2351.673815114868,3.3810149866912877,3.6498106206002974,4.331985162989606,4974.358974358975,0.001013874066703939,74.87645116553288,0.035,0.3365384615384616,0-0-175-3,o,UT_014,intvr,1,fave,360.86545475927414,40.08593430250435,5,approximately,1,0.07999399999999923,and,"",R,K,R,K,internal
562.1846510513886,1260.0075681368526,2282.238343543929,2.176250838483958,2.6730037917080858,3.1529467418964763,4974.358974358975,0.0004060691970508091,154.14135983446712,0.045,0.3358208955223881,0-0-208-1,o,UT_014,intvr,1,fave,578.6436516738354,44.451105660540165,5,got,1,0.11000000000001364,you,back,G,T,G,T,internal
548.127564044688,877.2085887845305,2062.5182709512565,2.709818828964354,3.240679141032922,3.878153536023892,5153.846153846154,0.00033063468768752444,169.84884583446714,0.037,0.32456140350877194,0-0-232-1,o,UT_014,intvr,1,fave,138.73524773199856,42.836033151996865,5,walk,1,0.09001200000000154,"",me,W,K,W,K,internal
649.4243491067965,989.1875071930838,1992.0382577802275,3.3103023742149293,2.8252278924975744,4.184770034847347,4794.871794871795,0.00006196330832987132,246.13284783446713,0.027000000000000003,0.32142857142857145,0-0-275-2,o,UT_014,intvr,1,fave,90.64093498054861,40.718679273663525,5,accomplishing,1,0.060013000000026295,of,"",K,M,K,M,internal
584.308176964459,1064.1832822690615,1983.2307315420637,2.84164598282899,2.8970592299421547,3.71601212481817,4974.358974358975,0.000039952160927550474,333.34075349659867,0.031,0.32978723404255317,0-0-326-1,o,UT_014,intvr,1,fave,113.62920060320717,42.97666449718136,5,talk,1,0.0699769999999944,"","",T,K,T,K,internal
534.1483828535573,1370.3698977209413,2037.571437260305,2.9287346821158757,3.685779167953925,4.317802152547993,5333.333333333333,0.0014536552637061785,406.2885588344671,0.037000000000000005,0.324561403508772,0-0-356-1,o,UT_014,intvr,1,fave,106.52615920511242,44.883242064309535,5,job,1,0.08999599999998509,current,for,JH,B,JH,B,internal
557.1056091745946,919.2623786817109,2008.882903639342,3.5366101736021998,3.378706289662579,4.921696734028335,4256.410256410256,0.04932862400527799,412.94236216553287,0.037000000000000005,0.324561403508772,0-0-363-0,o,UT_014,intvr,1,fave,178.00379573340976,40.12614321301765,5,awesome,1,0.08999600000004193,"",and,#,S,"",S,initial
606.6962164201856,1019.8381996685667,2162.9616035769363,3.631764169762966,3.7127183029328954,4.704111781925728,4435.897435897436,0.015142089559003709,423.95484683446716,0.055,0.33536585365853655,0-0-376-0,o,UT_014,intvr,1,fave,-2263.06877013099,39.62427499514716,5,awesome,1,0.14001400000000785,"","",#,S,"",S,initial
568.466247799566,1071.1183524249122,2649.1897658178996,3.095030587734678,3.3998964021033613,4.4200971416702455,4974.358974358975,0.001654488087499254,560.3572371723355,0.045,0.3358208955223881,0-0-486-0,o,UT_014,intvr,1,fave,336.1190911674976,36.70354829487294,5,often,1,0.11004600000001119,as,as,#,F,Z,F,initial
556.8984163537484,984.2533862623086,2322.4584571842206,2.4084756816199118,3.305521408114451,4.162441790606686,5333.333333333333,0.0001849179607449378,565.0846594965986,0.037000000000000005,0.324561403508772,0-0-494-0,o,UT_014,intvr,1,fave,138.18436456428776,47.72457784033966,5,often,1,0.08996600000000399,how,"",#,F,aw,F,initial
562.5714709144348,991.3289080954528,2022.5497646550136,3.499075157749036,3.624609397604887,3.945491971880442,3717.948717948718,0.00560537123977517,576.8321488344671,0.051000000000000004,0.3311688311688312,0-0-506-0,o,UT_014,intvr,1,fave,320.81970312600976,35.14396175090555,5,awesome,1,0.13000500000009652,"","",#,S,"",S,initial
526.5255699030838,1457.5688283900333,2260.0632915923893,2.490522645366256,3.7610383212248895,3.8550696758542355,4974.358974358975,0.000021922104286457936,642.5281451723357,0.025,0.33783783783783783,0-0-567-1,o,UT_014,intvr,1,fave,126.14330269294723,49.79858565766528,5,got,1,0.0500489999999445,what,you,G,T,G,T,internal
681.0730759206988,1214.992201997742,2331.710303544264,2.8919726199384934,3.4140936669474593,3.646939937042165,4615.384615384615,0.0002801477545919892,692.133353834467,0.035,0.3365384615384616,0-0-631-5,o,UT_014,intvr,1,fave,-905.0966799187809,38.96076909958543,5,helicopter,2,0.080016999999998,a,"",K,P,K,P,internal
592.880054679412,1278.2095063105078,2305.6041536438247,2.4317832485934194,3.5488065204818735,3.855364058773383,5153.846153846154,0.001104532835010787,709.4709445034015,0.061000000000000006,0.33152173913043487,0-0-636-1,o,UT_014,intvr,1,fave,237.51368852431082,44.963580212710966,5,gotcha,1,0.160033999999996,"","",G,CH,G,CH,internal
560.2939288342028,950.0546082881119,2166.0708684845954,3.2962310719926666,3.3959131843115404,4.35207232413818,4256.410256410256,0.006376446929465315,731.0082441655329,0.047,0.3263888888888889,0-0-646-0,o,UT_014,intvr,1,fave,135.6083277310122,36.41224454658153,5,awesome,1,0.11999500000001717,"",what,#,S,"",S,initial
571.5535406072817,1272.0968291960648,2529.0554735968713,2.9447197698345042,3.677828913714302,4.68554434251667,5333.333333333333,0.0017744768234508482,737.2332365034014,0.037,0.32456140350877194,0-0-670-0,o,UT_014,intvr,1,fave,-179469.25848250417,40.0895282922675,5,on,1,0.09002599999996619,worked,"",#,N,T,N,initial
609.9450125114747,1199.1478542025159,2137.4201243121033,2.857722261512694,3.668324808661492,4.127286223549043,4615.384615384615,0.001751120274279241,899.4616335034013,0.07899999999999999,0.3376068376068376,0-0-874-1,o,UT_014,intvr,1,fave,214.3106658557917,44.4713560116254,5,not,1,0.21002199999998084,you're,trying,N,T,N,T,internal
622.7880478469309,1330.8061935734875,2510.0786621235843,3.27655390286833,3.756707365130372,4.368747606376258,5333.333333333333,0.0014665967059624841,901.3696648276645,0.035,0.3365384615384616,0-0-882-1,o,UT_014,intvr,1,fave,NaN,41.5030817362043,5,not,1,0.07995599999992464,you're,trying,N,T,N,T,internal
581.0050313827874,1108.4544565167573,2586.081654836491,3.5161500055842225,3.284952093311403,4.26612830041696,5333.333333333333,0.0018193236909987962,915.2784401723355,0.045,0.3358208955223881,0-0-926-2,o,UT_014,intvr,1,fave,107.43319868663234,43.60822881300153,5,stop,1,0.11004700000000867,and,for,T,P,T,P,internal
629.7354857533105,942.7961682050636,2030.9380492442187,3.571719477794427,4.01294581120794,4.4655345665274995,4076.923076923077,0.002184239470909001,1088.1420378412697,0.035,0.33653846153846156,0-0-942-0,o,UT_014,intvr,1,fave,167.84007465484365,41.15249335843344,5,awesome,1,0.08007799999995768,"",thank,#,S,"",S,initial
450.7053843174657,1770.0723042428858,2224.023743388155,2.1867519606531416,3.449820584331355,3.346622715353484,4615.384615384615,0.0005940122473347058,23.80274816553288,0.045,0.3358208955223881,0-0-73-1,u,UT_014,intvr,1,fave,463.24627084771,43.957606810165366,5,good,1,0.10999800000000093,you're,at,G,D,G,D,internal
379.5787527619531,1730.8239713503708,2383.225115971132,2.8607043115860815,3.209847761069623,3.684097749519546,4974.358974358975,0.00040922106798789497,39.15474716553288,0.045,0.3358208955223881,0-0-115-1,u,UT_014,intvr,1,fave,126.67983104068863,42.466169739504465,5,should,1,0.11000100000000401,you,be,SH,D,SH,D,internal
423.3665424287298,1698.229517010521,2395.385923945935,1.6570472393723221,3.4692402509252687,3.8713607069671183,4435.897435897436,0.00020759253993879234,39.53774616553288,0.031,0.32978723404255317,0-0-117-1,u,UT_014,intvr,1,fave,408.05031777935807,47.32015443722056,5,good,1,0.07000000000000028,be,to,G,D,G,D,internal
426.3239182510401,1167.3475027166432,3006.0233013856364,1.9810877498793935,3.7508329593425658,4.167360433353479,5153.846153846154,0.0017049265371794002,530.3786414965986,0.061000000000000006,0.33152173913043487,0-0-459-1,u,UT_014,intvr,1,fave,210.83214170079768,49.29316763499174,5,would,1,0.1599740000000338,what,"",W,D,W,D,internal
449.2322722345939,1119.4806665359938,2026.8511538118755,2.4642985080072153,4.117579597331184,3.9616849723116907,4974.358974358975,0.002157910845135058,26.13274616553288,0.045,0.3358208955223881,0-0-81-3,oy,UT_014,intvr,1,fave,470.3001685823869,41.81670466755011,5,enjoy,1,0.11000000000000298,really,doing,JH,#,JH,D,final
457.41847909258104,858.491953389221,2077.304122004544,2.816512591898154,3.7795678542076994,3.6332645836711714,4256.410256410256,0.002226879878972272,507.8828388344671,0.07700000000000001,0.3290598290598291,0-0-444-3,oy,UT_014,intvr,1,fave,97.8341839301592,44.455258054158875,5,enjoyed,1,0.21002199999998084,you,"",JH,D,JH,D,internal
470.7643045632741,954.5958088517798,1928.3418163914089,2.3148285404571953,3.6308525844657997,3.9288111938507027,3897.4358974358975,0.004960918978396204,589.4738628344672,0.07100000000000001,0.3317757009345795,0-0-535-3,oy,UT_014,intvr,1,fave,225.58233615224603,40.57532892455345,5,enjoy,1,0.1900029999999333,really,doing,JH,#,JH,D,final
317.3301706552172,1999.9962702162507,2918.3192751972306,2.86276567044553,3.729988626671697,4.372448027737941,6948.717948717948,0.0006869435738376341,31.09974816553288,0.035,0.33653846153846156,0-0-95-1,iy,UT_014,intvr,1,fave,105.06389052006972,47.36957906578688,5,reading,1,0.0799999999999983,a,"",R,D,R,D,internal
365.8454073429839,2286.120852443209,3797.82474625194,2.9442412402623823,4.090232906044673,3.991188233655366,6769.2307692307695,0.0005146060937315459,73.05944883446712,0.040999999999999995,0.33064516129032256,0-0-168-3,iy,UT_014,intvr,1,fave,116.1103596868696,36.64610347809748,5,cities,0,0.10000599999999338,the,you,T,Z,T,Z,internal
483.867950636206,2138.701841103222,2584.404287532904,3.930371118048122,4.358776603829662,4.9070746307186015,6948.717948717948,0.00009876396391874075,77.52145083446712,0.025,0.33783783783783783,0-0-184-0,iy,UT_014,intvr,1,fave,NaN,33.43560934804948,5,each,1,0.050003000000003794,in,"",#,CH,N,CH,initial
366.31598076867607,2397.5367893109315,3167.490540614007,3.146360750397537,3.4571319001672323,4.298385956087124,7128.205128205128,0.0003357678942743518,173.35885583446714,0.037,0.32456140350877194,0-0-247-3,iy,UT_014,intvr,1,fave,87.66914423939187,38.061298321378956,5,routine,1,0.08999600000001351,daily,is,T,N,T,N,internal
365.48820417901214,1680.4574738815468,2225.2607319718077,2.6222400503587,3.4430541457150654,4.3594203964989,5512.820512820513,0.00007426852929936097,245.03285683446714,0.027000000000000003,0.32142857142857145,0-0-272-1,iy,UT_014,intvr,1,fave,125.74208386327507,46.250852156263306,5,really,1,0.05999800000000732,you're,proud,R,L,R,L,internal
325.10403753091526,1944.737448643512,3058.4506854163656,3.4562388759762053,3.4948700747372237,4.494751017038894,6230.7692307692305,0.0009364078581376623,323.12024483446714,0.031,0.32978723404255317,0-0-307-1,iy,UT_014,intvr,1,fave,263.34904055705874,32.33086772774713,5,recently,1,0.07000800000002982,either,or,R,S,R,S,internal
367.9344165507548,2099.576104783941,2593.082707306612,3.754348824113677,3.9880035615574916,3.9986964698440692,6589.74358974359,0.00038714096216801097,430.82415249659863,0.031,0.32978723404255317,0-0-392-1,iy,UT_014,intvr,1,fave,99.5333332280379,40.08926700805008,5,leap,1,0.06997599999999693,that,of,L,P,L,P,internal
366.0083129102741,2086.383321807102,2926.1219115509407,3.41094127748885,3.60933753720358,4.729507601947098,7307.692307692308,0.0003510760406924666,589.0238708344671,0.031,0.32978723404255317,0-0-534-1,iy,UT_014,intvr,1,fave,112.57539193478772,39.366361418924676,5,really,1,0.07000700000003235,you,enjoy,R,L,R,L,internal
345.30666918654754,2180.690539756197,2628.243722648773,3.374587221084425,4.054343873584531,4.243487717360123,5871.794871794871,0.001357436634883028,679.0183521655329,0.045,0.3358208955223881,0-0-608-4,iy,UT_014,intvr,1,fave,83.78621170392734,35.60324649886314,5,apaches,0,0.10998600000004899,on,right,CH,Z,CH,Z,internal
363.89396620541527,1887.7316397103502,2478.6820525739204,3.7269126619405184,3.505215030509228,4.5910418756578055,5871.794871794871,0.0004732673953183695,788.457952834467,0.031,0.32978723404255317,0-0-731-1,iy,UT_014,intvr,1,fave,92.8522063094652,36.45150988956577,5,rebuilding,0,0.07000700000003235,apart,it,R,B,R,B,internal
286.7560191343073,2107.080170603057,2744.2116596296673,3.3798653945172616,3.5655570705798962,3.807839659594622,6230.7692307692305,0.0007955794476027902,828.0029301655329,0.031,0.32978723404255317,0-0-758-1,iy,UT_014,intvr,1,fave,183.1929326798698,40.66690353066199,5,people,1,0.07000700000003235,new,"",P,P,P,P,internal
355.5671212060163,1947.956119187829,2764.775333826018,2.582417207672882,3.6373554205250986,4.027299783314993,4974.358974358975,0.00004433789259109428,884.3982738344671,0.027000000000000003,0.32142857142857145,0-0-834-1,iy,UT_014,intvr,1,fave,194.34876650493263,46.160084190039754,5,reading,1,0.05999800000006417,"",list,R,D,R,D,internal
412.5656673625781,2082.893150399298,3282.6455294315483,3.289913984827824,3.736437181769871,4.335544228222611,6948.717948717948,0.0018278212792324612,892.852225834467,0.035,0.3365384615384616,0-0-853-1,iy,UT_014,intvr,1,fave,238.20864124888615,41.43896085459009,5,read,1,0.080016999999998,you,them,R,D,R,D,internal
292.97849549758513,2018.401022484224,2627.1541785297018,3.2386842615348255,3.555766715596344,4.445107793607373,5871.794871794871,0.006437550891976685,894.3402598276645,0.031,0.32978723404255317,0-0-861-1,iy,UT_014,intvr,1,fave,123.82055394675815,42.33690948928202,5,read,1,0.06994599999995899,and,them,R,D,R,D,internal
333.08713374793444,2036.3143756898144,3778.109509416053,3.2429079616392946,4.284789673371437,4.666192177574216,7307.692307692308,0.0006806909141652528,900.3076228344671,0.031,0.32978723404255317,0-0-877-1,iy,UT_014,intvr,1,fave,106.69453096564474,44.750595615566006,5,read,1,0.07000700000003235,to,it,R,D,R,D,internal
348.3196811243831,1857.5789420336691,2450.600221182805,2.6204900231619352,3.921104959641018,3.9554285724984655,6230.7692307692305,0.001184709679256571,908.2194261655329,0.047,0.3263888888888889,0-0-901-1,iy,UT_014,intvr,1,fave,274.0238153035362,49.19969823249893,5,feel,1,0.11999499999990348,you,like,F,L,F,L,internal
306.42741839496045,1890.644825308454,2576.013812020561,3.1126140022091966,3.623130348974695,4.218764761038078,5871.794871794871,0.0003365872716331566,917.0614678344671,0.031,0.32978723404255317,0-0-933-3,iy,UT_014,intvr,1,fave,81.64712689261951,36.57442446842668,5,reread,1,0.07000800000002982,then,it,R,D,R,D,internal
372.2244615022637,1981.6384709342015,3124.3655302706657,3.342410820013055,3.5085437583279697,4.4120972121834034,6948.717948717948,0.00024997570181877767,34.96774716553288,0.031,0.32978723404255317,0-0-108-1,iyr,UT_014,intvr,1,fave,99.10833531434986,40.67819865767347,5,weird,1,0.06999900000000281,no,words,W,R,W,R,internal
453.03807751103744,2064.3456797422987,3610.8432034437374,2.9950746839775744,3.8723247324442687,4.710477355026578,6410.25641025641,0.0008165021904059353,156.44235683446715,0.027000000000000003,0.32142857142857145,0-0-213-1,iyr,UT_014,intvr,1,fave,443.6626527821611,41.45853514184419,5,syracuse,1,0.0599979999999789,"",that,S,R,S,R,internal
429.30871602815756,2111.140712781526,3263.094997172175,4.023653348709604,3.835225812829429,4.69221305721083,6589.74358974359,0.001271935791782463,406.7175461655329,0.035,0.3365384615384616,0-0-359-1,iyr,UT_014,intvr,1,fave,395.14116140858204,40.45980413756823,5,years,1,0.07998600000001943,two,"",Y,R,Y,R,internal
297.29747521120464,1719.4646264494597,2439.752593051706,3.7592827951527386,3.4074460757860088,4.693669080595768,5333.333333333333,0.0007275804479658233,916.8914238344671,0.031,0.32978723404255317,0-0-933-1,iyr,UT_014,intvr,1,fave,94.80615620242787,38.51252802609524,5,reread,1,0.07000800000002982,then,it,R,R,R,R,internal
530.813957310499,1437.729192673177,2648.0515862012794,3.4637518646723096,3.831072006405579,4.670807505157011,5871.794871794871,0.0006633245083563353,42.95294816553288,0.027000000000000003,0.32142857142857145,0-0-125-2,ahr,UT_014,intvr,1,fave,203.00641829100553,47.54930401294165,5,start,1,0.05999800000000022,to,off,T,R,T,R,internal
592.6914454883439,1097.7015968342057,1941.0309265883866,2.9929443096905723,3.042203748133817,3.7652650202016744,4974.358974358975,0.000050819489774660846,761.2864461723357,0.025,0.33783783783783783,0-0-678-1,ahr,UT_014,intvr,1,fave,547.4342811921257,45.00077497969079,5,car,1,0.050047999999947024,what,was,K,R,K,R,internal
514.721522233112,906.5425392991284,1773.4546149592663,3.203667219240214,3.7346232876606935,3.361630168460212,4794.871794871795,0.00010704795111382589,788.1749341723356,0.025,0.33783783783783783,0-0-730-2,ahr,UT_014,intvr,1,fave,97.06275591491666,40.74716895240193,5,apart,1,0.050049000000058186,engine,rebuilding,P,R,P,R,internal
594.0966560727801,913.4021872760153,1997.7511963236163,2.2835417218310177,3.1310200179181518,4.096810212815197,4974.358974358975,0.0009928124389416578,886.2132504965987,0.057,0.32758620689655177,0-0-839-0,ahr,UT_014,intvr,1,fave,264.59979081153523,48.02521255819332,5,are,1,0.14996399999995447,there,"",#,R,R,R,initial
383.26350176061675,1623.1426621285973,1984.299682155065,2.1746939842181354,3.2830891575808403,3.677944505823713,4435.897435897436,0.0003206038795315334,55.700452834467114,0.031,0.32978723404255317,0-0-155-1,uwr,UT_014,intvr,1,fave,407.8638073432846,44.88328826753222,5,your,1,0.07000000000000028,consider,home,Y,R,Y,R,internal
538.0955336459253,733.2308714205055,2373.865714231286,3.098380292047914,3.4312690096251,3.8311946991147976,4615.384615384615,0.024129331651609704,72.46945083446712,0.061000000000000006,0.33152173913043487,0-0-166-0,oh,UT_014,intvr,1,fave,219.13524625251856,40.289187113084196,5,all,1,0.16000300000000323,"",the,#,L,"",L,initial
553.3857744180953,760.001475521236,2134.477827638842,3.1949254331943404,3.3084054752632306,3.934732401952362,4974.358974358975,0.0007178842109243322,76.65445083446711,0.07100000000000001,0.33177570093457953,0-0-179-1,oh,UT_014,intvr,1,fave,92.52063041577877,44.296064625662694,5,long,1,0.19000300000000436,"","",L,NG,L,NG,internal
627.401902473465,962.6724746387259,2213.523064245268,3.324710181194779,3.7599361377352336,4.428921535972007,5153.846153846154,0.005417926391570795,461.1773531655329,0.087,0.32954545454545453,0-0-421-3,oh,UT_014,intvr,1,fave,78.15568893512855,35.37766197825457,5,utah,2,0.23999000000003434,in,"",T,#,T,"",final
556.9699221123589,957.5054533944449,2078.911452682856,2.86496648306312,2.7050460210110856,3.979988239333166,4974.358974358975,0.000045298777454100405,506.4698491655328,0.031,0.32978723404255317,0-0-441-1,oh,UT_014,intvr,1,fave,121.70544585331668,47.166818399257075,5,long,1,0.07000700000003235,how,have,L,NG,L,NG,internal
588.1220179283623,860.3944354392265,1934.0413506678335,2.801996532568368,3.2527212076720495,4.315523481324713,3717.948717948718,0.0039780236920096855,690.3453358344672,0.119,0.3361581920903954,0-0-628-0,oh,UT_014,intvr,1,fave,105.25819114892289,47.61388147205076,5,on,1,0.3300179999999955,"","",#,N,"",N,initial
534.4332187877218,854.4393995413668,2590.1178568824034,3.0309115204835675,3.3818859606688303,4.564853904623944,5153.846153846154,0.004619338171920186,728.9731548344671,0.047,0.3263888888888889,0-0-642-0,oh,UT_014,intvr,1,fave,-426799.84201761114,40.89511050151586,5,all,1,0.11999500000001717,"",that,#,L,"",L,initial
607.1855879516417,908.6121152857986,3147.780552792299,2.7388779703983457,3.616954862715084,4.329463487437102,5512.820512820513,0.002651435089545278,826.0709691655329,0.087,0.32954545454545453,0-0-752-1,oh,UT_014,intvr,1,fave,100.50753429219792,43.049979270918136,5,lot,1,0.23998999999992066,a,with,L,T,L,T,internal
547.5826693391097,1292.9323070063208,2403.537379045666,2.584911906401226,3.7347767667934493,4.100831332531034,4974.358974358975,0.00044124964427331054,172.11285083446714,0.025,0.26595744680851063,0-0-241-1,ay0,UT_014,intvr,1,fave,129.59642940201508,44.056172238294835,5,like,1,0.07000700000000393,looks,or,L,K,L,K,internal
521.4079774077408,1401.1878245426517,2357.873284956063,2.5528920231982775,3.87313518301292,3.6824624626054194,5153.846153846154,0.00004702792324057744,172.52285383446713,0.025,0.33783783783783783,0-0-243-1,ay0,UT_014,intvr,1,fave,89.54254622719401,45.757426734219564,5,like,1,0.050003000000003794,or,what,L,K,L,K,internal
469.286866409667,1932.1489002701726,2445.3741614433593,2.5712075214764436,3.60020767188306,3.8344398036457483,4794.871794871795,0.00007342953858929914,430.29115483446714,0.045,0.5357142857142857,0-0-388-1,ay0,UT_014,intvr,1,fave,110.32172865985936,48.54942372555189,5,like,1,0.05999800000000732,"",you,L,K,L,K,internal
637.1087442001308,1476.7137561981492,2450.2213358781614,2.7242779495358804,3.6793184649353075,4.185567716840649,4974.358974358975,0.00048283197264995957,476.6853521655329,0.043,0.4134615384615385,0-0-431-1,ay0,UT_014,intvr,1,fave,335.08489955366923,45.066147167331565,5,like,1,0.07998599999996259,you,it,L,K,L,K,internal
518.0565129552675,1223.6648381268267,2345.7171557467973,2.787543594187063,4.385818304162766,3.7087537337951932,5512.820512820513,0.0002852453150711469,559.147273834467,0.025,0.2976190476190476,0-0-478-1,ay0,UT_014,intvr,1,fave,105.1497192206863,47.339016739678705,5,like,1,0.05999800000006417,you,to,L,K,L,K,internal
566.9910889978403,1386.0716505616806,2423.374106107083,3.2030151190967153,3.9352543219198197,4.057077189150324,4615.384615384615,0.0002438413131444451,586.3808558344671,0.025,0.2976190476190476,0-0-525-1,ay0,UT_014,intvr,1,fave,101.62021880551077,37.52051969194206,5,like,1,0.05999799999995048,"",either,L,K,L,K,internal
640.5560893862203,1330.6229107853778,2473.4965081583573,3.18704442952894,3.7133558442818733,3.7789936011896152,5153.846153846154,0.0010630658988112084,608.347464834467,0.035,0.37234042553191493,0-0-545-1,ay0,UT_014,intvr,1,fave,555.4633467283418,44.38010587075914,5,like,1,0.07000700000003235,you,that,L,K,L,K,internal
590.2779241651998,1613.8277863100013,2300.371895434928,2.8932011275721705,3.6955652506493943,4.012152867689846,5153.846153846154,0.0006973870466363192,679.2673331655328,0.083,0.619402985074627,0-0-609-1,ay0,UT_014,intvr,1,fave,314.83450295517014,34.67167769803193,5,right,1,0.10998499999993783,apaches,"",R,T,R,T,internal
511.02719526692664,1356.4664338201912,2321.859045470077,2.9523632543895872,4.270847138458814,3.895650736272776,5333.333333333333,0.0008892591937961671,736.8312668344672,0.033,0.35106382978723405,0-0-668-1,ay0,UT_014,intvr,1,fave,77.41284344259446,36.80530691403994,5,like,1,0.07000699999991866,or,worked,L,K,L,K,internal
608.1163536452735,1379.6828441723608,2442.946824871686,3.2561219583264096,3.8572997887828433,4.53275945492802,5333.333333333333,0.004103055335694472,767.826448165533,0.065,0.3186274509803922,0-0-684-1,ay0,UT_014,intvr,1,fave,140.97373386899744,37.702587974405105,5,nice,1,0.17999299999996765,"","",N,S,N,S,internal
590.2949019502717,1525.2270585231854,2129.717746998996,2.889465071508046,3.714383957499229,4.237703176866229,4435.897435897436,0.006122552139076808,855.4401594965988,0.097,0.4330357142857143,0-0-766-1,ay0,UT_014,intvr,1,fave,272.50008136701433,38.129919300370155,5,right,1,0.1999519999999393,"","",R,T,R,T,internal
587.3020671329924,1418.9254698552038,2513.2423941522406,3.169563915608741,3.642301431311821,3.672446267327483,5153.846153846154,0.00010196474524095628,880.0882768344671,0.027000000000000003,0.32142857142857145,0-0-820-1,ay0,UT_014,intvr,1,fave,169.6022959135216,40.898012314425586,5,like,1,0.059996999999953005,"",i,L,K,L,K,internal
619.2486444787326,1483.9378676502542,2784.6919148875713,3.05208356819087,3.8626566395804995,4.464955855922447,7307.692307692308,0.0024199960991821224,894.9812704965985,0.053000000000000005,0.2264957264957265,0-0-865-1,ay0,UT_014,intvr,1,fave,108.35609510865163,42.764389795353274,5,nice,1,0.20996100000002116,a,"",N,S,N,S,internal
633.7688881066457,1628.6351466658375,2323.0792891690326,2.9174704849824806,3.6321737920986443,4.187274669745526,4794.871794871795,0.0003705022964735737,905.3696604965986,0.05500000000000001,0.528846153846154,0-0-892-1,ay0,UT_014,intvr,1,fave,117.64012794436094,48.3990830803932,5,nice,1,0.07995600000003833,"",and,N,S,N,S,internal
513.1289674914211,1202.6898561171542,2618.420029357413,2.714642489380429,4.176666306039248,4.333538663789259,5692.3076923076915,0.0021019995679304286,908.4384614965986,0.025,0.21929824561403513,0-0-902-1,ay0,UT_014,intvr,1,fave,143.23150988462555,47.160906482585474,5,like,1,0.08996600000000399,feel,"",L,K,L,K,internal
689.2742067843701,1340.0112518661883,2238.4599410772303,3.36841051633167,3.9767503185942004,4.22291218601149,5153.846153846154,0.0020795967345175925,322.7862331655329,0.063,0.5080645161290323,0-0-306-0,ay,UT_014,intvr,1,fave,NaN,31.137901053522704,5,either,1,0.10000600000000759,[bracketed],recently,#,DH,spn,DH,initial
599.3904634768678,1379.5921524589378,2313.263531123714,2.8434033967527865,3.7898180463539752,3.8763221677440813,4794.871794871795,0.0008714021257287619,476.27134383446713,0.05500000000000001,0.3571428571428572,0-0-428-1,ay,UT_014,intvr,1,fave,114.20409895041664,45.089002298734265,5,why,1,0.13000500000003967,"",do,W,#,W,D,final
602.031784630168,1255.6390138544346,2129.4356855421665,3.2314491724102288,3.635264618630935,3.273692553764004,4076.923076923077,0.0008399387382926426,509.4968414965986,0.025,0.24038461538461545,0-0-451-3,ay,UT_014,intvr,1,fave,518.9576291763601,46.99454053469711,5,rafael,0,0.07998699999996006,san,swell,F,e,F,e,internal
561.3436580876754,1553.8008268949636,2113.1033597020155,2.803366447609694,3.4596475684899635,3.844555828956684,4615.384615384615,0.001212911919027901,586.5328608344671,0.069,0.47916666666666674,0-0-526-0,ay,UT_014,intvr,1,fave,375.5914872460145,40.33429422295906,5,either,1,0.11999500000001717,like,an,#,DH,K,DH,initial
598.9154661754737,1508.6040443805573,2358.078236887767,3.030718412201317,3.832420930291352,3.4858729455751427,4794.871794871795,0.0012868961156012914,608.0104391723356,0.061000000000000006,0.4919354838709678,0-0-542-1,ay,UT_014,intvr,1,fave,463.60586221799224,47.736478154105086,5,why,1,0.10003699999992932,"",do,W,#,W,D,final
592.3845608961027,1578.6428698454624,2407.8541851607883,2.8572272155794445,3.3879513306424185,3.791437672725737,4435.897435897436,0.0006843583607893473,673.0183678344671,0.025,0.16233766233766234,0-0-582-0,ay,UT_014,intvr,1,fave,118.92711589778631,45.941972264107264,5,i,1,0.13000499999998283,and,"",#,#,D,"",coextensive
588.0286053410157,1473.3456260304201,2423.011059032923,2.077191235981517,3.616347691660912,4.246411249839074,4794.871794871795,0.00017305555221767664,673.7103651655328,0.029,0.30851063829787234,0-0-584-0,ay,UT_014,intvr,1,fave,255.98054963658814,43.7948024327121,5,i,1,0.07000700000003235,"",bet,#,#,"",B,coextensive
607.6835618956585,1520.076164482088,2512.10406632411,3.347513511713117,4.379001607248459,4.66293410310366,5333.333333333333,0.017347715426545392,727.7289461655329,0.125,0.3858024691358024,0-0-640-1,ay,UT_014,intvr,1,fave,539.7875784443029,42.620808707302295,5,right,1,0.2999879999999848,"","",R,#,R,"",final
563.2918241757671,1389.9513450843806,2250.158167792431,2.6576944836533554,3.4744606606817388,4.270325223850548,4794.871794871795,0.00035621310599554413,857.0443315034014,0.089,0.7807017543859649,0-0-769-0,ay,UT_014,intvr,1,fave,105.43025135005418,47.94537534450598,5,i,1,0.09002699999996366,cause,mean,#,#,Z,M,coextensive
575.6628373447476,1748.547812236748,2254.4629475719285,3.3571884422119886,4.129697231044386,4.691829368602234,5512.820512820513,0.008514864113476645,865.0441544965987,0.11699999999999999,0.39795918367346933,0-0-796-1,ay,UT_014,intvr,1,fave,85.20684974203706,38.013544900880675,5,right,1,0.26995799999997416,"","",R,#,R,"",final
577.7659185311264,1494.9270992135491,1979.8408351448784,2.960586489928303,4.289134269142888,4.275227977584688,4974.358974358975,0.00012792236366481686,899.9776668344671,0.031,0.369047619047619,0-0-875-2,ay,UT_014,intvr,1,fave,109.34827315344585,44.92696827050037,5,trying,1,0.05999800000006417,not,to,R,NG,R,NG,internal
416.8209642195368,1151.7238471914984,2367.877587945972,4.125758137549749,4.088226535706631,4.7033049593303495,5512.820512820513,0.04840887244640988,27.22564716553288,0.045000000000000005,0.31250000000000006,1-0-4-0,ow,UT_014,014,2,fave,127.95409164154076,51.36138525764831,4,okay,2,0.12000100000000202,"","",#,K,"",K,initial
504.5386941856775,1007.1583294903203,2225.6601892756044,2.984496187826998,3.451145231515626,4.457150823191156,4615.384615384615,0.0012485023422913952,189.29505483446715,0.051000000000000004,0.3311688311688312,1-0-221-1,ow,UT_014,014,2,fave,88.47548246637768,54.08219717097202,4,going,1,0.13000499999998283,what's,on,G,i,G,i,internal
512.8535033860679,864.6786174899289,2852.1829759925117,2.5870126621604976,3.025062051725632,3.4276533897787878,4615.384615384615,0.0001502624439456125,219.1125391655329,0.025,0.18656716417910452,1-0-294-1,ow,UT_014,014,2,fave,105.39709878585869,58.51826602794123,4,those,1,0.1100009999999827,pull,in,DH,Z,DH,Z,internal
524.2762808334431,1048.2919299846276,2735.1089448979546,2.617115076530203,3.0015951253438047,3.700546559280027,4615.384615384615,0.0002705669040043235,219.9515411655329,0.043000000000000003,0.14144736842105263,1-0-297-1,ow,UT_014,014,2,fave,106.3824944815562,57.4400752217427,4,those,1,0.27999900000000366,repair,and,DH,Z,DH,Z,internal
494.5345578455483,975.9172696953608,2614.3805336432165,2.672734136122231,2.7360645224352727,3.8964428852082653,4794.871794871795,0.00007383593465440526,221.48255583446715,0.025,0.24038461538461545,1-0-301-2,ow,UT_014,014,2,fave,110.1984938411232,56.22663990812759,4,close,1,0.08000199999997903,"",up,L,Z,L,Z,internal
604.2429217261546,1000.2521511449064,1707.7548540546788,3.1097910088530174,3.353719991348062,4.519795262666727,3717.948717948718,0.00046291049034267117,223.67255783446714,0.025,0.21929824561403513,1-0-308-1,ow,UT_014,014,2,fave,116.23738510746841,59.469031926621575,4,home,1,0.08999699999998256,head,for,HH,M,HH,M,internal
586.0779081554267,906.0129652934118,1893.102250337558,2.911083587638076,3.0637949254353107,4.353553034872387,4256.410256410256,0.009457320482496489,225.7915531655329,0.043,0.15140845070422532,1-0-314-1,ow,UT_014,014,2,fave,121.28851937665712,60.63463721434743,4,home,1,0.25999400000000605,get,"",HH,M,HH,M,internal
517.9230222202469,1289.9150231369647,2731.6657186476727,2.6463275621145175,3.7475800794518976,4.319588384418884,4615.384615384615,0.0004990721175930129,265.0236465034014,0.027000000000000003,0.23684210526315794,1-0-379-0,ow,UT_014,014,2,fave,99.29038330014,58.12701671828769,4,opened,1,0.09002700000002051,things,my,#,P,Z,P,initial
545.7845073477073,949.772560059343,2622.548042485688,2.9289693380701047,2.9723700603346654,3.6717103856159605,4794.871794871795,0.00005273180613565108,273.2026524965986,0.025,0.26595744680851063,1-0-390-1,ow,UT_014,014,2,fave,165.31777724934776,56.732420464260805,4,total,1,0.0699769999999944,[bracketed],contract,T,T,T,T,internal
538.455910454655,979.8159187491494,2347.5316718877175,2.7943732451415997,3.093728020817852,4.09439909011556,4615.384615384615,0.0001722571377205182,294.6877408344671,0.025,0.18656716417910452,1-0-445-0,ow,UT_014,014,2,fave,189.60739288878898,53.365841321248816,4,opened,1,0.11001600000003009,"",my,#,P,"",P,initial
510.8577909715859,902.2316313289439,2853.535726051885,2.4138570615655763,2.7602599776492336,3.5708753416337773,4794.871794871795,0.0001254412574113448,307.1516378344671,0.025,0.18656716417910452,1-0-481-0,ow,UT_014,014,2,fave,102.37025347583024,56.36983879436882,4,over,1,0.11001599999997325,all,f,#,V,L,V,initial
546.2321414410245,1350.364558419198,2234.892090424425,3.1917103984305206,3.870931167655809,4.394252682592896,5512.820512820513,0.0014339697751031676,308.6016508344671,0.025,0.18656716417910452,1-0-486-1,ow,UT_014,014,2,fave,94.49237084558244,50.51715702734843,4,going,1,0.11001600000003009,that,different,G,i,G,i,internal
582.8095560837093,1259.682332710896,2249.564339415078,3.2766311001380797,3.5157110077651135,4.2207906657855325,5871.794871794871,0.0029780214370251404,379.2896548344671,0.029,0.12946428571428573,1-0-638-0,ow,UT_014,014,2,fave,117.69147377179343,56.70614340997914,4,own,1,0.20001300000001265,your,"",#,N,R,N,initial
600.1006860981404,1145.4714728458848,2032.4060880875586,2.9000701921798955,3.4756633906430436,4.272008036431309,4794.871794871795,0.0022812321867243883,380.1186418344671,0.027000000000000003,0.1205357142857143,1-0-642-0,ow,UT_014,014,2,fave,123.35988964465172,60.18243186815712,4,own,1,0.20001199999995833,their,or,#,N,R,N,initial
607.7869356757425,1444.5148427103302,2671.9940789333323,3.1141375439779244,3.3052274562739967,4.202146247087377,5333.333333333333,0.0012462632652534688,385.95865883446714,0.047,0.2554347826086957,1-0-658-1,ow,UT_014,014,2,fave,121.34551227647479,57.21028298293707,4,nope,1,0.1600040000000149,"","",N,P,N,P,internal
526.6262365209213,1408.0635406904519,2134.7040577112843,3.1082559316813643,3.4006473193326654,4.411335560401155,4615.384615384615,0.0017031511163511975,437.03384983446716,0.031000000000000003,0.2012987012987013,1-0-766-1,ow,UT_014,014,2,fave,105.06853804721659,55.72447731449924,4,going,1,0.13000499999998283,dreading,in,G,i,G,i,internal
590.7188284119445,1088.616744054974,2252.833190516401,2.9796034199528667,3.086986708809745,4.1199432236445865,4794.871794871795,0.0015933230231747271,481.22154683446706,0.027,0.17532467532467533,1-0-848-0,ow,UT_014,014,2,fave,99.39755272007685,53.489655682963566,4,overlooked,1,0.13000500000003967,often,"",#,V,N,V,initial
520.4053534121073,983.1998612792395,2585.8086718847226,2.473606415185219,3.1876917909599265,4.3449707898341146,4794.871794871795,0.0000776098108305584,538.2365688344671,0.025,0.26595744680851063,1-0-980-2,ow,UT_014,014,2,fave,130.0382583845857,63.808265897325875,4,close,1,0.07000699999991866,a,tie,L,S,L,S,internal
515.4698688727502,1121.5037843871908,2298.6040250926517,2.8929481925116862,3.6148585113390475,4.32229145573955,4615.384615384615,0.0009884598481265073,540.9965574965987,0.045000000000000005,0.3947368421052632,1-0-988-1,ow,UT_014,014,2,fave,106.48222292863201,56.82899885608959,4,going,1,0.0899659999998903,"",out,G,i,G,i,internal
521.9183650056282,1047.5771997436473,2017.8745256060643,2.828799105859836,3.4254153466453583,4.684407790656316,4435.897435897436,0.00006318049622613389,545.2685311655329,0.029,0.34523809523809523,1-0-998-1,ow,UT_014,014,2,fave,101.66445377534393,57.08770994501594,4,going,1,0.05999799999995048,"",out,G,i,G,i,internal
562.7506804130511,1561.4680633441658,2032.1254246990616,3.036510273661091,3.3465925036981936,4.808160471829912,4435.897435897436,0.0015982950074108348,621.3452671655328,0.025,0.18656716417910452,1-0-1112-6,ow,UT_014,014,2,fave,105.90001429339787,54.7167926765903,4,scenarios,0,0.10998499999993783,different,inside,iy,Z,iy,Z,internal
583.6338493634979,969.2416968532932,2437.72759102539,3.4428764319416163,3.5501579534361145,4.221154612359799,5692.3076923076915,0.0006410136156323494,622.7552515034013,0.025,0.20161290322580647,1-0-1115-4,ow,UT_014,014,2,fave,110.78760942560454,54.54765415819143,4,components,1,0.10003600000004553,different,have,P,N,P,N,internal
592.6724277344916,940.9093721466129,1880.6040479787769,3.0951952781930876,3.6574050911725013,4.262913743424289,4256.410256410256,0.0002930099071114321,708.6983221655328,0.043000000000000003,0.29861111111111116,1-0-1304-3,ow,UT_014,014,2,fave,102.75416364561588,53.841935855550915,4,almost,2,0.11999500000001717,lead,"",M,S,M,S,internal
539.74746056932,1017.3611092405802,2533.6896196221555,2.5547631432402755,3.3546737935624504,3.9814602653149476,4794.871794871795,0.0008136549885347083,721.5023711655328,0.025,0.17361111111111113,1-0-1341-1,ow,UT_014,014,2,fave,98.9828751157772,61.999577238608,4,post,1,0.11999499999990348,pre,flight,P,S,P,S,internal
692.2952233604054,937.823437563862,2637.1591767350824,3.221731825640732,3.3607159296922156,4.276918649740274,5333.333333333333,0.006673196825032272,746.8672448344671,0.025,0.24038461538461545,1-0-1373-0,ow,UT_014,014,2,fave,-13357.07322771396,44.285374323308595,4,old,1,0.080016999999998,"",cars,#,L,"",L,initial
591.7896563575739,1315.4471396512204,2560.880697684393,2.7181247710696717,3.684944252249152,4.7078546188997725,5153.846153846154,0.0017002155988015577,805.4497534965986,0.025,0.20161290322580647,1-0-1483-1,ow,UT_014,014,2,fave,96.53155272182255,55.368133386838934,4,don't,1,0.09997499999997217,"",worry,D,N,D,N,internal
532.6347656961575,921.7782298106812,2640.8493285592285,3.521045629782886,3.8402171085756804,4.052696625664549,5512.820512820513,0.015147486502454535,810.7207681655328,0.047,0.2422680412371134,1-0-1499-4,ow,UT_014,014,2,fave,98.40378366881005,54.40471867917423,4,components,1,0.169983000000002,the,what,P,N,P,N,internal
508.22534511384737,946.5966087135633,2888.6610548441704,2.453680650814787,2.9843326123268827,3.914255796787993,4794.871794871795,0.00005534561007413035,815.199764834467,0.025,0.26595744680851063,1-0-1511-2,ow,UT_014,014,2,fave,97.6484506526114,61.68638988144874,4,slowly,1,0.07000700000003235,just,work,L,L,L,L,internal
480.8462857718745,1560.8678691985815,2252.612853977369,2.852407627024504,3.432380453462567,4.377514177472219,4615.384615384615,0.00046293501537538904,820.5722395034014,0.033,0.2894736842105263,1-0-1519-1,ow,UT_014,014,2,fave,89.89549512986952,53.420028589086805,4,goes,1,0.09002699999996366,that,for,G,Z,G,Z,internal
489.4582114354982,1056.9408341188152,2911.6830351112817,2.652665953214503,3.928457848137813,4.375005870925577,5871.794871794871,0.000584970070808167,844.9369741655328,0.033,0.22916666666666669,1-0-1582-0,ow,UT_014,014,2,fave,94.31302775707879,58.78478593484041,4,okay,2,0.11999500000001717,it's,let's,#,K,S,K,initial
580.1036901681227,1148.368444119899,2773.615561105645,3.353482937526912,3.860422206697512,4.035092322874023,5333.333333333333,0.00036386341312128774,852.796072834467,0.035,0.37234042553191493,1-0-1608-1,ow,UT_014,014,2,fave,100.17285743962896,53.81310021311193,4,don't,1,0.07000800000002982,we,have,D,N,D,N,internal
509.0516847321391,734.84718230085,2724.5446997898503,3.3311820272233104,3.429036460644722,4.581436603254816,4974.358974358975,0.003129089146700606,938.251239165533,0.069,0.33823529411764713,1-0-1688-1,ow,UT_014,014,2,fave,121.67989684971333,56.57637315827197,4,home,1,0.17999199999997018,are,to,HH,M,HH,M,internal
561.717788268513,858.8585006631531,1784.244674530688,3.615338779816063,3.971953283811895,4.713594641116551,4256.410256410256,0.003286392644081902,952.4062731655329,0.059000000000000004,0.2892156862745098,1-0-1723-1,ow,UT_014,014,2,fave,92.95846145263505,47.922332257347676,4,home,1,0.17999299999996765,way,"",HH,M,HH,M,internal
560.0605487483602,1066.9963900496632,2219.6021686496674,3.1173673113549523,3.6125483036418573,3.7271303202169035,4615.384615384615,0.00010808230487180491,961.9902595034013,0.027,0.2596153846153846,1-0-1745-1,ow,UT_014,014,2,fave,105.61921105219751,56.22791270907942,4,roman,1,0.08001799999999548,the,people,R,M,R,M,internal
501.79363072256615,990.437784709513,2233.2247655651213,2.4904168495672514,3.073249571235889,3.3482362896272155,4615.384615384615,0.00004292431685585292,962.7992575034013,0.025,0.21929824561403513,1-0-1747-2,ow,UT_014,014,2,fave,103.08352917818077,58.58077715309739,4,spoke,1,0.09002699999996366,people,latin,P,K,P,K,internal
468.86164736768177,1073.2382038493529,2702.7095733991846,2.3939818826059427,3.2984545834481773,4.0101966874849415,4974.358974358975,0.00046444347857834496,978.7491584965985,0.043,0.34677419354838707,1-0-1786-1,ow,UT_014,014,2,fave,474.7007830360402,55.50028741112167,4,gold,1,0.09997600000008333,of,"",G,L,G,L,internal
455.5263178782286,1428.0040120148406,2250.2856746543544,2.543862265401669,3.3618034364102654,3.9893878425952725,4615.384615384615,0.00019756344370505256,994.2001365034013,0.025,0.20161290322580647,1-0-1821-7,ow,UT_014,014,2,fave,87.84293065852323,56.01234144238733,4,microscope,2,0.10003700000004301,the,"",K,P,K,P,internal
516.7239468752691,1332.311019980671,2648.956802408225,2.420549486006158,3.671234370321836,3.601361261869629,4615.384615384615,0.000512158875338584,995.6818381655329,0.027,0.17532467532467533,1-0-1825-1,ow,UT_014,014,2,fave,105.05428881011387,62.51521404222703,4,dove,1,0.13000499999998283,swimmer,into,D,V,D,V,internal
505.4188982313319,1202.4112949371602,2776.723016754483,2.6579825466605107,3.512522552000547,4.057006368316469,4435.897435897436,0.0013421897641829592,1069.025081834467,0.025,0.17361111111111113,1-0-1987-1,ow,UT_014,014,2,fave,94.04608594862997,55.35427434209941,4,sofa,1,0.11999500000001717,the,"",S,F,S,F,internal
625.546639655163,1642.164171105291,2771.9859259015534,3.784760683207824,3.5346008770163877,3.8714737537371837,6230.7692307692305,0.0006832391819680248,27.49164716553288,0.057,0.5000000000000001,1-0-4-2,eyF,UT_014,014,2,fave,76.02704442827583,45.416036799807735,4,okay,1,0.08999999999999986,"","",K,#,K,"",final
447.7232695205456,1731.1471222636646,2788.391952932751,2.864264330283742,3.6379421912452745,4.030201624712472,5692.3076923076915,0.00007233661849388182,61.46045083446712,0.031,0.369047619047619,1-0-23-1,eyF,UT_014,014,2,fave,101.6095827312599,55.15030311080002,4,say,1,0.060001999999997224,probably,clearf,S,#,S,spn,final
477.17013170418187,1752.8579489512856,2900.2620229654644,2.82260101533921,3.2940420643654735,4.368589230230618,6230.7692307692305,0.0004256070923328434,62.46445083446712,0.039,0.4148936170212766,1-0-26-1,eyF,UT_014,014,2,fave,96.75216570370986,53.43217038364866,4,say,1,0.07000399999999729,i'd,clearfield,S,#,S,K,final
763.0859522518714,2056.9371601910657,2539.7409571643857,2.7738150807459894,3.1530279934814285,4.17694754292558,5153.846153846154,0.004810331811182681,176.76404316553285,0.40900000000000003,0.9423963133640553,1-0-183-1,eyF,UT_014,014,2,fave,103.61048256674648,56.09894116056373,4,day,1,0.41000300000001744,the,"",D,#,D,"",final
692.0838191413385,2002.7608461811,2778.1015172036,2.6826831116205994,3.422195611047239,4.443322035904858,5871.794871794871,0.006432234509102622,186.0990548344671,0.37900000000000006,0.9381188118811881,1-0-211-1,eyF,UT_014,014,2,fave,104.18249785672009,58.47247541674665,4,day,1,0.38000500000001125,the,"",D,#,D,"",final
741.4168230861618,1958.4788929182184,2763.204647555208,2.5088130129846022,3.258841923924237,4.042409734791167,5512.820512820513,0.0017957925871020305,206.33185383446713,0.419,0.9436936936936936,1-0-260-1,eyF,UT_014,014,2,fave,99.79430705852012,54.48871904788102,4,day,1,0.41999800000002097,the,"",D,#,D,"",final
766.6506603525495,1896.5248054443332,2739.788855296841,2.4357988546496894,3.241278908599886,4.0791496158260445,4974.358974358975,0.002528010194970431,224.19455083446712,0.20900000000000002,0.8931623931623932,1-0-311-1,eyF,UT_014,014,2,fave,97.11279419474113,52.44794627645752,4,day,1,0.21000699999999028,the,"",D,#,D,"",final
503.2308171692756,1658.2349754184509,2606.7743110563138,2.5450208818125604,3.100876831957122,4.302473874218212,5333.333333333333,0.0005102411069686996,256.3386488344671,0.077,0.39690721649484534,1-0-351-1,eyF,UT_014,014,2,fave,128.50738282908245,58.7739148448,4,say,1,0.1700140000000374,i'd,one,S,#,S,W,final
701.6911935723908,2080.4558157802867,2873.114877921516,2.6409126157307057,3.1485113483406226,4.4282260694230065,5153.846153846154,0.0040772454449341435,303.36976216553285,0.20900000000000002,0.8931623931623932,1-0-473-1,eyF,UT_014,014,2,fave,124.08170426208441,57.08606896056656,4,say,1,0.20999100000000226,could,"",S,#,S,"",final
455.57670646705157,1884.5364232225215,2985.5061860184082,2.6488805987923025,3.3363804403808732,4.42487663844496,6410.25641025641,0.0005153067536989952,356.6955528344671,0.025,0.17361111111111113,1-0-566-1,eyF,UT_014,014,2,fave,108.24042059209496,55.71547321334912,4,pay,1,0.11999500000001717,hour,cut,P,#,P,K,final
488.1850021241777,1585.7538079476421,2814.52084385425,3.115910749801004,3.156984248256095,4.195630043567393,6230.7692307692305,0.0011153656372641949,367.02853416553285,0.031000000000000003,0.16847826086956527,1-0-600-1,eyF,UT_014,014,2,fave,82.1370910084829,48.63101710711491,4,they,1,0.1600040000000149,more,respect,DH,#,DH,R,final
681.890861402218,2228.911599493761,2726.6038982787836,3.393576340750752,3.4442759754577192,4.22584888082685,5153.846153846154,0.009439949368060509,411.0568581655329,0.211,0.7176870748299319,1-0-726-1,eyF,UT_014,014,2,fave,143.6387645073221,47.94633997910051,4,may,1,0.26998899999995274,of,"",M,#,M,"",final
748.8392290877503,1914.9191744535053,2656.5472906400955,2.4609302886702213,3.1353357480575665,4.09569252235191,4974.358974358975,0.003567861120708621,437.9028371655329,0.40900000000000003,0.9423963133640553,1-0-769-1,eyF,UT_014,014,2,fave,115.54846569164995,60.011221550558666,4,day,1,0.41000300000001744,every,"",D,#,D,"",final
533.430716691046,1430.4228791936707,2479.524200431604,2.5424235270301945,3.236019980676975,4.1786791163861965,4974.358974358975,0.0008541345856833714,442.9991611655329,0.061000000000000006,0.2006578947368421,1-0-786-1,eyF,UT_014,014,2,fave,156.1452406122549,51.165790038835404,4,say,1,0.2799990000000321,and,"",S,#,S,"",final
483.5782178064934,1661.4078180819024,2375.6314113649855,2.6607287024190747,3.0296526449865344,3.898635926670341,5153.846153846154,0.00008933990833698907,449.5311491655329,0.025,0.18656716417910452,1-0-809-1,eyF,UT_014,014,2,fave,102.9364673754348,54.91255373665305,4,pay,1,0.10998499999999467,that,cut,P,#,P,K,final
466.39646394786195,1795.347695717087,2610.1670740963523,2.518992865319978,3.1717442054083897,4.049484675801695,5512.820512820513,0.0010413138100164514,464.5469588344671,0.14700000000000002,0.2474747474747475,1-0-820-1,eyF,UT_014,014,2,fave,110.04641837491663,57.3944663026734,4,say,1,0.5700069999999755,would,down,S,#,S,D,final
497.0581818496436,1467.5570515945694,2578.688951694234,2.2270307301384458,3.0544930919913984,4.252833098998874,4974.358974358975,0.00005490472075589343,486.6732448344671,0.025,0.21929824561403513,1-0-857-1,eyF,UT_014,014,2,fave,124.01180069858358,64.41462655680152,4,say,1,0.08999600000004193,people,it's,S,#,S,i,final
560.3116225595813,1632.8169106368769,2397.187196193371,2.7342182566203204,3.0927416189918,4.250902948753258,5153.846153846154,0.0002166391412076901,495.1841398344671,0.025,0.0984251968503937,1-0-884-1,eyF,UT_014,014,2,fave,111.44026349544635,58.19955312896052,4,way,1,0.23001099999999042,the,it,W,#,W,i,final
465.4952427995285,1592.3553907625947,2600.314096870307,2.6622730361569,2.99976704111892,4.397030742414517,5153.846153846154,0.0013174726009029581,546.266536834467,0.025,0.21929824561403513,1-0-1002-1,eyF,UT_014,014,2,fave,89.9138321944323,51.923341908918346,4,they,1,0.09002699999996366,what,called,DH,#,DH,K,final
521.9870251491942,1501.4826565039368,2718.7468147632153,2.3521129395495897,3.10271507040189,4.208870562239835,5333.333333333333,0.0011966880663215706,568.7686558276644,0.025,0.06038647342995169,1-0-1029-1,eyF,UT_014,014,2,fave,127.49785784279231,63.050658328594366,4,say,1,0.3899540000001025,i'd,at,S,#,S,ae,final
548.816591397674,1986.0280245399254,2715.5943954187333,2.9381963681477763,3.122372114517566,4.281120846822419,5333.333333333333,0.00004011503961055621,591.420874165533,0.055,0.6547619047619048,1-0-1053-1,eyF,UT_014,014,2,fave,136.12679276233644,59.89291653251239,4,say,1,0.05999799999995048,wouldn't,an,S,#,S,@,final
498.3927192767179,1636.1494199294152,2649.2373953549472,2.385875271468086,3.246201391732586,4.3079196567079405,6051.282051282051,0.00003332060691003445,704.339351834467,0.025,0.26595744680851063,1-0-1288-1,eyF,UT_014,014,2,fave,99.5995461206643,62.42213939804757,4,way,1,0.07000700000003235,easiest,to,W,#,W,T,final
642.3612882001491,1987.208158524997,3027.8132897255555,2.5895801762724227,3.438669668321227,3.891936518765226,6051.282051282051,0.005528508170811965,744.5342761655328,0.6590000000000001,0.9634502923976608,1-0-1363-1,eyF,UT_014,014,2,fave,127.73111297178625,53.173140751621375,4,say,1,0.6599730000000363,to,"",S,#,S,"",final
449.40939465666935,1558.1234962912222,2685.187731676149,2.369124349323853,3.166878708719824,4.151885975231385,5153.846153846154,0.00026655631199369047,792.9719694965987,0.051000000000000004,0.29310344827586204,1-0-1441-1,eyF,UT_014,014,2,fave,105.34614866014304,55.85574797796437,4,say,1,0.149962999999957,"",tearing,S,#,S,T,final
468.37758651853807,1590.9859367825077,2754.5395932613524,2.202831935817706,3.0560721320677735,4.073206683540369,5512.820512820513,0.000034497294595019215,801.1293298344671,0.025,0.26595744680851063,1-0-1472-1,eyF,UT_014,014,2,fave,78.85253995848674,54.88011364018578,4,say,1,0.07000700000003235,i'd,is,S,#,S,i,final
463.6498191762195,1622.9141381520044,2935.751319510774,2.7987877326781043,3.1307416316851553,4.168777781911156,5333.333333333333,0.0005343523667739179,811.319759834467,0.025,0.24038461538461545,1-0-1501-1,eyF,UT_014,014,2,fave,93.81535675008546,50.33660523885774,4,they,1,0.080016999999998,what,do,DH,#,DH,D,final
521.1395644533873,1616.3462640563,2685.5666354517157,2.6151956503164984,2.933063132502874,3.8647186350149045,5153.846153846154,0.0002687044692779456,830.5539228344671,0.033,0.2142857142857143,1-0-1536-1,eyF,UT_014,014,2,fave,110.23643266362501,59.17788333368734,4,they,1,0.13000500000009652,yeah,wanna,DH,#,DH,W,final
513.7748424087118,1602.5820935640932,2687.73726585712,2.740655263542951,2.7351966771082075,4.341489757110747,5153.846153846154,0.0000319873661776065,831.9649578344671,0.035,0.37234042553191493,1-0-1544-1,eyF,UT_014,014,2,fave,111.81991493404863,57.29223722005148,4,they,1,0.07000699999991866,"",have,DH,#,DH,HH,final
553.2653571296585,1747.8703767160061,2579.348770218951,2.7311455803734663,2.987306921356717,4.198208579340081,5153.846153846154,0.0007866366199869074,845.2369345034012,0.11300000000000002,0.35987261146496813,1-0-1582-2,eyF,UT_014,014,2,fave,85.60518479357374,55.30567938976748,4,okay,1,0.29003900000009253,it's,let's,K,#,K,L,final
651.463414823547,1691.8208783249213,2368.796910122443,3.003181520232787,3.2433045257400632,4.041984656206183,5153.846153846154,0.0004031035091981679,906.5842435034014,0.099,0.7983870967741936,1-0-1652-1,eyF,UT_014,014,2,fave,570.0204117121777,47.545887174586845,4,kay,1,0.10003599999993185,mm,"",K,#,K,"",final
652.2152674132122,1611.3189465932408,2383.963476130678,2.640330316062838,3.3877247476158967,4.1270312327523415,4974.358974358975,0.00013440519544180053,918.0713738344671,0.069,0.7340425531914894,1-0-1655-1,eyF,UT_014,014,2,fave,99.54475527426833,52.45640038354948,4,kay,1,0.07000700000003235,mm,"",K,#,K,"",final
608.2341234127376,2014.7479232823105,3008.6957914514937,2.8840650755450636,3.601348600220793,4.380434205982515,6230.7692307692305,0.012320530661796522,944.4062504965987,0.219,0.8975409836065574,1-0-1703-4,eyF,UT_014,014,2,fave,117.62811660782558,56.3344341689884,4,friday,2,0.21996999999998934,last,"",D,#,D,"",final
529.7985703657774,1807.0890898909574,2831.9201809746246,2.998210812023093,3.4557893260812365,4.16761776843669,6230.7692307692305,0.00022241031533806418,952.2012554965987,0.049,0.47115384615384615,1-0-1722-1,eyF,UT_014,014,2,fave,107.96536738668479,52.168081241084415,4,way,1,0.07995600000003833,my,home,W,#,W,HH,final
679.8117729396597,2037.3319206510325,2838.1222361896307,2.8253982897509426,3.612794318273686,3.918937230002421,5692.3076923076915,0.010249559800566146,972.9371591655328,0.17900000000000002,0.8774509803921569,1-0-1768-4,eyF,UT_014,014,2,fave,628.6571287528786,44.38745448883277,4,tuesday,2,0.17999300000008134,by,"",D,#,D,"",final
686.5131923195685,2054.8556557555917,2573.5820285339005,2.7610128351962744,3.284509273205551,4.153977453781336,5153.846153846154,0.002700434829382784,990.8021408344671,0.209,0.8931623931623932,1-0-1812-6,eyF,UT_014,014,2,fave,92.93248497779969,55.48336780604518,4,yesterday,2,0.21002199999998084,health,"",D,#,D,"",final
741.0861719959397,2156.766457454275,2840.4484427906937,2.9436784185080844,3.3424498924528967,4.161326230492127,5333.333333333333,0.003403216991747582,996.9178431655329,0.23900000000000002,0.9053030303030303,1-0-1829-3,eyF,UT_014,014,2,fave,90.03199285074025,52.6565844043364,4,today,1,0.23999000000003434,water,"",D,#,D,"",final
501.5360333339788,1720.6916945254168,2815.6090353564005,2.6236363170886126,3.1973142707802458,3.592648563052258,5333.333333333333,0.00005559630695958751,1058.9450208412698,0.025,0.26595744680851063,1-0-1960-1,eyF,UT_014,014,2,fave,107.05915898357003,57.69242018255948,4,they,1,0.07006799999999203,"",heard,DH,#,DH,HH,final
452.5240454994325,1712.2682665273505,2824.123384692243,2.610352431867082,3.23087368257125,3.7123503380243474,6230.7692307692305,0.00029973380742737534,1070.3250258412697,0.025,0.24038461538461545,1-0-1989-1,eyF,UT_014,014,2,fave,102.93982674142352,60.63802805584077,4,they,1,0.08007799999995768,"",received,DH,#,DH,R,final
573.9497613362312,1988.8138523167725,2672.8946721515304,2.9201210335459447,3.25852554435796,3.8102067689146315,5333.333333333333,0.0029187411938272584,1071.9670541587302,0.16899999999999998,0.8711340206185567,1-0-1996-3,eyF,UT_014,014,2,fave,90.58454937522825,52.36496993388332,4,today,1,0.16992200000004232,mail,"",D,#,D,"",final
612.8259005767236,1533.1294180360176,1928.0816552126228,2.8496905684714955,3.2722848254211465,4.011370432183808,4794.871794871795,0.0008875932973037273,40.468048165532885,0.045,0.274390243902439,1-0-6-3,ay0,UT_014,014,2,fave,131.48137685430066,54.54501395463821,4,alright,1,0.139998999999996,"","",R,T,R,T,internal
609.0428689811337,1512.8703513034727,1985.8604507136577,2.9546262882566015,3.533791709530124,3.677500771305825,4615.384615384615,0.0000714093229918154,85.09394516553287,0.045,0.39473684210526316,1-0-41-1,ay0,UT_014,014,2,fave,109.9915263822643,48.703089500533785,4,right,1,0.09000300000001005,"",around,R,T,R,T,internal
584.8184310272521,1499.6361964966336,2079.07759284046,2.255020585494895,3.1960941933096634,3.942880661758655,5153.846153846154,0.0008450345848842689,163.1042551655329,0.05500000000000001,0.3571428571428572,1-0-161-1,ay0,UT_014,014,2,fave,389.9110969228822,53.105171159227865,4,right,1,0.12998900000002322,bout,bout,R,T,R,T,internal
619.4402812930376,1421.65258688707,2382.070134523184,2.6130327386700714,3.048231434806207,4.175093926195079,6051.282051282051,0.00007541712389082887,209.27185316553286,0.039,0.34210526315789475,1-0-264-1,ay0,UT_014,014,2,fave,104.20647962181307,59.279670210433515,4,right,1,0.08999600000001351,"",around,R,T,R,T,internal
639.1224279973773,1436.0310106097527,2074.1616340492174,2.408431726803084,3.2036507950050757,3.842147432137063,4794.871794871795,0.00011732936908356089,215.9445471655329,0.049,0.36567164179104483,1-0-282-1,ay0,UT_014,014,2,fave,105.60609046215863,62.92749206123014,4,write,1,0.10999999999998522,their,ups,R,T,R,T,internal
510.81532492856763,1470.150598936186,2584.0675384625147,2.496169841422356,2.8408011129019552,3.9557016126454267,4615.384615384615,0.000036165019664565485,434.0308441655329,0.025,0.21929824561403513,1-0-758-1,ay0,UT_014,014,2,fave,101.43456388945471,56.81160537098496,4,like,1,0.08999599999998509,it's,"",L,K,L,K,internal
597.1233506237346,1577.8814802273866,2693.3922640556725,2.466995970594991,3.060444200783514,4.348191163547381,5153.846153846154,0.00024473379037208377,499.3291424965986,0.035,0.26119402985074636,1-0-899-1,ay0,UT_014,014,2,fave,117.23839464563255,62.516272102322205,4,type,1,0.10998599999999215,different,of,T,P,T,P,internal
627.0515547380315,1394.655749867507,2559.0966599380745,2.8214696067185336,3.3331031607963655,4.572727383285953,5692.3076923076915,0.0003222964411447741,614.4364405034014,0.049,0.3951612903225807,1-0-1094-1,ay0,UT_014,014,2,fave,116.75984764301691,59.425820391902334,4,might,1,0.10003699999992932,you,have,M,T,M,T,internal
596.5513078955773,1601.4216069991153,2769.4544196637207,2.7108576588177806,3.18927063024733,3.7965985907779736,4794.871794871795,0.000042678519864296895,707.5693441723357,0.025,0.33783783783783783,1-0-1300-1,ay0,UT_014,014,2,fave,98.61730987500606,60.29046263798279,4,like,1,0.050047999999947024,"",a,L,K,L,K,internal
698.3114286960193,1221.7780578228412,2777.2350520400933,2.5453648233975414,3.2378463754968054,4.192496789336057,5871.794871794871,0.0007051387357473401,721.940354165533,0.061,0.3144329896907217,1-0-1342-2,ay0,UT_014,014,2,fave,99.17835086669737,60.36314620883212,4,flight,1,0.169983000000002,post,inspections,L,T,L,T,internal
598.0690413608031,1162.5330419592806,2276.3823588829246,2.373203837827369,3.3965342755037566,4.28680785368562,4615.384615384615,0.0003723975345663507,800.602336165533,0.07100000000000001,0.365979381443299,1-0-1470-3,ay0,UT_014,014,2,fave,138.59845980676255,58.7351882313167,4,advice,1,0.169983000000002,of,i'd,V,S,V,S,internal
598.1477943522325,1556.6454001212828,2031.4052589191692,3.0192204529466142,3.046209962149888,3.8166313808006804,4435.897435897436,0.00036375235693596815,924.4624301655329,0.049,0.5212765957446809,1-0-1657-3,ay0,UT_014,014,2,fave,NaN,42.61015734380532,4,alright,1,0.07000700000003235,"","",R,T,R,T,internal
641.9848128095775,1463.8016441337868,2147.384499921381,2.468425844597554,3.288809878637907,4.25007125121889,4615.384615384615,0.0002432250460660175,931.6932684965986,0.055,0.3353658536585366,1-0-1673-1,ay0,UT_014,014,2,fave,90.91307648306658,57.01325828194175,4,writer,1,0.1399539999999888,a,"",R,T,R,T,internal
691.4692314436647,1624.090864490637,2905.3721123741743,2.6839467510058737,3.654423815747661,4.038983723349652,6051.282051282051,0.00033228316690982564,986.430171834467,0.025,0.16233766233766234,1-0-1799-1,ay0,UT_014,014,2,fave,101.54282053591969,63.68488300388699,4,hiked,1,0.13000499999998283,backpacker,in,HH,K,HH,K,internal
632.9878621165205,1379.2650498682528,2476.9117798565853,3.00706682489408,3.416528739906172,3.887951930640697,4974.358974358975,0.00038066790837356263,993.693166165533,0.051000000000000004,0.38059701492537323,1-0-1821-1,ay0,UT_014,014,2,fave,91.46462898865921,55.875921881386525,4,microscope,1,0.10998600000004899,the,"",M,K,M,K,internal
676.0738218499562,1722.800701264545,2678.775950888873,2.9205919876565787,3.1164041519253325,3.7461253972780795,4974.358974358975,0.00044879647747198524,1039.2141574965988,0.025,0.21929824561403513,1-0-1908-1,ay0,UT_014,014,2,fave,109.96947046659787,55.21347974070864,4,hiker,1,0.08996600000000399,the,found,HH,K,HH,K,internal
611.4334691134165,1456.2867050652433,2126.147409704536,2.4500058740620267,2.8923452926802096,3.732334426822725,4794.871794871795,0.00016620668615822314,1083.4247711655328,0.049,0.3402777777777778,1-0-2030-1,ay0,UT_014,014,2,fave,88.71897455253925,58.73784537858315,4,writer,1,0.11999599999990096,a,sometimes,R,T,R,T,internal
507.46481109993346,1545.235570327301,2989.4431993828316,3.448257770942769,3.1463323590279146,4.104500425748887,7128.205128205128,0.0013917603395979406,49.78755483446712,0.047,0.3263888888888889,1-0-8-1,*hr,UT_014,014,2,fave,119.03427373794732,64.11560280443942,4,thirty,1,0.11999899999999997,"","",TH,D,TH,D,internal
409.96904193644184,1276.6755606721863,1466.7701793317083,2.376652529033943,3.439196354901055,3.094033350564236,4435.897435897436,0.005492774356480178,106.91345083446713,0.227,0.33187134502923976,1-0-74-2,*hr,UT_014,014,2,fave,98.67718974463902,53.681926277927,4,for,0,0.6600039999999865,"","",R,#,R,"",final
420.1950816852734,1594.2513554617915,2064.8581636952226,3.021839533182209,3.4554348203514027,4.170337530566406,5512.820512820513,0.0003823083076534739,109.57544716553288,0.031,0.32978723404255317,1-0-78-0,*hr,UT_014,014,2,fave,98.37436332468003,50.50726303273135,4,or,0,0.06999999999999318,weeks,so,#,#,S,S,coextensive
435.60784849642675,1585.5749648407273,2244.572776030546,3.214689571063644,3.075020834394871,4.483096343189493,6051.282051282051,0.00005606957176367781,111.55635016553288,0.027000000000000003,0.32142857142857145,1-0-81-3,*hr,UT_014,014,2,fave,98.1037171034528,49.99756596351386,4,after,0,0.05999699999999564,"",that,T,#,T,DH,final
442.20759721755036,1379.7760971313348,1604.117999045139,2.9955792661664624,3.0903460384392827,2.980304859299642,4794.871794871795,0.00004752730912951046,112.79035083446712,0.035,0.3365384615384616,1-0-86-1,*hr,UT_014,014,2,fave,97.82460096401357,52.60626748930337,4,virginia,0,0.08000199999999325,to,"",V,JH,V,JH,internal
425.103316548328,1298.9427509499242,1518.2854674396772,2.8928373366503206,3.2243341709356637,3.0761818337828957,4435.897435897436,0.0050885338569362035,114.10135183446711,0.217,0.3318042813455657,1-0-88-2,*hr,UT_014,014,2,fave,105.88805627115313,51.25458540055245,4,for,0,0.6299980000000005,"","",R,#,R,"",final
429.7150829673498,1750.3955137696296,3149.0531121978825,3.6098834059042555,3.310959664854343,4.660187610378569,6589.74358974359,0.0001365924053738357,116.32635183446712,0.027000000000000003,0.32142857142857145,1-0-92-0,*hr,UT_014,014,2,fave,98.96003357448245,48.32661605985764,4,or,0,0.05999799999999311,months,so,#,#,S,S,coextensive
441.70434118134926,1247.9734715368688,1530.234109107596,2.4148142574348004,3.4667286983352215,3.157046062360825,4435.897435897436,0.00005797791985882673,123.66335183446712,0.061000000000000006,0.3315217391304348,1-0-106-1,*hr,UT_014,014,2,fave,105.5689226107952,58.00908501921437,4,for,0,0.1600040000000007,again,another,F,#,F,@,final
541.4798276780294,1344.5730222195853,1922.3808729189675,2.614649627564353,3.4440412300735224,3.233699806639013,4435.897435897436,0.000038589382823519907,124.09635016553288,0.027000000000000003,0.32142857142857145,1-0-107-4,*hr,UT_014,014,2,fave,107.67801211062483,56.28295452598892,4,another,0,0.05999799999999311,for,couple,DH,#,DH,K,final
581.7731304905535,1599.445608792448,3188.728340854437,3.6502628398245016,2.7819552267866547,5.180174137130963,7128.205128205128,0.009467609275600619,129.5303468344671,0.055,0.3353658536585366,1-0-121-1,*hr,UT_014,014,2,fave,-81.6509453462242,49.39099695082355,4,kearns,1,0.1399990000000173,to,"",K,N,K,N,internal
404.61659460832243,1252.1422629616306,1424.0365258023514,2.81048021844073,3.7750437193739375,3.460263159791116,4076.923076923077,0.00592842833461318,132.93635116553287,0.127,0.3307291666666667,1-0-126-2,*hr,UT_014,014,2,fave,84.35559629134266,48.92568487577868,4,for,0,0.3600010000000111,layton,"",R,#,R,"",final
540.6375309853619,1455.3105085293168,1558.8969449104914,3.338720307325803,3.971131460731854,3.9613398108213684,5153.846153846154,0.002603843605196909,141.55225216553285,0.051000000000000004,0.3311688311688312,1-0-142-1,*hr,UT_014,014,2,fave,83.11379548033011,47.943828657493086,4,kearns,1,0.12998900000002322,in,for,K,N,K,N,internal
443.60506416711473,1516.13621982274,1748.900768334191,2.438733881548684,3.414203061346395,3.2301427641052647,4435.897435897436,0.00010679204198642305,163.64024783446715,0.027000000000000003,0.32142857142857145,1-0-164-0,*hr,UT_014,014,2,fave,425.71982245754464,50.09513805697463,4,or,0,0.05999800000000732,three,four,#,#,iyF,F,coextensive
503.93320702243767,1281.7186109505997,1589.9754614192423,2.556718638442429,3.1812338558162523,2.5772960839543284,4435.897435897436,0.00041502668493501494,178.80204583446715,0.085,0.3346456692913386,1-0-187-1,*hr,UT_014,014,2,fave,129.22654559258143,66.65951363266264,4,work,1,0.23001099999999042,into,"",W,K,W,K,internal
468.4484094464131,1272.6360819971312,1580.6092472588862,2.3840590525018515,3.2809184885465674,2.700664086037351,4615.384615384615,0.00021717813956711692,181.1700558344671,0.08100000000000002,0.3319672131147542,1-0-194-1,*hr,UT_014,014,2,fave,131.25979433639355,63.986623938930286,4,work,1,0.22000099999999634,to,"",W,K,W,K,internal
397.27099349372946,1638.1167510936966,2002.0709288633334,3.150674390144016,3.9479558304352813,4.630174952846274,5692.3076923076915,0.0000541396492710467,183.20205383446714,0.025,0.33783783783783783,1-0-199-5,*hr,UT_014,014,2,fave,100.7907354896666,53.08980209302341,4,manager's,0,0.050003000000003794,to,office,JH,Z,JH,Z,internal
470.43354350619717,1536.5796337256659,1782.5054779729378,2.7250710422944606,2.982420314870206,3.335498281687318,4076.923076923077,0.0003051749296187977,199.8628508344671,0.08099999999999999,0.3319672131147541,1-0-241-3,*hr,UT_014,014,2,fave,101.76798248430275,60.33943377750447,4,after,0,0.22000099999999634,"",that,T,#,T,DH,final
520.0332242513184,1260.1742883664024,1422.3044760615455,2.965325881180974,3.8701354780312993,4.033134579756831,5333.333333333333,0.0014760319539464531,204.47085583446713,0.037000000000000005,0.324561403508772,1-0-253-1,*hr,UT_014,014,2,fave,101.50692417042742,60.95043598774003,4,work,1,0.08999600000001351,"",on,W,K,W,K,internal
572.7129605633432,1614.6469323328083,2229.013659871004,3.327797466138901,3.4035524267230706,4.369346097068698,6410.25641025641,0.0028105141567019805,228.87485483446713,0.091,0.3321167883211679,1-0-317-3,*hr,UT_014,014,2,fave,145.223362083615,54.69173318753885,4,dinner,0,0.25,eat,"",N,#,N,"",final
491.5890089913143,1080.7373612170732,1459.6590515324087,3.049048586694482,3.101623615308178,2.961856613183382,4256.410256410256,0.0001728990147791762,232.78785683446714,0.037,0.32456140350877194,1-0-334-1,*hr,UT_014,014,2,fave,105.7681785517995,57.7219815647342,4,work,1,0.08999600000001351,or,on,W,K,W,K,internal
402.4275382106299,1192.3491520582284,1577.327430033937,2.7496865533773733,3.6514334742837877,3.1663791017029,3717.948717948718,0.00007055456085141807,233.81285583446714,0.027000000000000003,0.32142857142857145,1-0-338-0,*hr,UT_014,014,2,fave,100.76552671406922,55.172278121488084,4,around,0,0.05999700000000985,projects,the,#,aw,S,aw,initial
470.4552608840037,1557.7252961920422,3382.3864837768597,3.0526874816465903,3.4780718725715065,4.461962404373697,6948.717948717948,0.00023328443569278415,258.06764883446715,0.035,0.3365384615384616,1-0-356-1,*hr,UT_014,014,2,fave,108.83186062172301,55.54458755839023,4,serving,1,0.080016999999998,"",in,S,V,S,V,internal
477.181789406042,1511.6711944675922,1560.0320825324375,3.1128433056784153,3.6773184984547838,4.365422965023182,5692.3076923076915,0.00022024691534864698,262.6336511655329,0.027000000000000003,0.32142857142857145,1-0-369-1,*hr,UT_014,014,2,fave,120.19422000936984,59.631655880345505,4,perspective,0,0.059996999999953005,"",and,P,S,P,S,internal
464.58291257934417,1410.074954643479,1648.84167957855,2.623362380954398,3.6676553877127165,3.3360318810894944,4435.897435897436,0.0007596875197043488,280.31864416553293,0.097,0.3299319727891156,1-0-411-3,*hr,UT_014,014,2,fave,103.99916719934023,53.14779920720892,4,reserves,1,0.2699890000000096,active,"",Z,V,Z,V,internal
512.0115052054902,1092.2434115343374,1445.9223815183834,2.849338983337366,3.545640598718145,3.1345157560767767,4256.410256410256,0.000175354888092623,288.10444516553287,0.027000000000000003,0.32142857142857145,1-0-429-1,*hr,UT_014,014,2,fave,91.39745426204962,51.10428430928326,4,working,1,0.05999800000000732,"",on,W,K,W,K,internal
463.3817605161609,1030.5117866829842,1572.4801153523288,2.756580225417119,3.139780539082365,3.444549622266102,4435.897435897436,0.00001623219918640983,307.31263616553287,0.027000000000000003,0.32142857142857145,1-0-481-2,*hr,UT_014,014,2,fave,104.237217625777,54.64062712518827,4,over,0,0.05999800000000732,all,f,V,#,V,e,final
557.1030591677471,1296.7917765394427,2953.917043118715,3.3398422379900143,3.219179760102495,4.77127381892134,6769.2307692307695,0.0003631292755757643,329.9698581655329,0.037,0.32456140350877194,1-0-501-1,*hr,UT_014,014,2,fave,138.48008518103038,59.870778377932155,4,working,1,0.08999599999998509,[bracketed],at,W,K,W,K,internal
555.883602191075,1407.516413037553,2886.6048427040905,3.459811532905777,3.022437634516292,4.385899643547386,6589.74358974359,0.0006816644527358892,342.1665548344671,0.027000000000000003,0.32142857142857145,1-0-526-1,*hr,UT_014,014,2,fave,122.89990872641027,64.54974391180075,4,working,1,0.05999700000000985,was,at,W,K,W,K,internal
531.2651979516191,1451.948831471904,2000.5374121965078,2.718366376555527,3.0938177257520802,3.7705325617067094,4615.384615384615,0.00008228542264990055,342.6115568344671,0.037000000000000005,0.324561403508772,1-0-528-4,*hr,UT_014,014,2,fave,117.75476950798692,56.9041424958607,4,another,0,0.08999599999998509,at,garbage,DH,#,DH,G,final
519.6535016890324,1498.5044833220197,1699.7661852115036,2.51716971010709,2.9023649919634695,3.1593794311171584,4435.897435897436,0.0009465570968544251,348.28254516553284,0.07899999999999999,0.3376068376068376,1-0-543-3,*hr,UT_014,014,2,fave,107.69504662764531,56.491910521504664,4,prior,0,0.20999100000000226,years,to,ay,#,ay,T,final
508.4007597933788,1518.732959939898,1756.870107914841,2.8945515185921367,3.324458880647706,3.4190943826354747,4615.384615384615,0.00003693401234925356,359.3905501655329,0.035,0.33653846153846156,1-0-576-1,*hr,UT_014,014,2,fave,108.08817953571311,53.36583492840048,4,turned,1,0.07998600000001943,"",out,T,N,T,N,internal
462.1104873300255,1484.414259501512,1707.1550497398134,2.7253120571386815,3.033570343272259,2.9085874797159312,4615.384615384615,0.0000742606548335333,364.33855649659864,0.031,0.32978723404255317,1-0-593-3,*hr,UT_014,014,2,fave,98.97634516792056,55.1402285737566,4,better,0,0.0699769999999944,environment,management,T,#,T,M,final
424.18439613237683,898.7525815786751,1365.3231267587298,2.7791442702330627,3.6630244428825818,3.4379498555623895,4435.897435897436,0.0007390608992354373,371.11565716553287,0.04100000000000001,0.3306451612903227,1-0-612-0,*hr,UT_014,014,2,fave,125.8080321897883,62.468899067685165,4,around,0,0.09997499999997217,all,better,#,aw,L,aw,initial
501.1018958123018,1603.7534702368314,2812.3566682000737,3.5700262892935806,2.93968544484935,4.636491003835481,6769.2307692307695,0.00006030057355618671,371.52864016553286,0.027000000000000003,0.32142857142857145,1-0-613-3,*hr,UT_014,014,2,fave,103.09917852311575,57.65438821741248,4,better,0,0.05999700000000985,around,place,T,#,T,P,final
488.8494111152911,1594.7477075008383,2810.9293531433404,2.848778206742128,3.088075251303831,4.759768707768681,5692.3076923076915,0.0019298671516090214,378.4036465034013,0.037000000000000005,0.324561403508772,1-0-633-2,*hr,UT_014,014,2,fave,102.90589522301002,55.71253047810685,4,either,0,0.09002700000002051,"",claim,DH,#,DH,K,final
599.8828902518787,1290.8342264925213,1611.364221839038,2.859257980018583,3.4193060663245936,3.09769352558152,4076.923076923077,0.0001306084854551954,388.83565383446705,0.061000000000000006,0.3315217391304348,1-0-670-1,*hr,UT_014,014,2,fave,103.2110160999746,55.84868183407867,4,burner,1,0.1600040000000149,back,"",B,N,B,N,internal
598.3353272675798,1436.4397881266107,1675.4811633024262,3.3367693339033373,3.6540478876057687,3.2989194268745266,4256.410256410256,0.002182525424783913,389.0206568344671,0.051000000000000004,0.3311688311688312,1-0-670-3,*hr,UT_014,014,2,fave,135.38562786118823,46.81469912165135,4,burner,0,0.13000399999998535,back,"",N,#,N,"",final
508.8845886915273,1105.2082984004821,1571.8941828814386,2.309071160829864,3.48858465833864,3.2132595872003904,4435.897435897436,0.0001419392155894709,397.02144583446716,0.035,0.3365384615384616,1-0-685-1,*hr,UT_014,014,2,fave,100.65311876591679,60.32675005088262,4,work,1,0.080016999999998,to,at,W,K,W,K,internal
497.3780608251382,1291.1348504449002,1612.0355534217429,2.4643303544121307,3.770188717223313,3.184146821066035,4256.410256410256,0.0003797308126496804,400.87754483446713,0.055,0.3353658536585366,1-0-696-1,*hr,UT_014,014,2,fave,101.34905847330388,58.22173147928697,4,further,1,0.14001500000000533,progressed,and,F,DH,F,DH,internal
493.8763758618722,1405.476183805159,1864.9232999433332,2.5772224041862506,3.407634811318727,3.414170593713799,4435.897435897436,0.00004506745501064705,401.0585421655329,0.037000000000000005,0.324561403508772,1-0-696-3,*hr,UT_014,014,2,fave,102.06779298220611,56.527218514106174,4,further,0,0.08999599999998509,progressed,and,DH,#,DH,@,final
472.19741640585175,1539.2607496503263,1827.997983036149,2.6851909338868882,2.933857693117945,3.265288644751641,4794.871794871795,0.00004796869399436743,418.7121428344671,0.037000000000000005,0.324561403508772,1-0-736-6,*hr,UT_014,014,2,fave,101.43505067177823,54.55382248767991,4,considered,0,0.08999599999998509,technically,salt,D,D,D,D,internal
434.93583516959114,1538.9458999659462,1787.8319078135153,2.4569432000059037,3.0874685720064545,3.240245206214137,4615.384615384615,0.000019597445768944495,441.9021441655329,0.027000000000000003,0.32142857142857145,1-0-780-5,*hr,UT_014,014,2,fave,110.62525901278313,56.78616804860144,4,manager,0,0.05999800000000732,a,at,JH,#,JH,ae,final
477.23632902275307,1003.1964448122033,1436.6095308955796,2.8013121763902102,3.374502038520547,3.2155065533697686,4615.384615384615,0.000033145257428730705,444.42413316553285,0.031,0.32978723404255317,1-0-790-1,*hr,UT_014,014,2,fave,113.89803672594415,56.46929772710947,4,worked,1,0.07000799999997298,i've,with,W,K,W,K,internal
510.0890605340775,1117.6444241269814,1606.3390276946045,2.8688027415803146,3.353418300213703,2.848288145743025,4435.897435897436,0.00004666510752190338,448.7561501655329,0.035,0.3365384615384616,1-0-805-1,*hr,UT_014,014,2,fave,113.28235492878098,59.02831081299413,4,worth,1,0.0799870000000169,it's,it,W,TH,W,TH,internal
518.3365564593212,1493.889938220529,1735.1258417831107,2.8150749913062048,3.338064756735392,3.4170888534110424,4435.897435897436,0.00005051900626661285,451.36614183446716,0.035,0.3365384615384616,1-0-814-1,*hr,UT_014,014,2,fave,106.57942993250354,55.9269742941178,4,turned,1,0.080016999999998,it,out,T,N,T,N,internal
476.7323707576877,1551.7375066333925,1831.5869079325805,2.715646169332214,2.9574813175162156,3.257453862004466,4435.897435897436,0.0004737272742368463,480.27855016553286,0.061000000000000006,0.3315217391304348,1-0-845-3,*hr,UT_014,014,2,fave,196.95157141021983,60.73533015573384,4,desert,0,0.16000300000001744,the,is,Z,T,Z,T,internal
451.886995202662,1094.138350411892,1632.155956011577,2.635195043034866,3.6771803258278863,3.441116787038606,4794.871794871795,0.000049791737466211706,481.42355883446714,0.031,0.32978723404255317,1-0-848-2,*hr,UT_014,014,2,fave,101.42513929914129,58.51637281054824,4,overlooked,0,0.07000800000002982,often,"",V,L,V,L,internal
429.66919326411795,1483.9555450026812,1806.546493423257,2.6385025158327426,3.3388620196507537,3.5592020567350864,4615.384615384615,0.0007700814824038166,493.38825116553284,0.055,0.3353658536585366,1-0-880-3,*hr,UT_014,014,2,fave,85.11575990767031,50.11442605731824,4,colors,0,0.13998400000002675,different,"",L,Z,L,Z,internal
527.2880351078952,1495.8835094263466,1930.5708202830128,2.8592241381949157,3.260471886551552,3.599722623994279,4256.410256410256,0.001257774264172781,496.8851475034013,0.047,0.3263888888888889,1-0-890-5,*hr,UT_014,014,2,fave,114.36033900795009,58.97066722779443,4,together,0,0.12002600000005259,morphs,and,DH,#,DH,@,final
423.43328647763514,1514.4291933802863,1840.2045242613856,2.786420998811553,3.248109371109617,3.5824708783437336,4256.410256410256,0.0005959768165350622,524.4799704965988,0.040999999999999995,0.33064516129032256,1-0-958-3,*hr,UT_014,014,2,fave,94.2636151535042,50.43218352300314,4,desert,0,0.09997499999997217,the,down,Z,T,Z,T,internal
448.59093720028557,1246.2663508648668,1714.9742407570257,2.728940135527337,3.6875368044089685,3.433553864144605,4435.897435897436,0.0000640725966579266,539.2115398344671,0.035,0.3365384615384616,1-0-983-3,*hr,UT_014,014,2,fave,113.76379270621761,55.7376566530262,4,favorite,0,0.080016999999998,my,activities,V,i,V,i,internal
470.9930872133175,1572.579993251519,3751.15610841871,3.0970588362238436,2.958721835943147,4.716672498601804,7666.666666666666,0.0007009138042018699,540.1565361655329,0.045,0.3358208955223881,1-0-985-1,*hr,UT_014,014,2,fave,84.46407201640339,50.36064860383412,4,were,0,0.10998500000005151,activities,either,W,#,W,iy,final
438.47813902405346,1622.4144303903995,2510.0300594052064,3.175363865383435,3.142284340640847,4.856068587708199,6948.717948717948,0.005165542668355113,540.4015638344671,0.11500000000000002,0.33430232558139533,1-0-986-2,*hr,UT_014,014,2,fave,98.45904683770813,50.73553113469537,4,either,0,0.32000700000003235,were,"",DH,#,DH,"",final
494.8702875755861,1485.3284946293259,3556.7786641497737,3.3583879877836718,3.0996004584694914,4.957968863910117,7128.205128205128,0.002109536190757193,591.9438431655329,0.04100000000000001,0.3306451612903227,1-0-1055-4,*hr,UT_014,014,2,fave,132.08971054126368,59.1009845698905,4,expert,0,0.09997499999997217,an,because,P,#,P,B,final
579.4016613914263,1559.7290502373519,2486.7471421712025,3.588729758168893,3.3398902453090615,4.877260504164926,7307.692307692308,0.00359301437247909,593.9238684965986,0.061000000000000006,0.3315217391304348,1-0-1062-1,*hr,UT_014,014,2,fave,123.07930647318267,55.17304654890446,4,learn,1,0.15997399999992012,to,still,L,N,L,N,internal
469.5981971593673,1445.528667247304,1669.7227074126386,3.1284088096815372,3.823080005773102,3.3684947532218525,4435.897435897436,0.043296107228430955,615.7724385034014,0.101,0.3322368421052631,1-0-1099-0,*hr,UT_014,014,2,fave,99.31144097519392,51.518214424124196,4,are,0,0.2800290000000132,that,"",#,#,T,"",coextensive
535.778858528943,1527.7937844899388,1819.446497151381,2.8248059658268385,3.35005637172455,2.653461700176012,4435.897435897436,0.000029471862324746314,646.7411558344671,0.031,0.32978723404255317,1-0-1158-3,*hr,UT_014,014,2,fave,97.95643999097261,50.566373279212335,4,interested,0,0.07000699999991866,been,"",T,@,T,@,internal
443.34920715641675,1516.443042144214,1705.3346143560727,2.882096280200829,3.7825530315379003,3.345400332339196,4615.384615384615,0.0077161388445967025,656.6111828344672,0.091,0.33211678832116787,1-0-1190-4,*hr,UT_014,014,2,fave,106.09925180718709,52.63693149143201,4,younger,0,0.25,was,"",G,#,G,"",final
461.466939300646,1540.1887390832937,1759.5630578851626,2.7180608208207997,3.403962363769364,3.0639241265971493,4615.384615384615,0.00005765376838751397,660.0291281655329,0.027000000000000003,0.32142857142857145,1-0-1203-4,*hr,UT_014,014,2,fave,104.8073352999629,58.62916657327611,4,younger,0,0.059996999999953005,was,i'd,G,#,G,ay,final
495.40490372720166,1016.0331328118544,1577.2130452955414,2.497930562974621,3.4207460254962334,2.8521220170354002,4435.897435897436,0.00006307616780447786,679.776236834467,0.035,0.3365384615384616,1-0-1238-1,*hr,UT_014,014,2,fave,100.97222653560044,58.8093785774575,4,worked,1,0.080016999999998,i,on,W,K,W,K,internal
443.40875945492127,1490.4021758289753,1739.332748833479,2.848284294780709,3.536812501256403,3.2922768840347265,4435.897435897436,0.0006943987813199301,681.2092355034014,0.04100000000000001,0.3306451612903227,1-0-1242-8,*hr,UT_014,014,2,fave,93.81023818499453,50.210267098277036,4,helicopters,0,0.10003599999993185,apache,"",T,Z,T,Z,internal
395.79847818375697,1148.5481003640568,1495.5958501043963,2.8552512639467125,3.740503323869283,3.1728429822921647,4256.410256410256,0.00004766792988794528,694.6261741655329,0.027000000000000003,0.32142857142857145,1-0-1262-1,*hr,UT_014,014,2,fave,113.55416564172565,56.395594525431896,4,career,0,0.059996999999953005,my,i,K,iyr,K,iyr,internal
434.4875478302889,1470.6284414985037,1654.5170878744357,2.534358838581991,3.606005590698634,3.3294496734190537,5333.333333333333,0.0012245453453550452,726.6673308344672,0.075,0.33482142857142855,1-0-1353-4,*hr,UT_014,014,2,fave,87.22492055311994,53.68504229191332,4,filters,0,0.20001200000001518,oils,parts,T,Z,T,Z,internal
590.6626782110394,1170.827772616827,1809.5869392624309,2.605282624795416,3.553035602310105,3.127603431107538,5512.820512820513,0.00014498796632362863,754.0914568276644,0.055,0.3353658536585366,1-0-1397-6,*hr,UT_014,014,2,fave,87.82043922968921,56.64014554296209,4,horsepower,0,0.13995299999999133,more,and,aw,#,aw,@,final
498.9619906581278,1053.1862073548882,1675.6359047094495,2.8830788765067967,3.652245509102203,3.2627767480138434,4435.897435897436,0.000276861397933386,756.1417661655329,0.045,0.3358208955223881,1-0-1401-0,*hr,UT_014,014,2,fave,93.9682189558546,54.93018325448515,4,around,0,0.10998500000005151,all,power,#,aw,L,aw,initial
572.5753454255514,1392.176032147441,1808.0141535486791,2.7366611560004785,3.372510024423495,3.095440293078836,4974.358974358975,0.0003206368430711664,756.6697455034014,0.04100000000000001,0.3306451612903227,1-0-1402-2,*hr,UT_014,014,2,fave,90.57520453826874,54.30822994839956,4,power,0,0.10003599999993185,around,so,aw,#,aw,S,final
499.14010770682614,1625.5170331447155,3033.454516036796,3.0673188997241376,3.3055690839911565,4.128273691168693,6948.717948717948,0.0007545252881747341,795.6469524965986,0.061000000000000006,0.33152173913043487,1-0-1453-5,*hr,UT_014,014,2,fave,105.84503769965308,56.950120556676545,4,together,0,0.15997299999992265,back,where,DH,#,DH,W,final
512.5005050696475,1385.576411237696,3806.932318674634,3.4077675783606387,2.582971712236181,3.8446494109090317,7128.205128205128,0.0008835253299262503,796.4189431723355,0.045,0.3358208955223881,1-0-1457-1,*hr,UT_014,014,2,fave,99.8965910248684,56.89410701577125,4,works,1,0.11004700000000867,"",when,W,K,W,K,internal
551.5334402785852,1063.0339278189517,1531.633599010761,2.4999978591615655,3.244150021910258,2.9430664805551072,4435.897435897436,0.00013660128030025965,805.6397511655329,0.045,0.3358208955223881,1-0-1484-1,*hr,UT_014,014,2,fave,102.84562722347194,57.705139747188575,4,worry,1,0.10998600000004899,don't,about,W,iyF,W,iyF,internal
496.85713718207774,1132.3825137687486,1565.4492138978956,3.055019340466976,3.2123493312746243,2.783255182000086,4435.897435897436,0.00008341304337007856,815.4657624965986,0.037,0.32456140350877194,1-0-1512-1,*hr,UT_014,014,2,fave,90.88606570982424,54.570815877386394,4,work,1,0.08996600000000399,slowly,up,W,K,W,K,internal
483.02513136293584,1382.8026126992477,1634.3314158355329,2.6161286310963536,3.311634917439482,3.891918884083489,5333.333333333333,0.000011215300734836899,820.8182451723357,0.025,0.33783783783783783,1-0-1520-2,*hr,UT_014,014,2,fave,485.09034888088433,45.25355537826973,4,for,0,0.050049000000058186,goes,any,R,#,R,e,final
408.06805524195465,1624.7585927958444,1847.9310208752247,2.6895147224501463,3.3260278217537174,3.586814666222425,4615.384615384615,0.0005586033192931869,848.3779614965987,0.055,0.3353658536585366,1-0-1592-6,*hr,UT_014,014,2,fave,96.58098138564625,53.33172104850319,4,procedure,0,0.13995299999999133,maintenance,let's,JH,#,JH,L,final
472.14368342765056,1273.7051836503113,1575.9208685350566,2.4830735707817673,3.4746957633107804,2.9964117505880705,4615.384615384615,0.000027634797621147438,849.1739698344671,0.027000000000000003,0.32142857142857145,1-0-1596-1,*hr,UT_014,014,2,fave,120.51659300030109,61.451644886025214,4,correctly,0,0.05999800000006417,this,"",K,e,K,e,internal
474.34941118904374,1387.9388498620035,3679.481576943496,3.334266851932143,2.959641749714327,4.843370697390234,7128.205128205128,0.0007559495127385964,852.2660495034013,0.035,0.3365384615384616,1-0-1605-1,*hr,UT_014,014,2,fave,111.42368122884545,58.845409496526514,4,correct,0,0.080016999999998,"",so,K,e,K,e,internal
490.48880190217693,1379.37799310075,3331.311460726344,3.1391415008210877,2.9334703071676675,4.5078644351546835,7487.179487179487,0.0009962769154407275,865.946026834467,0.055,0.33536585365853655,1-0-1629-1,*hr,UT_014,014,2,fave,201.55541004303194,53.31988047660316,4,we're,1,0.1400149999999485,where,"",W,#,W,"",final
464.58291440305095,1392.2022667052343,3998.19292175031,3.288716049512442,3.0276512318685014,4.603576599518215,7846.153846153846,0.00043602956662870657,871.5290424965987,0.04100000000000001,0.3306451612903227,1-0-1647-1,*hr,UT_014,014,2,fave,98.69308609211329,53.13301015971266,4,correctly,0,0.09997500000008586,them,"",K,e,K,e,internal
521.5762051971167,1118.8734886575346,1414.0720135569768,3.0527666130944064,3.2185824032574044,3.7559236982309088,4435.897435897436,0.00011471492529325497,927.153250834467,0.035,0.3365384615384616,1-0-1660-4,*hr,UT_014,014,2,fave,140.5345158763021,61.4429575458669,4,farmer,0,0.080016999999998,the,milked,M,#,M,M,final
478.6894063194781,1627.1106204481503,3025.0692456492907,3.636771030019631,2.4244189642060627,4.285324100420629,6589.74358974359,0.00008851382090064359,928.7512778344671,0.051000000000000004,0.3311688311688312,1-0-1665-2,*hr,UT_014,014,2,fave,95.26186336540722,55.63259903463703,4,udder,0,0.13000500000009652,"",daily,D,#,D,D,final
428.6410107675563,1498.7544869861233,2017.1184162991456,2.5311379789719766,3.9175273245907944,3.5640673055950285,4435.897435897436,0.0010867901306671236,930.843243834467,0.055,0.33536585365853655,1-0-1669-2,*hr,UT_014,014,2,fave,135.31083131418836,60.78852532932136,4,author,0,0.1400140000000647,an,is,TH,#,TH,i,final
429.1995221021052,1534.4618758564777,1687.2270478279588,3.044003025511774,3.37946148880803,3.6305508645552194,4435.897435897436,0.0014037801498471693,931.8932658276644,0.075,0.3348214285714286,1-0-1673-3,*hr,UT_014,014,2,fave,NaN,45.755243014721074,4,writer,0,0.19995099999994181,a,"",T,#,T,"",final
469.34064964243225,1566.090844822566,4211.5101670568965,2.7492756741558915,2.923868463527525,3.98252440882707,6948.717948717948,0.0017513828122297116,937.5372595034013,0.121,0.3324175824175823,1-0-1687-0,*hr,UT_014,014,2,fave,110.79802559157086,60.03229036188878,4,are,0,0.34002699999996366,woods,home,#,#,Z,HH,coextensive
556.3730277331522,1726.8867426209565,2994.9263924041675,3.1896506104797493,3.273287453436915,4.286600873793437,6589.74358974359,0.0017540178347745519,954.8872555034014,0.08099999999999999,0.3319672131147541,1-0-1727-1,*hr,UT_014,014,2,fave,110.7889942815806,56.146642830403756,4,learn,1,0.22003099999994902,children,about,L,N,L,N,internal
444.15719370267595,1556.64673649744,4033.5532413514115,2.976298725917562,3.1368894357508097,4.955621948971235,7487.179487179487,0.003708214191688318,958.7692391655329,0.10500000000000001,0.3343949044585987,1-0-1737-1,*hr,UT_014,014,2,fave,102.4030755462805,53.53437317795408,4,for,0,0.28997800000001916,ready,"",F,#,F,"",final
497.29115642850326,1474.1058360111274,1756.8612831825694,2.259785112952574,3.121774345706553,2.824927562988968,4615.384615384615,0.00002176365272743316,977.1961704965986,0.037,0.32456140350877194,1-0-1781-4,*hr,UT_014,014,2,fave,104.65504581793624,60.902677053927185,4,sweater,0,0.08996600000000399,the,had,T,#,T,HH,final
497.27170231670846,1638.697548665876,2978.6705944684463,3.1246908558926325,2.753690115401692,4.4530320352156965,6589.74358974359,0.002770251075840756,980.3781534965985,0.061000000000000006,0.3315217391304348,1-0-1790-6,*hr,UT_014,014,2,fave,121.54951329727045,58.44369129130907,4,gardener,0,0.15997300000003634,"",planted,N,#,N,P,final
378.34552966275913,1642.1113668700411,1834.448674051309,2.5399133300882304,3.1651031378977064,3.822924309367503,4435.897435897436,0.0002518819821538452,989.0251435034013,0.035,0.33653846153846156,1-0-1807-4,*hr,UT_014,014,2,fave,99.7351558841259,54.5593164545925,4,doctor,0,0.080016999999998,the,checked,T,#,T,CH,final
559.0669150717933,1578.5565670824105,3266.6976533877278,3.2007665046231777,3.118004663850226,4.199810613469867,6230.7692307692305,0.00023638563493336303,995.4888375034013,0.04100000000000001,0.3306451612903227,1-0-1824-4,*hr,UT_014,014,2,fave,103.48253609215054,59.48457237687828,4,swimmer,0,0.10003600000004553,the,dove,M,#,M,D,final
451.97897350792715,1587.9098940215622,2932.9765465098285,3.0462161264265335,2.3517195638891355,4.373207101644328,6410.25641025641,0.00008459870052096336,996.485831834467,0.035,0.33653846153846156,1-0-1828-3,*hr,UT_014,014,2,fave,88.0932551356153,58.40851291157535,4,water,0,0.080016999999998,the,today,T,#,T,T,final
521.5717284690749,1510.2725200559566,2889.729214690636,2.837426509350873,3.398741483851274,4.503731766221502,6769.2307692307695,0.0021061091179925993,998.9788771655329,0.040999999999999995,0.33064516129032256,1-0-1835-3,*hr,UT_014,014,2,fave,98.07472518580617,60.065688589929024,4,ladder,0,0.09997499999997217,the,onto,D,#,D,o,final
490.9405030340476,1618.3056273204832,3078.7894512953258,3.103949494563847,3.112335547239306,4.409404744842397,6769.2307692307695,0.0004036962343199226,1002.3608325034013,0.045,0.3358208955223881,1-0-1845-3,*hr,UT_014,014,2,fave,90.98752351285032,59.31133609676726,4,butter,0,0.11004600000001119,and,with,T,#,T,W,final
438.62904534529184,1215.8679103013367,1460.5347057305244,2.496983864824345,3.6302770755769647,3.3337766251247882,4076.923076923077,0.00003401968694575367,1016.3118431655329,0.027000000000000003,0.32142857142857145,1-0-1875-2,*hr,UT_014,014,2,fave,91.93347946354389,54.57972712463875,4,spring,0,0.05999700000006669,during,"",P,i,P,i,internal
434.9655430660599,1575.3324664488782,3482.7488898962183,3.0151051503715065,3.1414527044800202,5.160148845476395,8384.615384615383,0.007159335982732993,1019.7858608344671,0.075,0.33482142857142855,1-0-1883-3,*hr,UT_014,014,2,fave,114.17268203707008,59.81943332352314,4,leather,0,0.20001200000001518,a,belt,DH,#,DH,B,final
488.4075440011676,1365.9885199461626,1591.8178818349581,2.2483896947510242,3.484204652312403,3.3271429588749526,4435.897435897436,0.00008343191200087905,1032.0421375102042,0.040999999999999995,0.33064516129032256,1-0-1890-6,*hr,UT_014,014,2,fave,125.64545702668879,62.72867200906547,4,reporter,0,0.10009800000011637,the,heard,T,#,T,HH,final
478.8643704876074,1530.1598811095434,3657.232407961053,3.040148862368337,2.649308960214342,4.77596558672365,7128.205128205128,0.0008183476647559328,1032.2421774965985,0.040999999999999995,0.33064516129032256,1-0-1891-1,*hr,UT_014,014,2,fave,121.78136653273565,61.91355669328298,4,heard,1,0.09997499999985848,reporter,the,HH,D,HH,D,internal
450.15865784521293,1540.6484854988166,1796.9256911825405,2.1767705486307767,3.448701572105517,3.6160885490168027,4256.410256410256,0.0003724418132759706,1042.2790958344672,0.055,0.3353658536585366,1-0-1918-1,*hr,UT_014,014,2,fave,113.89973583633815,62.31254075950426,4,shirt,1,0.1400140000000647,the,was,SH,T,SH,T,internal
512.558163823076,1372.9148351624249,2294.197331852794,2.243290375101144,3.5802753490730512,4.331442370081858,4615.384615384615,0.000047069110851096415,1043.5871468276641,0.031,0.32978723404255317,1-0-1923-3,*hr,UT_014,014,2,fave,102.81760586973171,56.22966555859131,4,rather,0,0.06994600000007267,cotton,than,DH,#,DH,DH,final
453.94841014673096,1518.3285937961305,1564.7917194963666,2.5360978191722863,3.746454817536444,4.141603513772722,4794.871794871795,0.0003432823465360937,1046.8671758276641,0.031,0.32978723404255317,1-0-1932-1,*hr,UT_014,014,2,fave,118.1895980103259,57.40128823570839,4,for,0,0.06994700000018383,bell,service,F,#,F,S,final
438.97889004957796,1648.1176669026538,3119.721913124907,2.718394226725032,3.205085721481513,4.164938846149326,6230.7692307692305,0.00023165917905809645,1047.1071738344672,0.051000000000000004,0.3311688311688312,1-0-1933-1,*hr,UT_014,014,2,fave,86.73136338747786,54.19577406246656,4,service,1,0.13000499999998283,for,"",S,V,S,V,internal
434.7484726623015,1479.805322900211,1707.7697216435877,2.2152999740941413,3.3251309773723143,3.0758701197330223,4615.384615384615,0.00022525265985618416,1048.8271368276642,0.031,0.32978723404255317,1-0-1936-3,*hr,UT_014,014,2,fave,107.54664590875556,60.07541948503759,4,water,0,0.06994699999995646,the,splashed,T,#,T,S,final
500.18736452484495,1525.1696766737086,1674.1561639808797,2.384719722984495,3.661802882034991,3.932417878334784,4794.871794871795,0.0006291605891486118,1052.4381011655328,0.051000000000000004,0.3311688311688312,1-0-1944-7,*hr,UT_014,014,2,fave,123.14131375968893,60.59087262899266,4,carpenter,0,0.13000399999987167,the,hammered,T,#,T,HH,final
545.5727192953852,1397.8343662264342,1625.381192045245,2.655254384529362,3.8000055022873336,3.2968369795694583,4615.384615384615,0.00024280789651948018,1052.9110754965984,0.037,0.32456140350877194,1-0-1945-3,*hr,UT_014,014,2,fave,111.42468925103638,54.593992842719516,4,hammered,0,0.08996600000000399,carpenter,the,M,D,M,D,internal
537.0187527008367,1296.7302642291827,1558.131307879107,2.899311381095032,3.559751182814495,3.2813457741756373,4435.897435897436,0.00046309490134002876,1053.6410635034015,0.057,0.32758620689655177,1-0-1948-1,*hr,UT_014,014,2,fave,94.5180664938867,53.80638090017892,4,firmly,1,0.15002399999980298,nail,"",F,M,F,M,internal
441.89841484815435,1487.7367288913076,1696.0897857025293,2.327654100193495,3.297929595635916,3.125692591508031,4615.384615384615,0.00004188641161781601,1059.1230364965984,0.040999999999999995,0.33064516129032256,1-0-1961-1,*hr,UT_014,014,2,fave,109.19137725129488,61.76568866380579,4,heard,1,0.09997600000019702,they,the,HH,D,HH,D,internal
458.19187804468726,1450.0067347461707,1653.3414154879008,2.4126668240889098,3.1048819639404237,3.0737004326362416,4615.384615384615,0.00004095086295150946,1073.6530711655328,0.04100000000000001,0.3306451612903227,1-0-2002-1,*hr,UT_014,014,2,fave,105.7255725223368,58.53039535253322,4,curtains,1,0.09997599999996964,the,from,K,T,K,T,internal
494.94851255192253,1409.3186466514828,2883.368149466322,3.177527628152499,3.9908839044119606,4.88159502867378,6769.2307692307695,0.00037060646218172534,1074.0480848276643,0.031,0.32978723404255317,1-0-2003-1,*hr,UT_014,014,2,fave,100.82762913837925,53.63610801427773,4,from,0,0.0699459999998453,curtains,outside,F,M,F,M,internal
526.9130440132071,1121.9849838599391,2947.4941755241566,3.5578232515568122,3.658290660003489,4.632512479890866,5692.3076923076915,0.00007992786982298256,1079.35573584127,0.031,0.32978723404255317,1-0-2017-4,*hr,UT_014,014,2,fave,104.8862598790417,55.70891334340948,4,farmer,0,0.07006799999999203,the,milked,M,#,M,M,final
430.5576802535051,1470.1600322047855,1652.2550903144809,2.4449386649420046,3.3747083359279095,3.3483732573172005,4794.871794871795,0.00002461556814966638,1080.48574084127,0.031,0.32978723404255317,1-0-2022-2,*hr,UT_014,014,2,fave,105.93610884866712,59.16454703904853,4,udder,0,0.07006799999999203,cow's,daily,D,#,D,D,final
467.9404368138038,1611.3495121877374,3144.411936383077,2.9496007236873263,3.1166221205235916,4.837159346560201,6769.2307692307695,0.004148318688075264,1082.3557158412698,0.07100000000000001,0.3317757009345795,1-0-2026-2,*hr,UT_014,014,2,fave,107.19376302324585,61.70684108096474,4,author,0,0.19006399999989299,an,is,TH,#,TH,i,final
413.1945515554386,1586.769664241863,1792.1143513901136,2.6577221853178385,2.7374598075247745,3.347271938913307,4435.897435897436,0.0001877606379376339,1083.5757948276641,0.031,0.32978723404255317,1-0-2030-3,*hr,UT_014,014,2,fave,77.05456506527338,52.30271505031697,4,writer,0,0.06994600000007267,a,sometimes,T,#,T,S,final
429.7409479782921,1615.7618899312492,3044.96294869611,2.9946397025682043,3.7333010916166414,5.078683180279706,6769.2307692307695,0.0005416584006464422,1085.8337101723357,0.027000000000000003,0.32142857142857145,1-0-2037-3,*hr,UT_014,014,2,fave,83.7543565704053,53.90585398896445,4,under,0,0.060058999999910156,waddle,the,D,#,D,DH,final
428.8285738538561,2002.968271814718,3016.3754098251047,3.7836156990233127,4.044347660401673,4.229392832621114,6051.282051282051,0.01172204110730299,49.94755383446712,0.047,0.3263888888888889,1-0-8-3,iyF,UT_014,014,2,fave,268.11548041193805,42.73202385853984,4,thirty,0,0.11999899999999997,"","",D,#,D,"",final
327.62058886130706,2048.235302438152,2822.8633621307904,3.7721108802732215,3.8750940822785607,4.216152577561742,6230.7692307692305,0.005705371433938524,83.90495016553288,0.047,0.3263888888888889,1-0-37-4,iyF,UT_014,014,2,fave,206.8638150414557,43.37857507108816,4,roughly,0,0.11999500000000296,think,"",L,#,L,"",final
464.6605481230934,2002.4139578755364,2752.3396679856633,3.6097867025360624,3.520491744364797,3.548699059289768,5692.3076923076915,0.000041848867703003446,98.35345183446711,0.027000000000000003,0.32142857142857145,1-0-60-1,iyF,UT_014,014,2,fave,115.00043893424547,53.36958446814758,4,the,0,0.06000500000000386,joined,army,DH,#,DH,ahr,final
442.3846511934319,2308.8031042935045,2783.9927017580885,3.829995717326118,3.8444291729171782,3.9492423991332815,5692.3076923076915,0.004454671483962169,98.75244916553288,0.085,0.3346456692913386,1-0-61-3,iyF,UT_014,014,2,fave,109.02762449603368,48.2602612406761,4,army,0,0.2299950000000024,the,"",M,#,M,"",final
449.9764695298879,1970.6666021427545,2874.8127940129434,3.434941615648678,3.2124596143380186,4.204225900495648,6410.25641025641,0.00012939223984445374,137.09834883446712,0.031,0.32978723404255317,1-0-132-2,iyF,UT_014,014,2,fave,95.14822585532463,50.54167643861868,4,three,1,0.07000700000000393,"",and,R,#,R,@,final
439.2936188584877,1905.5208979777951,2738.8955850701223,3.644226001253128,3.44627364729168,3.4680703590926147,6230.7692307692305,0.0023209640644864817,148.8102518344671,0.047,0.3263888888888889,1-0-148-4,iyF,UT_014,014,2,fave,114.54800693669411,43.68496257596907,4,roughly,0,0.11999500000001717,"","",L,#,L,"",final
416.99149668104417,1877.0265806868836,2778.6978065836192,3.0888747271375823,3.2225336960708777,4.266471422865537,6769.2307692307695,0.00007081123970667792,176.21304216553287,0.027000000000000003,0.32142857142857145,1-0-180-3,iyF,UT_014,014,2,fave,108.62650315885331,56.60958208383822,4,ready,0,0.05999800000000732,get,for,D,#,D,F,final
354.6336859845362,1985.258696346359,3182.6641214226925,2.4381980498872684,3.6097057697809936,4.27358252367829,6410.25641025641,0.002951086653611732,188.7650411655329,0.07100000000000001,0.3317757009345795,1-0-219-1,iyF,UT_014,014,2,fave,89.98041218048955,55.34658677585154,4,see,1,0.19000199999999268,"",what's,S,#,S,W,final
385.75318452588976,1866.3543147215532,2705.2114049139914,2.391276426345422,3.5168864676107456,4.3194756116531074,4974.358974358975,0.00018485101747726742,192.2900491655329,0.040999999999999995,0.33064516129032256,1-0-226-1,iyF,UT_014,014,2,fave,91.22625384106506,52.77006386612442,4,see,1,0.09999099999998862,"",what,S,#,S,W,final
542.3410122988,1967.7142344990048,2667.951687687043,3.496930086306471,4.078244077431728,4.207824238200982,5692.3076923076915,0.00032619468701402697,193.08505216553291,0.031,0.32978723404255317,1-0-229-1,iyF,UT_014,014,2,fave,89.29114384460499,48.942784539892564,4,need,1,0.06999199999998496,trucks,to,N,#,N,T,final
344.7693106200397,1962.7899071765794,2863.7693781949624,2.650007255252531,3.456204944687264,4.50164563557709,6230.7692307692305,0.0003421219839185338,193.33505216553291,0.031,0.32978723404255317,1-0-231-1,iyF,UT_014,014,2,fave,87.93551203708279,51.72309115134419,4,be,0,0.06999199999998496,to,fixed,B,#,B,F,final
369.55243102028714,1965.824434381343,2927.1229425528136,3.0590998017102606,3.067144545512457,4.357966208292743,6230.7692307692305,0.0007933366475830435,217.32854616553288,0.037,0.32456140350877194,1-0-290-1,iyF,UT_014,014,2,fave,100.47423266016195,53.621447338858474,4,be,0,0.08999700000001098,to,repaired,B,#,B,R,final
425.9257789192542,1840.9773123707976,2531.421439168532,2.9922230770088993,2.757881825035934,4.607636619079532,6410.25641025641,0.00016467267302135624,258.87564683446715,0.031,0.32978723404255317,1-0-359-7,iyF,UT_014,014,2,fave,92.08157665589509,51.77858571143584,4,military,0,0.0700069999999755,the,taught,R,#,R,T,final
472.61012045605986,2287.129521814351,3030.6383193807446,3.781205835855096,3.5192439549515626,4.130070243828959,6410.25641025641,0.0028477831223238065,296.4137571655329,0.057,0.3275862068965517,1-0-454-1,iyF,UT_014,014,2,fave,85.39190069438392,47.2290712841448,4,me,1,0.1499939999999924,made,"",M,#,M,"",final
521.5788814282239,2022.16152854977,2921.04726903956,3.5732126453618114,3.5382366908606144,3.6375483974795007,6410.25641025641,0.00012470972521803924,397.8874408344671,0.027000000000000003,0.32142857142857145,1-0-689-6,iyF,UT_014,014,2,fave,95.8152723069957,49.299226763765844,4,company,0,0.05999700000000985,new,i'm,N,#,N,ay,final
341.5721221307043,2068.4348031498207,2725.054829075051,3.0330270108503092,3.3499075086299044,4.245318472470537,6589.74358974359,0.00001866782938356617,407.4348591655329,0.027000000000000003,0.32142857142857145,1-0-714-1,iyF,UT_014,014,2,fave,97.59072137104388,52.58540112469016,4,be,0,0.05999800000000732,it'll,two,B,#,B,T,final
358.21001808563705,2118.4910602371215,2988.926682143909,2.900103140851691,3.2843943245373732,4.362751751591794,6769.2307692307695,0.000012715335214024567,436.0608488344671,0.025,0.33783783783783783,1-0-762-3,iyF,UT_014,014,2,fave,131.4589334296619,56.298010423426106,4,happy,0,0.050018000000022766,not,here,P,#,P,HH,final
296.07534945993075,2348.4663640596273,2844.0540405850506,3.0461201652464696,3.458924626634727,3.91571885345423,6589.74358974359,0.0013873908974816969,479.3705571655329,0.10500000000000001,0.33439490445859876,1-0-842-4,iyF,UT_014,014,2,fave,139.19380463425418,61.44678670824637,4,beauty,0,0.28997800000001916,the,of,T,#,T,ʌ,final
372.14927748181884,2041.7456759986414,2934.3033490207213,3.032141732925874,3.511131999276469,4.160958478646773,6230.7692307692305,0.00007772782193173129,499.84914283446716,0.035,0.33653846153846156,1-0-901-4,iyF,UT_014,014,2,fave,103.02730939151525,54.10185434954783,4,beauty,0,0.080016999999998,of,that,T,#,T,DH,final
349.4167400591001,2150.0475217069725,2911.4938307924203,2.8878027556462196,3.664914594351818,4.189247030900464,4974.358974358975,0.00013794215366912005,501.26514683446715,0.047,0.3263888888888889,1-0-907-1,iyF,UT_014,014,2,fave,112.15426803583445,58.57871678903757,4,see,1,0.11999499999996033,"",to,S,#,S,T,final
552.8601675817997,1943.4771108088732,2756.0049912963996,3.3921953120419843,3.408110341611231,4.087536304466472,5333.333333333333,0.0004503318330773892,522.1119654965986,0.065,0.33505154639175255,1-0-951-4,iyF,UT_014,014,2,fave,104.07547358192969,47.868023466415096,4,family,0,0.169983000000002,visit,and,L,#,L,ae,final
387.3045768548234,1996.155122548812,2109.5377374519267,3.805294925768042,4.07816395854374,3.741562710347906,4256.410256410256,0.17030743720995797,570.3596231655329,0.047,0.3263888888888889,1-0-1034-3,iyF,UT_014,014,2,fave,243.22064234431159,41.576455204165725,4,every,0,0.11999600000001465,once,"",R,#,R,"",final
375.46144932060537,1914.114549259882,3048.9132561207753,3.0885202908979523,2.8694852943345732,3.6653589230258663,6589.74358974359,0.00013479527138034726,571.6216488344671,0.031,0.32978723404255317,1-0-1037-2,iyF,UT_014,014,2,fave,109.84896444169854,54.44905444772957,4,three,1,0.07000699999991866,two,years,R,#,R,Y,final
424.411636449136,1760.207190267884,2588.695862934361,2.439907436295473,3.207597793445083,3.8998487352719255,4794.871794871795,0.00002155257037045682,604.0963281655329,0.027000000000000003,0.32142857142857145,1-0-1077-7,iyF,UT_014,014,2,fave,104.20787408387687,65.6823974872339,4,especially,0,0.059996999999953005,"",l,L,#,L,e,final
337.97606438315063,2110.0801875885863,2845.774750957371,3.1451101835510187,2.7932924799100474,4.67119147209623,6051.282051282051,0.0014490819857570611,604.7713564965986,0.057,0.3275862068965517,1-0-1080-3,iyF,UT_014,014,2,fave,117.49602216279283,65.66883968252797,4,heavy,0,0.149962999999957,"",duty,V,#,V,D,final
345.5978071370122,2050.099224426113,3060.4526109645844,3.2131273953682453,2.8551070572065416,4.31984776743785,6410.25641025641,0.0000602172683566592,605.2203345034013,0.035,0.3365384615384616,1-0-1081-3,iyF,UT_014,014,2,fave,117.22672648784237,63.6860479138737,4,duty,0,0.080016999999998,heavy,diesel,T,#,T,D,final
385.3105635450375,2048.9545928506354,2749.4851599324506,2.913624064465804,3.4594243300103145,4.0359130902575275,5333.333333333333,0.00016353859507124165,610.5483658276644,0.055,0.3353658536585366,1-0-1085-8,iyF,UT_014,014,2,fave,143.7689708200192,65.44440966593437,4,intricacy,0,0.13995299999999133,the,and,S,#,S,@,final
547.5478664453345,2395.7600972930054,3042.6709487979624,3.448894916581028,3.933594958236865,4.218381568494895,6051.282051282051,0.0010765951358585016,633.214458165533,0.045,0.3358208955223881,1-0-1140-1,iyF,UT_014,014,2,fave,106.02235750728579,46.29609724513417,4,the,0,0.1099859999999353,building,engines,DH,#,DH,e,final
599.3342267639381,1865.62571635695,2711.7784456633503,3.431443417614449,3.842455940528291,4.073606903619203,5153.846153846154,0.0014412796923864175,659.0011558344672,0.051000000000000004,0.3311688311688312,1-0-1198-1,iyF,UT_014,014,2,fave,104.60146970004114,48.95210473812007,4,me,1,0.13000499999998283,telling,"",M,#,M,"",final
386.5201688127235,1841.534042286847,2331.1207559369955,2.5944159174462134,3.566678544425798,3.963558230942847,5333.333333333333,0.000033132137248130233,684.3283221655329,0.027000000000000003,0.32142857142857145,1-0-1246-6,iyF,UT_014,014,2,fave,123.62087671448386,58.51920478969455,4,basically,0,0.05999800000006417,"",maintenance,L,#,L,M,final
433.35283558180737,1857.4766059474796,2971.504880119837,2.915460168324566,3.0986790679812355,4.424582680668894,6589.74358974359,0.0010923145745794253,706.2803448344671,0.047,0.3263888888888889,1-0-1297-7,iyF,UT_014,014,2,fave,130.94436925006224,50.86922523912373,4,military,0,0.11999500000001717,the,is,R,#,R,i,final
441.04230114809593,2082.1553109430565,2773.77966754924,3.115475268281568,3.2854334511280365,3.7103206275889407,5333.333333333333,0.00006271705153960879,716.1001788344671,0.027000000000000003,0.32142857142857145,1-0-1325-1,iyF,UT_014,014,2,fave,98.52017189765402,53.89316743419101,4,the,0,0.05999700000006669,launching,aircraft,DH,#,DH,e,final
367.32133705038393,1922.5834576703433,3106.828518325559,3.5999144205964355,2.9781607407907895,3.6973227917202776,6948.717948717948,0.0016886267204146016,721.2823471723356,0.045,0.3358208955223881,1-0-1340-2,iyF,UT_014,014,2,fave,105.16868935961847,54.53621453812361,4,pre,1,0.11004600000001119,"",post,R,#,R,P,final
364.2071232597609,2392.246661833516,2994.3540108260618,3.2857095360823645,3.8078905401482697,4.358565656020181,5512.820512820513,0.0003375402282038417,745.3702448344671,0.031,0.32978723404255317,1-0-1365-1,iyF,UT_014,014,2,fave,103.94644136570427,48.12227774669284,4,the,0,0.07000799999991614,"",engine,DH,#,DH,i,final
326.99636751806247,2131.25669506788,3169.6122634122667,2.897606558706128,2.927868705763286,4.07656187542936,6230.7692307692305,0.00010501080937020158,764.0948391655329,0.051000000000000004,0.3311688311688312,1-0-1422-1,iyF,UT_014,014,2,fave,98.09595917987022,54.39242343927594,4,g,1,0.13000500000009652,pontiac,eight,JH,#,JH,ey,final
301.13838029043563,2274.4820823830423,2998.194575476074,2.669920444449614,3.604231642052025,4.2042249844056245,5153.846153846154,0.0009813599258046517,765.731844165533,0.065,0.3350515463917526,1-0-1425-1,iyF,UT_014,014,2,fave,99.24613956263953,52.612706741268084,4,g,1,0.169983000000002,"",eight,JH,#,JH,ey,final
347.2182628082512,2067.204018470939,2950.7430402878604,2.654173792439293,3.336014510825401,4.002466799413527,6230.7692307692305,0.0002797111132918634,808.7327228344672,0.051000000000000004,0.3311688311688312,1-0-1493-1,iyF,UT_014,014,2,fave,88.23841013914357,52.00314584403586,4,be,0,0.13000500000009652,time,methodical,B,#,B,M,final
529.1513342799417,2191.5331134853723,2773.386346399608,3.458001507734622,3.466622063382116,3.9990566473492843,5333.333333333333,0.00025375745898963695,821.0662295034014,0.04100000000000001,0.3306451612903227,1-0-1521-2,iyF,UT_014,014,2,fave,91.97471425444976,50.1881748745183,4,any,0,0.10003699999992932,for,aspect,N,#,N,ae,final
665.9933890569129,1843.1920192635068,2756.5809098689456,3.971345276243002,3.3532942341474246,4.244798367114023,4974.358974358975,0.013262845056630772,823.8682514965986,0.065,0.3350515463917526,1-0-1530-3,iyF,UT_014,014,2,fave,251.50267693553837,40.10543850738605,4,really,0,0.169983000000002,things,"",L,#,L,"",final
430.41798182811806,1883.7511215792651,2723.562890276929,3.1500130555386834,3.3073086602817576,3.932676821006548,5153.846153846154,0.0024324342516102004,849.6009485034015,0.061000000000000006,0.33152173913043487,1-0-1596-6,iyF,UT_014,014,2,fave,103.87258101121283,51.41306256046912,4,correctly,0,0.1600349999999935,this,"",L,#,L,"",final
443.9645924662452,1779.736549264336,2704.91962792463,3.1726279310917365,3.613836566774316,3.839996606569504,4974.358974358975,0.003612662349731152,871.9810601655329,0.045,0.3358208955223881,1-0-1647-6,iyF,UT_014,014,2,fave,41.48751883346534,45.48485451779712,4,correctly,0,0.10998500000005151,them,"",L,#,L,"",final
528.6757442591404,2014.0399140807933,2790.5320293357,3.206112898920308,3.558530084245611,3.611842614941501,4974.358974358975,0.0028311985101654048,929.243267834467,0.055,0.3353658536585366,1-0-1666-3,iyF,UT_014,014,2,fave,-3620386.7196751237,39.973938967767,4,daily,0,0.14001500000006217,udder,"",L,#,L,"",final
470.65176697390353,2035.5792011543508,2662.9342196245084,3.246421811175909,2.9923522825456415,3.7556660179647428,4974.358974358975,0.003441497240551309,936.0832395034013,0.055,0.3353658536585366,1-0-1683-4,iyF,UT_014,014,2,fave,145.14153143049117,45.215923108583524,4,italy,0,0.14001500000006217,from,"",L,#,L,"",final
394.73126366779053,1929.7633031103085,2620.233847657806,2.542265747952811,3.5640620002737022,4.3380173191770925,4974.358974358975,0.0005181514055045673,946.2452595034014,0.037000000000000005,0.324561403508772,1-0-1705-1,iyF,UT_014,014,2,fave,115.3231551772144,58.25642153164477,4,he,1,0.09002699999996366,"",was,HH,#,HH,W,final
335.9243946842332,2155.2007895162,2814.2592173830994,2.727507551920935,3.2325068797530734,3.6610438931323364,4974.358974358975,0.0007098586499694713,947.5092481655329,0.065,0.3350515463917526,1-0-1709-1,iyF,UT_014,014,2,fave,245.1716345609124,47.08141354387411,4,the,0,0.169983000000002,for,ale,DH,#,DH,ey,final
465.3439048473264,2280.48061939914,2730.6567903016403,3.1573156927750703,3.524300875380295,3.4233089403418027,5333.333333333333,0.00006729199754517268,954.1842568344671,0.035,0.3365384615384616,1-0-1725-3,iyF,UT_014,014,2,fave,108.5243858944815,52.918334050091445,4,many,0,0.080016999999998,"",children,N,#,N,CH,final
417.17961779766205,1875.3574136082777,2751.5475136192777,2.3745375073249413,3.7212053666536855,3.844082540004735,5333.333333333333,0.00002763571260900526,958.5322318344671,0.031,0.32978723404255317,1-0-1736-3,iyF,UT_014,014,2,fave,109.57704378449955,58.52507936584359,4,ready,0,0.07000800000002982,is,for,D,#,D,F,final
449.43146630193417,2137.9902781236988,2904.7011653419413,2.601163682777404,3.652751701218405,3.9095060932714145,5512.820512820513,0.0005152457483335717,966.4781384965987,0.040999999999999995,0.33064516129032256,1-0-1754-1,iyF,UT_014,014,2,fave,94.0044374174919,44.68165755019525,4,the,0,0.09997599999996964,"",acrobat,DH,#,DH,ae,final
421.5813401428319,1827.5114582911287,2530.554845883736,3.3489997725186833,3.906737242564562,3.652076833140527,4974.358974358975,0.001870782507668883,968.8361415034013,0.037000000000000005,0.324561403508772,1-0-1760-4,iyF,UT_014,014,2,fave,-441.87491689994226,47.52199431365499,4,safely,0,0.09002700000007735,helm,"",L,#,L,"",final
393.8606280168204,1811.5442139928957,2655.038659283708,2.369725830752748,3.423266788019036,3.8266349572791083,4974.358974358975,0.000042958741168764374,977.923157165533,0.031,0.32978723404255317,1-0-1783-4,iyF,UT_014,014,2,fave,114.76680331890526,58.78095742413827,4,lovely,0,0.07000699999991866,had,buttons,L,#,L,B,final
526.9603342318416,1872.3672242133448,2723.7969915718536,3.6023241308243086,4.1088817740179255,3.9559147600422246,4794.871794871795,0.009676250032637041,1053.9730124965986,0.040999999999999995,0.33064516129032256,1-0-1948-4,iyF,UT_014,014,2,fave,104.34335832743369,47.14746917401369,4,firmly,0,0.09997499999985848,nail,"",L,#,L,"",final
436.11212399736877,2168.307696833631,2937.4374023976015,3.5303389876424953,3.65084458890217,3.737564317658278,6589.74358974359,0.00035607996619881077,1056.1310464965986,0.037000000000000005,0.324561403508772,1-0-1952-3,iyF,UT_014,014,2,fave,108.96710639895186,52.926797909733835,4,many,0,0.08996600000000399,has,oil,N,#,N,oy,final
408.9883694622956,1953.3327039282601,2700.7413433778906,3.1978408722081535,3.7748054379565588,3.8497264063259027,4794.871794871795,0.004436948621553701,1080.9207735034013,0.061000000000000006,0.33152173913043487,1-0-2023-3,iyF,UT_014,014,2,fave,403.007425067481,46.730506495053916,4,daily,0,0.160033999999996,udder,"",L,#,L,"",final
606.0698736818139,1505.2265530574423,2837.048662431013,2.7282213999862717,3.250665450221196,3.576360247031254,6230.7692307692305,0.000034970948907497,52.863246165532885,0.069,0.7340425531914894,1-0-10-1,ey,UT_014,014,2,fave,109.93574555929628,51.643702084996264,4,male,1,0.07000000000000028,"","",M,L,M,L,internal
460.9687343828745,2013.7793278113672,2695.3916260603246,2.674049381302487,3.2397273152488912,4.131373172031181,6230.7692307692305,0.0010869356232740231,94.83444716553288,0.049,0.24019607843137253,1-0-54-0,ey,UT_014,014,2,fave,166.45578660019532,50.149456575122905,4,eighteen,1,0.1799999999999926,"",nineteen,#,T,"",T,initial
528.3423371244226,2021.3565052237052,2706.0022860947643,3.269300748566755,3.720590667785041,3.9843403123941656,5333.333333333333,0.00012160800063233859,119.23735383446713,0.049,0.47115384615384626,1-0-97-1,ey,UT_014,014,2,fave,108.63392301970254,58.33921740117451,4,came,1,0.08000199999999325,"",back,K,M,K,M,internal
497.36848277155815,1634.4282026821495,2768.399474458948,3.0022542497417337,3.123214273101072,4.4232836712939765,6410.25641025641,0.0011484173811133068,127.34535016553288,0.025,0.14367816091954022,1-0-114-1,ey,UT_014,014,2,fave,119.93284694266077,60.143356803393324,4,layton,1,0.1499939999999924,to,"",L,T,L,T,internal
533.0999444255224,1592.2155411108758,2702.935544427353,2.5044825036682683,3.2924894267590843,3.9617653617549404,4974.358974358975,0.00039608406779993765,132.34534883446713,0.025,0.15243902439024393,1-0-125-1,ey,UT_014,014,2,fave,98.42218338183861,55.10897225717743,4,layton,1,0.1399990000000173,in,for,L,T,L,T,internal
506.40693650339244,1669.8511836166867,1956.0260069720518,3.2928365667337607,3.2155214863151462,4.556237184710678,4974.358974358975,0.00029752077558409544,166.6603491655329,0.037000000000000005,0.2983870967741936,1-0-171-2,ey,UT_014,014,2,fave,99.61870093703943,50.718190936655596,4,frames,1,0.09998999999999114,time,"",R,M,R,M,internal
477.98620396369415,1864.9845488425656,2878.063038997217,2.480563413715186,3.36102707804818,4.507492553753766,6410.25641025641,0.00030574789258824007,174.19205416553285,0.085,0.6343283582089554,1-0-174-1,ey,UT_014,014,2,fave,120.84457683304227,63.55365880464715,4,daily,1,0.10998600000002057,[bracketed],routine,D,L,D,L,internal
536.6945775922557,1625.9316459069855,2728.1292246003413,3.000395880594198,3.3040370905497025,3.5693929211440443,6589.74358974359,0.00022733374265596854,175.38204583446714,0.025,0.21929824561403513,1-0-177-1,ey,UT_014,014,2,fave,108.68535306281075,59.1519979739291,4,wake,1,0.09001200000000154,"",up,W,K,W,K,internal
492.9495298321663,1667.3090166127158,2295.954935408527,2.5999440143603,3.168692570815285,4.612030698234778,7666.666666666666,0.0015790253609522672,196.4320431655329,0.025,0.10245901639344263,1-0-237-2,ey,UT_014,014,2,fave,98.47094310270542,56.804192027324774,4,trade,1,0.22000099999999634,by,"",R,D,R,D,internal
461.8117513893949,1979.7878551462843,2997.630584079596,3.212061332413371,3.526949938474319,4.132773335532153,6230.7692307692305,0.00025872158859923967,260.9796471655329,0.03900000000000001,0.3750000000000001,1-0-366-1,ey,UT_014,014,2,fave,93.23009045444766,50.80283461613119,4,changed,1,0.07998600000001943,"",my,CH,N,CH,N,internal
444.69212984176727,2004.2709381776924,2982.535804631831,3.484624255513547,3.3238970000892545,4.262602276063818,7307.692307692308,0.0009624914962647689,275.1126621655329,0.025,0.12254901960784313,1-0-395-0,ey,UT_014,014,2,fave,133.85511862028997,52.88255995006387,4,eight,1,0.17999199999997018,"",years,#,T,"",T,initial
514.1539819617284,1790.0639450280676,2900.538351261431,3.204151956141168,3.5254622076570823,3.837934976178408,6589.74358974359,0.00013345526403242346,296.21175416553285,0.033,0.35106382978723405,1-0-453-1,ey,UT_014,014,2,fave,88.0345979705698,50.906648238383205,4,made,1,0.07000800000002982,things,me,M,D,M,D,internal
458.5761920929877,1719.5815042647926,2783.23035607808,2.2841271488073716,3.0918682203090637,4.176110292973111,6230.7692307692305,0.00004658244150244872,306.1686474965986,0.07900000000000001,0.7596153846153847,1-0-477-0,ey,UT_014,014,2,fave,116.16223811368388,61.79791565862818,4,able,1,0.0799870000000169,was,to,#,B,Z,B,initial
459.6301446050173,1729.2001317831123,2618.2058139625733,2.3653192531482023,3.4445540211645094,3.9621672530285363,6230.7692307692305,0.0003086745138192049,309.6416531655329,0.025,0.17361111111111113,1-0-488-2,ey,UT_014,014,2,fave,90.65426978124013,54.249367529116775,4,states,1,0.11999500000001717,different,and,T,T,T,T,internal
558.850507368562,1750.7358095098896,4088.4974185902747,3.6299341126909583,3.1861214721380966,4.663841211659138,8025.641025641025,0.0006237601360111638,312.4516568344671,0.025,0.17361111111111113,1-0-498-2,ey,UT_014,014,2,fave,101.15876856165403,52.183569714913936,4,trainings,1,0.11999500000001717,different,"",R,N,R,N,internal
483.63182398376614,1561.13310068405,2280.5814917035805,2.5590755971438948,3.3240839136902043,4.367940724103028,6051.282051282051,0.00004150135187969726,344.0055508344671,0.025,0.24038461538461536,1-0-531-2,ey,UT_014,014,2,fave,111.91673224427237,57.74698336833307,4,place,1,0.080016999999998,"",working,L,S,L,S,internal
501.5180917827745,1553.8010270237849,2765.4708168802385,2.7759158029457485,2.8571030526562766,3.7339737981015517,6051.282051282051,0.0002084470071899,349.5055451655329,0.025,0.14367816091954022,1-0-548-2,ey,UT_014,014,2,fave,95.33345597715284,53.22140944653721,4,place,1,0.1499939999999924,this,"",L,S,L,S,internal
492.95698275176187,1828.8029623133534,2551.9845702395387,2.258129493432078,3.3192083462942215,4.426762575772646,6230.7692307692305,0.0004384522729708223,354.41454583446716,0.10300000000000001,0.40551181102362205,1-0-556-1,ey,UT_014,014,2,fave,125.0985317978234,63.797926119887784,4,faith,1,0.23001099999999042,of,"",F,TH,F,TH,internal
537.315103124833,1582.565206611104,2523.9955587823915,2.645190052868226,3.1396527357885757,4.278517028279789,6769.2307692307695,0.0005226397531980681,358.7755398344671,0.025,0.14367816091954022,1-0-574-2,ey,UT_014,014,2,fave,111.61087326136861,57.192079778005024,4,place,1,0.1500239999999735,new,"",L,S,L,S,internal
576.5965849595224,1607.7600325424698,2797.941079291602,3.5437154620303617,3.40391207477841,3.9310369078155145,6589.74358974359,0.0002450312833373706,360.4155548344671,0.025,0.21929824561403513,1-0-581-1,ey,UT_014,014,2,fave,101.5177447176207,49.72369532686424,4,making,1,0.08999599999998509,and,far,M,K,M,K,internal
512.0308338811607,1595.6604811303807,3193.4856866370064,2.9975364315210897,3.1478884348604894,4.18825401118068,6769.2307692307695,0.00014973671582475248,371.7776458344671,0.025,0.18656716417910452,1-0-614-2,ey,UT_014,014,2,fave,105.24429035149922,59.76800353875125,4,place,1,0.11001500000003261,better,compared,L,S,L,S,internal
526.8560203386344,1574.517957893131,3047.550339248447,2.8131845155489983,3.2101016288368935,4.209837548030996,6769.2307692307695,0.00033334223223925103,375.83764850340134,0.025,0.15243902439024393,1-0-625-2,ey,UT_014,014,2,fave,103.49094224469206,58.11755567020965,4,place,1,0.14001500000000533,last,"",L,S,L,S,internal
479.25746620493254,1668.1422220932163,2846.5686361333373,2.285171204216939,3.4646549460684644,3.9276927434495397,6230.7692307692305,0.00005680946712135594,376.3476471655329,0.025,0.21929824561403513,1-0-627-1,ey,UT_014,014,2,fave,95.82520408079311,55.58913921739555,4,they'd,1,0.08999599999998509,"",take,DH,D,DH,D,internal
440.9644694799837,1820.5308602446626,2767.2396091848595,2.483680598738609,3.292127471565974,4.192802675254599,6230.7692307692305,0.00005292420634576514,376.6276461655329,0.025,0.21929824561403513,1-0-628-1,ey,UT_014,014,2,fave,104.72260409808882,58.969719743744456,4,take,1,0.08999600000004193,they'd,your,T,K,T,K,internal
545.6560109353392,1695.758915651763,2512.4267050775748,3.317152165963733,3.2025610745861735,4.20906938230928,6589.74358974359,0.00014857597579939844,378.6376608344671,0.025,0.20161290322580647,1-0-634-2,ey,UT_014,014,2,fave,135.30925170780122,63.08224994664614,4,claim,1,0.10000700000000506,either,em,L,M,L,M,internal
509.36091205155526,1690.0389905652744,2714.237594148336,2.6873443321922594,3.2992786602029356,4.385644235248194,6410.25641025641,0.0004603897811752719,396.5564481655329,0.025,0.14367816091954022,1-0-683-1,ey,UT_014,014,2,fave,102.12963383579613,59.68076647434818,4,faith,1,0.1499939999999924,of,to,F,TH,F,TH,internal
484.05047927950665,1953.7487090460131,2920.407329903639,2.7477550312666095,3.4308003785757735,4.180254622107964,6589.74358974359,0.0008223466078060934,409.67385483446714,0.025,0.11682242990654207,1-0-722-0,ey,UT_014,014,2,fave,112.3595351606489,46.12148987589807,4,april,1,0.19000299999999015,"","",#,P,"",P,initial
512.9175544514926,1669.2045881607828,2809.607880618508,2.696764590122451,2.911612359685514,3.812654058060586,6230.7692307692305,0.0005328043187226066,419.2691551655329,0.051000000000000004,0.29310344827586204,1-0-738-1,ey,UT_014,014,2,fave,103.82209737065718,57.09294015430618,4,lake,1,0.1499939999999924,salt,"",L,K,L,K,internal
504.36440021959584,1661.4302145038464,2793.9948633033405,3.5846555937514766,3.520464317929312,3.9627051522978363,6589.74358974359,0.00026703402287284596,421.6793648344671,0.029,0.34523809523809523,1-0-745-1,ey,UT_014,014,2,fave,84.28185637167265,46.72505626594632,4,lake,1,0.05999700000000985,salt,airport,L,K,L,K,internal
510.11174030431846,1606.9215928499514,2863.7799518105176,2.896364502250327,3.0833684407352333,4.311059561085096,6948.717948717948,0.00022865603144213133,442.5711581655329,0.025,0.18656716417910452,1-0-784-2,ey,UT_014,014,2,fave,117.17506694119905,60.238408064379904,4,place,1,0.10998499999999467,new,and,L,S,L,S,internal
499.9146259925185,1686.8115085237864,2757.0704754891863,2.6164254637599345,2.963370486199208,4.105699161215923,6230.7692307692305,0.000047283583982441805,449.07215383446714,0.047,0.412280701754386,1-0-807-1,ey,UT_014,014,2,fave,107.68944149833565,55.951440083006936,4,taking,1,0.08999599999998509,it,that,T,K,T,K,internal
410.79298201199,1898.7295253216525,2819.0984591631523,2.49836702238944,3.06538939902197,3.757181412089696,6230.7692307692305,0.00011199902807555358,501.9931521655329,0.043000000000000003,0.3771929824561404,1-0-909-6,ey,UT_014,014,2,fave,79.26848451384156,50.12756127127584,4,appreciate,2,0.08999599999998509,to,"",iy,T,iy,T,internal
474.8681592506417,1823.172131575514,2709.340953258745,2.7426496477457962,3.5676087528756035,3.927341653907847,6230.7692307692305,0.00022349294060903022,513.5060548276643,0.033,0.3173076923076924,1-0-921-1,ey,UT_014,014,2,fave,99.67443089058379,57.29852851788281,4,take,1,0.07995599999992464,would,family,T,K,T,K,internal
465.87561247511485,1703.5015665459237,2760.6552842248384,2.63273555135431,2.959009687938633,3.740715108543807,6769.2307692307695,0.000011405752591335981,539.076534834467,0.025,0.24038461538461545,1-0-983-1,ey,UT_014,014,2,fave,116.11787312181771,61.26002287344043,4,favorite,1,0.080016999999998,my,activities,F,V,F,V,internal
540.8182562534745,1953.0145911936456,2499.572045353505,3.3618107256414396,3.5509213832035145,4.112788677588116,5512.820512820513,0.001837462306573893,617.0424561655328,0.081,0.3188976377952756,1-0-1102-1,ey,UT_014,014,2,fave,120.86760606560298,59.35729062918842,4,same,1,0.229979999999955,the,engine,S,M,S,M,internal
515.3146308852859,1628.101495569802,2245.6080586679386,2.763587007091149,3.3773954372656445,4.250448937183783,5153.846153846154,0.0009562591519152887,625.205257834467,0.025,0.09124087591240877,1-0-1121-1,ey,UT_014,014,2,fave,99.15832379828504,54.497743174479666,4,ways,1,0.25,different,of,W,Z,W,Z,internal
505.70846364652215,1868.6318288476778,2952.859575090663,3.0009277252867697,3.3475963111352156,4.339383885494548,6230.7692307692305,0.00042170564403424605,660.4201445034014,0.049,0.47115384615384626,1-0-1206-1,ey,UT_014,014,2,fave,108.09139572992429,60.95107925969052,4,taking,1,0.080016999999998,be,part,T,K,T,K,internal
446.2780546997549,1990.9773402501305,2935.2227730620334,2.8002871845273094,3.4500448121754412,4.329555475806914,6410.25641025641,0.00031395240694793536,684.0183661655328,0.067,0.5000000000000001,1-0-1246-1,ey,UT_014,014,2,fave,149.07048449889567,62.009067269867344,4,basically,1,0.10998500000005151,"",maintenance,B,S,B,S,internal
515.2033994584426,2062.296534260083,2843.37763710297,3.4774047112456987,3.447063866270842,4.1319646888399735,7128.205128205128,0.0005202759801478849,684.4973661655328,0.025,0.20161290322580647,1-0-1247-1,ey,UT_014,014,2,fave,110.33591317808788,54.019365169664994,4,maintenance,1,0.09997600000008333,basically,"",M,N,M,N,internal
564.9502196115658,1605.9821185544256,2808.3618043252704,2.4393684766196237,3.6036013493707637,3.975160813214997,6589.74358974359,0.00005491567668848416,693.9251564965987,0.025,0.21929824561403513,1-0-1258-1,ey,UT_014,014,2,fave,117.87879155752299,61.83857959657826,4,later,1,0.08996500000000651,then,on,L,T,L,T,internal
536.1312700097723,1693.5292897009394,2861.6256787975267,3.552279056592953,3.2918695732595173,3.7017088275146284,6589.74358974359,0.0001993461308511141,725.3023534965987,0.025,0.20161290322580647,1-0-1349-1,ey,UT_014,014,2,fave,90.24712683697116,51.66856718335688,4,maintenance,1,0.09997499999997217,normal,of,M,N,M,N,internal
581.854181421499,1659.4459122958276,2939.5186667292382,3.2133632427016776,3.0128561727699745,4.038842855946201,6230.7692307692305,0.00006068962724519565,753.0764681655328,0.025,0.2976190476190476,1-0-1393-1,ey,UT_014,014,2,fave,88.69064148606788,54.31134264279206,4,made,1,0.05999700000006669,it,a,M,D,M,D,internal
418.46352017963335,2031.6915235991319,2947.2287328316393,2.4458428561524874,3.489374733009062,4.181423860692648,6769.2307692307695,0.0006546349907000131,764.2478555034014,0.097,0.3975409836065574,1-0-1423-0,ey,UT_014,014,2,fave,105.16782049283627,57.973992724386754,4,eight,1,0.22003099999994902,g,"",#,T,iyF,T,initial
385.77843731665695,2232.1374830065292,2905.2197455877904,2.298517184180374,3.649263817547409,3.7106524776865784,6410.25641025641,0.00019179357920327489,765.8818385034014,0.025,0.20161290322580647,1-0-1426-0,ey,UT_014,014,2,fave,93.47213216554232,55.40735813094393,4,eight,1,0.10003599999993185,g,<unk>,#,T,iyF,T,initial
489.05427961655613,1858.437644417934,2794.593925931542,2.6653602380559036,3.1852968378274293,4.04405016705636,6230.7692307692305,0.00019565513208881575,803.6987434965986,0.043,0.34677419354838707,1-0-1479-1,ey,UT_014,014,2,fave,203.52024515269932,57.09481861757743,4,take,1,0.09997599999996964,"",your,T,K,T,K,internal
437.6752068199651,1855.1885095931991,2759.8164679960537,2.46081506421708,2.9489162504138435,3.7734625464303098,6230.7692307692305,0.00004308395404675159,807.7297328344671,0.025,0.21929824561403513,1-0-1490-1,ey,UT_014,014,2,fave,99.37565403351583,55.61895337152124,4,take,1,0.09002699999996366,just,your,T,K,T,K,internal
504.6871249681249,1969.4446292781447,2991.825227076134,3.5360893019129054,3.2825311719876002,3.844445704224604,6410.25641025641,0.00042347081863649736,822.3582671655328,0.025,0.18656716417910452,1-0-1526-1,ey,UT_014,014,2,fave,98.38868416436375,52.11208772071699,4,maintenance,1,0.10998500000005151,"",side,M,N,M,N,internal
543.5828260274575,1861.962874280894,2944.8353151859847,3.308243522850312,3.989031069020201,3.9487261149156896,5692.3076923076915,0.00019248191346268412,847.5629295034013,0.025,0.21929824561403513,1-0-1591-1,ey,UT_014,014,2,fave,108.77111150002018,51.262026197072345,4,maintenance,1,0.09002700000007735,the,procedure,M,N,M,N,internal
498.16727524757204,1819.70610153284,2873.772574490165,2.8630792845854773,3.458882939533995,4.050087364792975,6589.74358974359,0.00026635780217273844,850.6119571655328,0.043000000000000003,0.29861111111111116,1-0-1599-1,ey,UT_014,014,2,fave,117.88589150503388,63.2718748766721,4,take,1,0.11999500000001717,let's,our,T,K,T,K,internal
480.2233715077364,1950.9090505230258,2544.8209776962785,2.674204456974035,3.864284852820493,4.376021733556543,5333.333333333333,0.006004187482141314,866.1210401723357,0.025,0.12254901960784315,1-0-1631-0,ey,UT_014,014,2,fave,172.19954913061838,54.66866957749905,4,able,1,0.18005399999992733,"",to,#,B,"",B,initial
442.5618993217477,1840.8961878668927,2796.2616693622517,3.1971511004433917,3.0677258059519183,4.36869187687764,6410.25641025641,0.0018511706367236773,928.9922664965985,0.033,0.1896551724137931,1-0-1666-1,ey,UT_014,014,2,fave,84.79755642069227,48.557291121360564,4,daily,1,0.14996300000007068,udder,"",D,L,D,L,internal
546.2841094869182,1359.790129260053,2615.0094046037557,2.437513933407576,3.6558199827149624,3.8302306285596215,4974.358974358975,0.000025526765527538576,943.2852341723357,0.057,0.6785714285714286,1-0-1701-1,ey,UT_014,014,2,fave,109.0267901222672,60.744211550576125,4,rails,1,0.06005799999991268,the,last,R,L,R,L,internal
552.4339656320736,1439.307504719546,2766.075028921824,2.257815122287754,3.76510751589468,3.106221314795597,4974.358974358975,0.0000485531323570773,959.3662341655329,0.059000000000000004,0.7023809523809523,1-0-1740-1,ey,UT_014,014,2,fave,102.37217921338058,59.212477858854015,4,sale,1,0.059996999999953005,the,next,S,L,S,L,internal
517.7091241637787,2176.183664103293,2864.4181514631814,3.0892044363601183,3.8581030141759123,3.9281742219283005,5692.3076923076915,0.003788126070092288,964.0332624965987,0.07300000000000001,0.41954022988505757,1-0-1751-0,ey,UT_014,014,2,fave,108.51205795401793,48.718169846355366,4,ancient,1,0.149962999999957,"",times,#,N,"",N,initial
478.30833193470113,1773.6150727035913,2803.121761081574,2.3774152670076445,3.3622985075911407,3.8850843729591036,4974.358974358975,0.0002697419940710659,968.4921498344671,0.069,0.4480519480519481,1-0-1760-1,ey,UT_014,014,2,fave,85.15825482915001,54.82780521363424,4,safely,1,0.13000499999998283,helm,"",S,F,S,F,internal
542.6372156878,1367.988840410513,2797.7296198121444,2.380578526006867,3.9501849309125783,3.825196088441432,6051.282051282051,0.000021260724723141213,974.932152834467,0.069,0.7340425531914894,1-0-1775-1,ey,UT_014,014,2,fave,108.14833745964212,61.84414955082367,4,whale,1,0.07000700000003235,a,in,W,L,W,L,internal
505.6177506664941,1827.0788375576678,2707.9330401563684,2.776939440744221,3.508982125585621,3.73452474634743,5333.333333333333,0.00009109381313310744,1042.753192165533,0.043,0.34677419354838707,1-0-1920-1,ey,UT_014,014,2,fave,108.03572855324626,55.93003647962458,4,made,1,0.09997600000019702,was,of,M,D,M,D,internal
544.12561849541,1437.1860632415276,2844.0890668687034,2.5729691288197287,3.4765698513060492,3.642835418467963,6230.7692307692305,0.00004848308404208326,1053.3120748276644,0.07899999999999999,0.7596153846153846,1-0-1947-1,ey,UT_014,014,2,fave,103.58153073841825,55.97865947278565,4,nail,1,0.07995599999981096,the,firmly,N,L,N,L,internal
551.6704379043972,1428.7622607595376,2709.531512880855,2.3412501815922804,3.5307942501163967,4.16183370218283,6230.7692307692305,0.00017525958493219376,1063.9770208412697,0.089,0.7807017543859649,1-0-1975-1,ey,UT_014,014,2,fave,111.9425310129293,61.48615873464435,4,kale,1,0.09008800000015071,the,in,K,L,K,L,internal
558.3157727797624,1495.6693667046825,2752.513391641605,2.584841882248577,3.3915931923071025,3.552153839006709,6230.7692307692305,0.000019066576891376964,1071.5420648276643,0.059000000000000004,0.7023809523809523,1-0-1995-1,ey,UT_014,014,2,fave,100.65916013936744,56.70525390080703,4,mail,1,0.0599369999999908,the,today,M,L,M,L,internal
536.2431097103798,1444.7140401536033,2876.9178773890108,2.3639381082736737,3.2953376620065193,3.083242914198786,6230.7692307692305,0.000032379208903189855,1076.7670314965985,0.089,0.7807017543859649,1-0-2010-2,ey,UT_014,014,2,fave,106.61060111656974,58.87885731075227,4,snail,1,0.08996600000000399,a,next,N,L,N,L,internal
477.1276022650364,1835.4684915320665,2927.8776022070365,2.1312945730222497,3.635874841915495,4.303245305878213,6589.74358974359,0.0005746157832939497,1080.6627825034016,0.025,0.13586956521739132,1-0-2023-1,ey,UT_014,014,2,fave,94.88271830624923,60.55496597147715,4,daily,1,0.1600349999998798,udder,"",D,L,D,L,internal
755.0548948877333,1514.641662050038,2647.2079071134744,3.6989877373382707,4.061399444678932,4.13520874039596,4794.871794871795,0.000864102768530942,59.028447165532874,0.047,0.3263888888888889,1-0-14-1,ae,UT_014,014,2,fave,97.60707138328472,44.63477718899971,4,that's,1,0.11999899999999997,"",actually,DH,T,DH,T,internal
576.9474677887849,1582.9461856982502,2620.4595295302465,2.5699184879470125,3.033224920387045,4.404468867651579,6230.7692307692305,0.00047459239982968024,103.12545183446711,0.07100000000000001,0.33177570093457953,1-0-69-1,ae,UT_014,014,2,fave,117.6484388976673,61.93972063249019,4,jackson,1,0.1900020000000069,fort,"",JH,K,JH,K,internal
670.3810614771438,1392.9618852447945,2577.1881161450115,2.535020350557393,3.5320905635623814,4.400635500013538,5871.794871794871,0.0015097944689683505,111.33335183446712,0.04100000000000001,0.3306451612903227,1-0-81-0,ae,UT_014,014,2,fave,333.6983918651333,50.22060296092481,4,after,1,0.09999899999999684,"",that,#,F,"",F,initial
601.517266502473,1415.9955391006658,2576.7262996886107,2.343415664036472,3.492822250974227,3.7465242756135972,5692.3076923076915,0.00038671993980632705,111.72835483446713,0.091,0.33211678832116787,1-0-82-1,ae,UT_014,014,2,fave,114.85210895091404,60.91909439288261,4,that,1,0.25,after,went,DH,T,DH,T,internal
610.6614773768995,1599.0916924580872,3119.0235623342714,2.922389091958989,3.487983537494886,4.538747184686422,6051.282051282051,0.00033886614718613053,119.45535483446712,0.045,0.3358208955223881,1-0-98-1,ae,UT_014,014,2,fave,104.7411467754072,62.909432823066666,4,back,1,0.1100009999999969,came,to,B,K,B,K,internal
644.7887131387203,1602.270515674637,3008.327141696197,3.0407550185243633,3.616767650932946,4.241664810914596,6410.25641025641,0.0034249889342948775,128.19834583446712,0.11100000000000002,0.3323353293413173,1-0-116-0,ae,UT_014,014,2,fave,90.25969482086425,48.66246069589189,4,and,1,0.3100129999999979,"",now,#,N,"",N,initial
654.3398275219361,1598.9415096030154,2494.3245864281935,2.770895373398496,3.3110038840182896,4.109484418239596,5153.846153846154,0.0002822995279929034,137.37835283446714,0.051000000000000004,0.3311688311688312,1-0-135-1,ae,UT_014,014,2,fave,97.72584824030149,53.55875344323657,4,half,1,0.13000500000001125,a,years,HH,F,HH,F,internal
576.4566462943923,1426.7194565743532,2200.8957834615203,2.7550533078089106,3.7641518967432948,4.749452507994346,5512.820512820513,0.0003403699465639545,162.3542548344671,0.035,0.33653846153846156,1-0-158-1,ae,UT_014,014,2,fave,119.363250643447,51.29194588241636,4,that,1,0.08000200000000746,"",seems,DH,T,DH,T,internal
589.2028041196577,1608.9603344796847,2545.681356638774,3.318606195483592,3.005726791124599,4.401202529216214,5153.846153846154,0.0002980693683738017,182.9400431655329,0.04100000000000001,0.3306451612903227,1-0-199-1,ae,UT_014,014,2,fave,105.55694253022824,57.94022990684766,4,manager's,1,0.10000600000000759,to,office,M,N,M,N,internal
582.9227914746765,1956.7139277952049,2622.638369439725,3.018056814196457,3.224277495391598,4.115679312609657,5512.820512820513,0.0002136036660784362,195.17205983446712,0.045,0.3358208955223881,1-0-234-3,ae,UT_014,014,2,fave,92.37023284340948,49.73160381658804,4,mechanic,1,0.11000100000001112,diesel,"",K,N,K,N,internal
629.2719767750297,1549.5935676117313,2555.6738239389933,2.7578813376744806,3.6606889446752455,4.487216477043983,6051.282051282051,0.0017302250693171388,199.58785583446715,0.051000000000000004,0.3311688311688312,1-0-241-0,ae,UT_014,014,2,fave,108.63741761024401,61.10948443754633,4,after,1,0.12998999999999228,"",that,#,F,"",F,initial
591.1585366668113,1473.5602281192614,2606.5275980967735,2.2464139824846505,2.956935433320095,4.292953353880398,6051.282051282051,0.002378949441783277,200.13084983446709,0.057,0.32758620689655177,1-0-242-1,ae,UT_014,014,2,fave,96.5769434628048,60.686088360865966,4,that,1,0.15000900000001138,after,manager,DH,T,DH,T,internal
602.8513109706626,1717.8512330951392,2601.1762754296406,3.657073217408601,3.034748453829763,3.69119853693611,6230.7692307692305,0.0002095655654664558,200.3848531655329,0.045,0.3358208955223881,1-0-243-1,ae,UT_014,014,2,fave,109.84006836854662,54.173282097951756,4,manager,1,0.1100009999999827,that,meeting,M,N,M,N,internal
612.9540057352832,1530.2976264867361,2521.8873798468026,2.9946637263957143,3.0959849590247535,3.645637675095354,5692.3076923076915,0.0004539555321185845,211.9475471655329,0.055,0.33536585365853655,1-0-273-0,ae,UT_014,014,2,fave,113.22621806545855,58.14479031606434,4,afternoon,2,0.13999899999998888,the,"",#,F,@,F,initial
577.649922612088,1624.2246536341684,2734.8320507727535,3.322291044830267,3.0820919333351955,4.136921603106105,5512.820512820513,0.0020006614420435874,222.34755316553287,0.155,0.334051724137931,1-0-305-0,ae,UT_014,014,2,fave,157.11522550321882,50.81685680407746,4,and,1,0.4399870000000021,"","",#,N,"",N,initial
639.6772296308154,1436.8454515684596,2613.9106786886814,2.2892951786228926,3.4130456855816727,4.241187461602918,5692.3076923076915,0.0004724179578494283,230.1818521655329,0.10500000000000001,0.33439490445859876,1-0-324-1,ae,UT_014,014,2,fave,110.19315454303005,62.940518976030404,4,that,1,0.2899929999999813,all,"",DH,T,DH,T,internal
675.1460620574652,1453.5955887041505,2823.171744541417,2.957321141698694,3.3209446512806595,3.9805222607600057,6410.25641025641,0.001047343043348324,231.47284916553286,0.067,0.3284313725490196,1-0-328-3,ae,UT_014,014,2,fave,108.62728370810898,61.80918613533168,4,relax,1,0.17999299999999607,down,for,L,K,L,K,internal
576.3145044272507,1470.9583364246714,2063.6716855217096,2.7589381642514343,3.518752966262103,4.122161538445714,5153.846153846154,0.00006381767163498029,273.8486421655329,0.037000000000000005,0.324561403508772,1-0-391-5,ae,UT_014,014,2,fave,134.7136328253807,56.41572296790725,4,contract,2,0.08999599999998509,total,was,R,K,R,K,internal
695.4552181274562,1517.3866638871089,2431.687962661538,2.7927701440613535,3.2688739755865126,4.25869595298322,6230.7692307692305,0.0011895010481846775,276.88565649659864,0.07100000000000001,0.3317757009345795,1-0-401-0,ae,UT_014,014,2,fave,119.3060560023036,56.58838379369825,4,active,1,0.1899710000000141,"","",#,K,"",K,initial
599.387993530123,1613.4933442750669,2600.996343108959,3.326467722391719,2.7839600430524367,4.238208500511354,5871.794871794871,0.0005137981572178472,279.67264916553285,0.045,0.3358208955223881,1-0-410-0,ae,UT_014,014,2,fave,102.71767880433143,49.296010163615605,4,active,1,0.10998599999999215,and,reserves,#,K,D,K,initial
550.6422880644856,1465.2102632701242,2985.450853395625,2.492796375740512,3.571019825275899,4.567823235303356,6230.7692307692305,0.002555722101936506,284.92644883446707,0.051000000000000004,0.3311688311688312,1-0-420-0,ae,UT_014,014,2,fave,98.55310084957249,62.1327836800423,4,active,1,0.13000500000003967,was,i,#,K,Z,K,initial
608.2464255251823,1559.3466138251924,2491.3622254811753,2.819350805161994,3.1416256583527318,4.048933519795774,5333.333333333333,0.00024424683881815344,286.14444983446714,0.047,0.3263888888888889,1-0-426-1,ae,UT_014,014,2,fave,97.41877043209264,55.28093542858048,4,national,1,0.11999500000001717,utah,guard,N,SH,N,SH,internal
658.0667740984259,1510.244502798488,2687.4377393661375,2.6295988008428623,3.471948547959666,4.4485414537617505,6051.282051282051,0.0003481291150399645,288.78845916553286,0.055,0.33536585365853655,1-0-432-2,ae,UT_014,014,2,fave,90.81032618553046,57.89749923637601,4,apaches,1,0.1399839999999699,the,"",P,CH,P,CH,internal
698.1502154212789,1451.3420921721872,2319.772268304733,2.5224897337185133,3.837928709570226,3.9304865703273957,5512.820512820513,0.00016344472278856628,306.60164083446716,0.045,0.3358208955223881,1-0-479-2,ae,UT_014,014,2,fave,104.7196826428117,61.3779373099068,4,travel,1,0.11001599999997325,to,all,R,V,R,V,internal
661.7468880775975,1423.421166036481,2747.682261696471,2.2332260267762147,3.5591691231583935,3.727068106694824,5512.820512820513,0.00038036331696101005,308.1196561655329,0.101,0.3322368421052631,1-0-485-1,ae,UT_014,014,2,fave,98.91416609711436,59.868102715879914,4,that,1,0.27999799999997776,with,going,DH,T,DH,T,internal
585.4307719597278,1493.2719242404576,2223.442328533778,2.545889782238238,3.359328187623945,3.7306094478368106,5153.846153846154,0.0002181166518653552,331.01884183446714,0.055,0.3353658536585366,1-0-506-0,ae,UT_014,014,2,fave,88.76012962606684,55.462784585578,4,actually,1,0.14001500000000533,job,"",#,K,B,K,initial
539.8899325532874,1693.5259695804302,2770.7196285136447,2.50242235917071,3.0018239427281594,4.2439971871822895,5692.3076923076915,0.0003177299779704575,335.39044183446714,0.067,0.32843137254901966,1-0-512-1,ae,UT_014,014,2,fave,117.75826700014508,66.46913222966802,4,yeah,1,0.18002400000000307,"",i've,Y,#,Y,ay,final
569.1695692794725,1485.5764417724533,2455.0194722302463,3.195731074553758,3.543363325678255,3.7624353176979994,6410.25641025641,0.000024082869015170958,342.34654116553287,0.027000000000000003,0.32142857142857145,1-0-527-0,ae,UT_014,014,2,fave,107.1349874554607,54.83479905390511,4,at,1,0.05999800000000732,working,another,#,T,NG,T,initial
551.0378538604858,1717.7732419645931,2725.2516695515405,3.23332789666986,2.777317695805933,4.297232616607505,5512.820512820513,0.0007671140492731133,364.51555083446715,0.045,0.3358208955223881,1-0-594-1,ae,UT_014,014,2,fave,96.45476555893087,50.77494439038841,4,management,1,0.11001600000003009,better,"",M,N,M,N,internal
570.7706711143152,1464.468077080001,2394.664238017551,2.3290603992346126,3.637901839418628,4.133391397550245,5871.794871794871,0.00010574801725656452,366.1215611655329,0.037,0.32456140350877194,1-0-597-1,ae,UT_014,014,2,fave,101.0685751838754,61.6205594437651,4,value,1,0.08999599999998509,they,you,V,L,V,L,internal
695.1757332704009,1288.622689966461,2654.276631385509,2.6231699183754,3.429003021107321,4.076854294625809,5692.3076923076915,0.00008986619502048413,372.5186511655329,0.047,0.3263888888888889,1-0-618-1,ae,UT_014,014,2,fave,92.40189402423572,59.21334218383869,4,last,1,0.11999499999996033,the,one,L,S,L,S,internal
726.2618944943703,1309.5586057644748,2557.886664010806,2.3404877608500168,3.6535478611483647,4.030019750602936,5692.3076923076915,0.00015390578100858267,375.1926388344672,0.055,0.33536585365853655,1-0-624-1,ae,UT_014,014,2,fave,106.49170089635093,63.427924581234706,4,last,1,0.1400149999999485,"",place,L,S,L,S,internal
556.1308236226708,1417.460454288889,1937.10300159603,3.5863178207673876,3.3459857296513613,4.371093764091689,4974.358974358975,0.0002460365750366697,378.9356388344671,0.04100000000000001,0.3306451612903227,1-0-636-0,ae,UT_014,014,2,fave,119.84886879024083,55.09793807739735,4,as,1,0.10000699999994822,em,your,#,Z,M,Z,initial
617.1339972225223,1519.0883118512793,2531.1257441450994,2.953992586705632,3.484250983417461,4.282911262409845,5871.794871794871,0.0011869327193344782,379.6636465034013,0.057,0.32758620689655177,1-0-640-0,ae,UT_014,014,2,fave,117.28480473708088,52.48579891523727,4,as,1,0.15002400000003036,"",their,#,Z,"",Z,initial
606.3097670758448,1721.7126143994437,2644.8308050605674,2.7705872286882096,2.944403452709256,4.244130001260823,5692.3076923076915,0.00042786676946995786,384.3436638344671,0.057,0.3275862068965517,1-0-652-1,ae,UT_014,014,2,fave,125.84056598441403,61.75310992802843,4,yeah,1,0.1499939999999924,oh,we'll,Y,#,Y,W,final
649.0410198660633,1507.8600639519657,2510.948075971883,2.566360834387472,2.9449354215510084,4.179831766069281,5333.333333333333,0.0005651509442927845,385.1706608344671,0.091,0.3321167883211679,1-0-655-1,ae,UT_014,014,2,fave,122.00597131502307,62.8772458338451,4,that,1,0.25,implement,but,DH,T,DH,T,internal
657.1164432177682,1359.4008878392913,2430.238882577948,2.678312581125742,3.6619511764338553,4.479366517462108,5333.333333333333,0.0005219899439822966,386.82364816553286,0.037,0.32456140350877194,1-0-662-1,ae,UT_014,014,2,fave,114.55615518534422,56.75173429924151,4,that's,1,0.08999600000004193,it,"",DH,T,DH,T,internal
614.6605813097565,1332.7632869179563,2443.1370680717814,2.366797196170094,3.6030092220929695,4.432052045939275,5692.3076923076915,0.00008598202405861311,388.14765516553285,0.045,0.3358208955223881,1-0-666-1,ae,UT_014,014,2,fave,121.3355617172002,67.24389771596944,4,that,1,0.10998599999999215,throw,on,DH,T,DH,T,internal
653.7283159974472,1527.2048088564536,2887.1241004488193,2.783351348989196,3.379655896537946,4.400875073166143,6230.7692307692305,0.0005085588201327567,388.54064016553286,0.051000000000000004,0.3311688311688312,1-0-669-1,ae,UT_014,014,2,fave,102.30865620020435,60.82750368689489,4,back,1,0.1300040000000422,the,burner,B,K,B,K,internal
568.4996698894,1696.6208976738008,2597.243255408234,2.887180033787339,2.9460383282116154,4.2726287939623235,5871.794871794871,0.0008293251890650307,393.40514883446707,0.085,0.3346456692913386,1-0-672-1,ae,UT_014,014,2,fave,90.73881757880964,52.7413662527434,4,yeah,1,0.23001099999999042,"","",Y,#,Y,"",final
636.8207891551161,1310.8666761769819,2661.1429816587074,2.8381316414213384,3.5574303359133146,4.080824655993501,5692.3076923076915,0.000021969049981600638,395.55945383446715,0.031,0.32978723404255317,1-0-677-2,ae,UT_014,014,2,fave,120.78561143940077,68.21353092871253,4,glad,1,0.0700069999999755,i'm,i,L,D,L,D,internal
584.6576711827332,1508.8029180344809,2647.2103261331226,2.4780941326711097,3.1844680423129605,4.299898242451554,5512.820512820513,0.0001381206986049613,396.01646016553286,0.045,0.3358208955223881,1-0-680-1,ae,UT_014,014,2,fave,113.55589144333806,65.4427758201104,4,that,1,0.10998599999999215,took,leap,DH,T,DH,T,internal
609.6894643767605,1571.1445735046952,2938.1319225077063,3.084903385386327,3.2649283344297744,3.5828960812731236,6410.25641025641,0.00044286173229249673,398.1014528344671,0.055,0.3353658536585366,1-0-691-0,ae,UT_014,014,2,fave,96.5835229177097,52.61359758756031,4,at,1,0.14001500000000533,i'm,now,#,T,M,T,initial
712.670756734206,1611.5057432471804,2460.150865308346,2.2989218817669363,2.881783983822032,4.19584166416129,5333.333333333333,0.0003643514293426062,403.0935611655329,0.067,0.32843137254901966,1-0-707-1,ae,UT_014,014,2,fave,100.92063355143402,59.44362144926143,4,had,1,0.17999299999996765,i,in,HH,D,HH,D,internal
561.509202910205,1802.9245978289682,2799.171777250931,2.3353789670230864,3.0664938447770917,4.1486398239232845,6230.7692307692305,0.000279812570728034,407.1698401655329,0.037,0.32456140350877194,1-0-712-1,ae,UT_014,014,2,fave,266.0151975269168,58.458510104509394,4,yeah,1,0.08999599999998509,"",it'll,Y,#,Y,i,final
528.7760863920322,1481.431216219057,2333.0645377278984,2.2409913347743076,3.307137443277494,3.779428225140046,5692.3076923076915,0.00013434869440329876,417.44414816553285,0.040999999999999995,0.33064516129032256,1-0-733-1,ae,UT_014,014,2,fave,97.82040288492509,55.25595653758937,4,that's,1,0.10000600000000759,think,"",DH,T,DH,T,internal
576.2464497002212,1567.0318875128246,2487.995645949705,2.561751999362485,3.5382922008825646,4.618516365749866,5871.794871794871,0.0016475100039401662,431.5550608344671,0.091,0.3321167883211679,1-0-748-1,ae,UT_014,014,2,fave,96.32204564397352,56.81297515721187,4,yeah,1,0.25,"","",Y,#,Y,"",final
590.0730583277741,1714.461171741404,2672.776814093866,2.8039979519524714,3.0276848698329677,3.9991184698147113,5333.333333333333,0.0007768002129488006,432.92383916553285,0.07100000000000001,0.3317757009345795,1-0-750-1,ae,UT_014,014,2,fave,106.78713896695487,55.05426192183673,4,yeah,1,0.19000200000004952,"",it,Y,#,Y,i,final
717.322645949641,1541.479076932648,2489.539038567402,3.2685681430330638,3.3919733681672204,4.521799623087175,5333.333333333333,0.0005394258833593666,435.86185116553287,0.047,0.3263888888888889,1-0-762-1,ae,UT_014,014,2,fave,128.0529841964921,59.99563906121509,4,happy,1,0.11999500000001717,not,here,HH,P,HH,P,internal
703.9553942974472,1524.4190357617729,2589.3381355916695,2.499942543753227,3.369146272567267,4.579693829084518,6051.282051282051,0.000985573290239203,439.81615349659864,0.075,0.33482142857142855,1-0-772-1,ae,UT_014,014,2,fave,101.34563435051226,58.81184522390489,4,have,1,0.19998199999997723,i,"",HH,V,HH,V,internal
584.9359202686142,1808.6830228452798,2529.3689989258105,3.3915472612172004,2.975311335625958,4.449043013455326,5512.820512820513,0.00041083887828141717,441.60615283446714,0.055,0.3353658536585366,1-0-780-1,ae,UT_014,014,2,fave,113.3211717206999,52.364516439763975,4,manager,1,0.14001400000000785,a,at,M,N,M,N,internal
488.09974877065065,1503.1398506799019,1883.8261226888053,2.5715157551264403,3.700226092677319,3.8053035315783146,5871.794871794871,0.00002284902358204448,441.9611478344671,0.025,0.33783783783783783,1-0-781-0,ae,UT_014,014,2,fave,103.33616301549503,53.01465673568508,4,at,1,0.050018000000022766,manager,this,#,T,*hr,T,initial
646.7396311502251,1453.5313861899149,2487.394945119708,2.586331658752183,3.533382391877461,4.1321368929944,5333.333333333333,0.00017982196607835602,445.12615049659865,0.075,0.33482142857142855,1-0-795-1,ae,UT_014,014,2,fave,120.56881490894507,60.77481502473316,4,past,1,0.19998199999997723,the,let's,P,S,P,S,internal
597.7994120419413,1582.3086863476135,2695.538610157557,2.8802234563768576,3.1047893047232322,3.9447016235882084,5512.820512820513,0.00003431882004848854,449.30414383446714,0.031,0.32978723404255317,1-0-808-1,ae,UT_014,014,2,fave,99.6121598805279,52.128091387719905,4,that,1,0.07000700000003235,taking,pay,DH,T,DH,T,internal
566.4896621491602,1719.1532664282554,2892.1308270606346,2.6981054974845473,3.168351580431039,4.258472857909654,5333.333333333333,0.00024747153062699555,471.62395716553283,0.04100000000000001,0.3306451612903227,1-0-835-1,ae,UT_014,014,2,fave,113.82656106479168,56.79885002703057,4,san,1,0.09997600000002649,the,rafael,S,N,S,N,internal
636.5714347117034,1486.8570465555356,2686.555301950031,2.8234727333433294,3.4186536764626734,3.8476435086307,5692.3076923076915,0.00028862052868597717,488.04424516553286,0.067,0.3284313725490196,1-0-864-1,ae,UT_014,014,2,fave,109.82453287260904,54.29745614622249,4,that,1,0.1799930000000245,and,but,DH,T,DH,T,internal
633.4306488988152,1587.4853319782635,2669.2853873642916,2.562458767554998,2.9814184060724824,3.6932990484371215,5871.794871794871,0.00013665334984231775,494.79414583446714,0.045,0.3358208955223881,1-0-882-0,ae,UT_014,014,2,fave,106.9060174985279,54.891946095835735,4,and,1,0.11001600000003009,"",the,#,N,"",N,initial
485.6609281041057,1598.9553620165323,2696.1762758185528,2.242599070022365,3.086580962678659,3.7276361593775698,5333.333333333333,0.00005161896393103229,499.9571588344671,0.031,0.32978723404255317,1-0-902-1,ae,UT_014,014,2,fave,97.28016512012518,56.32898973835739,4,that,1,0.07000800000002982,beauty,you,DH,T,DH,T,internal
635.918351133291,1649.563188194976,2554.411198360152,2.4331213200061432,3.3551344488324344,4.469565256301274,5333.333333333333,0.0001255371277792857,500.21015316553286,0.037,0.32456140350877194,1-0-904-1,ae,UT_014,014,2,fave,105.22340863708511,61.373189164555235,4,have,1,0.0899970000000394,you,to,HH,V,HH,V,internal
508.7118364657905,1850.9056015580954,3115.904737880742,2.974619381866226,3.1262600208889633,4.349509597367694,6589.74358974359,0.00041797370601820904,513.7520561655328,0.045,0.3358208955223881,1-0-922-1,ae,UT_014,014,2,fave,109.41051763210476,60.93277395372009,4,family,1,0.10998500000005151,take,trips,F,M,F,M,internal
599.1751314054186,1679.8511926899648,3385.2869931602777,3.4234556781818464,4.234393522986986,4.42551104865982,6769.2307692307695,0.0003020539128341995,516.5080604965987,0.037000000000000005,0.324561403508772,1-0-929-0,ae,UT_014,014,2,fave,107.86189631735897,54.26090074940833,4,as,1,0.08996600000000399,often,we,#,Z,N,Z,initial
604.7257022653936,1155.895987966568,2434.285287749025,2.4405794508353615,3.59503007720411,3.8807208175937933,5333.333333333333,0.000022082066212736672,517.995061834467,0.031,0.32978723404255317,1-0-935-1,ae,UT_014,014,2,fave,123.00381237386216,62.009942403677314,4,that,1,0.07000700000003235,all,often,DH,T,DH,T,internal
563.7511303797212,1749.7717408883004,2636.1132211449867,3.212206926290356,3.050567050231252,4.100488010808606,5333.333333333333,0.00032336283823487024,519.967022834467,0.055,0.3353658536585366,1-0-944-1,ae,UT_014,014,2,fave,97.1847032571788,50.19486976488455,4,manage,1,0.14001500000006217,could,"",M,N,M,N,internal
552.9815036257974,1813.4313466648975,2834.7780114363495,3.088197446315403,3.405154500475807,4.32417866125415,6230.7692307692305,0.001568859103735884,521.7819484965986,0.065,0.33505154639175255,1-0-951-1,ae,UT_014,014,2,fave,110.66785978734221,53.40847707087318,4,family,1,0.16998200000000452,visit,and,F,M,F,M,internal
614.9412113188879,1656.0076827795392,2932.6060794590458,2.7654456047264997,2.9574149452253518,4.08572911315889,6230.7692307692305,0.0008159687283095573,522.3189598344671,0.13899999999999998,0.33574879227053134,1-0-952-0,ae,UT_014,014,2,fave,175.82133279734887,47.33910189035561,4,and,1,0.3900140000000647,family,"",#,N,iyF,N,initial
549.2257023462641,1505.3530161480269,2826.165022170226,2.8480388453848104,3.594298972519516,4.5656522068206815,6589.74358974359,0.0004308944361049745,537.8045544965987,0.04100000000000001,0.3306451612903227,1-0-978-0,ae,UT_014,014,2,fave,143.0365049684156,65.14594449817403,4,actually,1,0.09997599999996964,it's,a,#,K,S,K,initial
553.1993946381332,1484.1084145401248,2158.376977332192,2.4549701565844857,3.45671727561246,3.740962677875764,5153.846153846154,0.000016125006563065045,539.321524834467,0.035,0.3365384615384616,1-0-984-0,ae,UT_014,014,2,fave,107.2226353864592,59.73986174135959,4,activities,0,0.080016999999998,favorite,were,#,K,i,K,initial
583.4455704147118,1603.2871598145816,2713.686786775533,2.874313108725881,3.1065365925967177,4.32614238078176,6230.7692307692305,0.0017109513823983817,542.1915318344671,0.135,0.3341584158415842,1-0-991-0,ae,UT_014,014,2,fave,102.77692452257436,53.00602118107054,4,and,1,0.38000499999998283,"",shooting,#,N,"",N,initial
590.7776224469338,1585.0610998557365,2932.9008142506846,2.855780043584484,3.1585061813210733,3.9886834386305274,5692.3076923076915,0.002520197675618913,543.7795631655329,0.11100000000000002,0.3323353293413174,1-0-995-0,ae,UT_014,014,2,fave,229.83583577615877,46.52613913176551,4,and,1,0.309996999999953,guns,or,#,N,Z,N,initial
550.0884740246267,1844.6734967525606,2806.5624653002988,3.5484615268953665,2.93807633918636,4.12706532742682,6230.7692307692305,0.0008321179982568702,548.7965454965987,0.045,0.3358208955223881,1-0-1010-2,ae,UT_014,014,2,fave,94.01199396800176,52.67877412288433,4,grand,1,0.10998499999993783,mini,canyon,R,N,R,N,internal
506.3923991277374,2090.6757806881496,2639.6189121247344,3.1776382681769864,3.205080695496651,3.791265727588168,5153.846153846154,0.00007490574867165367,549.1065481655329,0.045,0.3358208955223881,1-0-1011-1,ae,UT_014,014,2,fave,99.3774677302916,53.6161230721702,4,canyon,1,0.10998600000004899,grand,which,K,N,K,N,internal
520.9284948070242,1715.9666603913654,2684.925314149752,2.8506728282444542,3.5828284842226976,4.6187894492071715,6051.282051282051,0.00006781669304773177,550.4825474965986,0.037,0.32456140350877194,1-0-1018-1,ae,UT_014,014,2,fave,96.37804643523629,52.67040273935324,4,san,1,0.08996600000000399,that,rafael,S,N,S,N,internal
549.9331071715883,1766.9744183072976,2703.024909548334,2.605188298501273,3.327518466275096,3.6704350350338055,5333.333333333333,0.0009424329884191179,562.5344561655329,0.065,0.33505154639175255,1-0-1025-1,ae,UT_014,014,2,fave,97.54879700859644,55.05098054721525,4,yeah,1,0.169983000000002,"","",Y,#,Y,"",final
608.4375140939981,1467.7407937884448,2407.4648348685237,2.3462718096838246,3.0983325617986215,3.926183603443237,5153.846153846154,0.00018827374321175953,574.5996651655329,0.067,0.3284313725490196,1-0-1049-1,ae,UT_014,014,2,fave,105.5459464970628,57.5536413987803,4,back,1,0.17999299999996765,go,"",B,K,B,K,internal
690.7935478491181,1421.0650567648693,2373.654529782229,2.498333409295193,3.059495124036133,4.309135577317936,5153.846153846154,0.0001782492658152097,592.9458431655329,0.045,0.3358208955223881,1-0-1058-1,ae,UT_014,014,2,fave,115.55225430393675,59.21472904395823,4,have,1,0.10998500000005151,i,a,HH,V,HH,V,internal
619.0051693126022,1695.476336182161,2515.269334767994,2.8984629386898586,3.1625030803131025,4.513529057331944,5692.3076923076915,0.0004282000399787896,610.9693644965986,0.037000000000000005,0.324561403508772,1-0-1088-1,ae,UT_014,014,2,fave,99.23090769647041,60.0202961980697,4,challenge,1,0.08996500000000651,the,"",CH,L,CH,L,internal
711.3208543506721,1548.9424414425923,2446.438953363905,2.5535672477703852,3.532999304807996,4.434344983545534,5692.3076923076915,0.0002505673426022241,614.6554668344671,0.047,0.3263888888888889,1-0-1095-1,ae,UT_014,014,2,fave,120.5303427984606,65.13987615608356,4,have,1,0.11999500000001717,might,two,HH,V,HH,V,internal
629.7975844770291,1290.7501904151147,2812.834243917213,2.415600166407805,3.699151391259141,4.122491458774378,5692.3076923076915,0.00010980611399443542,628.7704504965986,0.037000000000000005,0.324561403508772,1-0-1129-1,ae,UT_014,014,2,fave,107.62197316864979,63.70552620250142,4,that,1,0.08996600000000399,so,is,DH,T,DH,T,internal
646.1879709487755,1370.505062509102,2722.4353066791223,2.7280154244482464,4.119621725241148,3.6026468272613825,5692.3076923076915,0.0005542259229564622,654.6361565034015,0.08099999999999999,0.3319672131147541,1-0-1182-1,ae,UT_014,014,2,fave,94.91423269667465,52.430872489464356,4,that,1,0.2200319999999465,all,"",DH,T,DH,T,internal
686.6009506992423,1412.4316030571836,2610.0033437544867,2.2170279741658594,3.525946324298574,3.7296385780032395,5153.846153846154,0.0001876272979566511,663.0431338344671,0.055,0.3353658536585366,1-0-1214-1,ae,UT_014,014,2,fave,99.21176823504487,62.629154709703435,4,that,1,0.1400149999999485,all,stuff,DH,T,DH,T,internal
556.4235740033662,2126.781297960133,2680.784715026361,3.0968139578242204,3.4032940493152446,3.9574837500255002,5333.333333333333,0.0002696759378713096,668.6213338344672,0.051000000000000004,0.3311688311688312,1-0-1229-3,ae,UT_014,014,2,fave,106.26501204889881,54.91477809039691,4,mechanical,1,0.13000499999998283,the,side,K,N,K,N,internal
612.4690107898434,1515.0599022119002,2502.9566715298743,2.475223344512891,3.3734510047884925,4.4000169335934896,5333.333333333333,0.000211238916914191,680.3612424965986,0.045,0.3358208955223881,1-0-1241-2,ae,UT_014,014,2,fave,96.45892934759877,57.96812041955529,4,apache,1,0.10998500000005151,the,helicopters,P,CH,P,CH,internal
579.0230824688352,1759.21777801295,2739.854661915793,2.7403404631293795,3.0377824632936687,3.7342768761372596,5512.820512820513,0.0008745906969616184,685.3123618344671,0.17500000000000002,0.333969465648855,1-0-1249-0,ae,UT_014,014,2,fave,110.16227186137574,54.39084180184027,4,and,1,0.5,"","",#,N,"",N,initial
570.1039012185025,1934.1194437425827,2581.0060660837753,2.8603206546937496,3.424641506389911,4.208645846625703,5512.820512820513,0.0005878249861649816,699.028127165533,0.051000000000000004,0.3311688311688312,1-0-1276-3,ae,UT_014,014,2,fave,97.98835958876954,56.21517356409768,4,mechanic,1,0.13000499999998283,a,"",K,N,K,N,internal
535.5225799072391,1877.7374828420868,2714.9939206136087,2.8604099007531403,3.4223434697395216,3.8410440121767797,5692.3076923076915,0.00010946702933387595,704.8573561655329,0.040999999999999995,0.33064516129032256,1-0-1290-6,ae,UT_014,014,2,fave,93.68270521310642,54.470947416233365,4,understand,1,0.09997500000008586,to,it,T,N,T,N,internal
565.7537923330949,1885.4438690264653,2788.7065532731945,3.2331760270800696,3.155244672718138,3.8218924153801974,6230.7692307692305,0.0009231464676536443,712.6671554965985,0.061000000000000006,0.3315217391304348,1-0-1317-1,ae,UT_014,014,2,fave,97.55420603244072,51.036947626118994,4,man's,1,0.15997300000003634,low,job,M,N,M,N,internal
675.3691301131122,1489.5258205800865,2003.6553203647936,2.496073622248315,3.1594425803624318,3.9381875864477,4615.384615384615,0.0004291945438705805,716.5041568276644,0.095,0.33450704225352107,1-0-1326-4,ae,UT_014,014,2,fave,97.48409956920244,60.49784676097311,4,aircraft,2,0.259949000000006,the,"",R,F,R,F,internal
637.6261200315945,1469.0577461853702,2490.2624001477093,2.895203044297416,3.5849463893925986,4.3577369077309145,5871.794871794871,0.0001166239417180449,743.5902598276645,0.031,0.32978723404255317,1-0-1361-1,ae,UT_014,014,2,fave,136.59181755407553,60.13453305032452,4,have,1,0.06994599999995899,probably,to,HH,V,HH,V,internal
643.5628517312615,1486.677261935599,2819.247167559482,2.7372637813786587,3.480239127185777,4.209397586265082,5333.333333333333,0.0009841046537657889,747.8592511655329,0.10899999999999999,0.33641975308641964,1-0-1376-1,ae,UT_014,014,2,fave,108.86033296527307,56.308440299631734,4,had,1,0.2999880000000985,i,"",HH,D,HH,D,internal
655.4063600128936,1390.8325516558039,2781.9151929068676,2.7535562082029994,3.471904407225295,3.377815461434948,5692.3076923076915,0.0006362031420284805,760.1967498344671,0.075,0.33482142857142855,1-0-1415-1,ae,UT_014,014,2,fave,97.61081526641051,49.70836590683763,4,that,1,0.20001200000001518,all,"",DH,T,DH,T,internal
575.4196247991994,1463.100739500035,2798.5104119148436,2.8486498153295825,4.218140119093706,4.313222266378579,5871.794871794871,0.00042722579311380894,762.354858165533,0.031,0.32978723404255317,1-0-1417-1,ae,UT_014,014,2,fave,108.3115970824154,57.28381496141049,4,that,1,0.07000800000002982,"",was,DH,#,DH,W,final
570.2926109941138,1838.078422063409,2516.97907373352,2.932282597021951,3.10080493877152,4.134315283882099,5153.846153846154,0.000011926710135903117,763.7928611655329,0.027000000000000003,0.32142857142857145,1-0-1421-4,ae,UT_014,014,2,fave,100.92769779858303,54.818985125451405,4,pontiac,2,0.059996999999953005,"",g,iy,K,iy,K,internal
599.2228363467422,1467.0875759903722,2798.3695691292637,2.6861895341024296,3.260676679177244,4.425928076576326,6230.7692307692305,0.00047388291361460423,795.1689431723355,0.045,0.3358208955223881,1-0-1452-1,ae,UT_014,014,2,fave,96.13162423843934,57.61886254178014,4,back,1,0.11004700000000867,it,together,B,K,B,K,internal
616.6141991007453,1403.0968486105905,2308.429877048874,2.9394058058709573,3.543936486923788,4.507478718030473,5692.3076923076915,0.00011166133278766288,797.2219298344671,0.031,0.32978723404255317,1-0-1461-1,ae,UT_014,014,2,fave,85.26350786291214,50.877249709518004,4,that's,1,0.07000699999991866,done,the,DH,T,DH,T,internal
529.3091572437105,1919.0972856327962,2712.362709617264,2.925827673687027,3.056215286950822,3.9773143236831103,5692.3076923076915,0.00021259624869831,810.2497371655329,0.045,0.3358208955223881,1-0-1497-6,ae,UT_014,014,2,fave,107.464091255949,55.04944612663565,4,understand,1,0.10998500000005151,it,the,T,N,T,N,internal
582.4958370576417,1618.6606068911133,2636.334334309952,2.8651698933695107,3.2531471729675885,3.920523233346073,6230.7692307692305,0.00041491884516439,820.4262594965987,0.040999999999999995,0.33064516129032256,1-0-1518-1,ae,UT_014,014,2,fave,81.64892151465556,50.70579713588652,4,that,1,0.09997499999997217,"",goes,DH,#,DH,G,final
623.4621736835437,1663.521152637528,2615.9172249952644,3.0132724432375033,3.421922661077934,4.229619555993333,6051.282051282051,0.0015205649371631395,821.173260834467,0.055,0.3353658536585366,1-0-1522-0,ae,UT_014,014,2,fave,87.5366598391784,52.819271734342315,4,aspect,1,0.1400140000000647,any,of,#,S,iyF,S,initial
556.4318167110172,1759.351599197056,2767.50001902388,2.502277285517932,3.097988312080437,3.556498539254161,5692.3076923076915,0.00008133654683410601,830.3949408344671,0.055,0.33536585365853655,1-0-1535-1,ae,UT_014,014,2,fave,100.03611355279199,57.66581956623698,4,yeah,1,0.140013999999951,"",they,Y,#,Y,DH,final
616.6339097705252,1529.9231463163283,2539.524023513905,2.576371029939839,3.6554171378513285,4.452911781889689,5692.3076923076915,0.00020941237414538077,832.099956165533,0.045,0.3358208955223881,1-0-1545-1,ae,UT_014,014,2,fave,107.87596795277592,60.51453921542137,4,have,1,0.1099859999999353,they,the,HH,V,HH,V,internal
646.2201467221379,1417.8498508541795,2423.5804048489827,2.660477229007166,3.4333318649573847,4.212062095503985,5871.794871794871,0.0004961420984345577,843.8789614965987,0.057,0.3275862068965517,1-0-1577-0,ae,UT_014,014,2,fave,93.8511195076505,59.243800726209315,4,as,1,0.149962999999957,"",a,#,Z,"",Z,initial
667.7608983981406,1459.2689817580892,2623.3903082494767,2.605490901687673,3.247175742963877,4.335645924417457,5871.794871794871,0.00009862504450739492,853.0470614965986,0.037000000000000005,0.324561403508772,1-0-1609-1,ae,UT_014,014,2,fave,106.82066827369479,57.35641798694503,4,have,1,0.08996600000000399,don't,to,HH,V,HH,V,internal
633.465225277694,1582.3522845074497,2695.7963291703463,2.9504308154690975,3.2535779183608127,4.369213233377602,6051.282051282051,0.0005341242109640103,853.594045165533,0.051000000000000004,0.3311688311688312,1-0-1612-1,ae,UT_014,014,2,fave,96.52156343562886,55.308998620157396,4,back,1,0.13000499999998283,come,to,B,K,B,K,internal
520.6142511277346,1809.5710218776069,2736.6333794124735,2.8611258528603534,3.2139557967308026,4.1620904780026695,5333.333333333333,0.0023624375328033043,860.9568514965987,0.037000000000000005,0.324561403508772,1-0-1617-1,ae,UT_014,014,2,fave,374.07823033637663,47.433998984524656,4,yeah,1,0.08996600000000399,"","",Y,#,Y,"",final
683.6162077670076,1432.439881760953,2483.2116638924663,2.6727731274020137,3.3959934273405117,4.342637867316619,5871.794871794871,0.002036270955279948,864.2740701655329,0.11100000000000002,0.3323353293413173,1-0-1626-1,ae,UT_014,014,2,fave,94.36827332731984,51.42273338340741,4,that,1,0.309996999999953,all,"",DH,T,DH,T,internal
726.3044603097209,1474.7937421087756,2493.098252760564,2.447437908833587,3.290932997922555,4.196743884535918,5692.3076923076915,0.00022983250318498767,866.9660515034013,0.055,0.33536585365853655,1-0-1633-1,ae,UT_014,014,2,fave,117.25863713285084,65.01314519015526,4,have,1,0.1400149999999485,to,the,HH,V,HH,V,internal
594.1233203043803,1708.0132719464984,2774.39686564648,3.206042711499111,2.953452728528536,3.941150914330428,6051.282051282051,0.001551192030200204,868.3790594965985,0.08100000000000002,0.3319672131147542,1-0-1637-0,ae,UT_014,014,2,fave,104.67919487217466,43.185034019646366,4,and,1,0.21997099999998682,down,"",#,N,N,N,initial
742.6751752164324,1521.2417418004713,2566.1878117733327,2.481911104335006,3.5688891725103327,4.2412818284895,5692.3076923076915,0.00013671989756893445,869.8220261655329,0.047,0.3263888888888889,1-0-1639-1,ae,UT_014,014,2,fave,109.58197072445667,64.91424706587705,4,have,1,0.11999500000001717,"",time,HH,V,HH,V,internal
580.0512328318582,1621.4710503424994,2769.08798857454,3.1786115072743812,3.5337652408880738,4.287641235404865,5692.3076923076915,0.0007913466818086246,930.3262451723356,0.040999999999999995,0.33064516129032256,1-0-1668-0,ae,UT_014,014,2,fave,106.26316026324166,46.9460689229456,4,an,1,0.10003700000004301,"",author,#,N,"",N,initial
529.1398125675012,1928.0336300913825,2570.899104374016,3.3158503073118344,2.894640556705671,3.7876488547088774,5512.820512820513,0.0002564196928260192,934.5292301655329,0.067,0.32843137254901966,1-0-1678-1,ae,UT_014,014,2,fave,123.44297665390837,57.751115708254915,4,man,1,0.17999299999996765,the,found,M,N,M,N,internal
662.9609273764798,1293.6708526867694,2670.9297571717925,2.9049745400078604,3.986528108329678,4.169604139787455,5692.3076923076915,0.0016523042183663418,939.8422638276643,0.051000000000000004,0.3311688311688312,1-0-1694-1,ae,UT_014,014,2,fave,108.19387212910613,58.19642638878432,4,last,1,0.12994400000002315,since,year,L,S,L,S,internal
648.2834288770792,1302.4586908050685,2590.7452742039163,2.922307201108047,3.998765629557472,4.252021323891236,5692.3076923076915,0.00021875948680778536,943.6352574965987,0.037000000000000005,0.324561403508772,1-0-1702-1,ae,UT_014,014,2,fave,103.56111092692822,57.811918115767696,4,last,1,0.08996600000000399,rails,friday,L,S,L,S,internal
643.0241691948116,1523.3033189431405,2031.2196689093337,2.564709407565413,2.9932902467814815,3.5365442639745277,5153.846153846154,0.00004379623491584131,950.5522418344672,0.051000000000000004,0.3311688311688312,1-0-1716-2,ae,UT_014,014,2,fave,110.06527505093983,60.578796526375775,4,crashed,1,0.13000499999998283,i,into,R,SH,R,SH,internal
705.8111206099574,1432.1374881770255,2576.3001341826916,2.399099945826593,3.9640894122691015,4.26139075745899,4974.358974358975,0.000737727355102013,963.1952568344672,0.057,0.3275862068965517,1-0-1748-1,ae,UT_014,014,2,fave,102.85334396444387,58.87131338706242,4,latin,1,0.15002399999991667,spoke,in,L,T,L,T,internal
600.7231090895418,1670.677877660152,2298.2678724595476,2.772310962411589,3.37087465148691,4.241721424463373,5333.333333333333,0.0006287955257441738,966.5831258344672,0.051000000000000004,0.3311688311688312,1-0-1755-0,ae,UT_014,014,2,fave,104.48247354972756,56.97110279864164,4,acrobat,1,0.13000499999998283,the,landed,#,K,iyF,K,initial
598.5179865832529,1504.378410477943,2407.8062597592743,2.610794817351502,3.54173656076685,4.079550849931144,5333.333333333333,0.00010849232369453203,967.0211741655329,0.067,0.32843137254901966,1-0-1755-5,ae,UT_014,014,2,fave,109.70071037075603,59.69474609139294,4,acrobat,2,0.17999199999997018,the,landed,B,T,B,T,internal
585.1679345250801,1692.9654801782106,2732.164095682463,3.3069141926290144,3.149085145425699,3.8322052241105578,5333.333333333333,0.0002451451872442107,967.335125834467,0.055,0.3353658536585366,1-0-1756-1,ae,UT_014,014,2,fave,107.12854592476214,52.554527004736784,4,landed,1,0.14001500000006217,acrobat,near,L,N,L,N,internal
579.4306942502774,1494.5259039615676,2807.452443448014,2.7205062495456014,3.5250249524149915,4.378985166431505,6230.7692307692305,0.0017885614972248062,975.3861634965987,0.057,0.3275862068965517,1-0-1778-1,ae,UT_014,014,2,fave,99.41762527331645,58.640804444264944,4,backyard,1,0.149962999999957,the,"",B,K,B,K,internal
637.3815739800924,1503.2566182104567,2584.121875536179,2.6423226275660188,3.588431591275026,4.296398507835217,5333.333333333333,0.00022824498012140087,977.355154834467,0.035,0.3365384615384616,1-0-1782-1,ae,UT_014,014,2,fave,99.45831942346278,59.639077063420174,4,had,1,0.080016999999998,sweater,lovely,HH,D,HH,D,internal
577.1364017899527,1626.945252311375,2478.6432742981906,3.219320399047394,3.2717848466680426,3.9617720344101293,5153.846153846154,0.00003630511926305151,980.7281384965987,0.040999999999999995,0.33064516129032256,1-0-1791-2,ae,UT_014,014,2,fave,102.15841684811939,55.09800938635844,4,planted,1,0.09997599999996964,gardener,shells,L,N,L,N,internal
637.8320482757562,1311.981113559766,2791.3478996664994,2.690140319476989,3.9332587328340503,4.42177667119073,5512.820512820513,0.00033972815044438923,987.4781384965987,0.040999999999999995,0.33064516129032256,1-0-1803-1,ae,UT_014,014,2,fave,92.9559349709183,61.644049746584585,4,last,1,0.09997599999996964,mountains,weekend,L,S,L,S,internal
599.6845226474002,1622.4201324476776,2476.3810626127456,2.3819764273496045,3.111956413340842,4.085977804350073,5153.846153846154,0.0002091894216272325,998.0888521655329,0.061000000000000006,0.3315217391304348,1-0-1832-1,ae,UT_014,014,2,fave,97.254406104172,61.92759589238823,4,dad,1,0.1599740000000338,my,climbed,D,D,D,D,internal
658.7556185294145,1294.8074300904173,2475.811526507038,2.558683982939549,3.729103224192096,3.864817481012273,4974.358974358975,0.00013054276392837914,998.8318578344671,0.047,0.3263888888888889,1-0-1835-1,ae,UT_014,014,2,fave,94.93336508215657,60.79146320939184,4,ladder,1,0.11999600000001465,the,onto,L,D,L,D,internal
507.7578442918822,1979.8542782116024,2930.4440119630176,3.287634319221605,3.1806594504246744,4.092383316451137,6051.282051282051,0.0020785310900881693,1002.8288445034015,0.08100000000000002,0.3319672131147542,1-0-1847-1,ae,UT_014,014,2,fave,74.85353514913007,47.33694109523866,4,jam,1,0.2200319999999465,with,"",JH,M,JH,M,internal
573.8876157457933,1743.8906963711631,2666.7687446525892,2.900552661226324,3.512526905703304,4.114738524934359,5692.3076923076915,0.000237914067608489,1007.5208451655329,0.065,0.33505154639175255,1-0-1850-1,ae,UT_014,014,2,fave,105.72200005946964,58.505172754767315,4,man,1,0.169983000000002,the,lost,M,N,M,N,internal
567.8152493081565,1766.0292377198703,2820.742514089812,3.101918394728848,3.236547298371491,3.639532826318252,5153.846153846154,0.000314675054600475,1010.8988444965986,0.061000000000000006,0.33152173913043487,1-0-1860-1,ae,UT_014,014,2,fave,107.29971535322514,56.47426212617717,4,sang,1,0.15997300000003634,children,at,S,NG,S,NG,internal
606.713592217649,1624.5734682654686,2433.7594759980684,2.5314015903761327,3.3590403163039286,4.05932906196783,5333.333333333333,0.0009009111047625659,1011.2088424965985,0.061000000000000006,0.33152173913043487,1-0-1861-0,ae,UT_014,014,2,fave,233.89995980529582,50.70649252007757,4,at,1,0.15997300000003634,sang,the,#,T,NG,T,initial
660.0254327876362,1518.0528513769382,2723.819614441382,2.582889027626304,3.124762687240148,4.1037826239738004,5333.333333333333,0.0001997699269236751,1011.615826834467,0.055,0.3353658536585366,1-0-1863-1,ae,UT_014,014,2,fave,98.49105764744155,59.530092483462525,4,battle,1,0.140013999999951,the,last,B,T,B,T,internal
681.8512904985542,1335.7242884426007,2612.051322794373,2.7891474931476425,3.342126870382369,3.80720050929695,5512.820512820513,0.00017070500940937736,1011.9538538344672,0.051000000000000004,0.3311688311688312,1-0-1864-1,ae,UT_014,014,2,fave,101.55568073299395,58.1206147080317,4,last,1,0.13000399999998535,battle,week,L,S,L,S,internal
543.7476844044564,1791.4471205487441,2808.6682995879187,3.003596366098691,3.0515485358874934,3.750183123965154,5692.3076923076915,0.0002498954977596504,1018.2738508344672,0.07100000000000001,0.3317757009345795,1-0-1878-1,ae,UT_014,014,2,fave,106.36646968978569,59.34511077722878,4,man,1,0.1900029999999333,the,"",M,N,M,N,internal
531.0171727492572,1889.325195036457,2738.247417458447,3.1670216395528743,3.283324420553523,4.137800106021021,5333.333333333333,0.00043506443347299814,1020.8968615034014,0.057,0.3275862068965517,1-0-1887-1,ae,UT_014,014,2,fave,73.70661926189581,50.494818170677576,4,pants,1,0.15002400000003036,his,"",P,N,P,N,internal
607.3289295415368,1512.0962586066978,2699.836542670201,3.179894123394226,3.6128663463961574,4.1306216129334095,6230.7692307692305,0.0007466011742870962,1043.445134165533,0.047,0.3263888888888889,1-0-1923-1,ae,UT_014,014,2,fave,99.17049894194353,54.56871336702174,4,rather,1,0.11999500000001717,cotton,than,R,DH,R,DH,internal
564.0029065577473,1720.6517484121462,2699.0322218416186,3.176591039889476,3.055272419615099,3.9073068302609215,6051.282051282051,0.00010287565700166201,1046.2091418276643,0.035,0.3365384615384616,1-0-1929-1,ae,UT_014,014,2,fave,105.07556586341744,53.44377179445114,4,rang,1,0.07995600000003833,baroness,a,R,NG,R,NG,internal
693.2208179523278,1264.4904350434435,2410.6547846599665,2.6447106473799002,3.7085131858830946,3.9097679825784124,4974.358974358975,0.00045183212070004316,1049.2201588344672,0.057,0.3275862068965517,1-0-1937-3,ae,UT_014,014,2,fave,105.89254468293845,59.43433252445557,4,splashed,1,0.15002500000014152,water,in,L,SH,L,SH,internal
629.0907756447833,1597.373316980345,2276.13337589759,3.3927200953825847,3.3467107230249873,4.134165473588275,5153.846153846154,0.00016882522013548183,1052.7050265102039,0.045,0.3358208955223881,1-0-1945-1,ae,UT_014,014,2,fave,108.30079778932759,54.38657852044775,4,hammered,1,0.11010699999997087,carpenter,the,HH,M,HH,M,internal
562.9585952698523,1600.009517692275,2695.6996438889173,2.9939472823743305,3.6421997004233946,4.26118796551102,5333.333333333333,0.0007626317900984348,1055.7500428344672,0.055,0.3353658536585366,1-0-1951-1,ae,UT_014,014,2,fave,106.6742888315852,55.5193283543821,4,has,1,0.14001500000017586,texas,many,HH,Z,HH,Z,internal
559.8616815248176,2093.401297922805,2691.661638379769,3.235099048412134,3.620389488049766,3.940915469922045,5333.333333333333,0.0009764753260266413,1062.6680811655326,0.051000000000000004,0.3311688311688312,1-0-1971-3,ae,UT_014,014,2,fave,108.69505668019465,56.07973836314007,4,mechanic,1,0.1300050000002102,the,found,K,N,K,N,internal
527.9418337457378,1329.0752104927524,2247.9444219956536,3.278135424051019,3.830442462093847,3.852829817654679,4794.871794871795,0.0002671142487421778,59.96845283446712,0.027000000000000003,0.32142857142857145,1-0-19-2,e,UT_014,014,2,fave,NaN,46.99319206299353,4,question,1,0.060001999999997224,good,"",W,S,W,S,internal
584.4822334554669,1685.9902638507003,2704.6963946005712,3.5608359697496685,3.0624989478755404,3.543070290410376,5692.3076923076915,0.0003515860396741627,84.24994616553288,0.057,0.32758620689655177,1-0-39-1,e,UT_014,014,2,fave,117.8648911510539,50.60249892115353,4,ten,1,0.15000200000000063,"","",T,N,T,N,internal
560.6232663558241,1348.5605092669045,2640.7221663442133,3.2899325879457115,3.3049766325303787,3.782390619976868,5692.3076923076915,0.00010343617382897266,100.96044983446711,0.040999999999999995,0.33064516129032256,1-0-63-1,e,UT_014,014,2,fave,130.14104415004275,59.00987622055477,4,went,1,0.10000600000000759,"",and,W,N,W,N,internal
565.0352795419931,1486.7920791560846,2579.022875569256,3.2958588522850465,3.355137218086992,3.887845086308433,6051.282051282051,0.00045748208805079435,112.10135016553288,0.037000000000000005,0.324561403508772,1-0-83-1,e,UT_014,014,2,fave,107.42443374547462,51.75585237243595,4,went,1,0.08999699999999677,that,up,W,N,W,N,internal
420.10140021311486,1936.543400640747,2981.9396078499426,3.0397527090565863,3.0541331096071125,4.17856553118466,6410.25641025641,0.0001578427211649685,123.37135283446712,0.037,0.32456140350877194,1-0-105-2,e,UT_014,014,2,fave,113.64506627572665,56.51384337358869,4,again,1,0.0899959999999993,syracuse,for,G,N,G,N,internal
590.726592736664,1601.8381928861857,2689.7851095981828,3.4383182479249483,3.4444460210500973,3.8986997891889317,5512.820512820513,0.005000212199505006,126.38035383446713,0.11500000000000002,0.33430232558139533,1-0-111-1,e,UT_014,014,2,fave,92.67069446440212,44.93628567130397,4,then,1,0.3199999999999932,"",moved,DH,N,DH,N,internal
617.8664042184001,1327.0452289588502,2105.475426232132,2.6811512984845716,4.025779220905167,3.9822937434027565,5153.846153846154,0.00017859042497889632,161.74025383446715,0.027000000000000003,0.32142857142857145,1-0-156-0,e,UT_014,014,2,fave,106.52408176428922,49.47130676305384,4,s,1,0.0599979999999789,that,"",#,S,T,S,initial
609.8904504232302,1592.8448414717438,2727.688822706852,2.951082289469388,2.563461751804974,3.432850707527975,5871.794871794871,0.0003736375660965618,208.4558538344671,0.167,0.3313492063492064,1-0-262-1,e,UT_014,014,2,fave,90.52310881950478,54.52104366253389,4,then,1,0.47999599999999987,"","",DH,N,DH,N,internal
526.8236510843253,1582.155690648896,2821.9968314323874,3.1070959748780673,3.3817808212108122,4.061431952152006,6589.74358974359,0.0003228404869770335,215.6285491655329,0.037,0.32456140350877194,1-0-281-1,e,UT_014,014,2,fave,106.09843158600987,62.401758454827345,4,their,1,0.08999700000001098,with,write,DH,R,DH,R,internal
581.100160956149,1501.417282818022,2649.5792913555842,2.9217368536986124,3.009355371221175,3.8310339041390025,5692.3076923076915,0.00047376507107491566,220.5635548344671,0.127,0.3307291666666667,1-0-299-1,e,UT_014,014,2,fave,96.89877050554615,51.694792951246065,4,then,1,0.36000000000001364,and,"",DH,N,DH,N,internal
473.44246326062176,1827.0484022716691,2758.734613387936,2.1153171519449967,3.2310982009056137,3.618693791525147,5512.820512820513,0.00004357502583197799,225.55854783446713,0.037,0.32456140350877194,1-0-313-1,e,UT_014,014,2,fave,311.3885567436431,57.67117151397223,4,get,1,0.09001200000000154,"",home,G,T,G,T,internal
475.7102321689924,1643.0225026878209,2806.2203800970565,2.9571376509397402,3.1366460058810155,4.261815516378472,6769.2307692307695,0.00030544255185924803,233.5948491655329,0.031,0.32978723404255317,1-0-337-4,e,UT_014,014,2,fave,97.57964280063369,56.46144543375325,4,projects,0,0.06999199999998496,little,around,JH,K,JH,K,internal
560.0882872971251,1490.55963351286,2214.999688744173,2.521180509355859,3.495217350624816,4.369023745529699,5692.3076923076915,0.00008617547898546289,262.92565349659867,0.031,0.32978723404255317,1-0-369-4,e,UT_014,014,2,fave,116.46474480640069,64.37147330243813,4,perspective,1,0.0699769999999944,"",and,P,K,P,K,internal
481.5733716730678,1475.1773659406444,2739.2689676183186,2.291809940490208,3.346453482595921,4.382340278294697,5333.333333333333,0.00005854773302551824,293.17375183446705,0.037000000000000005,0.324561403508772,1-0-439-1,e,UT_014,014,2,fave,97.38184469248276,59.2676750470102,4,said,1,0.08999600000004193,"",it,S,D,S,D,internal
617.094486499262,1488.4315746090688,2821.5147588667,2.749847582532399,3.650110003059082,3.8490245531208758,5512.820512820513,0.00010570580699265867,297.7487378344671,0.027000000000000003,0.32142857142857145,1-0-458-1,e,UT_014,014,2,fave,103.94672082404468,59.16809202819193,4,hell,1,0.060027999999988424,the,up,HH,L,HH,L,internal
473.27581712159014,1839.593407477401,2545.3324068148713,2.2420573554033947,3.2191985506512566,4.071095874020885,5333.333333333333,0.00006470775206894553,302.7627478344672,0.035,0.3365384615384616,1-0-470-1,e,UT_014,014,2,fave,119.36366093496456,63.211248568599096,4,guess,1,0.080016999999998,i,you,G,S,G,S,internal
562.4957170206382,1651.9594737311074,2820.2299116264644,3.068031127640916,3.171604034134108,3.865105000970459,6589.74358974359,0.000243915744609042,335.99946216553286,0.045,0.3358208955223881,1-0-515-1,e,UT_014,014,2,fave,139.07239503191056,64.43132108646363,4,there,1,0.10998499999999467,been,for,DH,R,DH,R,internal
552.1803217427316,1502.2755771304205,2724.4164793296427,2.354175339443603,3.212791055136546,4.484220556426149,6051.282051282051,0.00015753598526804837,360.0635331655328,0.040999999999999995,0.33064516129032256,1-0-579-1,e,UT_014,014,2,fave,102.99426601288201,56.918071731252184,4,better,1,0.10000600000000759,being,and,B,T,B,T,internal
630.1818509291223,1386.6210384532035,2723.8177503022516,2.7174247560709675,3.4432264274969584,4.047704309178629,5333.333333333333,0.0002937951216246362,361.92354483446707,0.061000000000000006,0.3315217391304348,1-0-589-1,e,UT_014,014,2,fave,115.50224510166795,57.991722378663525,4,left,1,0.16000300000001744,i,"",L,F,L,F,internal
545.5115996226558,1578.3200601992164,2584.3780974190945,2.1394061519120853,3.4188426674748484,4.576971576975982,6051.282051282051,0.00007559431460422885,363.3715611655329,0.037000000000000005,0.324561403508772,1-0-591-1,e,UT_014,014,2,fave,283.72272403309466,61.53149513889337,4,better,1,0.08999599999998509,"",environment,B,T,B,T,internal
533.2748018942351,1490.314278099232,2436.414167779045,2.343814517935868,2.9437898478696276,4.809385445741537,5871.794871794871,0.000018261372103787643,364.2365561655329,0.027000000000000003,0.32142857142857145,1-0-593-1,e,UT_014,014,2,fave,99.88742742987039,58.564267903468476,4,better,1,0.05999700000000985,environment,management,B,T,B,T,internal
530.4550534809351,1536.202730558072,2079.8885726521953,2.196517452651853,3.3461682621909414,4.3439409127667075,5692.3076923076915,0.00009952285423081475,367.4935561655328,0.040999999999999995,0.33064516129032256,1-0-601-4,e,UT_014,014,2,fave,99.0283210801394,59.082975143099205,4,respect,1,0.10000600000000759,they,ya,P,K,P,K,internal
546.1694345075903,1486.256476811797,2728.492864150311,2.3204186412012953,3.133606927524792,4.417477385409284,5512.820512820513,0.00010623268965088755,371.4306388344672,0.031,0.32978723404255317,1-0-613-1,e,UT_014,014,2,fave,106.50167010192413,62.420165033835616,4,better,1,0.07000799999997298,around,place,B,T,B,T,internal
485.53295902228524,1532.5968132787068,2914.7773782365325,3.031481345598513,3.043808821500373,4.414353063622745,6769.2307692307695,0.0011608150359382595,379.8986408344671,0.027000000000000003,0.32142857142857145,1-0-641-1,e,UT_014,014,2,fave,116.72103592565735,59.54602170848593,4,their,1,0.05999700000000985,as,own,DH,R,DH,R,internal
540.9217302653217,1508.6785868378117,1923.1116991225338,2.5942088589871437,3.3583541646040076,4.4714099517226495,5692.3076923076915,0.0001461795651534542,400.54854350340133,0.037000000000000005,0.324561403508772,1-0-695-5,e,UT_014,014,2,fave,101.2727807030815,60.7875627121044,4,progressed,1,0.09002700000002051,i've,further,R,S,R,S,internal
543.3078871788834,1592.3345708381394,2200.833337003463,2.371983516413534,3.200756106157054,4.326870976679803,6410.25641025641,0.0004746235279833928,436.77584550340134,0.035,0.3365384615384616,1-0-765-2,e,UT_014,014,2,fave,107.42925730205181,62.9546366844369,4,dreading,1,0.080016999999998,i'm,going,R,D,R,D,internal
545.3398018959173,1673.860257308452,2899.2733235736273,3.1612540503273903,2.9257777954610167,3.3905083230154442,6769.2307692307695,0.00017665373329050157,437.3918501655329,0.047,0.3263888888888889,1-0-768-0,e,UT_014,014,2,fave,123.03062161753864,59.12398359880566,4,every,1,0.11999499999996033,in,day,#,V,N,V,initial
608.2711004121845,1481.6811413036057,2667.7795401890735,2.9103814337169522,3.0807693846369353,3.8298536559738716,5692.3076923076915,0.00002546721765965821,444.12614516553293,0.035,0.3365384615384616,1-0-788-1,e,UT_014,014,2,fave,108.25807958653101,53.02203237463348,4,well,1,0.07998699999996006,"",i've,W,L,W,L,internal
485.20524840968324,1768.1690672225739,2511.0262038330875,2.8291128180383978,3.381897090478493,4.617427270950585,5333.333333333333,0.00012317691946741802,467.5269668344671,0.027000000000000003,0.32142857142857145,1-0-826-1,e,UT_014,014,2,fave,118.60491601816487,46.02768391856091,4,guess,1,0.05999800000000732,"",it's,G,S,G,S,internal
502.34446476548044,1556.6620557829315,2887.7273268649333,2.550769860559246,3.451986509450293,4.420743184724762,5692.3076923076915,0.0001278914540754424,468.2869401655329,0.027000000000000003,0.32142857142857145,1-0-829-1,e,UT_014,014,2,fave,103.50333433702365,53.42925569860874,4,central,1,0.05999800000000732,kinda,"",S,N,S,N,internal
557.9107211411715,1112.6024419406267,2954.6538265529425,2.7493784071429688,3.6130523491357884,4.24269229314596,6230.7692307692305,0.0001118044076423057,472.2609478344672,0.035,0.33653846153846156,1-0-837-2,e,UT_014,014,2,fave,111.44282147517976,63.928937983045714,4,swell,1,0.080016999999998,rafael,area,W,L,W,L,internal
536.3244467197369,1397.5651797948485,2691.3033233957267,3.1267353134542777,3.7401211655740165,4.325676417044028,6230.7692307692305,0.00005832363836627341,472.4589598344671,0.031,0.32978723404255317,1-0-838-0,e,UT_014,014,2,fave,110.25395507253809,59.881611331412,4,area,1,0.07000700000003235,swell,"",#,R,L,R,initial
566.5460314521298,1622.8733046183968,2732.0870133158696,2.658218651461847,2.8129707046001773,4.053526379379087,5512.820512820513,0.0004124362535153798,480.0385591655329,0.061000000000000006,0.3315217391304348,1-0-845-1,e,UT_014,014,2,fave,121.90461186581092,66.0476750692136,4,desert,1,0.15997399999997697,the,is,D,Z,D,Z,internal
548.6846748234544,1684.595808741505,2831.3211889537793,2.5682361285131394,3.0751525087835003,4.1802286829181305,6051.282051282051,0.0004120154119015017,496.68215083446705,0.061000000000000006,0.3315217391304348,1-0-890-3,e,UT_014,014,2,fave,119.59182375386747,62.5839060353114,4,together,1,0.16000300000001744,morphs,and,G,DH,G,DH,internal
574.5776398285875,1675.3881763964728,2810.3401442497507,3.4470041348402862,3.0961172250657176,4.032186812886415,6230.7692307692305,0.0008190889040353565,514.7150681655329,0.07100000000000001,0.33177570093457953,1-0-925-1,e,UT_014,014,2,fave,108.098160081113,54.50986797038693,4,there,1,0.190003000000047,down,"",DH,R,DH,R,internal
555.2024161853908,1456.263811818117,2148.4445122095713,3.1810681099242846,4.031815266336971,4.557753408653412,5153.846153846154,0.0018452156035840281,519.0800674965988,0.040999999999999995,0.33064516129032256,1-0-939-0,e,UT_014,014,2,fave,103.68577793104824,45.78602800951617,4,as,1,0.09997599999996964,"",often,#,Z,"",Z,initial
538.4042684966288,1510.9215859314818,2921.593861818247,3.600835724393188,3.1256554803050225,3.9480739377276364,6410.25641025641,0.00020630597759200488,521.176932834467,0.035,0.33653846153846156,1-0-949-1,e,UT_014,014,2,fave,96.64067017608076,50.172435386629,4,there,1,0.080016999999998,down,visit,DH,R,DH,R,internal
556.6188560067676,1507.9789980787987,2572.3392409707008,2.2868274243391946,3.1137398148480746,4.290118487404043,5871.794871794871,0.00039467430424727876,524.2679555034014,0.057,0.32758620689655177,1-0-958-1,e,UT_014,014,2,fave,97.63620066707469,56.31784973351814,4,desert,1,0.15002400000003036,the,down,D,Z,D,Z,internal
570.2966709226868,1532.9688739871133,2865.732278211386,3.1377651198144547,3.215079334572156,3.9718755909227474,6410.25641025641,0.00043477064232401804,524.9899411723355,0.04100000000000001,0.3306451612903227,1-0-960-1,e,UT_014,014,2,fave,97.45934996115668,50.90023945725271,4,there,1,0.10003700000004301,down,"",DH,R,DH,R,internal
544.4114214834502,1397.8627048542369,2429.492938024535,2.946366811452898,3.3609164009937724,4.258598417389512,5153.846153846154,0.0001336677846608399,528.7849618276645,0.031,0.32978723404255317,1-0-971-1,e,UT_014,014,2,fave,91.0516573385307,47.69552112188626,4,there,1,0.06994599999995899,out,"",DH,R,DH,R,internal
577.6709739561945,1632.080895003635,2932.10407041057,2.864529848366255,3.1195112038743398,3.941369811458097,6769.2307692307695,0.0003672770086067626,535.6166345034014,0.061000000000000006,0.3315217391304348,1-0-974-1,e,UT_014,014,2,fave,146.82281869067796,64.68496971390135,4,there,1,0.1600349999999935,down,[bracketed],DH,R,DH,R,internal
564.2695813790525,1555.7505779108303,2895.8739493051658,2.5874188674480227,2.9569510669334895,4.302233751587938,6230.7692307692305,0.0015433285998220235,546.8775581655328,0.067,0.3284313725490196,1-0-1005-1,e,UT_014,014,2,fave,96.97944839456888,57.25693697906012,4,wedge,1,0.17999300000008134,the,"",W,JH,W,JH,internal
517.1224759626542,1517.4738363544068,2939.913626020476,2.527638548260802,3.4689420759108587,4.598332469598052,6051.282051282051,0.00010075307634245986,570.183646834467,0.035,0.33653846153846156,1-0-1034-0,e,UT_014,014,2,fave,99.92071772203964,57.980416960404625,4,every,1,0.080016999999998,once,"",#,V,S,V,initial
579.1239674540715,1490.6246742266744,2776.639733122065,3.2785900338381726,3.0666115123163498,4.305387191725488,6230.7692307692305,0.0005046163097538741,574.0596451655329,0.027000000000000003,0.32142857142857145,1-0-1046-1,e,UT_014,014,2,fave,104.59500500495017,51.202891613066555,4,there,1,0.05999800000006417,down,and,DH,R,DH,R,internal
640.1560710556298,1661.1523297063914,2663.6200168748574,2.554108028299112,2.9891301485056085,4.255271461095313,5333.333333333333,0.0010039885192170616,591.6008614965987,0.055,0.33536585365853655,1-0-1055-0,e,UT_014,014,2,fave,261.4715712881435,57.83821087136037,4,expert,1,0.1399539999999888,an,because,#,K,N,K,initial
495.2800769034929,1635.4669386052326,2820.2030002206757,2.705484508174929,3.4726775614785166,4.530590626928442,5871.794871794871,0.0003348522289141742,603.8113558344671,0.037,0.32456140350877194,1-0-1077-3,e,UT_014,014,2,fave,123.33215470130558,72.44210498180611,4,especially,1,0.09002599999996619,"",l,P,SH,P,SH,internal
439.96339372677096,1740.5674508959462,2525.8092882090764,2.3564022418431794,3.1791158475318775,4.214134505177988,4974.358974358975,0.000030510475647257117,604.1563308344671,0.027000000000000003,0.32142857142857145,1-0-1078-0,e,UT_014,014,2,fave,111.85012016801556,67.49585338217643,4,l,1,0.05999800000006417,especially,"",#,L,iyF,L,initial
584.2412080976616,1722.583563627686,2579.5638163301082,2.963813820378788,3.139946011504167,4.442304531176238,5692.3076923076915,0.00025298243157669464,604.5813634965987,0.037000000000000005,0.324561403508772,1-0-1080-1,e,UT_014,014,2,fave,129.24172325625213,69.4283780305994,4,heavy,1,0.08996600000000399,"",duty,HH,V,HH,V,internal
511.0694576557643,1554.9943115557612,2518.0684053264995,3.1295482960117096,3.502685904982461,3.910828335284632,5333.333333333333,0.000014909893711211186,615.1854448344671,0.027000000000000003,0.32142857142857145,1-0-1097-0,e,UT_014,014,2,fave,121.87905164607866,58.11328204884154,4,engines,1,0.059996999999953005,two,that,#,N,Tuw,N,initial
547.0773493248868,1675.8152940960765,1972.0412475837995,2.933450749579649,3.538401858165072,4.384003223367261,5692.3076923076915,0.00003690551062613338,621.1662798344671,0.027000000000000003,0.32142857142857145,1-0-1112-3,e,UT_014,014,2,fave,106.92323847756617,55.89237501252341,4,scenarios,1,0.05999700000006669,different,inside,N,R,N,R,internal
568.4174767857884,1666.1421282607878,2061.309005939189,2.6705999392302284,3.1901902006362453,4.072422668024194,6051.282051282051,0.000042548797361433336,625.9762621655328,0.047,0.3263888888888889,1-0-1123-3,e,UT_014,014,2,fave,110.05009106997308,59.94972308762911,4,repair,1,0.11999500000001717,of,"",P,R,P,R,internal
500.64740281723255,2088.0993170491633,2709.817423199651,3.40119164353458,3.490351514776763,3.5768202859346467,4974.358974358975,0.000029195923814091,633.3224384965987,0.04100000000000001,0.3306451612903227,1-0-1141-0,e,UT_014,014,2,fave,113.70101995630809,54.64699960797843,4,engines,1,0.09997499999997217,the,and,#,N,iyF,N,initial
581.7089267337049,1500.8153514814787,2662.6990561271496,3.262589893645851,3.469501461663916,3.6752584472781904,5333.333333333333,0.0002670379750679946,635.4094568344672,0.075,0.33482142857142855,1-0-1145-1,e,UT_014,014,2,fave,98.9012049861948,51.0926457517678,4,them,1,0.20001200000001518,modifying,and,DH,M,DH,M,internal
494.6659167932339,1400.1424965303488,2158.3370556479913,3.1917146878271674,4.076954412744846,4.39246031172851,5871.794871794871,0.00030962303107934404,637.817444165533,0.031,0.32978723404255317,1-0-1154-0,e,UT_014,014,2,fave,104.8803424913911,51.4895718283902,4,em,1,0.07000700000003235,push,"",#,M,SH,M,initial
464.43605363134805,1827.23537470285,2810.1703745346736,2.6141074134989357,3.002506721852417,4.313424581663088,5333.333333333333,0.00020450519143830985,657.9561664965987,0.040999999999999995,0.33064516129032256,1-0-1193-1,e,UT_014,014,2,fave,105.66805874316105,57.69678519798189,4,guess,1,0.09997499999997217,i,my,G,S,G,S,internal
518.8892496853985,1765.4923852758875,2787.611605218833,2.4839738697044864,3.227407805955219,4.182500174452985,5333.333333333333,0.0010981699725918829,679.4512751655329,0.045,0.3358208955223881,1-0-1236-1,e,UT_014,014,2,fave,542.2018935364777,47.45295772632309,4,yes,1,0.10998499999993783,"",i,Y,S,Y,S,internal
567.2540373460681,1444.1634376036213,2824.4413496979732,3.2877331994132,4.02100037043621,4.428739390784441,5333.333333333333,0.0007107692907331714,680.6822708344671,0.027000000000000003,0.32142857142857145,1-0-1242-1,e,UT_014,014,2,fave,95.80214539451427,51.37918939898366,4,helicopters,1,0.05999800000006417,apache,"",HH,L,HH,L,internal
504.6571084892227,1621.58211259539,1969.5070316405245,2.6753977091789265,3.2484163048708723,4.1396448568993875,5871.794871794871,0.000023047602533039838,686.7583761655329,0.027000000000000003,0.32142857142857145,1-0-1251-3,e,UT_014,014,2,fave,108.41194839946368,59.65931992902979,4,repairs,1,0.059996999999953005,"","",P,R,P,R,internal
578.6525225364813,1759.5905622468074,2646.3789282961707,2.6027303942175624,3.593786494128033,4.649826368566813,5871.794871794871,0.003945483460085132,689.6997474965985,0.061000000000000006,0.33152173913043487,1-0-1253-1,e,UT_014,014,2,fave,473.8027558342613,43.20812619573694,4,yes,1,0.15997300000003634,"","",Y,S,Y,S,internal
504.8565424612152,1841.4263384650862,2695.7780216372857,2.2954696099285763,3.424121224637057,4.15117444438981,5692.3076923076915,0.0028709856802727777,692.5956518344672,0.047,0.3263888888888889,1-0-1255-1,e,UT_014,014,2,fave,544.8045089308371,42.452015092278344,4,yes,1,0.11999600000001465,"","",Y,S,Y,S,internal
605.5473893306561,1567.719576687984,2770.5532784977445,2.354903334802495,3.01869199528768,3.0282643988547235,5871.794871794871,0.00010466348134909343,693.5531414965985,0.061000000000000006,0.33152173913043487,1-0-1257-1,e,UT_014,014,2,fave,120.87252139177475,63.937766638006856,4,then,1,0.15997300000003634,"",later,DH,N,DH,N,internal
497.48766001957813,1644.491587614757,2057.039051331358,2.540643489315425,3.418258580915375,4.324770504606701,5871.794871794871,0.00006854481945273509,706.1303241655329,0.027000000000000003,0.32142857142857145,1-0-1297-5,e,UT_014,014,2,fave,96.59913711726473,56.22545413512707,4,military,2,0.05999799999995048,the,is,T,R,T,R,internal
593.7537197537797,1513.7297756684095,2699.7214864741395,3.1262308783880246,3.5566741521455207,3.9178819550129176,5512.820512820513,0.00018834754717429768,719.5091304965987,0.045,0.3358208955223881,1-0-1335-1,e,UT_014,014,2,fave,99.70073723950355,53.71222824198048,4,them,1,0.1099859999999353,recovering,tying,DH,M,DH,M,internal
569.398127767132,1519.4078785369575,2699.5221354555792,2.4892091691843965,3.2058187491779626,4.699335802497213,6051.282051282051,0.00038436811764657386,722.4403584965987,0.04100000000000001,0.3306451612903227,1-0-1343-4,e,UT_014,014,2,fave,180.8486615461095,58.55943393649414,4,inspections,1,0.09997499999997217,flight,"",P,K,P,K,internal
566.1144062279935,1382.985588554384,2679.276930666727,2.727584088399662,3.5983254858053746,3.761860056960124,6051.282051282051,0.00004023406270769262,750.599431834467,0.031,0.32978723404255317,1-0-1383-1,e,UT_014,014,2,fave,97.68662193399555,54.646815653443824,4,then,1,0.07000800000002982,and,i,DH,N,DH,N,internal
567.9848861927198,1620.1223932307325,2760.563295417343,3.133140671177075,3.5788186270115157,3.815617433902986,6410.25641025641,0.00019196154089036775,751.291434834467,0.035,0.33653846153846156,1-0-1386-1,e,UT_014,014,2,fave,101.46291933986815,56.27893338064807,4,went,1,0.080016999999998,just,in,W,N,W,N,internal
470.9168593869628,1806.37640687277,2737.6211825326036,2.3565561934987684,3.257579448507021,4.085098315148394,5333.333333333333,0.000221533516038651,795.4989431655329,0.045,0.3358208955223881,1-0-1453-3,e,UT_014,014,2,fave,94.97760738082451,57.22073845517624,4,together,1,0.10998600000004899,back,where,G,DH,G,DH,internal
588.2581545171022,1376.2461647079172,2745.5190889713026,3.027781909737356,3.670473224918583,4.1859100334288915,6230.7692307692305,0.0003252898418430049,816.4527648344671,0.031,0.32978723404255317,1-0-1516-1,e,UT_014,014,2,fave,86.5823718193055,51.22939386955523,4,there,1,0.07000700000003235,from,"",DH,R,DH,R,internal
564.8277212298239,1946.5552374845497,2849.712057918925,3.3051237302415153,3.399657937005128,4.0740595577068675,6230.7692307692305,0.0005976033503028607,820.8832658276644,0.055,0.33536585365853655,1-0-1521-0,e,UT_014,014,2,fave,96.87255447652903,45.905280869477906,4,any,1,0.13995299999999133,for,aspect,#,N,*hr,N,initial
561.6325838747606,1586.35636730173,2883.570461823632,3.000011868911909,2.93914185233364,4.456791518203382,6230.7692307692305,0.0003750773169512263,821.511230165533,0.031,0.32978723404255317,1-0-1522-3,e,UT_014,014,2,fave,84.79463213847667,56.3184474673981,4,aspect,2,0.07000799999991614,any,of,P,K,P,K,internal
510.72443577517026,1576.581944728608,2899.8018223570284,2.595080089299448,3.0661633229829617,4.001670049999955,6589.74358974359,0.0009920887465599089,839.602956165533,0.051000000000000004,0.3311688311688312,1-0-1566-1,e,UT_014,014,2,fave,98.66460334973961,59.299565032126544,4,their,1,0.13000499999998283,"","",DH,R,DH,R,internal
562.1523240803959,1636.1835047862958,2801.9234928374126,2.3952229342384608,3.003102202211449,4.117391738301891,5871.794871794871,0.00006582132034298145,840.3149385034013,0.035,0.33653846153846156,1-0-1568-1,e,UT_014,014,2,fave,107.956207834236,64.95981315729644,4,head's,1,0.080016999999998,"",a,HH,D,HH,D,internal
497.3192729667551,1523.3619400541772,2463.944981519766,2.7193521575571493,3.9744910467237355,4.906155920079571,5153.846153846154,0.00032029806157142304,845.5139301655329,0.027000000000000003,0.32142857142857145,1-0-1583-1,e,UT_014,014,2,fave,85.72641146819838,52.592539890852194,4,let's,1,0.05999799999995048,okay,slow,L,T,L,T,internal
592.1944572675486,1503.2737151207316,1858.0746430479016,2.5917358766036123,3.419814226009955,3.9748962813980904,4974.358974358975,0.0001534746916425041,849.240962165533,0.040999999999999995,0.33064516129032256,1-0-1596-2,e,UT_014,014,2,fave,109.43936690774933,60.1480299597116,4,correctly,1,0.09997499999997217,this,"",*hr,K,*hr,K,internal
568.2894236152816,1528.8409645668548,1926.0802209396397,2.292944216218088,3.698589949744378,4.210410771306113,5153.846153846154,0.000057165577735134756,852.3470494965986,0.037,0.32456140350877194,1-0-1605-2,e,UT_014,014,2,fave,272.7277055062124,61.54253799156214,4,correct,1,0.08996600000000399,"",so,*hr,K,*hr,K,internal
461.68148642526944,1995.2929046485683,2800.1843819309524,3.0109087033181834,3.148166279716156,3.3680799585043744,5153.846153846154,0.0005488927062323567,854.3940388344672,0.051000000000000004,0.3311688311688312,1-0-1615-2,e,UT_014,014,2,fave,92.76303800838019,49.92788395722541,4,again,1,0.13000499999998283,this,"",G,N,G,N,internal
529.0595404119265,1603.3237852465518,3170.9477877279323,2.350573992374346,3.0148045132940173,4.564016118109896,6410.25641025641,0.00040075094309304063,862.7970614965986,0.037000000000000005,0.324561403508772,1-0-1619-3,e,UT_014,014,2,fave,113.65262387798785,66.16774807304648,4,especially,1,0.08996600000000399,"",on,P,SH,P,SH,internal
519.5693328221171,1470.822888838151,3698.014552346585,3.4748530049654374,3.43462791460025,4.48580268011463,7846.153846153846,0.000052259811855093646,865.7140558344671,0.031,0.32978723404255317,1-0-1628-2,e,UT_014,014,2,fave,115.5941925228195,62.49876761448736,4,where,1,0.07000800000002982,"",we're,W,R,W,R,internal
568.667272240594,1560.9098874610377,1818.6085984484614,2.8121265747156947,3.5491767881062284,4.511844301780756,6051.282051282051,0.0005745342400411348,870.6120651655328,0.047,0.3263888888888889,1-0-1642-3,e,UT_014,014,2,fave,98.66677590844283,54.294355595720454,4,repair,1,0.11999500000001717,to,them,P,R,P,R,internal
557.4779891789312,1574.2465231557699,1875.4536602149412,2.524507575238244,3.640653690107892,4.396307702187653,5871.794871794871,0.0002228413766877122,871.6240288344671,0.031,0.32978723404255317,1-0-1647-2,e,UT_014,014,2,fave,93.05472434515944,53.162282854726364,4,correctly,1,0.07000799999991614,them,"",*hr,K,*hr,K,internal
616.2351015609389,1555.1077306762018,2627.0768359465796,3.1248575019421962,3.227619724679031,3.4925435185312654,4974.358974358975,0.0005925012949455115,938.9672305034013,0.04100000000000001,0.3306451612903227,1-0-1692-0,e,UT_014,014,2,fave,223.98479140049147,50.84656688741135,4,elf,1,0.10003700000004301,"",since,#,L,"",L,initial
467.1869654169011,1588.037628378646,2520.5922980089285,2.4141254803311702,3.8404932020976927,4.255729802007655,4794.871794871795,0.000764817749653667,948.4352454965987,0.037,0.32456140350877194,1-0-1713-1,e,UT_014,014,2,fave,105.59902223415263,57.8440508259843,4,shelf,1,0.08996600000000399,the,"",SH,L,SH,L,internal
554.0796515969354,1634.7990659111015,2630.543169860395,2.9939172348648984,3.1805633101439352,3.2963257828514543,5153.846153846154,0.0005940872221654644,951.3702498344671,0.047,0.3263888888888889,1-0-1719-0,e,UT_014,014,2,fave,85.07507304306557,43.289929466480956,4,elk,1,0.11999500000001717,an,on,#,L,N,L,initial
518.404939251562,1628.7558263037974,2558.9491709143767,2.7867813794476457,3.6777066158858918,4.143418498051967,5333.333333333333,0.000033360007443799746,954.0602561655329,0.027000000000000003,0.32142857142857145,1-0-1725-1,e,UT_014,014,2,fave,111.0172733202866,57.951439678151566,4,many,1,0.059996999999953005,"",children,M,N,M,N,internal
516.3787319697981,1535.3811956192585,2051.0962558450274,2.1324258930813795,3.6290899152749776,3.8033181174032924,4794.871794871795,0.00002411116217218203,958.422246834467,0.031,0.32978723404255317,1-0-1736-1,e,UT_014,014,2,fave,105.5301498331896,61.56251919282138,4,ready,1,0.07000700000003235,is,for,R,D,R,D,internal
580.1580132807005,1586.1947662100447,2631.483434928013,2.8552864132508446,3.247718399152596,3.756047174834792,5153.846153846154,0.00037159353384458505,959.6142555034013,0.035,0.3365384615384616,1-0-1741-1,e,UT_014,014,2,fave,81.91687705364947,49.62808257000762,4,next,1,0.080016999999998,sale,weekend,N,K,N,K,internal
506.8823616391561,1785.8690786379962,2589.5285182648927,2.929778104801533,3.4443772933057835,3.8612538748656218,5512.820512820513,0.00033511498284898727,960.1772411655329,0.04100000000000001,0.3306451612903227,1-0-1742-3,e,UT_014,014,2,fave,90.63295141050527,51.54976346711368,4,weekend,2,0.09997600000008333,next,"",K,N,K,N,internal
467.2522830276743,1543.657345399558,2888.4308210354325,2.4137844575617304,3.4066497580809014,3.47389171923504,5153.846153846154,0.00007500719199492256,971.2881364965987,0.040999999999999995,0.33064516129032256,1-0-1765-1,e,UT_014,014,2,fave,114.94331802807099,62.65468332537153,4,seven,1,0.09997600000008333,need,cartons,S,V,S,V,internal
446.0680740999712,1598.7570511348622,2763.0348889808342,2.438842540783524,3.89049305553721,4.476103571327935,5153.846153846154,0.00020931008163181935,981.1931648276644,0.031,0.32978723404255317,1-0-1792-1,e,UT_014,014,2,fave,106.14959804540462,61.63818160966041,4,shells,1,0.06994600000007267,planted,in,SH,L,SH,L,internal
552.6393581651924,1565.4646308168592,2805.9756155778255,2.538247803066813,3.053874936669827,3.803862447983428,5333.333333333333,0.0006024428112067094,981.7561655034013,0.07700000000000001,0.3290598290598291,1-0-1795-1,e,UT_014,014,2,fave,435.29405540203044,54.47644879518186,4,beds,1,0.21002199999998084,the,"",B,D,B,D,internal
541.1588655065339,1773.7570202122936,2623.8946824709114,2.737930738954231,3.0998808038558017,3.481662019458368,5153.846153846154,0.00018644821138262053,988.0151684965987,0.055,0.3353658536585366,1-0-1804-3,e,UT_014,014,2,fave,114.73248054435584,59.8872516822359,4,weekend,2,0.13995299999999133,last,"",K,N,K,N,internal
486.335243571241,1626.2971796994111,2191.8099799375873,2.46712917192934,3.351762856176853,4.081990409722559,4974.358974358975,0.00003419920406582438,989.2631278344671,0.031,0.32978723404255317,1-0-1808-1,e,UT_014,014,2,fave,104.46427404409107,62.52852801702998,4,checked,1,0.07000799999991614,doctor,the,CH,K,CH,K,internal
489.01977527667486,1668.7667288866155,2895.055854616292,2.5029745370704517,3.4290782863751184,4.473817082719531,5871.794871794871,0.00048701624217053975,990.3261315034014,0.037000000000000005,0.324561403508772,1-0-1812-1,e,UT_014,014,2,fave,93.15320695079359,58.37009724359931,4,yesterday,1,0.09002699999996366,health,"",Y,S,Y,S,internal
500.75637318183715,1427.9187175460017,2880.2117843964174,2.205851904882937,3.8871701028157846,2.954110680866819,5153.846153846154,0.00012740132760509707,993.130169165533,0.045,0.3358208955223881,1-0-1818-1,e,UT_014,014,2,fave,103.65592389660878,64.02862929685742,4,cell,1,0.10998499999993783,the,with,S,L,S,L,internal
565.3974868916418,1687.4959586081743,2847.8228530151678,3.0385941862119212,3.4844840141654942,4.28676489888252,6589.74358974359,0.00003970836574495667,1001.0918721655329,0.027000000000000003,0.32142857142857145,1-0-1841-2,e,UT_014,014,2,fave,94.81475693564211,61.65049669208885,4,breakfast,1,0.05999799999995048,my,is,R,K,R,K,internal
561.5828809490499,1465.1265595930029,2083.9256524951825,2.2010766457642466,3.2822369505130298,3.8322618267656376,4794.871794871795,0.00017393577837660602,1001.8988544965987,0.040999999999999995,0.33064516129032256,1-0-1843-2,e,UT_014,014,2,fave,93.36971370302732,61.58323251621502,4,bread,1,0.09997499999997217,is,and,R,D,R,D,internal
510.1117712867783,1106.5134971925677,1791.9387258268382,2.4195029991099384,4.127996771443432,3.470526622403226,5692.3076923076915,0.00002386959577219799,1014.2908401723357,0.025,0.33783783783783783,1-0-1870-1,e,UT_014,014,2,fave,105.46005479723058,62.56913754524628,4,wear,1,0.0500489999999445,children,the,W,R,W,R,internal
567.7508621692785,1270.2143340249802,2848.2039268086905,2.5185777725403407,3.7646283087182106,3.8523175611620277,5871.794871794871,0.00018572271136146006,1019.5388594965985,0.061000000000000006,0.33152173913043487,1-0-1883-1,e,UT_014,014,2,fave,100.71686227100656,61.11685964169673,4,leather,1,0.15997300000003634,a,belt,L,DH,L,DH,internal
533.8531857003044,1410.916001971502,2639.9778354922214,2.355889323536016,3.8025647633348814,4.310547035593695,5153.846153846154,0.00003130327178440435,1020.121840165533,0.027000000000000003,0.32142857142857145,1-0-1884-1,e,UT_014,014,2,fave,104.19964968147808,64.08819101962148,4,belt,1,0.05999799999995048,leather,for,B,L,B,L,internal
571.0003233440619,1618.0376488058384,2724.535578704236,2.9882168138866345,3.5839510184364496,3.749408262809246,5333.333333333333,0.0004223707279581951,1036.634587165533,0.047,0.3263888888888889,1-0-1901-0,e,UT_014,014,2,fave,196.89508736499553,49.92938703192429,4,elm,1,0.11999500000001717,"",for,#,L,"",L,initial
514.395311105355,1667.9555334670847,2582.541282960031,2.875535409760986,2.841457382040776,4.731915780048055,6410.25641025641,0.0009258464749322306,1045.392207165533,0.040999999999999995,0.33064516129032256,1-0-1928-1,e,UT_014,014,2,fave,104.94010308329652,61.327878157788994,4,baroness,1,0.09997599999996964,the,rang,B,R,B,R,internal
501.1204177106275,1507.2199500884076,2586.1807934817184,2.1031904688037435,3.4553291696716975,3.199613772986146,5153.846153846154,0.00004205045341771681,1046.5591518412698,0.035,0.3365384615384616,1-0-1931-1,e,UT_014,014,2,fave,97.73970524018583,59.05470299802906,4,bell,1,0.08007799999995768,a,for,B,L,B,L,internal
538.1594534753112,1579.9770986013464,2398.9721335008985,2.419314270209406,3.5210754772427366,4.655963564214358,5692.3076923076915,0.0005045046178792572,1055.2910804965986,0.037000000000000005,0.324561403508772,1-0-1950-1,e,UT_014,014,2,fave,110.73440881296983,60.30828468970299,4,texas,1,0.08996600000000399,"",has,T,K,T,K,internal
507.6162281198034,1044.6467608190796,2770.0529976719376,2.2507165415279116,3.6327126412820805,3.0300631293550957,5692.3076923076915,0.000025837461109877888,1056.6580698276641,0.031,0.32978723404255317,1-0-1954-1,e,UT_014,014,2,fave,102.0806143833388,59.8523843788501,4,wells,1,0.06994600000007267,oil,"",W,L,W,L,internal
550.1959930427513,1710.0344762978661,2710.2825612042716,3.264754545771371,2.897339265245686,4.1253349955589,5153.846153846154,0.00005897806731487275,1060.4180798276643,0.031,0.32978723404255317,1-0-1967-1,e,UT_014,014,2,fave,107.10248702761994,52.7433389902705,4,next,1,0.0699459999998453,kitten,door,N,K,N,K,internal
559.5971639475136,1304.9686123763238,2766.720587499057,2.437733109282514,3.2233485230876897,3.663761041311471,5871.794871794871,0.000020566699967473885,1071.0210604965985,0.037000000000000005,0.324561403508772,1-0-1992-1,e,UT_014,014,2,fave,105.99136000758314,61.54912145366293,4,letter,1,0.08996600000000399,a,in,L,T,L,T,internal
557.4472954335649,1630.5247219682356,2834.036467784045,2.62558973158384,3.136380507873604,3.7306553914596305,5333.333333333333,0.0003145950104433729,1077.1360578344672,0.047,0.3263888888888889,1-0-2011-1,e,UT_014,014,2,fave,103.01851525875199,57.077798578235225,4,next,1,0.1199949999997898,snail,to,N,K,N,K,internal
674.3025927417362,1321.6687954663998,2725.6815371439166,3.0463984981883017,3.886687463261981,3.8397816704267282,5153.846153846154,0.0006645017716933744,61.01745283446712,0.025,0.24038461538461545,1-0-21-0,ay,UT_014,014,2,fave,NaN,47.81397998301748,4,i'd,1,0.08000200000000035,"",probably,#,D,"",D,initial
726.2690247893622,1466.8515550827624,2360.2016385891257,3.0636178851774294,3.801563241945784,4.471484913694062,4794.871794871795,0.006114502850976476,62.11045483446712,0.191,0.6282894736842104,1-0-25-0,ay,UT_014,014,2,fave,107.56134935012226,51.946068571781176,4,i'd,1,0.27999900000000366,clearf,say,#,D,spn,D,initial
574.6407460495068,1243.8313333116448,2728.3629556663877,2.9023570398649103,3.5112557662551476,4.33438594769922,4974.358974358975,0.00020580382458502462,81.54394416553288,0.025,0.21929824561403513,1-0-31-0,ay,UT_014,014,2,fave,116.44110929526562,57.10490130102409,4,i,1,0.09000399999999331,till,was,#,#,L,W,coextensive
612.3657504417544,1307.0702672439252,2696.2798131386357,2.799091545486714,3.288855361965691,4.031502347520787,5153.846153846154,0.0004707589642924606,90.52244916553288,0.045,0.24456521739130435,1-0-49-0,ay,UT_014,014,2,fave,105.33851294704209,53.224078602394535,4,i,1,0.1599960000000067,"",was,#,#,"",W,coextensive
618.0717071180744,1677.5557366498822,2647.027158579106,3.485948093618956,3.2243129942484225,3.6649193794079498,5512.820512820513,0.0002876999017170984,95.63145016553287,0.043,0.34677419354838707,1-0-55-1,ay,UT_014,014,2,fave,114.49876449043246,52.64815919527884,4,nineteen,1,0.09999899999999684,eighteen,"",N,N,N,N,internal
636.0990192528908,1131.0821486561779,2003.630611519945,3.241646743820853,3.454991400912674,4.492562954849484,5153.846153846154,0.0010637373180354252,105.06045183446713,0.08099999999999999,0.3785046728971962,1-0-72-5,ay,UT_014,014,2,fave,114.0919124872711,52.13877637702466,4,carolina,1,0.19000299999999015,south,"",L,N,L,N,internal
667.0279768847805,1119.55072211671,2455.3495509917752,2.402221481874537,3.4726814464033877,3.8974304012702374,5512.820512820513,0.00024184222298667386,117.01634983446712,0.067,0.3641304347826087,1-0-94-1,ay,UT_014,014,2,fave,110.58443704266581,61.38834670346042,4,five,1,0.1600040000000007,so,months,F,V,F,V,internal
653.4931598000171,1486.0119976879841,2587.21974985483,2.7723573793667935,3.258020944099654,3.8326613731183325,5153.846153846154,0.00007704431409490203,141.03925216553287,0.025,0.26595744680851063,1-0-139-0,ay,UT_014,014,2,fave,79.29554556621838,48.62529190148758,4,i've,1,0.06999200000001338,and,been,#,V,D,V,initial
905.2997675689859,1495.403935098731,2400.473682565827,3.230887106637851,3.1572070502117797,4.069923726753772,5871.794871794871,0.003442330508312186,160.39425383446712,0.055,0.4104477611940299,1-0-150-0,ay,UT_014,014,2,fave,-288.3531735233189,36.10340479975099,4,i,1,0.11000000000001364,"","",#,#,"","",coextensive
638.1044487106456,1376.9514963112515,2505.233346232699,2.997714650270852,3.2852858263146762,4.280663409762952,5153.846153846154,0.0003103389176302475,166.32435283446713,0.025,0.18656716417910452,1-0-170-1,ay,UT_014,014,2,fave,100.1213125228127,52.43756042070942,4,time,1,0.11000000000001364,rough,frames,T,M,T,M,internal
467.5840253448705,1583.3473940681047,2662.803950340331,2.6288494930717685,2.922446599234238,4.299981692035467,4974.358974358975,9.330858184623644e-6,180.70205383446714,0.025,0.33783783783783783,1-0-191-0,ay,UT_014,014,2,fave,93.22384030703378,59.292707724248615,4,i,1,0.050003000000003794,once,get,#,#,S,G,coextensive
561.4962992823934,1239.7278084870036,2194.2861358956343,2.4470939529354356,3.224100880222676,3.991277482283714,4794.871794871795,0.0004032422984581828,196.0420441655329,0.025,0.16233766233766234,1-0-236-1,ay,UT_014,014,2,fave,245.24779923330277,52.64147379997117,4,by,1,0.13000499999998283,"",trade,B,#,B,T,final
617.8870001622979,1444.2606011104047,1907.7542988830812,1.9675718309509422,3.366751548633077,3.771741062511731,5153.846153846154,0.0001248932987040508,213.4435528344671,0.047,0.3790322580645161,1-0-275-2,ay,UT_014,014,2,fave,104.62383348887144,64.25779665008557,4,drivers,1,0.10000599999997917,"",start,R,V,R,V,internal
683.1685134348263,1871.0608084156806,2332.1415710249107,3.075021147831251,3.031697435634324,4.487380035807597,4794.871794871795,0.001729560596875931,261.35964183446714,0.259,0.9119718309859154,1-0-367-1,ay,UT_014,014,2,fave,84.1158145550987,49.83330970469849,4,my,1,0.26000999999996566,changed,"",M,#,M,"",final
591.4058888637356,1350.6204633025523,2288.120489215621,2.9933838143759406,3.341334248301982,4.513557166981533,4974.358974358975,0.00006850477871406379,265.3116445034014,0.043000000000000003,0.5119047619047619,1-0-380-1,ay,UT_014,014,2,fave,96.48221825013052,54.80040421195407,4,my,1,0.0600289999999859,opened,mind,M,#,M,M,final
651.4536218673281,1209.821826561223,2748.56628903454,3.2991843836190236,2.9703855759398907,3.9852548573224076,4974.358974358975,0.0006064174094999035,265.5246418344671,0.089,0.25872093023255804,1-0-381-1,ay,UT_014,014,2,fave,96.76211466510333,52.00759944979642,4,mind,1,0.3200069999999755,my,"",M,N,M,N,internal
558.0239404805192,1417.8280209546203,2651.1987169648173,2.522561618709884,3.3692813895450904,4.471171137149395,5153.846153846154,0.00014252886317852576,284.71544783446717,0.069,0.605263157894737,1-0-418-0,ay,UT_014,014,2,fave,99.59049534286825,61.91187318681149,4,i,1,0.08999599999998509,years,was,#,#,Z,W,coextensive
566.9908286006305,1298.4650502104068,2256.5509805551396,2.51295105692939,3.6628880391517615,3.8868073849501434,4974.358974358975,0.000053684994867768,285.2924438344671,0.043,0.34677419354838707,1-0-421-0,ay,UT_014,014,2,fave,92.71168159094711,57.417044226750455,4,i,1,0.10000600000000759,active,was,#,#,V,W,coextensive
646.9023601448109,1422.182555471133,2230.1857610047323,2.7042121925464775,3.1499641859772534,4.549555923733195,4615.384615384615,0.0006574692910904423,295.06274783446713,0.135,0.7336956521739132,1-0-446-1,ay,UT_014,014,2,fave,89.87349511116427,53.28727770839705,4,my,1,0.16000399999995807,opened,eyes,M,#,M,ay,final
650.4719015816415,1363.4452493624508,2481.1594629695433,2.657724816038417,3.1912987840742004,4.309293391367875,4974.358974358975,0.00045524510972084874,302.5817548344671,0.033,0.2894736842105263,1-0-469-0,ay,UT_014,014,2,fave,113.25338700679643,57.75045138589463,4,i,1,0.08999699999998256,"",guess,#,#,"",G,coextensive
553.5277776968582,1410.3328346428398,2309.3044974952763,3.509769951150524,4.276493375135023,4.403537222181061,4974.358974358975,0.0030933530562024685,305.9496621655329,0.061000000000000006,0.5865384615384617,1-0-475-0,ay,UT_014,014,2,fave,NaN,48.72021140743379,4,i,1,0.07998599999996259,"",was,#,#,"",W,coextensive
661.3815130359372,1223.1652944982009,2881.890459403637,2.6709286796163587,3.4924895337406356,4.093175581916704,6051.282051282051,0.0009744407204978493,334.4094508344671,0.025,0.10245901639344263,1-0-510-0,ay,UT_014,014,2,fave,178.5755406928378,65.80192324096343,4,i've,1,0.22000099999996792,"","",#,V,"",V,initial
633.3846052302739,1492.0705961619415,2308.7870546450954,2.339108047815281,3.257615472889666,4.147169322692917,4615.384615384615,0.0001599685950218021,335.5634544965987,0.053000000000000005,0.42741935483870974,1-0-513-0,ay,UT_014,014,2,fave,130.52533842418225,67.30676944527058,4,i've,1,0.09997499999997217,yeah,been,#,V,ae,V,initial
601.2982038592743,1361.6511749650708,1811.3090185554415,2.486835011325987,3.372942039792447,3.516483548341807,5153.846153846154,7.2630899958791645e-6,348.19855283446714,0.031,0.369047619047619,1-0-543-2,ay,UT_014,014,2,fave,112.45151377365784,59.236325788260174,4,prior,1,0.05999800000000732,years,to,R,*hr,R,*hr,internal
642.1600708929408,1339.1856359527515,2291.797191771397,2.505386565342237,3.3624876671421164,4.213663191333385,4615.384615384615,0.00009423179018944663,355.89754583446717,0.069,0.4207317073170732,1-0-562-1,ay,UT_014,014,2,fave,112.91404737164731,61.22264332670134,4,five,1,0.14001500000000533,or,dollar,F,V,F,V,internal
598.6145423859024,1459.4733827141583,2088.658538485125,3.011159247194182,3.384940730649793,4.062920922745837,4794.871794871795,0.000033054207536889244,361.25855083446714,0.031,0.369047619047619,1-0-585-0,ay,UT_014,014,2,fave,98.92554420477515,49.6408051677501,4,i,1,0.05999700000000985,than,was,#,#,N,W,coextensive
640.3085582018406,1358.8116374427877,1816.659155012441,2.6548529114247867,3.7134237806578407,4.131934995349478,4076.923076923077,0.00023898107081227275,361.71055283446714,0.055,0.5851063829787234,1-0-588-0,ay,UT_014,014,2,fave,93.51505915032789,48.84109480329448,4,i,1,0.07000800000002982,when,left,#,#,N,L,coextensive
641.7219509000477,1375.2062971932007,1963.7445733341626,2.7202917431872455,3.5332442739126755,3.4232431076415137,4794.871794871795,0.00010846397482398225,363.74754616553287,0.069,0.39655172413793105,1-0-592-3,ay,UT_014,014,2,fave,106.5800124278517,55.971998092796596,4,environment,1,0.1499939999999924,better,better,V,R,V,R,internal
626.4899883090145,1467.158638988705,2618.85234958528,3.1287162134007267,3.0161559487499985,3.925040479559791,4974.358974358975,0.00020873086105341215,369.0985411655328,0.031,0.2719298245614035,1-0-609-0,ay,UT_014,014,2,fave,86.75244848859988,46.264904243871584,4,ideas,0,0.0899970000000394,and,"",#,D,D,D,initial
552.3365394923421,1631.2440738422845,2036.2194517611395,2.6144363976886833,2.8444278429961596,3.991985740711709,5153.846153846154,0.00004712335969360296,376.9376431655329,0.025,0.21929824561403513,1-0-630-0,ay,UT_014,014,2,fave,96.20349850116604,56.305183182511435,4,ideas,0,0.08999699999998256,your,and,#,D,R,D,initial
633.070029916963,1092.3725817386635,2484.673049247987,3.1187680020851025,3.585393690828405,4.180052333322883,5333.333333333333,0.00016208402586991732,395.2744458344671,0.04100000000000001,0.3942307692307694,1-0-676-0,ay,UT_014,014,2,fave,125.91742607054232,59.016809249618134,4,i'm,1,0.080016999999998,"",glad,#,M,"",M,initial
579.2868362075862,1507.9479972869758,2473.475575356999,2.405987257488628,2.7643638831764434,4.125238578600501,4974.358974358975,0.00006627317879973947,395.6674398344671,0.027000000000000003,0.2872340425531915,1-0-678-0,ay,UT_014,014,2,fave,115.73122702791765,66.55094130714163,4,i,1,0.07000700000003235,glad,took,#,#,D,T,coextensive
654.3678119775885,1602.904932062098,2792.079594397995,2.909037900746234,3.3146652095978055,4.5849471766703855,5153.846153846154,0.00003982626887881558,397.9514435034014,0.035,0.4166666666666667,1-0-690-0,ay,UT_014,014,2,fave,94.6454200486687,51.820534356131134,4,i'm,1,0.060027999999988424,company,at,#,M,iyF,M,initial
623.1944910037337,1496.6974672711347,2445.7328001442975,2.79208954669214,3.4195367076930596,4.454323098118745,5153.846153846154,0.00011029460822228335,400.1025501655329,0.045,0.39473684210526316,1-0-694-0,ay,UT_014,014,2,fave,96.85987627602556,57.75632134328413,4,i've,1,0.08999699999998256,"",progressed,#,V,"",V,initial
628.5723425207223,1472.0948526645107,3164.8662821247553,3.000021388646514,3.487273977615809,4.748831475284035,5512.820512820513,0.0007442129764404595,402.63255916553294,0.025,0.24038461538461545,1-0-704-0,ay,UT_014,014,2,fave,88.46817621795097,47.422732312825985,4,i,1,0.07998699999996006,"",feel,#,#,"",F,coextensive
642.5234964145405,1327.6779198518618,2656.6270594877737,2.203313667994881,3.363601930182906,4.209410111680076,5153.846153846154,0.00022312589339109726,402.92755816553284,0.05500000000000001,0.44354838709677424,1-0-706-0,ay,UT_014,014,2,fave,92.93373895399989,58.19122069296695,4,i,1,0.09997499999997217,feel,had,#,#,L,HH,coextensive
758.4923844323671,1663.496045427097,2271.419214150348,3.359410153997542,3.1948330013835333,4.4552627105388485,5871.794871794871,0.0011147524121625273,416.3611478344671,0.07500000000000001,0.6578947368421054,1-0-730-0,ay,UT_014,014,2,fave,-131.68316268474564,49.73746459382985,4,i,1,0.08999599999998509,in,"",#,#,N,"",coextensive
595.0478473299014,1265.385904878967,2291.363094076344,2.3498801807945053,3.5099979225153906,4.09069990983022,5153.846153846154,0.0001430389765039618,421.01534516553284,0.04100000000000001,0.3306451612903227,1-0-742-1,ay,UT_014,014,2,fave,101.5330333420357,60.631043105302886,4,by,1,0.10000600000000759,out,the,B,#,B,DH,final
683.472086879336,1255.2449295352512,2754.2780813355334,2.9719754353524537,3.7781776365636035,3.6118867306101463,4974.358974358975,0.0010877900455709287,435.3298498344671,0.123,0.6684782608695652,1-0-760-0,ay,UT_014,014,2,fave,117.75551644172927,58.89969573921095,4,i'm,1,0.1600040000000149,"",not,#,M,"",M,initial
636.6566309840721,1482.4409606915742,2077.342527672603,2.637074587653314,2.9749716487199644,3.727458850625656,4974.358974358975,0.00020548327183961458,436.4038501655329,0.07100000000000001,0.49305555555555564,1-0-764-0,ay,UT_014,014,2,fave,96.40653286512921,53.690390031402444,4,i'm,1,0.11999499999996033,here,dreading,#,M,R,M,initial
610.0516713881503,1489.367889427863,2513.085106032619,3.103578976139385,3.7738666215690637,4.063821016288198,6230.7692307692305,0.00008156024953291995,440.51116016553294,0.025,0.2976190476190476,1-0-775-0,ay,UT_014,014,2,fave,101.61772730694418,51.29188079812377,4,i,1,0.05999799999995048,someone,know,#,#,N,N,coextensive
632.1070676493629,1227.7351314739767,2558.7253441791845,2.927982519652211,3.509092387089059,4.289924078091107,5153.846153846154,0.00012635343538688808,444.2311611655329,0.025,0.24038461538461536,1-0-789-0,ay,UT_014,014,2,fave,118.77805205753516,56.06769711920358,4,i've,1,0.0799870000000169,well,worked,#,V,L,V,initial
587.8637211959006,1196.9066256552594,2370.1453424429965,3.0579645112489593,3.834254688376033,4.607567095137403,5512.820512820513,0.00020821610422496208,446.2141321655329,0.051000000000000004,0.5425531914893618,1-0-800-2,ay,UT_014,014,2,fave,112.34851434467474,56.00583530888059,4,why,1,0.07000700000003235,"",not,W,#,W,N,final
649.1874704016564,1498.0844067068629,2659.403925021339,3.090960892210843,3.4362695837132637,4.5579518127006695,5153.846153846154,0.0011977861789454272,448.3011438344671,0.025,0.15243902439024393,1-0-803-4,ay,UT_014,014,2,fave,106.61981828974055,56.10808106604594,4,sometimes,2,0.14001500000000533,"",it's,T,M,T,M,internal
779.6818459440866,1547.9891682985383,2551.1718906931055,3.349647840410276,3.5077561255201655,4.173348681265218,5333.333333333333,0.0022194924443466315,464.0359458344671,0.025,0.18656716417910452,1-0-818-0,ay,UT_014,014,2,fave,119.91789860657649,54.217764965383395,4,i,1,0.11001600000003009,"",would,#,#,"",W,coextensive
718.204624511148,1877.2960507888338,2511.955444361321,3.677739284251116,3.9055040396907548,4.343348496126736,5692.3076923076915,0.015741711703998847,466.62795883446717,0.809,0.9700239808153477,1-0-824-0,ay,UT_014,014,2,fave,108.54472483631203,50.92810267782018,4,i,1,0.8099970000000098,in,"",#,#,N,"",coextensive
483.71733087434166,1343.6547294853194,2719.0735282874634,3.1463070876949755,3.6749536103867744,4.0130285980846665,5692.3076923076915,0.026591542774281614,485.66725150340136,0.07300000000000001,0.12717770034843207,1-0-854-0,ay,UT_014,014,2,fave,175.8951105402744,41.96075868228823,4,i,1,0.5500180000000228,"","",#,#,"","",coextensive
644.0216939696548,1189.6457731185455,1999.8615412307468,2.7115222206981566,3.5918562762673725,4.370595976086571,4974.358974358975,0.00045666854999433374,538.5765291655327,0.025,0.09124087591240877,1-0-981-1,ay,UT_014,014,2,fave,122.29455717360196,62.05875834066145,4,tie,1,0.25,close,my,T,#,T,M,final
668.997214635998,1428.8690543298703,2505.3494772678687,2.7329662760447584,3.4960009859200674,4.675643737816212,5692.3076923076915,0.002659720439904264,568.4186664965987,0.065,0.35326086956521746,1-0-1028-0,ay,UT_014,014,2,fave,138.74501978970173,59.62574872169487,4,i'd,1,0.15997299999992265,[bracketed],say,#,D,spn,D,initial
525.9722620832897,1481.2668661239097,2748.9142533846975,2.398525454210191,2.9945696001227526,3.737687241247847,4974.358974358975,0.00006928502078899894,572.1676664965986,0.063,0.6057692307692307,1-0-1039-0,ay,UT_014,014,2,fave,105.46571389886923,56.06208923381491,4,i've,1,0.07995599999992464,years,been,#,V,Z,V,initial
653.1139652050852,1524.9049780723033,2056.2693643077055,2.8742363279271825,2.9282196034801666,3.9886414881137546,5153.846153846154,0.00011046489889266678,573.3516288344671,0.031000000000000003,0.2980769230769232,1-0-1042-2,ay,UT_014,014,2,fave,105.78650035748241,53.968196597171584,4,trying,1,0.08001799999999548,"",to,R,NG,R,NG,internal
637.4854642819793,1456.8867691347605,2321.907845346803,2.7222639481043323,3.471556637271116,4.451948024325396,4794.871794871795,0.0008560234116862835,592.7298521655329,0.093,0.6038961038961039,1-0-1057-0,ay,UT_014,014,2,fave,316.40265639021123,43.91070426239681,4,i,1,0.13000500000009652,because,have,#,#,Z,HH,coextensive
676.8644906796608,1385.2039522130422,2665.6459136824437,2.5581866470385566,3.1800512807600043,4.245845822360297,5153.846153846154,0.0012961783367639505,621.8472238344672,0.129,0.36440677966101687,1-0-1113-3,ay,UT_014,014,2,fave,101.86131223218585,58.911818682647706,4,inside,1,0.330016999999998,scenarios,different,S,D,S,D,internal
612.315642085264,1370.847294017517,2502.76144141735,3.018968947665185,3.6345272491981717,4.232347076386482,4974.358974358975,0.00009002217551950907,629.3324484965987,0.04100000000000001,0.3306451612903227,1-0-1132-0,ay,UT_014,014,2,fave,96.43461048475616,56.1666173279008,4,i've,1,0.09997500000008586,something,"",#,V,NG,V,initial
658.4096344120994,1175.5708918456692,2537.8894236860842,3.168601669795449,3.441644834865412,4.393682850605535,4974.358974358975,0.0005491937049258515,635.1024688344672,0.061000000000000006,0.3961038961038961,1-0-1144-5,ay,UT_014,014,2,fave,103.38434870264686,56.00758967628133,4,modifying,2,0.13000499999998283,"",them,F,i,F,i,internal
630.7311672449341,1402.1130179947313,2513.0223741334594,2.8978316481427155,3.4462586303375367,4.041330066744813,4974.358974358975,0.000031182984108425915,656.0681685034012,0.045,0.43269230769230776,1-0-1188-0,ay,UT_014,014,2,fave,113.66801181728682,56.03674705731941,4,i,1,0.080016999999998,when,was,#,#,N,W,coextensive
564.4176720801463,1548.6917655628163,1984.1299954090798,2.4100648503134234,3.4401238118056483,3.514122587681343,4435.897435897436,6.35792270411029e-6,660.0971251655328,0.043000000000000003,0.5119047619047619,1-0-1204-0,ay,UT_014,014,2,fave,105.4717471570859,60.27544319949597,4,i'd,1,0.05999799999995048,younger,be,#,D,*hr,D,initial
646.8129403879343,1422.3419877266556,2790.757374265906,2.4128684712667274,3.4839704781730956,4.804706790950139,5871.794871794871,0.002993442354905333,669.3013664965986,0.07100000000000001,0.40804597701149425,1-0-1230-1,ay,UT_014,014,2,fave,192.09684751306594,63.20150831928082,4,side,1,0.149962999999957,mechanical,of,S,D,S,D,internal
613.7310671326162,1539.2093890333733,2428.9021507244374,3.132427879330262,3.4508410015702817,4.135880394979613,5153.846153846154,0.00005926638913843754,694.3981378344671,0.031,0.32978723404255317,1-0-1261-1,ay,UT_014,014,2,fave,102.45007554278607,52.972770760354706,4,my,1,0.07000800000002982,in,career,M,#,M,K,final
647.0245992746619,1396.6322602809664,2013.1326742006115,2.4933839332983463,3.3242417865678164,4.276177087165259,6230.7692307692305,0.0018925374075525578,695.0451571655328,0.025,0.04432624113475177,1-0-1263-0,ay,UT_014,014,2,fave,96.55315408784512,56.88929870408785,4,i,1,0.5399780000000192,career,"",#,#,R,"",coextensive
687.5160155419044,1448.5135742685043,2643.132852044925,2.54676417044349,3.2968113046374037,4.428110253283238,5153.846153846154,0.00010697832514818085,719.8451531655329,0.057,0.45967741935483875,1-0-1336-1,ay,UT_014,014,2,fave,99.86740282681237,59.8649584683427,4,tying,1,0.09997599999996964,them,them,T,i,T,i,internal
676.4860011172026,1357.978678113064,2528.105981892624,2.9584131369214917,3.540983342521855,3.8916767951442335,4794.871794871795,0.0004156996430951067,742.9812308344672,0.033,0.3173076923076924,1-0-1358-0,ay,UT_014,014,2,fave,NaN,48.215209458151044,4,i,1,0.080016999999998,"",would,#,#,"",W,coextensive
604.4911704640147,1552.650228878886,2475.6481266675232,3.127131423615962,3.125162165954996,4.256618998395885,5153.846153846154,0.00272208318389039,746.5072704965986,0.10499999999999998,0.29661016949152536,1-0-1371-1,ay,UT_014,014,2,fave,145.35396716957374,47.776966231872336,4,my,1,0.32995600000003833,of,"",M,#,M,"",final
559.8332460969607,1469.6377855460946,2684.5655128525095,2.558465032908582,2.7114936173538364,3.9330892248514515,5153.846153846154,0.0001400413463800435,747.5712421655328,0.053,0.3680555555555556,1-0-1375-0,ay,UT_014,014,2,fave,101.95169171916436,54.16482082330948,4,i,1,0.11999500000001717,cars,had,#,#,Z,HH,coextensive
610.2247534957245,1564.9020482730152,2529.8747327146243,3.1948745736921187,2.858785546005102,4.049237518713332,5153.846153846154,0.0001429908918277343,750.761456834467,0.055,0.25700934579439255,1-0-1384-0,ay,UT_014,014,2,fave,91.47693128569051,52.58097584622644,4,i,1,0.19000200000004952,then,just,#,#,N,JH,coextensive
635.747893085343,1383.3034980031866,2275.6623382633193,2.5350277004719795,3.224804940322859,3.9867531766277375,4974.358974358975,0.00010819506823613441,752.4914481723355,0.055,0.4104477611940299,1-0-1389-5,ay,UT_014,014,2,fave,96.01868066592968,59.43103950687006,4,modified,2,0.11004600000001119,"",it,F,D,F,D,internal
710.4756684670072,1357.6873510003963,2615.4564472408088,2.7240991662846437,2.946373915303079,4.1188676445263255,5153.846153846154,0.0009041578934038108,758.0327411655329,0.127,0.339572192513369,1-0-1411-2,ay,UT_014,014,2,fave,88.46575765805939,55.00695068068689,4,drive,1,0.34997600000008333,to,and,R,V,R,V,internal
649.6203668804899,1443.167618824322,2404.6170200065562,2.4107004074739478,3.2072678489442623,4.3599340664911725,4974.358974358975,0.0007953921175770557,791.0919638344672,0.451,0.6792168674698794,1-0-1439-0,ay,UT_014,014,2,fave,127.985934295158,59.49759519994841,4,i'll,1,0.6400149999999485,[bracketed],"",#,L,spn,L,initial
558.7345005458973,1474.2263737743433,2872.2978314767133,2.473178070159292,3.3581093067113894,4.706190044481219,5512.820512820513,0.0005358758953512469,800.8693618344671,0.065,0.3963414634146342,1-0-1471-0,ay,UT_014,014,2,fave,92.75194557843119,59.290172289344056,4,i'd,1,0.14001500000006217,advice,say,#,D,S,D,initial
632.8218038917066,1439.8033959004688,2571.4210845488938,2.8720396219146767,2.9083670683910956,4.744625837591261,4974.358974358975,0.0010466579852239422,804.0927541655329,0.07100000000000001,0.36597938144329906,1-0-1481-1,ay,UT_014,014,2,fave,82.90698966863891,50.034147749416,4,time,1,0.169983000000002,your,"",T,M,T,M,internal
632.8429087921095,1467.768610640909,2753.9757022501667,3.2076481810967583,2.8247996699409526,4.207750650789,4974.358974358975,0.0010292291291424365,808.1467731655329,0.139,0.42901234567901236,1-0-1492-1,ay,UT_014,014,2,fave,96.41122401947918,53.518745940128525,4,time,1,0.2999879999999848,your,be,T,M,T,M,internal
643.6694600852891,1522.122178589227,2616.247823390851,2.480141297338429,3.4023316641704247,4.675445788431161,5153.846153846154,0.0004872876231961844,822.8792671655328,0.067,0.46527777777777785,1-0-1527-1,ay,UT_014,014,2,fave,100.48041408504746,59.04886309824241,4,side,1,0.11999500000001717,maintenance,of,S,D,S,D,internal
617.3096152200732,1471.0548216665634,1966.3360907165309,2.713518542577486,3.453905725377481,4.258142915493929,4794.871794871795,0.000013286061778661618,831.0399748344671,0.025,0.2976190476190476,1-0-1538-2,ay,UT_014,014,2,fave,119.6314366706546,63.15010802311003,4,try,1,0.059996999999953005,wanna,and,R,#,R,@,final
657.2121278798344,1176.8514269727618,2565.363587850825,2.766937704222284,3.113642089363812,4.148273782957273,4974.358974358975,0.0002127740484295075,835.6899684965987,0.065,0.3963414634146342,1-0-1557-0,ay,UT_014,014,2,fave,97.28211365497562,58.121722103578264,4,i,1,0.13995299999999133,oh,know,#,#,owF,N,coextensive
663.525071237015,1183.6991308484078,2577.903274604081,3.346876907232117,3.008175976979644,4.075325702556953,4974.358974358975,0.0013410681426920428,836.1699541655329,0.065,0.45138888888888895,1-0-1559-0,ay,UT_014,014,2,fave,93.05368973009632,55.361464312837,4,i,1,0.11999500000001717,know,know,#,#,owF,N,coextensive
626.6873807798177,1272.7795267734496,2329.8516756479667,3.1497626374157783,3.1005132965083915,4.273554556734088,4794.871794871795,0.00032013255518685194,836.5499634965987,0.045000000000000005,0.3947368421052632,1-0-1561-0,ay,UT_014,014,2,fave,91.73278008936262,53.16664485447475,4,i,1,0.08996600000000399,know,know,#,#,owF,N,coextensive
668.5707984987314,1431.7172420923225,2453.888420466211,2.9781078470524727,3.214371151363424,4.660299872536078,5153.846153846154,0.0028522154244197753,851.0529444965987,0.065,0.3350515463917526,1-0-1601-1,ay,UT_014,014,2,fave,96.18014926230123,55.702467551527945,4,time,1,0.169983000000002,our,do,T,M,T,M,internal
641.4029523117114,1489.7603789079117,2494.8880445938416,2.9177517764082967,3.1475270422814945,4.151242667663467,5153.846153846154,0.00006729877202674413,870.1390445034014,0.040999999999999995,0.33064516129032256,1-0-1640-1,ay,UT_014,014,2,fave,101.76240310589476,55.04573261471329,4,time,1,0.10003700000004301,have,to,T,M,T,M,internal
624.7171980939216,1454.1056703706265,2588.8268883693563,3.400207934172697,3.690079001752979,4.130101554185127,4974.358974358975,0.0012934406741968896,932.5182358344671,0.045,0.27439024390243905,1-0-1675-4,ay,UT_014,014,2,fave,NaN,42.67359822230839,4,sometimes,2,0.1400149999999485,"","",T,M,T,M,internal
619.088892848028,1397.598706299125,2115.4022564569773,2.5119989664089974,3.1645666927653644,3.96301316411334,4974.358974358975,0.00020900230005204648,944.1092298344671,0.065,0.3186274509803922,1-0-1703-2,ay,UT_014,014,2,fave,113.61157447708126,59.69329762843903,4,friday,1,0.17999300000008134,last,"",R,D,R,D,internal
659.455185262403,1683.970396074424,2207.62237543076,2.8019981265430616,4.007541456680146,4.169251939980549,4974.358974358975,0.0020743013867912993,950.2842375034013,0.035,0.3365384615384616,1-0-1715-0,ay,UT_014,014,2,fave,64.7164856461334,45.420079123836835,4,i,1,0.08001799999999548,"",crashed,#,#,"",K,coextensive
632.1242557063796,1392.4185173379374,2281.143116234953,2.7596944172571716,3.480322218908768,3.94635508034252,4794.871794871795,0.00021038893088493388,951.9892391655329,0.045,0.3358208955223881,1-0-1721-1,ay,UT_014,014,2,fave,95.95384943844931,49.953777030374944,4,my,1,0.10998499999993783,on,way,M,#,M,W,final
596.9194541921554,1389.953155368348,2744.894693518084,3.2512901125437526,3.456222462469267,4.137141794530752,5153.846153846154,0.0012260284015265042,964.7392481655328,0.025,0.0984251968503937,1-0-1752-1,ay,UT_014,014,2,fave,91.58210667427676,48.023893889554834,4,times,1,0.22998100000006616,ancient,"",T,M,T,M,internal
578.7351131222838,1252.637985808369,2077.1369748516518,2.260498630444036,3.497496063889282,4.533305608324411,4615.384615384615,0.0015723835402223036,972.2401641655327,0.025,0.17361111111111113,1-0-1767-1,ay,UT_014,014,2,fave,92.10562850227106,58.682844265765546,4,by,1,0.11999500000001717,cartons,tuesday,B,#,B,T,final
614.4815609025294,1215.076087339382,2406.0471501409,2.7892230123981046,3.905140126602497,4.4906962695022425,4794.871794871795,0.0001993908737100083,989.6751441723355,0.095,0.7089552238805972,1-0-1810-1,ay,UT_014,014,2,fave,104.28377165770472,60.88025352032138,4,child's,1,0.11004700000000867,the,health,CH,L,CH,L,internal
647.8240190817354,1226.7026106724022,2596.5109062091387,3.0042209586764255,3.558966307232345,4.128111401676982,4974.358974358975,0.00015619765308723765,998.4738771655329,0.031000000000000003,0.25000000000000006,1-0-1833-2,ay,UT_014,014,2,fave,102.87932935799873,58.37894589194007,4,climbed,1,0.09997499999997217,dad,the,L,M,L,M,internal
590.9555283570603,1532.3649361647717,2326.962537292745,2.876942923269235,3.2577981089279966,4.0396528870445625,4974.358974358975,0.00009961973561368009,1000.8438608276645,0.031,0.32978723404255317,1-0-1840-1,ay,UT_014,014,2,fave,90.86116427556267,57.46994391889123,4,my,1,0.06994599999995899,"",breakfast,M,#,M,B,final
638.4053155843833,1212.128467984871,2487.4192543503927,3.021274616620999,3.2091539376007425,4.194351267644109,5153.846153846154,0.00021492306173465743,1035.3335424965987,0.025,0.20161290322580647,1-0-1897-1,ay,UT_014,014,2,fave,109.39201391619055,56.54956244802858,4,my,1,0.09997499999985848,"",pharmacist,M,#,M,F,final
655.5074929057664,1343.781289091436,2887.8404296281115,2.7064620102974133,3.2639195500092653,4.114846460001718,5153.846153846154,0.0010289217186205807,1074.5901018344673,0.11500000000000002,0.40492957746478875,1-0-2004-3,ay,UT_014,014,2,fave,84.60714598067649,53.11909335272384,4,outside,1,0.2600089999998545,from,"",S,D,S,D,internal
590.2960364492519,1453.9295178804725,2630.830867424832,3.0322642917985907,3.2446726583774845,4.195006622292285,5153.846153846154,0.00033042745462628974,1083.981708165533,0.043000000000000003,0.3208955223880598,1-0-2031-4,ay,UT_014,014,2,fave,80.82977523386731,51.67889111071344,4,sometimes,2,0.10998500000005151,writer,"",T,M,T,M,internal
485.7211842413247,1432.1811341608973,2209.17156259401,2.7821276849635,3.6583160811600886,4.026662259062059,4076.923076923077,0.000019156620937515372,80.89495016553288,0.027000000000000003,0.32142857142857145,1-0-29-2,iyr,UT_014,014,2,fave,131.71220321538678,61.24339465567034,4,clearfield,1,0.05999699999999564,"",till,L,R,L,R,internal
422.22587479646876,1694.5692837513516,3142.8707770876686,3.3444737812250653,3.367944565433653,4.470464973690155,7128.205128205128,0.00005606306081549322,87.26544916553287,0.031,0.32978723404255317,1-0-45-1,iyr,UT_014,014,2,fave,122.39732593153884,58.37181267830984,4,syracuse,1,0.07000000000000739,"","",S,R,S,R,internal
432.37797776138166,1740.6386696682555,3184.288229492056,3.1713715231454813,3.3137508444501016,4.451008991284507,7307.692307692308,0.00017984170192789808,122.76835483446712,0.031,0.32978723404255317,1-0-104-1,iyr,UT_014,014,2,fave,118.03654718001063,60.98615362418817,4,syracuse,1,0.06999900000000991,in,again,S,R,S,R,internal
357.98868040406023,1978.7968657347653,3074.8609084067857,3.1707805322230382,2.7311296257249547,4.0861465478310945,6769.2307692307695,0.00009274457759840294,124.58335183446712,0.040999999999999995,0.33064516129032256,1-0-109-1,iyr,UT_014,014,2,fave,108.78665517297505,57.241273748958456,4,years,1,0.09999899999999684,couple,"",Y,R,Y,R,internal
354.26261339215193,1974.3190254053534,2820.4715572444406,2.9320967557288595,2.763724594960888,4.466462549999735,6948.717948717948,0.0005717563138442197,137.6683501655329,0.031,0.32978723404255317,1-0-136-1,iyr,UT_014,014,2,fave,254.54531100804485,49.09169370623082,4,years,1,0.06999200000001338,half,"",Y,R,Y,R,internal
407.21083664418836,2084.885571719229,2867.917798484218,3.047724448560367,2.914518949973386,4.64397691130869,6589.74358974359,0.00010563321045376834,275.42765916553293,0.035,0.3365384615384616,1-0-396-1,iyr,UT_014,014,2,fave,129.89224113967146,54.70938709437873,4,years,1,0.07998699999996006,eight,"",Y,R,Y,R,internal
355.9962126002428,2017.3883580610961,2778.381455980078,3.3333841259335766,2.764451186125135,4.36222274458598,7307.692307692308,0.00027808305864428245,277.87065649659866,0.040999999999999995,0.33064516129032256,1-0-404-1,iyr,UT_014,014,2,fave,110.91286155162993,52.85452613512573,4,years,1,0.09997499999997217,two,in,Y,R,Y,R,internal
334.02848903404964,2230.0159634316715,3074.789750305307,2.582133965459597,3.15065393642097,3.6905838153237,6589.74358974359,0.001969813662721998,337.04044016553286,0.047,0.3263888888888889,1-0-519-1,iyr,UT_014,014,2,fave,116.5621101923395,59.26270465622516,4,years,1,0.11999500000001717,two,now,Y,R,Y,R,internal
373.49769246683496,1939.349327227852,3002.97559623827,3.5070441002740456,2.3874143539872676,4.033629457054803,6589.74358974359,0.000028425903846745325,401.9835408344671,0.027000000000000003,0.32142857142857145,1-0-701-1,iyr,UT_014,014,2,fave,99.97484229038868,54.61281801308217,4,years,1,0.05999700000000985,two,than,Y,R,Y,R,internal
358.73817462560675,1976.2545226013954,2911.878924577529,3.511086612930631,2.505798600867796,4.107003816447431,7128.205128205128,0.000011679861499180165,407.82684883446717,0.031,0.32978723404255317,1-0-716-1,iyr,UT_014,014,2,fave,110.45670810105173,57.19254369048241,4,years,1,0.07000799999997298,two,"",Y,R,Y,R,internal
404.83228726189304,1817.0267235605124,2083.9444614737413,2.6124086791590693,3.1577483239375517,3.7895606060662863,4974.358974358975,0.00006847826078543713,436.1988538344671,0.04100000000000001,0.3306451612903227,1-0-763-1,iyr,UT_014,014,2,fave,130.09221607305807,57.36178626632443,4,here,1,0.10000599999995075,happy,i'm,HH,R,HH,R,internal
427.05488501023774,1687.9395793813494,2911.025227561598,3.0949781417695057,2.691112792988001,4.085446019657066,6410.25641025641,0.00015529230719739596,527.8129468344672,0.027000000000000003,0.32142857142857145,1-0-968-4,iyr,UT_014,014,2,fave,99.15859164812082,54.651733593971834,4,experience,1,0.05999799999995048,and,stuff,P,R,P,R,internal
371.7655854916408,2006.7337329618292,2440.897492486695,2.8514860671971762,3.0933928875916807,4.4240000376073425,5871.794871794871,0.00018618244264793704,571.7636695034013,0.035,0.33653846153846156,1-0-1038-1,iyr,UT_014,014,2,fave,103.54625657710575,54.035772624622425,4,years,1,0.080016999999998,three,i've,Y,R,Y,R,internal
414.28864797649624,1837.9443332299152,2949.197676409731,3.5607167890548514,2.5775922713304955,3.7571709920315532,6769.2307692307695,0.00010215801149567557,648.4941615034014,0.037,0.32456140350877194,1-0-1160-1,iyr,UT_014,014,2,fave,141.36056318403635,67.89590295096923,4,here,1,0.09002699999996366,"",in,HH,R,HH,R,internal
436.7355234090782,1593.5282808248107,1868.767951919481,2.5624499798882026,3.1515344516058286,3.291570641488355,4615.384615384615,0.000025023633370313988,694.6931654965987,0.040999999999999995,0.33064516129032256,1-0-1262-2,iyr,UT_014,014,2,fave,111.44838938718023,59.23829153918785,4,career,1,0.09997599999996964,my,i,*hr,R,*hr,R,internal
402.3535304546978,1759.176565803993,2908.380359560576,3.239499873777812,2.6034395995837394,4.39949699910423,6948.717948717948,0.0003090345534542075,700.6161698344671,0.027000000000000003,0.32142857142857145,1-0-1283-4,iyr,UT_014,014,2,fave,117.98682478401811,58.44853583900835,4,experienced,1,0.05999800000006417,more,"",P,R,P,R,internal
376.05089154832825,2039.9550545710679,3284.45819246961,3.171242216714155,2.942007205189404,4.643785885673125,7307.692307692308,0.0004389016133446161,940.2422538344671,0.031,0.32978723404255317,1-0-1695-1,iyr,UT_014,014,2,fave,78.5182218797346,46.52280285759366,4,year,1,0.07000800000002982,last,"",Y,R,Y,R,internal
410.5335516362788,2058.701058151941,2955.1891566689583,3.105870538420314,3.3402954238690814,3.3218570826782496,6589.74358974359,0.00001592772240127501,967.7731378344671,0.031,0.32978723404255317,1-0-1757-1,iyr,UT_014,014,2,fave,107.30162042277826,52.713016175265935,4,near,1,0.07000800000002982,landed,the,N,R,N,R,internal
451.50135562381456,1349.2350589365865,2949.4052786970587,3.034403500072271,3.875379028827138,4.465447159051065,6230.7692307692305,0.000794351538656963,81.67894616553288,0.055,0.3353658536585366,1-0-32-1,@,UT_014,014,2,fave,107.59292683642119,51.749842455371706,4,was,0,0.14000000000000057,i,"",W,Z,W,Z,internal
451.2094817753451,1642.8031656052024,1860.7581029392752,2.953598174001851,3.1340821564336614,3.51403089043633,4974.358974358975,0.000024596234616593985,87.38345083446711,0.027000000000000003,0.32142857142857145,1-0-45-3,@,UT_014,014,2,fave,116.93069823427363,54.573133221027405,4,syracuse,0,0.06000500000000386,"","",R,K,R,K,internal
645.0006660031913,1414.0246507722452,2930.038810266457,3.2570461287390056,3.580548760307063,4.116840669158085,5512.820512820513,0.0006227786703374175,89.60044983446711,0.04100000000000001,0.3306451612903227,1-0-47-0,@,UT_014,014,2,fave,333.6038643154619,43.69687299854709,4,until,0,0.10000600000000759,"","",#,N,"",N,initial
461.8418091130468,1463.6229569345114,2639.6394809872645,3.0571622348648093,3.889918076179974,4.194250649673277,4794.871794871795,0.0000984130731809406,103.48545116553287,0.031,0.32978723404255317,1-0-69-4,@,UT_014,014,2,fave,120.79743432249762,54.15178394460685,4,jackson,0,0.06999900000000991,fort,"",S,N,S,N,internal
615.3362519806776,1500.8466652012667,2013.2930776802284,3.0862056516154697,3.951293462757397,4.243306388222061,4974.358974358975,0.0008806933083182439,104.91044916553288,0.040999999999999995,0.33064516129032256,1-0-72-3,@,UT_014,014,2,fave,113.08824252752635,50.835962821723875,4,carolina,0,0.09999799999999937,south,"",R,L,R,L,internal
600.8286926029863,1477.0429373808242,2757.5521632346117,3.527697565447038,3.4367530964087356,3.961916803433943,5512.820512820513,0.0033437659903603097,105.30345183446713,0.067,0.3284313725490196,1-0-72-7,@,UT_014,014,2,fave,108.25572606329851,47.395305998852095,4,carolina,0,0.1799999999999926,south,"",N,#,N,"",final
527.6060998206027,1526.5713133703134,2669.7896387806854,3.290589656958204,3.5433192316186854,3.857734421020351,5153.846153846154,0.00018456473972573647,112.61835283446712,0.031,0.32978723404255317,1-0-85-1,@,UT_014,014,2,fave,103.74804710891478,50.79288084690872,4,to,0,0.07000000000000739,up,virginia,T,#,T,V,final
579.06882162652,1431.1709686101265,2777.460053082241,2.965814224081728,3.3453065534304343,4.249177202084869,5512.820512820513,0.0011706937237251991,113.32035083446712,0.095,0.33450704225352107,1-0-86-6,@,UT_014,014,2,fave,103.95663305478828,51.83912404255452,4,virginia,0,0.26000200000000007,to,"",Y,#,Y,"",final
378.2491430933867,1804.6066452843388,1875.3184801410416,2.6615899120190107,3.636919826234466,3.8389225428689993,4974.358974358975,0.00004275838562016636,122.89535183446712,0.025,0.33783783783783783,1-0-104-3,@,UT_014,014,2,fave,116.71978682239724,58.80994182030848,4,syracuse,0,0.050003000000003794,in,again,R,K,R,K,internal
330.22295555375763,1708.5210771761322,2578.304745022136,2.6998602818971698,3.3485833350034087,4.317718956357179,4076.923076923077,0.00001622151023539334,123.22535383446713,0.025,0.33783783783783783,1-0-105-0,@,UT_014,014,2,fave,108.12562058539287,46.79549169215545,4,again,0,0.050002999999989584,syracuse,for,#,G,Z,G,initial
422.8029097526615,1280.1657769914668,2516.375579623828,3.1514815872421096,4.278989432205465,4.497126364123066,4974.358974358975,0.014029877803211806,127.15335183446712,0.04100000000000001,0.3306451612903227,1-0-113-1,@,UT_014,014,2,fave,NaN,45.22112327603373,4,to,0,0.09999799999999937,moved,layton,T,#,T,L,final
469.0571195332554,996.468510768568,1897.8494437154638,3.6778730506432558,3.9201596953774436,3.76155588903277,3717.948717948718,0.0005072749935139413,127.54135083446712,0.037,0.32456140350877194,1-0-114-3,@,UT_014,014,2,fave,111.80696023299402,48.716277087668594,4,layton,0,0.09000399999999331,to,"",T,N,T,N,internal
578.8936661894976,1462.7503409679657,2738.3022268503764,3.1489321285254577,3.307391883590289,4.546422828920935,5333.333333333333,0.00339369156107401,140.70925116553286,0.085,0.3346456692913386,1-0-138-0,@,UT_014,014,2,fave,96.69139474063464,44.54685639443818,4,and,0,0.22999599999999987,"",i've,#,N,"",N,initial
466.3318437945538,1371.6305088697393,2716.167370382438,2.6277528358131406,3.5907063226800604,3.9110067523353895,5153.846153846154,0.000017507402063967664,176.42205483446713,0.025,0.33783783783783783,1-0-182-1,@,UT_014,014,2,fave,101.23421261351685,58.06134615659181,4,the,0,0.050003000000003794,for,day,DH,#,DH,D,final
444.8478533059439,1238.725962392497,1783.6362206865201,2.6984098348074745,3.8698008376766757,4.19408350704903,4615.384615384615,0.0000733549404717593,178.60204116553288,0.025,0.33783783783783783,1-0-186-3,@,UT_014,014,2,fave,104.01883876279221,58.547614454327956,4,into,0,0.050003000000003794,head,work,T,#,T,W,final
498.36784995283637,1403.906819753634,2053.505335395353,2.663608532225125,3.6985075680138917,4.405389286366848,4974.358974358975,0.000889115345787263,183.60304716553287,0.047,0.3263888888888889,1-0-200-2,@,UT_014,014,2,fave,100.45934276703655,59.6781731484964,4,office,0,0.11999500000001717,manager's,"",F,S,F,S,internal
483.05524364303443,1354.3648195555563,2616.5505244003634,2.446385384086043,3.3566993272256873,3.4329835299088765,4794.871794871795,0.000023873108538051454,185.7620451655329,0.025,0.33783783783783783,1-0-210-1,@,UT_014,014,2,fave,442.7674394971392,54.23772402697123,4,the,0,0.050003000000003794,about,day,DH,#,DH,D,final
597.7431918194685,1551.390213196953,2546.2212075129173,3.4802099912079214,3.6190890901278836,3.92685519933773,5512.820512820513,0.00006604050011504726,194.97205783446714,0.025,0.33783783783783783,1-0-234-1,@,UT_014,014,2,fave,90.9442905859114,48.73261284667202,4,mechanic,0,0.050003000000003794,diesel,"",M,K,M,K,internal
437.5998219103145,1537.2248443628225,2722.401902767756,2.684522984762464,2.8535763698985672,3.1375087860922855,5512.820512820513,4.966207968547048e-6,203.31484683446715,0.025,0.33783783783783783,1-0-249-1,@,UT_014,014,2,fave,101.16266071410982,54.34505102228499,4,the,0,0.05000299999997537,in,shop,DH,#,DH,SH,final
511.35085294702753,1405.0811622861645,2848.169930010117,3.2896195625117945,4.545063481133584,4.2946672654643425,4615.384615384615,0.00146038511306047,220.3455501655329,0.031,0.32978723404255317,1-0-298-0,@,UT_014,014,2,fave,87.16840902036923,44.62442192522843,4,and,0,0.06999300000001085,those,then,#,N,Z,N,initial
456.9360832490923,1453.1139067155189,2543.120768613661,3.3758078482490737,3.2390812430955545,5.315550108318247,6410.25641025641,0.0004150522320639346,231.88184216553287,0.025,0.33783783783783783,1-0-330-0,@,UT_014,014,2,fave,102.40293869124017,57.72014096887755,4,a,0,0.050003000000003794,for,bit,#,#,*hr,B,coextensive
372.90593530633697,1555.8493652891773,3047.3756626275554,3.1862144190276593,3.8487336852642975,4.287332142593376,5692.3076923076915,0.0007904562775766848,252.26284716553286,0.027000000000000003,0.32142857142857145,1-0-345-0,@,UT_014,014,2,fave,97.84325952147304,40.3312632145606,4,a,0,0.05999700000000985,there's,few,#,#,Z,F,coextensive
555.8232050467694,1633.8700380084274,2694.7515677869387,2.9742129487314335,3.49596344272009,3.9113073216390744,5153.846153846154,0.00006327635679774908,259.3436478344671,0.027000000000000003,0.32142857142857145,1-0-362-0,@,UT_014,014,2,fave,85.38114179037704,49.85586584047679,4,a,0,0.05999799999995048,me,lot,#,#,iyF,L,coextensive
591.7367359852822,1798.696546221359,2650.00389935176,3.8597516053889147,4.502375444811818,4.563501081250754,5692.3076923076915,0.006820460985611173,259.7706608344671,0.040999999999999995,0.33064516129032256,1-0-364-0,@,UT_014,014,2,fave,77.51366137017195,40.91608930105621,4,and,0,0.10000700000000506,lot,"",#,N,T,N,initial
462.1238592422871,1529.3508500006994,2745.4992888442007,2.6070109054927304,3.0137268980957237,3.3142171940504,4615.384615384615,0.000028090754726147966,266.4936361655329,0.027000000000000003,0.32142857142857145,1-0-383-1,@,UT_014,014,2,fave,102.62767175633795,57.74678817410634,4,to,0,0.05999700000000985,"",a,T,#,T,@,final
632.2141046472801,1355.6533458896417,2797.4439913148435,2.9242838064953935,3.503253756922005,4.041173747065302,5692.3076923076915,0.0005488806405980792,278.51265750340133,0.045,0.3358208955223881,1-0-406-1,@,UT_014,014,2,fave,156.76559801019283,46.594199755303826,4,the,0,0.11001600000003009,in,"",DH,#,DH,"",final
482.2330423772099,1016.2904298964359,1590.4002927575507,2.846991520950332,3.226466297438797,3.2546295230915,5153.846153846154,0.000020239914234780884,300.9777488344671,0.025,0.33783783783783783,1-0-464-0,@,UT_014,014,2,fave,112.40344850801888,57.37233753848354,4,of,0,0.05001900000002024,more,a,#,V,R,V,initial
582.5022991167773,1235.68544181107,2704.0762512612505,2.8155405334576944,3.744863955332918,3.9398893702305418,5153.846153846154,0.0018110591594058152,301.1057548344671,0.08099999999999999,0.3319672131147541,1-0-465-0,@,UT_014,014,2,fave,97.38805120881082,56.64290586165416,4,a,0,0.22000200000002224,of,"",#,#,V,"",coextensive
538.5220929098881,1188.020211632277,2834.8935995621628,2.48356686756937,3.565377176222461,3.601450514379668,4974.358974358975,0.00004961475017990446,302.1187581655329,0.027000000000000003,0.32142857142857145,1-0-467-0,@,UT_014,014,2,fave,498.9147429667548,51.440974887948286,4,adult,0,0.05999800000000732,"","",#,D,"",D,initial
523.4469192809793,1528.4086820902003,1619.1743416884851,3.477348665761146,3.874606745976749,4.576290940858183,6230.7692307692305,0.001758504839964929,309.08665616553293,0.035,0.3365384615384616,1-0-487-4,@,UT_014,014,2,fave,94.3444319466918,49.493552583558994,4,different,0,0.07998599999996259,going,states,R,N,R,N,internal
513.9485563616774,1528.8977149993914,2828.1250541408403,2.881032930015625,4.0056847176831685,4.328078652675372,5333.333333333333,0.00006999263156871871,311.3716398344671,0.025,0.33783783783783783,1-0-494-4,@,UT_014,014,2,fave,502.5386020931441,38.81039326574576,4,different,0,0.050018000000022766,seeing,things,R,N,R,N,internal
452.446822802299,1900.5124998517074,3383.616489187866,3.0939650104453458,4.136576602776821,4.701931379611239,6410.25641025641,0.00034486420858135234,331.3138388344671,0.025,0.33783783783783783,1-0-506-3,@,UT_014,014,2,fave,100.5098601490348,53.309461866749565,4,actually,0,0.05001900000002024,job,"",SH,L,SH,L,internal
528.2440596213796,1381.789600809875,4101.928051032505,3.916433963605374,3.179550650781008,3.9478441555329713,7128.205128205128,0.0002503473000599408,336.3704361655329,0.027000000000000003,0.32142857142857145,1-0-517-0,@,UT_014,014,2,fave,115.06637613142439,60.13285483818508,4,about,0,0.05999800000000732,for,two,#,B,*hr,B,initial
498.26668930938257,1433.130992284045,2733.9744656844964,2.6170844978851093,2.926237181265185,3.3504678984585667,4974.358974358975,0.000552096442705114,353.6405468344671,0.11500000000000002,0.33430232558139533,1-0-553-1,@,UT_014,014,2,fave,114.61814758838537,61.9108545629649,4,the,0,0.3200080000000298,took,leap,DH,#,DH,L,final
530.3579193950907,1479.9038805441717,2506.760217077421,2.387951004543471,2.9616621511730923,4.368068830264966,4615.384615384615,0.0004858016773779747,355.33353316553286,0.08100000000000002,0.3319672131147542,1-0-559-0,@,UT_014,014,2,fave,102.34530293745998,59.174266769490686,4,a,0,0.22000100000002476,took,four,#,#,K,F,coextensive
575.4739040172855,1392.2104402773293,1809.8572683781556,3.0160848536742857,2.9375295879435206,3.3096797033628476,4615.384615384615,0.0001049647665816011,360.2235418344671,0.04100000000000001,0.3306451612903227,1-0-580-0,@,UT_014,014,2,fave,106.40123482924935,51.996612778234216,4,and,0,0.10000600000000759,better,making,#,N,*hr,N,initial
552.8743911099207,1541.4369443494004,2770.8885012562837,3.720105025246938,4.122675708675586,3.8065757870196206,6410.25641025641,0.00020622018116788063,364.0265398344671,0.027000000000000003,0.32142857142857145,1-0-592-8,@,UT_014,014,2,fave,103.98703180090209,49.83854238410916,4,environment,0,0.060027999999988424,better,better,M,N,M,N,internal
557.6909009283712,1616.1864533923012,2938.3969274169212,3.363725860929049,2.8388428354523976,4.320563891034587,6230.7692307692305,0.0005336417375018125,364.9255448344671,0.065,0.33505154639175255,1-0-594-6,@,UT_014,014,2,fave,94.88221788032789,49.60497421033501,4,management,0,0.17001300000003994,better,"",M,N,M,N,internal
480.77083050382134,1573.2078849442357,2712.641809535281,2.478343233624258,2.9294596099611994,4.464069805775358,5692.3076923076915,0.002156750607321125,369.4065458344671,0.087,0.32954545454545453,1-0-609-3,@,UT_014,014,2,fave,95.2813724667138,51.64118255600857,4,ideas,0,0.24002100000001292,and,"",iy,Z,iy,Z,internal
489.75117305402875,1585.8599908862907,2747.8914812736107,2.4856706517195564,2.847258531742942,4.027611481402628,5333.333333333333,0.00023802069967793026,377.2406421655329,0.07100000000000001,0.3317757009345795,1-0-630-3,@,UT_014,014,2,fave,100.27757100234912,55.626662156465414,4,ideas,0,0.19000199999999268,your,and,iy,Z,iy,Z,internal
619.8383448584157,1451.8746379791928,2792.8265606648883,3.0723758779231223,2.5411440916896533,4.606896482723319,5333.333333333333,0.000018333332114628102,384.95065883446716,0.031,0.32978723404255317,1-0-654-6,@,UT_014,014,2,fave,122.9552536280012,58.68737158110146,4,implement,0,0.0700069999999755,we'll,that,M,N,M,N,internal
521.8543082789134,1434.3010614419077,1713.6703871432399,2.923518893642408,3.0197701727062713,2.981301415513334,4435.897435897436,0.00006133148819161342,401.14754383446717,0.035,0.3365384615384616,1-0-697-0,@,UT_014,014,2,fave,98.96938587549374,53.16702096451255,4,and,0,0.080016999999998,further,more,#,N,*hr,N,initial
442.09432280295596,985.2088708145968,1374.99182251141,2.7368529123756793,3.5950734681182315,3.751995829314577,4615.384615384615,0.00048066136061293633,410.0518498344671,0.04100000000000001,0.3306451612903227,1-0-722-3,@,UT_014,014,2,fave,129.25059129263073,58.472659947773515,4,april,0,0.10000700000000506,"","",R,L,R,L,internal
527.7296677289698,1698.3739916529116,2632.1992492986715,3.9819827008957156,4.4688234670240075,4.373298046615019,5333.333333333333,0.0021815720618654686,449.99414683446713,0.031,0.32978723404255317,1-0-811-0,@,UT_014,014,2,fave,105.14321237408956,42.66196229149157,4,and,0,0.07000700000003235,cut,"",#,N,T,N,initial
498.6842359409724,980.1607807016468,1734.4905429886214,2.5332505323856336,3.280817389934161,3.798894336124989,3897.4358974358975,0.00024706184513475257,468.6309485034013,0.035,0.3365384615384616,1-0-829-5,@,UT_014,014,2,fave,103.27742009383077,54.448289536745506,4,central,0,0.080016999999998,kinda,"",R,L,R,L,internal
548.8117369102027,1534.1446969619524,2424.4963730303843,3.1424856908147616,3.771563714221987,4.195535363927021,4794.871794871795,0.0022189886307965668,472.67895083446706,0.051000000000000004,0.3311688311688312,1-0-838-3,@,UT_014,014,2,fave,115.41917823698391,52.68858987994407,4,area,0,0.13000500000003967,swell,"",iy,#,iy,"",final
528.951229516543,1499.9470158855745,2815.1822958202306,2.750875378749234,3.4049035351459636,3.095128200468423,4974.358974358975,0.007575083549923256,484.3382461655329,0.215,0.33385093167701857,1-0-850-1,@,UT_014,014,2,fave,92.0928025045664,53.86517501181511,4,the,0,0.6199950000000172,"","",DH,#,DH,"",final
464.7838369314309,1328.711464796755,2807.98308613813,2.8844599483641353,3.225609257497054,3.5107561974099544,5153.846153846154,0.002489385168942309,490.2992465034014,0.097,0.3299319727891156,1-0-874-1,@,UT_014,014,2,fave,89.923949907479,51.87075007546399,4,the,0,0.27001999999998816,it's,"",DH,#,DH,"",final
491.2680565888706,1524.3413930459355,2805.4407795136103,2.625264946567993,2.606289325588263,4.221126628644676,5333.333333333333,0.000500394363930872,498.7591468344672,0.035,0.3365384615384616,1-0-897-0,@,UT_014,014,2,fave,126.80861358001012,55.38955003435424,4,a,0,0.080016999999998,"",different,#,#,"",D,coextensive
481.65260572550034,1562.789966617475,2764.9709106986998,2.596224900385447,3.2384562121568217,3.5227272493385287,4974.358974358975,0.0011648521467892635,500.4741488344671,0.085,0.3346456692913386,1-0-905-1,@,UT_014,014,2,fave,85.95781360167426,53.385685459658504,4,to,0,0.23001099999999042,have,"",T,#,T,"",final
509.8851449010326,1604.5278082306427,2743.5402028404515,2.3409392663950634,2.9030586106172525,3.566960100428416,5153.846153846154,0.00017178643221274367,501.43415416553285,0.045,0.3358208955223881,1-0-908-1,@,UT_014,014,2,fave,96.14508482728512,57.96385259515321,4,to,0,0.10998599999999215,see,appreciate,T,#,T,@,final
508.4886022198753,1512.9849616358963,2582.4771756271834,2.9023960318578497,3.690445879410324,4.024909945005567,5512.820512820513,0.0014629487010708723,551.561565834467,0.055,0.3353658536585366,1-0-1021-3,@,UT_014,014,2,fave,197.99105710150184,49.8200919080438,4,area,0,0.1400149999999485,swell,"",iy,#,iy,"",final
571.2565449808734,1028.2180019329892,2492.8018593009206,2.6078917609704493,3.602561944705111,3.648568337830121,5153.846153846154,0.0002592894227095739,593.1888488344671,0.031,0.32978723404255317,1-0-1059-0,@,UT_014,014,2,fave,100.91638942454507,46.508286975698425,4,a,0,0.07000700000003235,have,lot,#,#,V,L,coextensive
469.9256586627643,1841.67722928343,2445.125547755681,3.0855428239607816,3.441647277069127,4.666230049649285,5153.846153846154,0.0006507234825857636,599.5318644965986,0.037,0.32456140350877194,1-0-1075-3,@,UT_014,014,2,fave,123.83138249656808,59.006505868996335,4,engines,0,0.08996500000000651,building,"",JH,N,JH,N,internal
440.4660094106575,1695.5010308659948,3146.9032416881814,3.089120931150627,4.075184301864841,4.113173728476371,5333.333333333333,0.0016740323354780624,605.6463761655328,0.027000000000000003,0.32142857142857145,1-0-1082-3,@,UT_014,014,2,fave,127.23442055923915,57.28090086622391,4,diesel,0,0.05999800000006417,duty,"",S,L,S,L,internal
581.0562596972736,1422.8525498013885,2830.753364264228,2.8303607408642004,2.9742362187817317,3.355619733686045,5153.846153846154,0.0009808528254687063,609.8743401723357,0.067,0.3284313725490196,1-0-1084-1,@,UT_014,014,2,fave,124.7163062370729,56.35881163823822,4,the,0,0.18005399999992733,"",intricacy,DH,#,DH,i,final
446.1869387609389,1733.9546528832554,2499.8446865691676,3.0827633364368356,3.181943543115628,3.549215821151539,5153.846153846154,0.00004331977353385468,615.4054711655328,0.027000000000000003,0.32142857142857145,1-0-1097-3,@,UT_014,014,2,fave,122.71245270313044,58.648232206931844,4,engines,0,0.05999700000006669,two,that,JH,N,JH,N,internal
468.08219617528476,1751.439740430862,2057.308531362469,3.0288562830547408,3.052497758945506,4.330620681838296,4615.384615384615,0.0020945804726689846,617.6654668344671,0.067,0.3284313725490196,1-0-1103-3,@,UT_014,014,2,fave,133.1599765491157,57.6483534329143,4,engine,0,0.17999299999996765,same,"",JH,N,JH,N,internal
441.2311387079325,1424.1375083814403,2960.3322921880463,2.3850632283794195,3.5209688346609327,4.345333679598319,5871.794871794871,0.0002511742446194409,625.558232834467,0.031,0.32978723404255317,1-0-1122-0,@,UT_014,014,2,fave,98.91083740158605,54.133375767496,4,of,0,0.07000800000002982,ways,repair,#,V,Z,V,initial
500.37797067286584,1455.7771405294636,2763.0094341090175,2.88875825982371,3.1182784510484147,3.1827232442878377,5153.846153846154,0.00207971855019246,631.042432834467,0.141,0.3325471698113207,1-0-1137-1,@,UT_014,014,2,fave,86.57696101439556,51.08185184109889,4,the,0,0.40002400000003036,"","",DH,#,DH,"",final
536.4431958033874,1731.7338044286687,2691.9506527869444,3.2535017730168554,3.4716245740866767,3.746339691116241,5153.846153846154,0.0006517798832488546,633.6254335034014,0.067,0.32843137254901966,1-0-1141-3,@,UT_014,014,2,fave,105.46955595099654,53.62579873922078,4,engines,0,0.18005400000004101,the,and,JH,N,JH,N,internal
598.107598227177,1612.9796628255824,2603.7571110943445,3.1636858131405248,2.699358720025128,4.083631165166728,5153.846153846154,0.0015183049193075214,635.7624505034013,0.181,0.3327205882352941,1-0-1146-0,@,UT_014,014,2,fave,89.15562033392376,46.15985757155663,4,and,0,0.5200190000000475,them,"",#,N,M,N,initial
595.7894055092077,1591.9954707628526,2015.924215929066,2.8338034684689877,3.2922824762294076,3.7852530455361153,4615.384615384615,0.0006743830463696406,646.8161571655329,0.04100000000000001,0.3306451612903227,1-0-1158-4,@,UT_014,014,2,fave,76.32392156992664,52.588899645559344,4,interested,0,0.09997600000008333,been,"",*hr,S,*hr,S,internal
528.0867688489919,1447.423002553153,2693.139187739855,2.686842842742541,3.3362566632813944,3.945647329217635,4435.897435897436,0.005214003024856899,650.7281325034013,0.065,0.3350515463917526,1-0-1169-1,@,UT_014,014,2,fave,102.54873660282016,53.697381473267356,4,to,0,0.1700429999999642,one,"",T,#,T,"",final
383.54353548031753,1494.6084463013522,2555.337431035875,3.9087948847639025,4.267438406868721,4.584239121480422,4974.358974358975,0.0062597201197919505,651.9741415034014,0.037000000000000005,0.324561403508772,1-0-1174-0,@,UT_014,014,2,fave,109.29879294540297,42.996285780688424,4,and,0,0.09002699999996366,apart,"",#,N,T,N,initial
546.704151228933,1353.5148322892642,2325.6220221568615,3.6231374704312134,4.12203618842711,4.285356036767911,5153.846153846154,0.0012610188143721232,656.1691431655329,0.027000000000000003,0.32142857142857145,1-0-1189-1,@,UT_014,014,2,fave,173.48256347147623,53.34281826989,4,was,0,0.059996999999953005,i,younger,W,Z,W,Z,internal
521.1842623923526,1577.3223085641798,2020.1640732608703,2.641466607972614,3.121015947324451,4.328460465523347,4794.871794871795,0.0010228803809807017,667.931340834467,0.031,0.32978723404255317,1-0-1226-4,@,UT_014,014,2,fave,101.8420530174402,57.54179765570081,4,interested,0,0.07000800000002982,gearhead,in,R,S,R,S,internal
552.7050832015582,1377.1421549506008,2758.9369625780005,3.5413314487258907,3.9263502484213517,4.385167133901054,5153.846153846154,0.001779317414536707,680.1272568276644,0.037000000000000005,0.324561403508772,1-0-1240-1,@,UT_014,014,2,fave,90.24489240735072,49.91523495911251,4,the,0,0.08996500000000651,on,apache,DH,#,DH,@,final
557.5234771513323,1610.0375624671224,2422.398845917313,3.1556512371634438,3.1999265906030985,4.792916163522698,5333.333333333333,0.00021498186506884958,684.7433504965986,0.037000000000000005,0.324561403508772,1-0-1247-5,@,UT_014,014,2,fave,124.04160993055625,58.59026054739068,4,maintenance,0,0.08996600000000399,basically,"",N,N,N,N,internal
432.09719608863804,1534.3378982908876,2536.1530212881266,2.6477990899547996,2.704787890271538,3.999601704793697,4615.384615384615,0.00007804322706186356,696.0431414965987,0.040999999999999995,0.33064516129032256,1-0-1266-3,@,UT_014,014,2,fave,89.83585377984373,53.57532616812518,4,into,0,0.09997500000008586,moved,a,T,#,T,@,final
437.53126112214545,1597.1131652488243,2374.4067771399527,2.721661136874146,2.900353478052396,4.297654851437058,4794.871794871795,0.00004717926415361626,696.1351391723357,0.025,0.33783783783783783,1-0-1267-0,@,UT_014,014,2,fave,85.87855930672373,52.715626140992065,4,a,0,0.0500489999999445,into,crew,#,#,@,K,coextensive
455.83238966010197,1630.8761055896998,2746.249716797587,2.7405586159826183,3.2820549458785497,4.206226125320849,5512.820512820513,0.00016186981797914363,696.8501555034013,0.035,0.3365384615384616,1-0-1270-1,@,UT_014,014,2,fave,99.10300782964367,52.43446114311564,4,position,0,0.08001799999999548,chief,which,P,Z,P,Z,internal
531.5378026316674,1758.7706894883072,2785.911901292239,3.100663914087077,3.1678391344053827,3.819497896279116,6230.7692307692305,0.00007249312636092267,697.2461591655328,0.047,0.3263888888888889,1-0-1270-5,@,UT_014,014,2,fave,96.9512377782819,52.16680833886021,4,position,0,0.11999500000001717,chief,which,SH,N,SH,N,internal
559.7249474207946,1667.5479771168166,2539.580040732827,3.2982641259220764,3.1230695924032794,4.113324328472455,5333.333333333333,0.00018538827237361678,700.9131421655329,0.04100000000000001,0.3306451612903227,1-0-1283-7,@,UT_014,014,2,fave,106.72923046037002,52.1498109328649,4,experienced,0,0.09997600000008333,more,"",iy,N,iy,N,internal
475.89142033980886,1432.3011799270657,2699.9477284391273,2.571955431630691,3.451692562308399,3.1722686649584237,5153.846153846154,0.000051102988257743536,712.2451375034013,0.037000000000000005,0.324561403508772,1-0-1315-1,@,UT_014,014,2,fave,92.44655735996673,56.165111079496505,4,the,0,0.09002700000007735,do,low,DH,#,DH,L,final
615.9406009334537,1220.2387676122369,2177.497902920261,3.6772167772592965,4.391255194416187,4.232386809503504,3717.948717948718,0.002162056767286798,715.2801651655329,0.027000000000000003,0.32142857142857145,1-0-1322-7,@,UT_014,014,2,fave,875.8180465037711,30.323710033329064,4,responsible,0,0.05999799999995048,more,for,S,B,S,B,internal
442.60033580933816,1631.8221384132578,2142.250637814485,2.975481205369313,2.75759224853073,4.489279087818633,4615.384615384615,0.0020094974618362705,722.760371165533,0.04100000000000001,0.3306451612903227,1-0-1343-7,@,UT_014,014,2,fave,95.42161444426011,53.122474832372866,4,inspections,0,0.09997599999996964,flight,"",SH,N,SH,N,internal
609.8858556613017,1099.4253921316406,2849.675979018473,3.31056139350772,3.67628549201773,3.7220076866683742,5871.794871794871,0.0023629715764313707,724.0983428344672,0.037,0.32456140350877194,1-0-1345-0,@,UT_014,014,2,fave,NaN,49.31799087993091,4,along,0,0.09002699999996366,"",with,#,L,"",L,initial
457.28428681962293,1562.51997601484,2809.3224756831723,3.1323503408180255,2.957202821907797,4.13973588410121,4974.358974358975,0.00006418009466746988,743.8382768344671,0.027000000000000003,0.32142857142857145,1-0-1362-1,@,UT_014,014,2,fave,120.87932970259071,49.38319911825227,4,to,0,0.059996999999953005,have,say,T,#,T,S,final
425.8397099107737,1804.260752119479,2728.594579104242,2.98562111503588,2.7534983953242205,4.2570598155472785,6230.7692307692305,0.00005685473574568006,745.852225834467,0.035,0.33653846153846156,1-0-1366-3,@,UT_014,014,2,fave,105.25751481810263,52.757667607707766,4,engine,0,0.080016999999998,the,"",JH,N,JH,N,internal
609.9443185327718,1344.2604598030748,1625.260016977616,3.2137612910182822,3.327358617986297,3.495155772611219,4435.897435897436,0.0003267815437488109,754.2274381723355,0.047,0.3263888888888889,1-0-1398-0,@,UT_014,014,2,fave,80.96722267707993,50.145546215338236,4,and,0,0.12005599999997685,horsepower,"",#,N,*hr,N,initial
483.31548640940173,1324.5864107494044,3017.6895905208726,2.899595695367019,3.4169646875541044,4.307948475032288,5153.846153846154,0.00032484050207651704,762.4948618276644,0.031,0.32978723404255317,1-0-1418-1,@,UT_014,014,2,fave,105.63381115749166,55.66113944926268,4,was,0,0.06994600000007267,that,a,W,Z,W,Z,internal
533.9198337586083,1372.4745142104198,2773.2405123985473,2.530709695323338,3.260953465092675,3.43104317106406,4794.871794871795,0.0016151767705737151,762.7878638276644,0.23700000000000002,0.33193277310924374,1-0-1419-0,@,UT_014,014,2,fave,90.7462113083931,57.18403861053562,4,a,0,0.6899419999999736,was,"",#,#,Z,"",coextensive
395.3278363661612,1116.7844812169467,1788.2273578771606,3.1580532541935202,3.7998163089524732,4.137113589835585,3717.948717948718,0.000767829777252868,770.2169388344671,0.027000000000000003,0.32142857142857145,1-0-1433-0,@,UT_014,014,2,fave,-181.01933598375618,45.827674933786966,4,a,0,0.05999800000006417,was,lot,#,#,Z,L,coextensive
582.2876346096529,1308.3273815694954,2861.94888704483,3.1445565599682554,3.7584915325894084,3.87382604062853,5692.3076923076915,0.0008246230172631538,814.6977434965987,0.04100000000000001,0.3306451612903227,1-0-1509-0,@,UT_014,014,2,fave,274.45009301202725,47.23823066092205,4,and,0,0.09997599999996964,"",just,#,N,"",N,initial
514.7735514872261,1295.9577337878757,2724.4804266557535,2.8948746208423723,3.6167194719563276,4.060883096466994,4794.871794871795,0.002111221688698611,821.8242295034014,0.057,0.32758620689655177,1-0-1524-1,@,UT_014,014,2,fave,104.20626375654064,52.12129298178623,4,the,0,0.15002500000002783,of,"",DH,#,DH,"",final
530.5582907440709,1541.5392633647498,2715.8577282359847,3.513586395536404,3.1672391424126674,3.191219123244664,5333.333333333333,0.00014644958580710258,822.5712338344671,0.031,0.32978723404255317,1-0-1526-5,@,UT_014,014,2,fave,103.70066607011836,48.46873161634628,4,maintenance,0,0.07000700000003235,"",side,N,N,N,N,internal
489.16350607276246,1450.3666084422775,2743.381498496992,2.660259223093394,3.14762219152351,3.2781145476061107,5153.846153846154,0.002653432365887521,832.3159478276644,0.097,0.3299319727891156,1-0-1546-1,@,UT_014,014,2,fave,95.4739741558867,56.13953591619815,4,the,0,0.26995799999997416,have,"",DH,#,DH,"",final
560.1053704385004,1501.3981241248748,2751.6795376173113,2.833487639837827,3.0624773607545452,3.9682324142112306,5153.846153846154,0.003422844192853521,833.3779604965986,0.08100000000000002,0.3319672131147542,1-0-1551-0,@,UT_014,014,2,fave,486.2524618102231,41.668301619974585,4,a,0,0.21997099999998682,of,arrogance,#,#,V,e,coextensive
525.6866700707357,1917.7218571743294,3114.83706067593,3.2122785512240553,3.0733527271353767,4.454218768534883,5692.3076923076915,0.0009448571186162052,833.9049498344671,0.055,0.33536585365853655,1-0-1552-4,@,UT_014,014,2,fave,107.61076720861232,55.13485364400051,4,arrogance,0,0.1400149999999485,a,"",G,N,G,N,internal
507.42002891328946,1454.0472529736094,2618.053468865198,2.279283052722427,2.6640756933879257,3.6109895888583856,5153.846153846154,0.00007988335238729974,866.6610374965986,0.065,0.3350515463917526,1-0-1632-1,@,UT_014,014,2,fave,98.1187245465029,55.47739274009127,4,to,0,0.169983000000002,able,have,T,#,T,HH,final
445.32882234982316,1506.7950748034182,2736.9973527136426,2.509330585479181,3.1417202660751373,3.2687814120157648,4615.384615384615,0.000016312085121025126,927.9982381723356,0.025,0.33783783783783783,1-0-1662-1,@,UT_014,014,2,fave,101.86377193925061,58.905487779513784,4,the,0,0.05004800000006071,milked,cows,DH,#,DH,K,final
486.52614000898996,1225.8021660111947,1952.9399056341147,2.15281834279501,3.598486646247374,3.9103544061737123,3897.4358974358975,0.00011761426522772809,931.4932664965986,0.035,0.33653846153846156,1-0-1672-0,@,UT_014,014,2,fave,95.52794568215673,57.954177920982715,4,a,0,0.07995600000003833,called,writer,#,#,D,R,coextensive
518.8174593856282,1251.6302154999846,2873.3091129113254,3.189480215241302,4.224284651416178,4.231439170947039,5333.333333333333,0.00022925487778558768,938.7642624965987,0.035,0.3365384615384616,1-0-1690-0,@,UT_014,014,2,fave,103.32547685757491,52.85068060142568,4,an,0,0.07995599999992464,to,"",#,N,Tuw,N,initial
516.3982588360476,1596.8830825075556,2788.520103519297,2.8715511248146126,3.0105616652860574,3.4827147355611463,5153.846153846154,9.979918147297098e-6,942.672246834467,0.031,0.32978723404255317,1-0-1698-4,@,UT_014,014,2,fave,123.35717059769935,58.32950336655315,4,watchman,0,0.07000700000003235,the,found,M,N,M,N,internal
473.2926292607885,1253.3693296102597,2675.9297516727297,3.2071540486706236,4.2860270848597795,4.293910590281266,6051.282051282051,0.0030049892752405123,943.1222588344671,0.031,0.32978723404255317,1-0-1700-1,@,UT_014,014,2,fave,106.8046563670668,52.60261859003343,4,the,0,0.07000800000002982,found,rails,DH,#,DH,R,final
533.3874602827268,1229.0480015067453,2912.078977915627,3.2718615432492104,3.5898368715906255,4.6580039825775605,5153.846153846154,0.000548978222572402,951.1952554965986,0.037,0.32456140350877194,1-0-1718-0,@,UT_014,014,2,fave,101.32441712382455,51.217406980333664,4,an,0,0.08996500000000651,into,elk,#,N,Tuw,N,initial
532.1703045623146,1649.0396442979174,2287.980073856484,2.913133478613934,3.8374074666778544,4.49449149890018,4615.384615384615,0.00010958407576205344,954.6402731655329,0.027000000000000003,0.32142857142857145,1-0-1726-5,@,UT_014,014,2,fave,113.1930107950994,55.390827417214815,4,children,0,0.059996999999953005,many,learn,R,N,R,N,internal
587.5025960264218,1774.2340513729598,2647.4597665207702,2.7191640720679766,4.731320545154078,4.152897639793794,6230.7692307692305,0.0018786655909312105,955.1492674965987,0.045,0.3358208955223881,1-0-1728-0,@,UT_014,014,2,fave,98.99166246335179,50.52068027230497,4,about,0,0.10998499999993783,learn,britain,#,B,N,B,initial
410.01287248630854,1456.0727166628876,2845.5512761728187,2.5097304768465114,3.3064831225640594,2.778571598256651,5153.846153846154,5.338759605770629e-6,959.1202531655329,0.027000000000000003,0.32142857142857145,1-0-1739-1,@,UT_014,014,2,fave,116.72426144443871,55.85691852232918,4,the,0,0.05999800000006417,"",sale,DH,#,DH,S,final
395.96105026756874,1651.9958698915652,2627.3433677294765,2.78571624343353,3.926741267320276,4.537684297447324,6410.25641025641,0.000059423372014138,961.8392411723356,0.025,0.33783783783783783,1-0-1744-1,@,UT_014,014,2,fave,97.50505149161486,53.98503956849419,4,the,0,0.050049000000058186,"",roman,DH,#,DH,R,final
499.6961684136174,1216.3815265548124,2849.077555986305,3.706363692916627,4.37201881391994,4.016746506979256,5692.3076923076915,0.000051000986366385955,962.1302688344672,0.027000000000000003,0.32142857142857145,1-0-1745-3,@,UT_014,014,2,fave,116.58472333017565,55.4197687579848,4,roman,0,0.05999799999995048,the,people,M,N,M,N,internal
492.0500076572868,1768.1757334800059,2308.773289627847,2.5116040225755554,3.7844749778431455,4.216040662515051,4794.871794871795,0.00014722484181576935,964.4602248344671,0.027000000000000003,0.32142857142857145,1-0-1751-3,@,UT_014,014,2,fave,124.70070818367743,55.13923411946562,4,ancient,0,0.05999800000006417,"",times,SH,N,SH,N,internal
471.4358218711535,1097.894624617784,1756.4467752933085,2.432252025931251,3.331063905183098,3.244177754895789,4435.897435897436,0.00004162642724543632,966.8311358344671,0.027000000000000003,0.32142857142857145,1-0-1755-3,@,UT_014,014,2,fave,116.63958641947573,60.227073239002,4,acrobat,0,0.05999700000006669,the,landed,R,B,R,B,internal
527.1145835151531,1395.6647469397735,2857.108527971974,2.6471276829334816,3.5708444039879477,3.5343475426044666,5153.846153846154,0.000025794893634288968,967.9611351655329,0.027000000000000003,0.32142857142857145,1-0-1758-1,@,UT_014,014,2,fave,101.70667468199628,55.260182907329664,4,the,0,0.059996999999953005,near,helm,DH,#,DH,HH,final
527.2880957114112,1354.7644251812426,2498.370589329811,2.7094119876500433,3.531798241879095,4.08292835048024,4794.871794871795,0.0009987461901808333,974.6311691655329,0.047,0.3263888888888889,1-0-1774-0,@,UT_014,014,2,fave,94.28422838100195,49.815005126281875,4,a,0,0.11999499999990348,"",whale,#,#,"",W,coextensive
437.4719706052002,1301.0220703273023,2917.108898342744,2.469422058632399,4.322209010026473,3.9802948611246336,4615.384615384615,0.00009619136027923054,978.5311421655329,0.027000000000000003,0.32142857142857145,1-0-1785-0,@,UT_014,014,2,fave,104.49238354808918,55.52816306583259,4,of,0,0.05999800000006417,buttons,gold,#,V,Z,V,initial
362.44918841961703,2001.6747492418715,3426.0701418777503,3.685162909874421,4.720518487319587,4.7243482981467295,8743.589743589742,0.012082330508165182,979.5681711655329,0.04100000000000001,0.3306451612903227,1-0-1788-1,@,UT_014,014,2,fave,99.24055669182934,49.667254478534296,4,the,0,0.09997599999996964,"","",DH,#,DH,"",final
469.1788139960181,1688.5564229294469,2697.591859113241,3.407979944338496,4.3912414879208495,4.662897457424801,5153.846153846154,0.0006094198967599093,992.413152834467,0.031,0.32978723404255317,1-0-1815-4,@,UT_014,014,2,fave,105.92145405517316,55.37449974867289,4,student,0,0.07000700000003235,the,saw,D,N,D,N,internal
436.8661880438443,1309.073171826905,3134.52026843455,2.189946552107706,4.119523484601494,4.450743150867205,6410.25641025641,0.00030644115192555153,999.3938601655329,0.031,0.32978723404255317,1-0-1837-1,@,UT_014,014,2,fave,108.10400583852125,60.19911121807168,4,the,0,0.07000700000003235,onto,roof,DH,#,DH,R,final
483.7378767239199,1529.233753818703,2220.1568233162247,2.4349091154707136,3.4341160902375902,4.2386528978146,4794.871794871795,0.00011915096849578057,1001.325857834467,0.035,0.3365384615384616,1-0-1841-5,@,UT_014,014,2,fave,102.92662566274811,60.10422548052573,4,breakfast,0,0.08001799999999548,my,is,F,S,F,S,internal
525.8821513094321,1569.1452545583404,1867.471898216491,2.919642295377258,3.1132127230967788,4.426720364618137,4794.871794871795,0.000046710656006988773,1010.5618431655329,0.027000000000000003,0.32142857142857145,1-0-1859-5,@,UT_014,014,2,fave,104.57055311398098,54.24505896818219,4,children,0,0.05999700000006669,the,sang,R,N,R,N,internal
526.1042673405708,1342.8533274706351,2884.5047205314613,2.7939923452556013,3.343164885819493,3.7541808906159515,4974.358974358975,0.0071951591343209385,1014.513882834467,0.11100000000000002,0.3323353293413174,1-0-1871-1,@,UT_014,014,2,fave,90.66805150913076,55.95639821826893,4,the,0,0.3099970000000667,wear,"",DH,#,DH,"",final
586.043246455622,1295.5316392415627,2719.3331269025416,2.568442437195976,3.8610792517801604,3.4567572158854802,5333.333333333333,0.0009393247124430285,1019.2438318344672,0.051000000000000004,0.3311688311688312,1-0-1882-0,@,UT_014,014,2,fave,198.72978595292028,50.95236228471947,4,a,0,0.13000399999998535,"",leather,#,#,"",L,coextensive
473.0275502727579,1426.8448183982755,2572.0452989125315,3.040698592150598,3.8732657200440825,3.997052457554488,4794.871794871795,0.00004922470858160554,1031.5441361723354,0.025,0.33783783783783783,1-0-1889-1,@,UT_014,014,2,fave,109.42082627611309,56.62423598736519,4,the,0,0.05004900000017187,"",reporter,DH,#,DH,R,final
499.4570199692098,1539.6511151707589,2585.4279846498853,3.468869252974398,3.4115019522004246,4.306168665150432,5333.333333333333,0.0007686166044051841,1035.7035601723355,0.025,0.33783783783783783,1-0-1898-4,@,UT_014,014,2,fave,121.63147421706489,57.22010551696349,4,pharmacist,0,0.0500489999999445,my,used,M,S,M,S,internal
476.0385786564838,1478.3949943512723,2792.687339517618,2.1081012016524445,3.382272559740111,4.2908119445418755,5153.846153846154,0.0003159242171704682,1042.0191128412696,0.035,0.3365384615384616,1-0-1917-1,@,UT_014,014,2,fave,97.89470715569757,58.79445558035323,4,the,0,0.08007800000018506,"",shirt,DH,#,DH,SH,final
421.65558609935164,1464.5829348399243,3055.655777914724,2.559758005821952,3.9816290434472523,3.845414864385299,5512.820512820513,9.776221407611054e-6,1042.5141071723353,0.025,0.33783783783783783,1-0-1919-1,@,UT_014,014,2,fave,104.68009733696418,51.975124269032705,4,was,0,0.05004900000017187,shirt,made,W,Z,W,Z,internal
522.7517715402514,1387.575630315354,1797.901396451207,2.737881883287401,3.8833387042542995,4.316625053466068,4256.410256410256,0.0001692870243228795,1043.6901284965986,0.037,0.32456140350877194,1-0-1924-1,@,UT_014,014,2,fave,108.00297370887374,52.659678479575035,4,than,0,0.08996600000000399,rather,wool,DH,N,DH,N,internal
553.3636424305503,1686.4176433700547,2773.188227469603,3.6355660493193924,3.035762938196734,4.4318248741218875,6051.282051282051,0.000021046218011301362,1045.5841751723353,0.025,0.33783783783783783,1-0-1928-3,@,UT_014,014,2,fave,112.73009536340874,53.98152510587393,4,baroness,0,0.05004900000017187,the,rang,R,N,R,N,internal
475.024715573829,1526.4589289787186,2521.2927846098314,2.650884317065995,3.392931501414089,4.1215372320324954,5153.846153846154,0.0011143144512522824,1047.3121234965986,0.040999999999999995,0.33064516129032256,1-0-1933-3,@,UT_014,014,2,fave,84.36319542123547,50.94904737420633,4,service,0,0.09997499999985848,for,"",V,S,V,S,internal
543.937803235032,1421.671659181933,2794.0063163840036,3.2305540836855458,3.5440256806335695,3.5706721658121547,4974.358974358975,0.0002300855003991907,1049.7751171723357,0.027000000000000003,0.32142857142857145,1-0-1939-1,@,UT_014,014,2,fave,104.96541622535989,51.43958883151353,4,the,0,0.060057999999798994,in,fountain,DH,#,DH,F,final
374.012639085661,1147.2018278310331,2829.1325645493407,3.13986888570736,3.6753475492781953,4.1605876204327155,5153.846153846154,0.00028170611867180405,1050.6471178412698,0.031,0.32978723404255317,1-0-1941-3,@,UT_014,014,2,fave,90.25142096437057,47.74303226800616,4,noisily,0,0.0700680000002194,fountain,"",Z,L,Z,L,internal
447.6428380946156,1611.085598462415,2874.7672172308717,2.3984709122663648,2.98504817138647,4.133104062146719,4974.358974358975,0.000017502967971681538,1051.9950641723353,0.025,0.33783783783783783,1-0-1943-1,@,UT_014,014,2,fave,102.0197518075616,54.66648322211292,4,the,0,0.05004900000017187,"",carpenter,DH,#,DH,K,final
402.5889035464773,1448.2583660125852,2729.3616124133664,2.6322065136138337,3.82321988935349,4.154058201849806,4615.384615384615,0.0004164083770838588,1055.5380748276643,0.031,0.32978723404255317,1-0-1950-4,@,UT_014,014,2,fave,121.51301022868567,55.30570391832956,4,texas,0,0.0699459999998453,"",has,S,S,S,S,internal
510.4147902208083,1132.2459208305772,2637.6116713091747,3.1172535440156866,4.058774603530008,3.7683603809399697,5692.3076923076915,0.0024085529147912254,1069.2910875034013,0.057,0.32758620689655177,1-0-1987-3,@,UT_014,014,2,fave,92.6124095857078,52.856345963550105,4,sofa,0,0.15002500000014152,the,"",F,#,F,"",final
430.11629482533783,1520.7240252123688,2758.472263386451,2.2900903227003497,3.990884022335211,4.095168780697546,4794.871794871795,0.000045976056150178916,1070.8450391723354,0.025,0.33783783783783783,1-0-1991-0,@,UT_014,014,2,fave,106.11061469297093,58.808314759783435,4,a,0,0.0500489999999445,received,letter,#,#,D,L,coextensive
530.2037168022283,1425.5221041891664,2957.8064955185796,2.330132341079241,4.357095524441778,4.086854709305533,6051.282051282051,0.000923544304141251,1076.325993165533,0.047,0.3263888888888889,1-0-2009-0,@,UT_014,014,2,fave,99.74814619817583,58.48400894371584,4,a,0,0.11999500000001717,saw,snail,#,#,o,S,coextensive
482.49508639632046,1041.5488796164134,2954.2775584115493,2.6904845095252954,4.176629867255279,3.931529855899007,6589.74358974359,0.008359033817376918,1083.1787768344673,0.057,0.32758620689655177,1-0-2029-0,@,UT_014,014,2,fave,90.66957444330998,58.00150097915637,4,a,0,0.15002499999991414,called,writer,#,#,D,R,coextensive
474.7006332279479,1004.0029415235705,2123.181080783606,2.5791883285474047,3.330335146311988,3.8497745480165775,4974.358974358975,0.000023725991576801768,1085.5227741723354,0.025,0.33783783783783783,1-0-2036-3,@,UT_014,014,2,fave,97.09391450831099,58.176192472421434,4,waddle,0,0.0500489999999445,would,under,D,L,D,L,internal
553.4251049143554,1918.987917705842,2779.5809544939093,3.459629855105049,3.2153861598146234,3.543950728425421,5333.333333333333,0.00001172023166933055,83.06394816553288,0.025,0.33783783783783783,1-0-36-1,i,UT_014,014,2,fave,124.0585557230957,52.94795100242288,4,think,1,0.050002999999989584,"",roughly,TH,NG,TH,NG,internal
501.75695951111305,1548.5246711364857,2761.574783999495,2.5966463992283852,3.1056944904044235,3.34772864890628,5333.333333333333,0.000052570687771263125,89.98044916553287,0.04100000000000001,0.3306451612903227,1-0-47-3,i,UT_014,014,2,fave,118.11955618780416,61.311970729934984,4,until,1,0.09999800000001358,"","",T,L,T,L,internal
495.8358504448575,1383.1004648857793,2811.606143662661,2.044636275129887,3.11864837040542,4.008236533801335,6051.282051282051,0.0002412765047139422,101.30845016553288,0.037000000000000005,0.324561403508772,1-0-65-1,i,UT_014,014,2,fave,122.51706910127626,66.02553616295316,4,lived,1,0.08999699999999677,and,in,L,V,L,V,internal
498.6655405717587,1639.7918599904235,2776.509253578189,3.2269165012718286,3.619757878116473,3.405339422171555,5871.794871794871,0.000547593889771723,101.53744716553288,0.095,0.33450704225352107,1-0-66-0,i,UT_014,014,2,fave,117.38591788022345,57.37066808378389,4,in,1,0.26000200000000007,lived,"",#,N,D,N,initial
403.70215191579234,1956.387419453357,2856.4960581778873,3.5294046132325416,2.679800096761399,3.88986015434221,6410.25641025641,0.00039979490527808023,113.03635116553288,0.047,0.3263888888888889,1-0-86-3,i,UT_014,014,2,fave,114.12315132129822,52.317014207152354,4,virginia,1,0.11999500000000296,to,"",JH,N,JH,N,internal
375.3066992298492,1612.9023829439575,2480.887009946012,2.803903181329642,3.841117637740535,4.15863841021719,5871.794871794871,0.00005642042825357535,122.45534883446712,0.025,0.33783783783783783,1-0-103-0,i,UT_014,014,2,fave,95.69291828670217,51.61876245655216,4,in,0,0.050003000000003794,lived,syracuse,#,N,D,N,initial
528.873766407089,1672.5481634992038,2725.47829015248,2.9519746150224653,3.5253003431793646,4.16453776348885,6410.25641025641,0.00021220441833410902,141.23025416553287,0.027000000000000003,0.32142857142857145,1-0-140-1,i,UT_014,014,2,fave,78.46242438300023,50.168529384388194,4,been,1,0.0599979999999789,i've,in,B,N,B,N,internal
390.83658954053857,1775.0936537532525,2471.847241426223,2.8879721042923707,3.025590541311029,4.246768740135617,6230.7692307692305,0.000014625173640792503,175.9820461655329,0.025,0.33783783783783783,1-0-179-1,i,UT_014,014,2,fave,101.2563353749433,55.19848030659097,4,get,1,0.050003000000003794,up,ready,G,T,G,T,internal
496.91240924637845,1717.231386393605,2766.9383909530407,3.043473051115926,3.294003811789065,3.6495425958226377,5512.820512820513,0.000052267445491615534,178.43704316553288,0.035,0.3365384615384616,1-0-186-0,i,UT_014,014,2,fave,110.51791128809495,59.91339919953146,4,into,0,0.08000200000000746,head,work,#,N,D,N,initial
459.1160073521955,1889.47100282405,2539.515966994395,2.4732771098828223,2.9431934616980593,4.265615452714265,5153.846153846154,0.00008923171904408252,180.83705783446712,0.035,0.3365384615384616,1-0-192-1,i,UT_014,014,2,fave,237.0576279436481,59.813464374302,4,get,1,0.08000199999997903,i,to,G,T,G,T,internal
437.6983500315276,1610.3208368680048,1704.6199188815826,3.3195233293495954,3.4903961182653416,4.24059715215694,6051.282051282051,0.0000762578852707054,183.12204616553288,0.025,0.33783783783783783,1-0-199-3,i,UT_014,014,2,fave,104.13721626835888,57.09726037444882,4,manager's,0,0.050003000000003794,to,office,N,JH,N,JH,internal
402.9104342753867,1439.9219134121784,2867.783485095174,2.9214377815196166,3.343876687403439,3.6809443001619315,5512.820512820513,0.0001501024774965962,184.18304316553287,0.027000000000000003,0.32142857142857145,1-0-202-1,i,UT_014,014,2,fave,84.11386152106243,48.05924151919471,4,sit,1,0.05999800000000732,"",down,S,T,S,T,internal
468.03555317188085,1304.1487964794144,2055.0149095279,2.827796896425986,3.580866124514638,3.124544538846475,4615.384615384615,0.000022309448274943044,184.7420411655329,0.025,0.33783783783783783,1-0-206-2,i,UT_014,014,2,fave,101.81483667624423,58.069351898678065,4,quick,1,0.050003000000003794,a,little,W,K,W,K,internal
498.85401828644365,1989.3387795769058,2672.026007334743,3.274501178955737,3.5897429082014933,4.087612848444971,5512.820512820513,0.00004942591350942773,185.2450411655329,0.031,0.32978723404255317,1-0-208-3,i,UT_014,014,2,fave,107.66506084402033,57.13163611294326,4,meeting,0,0.07000700000000393,little,about,T,NG,T,NG,internal
436.1238981943547,1665.460848280654,2335.629370576246,2.6050179545981584,3.3642612880986915,4.769245433647386,5871.794871794871,0.00006792922676143947,187.43504883446712,0.031,0.32978723404255317,1-0-216-1,i,UT_014,014,2,fave,104.63582643571196,63.61282888362651,4,shift,1,0.0700080000000014,the,leads,SH,F,SH,F,internal
476.5174211237086,1601.3883020510684,2574.185173595426,2.3696583404743845,3.1326397184701964,4.4374327827453195,6230.7692307692305,0.0013315111640999089,193.5430551655329,0.067,0.3284313725490196,1-0-232-1,i,UT_014,014,2,fave,143.54372696925853,56.38478813142122,4,fixed,1,0.17999299999999607,be,diesel,F,K,F,K,internal
614.7851848450837,1695.794853041935,2657.77467437433,3.464414296546499,3.552779834080949,4.394491074860863,6051.282051282051,0.0012388151414206607,195.3180481655329,0.037000000000000005,0.324561403508772,1-0-234-5,i,UT_014,014,2,fave,88.23541354886748,47.577423401723024,4,mechanic,0,0.08999599999998509,diesel,"",N,K,N,K,internal
471.02899331639134,1936.3722236930266,2648.1284146879466,3.4722214553054433,3.629825659866123,4.071713141513971,5333.333333333333,0.000012259185390496546,200.84584483446713,0.027000000000000003,0.32142857142857145,1-0-244-3,i,UT_014,014,2,fave,107.19456145038399,53.76180501216382,4,meeting,0,0.060012999999997874,manager,"",T,NG,T,NG,internal
431.96332037311316,1828.1916132911554,2839.7525124994354,2.7283097271514793,2.9413697883799004,3.755777423905328,6051.282051282051,0.00012984607063938036,202.80785183446713,0.031,0.32978723404255317,1-0-246-1,i,UT_014,014,2,fave,424.5982765917499,56.39111815518843,4,get,1,0.07000700000000393,"",down,G,T,G,T,internal
534.571132641501,1496.757702647227,2662.584604801076,2.8584007577680435,3.1092171613060833,3.67174448734677,5871.794871794871,0.000011171924356713128,203.19485083446713,0.025,0.33783783783783783,1-0-248-0,i,UT_014,014,2,fave,106.48712082027954,54.09884749671901,4,in,0,0.050003000000003794,down,the,#,N,N,N,initial
462.34795864786435,1649.0004747287699,2532.5418751944107,3.106720580599943,3.017556426541697,4.275472712632915,5871.794871794871,0.00001396042938638114,204.87585316553287,0.027000000000000003,0.32142857142857145,1-0-255-1,i,UT_014,014,2,fave,107.71959021390587,59.766331671588524,4,fixing,1,0.0599979999999789,on,the,F,K,F,K,internal
472.4638853865296,1350.718329522437,2413.2594783085965,2.693084847970309,3.7901672435823803,4.127527248398043,5871.794871794871,0.00004556676124450127,211.76354916553285,0.027000000000000003,0.32142857142857145,1-0-271-0,i,UT_014,014,2,fave,120.9657851099582,58.25342895380306,4,in,0,0.05999700000000985,two,the,#,N,Tuw,N,initial
517.0768907839883,1671.3255738795385,2568.2147055002215,2.9149003896403736,2.9693214011729316,4.238917232978035,5871.794871794871,0.0001957088562169512,214.2455461655329,0.091,0.33211678832116787,1-0-278-0,i,UT_014,014,2,fave,105.8980725169149,55.34179749727686,4,in,1,0.25,coming,"",#,N,NG,N,initial
381.32533885796715,1719.0310712723767,2932.6664295968353,3.295206700838127,2.4315996486119302,4.5991099325215945,6589.74358974359,0.0000779040268691894,217.47354583446713,0.027000000000000003,0.32142857142857145,1-0-291-1,i,UT_014,014,2,fave,95.01546260560953,52.74692104188989,4,repaired,0,0.060012999999997874,be,"",R,P,R,P,internal
511.37118265627987,1470.3539973429602,2782.744041432216,2.7679839383685123,3.172899257471521,3.729963502212676,5871.794871794871,0.0001950394461250615,219.32355216553287,0.047,0.3263888888888889,1-0-295-0,i,UT_014,014,2,fave,106.65250041217543,54.11264932445367,4,in,1,0.11999500000001717,those,repair,#,N,Z,N,initial
438.26308861403277,1739.0763902090841,2764.5881772603484,3.3081242829013164,2.997615488438557,4.151779149319886,6230.7692307692305,0.00009618780604731729,219.56355783446713,0.027000000000000003,0.32142857142857145,1-0-296-1,i,UT_014,014,2,fave,94.49062269673693,49.77428370466697,4,repair,0,0.05999700000000985,in,those,R,P,R,P,internal
483.28198976840883,1785.4843195462088,2700.8976630908946,2.939607594117876,3.0188980115918156,4.205942428117063,6230.7692307692305,0.00033937541480658193,228.7098491655329,0.04100000000000001,0.3306451612903227,1-0-317-1,i,UT_014,014,2,fave,106.64760858566366,55.453482471069364,4,dinner,1,0.09999100000001704,eat,"",D,N,D,N,internal
442.18580649507476,1496.1750191320607,2780.3802582579756,2.475712240158009,3.2924481149639715,3.6997007958006467,5871.794871794871,0.00003707782068604838,230.89285783446715,0.027000000000000003,0.32142857142857145,1-0-326-1,i,UT_014,014,2,fave,147.36219919342437,55.106142834966924,4,sit,1,0.059996999999981426,"",down,S,T,S,T,internal
493.1048722707146,1617.4176415276609,2683.1430468485037,2.48615482455808,3.1697679593633614,4.510189677160252,5871.794871794871,0.0007903417673666269,232.0698518344671,0.08099999999999999,0.3319672131147541,1-0-331-1,i,UT_014,014,2,fave,108.07306170763495,58.116050178259385,4,bit,1,0.22000099999999634,a,"",B,T,B,T,internal
539.2424912014233,1831.3270497042113,2980.1127511119776,3.384714082557457,3.6004479018513105,3.6182218848916294,5692.3076923076915,0.0012780181725301622,252.94785083446712,0.057,0.3275862068965517,1-0-347-1,i,UT_014,014,2,fave,92.48087327454012,36.03267300284019,4,things,1,0.15000900000001138,few,"",TH,NG,TH,NG,internal
534.3409769434796,1760.2312401793117,2733.7270119170316,3.0420167535930496,3.6191664020506518,4.0444404662049624,5871.794871794871,0.000551004820687652,256.94566483446715,0.07100000000000001,0.3317757009345795,1-0-353-1,i,UT_014,014,2,fave,102.23470655071527,52.26245400976797,4,thing,1,0.19000299999999015,one,was,TH,NG,TH,NG,internal
470.3949640621317,1738.9601058899793,2874.757235540463,2.355355962408118,3.345532175156549,4.192855751685056,5871.794871794871,0.000035637627748573376,263.1436601655329,0.027000000000000003,0.32142857142857145,1-0-369-7,i,UT_014,014,2,fave,119.40377475126182,62.56436504993854,4,perspective,0,0.05999800000000732,"",and,T,V,T,V,internal
497.80945070427833,1887.5724030480346,2838.0804248852683,2.9329849718977883,3.483320811314372,3.6818518133139135,5871.794871794871,0.00008506938080718672,264.65864016553286,0.037,0.32456140350877194,1-0-378-1,i,UT_014,014,2,fave,98.48239530550055,54.384240568461564,4,things,1,0.08999600000004193,of,opened,TH,NG,TH,NG,internal
502.5178400027825,1836.7239680578373,2869.5282137676013,3.292532263073158,3.4391308203742565,3.646318314810374,5512.820512820513,0.00023196402085360818,267.4436381655329,0.047,0.3263888888888889,1-0-387-1,i,UT_014,014,2,fave,95.29644952008128,50.244505247357985,4,things,1,0.11999500000001717,more,"",TH,NG,TH,NG,internal
471.7046122939553,1729.4038911233545,2538.344658604664,2.2035579140355646,3.011037874331459,4.417017004052723,5871.794871794871,0.0004206301538617976,277.2436528344671,0.067,0.32843137254901966,1-0-401-3,i,UT_014,014,2,fave,118.6416816261608,56.63950496220382,4,active,0,0.17999299999996765,"","",T,V,T,V,internal
373.1590964841292,1549.4019113802444,2891.276640609632,3.4519397751524314,3.9024558401396754,4.318814173916391,4794.871794871795,0.003973022289937928,278.3386378344671,0.037000000000000005,0.324561403508772,1-0-405-0,i,UT_014,014,2,fave,NaN,36.7255558065549,4,in,0,0.09002700000002051,years,the,#,N,Z,N,initial
409.38950996679716,1686.4097919095464,2943.0445051506335,2.9220464939143773,3.783399080708021,4.180127761088049,5871.794871794871,0.00014103354009794566,284.27645916553286,0.031,0.32978723404255317,1-0-416-1,i,UT_014,014,2,fave,114.8412237953398,60.85165753538111,4,six,1,0.06997599999999693,the,years,S,K,S,K,internal
477.8000689368314,1595.3081372939967,2697.0327165362905,2.394211581187116,3.8790402639443045,4.750966239473216,6589.74358974359,0.0003562113233336792,293.29274683446715,0.035,0.33653846153846156,1-0-440-0,i,UT_014,014,2,fave,94.11964800021985,56.564996088999074,4,it,0,0.080016999999998,said,was,#,T,D,T,initial
431.12246363165303,1595.151517108789,3123.678607442923,2.4739181733973803,3.0886190543981185,4.592716115905419,6769.2307692307695,0.0002901449441211868,293.8207458344672,0.031,0.32978723404255317,1-0-443-0,i,UT_014,014,2,fave,85.44916987746363,53.461456671005074,4,it,0,0.0700069999999755,good,"",#,T,D,T,initial
541.945164807253,1795.2810887666835,2710.6158710588406,3.1909264017401715,3.1262489773944147,3.7122490478426324,5512.820512820513,0.00021873819093176024,295.7827521655328,0.055,0.33536585365853655,1-0-452-1,i,UT_014,014,2,fave,92.39073827037012,50.30183531442928,4,things,1,0.13998400000002675,of,made,TH,NG,TH,NG,internal
471.4252184425804,1654.5026652720367,2695.2418203897537,2.7308408411183067,3.471599162897354,4.107520146431609,6230.7692307692305,0.00003710457433278505,311.20265683446706,0.027000000000000003,0.32142857142857145,1-0-494-1,i,UT_014,014,2,fave,88.93821156283981,52.426875016602416,4,different,1,0.05999700000000985,seeing,things,D,F,D,F,internal
556.8863868387349,1793.2935288450587,2688.1706096702246,3.1134707235243657,3.2090503079089285,3.455498024781117,5512.820512820513,0.00022695996338573278,311.58664183446706,0.075,0.33482142857142855,1-0-495-1,i,UT_014,014,2,fave,88.16900366969449,48.05019616776271,4,things,1,0.20001200000001518,different,and,TH,NG,TH,NG,internal
470.72687678234365,2214.2575630182837,2786.383973156781,3.5127096705465077,3.9178938853046814,4.641773363919508,5692.3076923076915,0.00016501001426056042,312.6216398344671,0.025,0.33783783783783783,1-0-498-4,i,UT_014,014,2,fave,95.38280042370435,49.171162243547954,4,trainings,0,0.050018000000022766,different,"",N,NG,N,NG,internal
448.18537299351163,1629.231205070878,2400.783194993786,2.832147820661019,3.2737217883712066,4.333297268975403,5871.794871794871,0.00007747627870165401,335.80245449659867,0.031,0.32978723404255317,1-0-514-1,i,UT_014,014,2,fave,138.88797002892989,66.51425970389964,4,been,1,0.06997599999999693,i've,there,B,N,B,N,internal
448.2474749145884,1387.1644427293977,2892.4706481484945,2.2590576798544557,3.0048896009871613,4.15644906422938,5871.794871794871,0.000010314724588526871,349.08855649659864,0.031,0.32978723404255317,1-0-547-1,i,UT_014,014,2,fave,115.26140902568815,59.09317976771579,4,this,1,0.0699769999999944,to,place,DH,S,DH,S,internal
519.6041987855873,1538.6507475157487,1685.1864585631622,3.342824139414846,3.313408190757799,4.3117776111874235,5512.820512820513,0.00006999404225975464,363.5255398344671,0.025,0.33783783783783783,1-0-592-0,i,UT_014,014,2,fave,104.55056250392744,53.85067977484058,4,environment,0,0.050018000000022766,better,better,#,N,*hr,N,initial
536.8941028290833,1704.7788072176809,1927.6361302354112,3.5313435409688205,3.5086085975364316,4.271999600194299,6410.25641025641,0.00024939207632853255,368.66054483446715,0.035,0.33653846153846156,1-0-607-0,i,UT_014,014,2,fave,90.85205907107465,46.27052443454651,4,input,1,0.080016999999998,your,and,#,N,R,N,initial
361.1154791474862,1740.143212820064,2738.156396948007,3.083904009515682,4.1835093553428715,4.238365297739721,4435.897435897436,0.00017883824849888432,382.70764350340136,0.025,0.33783783783783783,1-0-645-1,i,UT_014,014,2,fave,107.01362429800938,51.31463145553452,4,just,0,0.05001900000002024,"","",JH,S,JH,S,internal
546.3258576341742,1210.9830434476935,2674.4533141979923,3.29261475600996,3.699202041581979,4.662568693043619,5871.794871794871,0.00004265671525915523,384.6326461655329,0.035,0.33653846153846156,1-0-654-0,i,UT_014,014,2,fave,128.9094164366029,61.00863833304697,4,implement,1,0.07998600000001943,we'll,that,#,M,L,M,initial
523.3059445448162,1600.479788521913,1806.599477047639,3.412354323857064,3.48190725173292,4.45678731568364,5692.3076923076915,0.00007819397459072705,401.5825468344671,0.025,0.33783783783783783,1-0-699-0,i,UT_014,014,2,fave,97.76043767640017,51.8931257847413,4,in,0,0.050018000000022766,more,two,#,N,R,N,initial
346.0049643285681,1983.8469047925557,2792.556329193061,2.6006014156381116,3.398581163450778,3.881264350686907,6410.25641025641,0.000022463722411188194,410.5338408344671,0.025,0.33783783783783783,1-0-724-1,i,UT_014,014,2,fave,114.624523624751,53.756177304211114,4,beginning,0,0.05001799999996592,"",of,B,G,B,G,internal
556.554791182501,1695.1471259577877,2781.6811187320072,2.66802910312127,3.5433289926634126,3.6719433037920686,6051.282051282051,0.0006910879122739138,415.82913883446713,0.091,0.3321167883211679,1-0-729-0,i,UT_014,014,2,fave,119.75876650677309,61.36264728266285,4,in,1,0.25,it's,i,#,N,S,N,initial
391.09713702015716,1339.9244696234628,3027.440175304363,2.88192821446171,3.9542831683818784,4.2111396907016765,5692.3076923076915,0.00008001687863597973,433.2618608344671,0.027000000000000003,0.32142857142857145,1-0-753-1,i,UT_014,014,2,fave,107.76708742976972,53.338466296962956,4,just,0,0.05999700000000985,was,one,JH,S,JH,S,internal
545.8529658943876,1703.9310377735876,2805.984654009834,3.2383554886158827,2.701592335358908,3.96292713096582,5512.820512820513,0.00006794430976122196,437.2488408344671,0.04100000000000001,0.3306451612903227,1-0-767-0,i,UT_014,014,2,fave,119.98065169611523,57.54167523054655,4,in,0,0.10000600000000759,going,every,#,N,N,N,initial
414.82080724815035,1374.0997751615148,2298.227001309448,2.907525995184593,3.581611626561887,4.548704625659421,5871.794871794871,0.0007478569119614123,441.28715483446706,0.037,0.32456140350877194,1-0-778-0,i,UT_014,014,2,fave,92.92065156325069,48.61443875972008,4,is,0,0.08999600000004193,who,a,#,Z,uw,Z,initial
536.194036884319,1505.785778066143,3233.0305003824583,2.7075045427903928,3.5768290214285976,3.994042430175089,6410.25641025641,0.00006777574597029059,445.8941341655328,0.031,0.32978723404255317,1-0-798-0,i,UT_014,014,2,fave,113.15879957595659,56.931485604657,4,it,0,0.07000800000002982,do,"",#,T,Tuw,T,initial
406.0950101593106,1103.8491154983476,2985.8951367769246,2.77323614647773,4.364328830820259,4.236170911067158,5871.794871794871,0.00018681765701496013,448.5421591655329,0.027000000000000003,0.32142857142857145,1-0-804-0,i,UT_014,014,2,fave,102.25523086113836,49.26227187032577,4,it's,0,0.05999700000000985,sometimes,worth,#,T,Z,T,initial
481.65331678803426,1764.4120279204064,2765.0808338650313,2.9244675433866685,3.465572883603732,4.112860672038284,5153.846153846154,0.00009606853941414988,451.1221508344671,0.027000000000000003,0.32142857142857145,1-0-813-0,i,UT_014,014,2,fave,92.88538635981504,48.48148612000919,4,it,1,0.05999799999995048,"",turned,#,T,"",T,initial
428.7587393739026,1704.0407812039475,2921.616239386177,2.768164707862884,2.7001195506226927,4.155219821869392,6230.7692307692305,0.0018051544841933597,480.4885521655329,0.101,0.3322368421052631,1-0-846-0,i,UT_014,014,2,fave,102.8152454914826,56.00735305907917,4,is,0,0.27999899999997524,desert,often,#,Z,T,Z,initial
571.9750477352235,1244.4674622934585,2711.3343518084885,3.1673519708360054,4.023203126769775,4.105297425689549,5512.820512820513,0.000023366868851543558,487.7942455034014,0.027000000000000003,0.32142857142857145,1-0-862-1,i,UT_014,014,2,fave,111.35917746797197,52.771858725851686,4,this,1,0.060027999999988424,and,and,DH,S,DH,S,internal
468.293927456484,1477.9230449169972,2936.9679865722333,3.042745008329663,3.6916922839151765,4.258095194829213,5871.794871794871,0.0059669212060724855,488.71424383446714,0.047,0.3263888888888889,1-0-867-0,i,UT_014,014,2,fave,117.64354222887755,46.78919385073884,4,it's,0,0.11999500000001717,"",not,#,T,"",T,initial
546.8405298190979,1665.4805540907753,2662.555476652969,3.029780486588977,3.240310730723485,4.551024156451726,5871.794871794871,0.0002550580038444758,489.2582561655329,0.035,0.33653846153846156,1-0-870-0,i,UT_014,014,2,fave,95.7284640106706,42.58065268456348,4,it's,0,0.0799870000000169,"",the,#,T,"",T,initial
524.4312440896538,2079.929634587352,2642.150917463439,3.528374334936402,3.481205524067612,3.6961116140843933,5512.820512820513,0.00029026666220687534,489.75325183446716,0.045,0.3358208955223881,1-0-872-1,i,UT_014,014,2,fave,109.44326005833453,50.80726225228371,4,pinks,1,0.11001599999997325,the,it's,P,NG,P,NG,internal
489.31051847837375,1554.7067902994381,2774.2900685992763,2.4564301870860463,3.190590535103685,3.8127387532848576,6769.2307692307695,0.000012778602880671186,492.8742511655329,0.027000000000000003,0.32142857142857145,1-0-879-1,i,UT_014,014,2,fave,128.67580843010978,60.3514642767142,4,different,1,0.05999800000000732,all,colors,D,F,D,F,internal
432.17738791417,1810.6121201311446,2705.992620189568,2.555831270774398,2.9007649147622456,4.206412216080282,6051.282051282051,0.00005457193060955299,495.4171508344671,0.031,0.32978723404255317,1-0-885-0,i,UT_014,014,2,fave,105.80481035395057,56.43838443315397,4,it,1,0.07000700000003235,way,just,#,T,eyF,T,initial
414.9853534779985,1656.97875809491,2977.50065465752,2.9332007955291433,3.115869560350017,4.033665348441615,5871.794871794871,0.00018116827010679088,495.6201571655329,0.037,0.32456140350877194,1-0-886-1,i,UT_014,014,2,fave,109.06310002221566,54.93268834991576,4,just,0,0.08999599999998509,it,m,JH,S,JH,S,internal
488.88388417825723,1438.4196534233513,2542.030789080385,3.2317955555304754,3.2084118009671276,3.8309053908266835,5333.333333333333,0.0030358737098324616,498.3301391655329,0.057,0.32758620689655177,1-0-895-0,i,UT_014,014,2,fave,120.17121972506558,54.10961902124252,4,it's,0,0.14999299999999494,"","",#,T,"",T,initial
431.92423841720785,1784.797234304552,2685.148978776666,2.54887595024583,2.983736232664036,3.7538879798581593,5871.794871794871,3.735449908205496e-6,498.9651435034014,0.027000000000000003,0.32142857142857145,1-0-898-1,i,UT_014,014,2,fave,137.8029096220778,66.57651884616449,4,different,1,0.0600289999999859,a,type,D,F,D,F,internal
442.35380154856296,1770.6154754704417,2801.4108247682225,2.5158176455283296,3.2715041052713048,4.122129295738219,5871.794871794871,0.00019852632055503486,511.39784483446715,0.045,0.3358208955223881,1-0-917-1,i,UT_014,014,2,fave,98.80086040049338,57.36092970872101,4,kid,1,0.11001500000003261,little,"",K,D,K,D,internal
494.61338784430825,1521.3827512411983,1862.2423742153715,2.632701428458696,3.8009550398765652,3.78332376310493,5871.794871794871,0.000025543076082552824,514.1430191655329,0.027000000000000003,0.32142857142857145,1-0-923-2,i,UT_014,014,2,fave,108.79626104422312,58.268761359187856,4,trips,1,0.05999799999995048,family,down,R,P,R,P,internal
510.2992297883492,1618.9617232878024,2593.138970996235,3.3472067265495475,3.192315241741607,3.717640156202832,6051.282051282051,0.0002694297414804248,520.1480248344672,0.037,0.32456140350877194,1-0-944-3,i,UT_014,014,2,fave,98.27935346168931,49.59015041835998,4,manage,0,0.09002699999996366,could,"",N,JH,N,JH,internal
471.0145591931734,1529.4935127323804,2823.8289097393326,2.823367590849564,3.0209281556182654,3.905524651048236,5333.333333333333,0.000057398837776789573,521.424927165533,0.031,0.32978723404255317,1-0-950-1,i,UT_014,014,2,fave,95.60664595463194,52.276799309446154,4,visit,1,0.07000700000003235,there,family,V,Z,V,Z,internal
539.583084605494,1486.351212886469,2707.7356490798315,3.006351153169467,3.6934700248408574,4.419807456708546,5512.820512820513,0.011806176636543486,537.4815398344672,0.075,0.33482142857142855,1-0-977-0,i,UT_014,014,2,fave,156.84795043757208,47.92292827859284,4,it's,0,0.2000119999999015,"",actually,#,T,"",T,initial
465.3753282682446,1709.5141874205783,2952.797328919149,2.6897975369022586,3.25703719907702,4.20432360517594,6410.25641025641,0.00021998556642434494,539.5695248344671,0.031,0.32978723404255317,1-0-984-3,i,UT_014,014,2,fave,112.9808242009352,59.24686190611785,4,activities,1,0.07000700000003235,favorite,were,T,V,T,V,internal
576.6672440273451,1394.183813991833,2715.6780118609236,3.550763446728333,3.755451294291961,3.879374200827656,5512.820512820513,0.00027412834378898757,541.0845405034013,0.04100000000000001,0.3306451612903227,1-0-988-2,i,UT_014,014,2,fave,106.39052807472397,52.96329424831422,4,going,0,0.10003600000004553,"",out,ow,NG,ow,NG,internal
566.4789690385351,1374.7568453296249,2668.275373212786,3.501807267370639,3.4422021061145127,3.886710672767216,5333.333333333333,0.0001079007123803379,545.3295291655329,0.031,0.32978723404255317,1-0-998-2,i,UT_014,014,2,fave,98.58285726993759,52.51636025633086,4,going,0,0.07000700000003235,"",out,ow,NG,ow,NG,internal
505.8318335668334,1813.602746495292,2635.0290141626983,3.1931610559668964,3.244478061416782,3.785509624931855,5512.820512820513,0.0000162495122399732,548.5065381723357,0.025,0.33783783783783783,1-0-1009-1,i,UT_014,014,2,fave,97.57956975011636,54.25462061976199,4,mini,1,0.0500489999999445,the,grand,M,N,M,N,internal
447.46500292727416,1831.4771518646567,2650.701855632986,2.384701586820045,3.1583073428967032,4.09243784755401,5871.794871794871,0.00007357577541557463,573.5996231655329,0.027000000000000003,0.32142857142857145,1-0-1044-1,i,UT_014,014,2,fave,92.2117011726239,50.438156782958984,4,get,1,0.05999800000006417,to,down,G,T,G,T,internal
443.07569827012156,1692.367849018421,2951.846922334748,2.648680289199102,3.4797835617333153,4.410719501617668,6051.282051282051,0.0007095058057927644,592.120840834467,0.035,0.33653846153846156,1-0-1056-1,i,UT_014,014,2,fave,106.93204788429487,51.10200623631152,4,because,0,0.080016999999998,expert,i,B,K,B,K,internal
428.4436368616912,1587.0653880867337,3004.9081578868213,2.60017723031097,3.640522771694949,4.103555479521552,5333.333333333333,0.000020844888034331622,594.3288628344671,0.031,0.32978723404255317,1-0-1063-2,i,UT_014,014,2,fave,134.56761505247098,63.56249176805179,4,still,1,0.07000799999991614,learn,"",T,L,T,L,internal
488.5370591998323,1590.8395929528165,2754.2584996460523,2.758325321897748,3.095476054010586,3.809558588615102,5512.820512820513,0.000014071837850694257,598.5668481655329,0.027000000000000003,0.32142857142857145,1-0-1072-6,i,UT_014,014,2,fave,124.73812179896615,60.84078167386769,4,rebuilding,0,0.05999700000006669,"",and,D,NG,D,NG,internal
443.1740961317491,1600.0170923276157,2694.2312656334325,2.328524538474235,3.629665376273412,3.7277656293771693,5871.794871794871,8.665172640968467e-6,598.9158401723357,0.025,0.33783783783783783,1-0-1074-1,i,UT_014,014,2,fave,112.13387311448747,62.666247197385836,4,building,1,0.0500489999999445,and,engines,B,L,B,L,internal
529.9913208163522,1493.7705599892763,2724.444622361162,3.4300949393906146,3.647680548176269,3.7363080149525,5333.333333333333,0.00010188922971911287,599.0768571655329,0.027000000000000003,0.32142857142857145,1-0-1074-4,i,UT_014,014,2,fave,103.71217430161316,54.209041005185234,4,building,0,0.05999799999995048,and,engines,D,NG,D,NG,internal
521.1349129765288,1904.5024454506154,2630.007405516761,2.8348656452104173,3.632388896869587,3.353429056219203,6051.282051282051,0.00003026828046456607,610.0343771655329,0.027000000000000003,0.32142857142857145,1-0-1085-0,i,UT_014,014,2,fave,142.49212134594478,54.4578506420297,4,intricacy,1,0.05999700000006669,the,and,#,N,@,N,initial
499.735241645753,1967.0042258170863,2608.3175358315166,3.4657612948335466,3.5531888487375856,3.620702229635682,5153.846153846154,0.00018691621497229395,617.3494574965987,0.055,0.3353658536585366,1-0-1103-0,i,UT_014,014,2,fave,111.34344457056665,48.40123090035448,4,engine,1,0.1399539999999888,same,"",#,N,M,N,initial
465.35242042467496,1681.4570633731346,2525.46010188071,2.5090193371090734,2.8602249285024883,4.372520020737622,6051.282051282051,0.00004292461942437956,620.6882378344671,0.031,0.32978723404255317,1-0-1111-1,i,UT_014,014,2,fave,116.56749122739093,61.030720605431604,4,different,1,0.07000799999991614,completely,scenarios,D,F,D,F,internal
445.18010721540827,1740.047250548344,2821.107848137865,2.6572769203511095,2.92961012751533,3.6495414139275626,6230.7692307692305,0.00009640454561185571,622.2582458344671,0.031,0.32978723404255317,1-0-1114-1,i,UT_014,014,2,fave,106.29300884615745,56.66186298390884,4,different,1,0.07000700000003235,inside,components,D,F,D,F,internal
417.6276473200374,1773.9772451908677,2750.026991581513,2.473158818266251,2.9842459560665344,3.840226497311702,5871.794871794871,0.00004279004618269348,624.8162371655329,0.027000000000000003,0.32142857142857145,1-0-1120-1,i,UT_014,014,2,fave,113.5562650551467,60.08730595605501,4,different,1,0.05999799999995048,"",ways,D,F,D,F,internal
359.3119704405088,1770.0942398117734,2208.7290670331686,3.640235592079999,3.0907289543015586,4.775133562909139,6051.282051282051,0.0032915385985894897,625.760245834467,0.035,0.33653846153846156,1-0-1123-1,i,UT_014,014,2,fave,89.02470687763721,44.713944189890476,4,repair,0,0.080016999999998,of,"",R,P,R,P,internal
432.6095533716655,1748.0758505209274,2706.6252279618247,2.0615221184360464,3.0442044330534235,3.416523045231715,5333.333333333333,0.00008885014306254523,626.9282641655329,0.07100000000000001,0.3317757009345795,1-0-1126-3,i,UT_014,014,2,fave,108.8001232404215,57.58172912996148,4,needed,0,0.190003000000047,are,"",D,D,D,D,internal
461.34864322232283,1543.2220557074736,2832.4581465435945,2.573697678454708,3.3056713090951835,4.552846971127468,6051.282051282051,0.0004193108186206706,646.4891501655329,0.027000000000000003,0.32142857142857145,1-0-1157-1,i,UT_014,014,2,fave,97.22268112517223,53.42481459366831,4,been,0,0.059996999999953005,always,interested,B,N,B,N,internal
494.6449111933487,1724.6618885176163,2793.145469776594,3.398274890276805,3.240887750467047,3.817187351969976,6051.282051282051,0.00008628286435086776,646.6031465034013,0.035,0.3365384615384616,1-0-1158-0,i,UT_014,014,2,fave,95.21182516561336,49.79958493687226,4,interested,1,0.080016999999998,been,"",#,N,N,N,initial
478.8240024531405,2088.434197898329,2644.4200577707134,3.5907925617373073,3.3229664794818397,4.016134589218423,5153.846153846154,0.00007984065070908382,655.3411308344671,0.031,0.32978723404255317,1-0-1184-2,i,UT_014,014,2,fave,106.95569048876337,50.077560009586705,4,being,0,0.07000800000002982,"",young,iy,NG,iy,NG,internal
488.24940529879217,1915.0051696807632,2752.8848049171734,3.4580939254491607,3.4138307800351044,3.871418691427289,5871.794871794871,0.0002394831846237824,667.6633714965986,0.035,0.3365384615384616,1-0-1226-0,i,UT_014,014,2,fave,102.419884551505,44.19126217661699,4,interested,1,0.07995600000003833,gearhead,in,#,N,spn,N,initial
538.8531215115909,1792.8871569656974,2838.1322184413266,3.1832210798785017,3.6324965011436325,4.185928359107019,5512.820512820513,0.0007377619661855854,669.6613628344672,0.07100000000000001,0.3317757009345795,1-0-1232-1,i,UT_014,014,2,fave,103.89061201927954,52.58767242425633,4,things,1,0.1900029999999333,of,"",TH,NG,TH,NG,internal
430.1773721206513,1618.5603553905332,2880.4529585985783,2.602701359885595,3.1433393565712984,4.247964110408528,6051.282051282051,0.00023146390607854393,697.0231385034014,0.040999999999999995,0.33064516129032256,1-0-1270-3,i,UT_014,014,2,fave,93.11730207248257,55.10324514194395,4,position,1,0.10003699999992932,chief,which,Z,SH,Z,SH,internal
524.9690864558229,1507.2455252643826,2692.274438826437,3.592419057983749,3.146104675225896,4.071011465165581,5871.794871794871,0.000031452835123888015,697.5151385034013,0.025,0.33783783783783783,1-0-1271-1,i,UT_014,014,2,fave,-1448.1546878700494,45.34622065095673,4,which,1,0.0500489999999445,position,"",W,CH,W,CH,internal
437.6845172022831,1620.1983113076303,2859.045046385525,2.1626170517630747,3.547993646645867,4.265368329919593,5871.794871794871,0.000019568523207524756,698.6261741655329,0.027000000000000003,0.32142857142857145,1-0-1274-2,i,UT_014,014,2,fave,112.93417403437552,62.801312153236715,4,still,1,0.059996999999953005,you're,a,T,L,T,L,internal
584.1287530314706,1752.5507539842483,2791.933102109573,3.3214668154979208,3.170847255400487,4.300765798769114,6589.74358974359,0.000891223861078299,699.1901598276644,0.035,0.3365384615384616,1-0-1276-5,i,UT_014,014,2,fave,93.65492265132558,52.77818023599216,4,mechanic,0,0.07995600000003833,a,"",N,K,N,K,internal
486.917972291153,1398.7538143051993,2808.885269157908,3.420137931983927,3.9511686197977625,4.336571826673174,6051.282051282051,0.0001342158818182368,705.8193441723357,0.025,0.33783783783783783,1-0-1297-1,i,UT_014,014,2,fave,88.04937847170824,48.83259366990899,4,military,1,0.050047999999947024,the,is,M,L,M,L,internal
457.68772564932397,1645.8730495101368,2849.77334431689,2.7332856914929002,2.914619741441717,4.008309114659035,5512.820512820513,0.002230033246032728,706.4573455034013,0.161,0.33264462809917356,1-0-1298-0,i,UT_014,014,2,fave,232.42031216715856,48.37697727155883,4,is,0,0.46002199999998084,military,"",#,Z,iyF,Z,initial
426.7783526507233,1823.1092857389954,2514.8738151393504,2.6415572572516064,3.227821962494371,3.973721085391016,6051.282051282051,0.00003652142612849845,707.9503368344672,0.027000000000000003,0.32142857142857145,1-0-1302-1,i,UT_014,014,2,fave,105.19334421052073,61.87877759045686,4,shift,1,0.05999799999995048,a,lead,SH,F,SH,F,internal
546.3905343763313,1766.406873091447,2714.7592122293345,2.770735090954104,3.3349359085284505,3.7923063143686577,5871.794871794871,0.000185570825581904,718.1791701655329,0.065,0.3350515463917526,1-0-1332-0,i,UT_014,014,2,fave,105.38282062441552,57.70444270927462,4,in,1,0.169983000000002,come,"",#,N,M,N,initial
581.8199371868367,1692.7424922132388,2707.8358975939186,3.645371936461185,2.8652928783299974,4.716899185343188,6410.25641025641,0.00023841358796105689,719.3521618276644,0.031,0.32978723404255317,1-0-1334-6,i,UT_014,014,2,fave,103.09760492280238,53.77227864276144,4,recovering,0,0.06994600000007267,"",them,*hr,NG,*hr,NG,internal
500.77038704647407,1382.350656357907,2754.077629813326,2.381307305850727,3.6528967761980837,4.076566649890626,6051.282051282051,0.0002905175219323942,724.5783228344671,0.037,0.32456140350877194,1-0-1346-1,i,UT_014,014,2,fave,100.52321663387713,63.75205435879973,4,with,1,0.09002699999996366,along,the,W,TH,W,TH,internal
476.1116385296153,2134.5685390775216,2858.477542558771,3.2407287062632055,3.5028257790910002,3.7072618731630427,5153.846153846154,0.002699681888983467,745.4622528344671,0.075,0.33482142857142855,1-0-1366-0,i,UT_014,014,2,fave,101.58098414984057,40.81369191325504,4,engine,1,0.20001200000001518,the,"",#,N,iyF,N,initial
559.5605098760004,1660.0995084796627,2894.2152998369875,2.8178942137712,2.9432809678424428,4.1618850218505195,6051.282051282051,0.00018726403701470803,746.0482321655329,0.027000000000000003,0.32142857142857145,1-0-1368-0,i,UT_014,014,2,fave,NaN,45.65997602397622,4,in,0,0.059996999999953005,"",one,#,N,"",N,initial
504.9320655906214,1617.6511848512116,2837.3749672844906,2.427515656768669,3.3026428597334374,4.172338175917181,6410.25641025641,0.00005375731279372425,749.8474261655329,0.027000000000000003,0.32142857142857145,1-0-1380-0,i,UT_014,014,2,fave,500.0342970240949,55.13820896783652,4,it,1,0.05999800000006417,got,stock,#,T,T,T,initial
552.3121687239271,1697.634000516005,2589.2664137749225,2.6667958112188215,2.795462321049299,3.6185160474330105,5871.794871794871,0.00010019047720421028,751.4474431655328,0.067,0.3284313725490196,1-0-1387-0,i,UT_014,014,2,fave,99.58944099992635,55.387339887731166,4,in,0,0.17999300000008134,went,"",#,N,T,N,initial
498.9093265816356,1643.1640464578297,2805.4347108257534,2.5806062878768734,3.083231576259584,4.193176062691861,6051.282051282051,0.0006851969149272435,752.631451834467,0.055,0.3353658536585366,1-0-1390-0,i,UT_014,014,2,fave,92.03192834499998,54.952583246987444,4,it,0,0.140013999999951,modified,so,#,T,D,T,initial
572.0632318702267,1724.1508897336557,3763.0324415135606,3.2448116083266445,3.4759674230150015,4.690585679206982,7128.205128205128,0.0007309310846506151,793.323965834467,0.035,0.33653846153846156,1-0-1442-3,i,UT_014,014,2,fave,110.81891624806384,56.30866224542324,4,tearing,0,0.080016999999998,say,it,R,NG,R,NG,internal
377.04378978032696,1621.504478085806,3030.407886840284,2.453438637496769,3.2485715613259782,3.498785082455649,5871.794871794871,0.0003138948218788973,793.8569405034013,0.04100000000000001,0.3306451612903227,1-0-1445-0,i,UT_014,014,2,fave,253.02657704470582,49.95873790295497,4,is,0,0.10003600000004553,apart,the,#,Z,T,Z,initial
448.55211142523024,1469.8206786152234,1748.889515372826,2.31747970521595,3.1499353231709333,3.625005787829687,4794.871794871795,0.00003682928427906158,795.9689411723357,0.025,0.33783783783783783,1-0-1455-0,i,UT_014,014,2,fave,433.605940766934,49.079326069925706,4,it,0,0.0500489999999445,where,"",#,T,R,T,initial
452.9019682472711,1732.4535412719742,2956.723127097665,2.7439290620228562,3.359323091138617,3.8114561709861787,6769.2307692307695,0.00023883288293756962,799.8103681655329,0.047,0.3263888888888889,1-0-1467-1,i,UT_014,014,2,fave,111.75764983964638,57.97627298877509,4,biggest,1,0.11999500000001717,[bracketed],piece,B,G,B,G,internal
419.119428144859,1717.152606642915,2767.4722964701145,2.7463905740774277,3.4100853870821126,3.891424892534787,5871.794871794871,0.000271973653102958,801.2043368344671,0.035,0.3365384615384616,1-0-1473-0,i,UT_014,014,2,fave,85.03381891751314,51.01752183590952,4,is,1,0.08001799999999548,say,just,#,Z,eyF,Z,initial
368.2628921763991,1554.885020582424,2927.7793173236014,2.6638223987428513,3.5525629659297397,3.5955826265525728,5512.820512820513,0.00010993068130956909,801.3803241655329,0.027000000000000003,0.32142857142857145,1-0-1474-1,i,UT_014,014,2,fave,90.49133342117739,49.575516665660814,4,just,0,0.05999799999995048,is,"",JH,S,JH,S,internal
406.9300773749607,1565.8537779545034,2979.9295660165935,3.0962723642634047,3.3063043418862876,3.8760624198406495,5871.794871794871,0.00022455759056988793,807.2547585034013,0.035,0.33653846153846156,1-0-1489-1,i,UT_014,014,2,fave,95.71845148277299,45.825463867227114,4,just,0,0.080016999999998,out,take,JH,S,JH,S,internal
485.33855186928355,1227.0656174532062,2657.573124744249,2.6016399995439023,3.4996256524598763,4.147128648727855,5871.794871794871,0.00012945238826829198,809.5107561655329,0.027000000000000003,0.32142857142857145,1-0-1495-1,i,UT_014,014,2,fave,84.84758976925309,50.89473390734279,4,with,0,0.05999799999995048,methodical,it,W,TH,W,TH,internal
489.3892442112715,1547.0428261667112,2763.918225080454,2.2131122295485763,2.933424702778793,3.4478636654878354,5871.794871794871,0.0001888297471517549,809.6597654965987,0.045,0.3358208955223881,1-0-1496-0,i,UT_014,014,2,fave,488.75161990319293,51.00866275235592,4,it,0,0.10998500000005151,with,understand,#,T,TH,T,initial
521.5352200821201,1775.7834894197745,2684.9525277505486,3.148476235179655,3.371373318912943,3.954709177034166,5333.333333333333,0.00038312936358077753,823.193228834467,0.035,0.3365384615384616,1-0-1529-1,i,UT_014,014,2,fave,104.1013249438118,51.19971165154956,4,things,1,0.080016999999998,of,really,TH,NG,TH,NG,internal
480.9765081868049,1631.0344860657092,2965.1835230287456,3.1877154183242964,3.4654749158830342,3.673987403750598,6589.74358974359,0.00017762788505168816,823.6342375034014,0.037,0.32456140350877194,1-0-1530-1,i,UT_014,014,2,fave,100.75353257416604,54.36400996181348,4,really,1,0.09002599999996619,things,"",R,L,R,L,internal
528.748400585553,1433.3568186045911,2635.058292200987,2.519084568789728,3.5342663485696724,4.538339104280605,6051.282051282051,0.0005673226847754163,831.714947834467,0.055,0.3353658536585366,1-0-1542-0,i,UT_014,014,2,fave,112.57101868863693,60.621948973001274,4,it,1,0.1400140000000647,through,"",#,T,Tuw,T,initial
453.99120066237396,1854.6294020785028,2778.9326394349955,2.2053937869517752,3.468290465895275,4.214581075507708,6230.7692307692305,0.0010209601610370997,841.2099391723356,0.085,0.3346456692913386,1-0-1573-1,i,UT_014,014,2,fave,114.62958036460198,66.24614673224244,4,big,1,0.23004199999991215,"","",B,G,B,G,internal
432.9038654903701,1660.2228785406826,2894.22155153378,2.2837498778475087,3.3585061317386327,4.137668769601559,5871.794871794871,0.00010491155747571336,844.275945834467,0.031,0.32978723404255317,1-0-1579-1,i,UT_014,014,2,fave,95.4599634025341,58.97313270282702,4,shift,1,0.07000700000003235,a,lead,SH,F,SH,F,internal
468.7093360813627,1372.0251492680227,2724.218059664078,2.8714866963236565,3.717392200284266,4.528352608659073,6051.282051282051,0.00019123960824490293,851.5552095283446,0.029,0.32222222222222224,1-0-1603-0,i,UT_014,014,2,fave,110.71899375740503,60.84655859917028,4,it,0,0.06695600000000468,do,"",#,#,Tuw,"",coextensive
443.7449568820633,1435.4479812409827,2939.0195747950593,2.390996675109056,3.1128089776491126,3.7336209481424856,5871.794871794871,0.00013810295309528377,854.0440728344671,0.031,0.32978723404255317,1-0-1614-1,i,UT_014,014,2,fave,88.77911271968014,52.2428711214299,4,this,1,0.07000800000002982,to,again,DH,S,DH,S,internal
397.90807928804566,1788.9595104248317,2804.585570586466,2.984330784939517,2.8310559620139957,4.469917856012308,6410.25641025641,0.0002037803310274689,870.4140678344671,0.031,0.32978723404255317,1-0-1642-1,i,UT_014,014,2,fave,94.05983978233921,51.922429430906476,4,repair,0,0.07000800000002982,to,them,R,P,R,P,internal
508.2783402663778,1598.04518917633,1809.838632174152,3.0985035693164558,3.169840832671163,3.0084922289192746,4794.871794871795,0.0016864519829034674,870.9720658344671,0.027000000000000003,0.32142857142857145,1-0-1645-1,i,UT_014,014,2,fave,94.98904652252101,48.508864947863024,4,repair,0,0.05999800000006417,and,them,R,P,R,P,internal
496.57305684996476,1641.8469961143217,2737.991186053636,2.98066072144068,3.363174929371924,3.626985663963181,5333.333333333333,0.00004824030222588161,927.353262834467,0.035,0.3365384615384616,1-0-1661-1,i,UT_014,014,2,fave,119.37133201088149,60.60859386712496,4,milked,1,0.080016999999998,farmer,the,M,L,M,L,internal
461.7395702034662,1738.070583288343,2216.3274311598752,2.892329793953094,3.4670299794014663,4.522349841036382,6769.2307692307695,0.0007601034938191217,930.983257834467,0.055,0.3353658536585366,1-0-1670-0,i,UT_014,014,2,fave,161.98322430790282,50.57821384417818,4,is,1,0.1400149999999485,author,called,#,Z,*hr,Z,initial
454.9931929507074,1621.9604110262744,2713.3170156652013,2.4441132177188307,3.4544539910837346,3.549879305326016,5153.846153846154,0.00025258871341022444,935.2242464965987,0.037,0.32456140350877194,1-0-1681-1,i,UT_014,014,2,fave,109.65741811663202,59.04602866450987,4,fiddle,1,0.08996600000000399,a,from,F,D,F,D,internal
520.0243154908756,1802.36724485844,2669.5166767008695,2.6853044199105014,3.3960892046040305,3.5111907037764416,5153.846153846154,0.00027105836010163874,935.7082401723355,0.065,0.3350515463917526,1-0-1683-0,i,UT_014,014,2,fave,88.51489187708981,47.90276936477895,4,italy,1,0.17004399999996167,from,"",#,T,M,T,initial
527.6342945742674,1421.6032887855813,3088.4121504180953,2.9358508326396313,4.032376510752354,4.128427947715103,4974.358974358975,0.0000511009533024996,939.4002278344672,0.027000000000000003,0.32142857142857145,1-0-1693-1,i,UT_014,014,2,fave,103.30635742854909,54.15772685252474,4,since,1,0.059996999999953005,elf,last,S,N,S,N,internal
422.6380714856797,1927.4594515002268,2678.6514647988943,2.619020456132883,3.5727602976511625,4.109675757173067,5333.333333333333,0.00033879235890980886,950.8592341655329,0.045,0.3358208955223881,1-0-1717-0,i,UT_014,014,2,fave,123.13235036826376,50.66209613585427,4,into,0,0.10998499999993783,crashed,an,#,N,T,N,initial
486.23701223210935,1678.3998254477592,2891.8249661075515,2.6187760202073522,3.078431090394931,3.847205922152761,6589.74358974359,0.00008429713691827878,955.7342448344671,0.035,0.33653846153846156,1-0-1729-2,i,UT_014,014,2,fave,285.68740514046686,57.01474679648874,4,britain,1,0.080016999999998,about,in,R,T,R,T,internal
479.4483635082801,1696.9130700087196,2797.283630366972,3.202580918967174,2.900099532062443,3.2220379618616843,5692.3076923076915,0.00003093061776135366,955.9502758344671,0.027000000000000003,0.32142857142857145,1-0-1730-0,i,UT_014,014,2,fave,112.02165507789637,52.62504282046684,4,in,0,0.05999800000006417,britain,school,#,N,N,N,initial
438.5397954353446,1709.9319696133805,3150.038479840801,2.5222869586351657,3.634845383910006,3.7582806350944526,6948.717948717948,0.0001012629853313357,958.1622368344671,0.031,0.32978723404255317,1-0-1735-0,i,UT_014,014,2,fave,108.20990933242089,59.831737183668075,4,is,1,0.07000800000002982,store,ready,#,Z,R,Z,initial
494.1442986216941,1621.5748990781578,2754.301262486827,3.5125002829218777,3.535477803934186,4.079066367018271,6051.282051282051,0.006936923991205943,963.6192694965986,0.10500000000000001,0.3343949044585987,1-0-1749-0,i,UT_014,014,2,fave,110.71215936088984,38.308984022927405,4,in,0,0.28997800000001916,latin,"",#,N,N,N,initial
546.1411309004824,1691.2654300421473,2629.198960642986,3.119116667306384,2.9835103760943094,3.4052571305733004,5153.846153846154,0.00003437625378409126,980.8751634965987,0.035,0.3365384615384616,1-0-1791-4,i,UT_014,014,2,fave,105.03049216924437,55.754404028323286,4,planted,0,0.07995599999992464,gardener,shells,N,D,N,D,internal
441.94424274960045,1745.5826070882297,2699.8789427848396,2.4853423885360835,3.2484279745002955,4.044130187750547,5871.794871794871,0.0005204094311938233,986.7361484965986,0.037000000000000005,0.324561403508772,1-0-1800-0,i,UT_014,014,2,fave,355.08472733310015,51.80597988566969,4,in,0,0.08996600000000399,hiked,the,#,N,T,N,initial
405.95602383665306,1587.3051607011837,2814.064948206825,2.4393939088427543,3.0939769968807234,3.186325059421789,4974.358974358975,0.000019781842047319908,1001.5718578344671,0.027000000000000003,0.32142857142857145,1-0-1842-0,i,UT_014,014,2,fave,86.79871035316008,55.93264750433685,4,is,0,0.05999800000006417,breakfast,bread,#,Z,T,Z,initial
457.1553743138527,1853.1838621739116,3235.789707644754,3.018378799369417,3.5675217565146427,4.099838605909207,6769.2307692307695,0.0003502871871532838,1002.5018451655329,0.027000000000000003,0.32142857142857145,1-0-1846-1,i,UT_014,014,2,fave,91.10359231371956,55.31440573042052,4,with,0,0.05999799999995048,butter,jam,W,TH,W,TH,internal
408.42248529879515,1672.561329143329,2793.9441503050352,2.0418112996241784,3.0612417269613528,3.5489402114478428,5871.794871794871,0.00010572069984710676,1008.1908451723356,0.065,0.3350515463917526,1-0-1852-1,i,UT_014,014,2,fave,102.64652036608022,58.894711299288105,4,his,0,0.17004399999996167,lost,bottle,HH,Z,HH,Z,internal
554.9420721923822,1362.178917899082,2795.6612708971693,2.8720923040851973,3.390304668334258,3.2522155040256973,5333.333333333333,0.0007881270862848204,1009.0668488344671,0.037000000000000005,0.324561403508772,1-0-1854-0,i,UT_014,014,2,fave,98.49073909998846,49.208160481062166,4,in,0,0.09002699999996366,bottle,the,#,N,L,N,initial
441.57144876632043,1408.7191149818373,2450.878073487711,2.383553622146458,4.0464977301412555,4.483321242751678,6051.282051282051,0.00010698730658586326,1015.333862165533,0.031,0.32978723404255317,1-0-1873-2,i,UT_014,014,2,fave,106.76059085247186,61.08597534292074,4,whittles,1,0.07000799999991614,"",during,W,T,W,T,internal
509.94985625455257,1750.7575734870557,2893.6339670756233,3.3199287752953706,3.0509581585910497,4.414605275733261,7128.205128205128,0.00043011225233120396,1015.8658415034013,0.035,0.3365384615384616,1-0-1874-3,i,UT_014,014,2,fave,104.97076008116946,54.09558632035999,4,during,0,0.08001799999999548,whittles,spring,R,NG,R,NG,internal
494.87184557922455,1704.9430668647922,2380.1415650534336,3.643679662014,2.957948328566441,4.552827936654953,6769.2307692307695,0.0015807830124016861,1016.3858458344671,0.055,0.3353658536585366,1-0-1875-3,i,UT_014,014,2,fave,86.87813011817879,50.448270712453905,4,spring,1,0.1400149999999485,during,"",*hr,NG,*hr,NG,internal
441.6361178915268,1629.8525588487867,2866.866100798958,2.643365425743034,2.788631434848663,3.374586011663064,5333.333333333333,9.795672716390023e-6,1020.621840165533,0.027000000000000003,0.32142857142857145,1-0-1886-1,i,UT_014,014,2,fave,114.17171363514385,60.55355281154685,4,his,0,0.05999799999995048,for,pants,HH,Z,HH,Z,internal
315.7993232291435,1917.2815887886954,2145.4390604231735,2.8977288802475507,3.658140028922821,4.372894664586636,5871.794871794871,0.0002015480846966596,1031.66713684127,0.031,0.32978723404255317,1-0-1890-1,i,UT_014,014,2,fave,102.96613714790918,51.1988265201586,4,reporter,0,0.07006900000010319,the,heard,R,P,R,P,internal
432.2649787171208,1407.1880246156081,2721.594925220634,2.617966271227609,3.693861855590706,3.1347886849012787,4794.871794871795,3.6619935871854646e-6,1035.8645658276644,0.027000000000000003,0.32142857142857145,1-0-1898-6,i,UT_014,014,2,fave,127.82543778959706,60.15449550528133,4,pharmacist,0,0.0599369999999908,my,used,S,S,S,S,internal
564.6689442850095,1651.1883749863644,2770.8025027060057,3.2539931091583445,3.4204873155490736,3.9962388026923863,5512.820512820513,0.0008840050132463996,1045.7341801723358,0.065,0.3350515463917526,1-0-1928-5,i,UT_014,014,2,fave,115.83133545088539,55.03693773792802,4,baroness,0,0.17004399999996167,the,rang,N,S,N,S,internal
427.83814224745765,1763.996226608617,2703.99553005986,2.4677108798221252,3.327646070895127,3.9306154800136803,5333.333333333333,0.00042881554194710875,1049.5901524965984,0.037000000000000005,0.324561403508772,1-0-1938-0,i,UT_014,014,2,fave,269.0451202486896,45.4999224207401,4,in,0,0.08996600000000399,splashed,the,#,N,T,N,initial
484.03523500544003,1760.8307268676522,2818.0026346785526,2.9495557086292075,3.1077552258155907,3.278946973826946,5871.794871794871,0.0003876502600927801,1057.4210854965986,0.037000000000000005,0.324561403508772,1-0-1956-0,i,UT_014,014,2,fave,147.59970413973346,48.32573267836937,4,in,0,0.08996600000000399,"",the,#,N,"",N,initial
457.37727769605107,1865.4759039655316,2716.501000427771,2.488535014353591,3.2960009625420787,3.7778740085005285,5153.846153846154,0.00020443921597370515,1060.2010208412698,0.037000000000000005,0.324561403508772,1-0-1966-1,i,UT_014,014,2,fave,93.71872934828187,56.016319851254075,4,kitten,1,0.09008800000015071,the,next,K,T,K,T,internal
531.8653795215408,1832.8945516313047,2697.4813638106993,3.0660332573361493,3.6459703545868263,3.9561926092518616,6051.282051282051,0.00003874106981822091,1062.8350245034014,0.025,0.33783783783783783,1-0-1971-5,i,UT_014,014,2,fave,108.91150600605471,53.62634406450596,4,mechanic,0,0.05004800000006071,the,found,N,K,N,K,internal
547.3996197768904,1455.6640054152838,2842.1452351003645,3.0014246928453594,4.145329156557406,3.4604767880587546,5333.333333333333,0.00101500453238143,1064.2100308412696,0.035,0.33653846153846156,1-0-1976-0,i,UT_014,014,2,fave,99.30465448756752,49.191019658921334,4,in,0,0.08007800000018506,kale,the,#,N,L,N,initial
512.78253910324,1663.0426057127058,2740.2157226886484,2.525311168835213,3.3751138647747028,3.6200442730734625,5333.333333333333,0.00012074649055376993,1068.3230215102042,0.04100000000000001,0.3306451612903227,1-0-1984-1,i,UT_014,014,2,fave,104.65789023455417,56.74830440207091,4,mittens,1,0.10009800000011637,the,on,M,T,M,T,internal
527.5595785604787,1718.1688363728556,2920.5046870623437,2.96383062696979,3.1976015948144334,3.1715035707020722,6769.2307692307695,0.00007659947178249098,1071.2130365102041,0.040999999999999995,0.33064516129032256,1-0-1993-0,i,UT_014,014,2,fave,112.49961085968442,59.669400585985585,4,in,0,0.10009700000000521,letter,the,#,N,*hr,N,initial
473.11487480113,1428.2587462093352,2735.6515349921915,2.449408824955723,3.530824349141726,3.429119404560521,6051.282051282051,0.00007269768619753243,1077.7860748276644,0.027000000000000003,0.32142857142857145,1-0-2014-1,i,UT_014,014,2,fave,91.41040321330193,55.172354929415675,4,milk,1,0.05993599999987964,the,"",M,L,M,L,internal
501.21559344319405,1548.1121883199548,2811.2505422024833,2.950003159915623,3.532022005135136,4.141074696055931,5512.820512820513,0.00003303253988481033,1079.53375015873,0.027000000000000003,0.32142857142857145,1-0-2018-1,i,UT_014,014,2,fave,101.77429188672865,56.82911142172096,4,milked,1,0.059936000000107015,farmer,"",M,L,M,L,internal
423.0225624098139,1781.4906664619375,3277.554512418222,3.1161613655685882,3.2958590881633234,4.283233825696815,7307.692307692308,0.005028068162343199,1082.552757165533,0.085,0.3346456692913386,1-0-2027-0,i,UT_014,014,2,fave,259.60288940772386,50.57104694224285,4,is,1,0.22998000000006869,author,called,#,Z,*hr,Z,initial
568.3143451114773,1202.8379097396526,2142.2731066921788,2.959699582974389,3.797875712238,3.819908211958498,4794.871794871795,0.00006980377381542857,83.57995016553288,0.037,0.32456140350877194,1-0-37-1,ʌ,UT_014,014,2,fave,115.50274627828087,53.79144620306744,4,roughly,1,0.0899959999999993,think,"",R,F,R,F,internal
631.6803112961146,1505.9535499651247,2534.1007959909934,2.8824922255616428,3.1562731214654187,4.13332503136159,5153.846153846154,0.0009461870041023176,112.27534983446712,0.085,0.3346456692913386,1-0-84-0,ʌ,UT_014,014,2,fave,90.90901587279143,47.477090036502084,4,up,1,0.2300040000000081,went,to,#,P,T,P,initial
589.9091606659937,1020.5570202107313,2952.3309894334657,2.6200281097090654,3.7685716423041042,3.2799528290596958,5692.3076923076915,0.0002489001050312593,115.99535016553288,0.045,0.3358208955223881,1-0-91-1,ʌ,UT_014,014,2,fave,118.32370178619604,57.91223430457124,4,months,1,0.10999999999999943,four,or,M,N,M,N,internal
588.5937925753474,1030.5211846786576,2592.863095941876,3.331204902060785,3.949861038267344,4.063477551735467,5153.846153846154,0.00012733912147685141,117.30635283446712,0.047,0.3263888888888889,1-0-95-1,ʌ,UT_014,014,2,fave,115.63623090396601,56.278259448006445,4,months,1,0.12000299999999697,five,"",M,N,M,N,internal
592.0235465644805,1345.205367602005,2295.390518060105,2.964147668108556,3.8056769683637146,4.1627058870099045,5333.333333333333,0.00003566461499288458,123.99035016553289,0.035,0.33653846153846156,1-0-107-2,ʌ,UT_014,014,2,fave,112.02558194315571,56.8908841250807,4,another,1,0.07999399999999923,for,couple,N,DH,N,DH,internal
568.5654917548068,1338.8617280172953,2109.3816665298255,2.8006912257929413,3.9492955430800447,3.8327545542544073,5153.846153846154,0.00006501584962538724,124.26835483446712,0.031,0.32978723404255317,1-0-108-1,ʌ,UT_014,014,2,fave,117.17300767046879,62.66941827151757,4,couple,1,0.06999900000000991,another,years,K,P,K,P,internal
584.8979968868884,1172.822614099536,2091.209655544429,2.584901381742838,3.4467459711850217,4.031913726047147,5153.846153846154,0.00019319357163300735,148.43425116553288,0.035,0.33653846153846156,1-0-148-1,ʌ,UT_014,014,2,fave,97.99235298454046,61.386249724698075,4,roughly,1,0.08000200000000746,"","",R,F,R,F,internal
556.6797388453533,1150.7253377522889,2245.276966015924,2.3297617360181473,3.5411346955991125,3.512123801313827,5153.846153846154,0.00011615725404511752,166.0373531655329,0.031,0.32978723404255317,1-0-169-1,ʌ,UT_014,014,2,fave,92.54613297991327,56.738256894236685,4,rough,1,0.06999300000001085,real,time,R,F,R,F,internal
551.4630713752405,1453.7412487887254,2405.462327722106,2.2632954941086494,3.5304634652137676,4.203218851497115,4974.358974358975,0.00024353519170216634,175.59204316553289,0.065,0.3350515463917526,1-0-178-0,ʌ,UT_014,014,2,fave,112.98867559073292,64.88893714643291,4,up,1,0.16999800000002097,wake,get,#,P,K,P,initial
481.00868462224713,952.7200276968937,2256.9924246139044,2.270910629144374,3.55125539567093,4.383016224315736,4794.871794871795,0.00008181656623388984,189.05305983446715,0.027000000000000003,0.32142857142857145,1-0-220-1,ʌ,UT_014,014,2,fave,477.4072916709372,54.95316931040276,4,what's,1,0.059996999999981426,see,going,W,T,W,T,internal
500.9371635493772,1011.8426168563581,2315.8450345614733,2.324484196436888,3.4394529141501855,4.4026401845700045,4615.384615384615,0.00003366857086323849,192.4820461655329,0.025,0.33783783783783783,1-0-227-1,ʌ,UT_014,014,2,fave,506.12503351441296,51.389311056054694,4,what,1,0.050003000000003794,see,trucks,W,T,W,T,internal
578.5152276700104,1230.70489445375,1897.0140434418383,2.4763970178956196,3.6359016116899214,3.4652081550105946,4256.410256410256,0.00004586668225676024,192.8050541655329,0.031,0.32978723404255317,1-0-228-2,ʌ,UT_014,014,2,fave,98.09633015488858,58.3431443845037,4,trucks,1,0.06999199999998496,what,need,R,K,R,K,internal
588.7954837009586,1357.7385617054838,1908.1929331131525,2.368435793519818,3.8880261931704436,3.9057187124033326,5153.846153846154,0.00010532213981703382,205.3878538344671,0.031,0.32978723404255317,1-0-257-2,ʌ,UT_014,014,2,fave,272.5429805713342,61.05214744451825,4,trucks,1,0.06999200000001338,the,throughout,R,K,R,K,internal
599.3407582250603,1478.9192392600155,2288.804924099616,2.966290284905139,3.8427748275512235,4.209329226913428,5153.846153846154,0.0005128817001311119,213.99854416553288,0.037000000000000005,0.324561403508772,1-0-277-1,ʌ,UT_014,014,2,fave,111.82813633711741,58.9561595652661,4,coming,1,0.08999700000001098,start,in,K,M,K,M,internal
568.4974220785731,1490.5071415751497,2560.307462661089,2.5664732308197453,3.4212139268147417,4.6386197572191525,5153.846153846154,0.0003966621465669992,216.07854616553288,0.037000000000000005,0.324561403508772,1-0-283-0,ʌ,UT_014,014,2,fave,164.14702995536152,60.26079251181227,4,ups,1,0.08999700000001098,write,on,#,P,T,P,initial
569.1830356756481,1275.190851777724,1853.8623769169499,2.409285431414786,3.6091725585736865,3.4488373054402754,4435.897435897436,0.00003448873564982147,216.7555541655329,0.031,0.32978723404255317,1-0-286-2,ʌ,UT_014,014,2,fave,113.09893686665417,63.88587888701662,4,trucks,1,0.06999199999998496,their,that,R,K,R,K,internal
488.2025326723795,1199.096933207536,2751.2608934665163,2.2388551877690195,3.841804115952005,3.7420652503050706,4974.358974358975,0.00019688712755720937,221.6455541655329,0.031,0.32978723404255317,1-0-302-0,ʌ,UT_014,014,2,fave,100.99841692415124,56.804677971017725,4,up,1,0.06999200000001338,close,shop,#,P,Z,P,initial
520.047085880168,876.9672894021205,2322.8468598196305,2.9928297617830553,3.621669153686754,5.068833962532754,5512.820512820513,0.0020202812217100085,256.62764683446716,0.035,0.33653846153846156,1-0-352-1,ʌ,UT_014,014,2,fave,126.01361661888497,56.74849759807204,4,one,1,0.080016999999998,say,thing,W,N,W,N,internal
580.0237056528864,1064.4433659852461,2792.054952532394,2.417336053126747,3.279003652909563,3.425965270170784,5153.846153846154,0.0000701885064599302,297.9737451655329,0.07700000000000001,0.3290598290598291,1-0-459-0,ʌ,UT_014,014,2,fave,99.3690639330779,59.79610633968293,4,up,1,0.20999100000000226,hell,and,#,P,L,P,initial
603.4041142547503,1470.6651423436347,2616.29885229093,2.943396897309555,3.683570527222981,3.784708631652426,5153.846153846154,0.0005756947838328789,300.5987591655329,0.047,0.3263888888888889,1-0-462-3,ʌ,UT_014,014,2,fave,110.5708759535193,60.654343990999195,4,become,1,0.11999499999996033,"",more,K,M,K,M,internal
569.6282439525477,1249.5650273040146,2677.6599669229818,2.3965436281276973,3.921295976635114,4.21291051429591,5692.3076923076915,0.0052954271112713724,310.2216468344671,0.085,0.3346456692913386,1-0-490-2,ʌ,UT_014,014,2,fave,102.4075051599936,56.24955787838985,4,stuff,1,0.23001099999999042,and,and,T,F,T,F,internal
584.1086872564249,1359.0682516624813,2481.102787016945,2.6193417436227615,3.5891803439715,4.193670193554852,5333.333333333333,0.00006754512143466663,342.5165551655329,0.027000000000000003,0.32142857142857145,1-0-528-2,ʌ,UT_014,014,2,fave,116.48674094158321,60.40035974462598,4,another,1,0.05999700000000985,at,garbage,N,DH,N,DH,internal
590.6373075673246,1340.3338557772029,2113.718693244415,2.3061558708704295,3.3914376962344663,4.026803509133835,4794.871794871795,0.00005693885652450138,345.1735548344671,0.04100000000000001,0.3306451612903227,1-0-536-2,ʌ,UT_014,014,2,fave,116.43332179684941,62.43001258656487,4,trucks,1,0.10000600000000759,garbage,"",R,K,R,K,internal
560.0551864792371,1475.8675136968689,2652.4996614870324,2.342608270527332,3.106483746244643,3.731883204107179,5153.846153846154,0.0002798907207597403,356.9535381655329,0.061000000000000006,0.3315217391304348,1-0-567-1,ʌ,UT_014,014,2,fave,145.73987898993488,58.19399156295611,4,cut,1,0.1600029999999606,pay,"",K,T,K,T,internal
552.6046465521976,982.9345081832391,2681.0272684672195,2.7164857010821044,3.533210759810068,3.5181064932180663,5153.846153846154,0.00021511234751788195,361.4355581655328,0.045,0.3358208955223881,1-0-586-1,ʌ,UT_014,014,2,fave,105.48056139689699,55.76080867378047,4,was,1,0.10998600000004899,i,when,W,Z,W,Z,internal
535.148831591541,847.1479116944886,1933.4364699513983,3.2838146952765106,3.3775037197766338,3.8598891656979903,3897.4358974358975,0.00017296756542208345,372.8736418344671,0.037,0.32456140350877194,1-0-619-1,ʌ,UT_014,014,2,fave,101.37495016475954,54.26776565798131,4,one,1,0.08999599999998509,last,"",W,N,W,N,internal
524.4968087830335,1259.5635331052408,2741.1876299767478,2.546554004285423,3.7360242218163386,4.82179505765361,5512.820512820513,0.003367994960628627,385.5536491655329,0.057,0.32758620689655177,1-0-656-1,ʌ,UT_014,014,2,fave,99.710461356181,52.83426507679622,4,but,1,0.1499939999999924,that,"",B,T,B,T,internal
627.7183635473201,1185.9968013305222,2744.3577622120515,2.28459949113263,3.1498751781034193,3.5068751658766057,5153.846153846154,0.00025242361101291994,394.91645083446707,0.065,0.3350515463917526,1-0-674-1,ʌ,UT_014,014,2,fave,145.09898374974802,58.66002826770115,4,but,1,0.17001300000003994,"","",B,T,B,T,internal
616.0219419023879,1501.4425514444883,3182.4474360025156,3.2198048014775433,4.102787609096864,4.531253223642725,5692.3076923076915,0.00012847913765986384,397.6974435034014,0.027000000000000003,0.32142857142857145,1-0-689-1,ʌ,UT_014,014,2,fave,105.47103140487145,54.988529790044524,4,company,1,0.060027999999988424,new,i'm,K,M,K,M,internal
497.58857867058725,1379.4936406523393,2851.0327856010763,2.7041904783080444,3.055060671666261,4.0668303102721906,5153.846153846154,0.0007027142619290628,421.17234483446714,0.055,0.3353658536585366,1-0-743-1,ʌ,UT_014,014,2,fave,91.54461983156651,54.58889204987907,4,the,1,0.14001500000000533,by,salt,DH,#,DH,S,final
592.3190503673762,960.6241288353062,2601.380142558506,3.49650402078174,3.4175371121342932,4.799361420620451,5333.333333333333,0.0031865797451553967,433.4688371655328,0.04100000000000001,0.3306451612903227,1-0-754-1,ʌ,UT_014,014,2,fave,111.5671805646839,58.51949095592134,4,one,1,0.10000600000000759,just,of,W,N,W,N,internal
600.0648513318474,1005.1472444558411,2838.84815435776,3.090044161787884,3.371521416702167,3.8148521839343505,5512.820512820513,0.0002565538320699084,433.6088411655329,0.061000000000000006,0.3315217391304348,1-0-755-0,ʌ,UT_014,014,2,fave,110.29535004610273,59.80820823956664,4,of,1,0.16000399999995807,one,those,#,V,N,V,initial
555.5724024790666,1179.5167579532679,2790.272383599054,2.8025325154259804,3.825725259143411,4.699759757824903,5692.3076923076915,0.0003138781883095229,440.3161481655329,0.035,0.3365384615384616,1-0-774-1,ʌ,UT_014,014,2,fave,113.39837205798337,58.339220363541074,4,someone,1,0.07998599999996259,"",i,S,M,S,M,internal
556.389902533208,1523.4246039655138,2684.5441487053445,2.3506167380615044,3.053435015500009,3.7578893909875646,5153.846153846154,0.00011152273126719425,449.7971548344671,0.057,0.32758620689655177,1-0-810-1,ʌ,UT_014,014,2,fave,110.52511672576546,59.31466950477427,4,cut,1,0.1499939999999924,pay,and,K,T,K,T,internal
512.8917459939163,1415.0652144211385,2907.531525636949,2.246688854290136,3.389914386992909,3.3147237133633456,5153.846153846154,0.0003021694826294695,471.2279455034013,0.10899999999999999,0.3364197530864197,1-0-834-1,ʌ,UT_014,014,2,fave,100.49308372964288,57.80169923669488,4,the,1,0.30001900000002024,"",san,DH,#,DH,S,final
589.1946890168047,1511.5832973524039,2554.9830101552757,2.346717851738035,3.4873524270488208,4.09088507622242,4974.358974358975,0.001552753277234275,479.6335408344671,0.051000000000000004,0.3311688311688312,1-0-843-0,ʌ,UT_014,014,2,fave,116.85718248245207,55.58547558623881,4,of,1,0.13000499999998283,beauty,the,#,V,iyF,V,initial
545.0811379402542,1224.5895240736027,2425.474115943772,2.4642116384610655,3.6027867408706906,3.8023182112536102,5153.846153846154,0.0002530948398233872,488.33924450340135,0.057,0.32758620689655177,1-0-865-1,ʌ,UT_014,014,2,fave,159.67836019833902,56.60545541607908,4,but,1,0.1500239999999735,that,"",B,T,B,T,internal
579.8071884300526,1356.1857482645125,2467.7329988999318,2.679738154526894,3.69217062876733,3.977608172173185,5153.846153846154,0.00029813247138481085,493.21924716553286,0.037000000000000005,0.324561403508772,1-0-880-1,ʌ,UT_014,014,2,fave,109.5026890245104,58.47499227917138,4,colors,1,0.0899970000000394,different,"",K,L,K,L,internal
480.0874004349022,1025.9133466656997,2361.635895467015,2.7364409849028957,3.1531201109269222,4.90599765920192,4615.384615384615,0.0008194370695572098,517.1650391655329,0.031,0.32978723404255317,1-0-932-1,ʌ,UT_014,014,2,fave,110.08757239480497,55.6300828557094,4,wasn't,1,0.07000700000003235,could,always,W,Z,W,Z,internal
602.6233748079454,1186.8338331165621,2761.9745217782097,2.8727017750219797,3.780384856243735,4.217844798090134,5153.846153846154,0.0010717619791351884,518.6450768344672,0.051000000000000004,0.3311688311688312,1-0-937-1,ʌ,UT_014,014,2,fave,372.38685353921124,49.25690698349471,4,but,1,0.13000499999998283,often,"",B,T,B,T,internal
587.6865080298586,1314.8934127949196,2918.886352852497,2.6729673470866735,3.9691457112206048,3.864855956562129,5153.846153846154,0.00045689003452634744,527.1549491655329,0.07100000000000001,0.3317757009345795,1-0-966-2,ʌ,UT_014,014,2,fave,95.01014297377283,55.695089041774075,4,stuff,1,0.19000200000004952,at,and,T,F,T,F,internal
533.4302388828972,1341.798530789199,2876.6118772589707,2.6232000584121553,3.642095902840756,3.773377803469779,5153.846153846154,0.00019115034573360796,528.3479554965986,0.057,0.3275862068965517,1-0-969-2,ʌ,UT_014,014,2,fave,98.2999465191943,52.33347210384791,4,stuff,1,0.149962999999957,experience,out,T,F,T,F,internal
609.840440640437,1438.6077837778573,3035.8128552452677,3.1596198060797347,3.625821083404626,4.793219356625662,5512.820512820513,0.0012629170361759291,543.3235544965987,0.07899999999999999,0.3376068376068376,1-0-994-1,ʌ,UT_014,014,2,fave,110.12886310325027,56.48691480393958,4,guns,1,0.20996100000002116,the,and,G,N,G,N,internal
485.68908337668785,1019.6010153411627,2239.826139791791,2.3825635032300525,3.3528089712444076,4.840282509203619,4794.871794871795,0.00030450652409545303,546.0795291655329,0.031,0.32978723404255317,1-0-1001-1,ʌ,UT_014,014,2,fave,298.58868304460486,56.05936437768055,4,what,1,0.07000700000003235,to,they,W,T,W,T,internal
567.9061424181397,1470.8191969070847,2885.396912519174,2.6431028618064016,3.8583171872319735,4.186778331574252,5871.794871794871,0.00038717323636099256,549.9095318344672,0.07100000000000001,0.3317757009345795,1-0-1015-0,ʌ,UT_014,014,2,fave,88.81165875026906,55.90279864591133,4,of,1,0.1900029999999333,part,"",#,V,T,V,initial
596.224433428649,877.4208724669303,2631.0492971881527,3.35254216020766,3.534569743916412,4.399783523140423,5153.846153846154,0.0002841437762495885,569.8886531655329,0.045,0.3358208955223881,1-0-1033-1,ʌ,UT_014,014,2,fave,101.60080974027974,53.50383476911803,4,once,1,0.10998500000005151,"",every,W,N,W,N,internal
548.2508058123929,1510.036015032886,2660.6460383430526,2.4767248652453664,3.0262865855063947,4.319694403648971,5153.846153846154,0.0011168502428968033,592.3328238344671,0.119,0.3361581920903954,1-0-1056-3,ʌ,UT_014,014,2,fave,106.269901259742,56.35428906574613,4,because,1,0.330016999999998,expert,i,K,Z,K,Z,internal
594.1995766002568,1225.4916240818266,2714.0129187268494,2.335378665146823,3.080392067179876,3.6644819593702658,4615.384615384615,0.000738117119801888,596.2128345034015,0.119,0.33615819209039544,1-0-1070-1,ʌ,UT_014,014,2,fave,100.03966515664031,55.109780644793084,4,but,1,0.330016999999998,improve,"",B,T,B,T,internal
569.922843094434,940.4793208066312,2827.5576791389744,2.946887294762293,3.2418643615959812,3.6970591697619826,5153.846153846154,0.00005814823062976549,650.5511528344671,0.031,0.32978723404255317,1-0-1168-1,ʌ,UT_014,014,2,fave,115.0906242363526,58.43955138906131,4,one,1,0.07000800000002982,been,to,W,N,W,N,internal
607.5624484584124,1300.2220796899928,2743.796446231168,2.44607722063175,3.766536616296746,4.495264198059605,5153.846153846154,0.0004742183558178203,653.4511578344672,0.07100000000000001,0.3317757009345795,1-0-1178-2,ʌ,UT_014,014,2,fave,103.79617412844729,58.77746446045673,4,stuff,1,0.190003000000047,at,and,T,F,T,F,internal
559.5403264935039,1651.9495388082933,2403.9027726564723,2.8676751904208713,3.603240134146196,3.9476122834593945,4974.358974358975,0.00017593752507354354,655.626155165533,0.040999999999999995,0.33064516129032256,1-0-1185-1,ʌ,UT_014,014,2,fave,106.68212588590231,51.87444724988824,4,young,1,0.09997499999997217,being,"",Y,NG,Y,NG,internal
568.7298687940632,1627.1246519692006,2533.4890775027548,3.0310610790871593,3.9055002227907623,4.326445450652046,5153.846153846154,0.00029714823699135217,656.3441365034014,0.037000000000000005,0.324561403508772,1-0-1190-1,ʌ,UT_014,014,2,fave,108.02455307688092,53.60228397305292,4,younger,1,0.09002699999996366,was,"",Y,NG,Y,NG,internal
577.6728486893377,1534.7655174201436,2784.782985914547,3.193401736591568,3.85396184743251,4.307350897050433,4974.358974358975,0.00014878266760422776,659.843130834467,0.035,0.33653846153846156,1-0-1203-1,ʌ,UT_014,014,2,fave,107.87951334249857,59.56336161395151,4,younger,1,0.08001799999999548,was,i'd,Y,NG,Y,NG,internal
600.2978726528117,1357.7222277264207,2939.8630487286246,2.6047858636776122,3.738909388480447,3.6820083700705704,5153.846153846154,0.00026192410800835353,663.4561464965985,0.08100000000000002,0.3319672131147542,1-0-1215-2,ʌ,UT_014,014,2,fave,101.0546450165305,61.2334935786469,4,stuff,1,0.21997099999998682,that,"",T,F,T,F,internal
610.0315520753626,1189.8040992615258,2656.1165967087973,2.275494383266049,3.295067428572227,3.649598177467997,5153.846153846154,0.00023259104384884362,699.5251351723356,0.065,0.3350515463917526,1-0-1278-1,ʌ,UT_014,014,2,fave,88.88103305184552,60.04682280706457,4,but,1,0.17004399999996167,"",you're,B,T,B,T,internal
621.8377791192737,1402.3659633091843,2754.1468637683984,3.0057590916217505,3.9897760225214958,3.3300078451724584,5692.3076923076915,0.000052890201330867834,704.5003191655329,0.027000000000000003,0.32142857142857145,1-0-1290-0,ʌ,UT_014,014,2,fave,100.69278078320635,57.31643655748939,4,understand,2,0.05999799999995048,to,it,#,N,@,N,initial
640.0590957804538,1391.2096651573725,2615.853194236319,2.762353334733333,3.690276863624749,3.7395837614255436,5153.846153846154,0.00011543949144520479,718.022161834467,0.031,0.32978723404255317,1-0-1331-1,ʌ,UT_014,014,2,fave,102.33930548096876,62.73454699958919,4,come,1,0.07000700000003235,they,in,K,M,K,M,internal
621.5140584219857,1368.7625383955267,2366.981233739541,2.295810237559684,3.6682187532283455,3.8354843886720857,4256.410256410256,0.0003445594077986771,719.1591554965986,0.045,0.3358208955223881,1-0-1334-3,ʌ,UT_014,014,2,fave,105.05354648555662,61.82776338083404,4,recovering,1,0.10998500000005151,"",them,K,V,K,V,internal
498.35211406166957,1736.477997422879,2686.026266012887,2.3555551886783217,3.1187638204167727,3.9162386377982683,5153.846153846154,0.000026972668797107662,729.9505761655329,0.027000000000000003,0.32142857142857145,1-0-1356-1,ʌ,UT_014,014,2,fave,510.7128414011822,50.431154488719926,4,yup,1,0.05999700000006669,"","",Y,P,Y,P,internal
583.0987694582525,977.2328202916868,2675.1649273260605,2.838957252858664,3.61910258711053,4.165243202519518,5153.846153846154,0.0001350266796212995,757.564763834467,0.031,0.32978723404255317,1-0-1409-1,ʌ,UT_014,014,2,fave,100.7065761067223,58.208343543187354,4,fun,1,0.07000800000002982,more,to,F,N,F,N,internal
600.5018192886016,1055.4122199082333,2819.120681350665,3.290748739189792,3.7798152290959663,3.321249463951733,5692.3076923076915,0.0027108985886259308,770.6989608344672,0.07100000000000001,0.3317757009345795,1-0-1436-1,ʌ,UT_014,014,2,fave,96.3961847324161,55.4554216180887,4,fun,1,0.19000199999993583,of,"",F,N,F,N,internal
618.8209597791414,1418.1930024540068,2909.8142798460835,2.690335838973945,2.977594317584293,3.937753055034396,5153.846153846154,0.00006482787180964799,796.9619708344673,0.051000000000000004,0.3311688311688312,1-0-1460-1,ʌ,UT_014,014,2,fave,118.44195332268478,59.1982313858594,4,done,1,0.13000499999998283,you're,that's,D,N,D,N,internal
599.881583273738,1086.8822172329467,2829.5701174303176,2.216401544196847,3.477943935573686,3.6797761412052723,5153.846153846154,0.0001517043568661468,806.3497674965987,0.045,0.3358208955223881,1-0-1486-1,ʌ,UT_014,014,2,fave,161.45076134634212,61.81139865086567,4,busting,1,0.1099859999999353,about,it,B,S,B,S,internal
645.5182259117742,1290.5569529388022,2620.6573202231243,3.237623540017937,3.46537074753056,3.9922654479454662,5153.846153846154,0.00315858522713932,809.8107341655328,0.047,0.3263888888888889,1-0-1497-0,ʌ,UT_014,014,2,fave,101.02106571669589,43.37510597627135,4,understand,2,0.11999500000001717,it,the,#,N,T,N,initial
531.6292457193865,1010.3450066227942,2655.8056269730264,2.6019291530715,3.417060045263693,4.0927508600847045,5153.846153846154,0.000168827376618719,811.1847448344671,0.035,0.3365384615384616,1-0-1500-1,ʌ,UT_014,014,2,fave,251.23367204342492,54.991137214820995,4,what,1,0.080016999999998,components,they,W,#,W,DH,final
529.8674372392911,1004.7561819367144,2681.3322872448084,2.40140749399561,3.0620511519626756,3.5579160920028343,5153.846153846154,0.0001308561114708818,812.954764834467,0.035,0.3365384615384616,1-0-1504-2,ʌ,UT_014,014,2,fave,308.33723058342144,59.66266572792147,4,what,1,0.080016999999998,"",to,W,T,W,T,internal
557.2247495800998,1448.7398917209966,2143.717705852013,2.5297611465559964,3.4447669159683145,4.082528350368785,4615.384615384615,0.00012646027837019956,815.6457554965987,0.037,0.32456140350877194,1-0-1513-0,ʌ,UT_014,014,2,fave,91.28378524696411,57.37778942265027,4,up,1,0.08996600000000399,work,"",#,P,K,P,initial
615.2905099657726,1291.8044884937601,2803.912504128086,2.3683106720497875,3.6246460419950095,3.152377590006052,4974.358974358975,0.00047031809666122916,835.0809341723356,0.087,0.32954545454545453,1-0-1554-0,ʌ,UT_014,014,2,fave,87.27725902845458,56.53047251820813,4,of,1,0.24005200000010518,"","",#,V,"",V,initial
635.7041446280018,1130.113685805726,2615.991453604607,2.347269199027839,3.4057338701465434,4.100185269429188,5333.333333333333,0.00034332778650538045,837.6409761655328,0.087,0.32954545454545453,1-0-1564-1,ʌ,UT_014,014,2,fave,93.34440085417543,62.41919049401582,4,but,1,0.23999000000003434,"","",B,T,B,T,internal
629.664593914305,1255.097957450856,2680.438730913972,3.0254573666446807,3.548039313676027,3.791159986247452,4974.358974358975,0.00008597435178590268,853.3920431655329,0.027000000000000003,0.32142857142857145,1-0-1611-1,ʌ,UT_014,014,2,fave,96.84533486451114,54.10908746582092,4,come,1,0.05999700000006669,to,back,K,M,K,M,internal
597.1319057752409,1287.9166108505242,1959.7902903517124,2.5659670335751583,3.5406403433133296,3.683610354181815,4974.358974358975,0.00007549051692587224,867.4420311655329,0.027000000000000003,0.32142857142857145,1-0-1635-2,ʌ,UT_014,014,2,fave,96.27588070574454,56.75726831993945,4,trucks,1,0.05999700000006669,the,down,R,K,R,K,internal
481.1183462794989,1271.2586790949895,2838.5173790439917,2.6323473716710564,3.6789307277263097,3.600330223864381,4974.358974358975,0.0006664867062975464,926.761230165533,0.031,0.32978723404255317,1-0-1659-1,ʌ,UT_014,014,2,fave,110.22287805821031,59.66132881119408,4,the,1,0.07000799999991614,"",farmer,DH,#,DH,F,final
623.925688467638,1244.1437425496156,2745.627500693759,2.8131606578446973,3.9723320278318233,4.321048811449503,5153.846153846154,0.001191158291526256,928.5792338344671,0.047,0.3263888888888889,1-0-1665-0,ʌ,UT_014,014,2,fave,160.8164233680112,51.017321996804945,4,udder,1,0.11999500000001717,"",daily,#,D,"",D,initial
522.5756993160371,1134.741949290104,2793.3077757888313,3.1580443586748985,3.8420730995248666,3.9878682491646376,5153.846153846154,0.00012711302879004003,932.2692401655329,0.027000000000000003,0.32142857142857145,1-0-1675-1,ʌ,UT_014,014,2,fave,86.2341066050694,51.30818506311265,4,sometimes,1,0.05999799999995048,"","",S,M,S,M,internal
521.2894753425528,1011.6738153320008,2907.5068687148782,2.4111565655904594,3.4502492215288876,2.9241662911633317,4974.358974358975,0.00005759551011416073,977.6311691655329,0.047,0.3263888888888889,1-0-1783-1,ʌ,UT_014,014,2,fave,99.77780087822816,60.143112346070566,4,lovely,1,0.11999499999990348,had,buttons,L,V,L,V,internal
562.4276513377472,1197.6399154274527,2515.730523198394,2.4315365108043236,3.585674719545751,3.7881294463170585,4974.358974358975,0.000143012677473424,978.1401295034013,0.045,0.3358208955223881,1-0-1784-1,ʌ,UT_014,014,2,fave,140.24192908217523,60.57231467380282,4,buttons,1,0.1100459999998975,lovely,of,B,T,B,T,internal
460.09680764694235,977.8680431058012,2855.0273705381946,2.586123577305061,3.473341518257056,3.550268696998145,4615.384615384615,0.00006285293644634573,996.1118358344671,0.027000000000000003,0.32142857142857145,1-0-1827-1,ʌ,UT_014,014,2,fave,102.21930751418871,59.27342522499905,4,the,1,0.05999800000006417,into,water,DH,#,DH,W,final
584.6738613275663,1138.9029951869172,2482.9751552558564,2.471933993002937,3.8824264904484633,3.783252905305251,4794.871794871795,0.0001726151441798634,1002.2018481655329,0.047,0.3263888888888889,1-0-1845-1,ʌ,UT_014,014,2,fave,90.42985438938318,60.17200728195802,4,butter,1,0.11999500000001717,and,with,B,T,B,T,internal
476.11807703699316,946.339410265402,3235.6386400358037,3.187762464216209,3.789194681975991,4.514332063031954,5153.846153846154,0.0004912633431066306,1013.5318798344672,0.027000000000000003,0.32142857142857145,1-0-1867-1,ʌ,UT_014,014,2,fave,94.88919413162738,54.76604619751483,4,the,1,0.05999799999995048,"","",DH,#,DH,"",final
620.8488195195824,1270.3509900349832,1764.299756122878,3.7619116410010762,3.4575742810193217,4.464660263940562,4435.897435897436,0.002090987831364535,1064.7200408412698,0.035,0.33653846153846156,1-0-1978-2,ʌ,UT_014,014,2,fave,84.12097450829332,48.28079924117885,4,trunk,1,0.08007799999995768,the,"",R,NG,R,NG,internal
508.09239853576895,1178.6560268874032,2682.7188962247023,2.319911869197204,3.8067504809537316,3.954342188779916,4974.358974358975,0.000309107044182739,1080.3436988344672,0.047,0.3263888888888889,1-0-2022-0,ʌ,UT_014,014,2,fave,95.60420026743412,59.44276940694748,4,udder,1,0.11999500000001717,cow's,daily,#,D,Z,D,initial
560.7352598014006,959.1591256032773,2609.123533063038,3.093243462776298,3.481868825876559,4.850399858921815,5512.820512820513,0.0008776573517597708,1085.6677598276644,0.035,0.3365384615384616,1-0-2037-0,ʌ,UT_014,014,2,fave,74.79832902646591,49.68776170664206,4,under,1,0.07995600000003833,waddle,the,#,N,L,N,initial
576.0404821770416,1485.2005986666484,1800.9145602173621,3.347126200921347,3.759347212716053,3.894321968560532,4435.897435897436,0.0005755805144367075,85.28594716553287,0.049,0.25257731958762886,1-0-42-1,aw,UT_014,014,2,fave,112.08686625266267,47.15402777185071,4,around,1,0.16999799999999254,right,there,*hr,N,*hr,N,internal
612.1453642587655,1438.1862657458398,2302.0923380352865,2.5434701104999142,3.67194050718888,3.7186087416230102,5153.846153846154,0.00012909074963938117,94.59544983446712,0.031000000000000003,0.2012987012987013,1-0-52-1,aw,UT_014,014,2,fave,113.80598011600972,54.76893692776788,4,bout,1,0.13000499999999704,"","",B,T,B,T,internal
569.7602244311607,1348.6238613145165,2874.781939816728,2.649618928264702,3.751811511685904,4.394521653405211,5333.333333333333,0.00024080832800103043,104.59344983446711,0.027,0.21774193548387097,1-0-71-1,aw,UT_014,014,2,fave,109.30031596310324,56.45912828785125,4,south,1,0.10000600000000759,"",carolina,S,TH,S,TH,internal
651.2678851087601,1631.0386718702239,2827.961110325518,2.965030064281671,3.6813900476903725,4.175673086798787,6589.74358974359,0.002336184049806872,128.6803501655329,0.055,0.31609195402298845,1-0-117-1,aw,UT_014,014,2,fave,99.00971420519356,58.981268560697686,4,now,1,0.1499939999999924,and,moved,N,#,N,M,final
603.4598514370521,1665.0812676289852,2160.225830520252,2.6617024276484607,3.3799527318136002,4.233352445911661,4615.384615384615,0.00029028369327502225,129.16734583446714,0.049,0.3402777777777778,1-0-119-1,aw,UT_014,014,2,fave,100.27447444426016,61.531566558804236,4,down,1,0.1200110000000052,moved,to,D,N,D,N,internal
641.4916314162849,1355.559244502973,2340.081694515492,2.2080885801362236,3.3881235874913864,3.700419759581197,5153.846153846154,0.00037015265438764824,136.5443508344671,0.043000000000000003,0.3208955223880598,1-0-130-1,aw,UT_014,014,2,fave,330.61868331267385,53.06086659764734,4,bout,1,0.11000100000001112,"","",B,T,B,T,internal
584.1616383290124,1374.5650252856074,2161.5489474263213,2.33274187425306,3.326969798691034,3.851102007154718,4974.358974358975,0.0002136460121846345,142.06324683446712,0.033,0.2894736842105263,1-0-144-2,aw,UT_014,014,2,fave,298.61210735635075,52.139048758992985,4,about,1,0.09001100000000406,for,two,B,T,B,T,internal
569.3157033480986,1263.1035157455028,2057.0465641229507,2.3143336845594273,4.117659017889411,3.782445823894868,5153.846153846154,0.0002727256897236316,162.86024983446714,0.027000000000000003,0.2014925373134329,1-0-160-1,aw,UT_014,014,2,fave,93.48960188070043,52.47580942198121,4,bout,1,0.11000000000001364,seems,right,B,T,B,T,internal
565.2392170209479,1152.0893599470674,2333.1126883085794,2.276290260080741,3.51341463097203,3.9309349918309073,5153.846153846154,0.00013903658797658738,163.3212501655329,0.029,0.27884615384615385,1-0-162-1,aw,UT_014,014,2,fave,577.8784620778024,52.162250429846516,4,bout,1,0.08000200000000746,right,three,B,T,B,T,internal
626.8108017348205,1644.4067544040001,2682.4744381557575,2.832450256548341,3.3191586703289997,4.283932331564836,5512.820512820513,0.005865513922665655,184.3220481655329,0.045000000000000005,0.31250000000000006,1-0-203-1,aw,UT_014,014,2,fave,95.8313220370423,57.977466716152314,4,down,1,0.11999499999998875,sit,for,D,N,D,N,internal
578.5646021589341,1352.42932378598,2208.9800125780216,2.3255575333891807,3.8695022800599257,3.894314168103411,4794.871794871795,0.00021802452399908976,185.60704116553288,0.035,0.28225806451612906,1-0-209-2,aw,UT_014,014,2,fave,97.28398888173682,63.603274480992916,4,about,1,0.10000700000000506,meeting,the,B,T,B,T,internal
570.550396538765,1704.651371006353,2532.4527483688576,2.629655613015718,2.7697587883492605,3.5521181161822146,5153.846153846154,0.00006149559779776651,203.01484883446713,0.045,0.2922077922077922,1-0-247-1,aw,UT_014,014,2,fave,109.66888064322299,58.85043926461014,4,down,1,0.13000499999998283,get,in,D,N,D,N,internal
594.87513097394,1443.064956225897,2159.981575482008,2.3917617123753163,3.1564834557720918,4.159179065718856,4974.358974358975,0.0002014235395305516,205.8038511655329,0.043000000000000003,0.29861111111111116,1-0-258-3,aw,UT_014,014,2,fave,133.38978957967313,61.25477705946302,4,throughout,1,0.11999599999998622,trucks,the,Tuw,T,Tuw,T,internal
598.6028846657035,1470.9207111363303,1998.406454114695,2.9905856752684077,2.978397728271107,4.156196160407825,4435.897435897436,0.00127368215665015,209.47255683446713,0.065,0.33505154639175255,1-0-265-1,aw,UT_014,014,2,fave,97.9190109575107,53.678162501429085,4,around,1,0.16999799999999254,right,"",*hr,N,*hr,N,internal
558.6256218149503,1326.3608077665663,2223.3469312063585,2.1631861748096615,3.705998812168857,4.063237556443135,4974.358974358975,0.00015935352085559687,211.2345501655329,0.029,0.2543859649122807,1-0-269-2,aw,UT_014,014,2,fave,576.3130794846813,54.422549751988974,4,about,1,0.08999599999998509,say,two,B,T,B,T,internal
622.7356139519767,1453.3988525964899,2499.39979013702,2.564045868975069,3.346785881956819,4.248467236332865,4974.358974358975,0.0005337194356302697,229.64885883446712,0.099,0.3485915492957746,1-0-322-0,aw,UT_014,014,2,fave,107.58850308691824,60.22987668145813,4,out,1,0.25999400000000605,dogs,all,#,#,Z,o,coextensive
619.355089652193,1618.0597667745783,2692.2993370130757,2.93905033594893,3.096509298121008,3.499545565619366,5153.846153846154,0.00015963047754760195,231.07284583446713,0.067,0.3453608247422681,1-0-327-1,aw,UT_014,014,2,fave,105.81170826728487,57.1220317713648,4,down,1,0.1700129999999831,sit,relax,D,N,D,N,internal
631.7292222181362,1421.55183988498,1886.8549250013837,2.805125615384818,3.241091698825702,4.043191977293298,4435.897435897436,0.0006794327828578562,233.87284716553287,0.027000000000000003,0.23684210526315794,1-0-338-1,aw,UT_014,014,2,fave,94.94976339842118,54.15196427080391,4,around,1,0.08999699999998256,projects,the,*hr,N,*hr,N,internal
655.1422333925424,1487.273129772718,2315.9856056426215,3.1715883953313093,3.467816619135035,4.364757601049939,5153.846153846154,0.0038841749862218618,234.1348478344671,0.031000000000000003,0.2012987012987013,1-0-340-1,aw,UT_014,014,2,fave,NaN,46.09732423116266,4,house,1,0.13000500000001125,the,"",HH,S,HH,S,internal
604.0315932329408,1420.041464490488,2332.470155988795,2.527894048773642,3.5339130808724644,4.399985946946118,5333.333333333333,0.0004393442655668682,336.53744583446706,0.041,0.25000000000000006,1-0-517-2,aw,UT_014,014,2,fave,145.50828749819945,67.31929718129884,4,about,1,0.14001500000000533,for,two,B,T,B,T,internal
607.0293930779501,1399.2183417549113,2889.5290214529505,3.1894302446031273,3.6684725537887424,3.7632745994768944,5871.794871794871,0.03525041686582643,337.48943983446713,0.145,0.4617834394904458,1-0-520-1,aw,UT_014,014,2,fave,140.0919392594435,60.14237954956845,4,now,1,0.29000899999999774,years,"",N,#,N,"",final
612.9312848170229,1371.535975695689,2375.09405409102,2.282733323519496,3.3352152323914654,3.7202891975393904,4974.358974358975,0.00006597688585715698,347.1785581655328,0.031,0.23134328358208958,1-0-540-2,aw,UT_014,014,2,fave,138.56524835689157,57.79791319423405,4,about,1,0.10998600000004899,probably,6,B,T,B,T,internal
618.3695920980579,1535.8300206178594,2246.5906738221684,3.350859892672434,3.292788043267318,3.6856849485751373,5153.846153846154,0.00007624807779004636,356.3825458344671,0.03900000000000001,0.3145161290322581,1-0-565-0,aw,UT_014,014,2,fave,108.58321692211278,51.79877437754509,4,hour,1,0.10000600000000759,an,pay,#,R,N,R,initial
602.3030101096543,1524.3047487934473,2457.7672967954118,2.4811877504490005,3.9093519339036797,4.114532395759016,6051.282051282051,0.0003971955467049421,359.5725478344671,0.039,0.29104477611940305,1-0-577-0,aw,UT_014,014,2,fave,103.08455804431301,56.244512360464206,4,out,1,0.11001599999997325,turned,being,#,T,D,T,initial
601.5746205613586,1507.7669013265083,1955.33924351929,3.0946671781244635,3.319460510745415,4.175653535562559,4615.384615384615,0.00029235225608873074,371.2166378344671,0.043000000000000003,0.3208955223880598,1-0-612-1,aw,UT_014,014,2,fave,114.5892278093828,61.030959445360054,4,around,1,0.11001599999997325,all,better,*hr,N,*hr,N,internal
619.5747795540667,1646.0900044410434,2389.4168202999763,2.9105821527817013,3.0984879712489617,3.7361818998110046,5153.846153846154,0.00021541140414000953,383.98264216553287,0.055,0.31609195402298845,1-0-650-1,aw,UT_014,014,2,fave,116.97279216369394,58.58833915683951,4,down,1,0.1499939999999924,em,oh,D,N,D,N,internal
638.5834809870217,1578.393634377602,2713.9183635967775,3.152328213717523,3.2755958328975154,4.268558058646332,5333.333333333333,0.0018367732237562283,398.3954767777778,0.08300000000000002,0.21842105263157896,1-0-692-1,aw,UT_014,014,2,fave,95.43106312023943,53.396259918647104,4,now,1,0.35610900000000356,at,"",N,#,N,"",final
587.190015990596,1495.404151033495,2780.514045260976,2.5140497438481795,3.7442408961419646,4.394448737468832,6051.282051282051,0.0004619067109731048,420.7683451655329,0.047,0.3051948051948052,1-0-741-0,aw,UT_014,014,2,fave,212.42649090214053,60.844737094505504,4,out,1,0.13000499999998283,it's,by,#,T,S,T,initial
580.8726389276403,1558.335133768051,2190.7401292046216,2.3752849494979085,3.1933780901952256,4.583549117393708,4974.358974358975,0.0025741983785385622,451.5581381655329,0.039,0.27083333333333337,1-0-815-0,aw,UT_014,014,2,fave,113.09868665599525,62.705717058927995,4,out,1,0.11999500000001717,turned,good,#,T,D,T,initial
582.9412613694394,1479.7507356055464,1998.99907048759,2.7560976766468395,3.424428442181278,4.146870707446631,4435.897435897436,0.0009921969716194087,487.29825083446707,0.07500000000000001,0.26408450704225356,1-0-860-2,aw,UT_014,014,2,fave,116.08639300890425,59.788563209541095,4,browns,1,0.2600100000000225,all,and,R,N,R,N,internal
565.3782275373147,1674.0125020912806,2580.295379336768,2.7352179954030316,3.1824618888008573,4.500506842706222,4794.871794871795,0.0007321217244939371,514.4300605034014,0.041,0.235632183908046,1-0-924-1,aw,UT_014,014,2,fave,105.93038492155132,57.88904506598931,4,down,1,0.15002400000003036,trips,there,D,N,D,N,internal
561.167534058733,1534.1027125123444,2583.5173704548565,2.9152305626330626,3.2569806533759413,4.233482187300528,5871.794871794871,0.0005407042738340346,520.9599518344672,0.061000000000000006,0.3961038961038961,1-0-948-1,aw,UT_014,014,2,fave,98.53172417454338,54.18361161831686,4,down,1,0.13000499999998283,go,there,D,N,D,N,internal
596.20371325689,1308.3844563753466,2367.3018942972562,2.73111712541041,3.767792040802502,3.941140351951398,5153.846153846154,0.0002905690786747003,523.7739688344672,0.029,0.18831168831168832,1-0-955-0,aw,UT_014,014,2,fave,98.80174138693238,56.61789046395031,4,out,1,0.13000499999998283,go,on,#,T,owF,T,initial
613.9420862019674,1581.5535047205542,2468.996987638424,2.965038134429403,3.079136631911976,3.770380596726742,5153.846153846154,0.00024789132869093317,524.7149504965987,0.051000000000000004,0.29310344827586204,1-0-959-1,aw,UT_014,014,2,fave,97.02805692488796,50.56514061514393,4,down,1,0.149962999999957,desert,there,D,N,D,N,internal
574.1739811269618,1361.1015570476043,2311.7878847975408,2.780217573377124,3.7336359640504417,4.1320616529889,5153.846153846154,0.00033259046452365523,528.5929611655329,0.047,0.3263888888888889,1-0-970-0,aw,UT_014,014,2,fave,96.53706559750754,50.86869775087417,4,out,1,0.11999500000001717,stuff,there,#,T,F,T,initial
534.6861508469779,1763.3218469150106,2803.6132087463648,2.6424655362257075,3.1566309726629957,4.064249411643731,5333.333333333333,0.0007108672825022963,535.3436694965986,0.035,0.20114942528735635,1-0-973-1,aw,UT_014,014,2,fave,151.36006675014482,65.30388131737249,4,down,1,0.14996300000007068,"",there,D,N,D,N,internal
613.9795412347435,1573.3986635568936,2684.6107403327737,3.2754721364217008,3.6426950369084325,3.6852882910164526,5512.820512820513,0.0005372199463514504,541.2685381723356,0.049,0.15123456790123455,1-0-989-0,aw,UT_014,014,2,fave,107.6994492925901,55.01405706960735,4,out,1,0.3000489999999445,going,"",#,T,NG,T,initial
617.2481275539171,1571.9325426517116,2472.736225618871,2.867239529923627,3.417830295852327,4.745240164449724,4794.871794871795,0.0010886371482702363,545.4765474965986,0.025,0.20161290322580647,1-0-999-0,aw,UT_014,014,2,fave,91.29253459703347,53.3087966383938,4,out,1,0.09997599999996964,going,to,#,T,NG,T,initial
553.5351995538883,1782.7321139116443,2500.792811177533,2.914000101774902,3.0383365413425345,4.268622729275093,5153.846153846154,0.0002215789872183322,573.8056361655329,0.039,0.20103092783505158,1-0-1045-1,aw,UT_014,014,2,fave,105.22138263970764,53.61284567192177,4,down,1,0.169983000000002,get,there,D,N,D,N,internal
623.1405009608055,1429.4351402913667,2674.835268680209,3.385788906937767,3.014345586477857,4.109744879574505,5153.846153846154,0.0008740480835066905,623.5182598276645,0.11100000000000002,0.3226744186046511,1-0-1118-0,aw,UT_014,014,2,fave,95.95266371902272,52.1215473683029,4,out,1,0.31994699999995646,worn,"",#,T,N,T,initial
674.8702405135713,1408.2550731646281,2307.124431512873,2.955338964517996,3.671969654326859,4.483625772529327,4974.358974358975,0.0005717407904719733,636.9344505034013,0.025,0.24038461538461545,1-0-1149-1,aw,UT_014,014,2,fave,96.04128795372324,55.95371951254807,4,how,1,0.080016999999998,seeing,far,HH,#,HH,F,final
622.81574637839,1318.4111468222682,2755.4229229299576,3.3045175880826365,3.418902767985178,3.7867902151755213,6410.25641025641,0.0027200058056455595,720.2961538344672,0.219,0.47198275862068956,1-0-1338-1,aw,UT_014,014,2,fave,94.73608061813951,52.956855777869194,4,down,1,0.4400029999999333,them,"",D,N,D,N,internal
646.1918203805856,1356.5290820608107,2399.068449770569,2.5954617412977674,3.637006459330854,4.502162783777543,5153.846153846154,0.0004436053024942409,753.9584631655329,0.049,0.3181818181818182,1-0-1397-5,aw,UT_014,014,2,fave,85.92322512107651,57.565059952019254,4,horsepower,2,0.13000499999998283,more,and,P,*hr,P,*hr,internal
611.6229229916129,1329.830841377695,2007.941605294514,2.7581436791665515,3.2955693199772296,4.151320462715263,4794.871794871795,0.00018219228501638324,756.2457454965986,0.033,0.2894736842105263,1-0-1401-1,aw,UT_014,014,2,fave,97.55185938118254,56.945396451744905,4,around,1,0.08996600000000399,all,power,*hr,N,*hr,N,internal
690.0678461258462,1428.8548202483726,2468.1678451706657,2.749060065380546,3.2138627584025126,4.087416397151135,5153.846153846154,0.00011893135245317799,756.5147644965987,0.031,0.17816091954022986,1-0-1402-1,aw,UT_014,014,2,fave,90.77901004817183,59.68050506604461,4,power,1,0.14996400000006815,around,so,P,*hr,P,*hr,internal
592.6091414300517,1750.8143863809257,2695.3338506439195,2.913246667673809,3.158945434718774,3.983914192307713,5333.333333333333,0.0011481377904399646,802.7193674965986,0.10500000000000001,0.4487179487179488,1-0-1477-1,aw,UT_014,014,2,fave,83.16759238378265,50.68066654285168,4,down,1,0.20996100000002116,slow,"",D,N,D,N,internal
600.1307090729329,1373.7911273375898,2503.8407637601554,2.647334756206129,3.5472422144140068,4.35488339363244,5692.3076923076915,0.0003261679469347361,805.9237291655328,0.033,0.2142857142857143,1-0-1485-2,aw,UT_014,014,2,fave,92.47073912414186,58.69539362434697,4,about,1,0.13000499999998283,worry,busting,B,T,B,T,internal
468.71065862172213,1447.4504793048472,2603.972660840822,2.7075149525167004,3.61577400587536,4.327056954040586,5871.794871794871,0.0026499829099072498,806.8047504965987,0.11499999999999999,0.30748663101604273,1-0-1488-0,aw,UT_014,014,2,fave,93.46969191575319,55.23967381022644,4,out,1,0.34997599999996964,it,just,#,T,T,T,initial
584.9756104748719,1589.9348942769536,2451.536998475212,2.913205606935989,3.4312844353898337,4.092238933727805,5871.794871794871,0.00862778421191832,846.1429528344671,0.125,0.3434065934065933,1-0-1585-1,aw,UT_014,014,2,fave,99.62319598444834,52.4924665354222,4,down,1,0.34002699999996366,slow,let's,D,N,D,N,internal
578.1037717575574,1705.7224305019295,2699.924540772803,3.022341546422008,2.9393685521970085,3.6930521406523193,5333.333333333333,0.0013413223088624615,867.9220431655328,0.087,0.21534653465346532,1-0-1636-1,aw,UT_014,014,2,fave,96.93905106504937,49.77139556167191,4,down,1,0.38000499999998283,trucks,and,D,N,D,N,internal
607.8857988766456,1634.1139666235727,2418.4451549296537,2.6004643968379186,3.7756451850278814,3.733524755016545,4615.384615384615,0.0007113302610060079,928.1992401723355,0.047,0.18503937007874016,1-0-1663-1,aw,UT_014,014,2,fave,103.02464695025282,61.36899164403481,4,cows,1,0.23004200000002584,the,"",K,Z,K,Z,internal
583.105449730418,1575.6805573173492,2219.7194232781007,2.873355718862204,3.4467821873407676,4.143909918207623,4974.358974358975,0.00007676836333250907,934.8662671655329,0.040999999999999995,0.33064516129032256,1-0-1679-1,aw,UT_014,014,2,fave,125.14020280384842,59.82815673184157,4,found,1,0.09997600000008333,man,a,F,N,F,N,internal
603.8137237632188,1496.8450471811868,2480.0395038018996,2.8578991737573016,3.3664046150461684,3.653995301470501,5153.846153846154,0.00010542498109529383,942.9192311655329,0.045,0.2922077922077922,1-0-1699-1,aw,UT_014,014,2,fave,112.62723693573307,56.92955894550483,4,found,1,0.13000499999998283,watchman,the,F,N,F,N,internal
599.5713078199376,1328.4392597906499,2304.063344171556,2.78910996701748,3.6171386649100117,3.7407024382750667,4794.871794871795,0.00039255593182413884,955.3542398344671,0.035,0.20114942528735635,1-0-1728-2,aw,UT_014,014,2,fave,147.46675829067757,57.984583976509725,4,about,1,0.15002399999991667,learn,britain,B,T,B,T,internal
562.7302058896244,1506.4012536448301,2449.888440072125,3.167282610197337,3.833063499856414,4.0691976107401135,5512.820512820513,0.002025898402615328,974.2671278344671,0.039,0.1822429906542056,1-0-1772-1,aw,UT_014,014,2,fave,103.19376407651151,54.72696460071021,4,found,1,0.1900029999999333,children,"",F,N,F,N,internal
567.2236995192842,1403.8872181323368,2597.3530345144254,3.2551084622077417,4.006590743073383,4.1065808446114325,5871.794871794871,0.0004903052385735905,987.0231435034013,0.031,0.1781609195402299,1-0-1802-1,aw,UT_014,014,2,fave,104.73929390598248,59.14123407876173,4,mountains,1,0.15002500000002783,the,last,M,N,M,N,internal
589.0948251722251,1147.1737338132916,2353.5971931907593,2.6024762310889336,3.462073647889878,3.882663422358468,4615.384615384615,0.00021242062892624493,1032.9171141655327,0.031,0.2152777777777778,1-0-1894-2,aw,UT_014,014,2,fave,115.28358045210528,63.33215944790131,4,about,1,0.11999500000001717,tale,<unk>,B,T,B,T,internal
571.7375615178986,1589.065509605024,2381.7562974645643,3.003902010981749,3.580519603947019,4.042998779845348,4974.358974358975,0.00010430334911438801,1039.5461191655327,0.029,0.2338709677419355,1-0-1909-1,aw,UT_014,014,2,fave,106.9448707273982,55.9983569054027,4,found,1,0.09997599999996964,hiker,a,F,N,F,N,internal
580.352218989308,1502.7935062715276,2528.780012132986,2.8781320168457993,3.365765679283391,4.201602705036609,4794.871794871795,0.00035443744281414796,1049.9411455034015,0.039,0.20103092783505158,1-0-1940-1,aw,UT_014,014,2,fave,100.46964549699535,55.39771349982768,4,fountain,1,0.17004399999996167,the,noisily,F,N,F,N,internal
596.2233826216012,1556.8929977702826,2609.5612381186206,3.1071424577631044,3.397547483069093,4.008552335953461,5333.333333333333,0.0007063016254094972,1063.0860101723356,0.067,0.3130841121495328,1-0-1972-1,aw,UT_014,014,2,fave,109.42414850745779,57.70348123447851,4,found,1,0.19006400000012036,mechanic,"",F,N,F,N,internal
582.6201769034974,1392.0236292646791,2090.5017275986365,3.0865414280813432,3.9867262718773118,4.5997160008835865,4615.384615384615,0.0036700445222835323,1074.194998165533,0.025,0.17361111111111113,1-0-2004-0,aw,UT_014,014,2,fave,95.81558780874607,54.052152132315356,4,outside,1,0.11999500000001717,from,"",#,T,M,T,initial
593.5241620739615,1606.5097531747244,2463.3019923085817,2.5829158169325983,3.481564683813113,4.227153891889651,4794.871794871795,0.0004580112648132131,1080.0987145034014,0.037000000000000005,0.19072164948453613,1-0-2021-1,aw,UT_014,014,2,fave,100.31423594821263,62.194961200217044,4,cow's,1,0.17004399999996167,the,udder,K,Z,K,Z,internal
364.6037654052358,1620.4388828955937,2176.081339456481,2.2858464188471213,3.2672813506085427,4.2952384974247115,4794.871794871795,0.0008239433308891331,87.73045016553289,0.101,0.3322368421052631,1-0-45-6,uw,UT_014,014,2,fave,118.08726468305223,57.97681299309174,4,syracuse,2,0.27999899999998945,"","",Y,Z,Y,Z,internal
346.32376262422497,1770.3942504534953,2720.922361802007,2.0361954783507152,3.4436068616614617,4.162153649426419,5692.3076923076915,0.0005236017035412627,119.89835183446712,0.031,0.32978723404255317,1-0-100-1,uw,UT_014,014,2,fave,116.3434083607587,61.30955773261433,4,utah,1,0.07000000000000739,to,"",Y,T,Y,T,internal
499.8796304042752,1448.5276478666658,2169.8318653306833,2.581421406589825,3.5455974703845126,4.411460821079231,4794.871794871795,0.0005857444944357979,126.86635083446711,0.047,0.3263888888888889,1-0-112-1,uw,UT_014,014,2,fave,104.37192672148403,56.08424976480704,4,moved,1,0.12000300000001118,then,to,M,V,M,V,internal
483.2456659440625,1189.7068140301828,2991.261745512157,3.147389741567618,4.5013264451159385,4.188850253086795,6410.25641025641,0.002347851285329443,128.89535116553287,0.045,0.3358208955223881,1-0-118-1,uw,UT_014,014,2,fave,98.71542212195246,54.85763046803177,4,moved,1,0.11000100000001112,now,down,M,V,M,V,internal
368.6821911036175,1846.526528688237,2665.9775257741207,3.226403359128063,3.0161031700556564,3.9234930182894905,5333.333333333333,0.00012271515041344732,252.65284616553285,0.027000000000000003,0.32142857142857145,1-0-346-2,uw,UT_014,014,2,fave,155.46594867273225,48.85788405597971,4,few,1,0.05999800000000732,a,things,Y,#,Y,TH,final
385.463403728396,1387.6529049783726,2283.9792051653403,2.9036773227189765,3.341819689697786,3.808999480946195,4435.897435897436,0.0001758856652842493,263.9406438344671,0.04100000000000001,0.3306451612903227,1-0-373-2,uw,UT_014,014,2,fave,105.52163871806759,55.12407269103661,4,view,1,0.10000600000000759,of,on,Y,#,Y,o,final
454.9548504226317,1345.2847230686893,2331.9904982976536,2.480851607953128,3.391252096618107,3.425861851029004,4615.384615384615,0.000017887218093658537,348.7115571655329,0.037000000000000005,0.324561403508772,1-0-545-1,uw,UT_014,014,2,fave,110.48030109473308,57.14218434902891,4,moving,1,0.08999599999998509,to,to,M,V,M,V,internal
450.18958993670816,1747.3978581191423,2699.5602451639056,3.1463247335856384,4.135927997504462,4.3153073804252005,5333.333333333333,0.0011690639133641997,358.50855083446714,0.031,0.32978723404255317,1-0-573-2,uw,UT_014,014,2,fave,107.49530933146848,50.157799025208575,4,new,1,0.07000700000003235,this,place,Y,#,Y,P,final
385.60464741635406,1794.3279646664748,2265.38938740222,2.7250279479202977,3.4402167357745332,3.719059557362707,4794.871794871795,0.00004742929746866895,366.4655418344671,0.025,0.33783783783783783,1-0-598-1,uw,UT_014,014,2,fave,94.12693289661281,51.314045816137764,4,you,1,0.05001900000002024,value,more,Y,#,Y,M,final
384.01161756728743,1739.623806531842,2405.3598850191092,2.9453084216696235,3.1905785609368484,3.9534151239462316,5512.820512820513,0.00018814604812334112,383.7536411655329,0.037000000000000005,0.324561403508772,1-0-648-1,uw,UT_014,014,2,fave,119.60443155624823,59.18100024555351,4,shoot,1,0.08999599999998509,completely,em,SH,#,SH,e,final
397.9603740859114,1293.9355351882775,2079.421132047543,2.563982856700133,3.139925765255442,3.8601724670622506,4435.897435897436,0.0010196671271243951,440.9981378344671,0.119,0.33615819209039544,1-0-777-1,uw,UT_014,014,2,fave,101.69255737377206,52.483075898006,4,who,1,0.330016999999998,know,is,HH,#,HH,i,final
490.62282072086856,1802.5400946663283,2779.310856960253,3.315346109301511,4.189275919935697,4.115625309099273,6410.25641025641,0.0004947461792885488,442.3421528344671,0.027000000000000003,0.32142857142857145,1-0-783-2,uw,UT_014,014,2,fave,115.2718278961083,54.016689982905575,4,new,1,0.05999700000000985,this,place,Y,#,Y,P,final
343.8892953560081,1834.3898281171607,2775.8146602260795,2.1081712373053447,3.4392750926837716,4.628018568695935,6230.7692307692305,0.00010539032324873649,470.1069481655329,0.027000000000000003,0.32142857142857145,1-0-832-1,uw,UT_014,014,2,fave,116.03521891559969,58.1065453384074,4,utah,1,0.059996999999953005,easternish,"",Y,T,Y,T,internal
384.7705907489448,1730.9991405759847,2292.695777063324,3.087572603149747,2.7693061427257564,3.226216170919205,4615.384615384615,4.015716611110167e-6,479.2315511655329,0.027000000000000003,0.32142857142857145,1-0-842-2,uw,UT_014,014,2,fave,136.3152625171493,62.79040508950493,4,beauty,1,0.05999800000000732,the,of,Y,T,Y,T,internal
478.2989583210073,1428.3541246201576,2756.7079287005563,3.0272319454322396,4.076167199286688,4.629136428943777,6230.7692307692305,0.006651373091732733,497.2291398344671,0.11500000000000002,0.3343023255813954,1-0-892-1,uw,UT_014,014,2,fave,112.6329338040953,53.88286656198742,4,moves,1,0.32000700000003235,and,and,M,V,M,V,internal
478.92373448979174,1463.2402187373982,2414.4311944600863,2.769103442777069,3.1594386631665228,3.9424920886430046,4794.871794871795,0.00015848462559378922,695.7211515034014,0.037,0.32456140350877194,1-0-1265-1,uw,UT_014,014,2,fave,103.60885932366483,54.689936545473515,4,moved,1,0.09002599999996619,"",into,M,V,M,V,internal
387.64673581757654,867.9834858731505,2381.476917739088,2.4364153656699266,3.3961926335000587,4.255687007316638,4256.410256410256,0.006776064467665481,956.3652555034014,0.037000000000000005,0.324561403508772,1-0-1731-2,uw,UT_014,014,2,fave,88.74794351502634,51.58952855303348,4,school,1,0.09002599999996619,in,"",K,L,K,L,internal
367.3009058157759,1808.9816613933638,2643.868822610603,2.495220444226545,3.017121951824985,3.6036738805633863,4794.871794871795,0.00007060836012566866,1036.234562165533,0.047,0.3263888888888889,1-0-1899-1,uw,UT_014,014,2,fave,112.6904542050918,59.35662580438423,4,used,1,0.11999600000012833,pharmacist,"",Y,Z,Y,Z,internal
479.1934741413497,1299.9359897928255,2733.777476030368,2.8847749817940795,3.295521474289189,3.9417469618000522,5153.846153846154,0.009843851726689319,90.88444816553287,0.209,0.33493589743589736,1-0-50-1,o,UT_014,014,2,fave,99.94162822234489,51.19073208964441,4,was,1,0.5999989999999968,i,"",W,Z,W,Z,internal
621.1007766731678,1047.4570499359188,2789.8119678591597,2.7441630937980546,3.684339326045645,4.275192334755811,4974.358974358975,0.003342359245096781,120.18634983446711,0.127,0.3307291666666667,1-0-100-3,o,UT_014,014,2,fave,110.13837452269821,65.74903680790037,4,utah,2,0.35999999999999943,to,"",T,#,T,"",final
598.2481521009864,1073.5917791753925,2705.4462887900877,2.93630671465169,3.843112238382604,4.6290437192454235,5871.794871794871,0.002101675063028969,183.3570471655329,0.055,0.33536585365853655,1-0-200-0,o,UT_014,014,2,fave,106.14545246768326,63.983895914572706,4,office,1,0.1399990000000173,manager's,"",#,F,Z,F,initial
591.1197865355839,993.7103277606427,1961.1455428127617,2.6456347582104844,3.1428708835575017,3.6240355681068555,4794.871794871795,0.00004130552458756307,187.1350401655329,0.031,0.32978723404255317,1-0-214-0,o,UT_014,014,2,fave,90.36056405577884,61.2764499994203,4,all,1,0.0700080000000014,for,the,#,L,*hr,L,initial
624.8766027847013,975.0637507899318,1831.244623670935,2.979113054399504,3.452423557509465,4.619204589858538,4076.923076923077,0.0005327180021755503,189.5400511655329,0.101,0.3322368421052631,1-0-222-0,o,UT_014,014,2,fave,102.35895707849919,57.4129874613266,4,on,1,0.2799980000000062,going,"",#,N,N,N,initial
666.0979654996371,1238.5131221464203,2887.8531796937505,2.643497019386932,3.6175433644368122,4.148502353840211,5692.3076923076915,0.0008640780187366224,203.51585383446712,0.067,0.32843137254901966,1-0-250-1,o,UT_014,014,2,fave,104.85501507413754,61.54191168931885,4,shop,1,0.17999299999999607,the,just,SH,P,SH,P,internal
593.2687043638872,1263.6309358215292,1933.55667862091,3.0524476168806696,3.8914410686197813,4.036344832584117,3897.4358974358975,0.00025205863059747603,204.6378538344671,0.031,0.32978723404255317,1-0-254-0,o,UT_014,014,2,fave,98.66808521401519,55.41797434150065,4,on,1,0.06999200000001338,work,fixing,#,N,K,N,initial
560.4057250518375,1194.5504460355585,2771.1972264194214,2.9281723604480945,3.7380601878884687,4.468263825831206,4794.871794871795,0.000010922489429280188,216.30254216553288,0.025,0.33783783783783783,1-0-284-0,o,UT_014,014,2,fave,106.52663624992334,59.76035911881353,4,on,1,0.050003000000003794,ups,their,#,N,S,N,initial
661.8571841459578,1048.6613303726501,2363.524368902611,2.5876304676701385,3.1162445278703808,4.170074510605067,4615.384615384615,0.0013135662017435248,221.9505578344671,0.08100000000000002,0.3319672131147542,1-0-303-1,o,UT_014,014,2,fave,110.80289581415549,60.85536252842666,4,shop,1,0.2200019999999938,up,"",SH,P,SH,P,internal
655.6425778804777,1000.1268200487107,2428.538617045029,2.6697334006501654,3.079347352467979,4.092734369105072,4794.871794871795,0.00023774147086879223,229.34685983446712,0.055,0.3353658536585366,1-0-321-1,o,UT_014,014,2,fave,113.52184057416713,61.77750881407749,4,dogs,1,0.13999899999998888,the,out,D,G,D,G,internal
635.4558218846535,955.6676226634596,2486.7197262801683,2.8281410007332455,2.8822637105138678,3.760323282013815,4974.358974358975,0.00026558965018976693,229.88485283446715,0.051000000000000004,0.3311688311688312,1-0-323-0,o,UT_014,014,2,fave,101.54388357904935,58.16081162393166,4,all,1,0.13000499999998283,out,that,#,L,aw,L,initial
526.0368590292924,1252.3079223418433,1951.747842175817,2.7838056773876865,3.729250094246334,3.4831637128457453,4435.897435897436,0.00004105030846111203,232.96284416553286,0.027000000000000003,0.32142857142857145,1-0-335-0,o,UT_014,014,2,fave,106.4386776617971,60.45923378628932,4,on,1,0.05999700000000985,work,little,#,N,K,N,initial
640.9103345803019,973.1825624705383,2110.6892652326937,2.6087979070944436,3.862748912934263,4.609623955303986,4615.384615384615,0.0008203266032181905,233.41784683446713,0.037000000000000005,0.324561403508772,1-0-337-2,o,UT_014,014,2,fave,102.19713104186984,61.177618572739455,4,projects,1,0.09001100000000406,little,around,R,JH,R,JH,internal
498.88880946607793,1243.8455510838746,2726.015793096056,3.1994486109453235,3.6155254442799674,4.045815834866141,5692.3076923076915,0.00038307291424578084,257.25265716553287,0.065,0.33505154639175255,1-0-354-1,o,UT_014,014,2,fave,94.75894305249595,49.494709901188465,4,was,1,0.16998299999994515,thing,"",W,Z,W,Z,internal
659.4757914551496,1156.0574335355145,2588.7821806951633,2.5918457939138735,3.8095062811675997,4.082048011856654,5153.846153846154,0.0005162800521956462,259.09263783446715,0.045,0.3358208955223881,1-0-360-1,o,UT_014,014,2,fave,100.89664260067248,59.28807726109476,4,taught,1,0.11001599999997325,military,me,T,T,T,T,internal
640.2177039889118,1038.7790886791677,2738.8781082200594,2.5254067265949995,3.1797567824588335,3.799481322951573,4974.358974358975,0.00023629032988445791,259.4936428344671,0.087,0.32954545454545453,1-0-363-1,o,UT_014,014,2,fave,93.45109157207803,57.64418676276467,4,lot,1,0.24002100000001292,a,and,L,T,L,T,internal
561.4215336384859,862.671134832304,2235.4029295095766,3.6329532879415387,3.0175835255324626,4.730881781859648,3897.4358974358975,0.005286674050893056,264.0406498344671,0.040999999999999995,0.33064516129032256,1-0-374-0,o,UT_014,014,2,fave,102.14751697172171,53.344070218072794,4,on,1,0.10000700000000506,view,a,#,N,uw,N,initial
629.7594472351822,898.7996529998362,2757.2937918816892,2.822339643365609,3.299121603611497,3.7055089026681816,4794.871794871795,0.00011672193951351973,264.3256488344671,0.051000000000000004,0.3311688311688312,1-0-376-1,o,UT_014,014,2,fave,94.32083089478854,57.767739293524045,4,lot,1,0.13000499999998283,a,of,L,T,L,T,internal
651.7232977708973,958.7272608432366,2883.03373648732,2.7187496608491952,3.3063099272455423,3.408641646541666,4974.358974358975,0.0003465925079772223,266.67365483446713,0.047,0.3263888888888889,1-0-385-1,o,UT_014,014,2,fave,91.32113745690835,58.524240794191456,4,lot,1,0.11999500000001717,a,more,L,T,L,T,internal
612.185257659847,1004.4287953285079,1720.2215746553993,2.928341511101871,3.2947245932148075,4.3309130177067265,3897.4358974358975,0.00027775048974867537,273.54865416553287,0.037000000000000005,0.324561403508772,1-0-391-1,o,UT_014,014,2,fave,146.6319891408563,53.462219917866,4,contract,1,0.0899970000000394,total,was,K,N,K,N,internal
470.55627591052786,1290.3814420535593,2920.276684018814,2.6483954215929777,3.616663801893585,4.149996647340439,5871.794871794871,0.0015168945433989142,274.24465483446716,0.189,0.33510638297872336,1-0-392-1,o,UT_014,014,2,fave,110.88507856020941,52.68438788517756,4,was,1,0.5400089999999977,contract,what,W,Z,W,Z,internal
616.825735368276,1153.3771567481929,2376.3096887807746,2.7242965820391087,3.8598855378686463,4.4223759530441935,4794.871794871795,0.0010870619968168828,285.95345350340136,0.045,0.3358208955223881,1-0-425-3,o,UT_014,014,2,fave,101.02668858049027,60.7511862572198,4,utah,2,0.11001499999997577,the,national,T,#,T,N,final
609.7714571838112,1031.1793155599346,2666.0806933826857,2.7805296605250995,3.27215266390959,4.352910859786865,4974.358974358975,0.0008526710448903856,295.4437561655329,0.057,0.32758620689655177,1-0-450-1,o,UT_014,014,2,fave,91.56892048583329,57.82616926975585,4,lot,1,0.14999299999999494,a,of,L,T,L,T,internal
629.5435195256481,1157.1210073990276,2229.1728191059974,2.4743578329383045,3.447408939265035,3.9030750074001714,4615.384615384615,0.0015795646532437845,330.76885149659864,0.075,0.33482142857142855,1-0-505-1,o,UT_014,014,2,fave,123.16188900415969,62.85342422035798,4,job,1,0.19998099999997976,new,actually,JH,B,JH,B,internal
596.0316223414142,1120.2949090998277,2337.749602750094,3.140532062278282,3.64303464646634,3.608339869011054,4974.358974358975,0.000010402330511477539,344.4165548344671,0.027000000000000003,0.32142857142857145,1-0-533-0,o,UT_014,014,2,fave,109.7674819031782,56.09780191541359,4,on,1,0.05999700000000985,working,the,#,N,NG,N,initial
632.8592027516918,1282.0828383858466,2674.967873854178,2.718617206461522,3.5956028390694783,3.421918365719749,4794.871794871795,0.000203081676139267,356.1115568344671,0.037000000000000005,0.324561403508772,1-0-563-1,o,UT_014,014,2,fave,106.58834014697321,59.23087463591676,4,dollar,1,0.08999599999998509,five,an,D,L,D,L,internal
543.649458414581,1511.4528814197556,2640.110974443021,2.7532985499296068,3.025342979525761,3.776554512571625,5153.846153846154,0.00043435978435428605,367.8505521655329,0.075,0.33482142857142855,1-0-602-1,o,UT_014,014,2,fave,92.50515669444108,54.110778094812815,4,ya,1,0.19998199999997723,respect,"",Y,#,Y,"",final
589.6374535737225,847.4785284639433,1967.683693252339,2.9502374790679204,3.079258148304517,4.164196875839986,3897.4358974358975,0.00003906720219166113,368.3885558344671,0.031,0.32978723404255317,1-0-605-1,o,UT_014,014,2,fave,98.47563309868494,52.96660921858443,4,want,1,0.07000700000003235,they,your,W,N,W,N,internal
639.109652544277,900.3578868400818,2835.549632816693,2.2830760190430155,3.016588717152056,3.148719895611818,4794.871794871795,0.000036271278411607305,370.9856578344671,0.04100000000000001,0.3306451612903227,1-0-611-0,o,UT_014,014,2,fave,131.28777623164882,67.89827641474741,4,all,1,0.10000600000000759,"",around,#,L,"",L,initial
603.7533912690819,1102.2717956778658,2150.5881295570903,2.9702282422890733,3.6100346478734937,3.6133758424264104,4794.871794871795,0.0001023848780191502,388.28364016553286,0.037,0.32456140350877194,1-0-667-0,o,UT_014,014,2,fave,103.7489041833113,58.15980010811199,4,on,1,0.08999600000004193,that,the,#,N,T,N,initial
564.9284053208223,1075.5034579024662,2962.5538770278276,2.8221992248836174,3.5194306818910506,4.259138421727905,4974.358974358975,0.0003205605917287614,418.98914183446715,0.031,0.32978723404255317,1-0-737-1,o,UT_014,014,2,fave,108.52864288432113,57.95147350812948,4,salt,1,0.0700069999999755,considered,lake,S,L,S,L,internal
580.1990329772858,1007.1763658355668,2978.093305280612,2.578690808904962,3.065432429735873,4.416104597559852,5153.846153846154,0.00007218423765727676,421.45034816553283,0.031,0.32978723404255317,1-0-744-1,o,UT_014,014,2,fave,189.98317779372582,61.628476862892505,4,salt,1,0.07000700000003235,the,lake,S,L,S,L,internal
662.9414858662373,1275.9105635784458,2604.113530632662,2.8753588766193614,3.1594209630179133,4.020186418109238,4974.358974358975,0.00028400709285500517,435.6058468344672,0.055,0.3353658536585366,1-0-761-1,o,UT_014,014,2,fave,116.99989960305795,60.79955014150657,4,not,1,0.14001500000000533,i'm,happy,N,T,N,T,internal
597.3574344405098,1209.0488412772017,2139.9183068872403,2.961929119031785,3.7147363137534612,4.738185458072395,4794.871794871795,0.0015262243940278863,446.3691561655329,0.061000000000000006,0.3315217391304348,1-0-801-1,o,UT_014,014,2,fave,117.71589416569714,57.80625279824876,4,not,1,0.1600040000000149,why,"",N,T,N,T,internal
653.9573796885885,1007.9899794927157,2770.260017158413,2.9799734140875715,3.2204686730502705,3.9512381751988745,4974.358974358975,0.0022114468860023524,480.8285438344671,0.061000000000000006,0.3315217391304348,1-0-847-0,o,UT_014,014,2,fave,101.19010377893808,57.004343314038245,4,often,1,0.1600029999999606,is,overlooked,#,F,Z,F,initial
589.6089324504651,1038.1460354778853,2733.204209170101,2.4866423320869178,2.7137542777730754,3.757767467328313,4794.871794871795,0.0001849487796482411,486.89926683446714,0.057,0.32758620689655177,1-0-859-0,o,UT_014,014,2,fave,123.36291414885714,68.91590482819441,4,all,1,0.1499939999999924,it's,browns,#,L,S,L,initial
683.5690472530802,1253.2619694715797,2782.722472208511,2.8938755433050427,3.3080022070428403,3.6411067967205764,4974.358974358975,0.0003956802276772074,489.0462608344671,0.051000000000000004,0.3311688311688312,1-0-868-1,o,UT_014,014,2,fave,94.83687585541006,52.79272174675274,4,not,1,0.13000499999998283,it's,"",N,T,N,T,internal
599.630621123708,1201.4572914366083,2631.803027156221,2.4886877005893324,3.3426933062520106,3.3345525280058372,4794.871794871795,0.00025864897034736354,492.5992521655329,0.037,0.32456140350877194,1-0-878-0,o,UT_014,014,2,fave,255.36847470192933,55.61312976958693,4,all,1,0.08999699999998256,"",different,#,L,"",L,initial
622.8532546285733,1092.5313236926297,2653.1139356202525,2.7084944992906093,3.505317677550121,4.510799547608722,5153.846153846154,0.0004792866511822255,516.2430461655329,0.047,0.3263888888888889,1-0-928-0,o,UT_014,014,2,fave,122.77460987491604,65.52508604244443,4,often,1,0.11999500000001717,as,as,#,F,Z,F,initial
570.3793210235278,987.2290854854227,2598.1508387001177,2.385123634890794,2.8682332106327206,4.08471957975131,4794.871794871795,0.0001166812151690459,517.7930398344671,0.047,0.3263888888888889,1-0-934-0,o,UT_014,014,2,fave,122.48964890127938,61.78707354921199,4,all,1,0.11999500000001717,always,that,#,L,Z,L,initial
613.0998098314313,1055.7154317334264,2489.2204561456915,2.4274709495075824,3.2857169395262087,4.254213179878304,4974.358974358975,0.0006117508955180852,518.1180468344671,0.057,0.3275862068965517,1-0-936-0,o,UT_014,014,2,fave,122.96326300324411,61.8723237231895,4,often,1,0.15002500000002783,that,but,#,F,T,F,initial
590.8051104775165,1065.8484737221222,2143.954870243379,2.818879582850713,3.5542483799826377,4.918627302973346,5333.333333333333,0.0021873104611078477,519.2630661655329,0.047,0.3263888888888889,1-0-940-0,o,UT_014,014,2,fave,104.85062109884282,59.23803783605158,4,often,1,0.11999500000001717,as,as,#,F,Z,F,initial
567.1657976502453,1055.0103190366858,2410.1044443994524,3.0014203182893042,3.4762139891138117,3.8079864850762215,4974.358974358975,0.00015952969644681734,523.9449518344671,0.031,0.32978723404255317,1-0-956-0,o,UT_014,014,2,fave,100.24678888060352,54.92436439197449,4,on,1,0.07000799999991614,out,the,#,N,T,N,initial
584.1627518334651,1011.3995583587944,2369.0833945819877,2.6445985310376603,2.974478647446118,4.1194510686790204,4794.871794871795,0.00012610437941980998,546.4715488344671,0.035,0.3365384615384616,1-0-1003-1,o,UT_014,014,2,fave,99.41368277780981,60.86055437527757,4,called,1,0.080016999999998,they,the,K,L,K,L,internal
643.7840437375514,949.2866555500138,2797.372432915028,2.798165920179999,2.641212188583654,3.5034552748778007,5333.333333333333,0.00028580320940054644,593.5538295034014,0.061000000000000006,0.3315217391304348,1-0-1060-1,o,UT_014,014,2,fave,109.66410332093041,57.89856633296073,4,lot,1,0.160033999999996,a,to,L,T,L,T,internal
573.882624324134,940.3965024281376,2280.1003720161607,3.0251186814822972,3.2390236103794923,4.157131827821096,4435.897435897436,0.0004241334267663018,629.7154681655329,0.027000000000000003,0.32142857142857145,1-0-1134-0,o,UT_014,014,2,fave,515.6614265780827,53.167775117901,4,always,1,0.05999799999995048,"",enjoyed,#,L,"",L,initial
659.6320142355803,948.3999276482639,2815.6738163119403,2.8501844010925566,2.9826625309756345,4.025139176216715,4794.871794871795,0.00009467500941235671,634.7974648276644,0.051000000000000004,0.3311688311688312,1-0-1144-1,o,UT_014,014,2,fave,105.88364479653941,60.345506258836075,4,modifying,1,0.129942999999912,"",them,M,D,M,D,internal
592.6974507346778,990.9482151543873,2214.310436037231,3.079998506388477,3.5199692444282946,4.348484304730096,4794.871794871795,0.000028520826677246234,654.4581325034013,0.025,0.33783783783783783,1-0-1181-0,o,UT_014,014,2,fave,93.47942656310548,42.54950972651742,4,all,1,0.050047999999947024,"",that,#,L,"",L,initial
623.6296279391527,969.9132738907631,2782.4301067748574,3.3044714971872855,2.8886893198030448,4.631962036736044,5153.846153846154,0.0001541471039384245,658.4461564965987,0.040999999999999995,0.33064516129032256,1-0-1195-1,o,UT_014,014,2,fave,112.76431042454122,58.01865347055935,4,mom,1,0.09997599999996964,my,was,M,M,M,M,internal
634.5150438725086,891.9374209415931,2875.228868582494,2.707956523503019,2.777694970808492,3.4557755125302902,4794.871794871795,0.00027600155059209487,662.8161571655329,0.04100000000000001,0.3306451612903227,1-0-1213-0,o,UT_014,014,2,fave,113.27870907593301,61.11106200638164,4,all,1,0.09997600000008333,"",that,#,L,"",L,initial
625.3402733088293,1194.4255844427676,2215.8295924936924,2.841459837419091,3.853702172879156,4.0876606447667285,4794.871794871795,0.00020581423065379052,680.9572298344672,0.037000000000000005,0.324561403508772,1-0-1242-5,o,UT_014,014,2,fave,90.69782962556738,54.774488173642624,4,helicopters,2,0.09002599999996619,apache,"",K,P,K,P,internal
647.3765083088349,1184.0601295385325,2012.2417705415273,2.8436494372574646,3.575630128977124,4.399622192105092,4256.410256410256,0.0008721656818788089,694.1181598344672,0.051000000000000004,0.3311688311688312,1-0-1259-0,o,UT_014,014,2,fave,114.77557044568202,58.628674606705104,4,on,1,0.13000499999998283,later,in,#,N,*hr,N,initial
614.8045842964702,1081.5823620216624,2898.1540318009465,3.334549912802516,3.3786751408181286,3.8228779378406683,5512.820512820513,0.0002879621909557704,705.5453524965986,0.037,0.32456140350877194,1-0-1294-1,o,UT_014,014,2,fave,93.73299809971792,54.596542008042256,4,not,1,0.08996600000000399,people,in,N,T,N,T,internal
525.8482950197996,1244.6956980369173,2545.7358829851537,2.74783278130343,3.326902089992718,3.6646768484872307,4794.871794871795,0.00008041440496588188,708.4943598276644,0.035,0.33653846153846156,1-0-1304-0,o,UT_014,014,2,fave,104.04043985024173,56.86514841027884,4,almost,1,0.07995600000003833,lead,"",#,L,D,L,initial
611.8244095091799,923.5544149164277,2713.0892733481555,2.747308336406346,2.8086294236344638,4.067920183465037,4974.358974358975,0.000024568989231088855,711.0151575034014,0.037000000000000005,0.324561403508772,1-0-1308-4,o,UT_014,014,2,fave,121.97322434470728,65.62230129435152,4,responsibility,2,0.09002699999996366,more,but,P,N,P,N,internal
507.78614402822427,1619.6845109130054,2225.0840158579617,2.431967664732842,3.3138285250854325,4.062065406664669,4794.871794871795,0.00018506122361411755,711.9951375034013,0.037,0.32456140350877194,1-0-1312-1,o,UT_014,014,2,fave,98.58888237463434,59.15454521171155,4,got,1,0.09002700000007735,still,to,G,#,G,T,final
634.2760050103782,1220.7657248552403,2288.8612874172745,2.7104875910194415,3.3214802612749095,3.7519529610593407,4974.358974358975,0.0007680328810283234,713.0891511723355,0.085,0.3346456692913386,1-0-1318-1,o,UT_014,014,2,fave,93.0213307957202,56.476701853642574,4,job,1,0.23004100000002836,man's,"",JH,B,JH,B,internal
603.8244686403827,876.4741653224439,2193.2079267575473,2.946496672952388,2.796589441452131,4.638798648577595,4076.923076923077,0.0014364364345998038,715.1041674965986,0.035,0.3365384615384616,1-0-1322-4,o,UT_014,014,2,fave,99.91948331362427,61.317572354315395,4,responsible,1,0.07995600000003833,more,for,P,N,P,N,internal
645.6690174228947,830.3064624356226,2731.2843078996034,3.045437662559744,3.1115122635596024,4.713542688829043,4974.358974358975,0.000638874408691574,715.717158165533,0.040999999999999995,0.33064516129032256,1-0-1324-1,o,UT_014,014,2,fave,109.24247994154308,64.99050216244292,4,launching,1,0.09997599999996964,for,the,L,N,L,N,internal
625.1983805081561,1093.4129627899017,2002.8981523725033,2.4980202336422455,3.2147572625560628,4.525905107170194,4435.897435897436,0.00004492088132327778,743.3182568344671,0.027000000000000003,0.32142857142857145,1-0-1360-2,o,UT_014,014,2,fave,146.4467509617415,65.36863201425822,4,probably,1,0.05999800000006417,would,have,R,B,R,B,internal
582.9186198475562,1436.4212268223478,2444.900642188201,2.25861846160966,3.6763363561481763,4.296982552113601,4794.871794871795,0.00033440925045012394,749.7164731655329,0.045,0.3358208955223881,1-0-1379-1,o,UT_014,014,2,fave,234.59344238609424,62.23654655650679,4,got,1,0.10998500000005151,i'd,it,G,T,G,T,internal
633.1106400241445,921.5645177356705,2566.5150315180517,2.706889186643536,3.805320645108195,3.9424743185876188,4974.358974358975,0.004154723873339836,750.2114588344672,0.075,0.33482142857142855,1-0-1381-2,o,UT_014,014,2,fave,119.63105250734067,65.31879244967611,4,stock,1,0.20001200000001518,it,and,T,K,T,K,internal
642.6204202341014,922.5774567337365,2819.8597087813177,3.1335901895267595,3.2452487331536384,3.863846632537159,4974.358974358975,0.0003305144320944481,752.1894431655329,0.051000000000000004,0.3311688311688312,1-0-1389-1,o,UT_014,014,2,fave,93.33836621582229,54.115522145447564,4,modified,1,0.13000500000009652,"",it,M,D,M,D,internal
635.7337695407297,995.8394884332974,2575.809542965701,2.7728238272225267,3.3433105733097865,3.688394254879619,4794.871794871795,0.00008009869139094847,753.2824248344672,0.037000000000000005,0.324561403508772,1-0-1395-1,o,UT_014,014,2,fave,87.82994749024874,59.10580581455019,4,lot,1,0.09002699999996366,a,more,L,T,L,T,internal
624.2116594930872,857.6716087915513,2757.519045911605,2.82397205368632,3.206078293490521,3.7622530347848566,5153.846153846154,0.0007177819455788524,755.9567574965987,0.055,0.3353658536585366,1-0-1400-0,o,UT_014,014,2,fave,95.96270798414831,57.40227951899719,4,all,1,0.1399539999999888,"",around,#,L,"",L,initial
640.4760722214285,990.575543652179,2644.8111670426038,2.370068716095341,3.005236233018531,3.898338992053149,4974.358974358975,0.00015048435213385253,757.1327561655329,0.047,0.3263888888888889,1-0-1407-1,o,UT_014,014,2,fave,116.44174288497766,62.15808083544929,4,lot,1,0.11999500000001717,a,more,L,T,L,T,internal
618.6847622458495,944.7418038219452,2946.2591145095926,2.970426566526143,3.317469616606228,3.870655492139193,5153.846153846154,0.011339492167641867,759.9067638276643,0.055,0.33536585365853655,1-0-1414-0,o,UT_014,014,2,fave,-45.36177548870553,51.15297906803212,4,all,1,0.1399540000001025,"",that,#,L,"",L,initial
574.6885215340428,908.9894651162913,2516.291902640452,3.4745994266778224,3.8634863558375425,4.655894621663432,4615.384615384615,0.0004172814754560614,763.5948548344671,0.031,0.32978723404255317,1-0-1421-1,o,UT_014,014,2,fave,115.78989075185952,56.25961553744928,4,pontiac,1,0.07000699999991866,"",g,P,N,P,N,internal
608.8970203819774,902.3734481535896,2680.6428908808994,2.556136225355678,3.1560610875363087,3.3076522304320743,4794.871794871795,0.00011791330447536264,770.3469281655329,0.047,0.3263888888888889,1-0-1434-1,o,UT_014,014,2,fave,93.33134651938569,60.680240274154755,4,lot,1,0.11999500000001717,a,of,L,T,L,T,internal
665.7922012271549,1103.426490419232,2783.5611223003225,2.5728817957133283,3.568510855361133,4.035156088999633,4615.384615384615,0.00022586787785429624,809.1177335034015,0.061000000000000006,0.3315217391304348,1-0-1494-3,o,UT_014,014,2,fave,103.32522884975538,62.298081353095355,4,methodical,1,0.160033999999996,be,with,TH,D,TH,D,internal
579.1388154830461,944.4724258062097,2215.1413114193447,2.6917375553801843,3.104684325742584,4.642592111454364,4615.384615384615,0.00010593769476005969,830.7629448344671,0.031,0.32978723404255317,1-0-1537-1,o,UT_014,014,2,fave,117.1235846256348,60.149344080824626,4,wanna,1,0.07000799999991614,they,try,W,N,W,N,internal
638.6276791336155,1492.3065067047128,2810.293649013242,3.016914394878474,3.5233547057310104,4.9206669206827875,4974.358974358975,0.0004364277713660403,863.0810361655329,0.045,0.3358208955223881,1-0-1620-0,o,UT_014,014,2,fave,106.23924038314306,56.43541207916978,4,on,1,0.10998500000005151,especially,a,#,N,iyF,N,initial
626.1503688497133,1023.9357274152555,1857.5095481471747,3.303740248125635,3.2886379957458294,4.423183159833659,4076.923076923077,0.0019047608055822887,864.0140338344672,0.051000000000000004,0.3311688311688312,1-0-1625-0,o,UT_014,014,2,fave,97.59977459597206,48.70707397743906,4,all,1,0.13000499999998283,and,that,#,L,D,L,initial
602.3639229964309,975.23742533583,2615.248567273006,2.6616158118552065,2.9614452290627535,3.844314495578043,4794.871794871795,0.000012817293476402417,931.3092351723355,0.027000000000000003,0.32142857142857145,1-0-1671-1,o,UT_014,014,2,fave,105.54503803598578,61.350684675883215,4,called,1,0.06005900000002384,is,a,K,L,K,L,internal
615.034148771255,888.9606850651791,2619.3163450762663,2.7142932679240936,3.2721254358484138,3.8013965015526727,4794.871794871795,0.00011236881525763628,942.3592341655329,0.045,0.3358208955223881,1-0-1698-1,o,UT_014,014,2,fave,113.7296886941777,64.56110476360097,4,watchman,1,0.10998499999993783,the,found,W,CH,W,CH,internal
569.6701782217357,837.0411393938097,3079.211463167783,3.044353601600194,2.7295309531819263,4.3779624472103205,4974.358974358975,0.0009978404885737358,947.9162618276645,0.07899999999999999,0.3376068376068376,1-0-1711-0,o,UT_014,014,2,fave,104.32038285346668,53.194037179098004,4,on,1,0.20996100000002116,ale,the,#,N,L,N,initial
575.6709749815318,909.3596116362697,2217.2397009901033,2.8029660335217006,3.2262922476332103,3.9605816766968562,4794.871794871795,0.003494497424160274,951.7352348344672,0.057,0.32758620689655177,1-0-1720-0,o,UT_014,014,2,fave,106.51051155546075,51.226424636587474,4,on,1,0.15002399999991667,elk,my,#,N,K,N,initial
590.8509749511388,1197.9324653697115,2539.1629650548307,2.621847679742452,3.646291637060739,3.8326659378880388,4794.871794871795,0.000341540789401315,988.7531698344671,0.051000000000000004,0.3311688311688312,1-0-1807-1,o,UT_014,014,2,fave,97.96998462427712,61.07099522249057,4,doctor,1,0.13000500000009652,the,checked,D,K,D,K,internal
593.6167485553653,1081.4596473585007,2673.4783435744253,2.5776825302716877,3.2246745197028486,3.9377551723607125,4974.358974358975,0.00021052632932253896,992.7261408344672,0.057,0.3275862068965517,1-0-1816-1,o,UT_014,014,2,fave,108.68564636779497,63.32654534927688,4,saw,1,0.15002399999991667,student,the,S,#,S,DH,final
588.0536711065482,908.6805532998055,2621.84145160741,2.659470360437851,3.0085098590341817,3.4358741782612428,4794.871794871795,0.00020183805722520038,996.3068345034014,0.057,0.32758620689655177,1-0-1828-1,o,UT_014,014,2,fave,86.95338800984702,60.54250452878878,4,water,1,0.15002499999991414,the,today,W,T,W,T,internal
628.7132862603296,989.1795424391555,2631.0555429677097,2.8741789899402517,3.363241571506015,4.275985682634387,4974.358974358975,0.0010601864460398364,999.0838578344672,0.051000000000000004,0.3311688311688312,1-0-1836-0,o,UT_014,014,2,fave,113.6741900215569,52.659301216454814,4,onto,1,0.13000500000009652,ladder,the,#,N,*hr,N,initial
649.2579923646165,928.9270835161025,2732.52893232968,2.85072228242547,2.839941493850646,3.6428813178201045,4794.871794871795,0.000023058332689487187,1007.8168488344671,0.037000000000000005,0.324561403508772,1-0-1851-1,o,UT_014,014,2,fave,114.71802338834567,61.14059298802139,4,lost,1,0.09002699999996366,man,his,L,S,L,S,internal
626.7425179822444,916.8608948905685,2718.649838126464,2.5858006322543803,2.996764853750421,3.642503678244991,4794.871794871795,0.0001336387385736082,1008.7468375034014,0.057,0.32758620689655177,1-0-1853-1,o,UT_014,014,2,fave,99.57475218690234,63.34649483260699,4,bottle,1,0.15002400000003036,his,in,B,T,B,T,internal
661.1110795171156,959.9896706302821,2701.2823151367293,2.5777289009795146,3.322680177356082,3.436677222040036,4794.871794871795,0.0002123868985146383,1018.9188544965986,0.08100000000000002,0.3319672131147542,1-0-1880-1,o,UT_014,014,2,fave,103.41570790176131,63.646865025512255,4,bought,1,0.21996999999998934,"","",B,T,B,T,internal
620.4360209943562,977.3464925178622,2432.9031770705756,3.0448829258272916,3.65707360894652,3.7720001876387825,4794.871794871795,0.0002460119795571823,1037.3865928344671,0.051000000000000004,0.3311688311688312,1-0-1904-1,o,UT_014,014,2,fave,100.45245753226027,59.74573765469434,4,cough,1,0.13000499999998283,the,drops,K,F,K,F,internal
622.8850579320426,1053.8350160555844,2433.7902549718433,2.7195278081820113,3.7371504780324356,3.8836110252830216,4435.897435897436,0.0006813404186393702,1037.814518165533,0.047,0.3263888888888889,1-0-1905-2,o,UT_014,014,2,fave,91.60198005215848,56.89743295956323,4,drops,1,0.11999600000012833,cough,"",R,P,R,P,internal
675.7118523019939,1029.324329668888,2385.747902318192,2.727484928244383,3.797658820239185,3.523598065511573,4615.384615384615,0.0005739251018188452,1043.140174489796,0.057,0.32758620689655177,1-0-1922-1,o,UT_014,014,2,fave,98.67947054155397,58.20207721191993,4,cotton,1,0.1499029999999948,of,rather,K,T,K,T,internal
612.3062556914031,908.2065212970797,2707.7881177200634,2.4506641278776407,3.069213854177581,3.6544239462563746,4794.871794871795,0.00019439068236160322,1048.6640984965986,0.045,0.3358208955223881,1-0-1936-1,o,UT_014,014,2,fave,101.0458957886139,63.556292778255624,4,water,1,0.1099859999999353,the,splashed,W,T,W,T,internal
596.4439965658185,1045.6229667376922,2850.2979750171876,2.7628077207147865,3.3826760532034017,4.036098575442668,4794.871794871795,0.0004131033830447954,1067.9610095034013,0.057,0.32758620689655177,1-0-1982-1,o,UT_014,014,2,fave,117.56621266730146,65.85127069331354,4,saw,1,0.15002400000003036,children,the,S,#,S,DH,final
569.6758496561442,1113.8031408993666,2826.541070600584,2.908171971879548,3.5287732846496085,3.3120457703620136,4794.871794871795,0.000067006111315743,1068.6700854965989,0.035,0.3365384615384616,1-0-1985-0,o,UT_014,014,2,fave,114.40695616896062,59.324659976020975,4,on,1,0.07995599999981096,mittens,the,#,N,Z,N,initial
588.5626989602735,1063.342945513237,2828.949055645618,2.8137137705233433,3.3372744011827664,4.14332317701173,4794.871794871795,0.0008182158893722876,1073.2800718344672,0.055,0.3353658536585366,1-0-2000-1,o,UT_014,014,2,fave,107.40299786235617,60.066046871688634,4,saw,1,0.1400149999999485,children,the,S,#,S,DH,final
617.4187519429688,977.3099906148274,2632.1062939406675,2.8038078216300306,3.306816550249424,4.168788735328736,4974.358974358975,0.0007986815674085161,1076.0900768208614,0.095,0.33450704225352107,1-0-2008-1,o,UT_014,014,2,fave,106.04473549576414,62.10788789110021,4,saw,1,0.2598880000000463,woman,a,S,#,S,@,final
565.0739091428128,926.5665703061071,2558.353550280535,2.797139407820338,2.8863647202180283,3.6455107604760526,4794.871794871795,0.00002832107018540048,1082.9587165102043,0.037,0.32456140350877194,1-0-2028-1,o,UT_014,014,2,fave,101.20697446995433,62.04786178961006,4,called,1,0.09008799999992334,is,a,K,L,K,L,internal
564.8057813148024,850.1012749142099,2658.1445136325015,2.7420143003551796,3.027490549761525,3.395403487452486,4794.871794871795,0.00020520584806309617,1085.3677188344673,0.055,0.3353658536585366,1-0-2036-1,o,UT_014,014,2,fave,92.67285557912277,60.36149976748404,4,waddle,1,0.1400140000000647,would,under,W,D,W,D,internal
391.66139422098087,2581.046316099055,2923.6370845407246,4.070395262086819,4.207700849927847,4.09931442455495,6410.25641025641,0.00743696125490437,95.31545016553288,0.051000000000000004,0.3311688311688312,1-0-54-2,iy,UT_014,014,2,fave,118.24329534998884,51.95035070692675,4,eighteen,1,0.1299980000000005,"",nineteen,T,N,T,N,internal
428.59033373386035,2564.4656560820968,3057.3761674033426,4.000726301628298,4.059785371290998,4.945157207576464,6769.2307692307695,0.0022603713506781234,96.08945083446713,0.07899999999999999,0.3376068376068376,1-0-55-4,iy,UT_014,014,2,fave,113.92301941838785,49.96654973815699,4,nineteen,1,0.20999899999999627,eighteen,"",T,N,T,N,internal
401.00421901256897,1844.3432833974025,2729.5611345035136,3.4275876784508608,3.373943924340894,4.026434006025033,6230.7692307692305,0.00005237846507128056,109.36544816553287,0.031,0.32978723404255317,1-0-77-1,iy,UT_014,014,2,fave,100.39076324468544,54.34009460341901,4,weeks,1,0.07000000000000739,twelve,or,W,K,W,K,internal
495.128907940687,2223.546620462243,3172.7682792048577,3.636045422582362,3.2564439367638314,3.899760987952284,6769.2307692307695,0.0004697542845459032,174.63504116553287,0.091,0.33211678832116787,1-0-175-3,iy,UT_014,014,2,fave,126.12927369629726,60.01547808027266,4,routine,1,0.25,daily,"",T,N,T,N,internal
464.2397632213816,2047.5479883672426,3182.2443383159366,3.243144697709925,3.1129904197997846,3.7247883035403366,6769.2307692307695,0.000042868858394010085,185.11805116553288,0.037,0.32456140350877194,1-0-208-1,iy,UT_014,014,2,fave,110.85650897616796,59.1483929137875,4,meeting,1,0.08999700000001098,little,about,M,T,M,T,internal
367.6407035449935,2167.1865113931876,3126.8237936973883,2.8932066451887355,3.5755488504471913,3.99519321447605,6410.25641025641,0.0005534413692472671,187.78905083446713,0.07899999999999999,0.3376068376068376,1-0-217-1,iy,UT_014,014,2,fave,98.2220669316229,58.10354416800413,4,leads,1,0.21000699999999028,shift,"",L,D,L,D,internal
320.71931494923405,2066.544852851675,3118.477225714116,2.8383920085463243,3.712950548079471,4.411572257970392,6410.25641025641,0.0007920091350733868,194.65205583446712,0.045,0.3358208955223881,1-0-233-1,iy,UT_014,014,2,fave,98.22188741770348,53.027721347517065,4,diesel,1,0.11000100000001112,fixed,mechanic,D,S,D,S,internal
479.4669935946358,2061.6297888126155,2894.612693087854,3.6182148117290636,3.5527418718077284,3.792507381598899,6589.74358974359,0.00011194515425937552,200.75584883446714,0.027000000000000003,0.32142857142857145,1-0-244-1,iy,UT_014,014,2,fave,109.29076044149714,54.11188758441371,4,meeting,1,0.05999800000000732,manager,"",M,T,M,T,internal
502.3246889217064,2036.2564896872557,3013.723841206774,3.5296902233007263,3.57080727139394,4.160402649984199,6410.25641025641,0.00015013294170260484,217.10555083446712,0.031,0.32978723404255317,1-0-288-1,iy,UT_014,014,2,fave,106.95510929072151,51.3048177857764,4,need,1,0.07000700000000393,that,to,N,D,N,D,internal
388.6668717422202,2154.3779083188515,2954.30373981939,3.2855569497288735,3.3584601322611336,4.273720024202119,5512.820512820513,0.0011102254804213796,228.50184216553288,0.045,0.3358208955223881,1-0-316-0,iy,UT_014,014,2,fave,105.96445584592031,44.58928022084201,4,eat,1,0.11000100000001112,"",dinner,#,T,"",T,initial
522.0817408455051,1720.5321767671576,2831.8034671638616,3.5588816483605537,3.190616679203501,3.1452096801857277,6230.7692307692305,0.00006282745959778106,231.33285983446714,0.027000000000000003,0.32142857142857145,1-0-328-1,iy,UT_014,014,2,fave,104.96124994333425,53.952985444090245,4,relax,0,0.05999800000000732,down,for,R,L,R,L,internal
372.53253066605936,1911.676655465015,2755.718968557327,3.5897774345365363,2.9097910045011335,4.8411440926790705,7846.153846153846,0.0021408672374686796,280.0886378344671,0.037,0.32456140350877194,1-0-411-1,iy,UT_014,014,2,fave,101.18905311661497,48.94128858485311,4,reserves,0,0.09002700000002051,active,"",R,Z,R,Z,internal
356.0821832714164,2031.097270027983,2497.8906411138446,2.5496770371230366,3.3331001406769585,4.347597623140759,4974.358974358975,0.0012452484378339193,289.1184408344671,0.075,0.33482142857142855,1-0-432-4,iy,UT_014,014,2,fave,91.20259437768476,52.57294889616882,4,apaches,0,0.20001300000001265,the,"",CH,Z,CH,Z,internal
361.03864378190417,2288.1735859424825,2995.5809331595974,3.3588592732771922,3.583521063350824,3.9794259914358276,6410.25641025641,0.00011531702432322642,354.0535588344671,0.04100000000000001,0.3306451612903227,1-0-554-1,iy,UT_014,014,2,fave,127.28066122730154,59.99150623158731,4,leap,1,0.10000600000000759,the,of,L,P,L,P,internal
370.3229891003927,1990.6224899130018,2785.384128717471,2.631649148902338,3.33175755374169,3.8231623585407037,6410.25641025641,0.00008603125118745948,369.2915441655329,0.037,0.32456140350877194,1-0-609-2,iy,UT_014,014,2,fave,94.22593293809707,51.16217642108462,4,ideas,1,0.08999599999998509,and,"",D,@,D,@,internal
398.0247785048721,1968.6542235055822,2812.462820148363,2.487082996829169,3.4716239516316607,3.934522125993192,6410.25641025641,0.00011620732824348997,377.1256418344671,0.04100000000000001,0.3306451612903227,1-0-630-2,iy,UT_014,014,2,fave,99.99933508183653,55.715034139098854,4,ideas,1,0.10000600000000759,your,and,D,@,D,@,internal
359.18546381433686,2104.5445260692263,2842.5932524612435,2.981738343103008,3.854153707842895,4.220175855622958,5333.333333333333,0.00009124522793390371,378.30764950340136,0.025,0.33783783783783783,1-0-633-0,iy,UT_014,014,2,fave,125.82136215618452,47.49179145298469,4,either,1,0.05001900000002024,"",claim,#,DH,"",DH,initial
414.4068949935115,1921.9503583038024,2871.133714601348,3.0528031912000104,3.1793572459976986,3.9026429638559037,6230.7692307692305,0.00005568944347655299,396.2574658344671,0.027000000000000003,0.32142857142857145,1-0-681-1,iy,UT_014,014,2,fave,101.01332098153239,55.78408771211,4,leap,1,0.05999800000000732,that,of,L,P,L,P,internal
366.9101123887085,1982.4081951500516,3048.522518167444,3.2302834704530974,3.359134768125669,4.280801119223569,6410.25641025641,0.00003074338539011754,486.4142658344671,0.027000000000000003,0.32142857142857145,1-0-856-1,iy,UT_014,014,2,fave,133.24044178141676,61.63492455605483,4,people,1,0.05999700000000985,"",say,P,P,P,P,internal
379.7260215018201,1885.7823578126433,3020.2840529318323,3.4821806840242275,2.835309161312667,4.465098503063948,7128.205128205128,0.0005473866228306246,501.7351521655329,0.027000000000000003,0.32142857142857145,1-0-909-3,iy,UT_014,014,2,fave,92.25505093757381,52.21691756756456,4,appreciate,1,0.05999800000000732,to,"",R,SH,R,SH,internal
349.76097359613874,1935.3301563136083,2614.9248980696466,2.940181417352077,3.0276519825777792,4.350346866408168,6410.25641025641,0.0002576517095350855,501.9251541655329,0.027000000000000003,0.32142857142857145,1-0-909-5,iy,UT_014,014,2,fave,76.59381412592394,49.33114567385213,4,appreciate,0,0.05999800000000732,to,"",SH,ey,SH,ey,internal
482.50887608076215,1545.7650685436397,2724.9587624429946,2.827386987763716,3.6630663283333367,4.458631897440325,5153.846153846154,0.00016988820803700964,517.5980435034014,0.037000000000000005,0.324561403508772,1-0-933-3,iy,UT_014,014,2,fave,121.11798825883986,55.00317868942404,4,always,0,0.09002699999996366,wasn't,all,W,Z,W,Z,internal
483.4870015938295,1765.7723137884655,2996.3700594404336,3.744326597052106,3.1625058059971423,3.9355469543886126,6589.74358974359,0.00020315391288417298,527.9479575034014,0.037,0.32456140350877194,1-0-968-6,iy,UT_014,014,2,fave,91.40760473598249,47.66405953748313,4,experience,0,0.09002699999996366,and,stuff,R,@,R,@,internal
359.242977567762,2025.8105461641396,2972.764834726749,2.9938733026238946,3.626335386559975,4.290826574707215,6589.74358974359,0.0006488326963059826,539.7915368344671,0.075,0.33482142857142855,1-0-984-7,iy,UT_014,014,2,fave,105.45570744921159,53.78145484206057,4,activities,0,0.20001200000001518,favorite,were,T,Z,T,Z,internal
410.58221748452496,1844.8808319843386,2906.3601801243412,2.57390433895,3.3209214216585887,4.145342796613437,6948.717948717948,0.0000411760805989038,540.2575268344672,0.027000000000000003,0.32142857142857145,1-0-986-0,iy,UT_014,014,2,fave,105.56739260444496,54.48615625721611,4,either,1,0.05999799999995048,were,"",#,DH,*hr,DH,initial
403.76842677079276,1717.0664024611237,2242.240414309761,3.052849990408663,2.8830941168139725,4.55093818077407,6589.74358974359,0.00018642019148142625,551.4795531655329,0.031,0.32978723404255317,1-0-1021-2,iy,UT_014,014,2,fave,98.37710809188918,52.88682300336124,4,area,0,0.07000700000003235,swell,"",R,@,R,@,internal
370.3641863138094,2035.4399993460477,2888.602595780452,2.8191052582536535,3.7156227739812526,4.126559078395079,5333.333333333333,0.0002589315486849258,569.3796431655329,0.047,0.3263888888888889,1-0-1031-1,iy,UT_014,014,2,fave,114.10370830122744,54.80081070073417,4,least,1,0.11999500000001717,at,"",L,S,L,S,internal
426.4063616241806,1790.8835021527611,3233.470263597595,2.9175960932672056,4.159008688242241,4.15527546653942,6589.74358974359,0.00011207903091293075,595.1288508344671,0.031,0.32978723404255317,1-0-1068-3,iy,UT_014,014,2,fave,105.23494552833371,54.5697736130434,4,always,0,0.07000699999991866,could,improve,W,Z,W,Z,internal
370.6271991796473,1951.6953633711616,2716.5377034179983,3.7875977815674484,3.0506357105715103,4.355959229879268,6589.74358974359,0.00009353869246912684,598.1818445034014,0.037,0.32456140350877194,1-0-1072-1,iy,UT_014,014,2,fave,126.87521482656454,62.582677508415024,4,rebuilding,0,0.09002699999996366,"",and,R,B,R,B,internal
322.97923543868734,2172.6986901821606,3058.012210608702,3.294251716966312,3.1438133042468297,4.35785955760864,6230.7692307692305,0.0002833651058927045,605.4153421723355,0.045,0.3358208955223881,1-0-1082-1,iy,UT_014,014,2,fave,114.60047393714225,59.9337587803172,4,diesel,1,0.11004700000000867,duty,"",D,S,D,S,internal
380.51490738516344,2086.801264544044,2771.6977098249104,2.9420862804977475,3.696232065607627,3.7343617984268955,5153.846153846154,0.0018026963905179378,612.4854341723355,0.047,0.3263888888888889,1-0-1090-0,iy,UT_014,014,2,fave,119.46933288150947,51.19131490726637,4,even,1,0.12005599999997685,"",though,#,V,"",V,initial
375.109977467186,2040.8804751025507,2839.594378696953,2.5390010346623186,3.6369419875801237,4.123536472446849,6589.74358974359,0.00006603765531900574,620.4102528276644,0.035,0.3365384615384616,1-0-1110-5,iy,UT_014,014,2,fave,125.865320333015,57.32430570436098,4,completely,1,0.07995600000003833,apart,different,L,T,L,T,internal
470.0420231767663,2414.693560085592,2929.4498240889448,3.403136470664133,3.741698401809077,3.8308551019258483,6589.74358974359,0.00036067738799428503,626.7402654965987,0.055,0.33536585365853655,1-0-1126-1,iy,UT_014,014,2,fave,107.97657809104497,50.34458637685898,4,needed,1,0.1399539999999888,are,"",N,D,N,D,internal
399.33186529146366,1689.098279298603,2659.3820193267916,2.6720966253817027,3.610018235238093,4.47136537410864,6051.282051282051,0.00028700982867880696,629.9074598276644,0.031,0.32978723404255317,1-0-1134-3,iy,UT_014,014,2,fave,99.06809682413588,56.731742798710954,4,always,0,0.06994600000007267,"",enjoyed,W,Z,W,Z,internal
378.2593845035584,1845.6940924523822,3176.065625841785,3.7682204063225626,2.675586107379988,4.18705143674851,7307.692307692308,0.0001604816026127632,686.5403498344671,0.031,0.32978723404255317,1-0-1251-1,iy,UT_014,014,2,fave,97.4716570161094,53.63308722140359,4,repairs,0,0.07000700000003235,"","",R,P,R,P,internal
383.2319348551723,2119.4649146450174,3111.9765513947514,3.2002991654028095,3.2701328326034798,3.915678407793048,6410.25641025641,0.00018518220810363008,696.610159834467,0.035,0.33653846153846156,1-0-1269-1,iy,UT_014,014,2,fave,98.10133942205835,53.515590704702085,4,chief,1,0.080016999999998,crew,position,CH,F,CH,F,internal
563.9865236126666,1834.261503473297,2937.657165829161,3.586580861773883,3.063103384648924,3.633106210798244,6589.74358974359,0.0001906855923771786,700.7301358344671,0.075,0.33482142857142855,1-0-1283-6,iy,UT_014,014,2,fave,110.37076047629806,52.16896076726215,4,experienced,0,0.20001200000001518,more,"",R,@,R,@,internal
464.39250712803306,2006.2576913188352,2878.8935133406417,3.528578510616852,4.110679775499745,4.2561634782661475,5692.3076923076915,0.008840644479789264,703.8473404965987,0.04100000000000001,0.3306451612903227,1-0-1287-0,iy,UT_014,014,2,fave,113.5890611738134,54.020907212496866,4,easiest,1,0.09997599999996964,"",way,#,Z,"",Z,initial
331.1713104274017,2386.60889381788,3039.5884794891967,3.1858260662489846,3.674322249999244,3.678119790250186,6410.25641025641,0.0008303816351719313,708.3223228344672,0.051000000000000004,0.3311688311688312,1-0-1303-1,iy,UT_014,014,2,fave,104.65342527000658,55.90563671962589,4,lead,1,0.13000499999998283,shift,almost,L,D,L,D,internal
476.9687151024515,1684.5965828099977,1935.51250072348,2.836181697098252,3.598833425522598,4.315208382154271,4794.871794871795,0.0004033491114308639,710.764151834467,0.035,0.3365384615384616,1-0-1308-1,iy,UT_014,014,2,fave,122.1341733615647,61.21205289373208,4,responsibility,0,0.080016999999998,more,but,R,S,R,S,internal
416.2293302272326,1775.6742305009768,1979.3189179164808,3.0515402551421853,3.111723724126013,4.772853119318594,6230.7692307692305,0.0006728460231919387,714.8721368344671,0.031,0.32978723404255317,1-0-1322-1,iy,UT_014,014,2,fave,92.3976575761739,55.26558103603634,4,responsible,0,0.07000799999991614,more,for,R,S,R,S,internal
480.5169430390541,1938.0344817501896,2886.8441002303007,3.493806375242433,3.463649864537451,3.902621559897945,6589.74358974359,0.00006467172065636347,763.7248588344671,0.031,0.32978723404255317,1-0-1421-3,iy,UT_014,014,2,fave,105.07137481279804,51.222630613694015,4,pontiac,0,0.07000800000002982,"",g,N,ae,N,ae,internal
334.38312747831685,2256.507457543576,3334.491665319128,3.295885653711105,3.3027137946802054,4.1142640982560845,7128.205128205128,0.0007248412029048283,794.0899701655329,0.047,0.3263888888888889,1-0-1447-0,iy,UT_014,014,2,fave,90.51194452793985,49.359345908516254,4,easy,1,0.11999500000001717,the,part,#,Z,@,Z,initial
397.22407627840664,1906.1422934078203,3103.7490149820824,2.7543252974190304,3.738652009594565,4.409723213225932,6589.74358974359,0.00005522300972040955,800.1603531655329,0.027000000000000003,0.32142857142857145,1-0-1468-1,iy,UT_014,014,2,fave,98.54537442150813,55.045794231778,4,piece,1,0.05999799999995048,biggest,of,P,S,P,S,internal
425.6855588626618,1884.894505608438,2869.0320220699173,2.4674132733618026,3.257441809507335,3.9630221338115366,6410.25641025641,0.000115887596263805,844.5529591655329,0.045,0.3358208955223881,1-0-1580-1,iy,UT_014,014,2,fave,89.59658613006833,57.378531670117184,4,lead,1,0.10998600000004899,shift,it's,L,D,L,D,internal
379.8941154312699,2061.997359082524,3296.5479088179027,2.925717309642755,3.3480728341801007,4.236117486510224,6410.25641025641,0.0002096596774424414,848.1809641655329,0.040999999999999995,0.33064516129032256,1-0-1592-4,iy,UT_014,014,2,fave,101.09308476950322,50.69021158375961,4,procedure,1,0.09997599999996964,maintenance,let's,S,JH,S,JH,internal
370.7560772316008,2312.7260010946975,3031.1047116863965,3.1467291922188108,3.8207530577423703,4.181569499586134,6769.2307692307695,0.00177079631329797,863.5560638344672,0.075,0.3348214285714286,1-0-1622-2,iy,UT_014,014,2,fave,99.9076284176717,51.63162321101165,4,fleet,1,0.20001200000001518,a,"",L,T,L,T,internal
376.3123131320467,2072.32036418752,3001.056309561167,3.0004418518664058,3.6549811859754833,4.402925460941106,7487.179487179487,0.0008919953588934203,959.9842448344671,0.035,0.33653846153846156,1-0-1742-1,iy,UT_014,014,2,fave,81.949342855563,50.447983720276774,4,weekend,1,0.080016999999998,next,"",W,K,W,K,internal
358.85050274712955,2247.969229300758,3293.872722907239,2.6517399753217368,3.6549808354164885,4.217576029609522,6410.25641025641,0.00015564093954370284,962.342229834467,0.031,0.32978723404255317,1-0-1746-1,iy,UT_014,014,2,fave,113.82466124966545,56.963545109923736,4,people,1,0.07000700000003235,roman,spoke,P,P,P,P,internal
403.9480228184747,2156.522961666834,2896.544435094048,3.2998037578343666,3.728386968723663,3.7475024330821327,5871.794871794871,0.000399959785452285,970.9581365034013,0.04100000000000001,0.3306451612903227,1-0-1764-1,iy,UT_014,014,2,fave,103.33439901567121,53.054334959864136,4,need,1,0.10003700000004301,will,seven,N,D,N,D,internal
373.65783688316947,2029.6028651907027,3123.988750679335,2.7802291628750235,3.2496828233016473,3.7047890161392414,6410.25641025641,0.00007255632403075968,987.8051508276644,0.035,0.33653846153846156,1-0-1804-1,iy,UT_014,014,2,fave,106.46621298319785,57.43440318769459,4,weekend,1,0.07995600000003833,last,"",W,K,W,K,internal
370.9227462658946,2157.241622244558,2872.089157562126,2.6003872188788333,3.66019533175662,4.439587346633334,6589.74358974359,0.0008158511945508616,1012.3588664965986,0.061000000000000006,0.3315217391304348,1-0-1865-1,iy,UT_014,014,2,fave,89.19919781249334,54.838208482437075,4,week,1,0.15997300000003634,last,"",W,K,W,K,internal
370.19335211426284,1815.9630785803088,2185.498009028611,2.9182623319521555,3.1855196108754797,4.69342683134589,6410.25641025641,0.0004990442439836872,1070.4660351723358,0.027000000000000003,0.32142857142857145,1-0-1990-1,iy,UT_014,014,2,fave,100.35889831838107,57.285280892571414,4,received,0,0.060057999999798994,they,a,R,S,R,S,internal
386.496553579865,1910.997641904684,2777.8382979539374,2.7699225862031587,3.516785879081543,3.329957353253756,4794.871794871795,0.0000727454918297741,1070.6680798276643,0.031,0.32978723404255317,1-0-1990-3,iy,UT_014,014,2,fave,107.28016975117971,60.06802260529763,4,received,1,0.0699459999998453,they,a,S,V,S,V,internal
473.94813534099535,1068.5941050265774,2043.0231956829996,3.222328119867316,3.877126237856104,4.110369114246945,4435.897435897436,0.0021884204879570202,98.14545083446711,0.051000000000000004,0.3311688311688312,1-0-59-1,oy,UT_014,014,2,fave,118.97936646808431,55.61539457407123,4,joined,1,0.13000399999999956,i,the,JH,N,JH,N,internal
603.9351707382323,1125.4945441222283,2509.0938942798643,3.22799645785025,3.6849867906320037,4.076231197077346,4615.384615384615,0.00013740371042510625,263.52564083446714,0.031,0.32978723404255317,1-0-371-1,oy,UT_014,014,2,fave,118.30490136147894,57.995461344876716,4,point,1,0.07000700000003235,and,of,P,N,P,N,internal
479.2188504870475,955.6737893629627,2574.9868733377743,2.7257526042059044,3.36952111256398,4.462405935921737,5692.3076923076915,0.0035157269626919117,630.2724385034014,0.101,0.3322368421052631,1-0-1135-3,oy,UT_014,014,2,fave,102.28824880593525,58.263375522102734,4,enjoyed,1,0.2800290000000132,always,"",JH,D,JH,D,internal
517.5564150199959,1056.8810048249209,2600.873046039057,2.551465094676788,3.042924743237867,4.020471463819249,5512.820512820513,0.0005113576971032145,725.894347165533,0.10899999999999999,0.3364197530864197,1-0-1352-0,oy,UT_014,014,2,fave,87.9976334164683,56.47064037184333,4,oils,1,0.29998699999998735,"",filters,#,L,"",L,initial
541.8639622133651,992.923182371696,2298.2017520300506,3.149233634772,3.421839501557651,4.176747957010084,4435.897435897436,0.0023061695671487154,1050.3621524965986,0.08100000000000002,0.3319672131147542,1-0-1941-1,oy,UT_014,014,2,fave,98.0263763223183,52.95855059000389,4,noisily,1,0.2199710000002142,fountain,"",N,Z,N,Z,internal
515.5086938459286,1044.4902553185648,2353.7537964620565,2.8232414868450735,3.8899605601380416,3.5902362196597224,4794.871794871795,0.0000655086987672997,1056.2160351723358,0.027000000000000003,0.32142857142857145,1-0-1953-0,oy,UT_014,014,2,fave,86.82991736495181,49.64487365536275,4,oil,1,0.060057999999798994,many,wells,#,L,iyF,L,initial
514.1903398129543,904.5250936073035,2175.653523919584,2.9746804674973535,3.344347581710459,4.211645736625392,4615.384615384615,0.0025068264553582374,1059.4800038344672,0.095,0.33450704225352107,1-0-1963-1,oy,UT_014,014,2,fave,110.67928394157025,57.161380769552316,4,noise,1,0.26000999999996566,the,from,N,Z,N,Z,internal
597.3589192978956,1517.9732357901003,2100.289209167975,2.909943710938285,3.675335891162671,4.075322312401572,4615.384615384615,0.00005141503549541425,98.41345116553288,0.027000000000000003,0.32142857142857145,1-0-61-0,ahr,UT_014,014,2,fave,112.15750383517688,53.75207545926144,4,army,1,0.05999799999999311,the,"",#,R,iyF,R,initial
492.2268968139479,1468.1187049311245,1887.1520507543603,2.564159699864332,3.383760996949199,3.1456783561507167,4435.897435897436,6.541646984836029e-6,213.76255483446712,0.025,0.33783783783783783,1-0-276-2,ahr,UT_014,014,2,fave,117.32777035636981,63.603945928609235,4,start,1,0.050003000000003794,drivers,coming,T,R,T,R,internal
551.1764067032232,907.3538867251353,1908.53353121116,2.939400822596384,3.4889752315874323,3.240506843603129,5333.333333333333,8.630530144623178e-6,926.9512331655329,0.031,0.32978723404255317,1-0-1660-1,ahr,UT_014,014,2,fave,129.73509764615716,63.3857124068294,4,farmer,1,0.07000700000003235,the,milked,F,R,F,R,internal
473.54588443064864,1599.2521710049275,1949.3312884973363,2.634683499355495,3.3396619971893506,3.650733326846587,4615.384615384615,0.00032301538196004623,975.7251498344671,0.035,0.3365384615384616,1-0-1778-4,ahr,UT_014,014,2,fave,87.77824068952556,53.94858070640311,4,backyard,2,0.08001799999999548,the,"",Y,R,Y,R,internal
487.0014717074202,1191.9090634719182,1964.4376424007867,2.3299413849059727,3.508398182713926,2.7232299969784584,4435.897435897436,0.00004058233663931546,980.0431578344671,0.031,0.32978723404255317,1-0-1790-1,ahr,UT_014,014,2,fave,107.51897837229487,62.37338781759178,4,gardener,1,0.07000699999991866,"",planted,G,R,G,R,internal
551.5822921823561,1384.1787342993382,2180.8889436073255,2.5899750969239808,3.4714259320683754,3.565828642305058,4794.871794871795,0.00010547825465615213,1009.3938601655329,0.031,0.32978723404255317,1-0-1856-1,ahr,UT_014,014,2,fave,373.3523860968292,53.93450996390813,4,dark,1,0.07000700000003235,the,"",D,R,D,R,internal
556.6708915315455,1188.7163345362717,1887.4110933049603,2.5427157846423234,3.328073970749609,3.569400529237342,4256.410256410256,0.00023065938274196695,1086.2157151723356,0.031,0.32978723404255317,1-0-2039-2,ahr,UT_014,014,2,fave,578.8655725837393,54.48222082497346,4,stars,1,0.07006899999987581,the,"",T,R,T,R,internal
509.83475644160427,1295.0207870985125,2210.9943664501598,2.639623720067529,3.46417420109689,4.491893232115613,4974.358974358975,0.004296208493293786,109.79044983446713,0.061,0.2074829931972789,1-0-79-1,owF,UT_014,014,2,fave,101.05339775905085,58.040077473291426,4,so,1,0.27000400000000013,or,"",S,#,S,"",final
500.0742822410408,1228.2624581360715,2950.9460912897557,2.4788644057726263,3.70085003035605,4.279424642973571,5692.3076923076915,0.0030542852910578266,116.56135283446712,0.057,0.17065868263473052,1-0-93-1,owF,UT_014,014,2,fave,115.32008658479734,58.7839921924092,4,so,1,0.3099979999999931,or,five,S,#,S,F,final
854.6130531857353,2059.315884720313,3886.3589036469875,4.16042482124236,4.990582871746817,4.5585848296548495,6948.717948717948,0.12554905800102156,161.1812538344671,0.129,0.454225352112676,1-0-153-1,owF,UT_014,014,2,fave,117.16106029655744,42.48647160573812,4,so,1,0.25999400000000605,think,"",S,#,S,"",final
479.54887522984,1057.5873297568864,2210.0673458191986,2.1622631730676556,3.3064443995819124,3.7153912059972547,4615.384615384615,0.00006465795497352794,182.6570498344671,0.035,0.37234042553191493,1-0-196-1,owF,UT_014,014,2,fave,483.09805730834273,58.77755777256552,4,go,1,0.0700080000000014,"",up,G,#,G,ʌ,final
529.9604014805958,1139.087234666145,1968.3786148053237,2.4634860076095175,3.540268194072394,3.906772983535579,4615.384615384615,0.00009622882265072056,297.5377468344671,0.025,0.26595744680851063,1-0-456-2,owF,UT_014,014,2,fave,100.69146241610873,62.11710218543983,4,grow,1,0.07000700000003235,"",the,R,#,R,DH,final
479.9067274772016,1503.1185239263284,2303.6955005801883,2.3576131654280355,3.1623765648654145,3.955620361392342,4974.358974358975,0.000231157499150053,358.0265341655329,0.027,0.21774193548387097,1-0-570-1,owF,UT_014,014,2,fave,105.95506754597038,57.03558284400136,4,go,1,0.10000600000000759,to,to,G,#,G,T,final
588.8616492963546,1172.7011588313449,2501.175523646979,3.293584600115875,3.9675414328408714,3.604591481821222,6589.74358974359,0.00036405196453398177,384.1676598344671,0.025,0.21929824561403513,1-0-651-0,owF,UT_014,014,2,fave,120.01856290909977,57.67864992676448,4,oh,1,0.0899970000000394,down,yeah,#,#,N,Y,coextensive
492.8636138204031,1105.232090749049,1897.009573783237,2.6525868822592784,3.846031399111319,3.753935616937709,5153.846153846154,0.0000546481085731929,388.04265483446716,0.035,0.37234042553191493,1-0-665-2,owF,UT_014,014,2,fave,118.44654490261202,63.23791025910264,4,throw,1,0.07000800000002982,let's,that,R,#,R,DH,final
589.6627011841576,1435.116968373521,2594.86940251871,3.3237374643460202,3.4814239132615254,3.7887602663130835,6051.282051282051,0.002963280671094958,440.66515983446715,0.033,0.14102564102564105,1-0-776-1,owF,UT_014,014,2,fave,109.14046093444914,51.93725503179879,4,know,1,0.20999100000000226,i,who,N,#,N,HH,final
721.3221363169686,1189.694928321157,1698.145430567057,3.3423842498246223,3.8880966298717685,4.119083362484601,3897.4358974358975,0.0032456825079432085,510.45784616553294,0.025,0.11682242990654207,1-0-911-0,owF,UT_014,014,2,fave,97.11182743059624,47.35338864196358,4,oh,1,0.19000199999999268,"",since,#,#,"",S,coextensive
469.9834690246412,1428.5196658528914,2120.213987919884,2.2210198668674623,3.235434433661839,3.8765269013087824,4435.897435897436,0.00021203134738323983,520.7619484965986,0.025,0.21929824561403513,1-0-947-1,owF,UT_014,014,2,fave,95.96673622774769,56.48617225502769,4,go,1,0.08996500000000651,we'd,down,G,#,G,D,final
508.09356934865485,1337.3499541816068,2128.8951903870825,2.3422584067117653,3.3726588422502486,3.7065187378876336,4256.410256410256,0.000016009092933386134,523.7139718344671,0.029,0.34523809523809523,1-0-954-1,owF,UT_014,014,2,fave,103.04636306915917,56.816652348113,4,go,1,0.05999700000006669,"",out,G,#,G,aw,final
488.9662424462569,1148.6651387440575,2010.560390411286,2.3681744478490776,3.025857411805613,4.230542238634865,4435.897435897436,0.00022147108264314666,574.378658834467,0.025,0.26595744680851063,1-0-1048-1,owF,UT_014,014,2,fave,99.72513307972125,55.82136104736366,4,go,1,0.07000700000003235,and,back,G,#,G,B,final
603.128992739126,1073.4846700147966,1705.4519660477358,2.7802467730110583,2.946587316577456,4.5650129443225165,3717.948717948718,0.002999828620734066,612.8334598344671,0.043,0.054156171284634756,1-0-1091-1,owF,UT_014,014,2,fave,118.27825472930436,60.185146384719125,4,though,1,0.7700190000000475,even,"",DH,#,DH,"",final
513.4268738862514,1276.6985090262315,2918.948893141673,2.40919021035064,3.8173697343038646,3.225346305801284,4794.871794871795,0.00006411988540158792,628.6544598276644,0.025,0.24038461538461536,1-0-1128-1,owF,UT_014,014,2,fave,101.25108895930246,62.13483641654169,4,so,1,0.07995600000003833,"",that,S,#,S,DH,final
627.7831073024023,1058.8844760266886,2845.6204238080195,3.134304569339878,3.6395749662850743,3.9333864642743745,6051.282051282051,0.002576727514558687,664.5251401655329,0.119,0.4507575757575757,1-0-1217-1,owF,UT_014,014,2,fave,80.0282671875838,50.13338360012693,4,so,1,0.23999000000003434,"","",S,#,S,"",final
636.3865333570924,1204.7091060098576,2937.8319739070857,3.1715143410185673,4.01600917895123,4.198623712960819,6051.282051282051,0.014671484160996028,671.8033521655328,0.11499999999999999,0.452755905511811,1-0-1234-1,owF,UT_014,014,2,fave,-1141.660237575642,39.01749331143694,4,so,1,0.22998100000006616,"","",S,#,S,"",final
536.943760701781,949.8678940030788,2816.68458246864,2.4467916477582015,3.1369267557056095,3.341924878293911,5512.820512820513,0.00022589299998713438,712.4691681655328,0.025,0.18656716417910452,1-0-1316-1,owF,UT_014,014,2,fave,98.11870696627115,59.12855780904109,4,low,1,0.10998500000005151,the,man's,L,#,L,M,final
643.1049371723083,1409.6553491525372,2647.3525614346886,2.975763274052751,3.942643301197782,4.138660757195884,5153.846153846154,0.0016320876120330388,768.7409431655329,0.055,0.4104477611940299,1-0-1429-1,owF,UT_014,014,2,fave,882.7019728673542,36.28446662074278,4,so,1,0.10998499999993783,"","",S,#,S,"",final
488.6168490773155,868.1875152909386,2898.8335381397305,2.725769397577666,3.2939976953939363,4.1050815094561806,5153.846153846154,0.00030690633935065366,802.4993305034013,0.025,0.20161290322580647,1-0-1476-2,owF,UT_014,014,2,fave,91.74930827462946,52.50929048629008,4,slow,1,0.10003699999992932,"",down,L,#,L,D,final
583.8611711727958,1065.1281678711184,2573.3930769166836,2.4646451663486277,3.35880017975592,3.9147435754479587,5153.846153846154,0.00030817598931717814,835.4069598344671,0.039,0.13265306122448978,1-0-1556-0,owF,UT_014,014,2,fave,100.51683176266425,61.39280267704106,4,oh,1,0.270020000000045,"",i,#,#,"",ay,coextensive
592.2794804424188,1473.6533550883914,2709.124561844041,2.6415592931082212,3.2283456701884354,4.1035948802423405,5333.333333333333,0.00041452217905526894,835.9189641655328,0.043,0.16287878787878785,1-0-1558-1,owF,UT_014,014,2,fave,97.91358484651522,58.62067907967799,4,know,1,0.23999000000003434,i,i,N,#,N,ay,final
610.4613588652,1450.1229725928629,2553.210829740831,3.1631899597666626,3.1312027516693806,4.338950996742025,4794.871794871795,0.000513354586985671,836.3759421723355,0.037000000000000005,0.19072164948453613,1-0-1560-1,owF,UT_014,014,2,fave,94.4429816523276,54.29924976321236,4,know,1,0.17004400000007536,i,i,N,#,N,ay,final
601.9331783192717,1031.4164514642152,1622.772622585851,3.3100565571143483,3.234034554560215,4.37639486019291,3897.4358974358975,0.0026018297581678713,836.8249768344672,0.215,0.47356828193832595,1-0-1562-1,owF,UT_014,014,2,fave,91.38211806545635,52.5239093449638,4,know,1,0.42999299999996765,i,"",N,#,N,"",final
594.0223735068562,1079.6685883716684,2715.987965739847,3.0288194402629838,3.742006695026425,4.181938960277726,5692.3076923076915,0.008970502113801283,842.9029428344671,0.16499999999999998,0.46610169491525405,1-0-1575-1,owF,UT_014,014,2,fave,175.28217708507066,50.62263184242184,4,so,1,0.3300179999999955,"","",S,#,S,"",final
515.8334155108188,930.0669620259382,2969.6036589292926,2.489323413615254,3.3868798415145127,3.5006469469284616,5692.3076923076915,0.0008739842422691867,845.8929351655328,0.025,0.17361111111111113,1-0-1584-2,owF,UT_014,014,2,fave,101.84982030780633,58.961863656745926,4,slow,1,0.11999500000001717,let's,down,L,#,L,D,final
417.7888334064112,677.092418296837,2461.9747217773943,2.9998651118951964,3.4801543650078415,3.680352529665947,4615.384615384615,0.0016660494944102482,115.18035383446713,0.075,0.33482142857142855,1-0-90-1,owr,UT_014,014,2,fave,110.45643977446521,54.54002413545488,4,four,1,0.1999969999999962,"",months,F,R,F,R,internal
443.53214756715266,671.0754768791978,1925.9552881130176,2.6467335846099886,3.369155491801724,3.9342882102931527,4076.923076923077,0.0000936124750581895,163.83025083446714,0.027000000000000003,0.32142857142857145,1-0-165-1,owr,UT_014,014,2,fave,104.68262170898198,49.85370780699885,4,four,1,0.05999700000000985,or,years,F,R,F,R,internal
629.0171423091941,774.8606727512487,1963.7125241587723,3.295311154795343,3.0406723550978154,4.126993273676298,4256.410256410256,0.006708374797704107,232.48485316553285,0.051000000000000004,0.3311688311688312,1-0-333-0,owr,UT_014,014,2,fave,110.49933246393819,49.28270074384012,4,or,1,0.1299900000000207,"",work,#,R,"",R,initial
513.8165559591407,701.3114671432554,2012.0452483552172,3.063833055887347,2.7094352509968553,4.143362260875751,4256.410256410256,0.00004698481018919444,300.8387591655329,0.027000000000000003,0.32142857142857145,1-0-463-1,owr,UT_014,014,2,fave,117.09484164215658,61.25277985577618,4,more,1,0.05999800000000732,become,of,M,R,M,R,internal
554.4259956341607,858.8936239169061,2040.6104410590656,3.1851914009923106,3.4209793488068856,3.7872540036653413,4256.410256410256,0.00030271769585755504,366.67054483446714,0.055,0.3353658536585366,1-0-599-1,owr,UT_014,014,2,fave,99.34796452641449,50.761960645371424,4,more,1,0.14001400000000785,you,they,M,R,M,R,internal
484.1757205695166,758.6613671802328,1947.7811648940888,3.1119710407410297,2.9951230360398298,4.467717031339584,4435.897435897436,0.010408234844011717,380.45564416553293,0.121,0.3324175824175823,1-0-643-0,owr,UT_014,014,2,fave,211.64727135114944,48.71089604215253,4,or,1,0.33999699999998256,own,"",#,R,N,R,initial
556.3892105939499,788.889302391192,2049.30518867475,3.1218382505444464,2.9882599219144645,4.101753865719332,4256.410256410256,0.0005367489640397206,401.39055916553286,0.04100000000000001,0.3306451612903227,1-0-698-1,owr,UT_014,014,2,fave,104.71527191556723,55.794421779913655,4,more,1,0.09997599999996964,and,in,M,R,M,R,internal
474.2985779597891,776.782025462894,2253.895987442691,2.711948062950406,3.2648056969641956,4.215851838412881,4794.871794871795,0.006526233172021641,544.2395751655328,0.131,0.33248730964467,1-0-996-0,owr,UT_014,014,2,fave,201.8414351074864,50.95779936279716,4,or,1,0.36999500000001717,and,"",#,R,D,R,initial
579.5281017708043,862.164066311359,2055.947683202148,3.143459456695051,3.7236986722098577,4.37108155082256,4435.897435897436,0.021533787413569826,548.049551165533,0.051000000000000004,0.3311688311688312,1-0-1007-0,owr,UT_014,014,2,fave,138.4801249818195,42.10388600044795,4,or,1,0.13000499999998283,"",the,#,R,"",R,initial
473.22170914385885,728.319677077297,2430.965039165104,3.2647801467964945,3.1498805604881914,4.510380789297116,4256.410256410256,0.00048118407856200624,623.2402258344671,0.035,0.3365384615384616,1-0-1117-1,owr,UT_014,014,2,fave,102.5692371082011,52.86341403495806,4,worn,1,0.080016999999998,have,out,W,R,W,R,internal
562.4253280089168,808.150275462909,1974.6366467834107,3.272005670181484,3.3894778572091817,3.6109917266367475,4435.897435897436,0.00042191064729930466,753.4624674965986,0.037,0.32456140350877194,1-0-1396-1,owr,UT_014,014,2,fave,79.49282747061405,50.324848478820066,4,more,1,0.08996500000000651,lot,horsepower,M,R,M,R,internal
464.8633189406632,757.7158777287376,2393.1403048760903,2.871089950426214,2.7254356912402833,3.7191952143487557,4435.897435897436,0.0002114888986323207,813.5697441655329,0.045,0.3358208955223881,1-0-1507-1,owr,UT_014,014,2,fave,79.58104402651347,51.66590319722866,4,for,1,0.10998499999993783,look,"",F,R,F,R,internal
443.14764436235396,954.7224938397841,2040.083841370601,2.3605201802819664,3.043678595105303,3.77561153756485,4076.923076923077,0.00006731511398376835,957.9842448344671,0.035,0.3365384615384616,1-0-1734-2,owr,UT_014,014,2,fave,109.79900824547157,60.36014233217599,4,store,1,0.080016999999998,the,is,T,R,T,R,internal
410.43511019308033,942.8520647449125,2103.467866933072,2.598229195392917,2.90704413697402,4.0715442139123965,4256.410256410256,0.0003278672532589015,1060.755047165533,0.045,0.3358208955223881,1-0-1968-1,owr,UT_014,014,2,fave,96.59745800180906,54.80130062007653,4,door,1,0.10998500000005151,next,"",D,R,D,R,internal
407.38309474717965,1750.332612247373,2250.4802217975225,2.6448965881688093,3.135934360019123,4.076825101169806,4615.384615384615,0.000024348649680699187,142.34925483446713,0.025,0.33783783783783783,1-0-145-1,Tuw,UT_014,014,2,fave,83.18740471455381,50.068543327068255,4,two,1,0.050003000000003794,about,years,T,#,T,Y,final
374.22529446859164,1794.9243919428584,2461.5366200983217,2.2884055891038466,3.2141253661636813,3.6050142646888457,4615.384615384615,0.00020271843156963577,211.63254983446714,0.025,0.16233766233766234,1-0-270-1,Tuw,UT_014,014,2,fave,129.22379320019957,62.69178203026232,4,two,1,0.13000499999998283,about,in,T,#,T,i,final
558.7190629701312,1719.4693776593542,2485.401734214496,2.8523917095289675,3.0468049958027708,3.7595317676746918,4615.384615384615,0.002533780146175636,212.28255883446712,0.025,0.08223684210526315,1-0-273-5,Tuw,UT_014,014,2,fave,113.48727006158259,57.4046988334701,4,afternoon,1,0.27999900000000366,the,"",N,N,N,N,internal
508.2158270091913,1699.910977268758,2801.232711189928,3.1460696295493404,4.1038942766107604,4.159295955715315,4974.358974358975,0.0008458360620505444,330.5238494965986,0.025,0.18656716417910452,1-0-504-1,Tuw,UT_014,014,2,fave,127.26349023895806,56.97945086815386,4,new,1,0.10998600000004899,this,job,N,#,N,JH,final
384.7380960612656,1904.82413526175,2316.601832372573,2.7970848756937694,3.223151147266382,3.9153141534473703,4615.384615384615,7.308776833516235e-6,336.8694418344671,0.025,0.33783783783783783,1-0-518-1,Tuw,UT_014,014,2,fave,134.32601245773446,60.677680051649276,4,two,1,0.0500189999999634,about,years,T,#,T,Y,final
447.7940011331106,1520.0663810459143,1686.4414280358314,2.5214651859289714,3.457796209790741,3.2223712884037767,4615.384615384615,0.00012772189191037723,386.5676538344671,0.025,0.16233766233766234,1-0-660-3,Tuw,UT_014,014,2,fave,116.88504240252229,61.18236350087815,4,screw,1,0.13000500000003967,"",it,R,#,R,i,final
503.89872738669396,1820.1319857310434,2862.0500022057017,3.510649595321161,3.708407948664197,4.192702655973005,5153.846153846154,0.00018830736784953626,397.48644116553294,0.025,0.21929824561403513,1-0-688-1,Tuw,UT_014,014,2,fave,102.38901329112596,52.49324926079839,4,new,1,0.08999599999998509,this,company,N,#,N,K,final
471.1152138258545,1653.9346508244846,2671.8943644857245,2.18034817345652,3.17558799457814,4.3449206233923485,4615.384615384615,0.00015176476055287885,445.76115449659864,0.025,0.16233766233766234,1-0-797-1,Tuw,UT_014,014,2,fave,120.26932318639393,62.21573696148315,4,do,1,0.1299739999999474,let's,it,D,#,D,i,final
452.8069956109956,1577.9678820194677,2427.6714125638573,2.4190006395775723,2.9192618267261765,4.421558914823956,4615.384615384615,0.00042595663900123925,545.7865568344671,0.025,0.10683760683760683,1-0-1000-1,Tuw,UT_014,014,2,fave,92.24006345877791,55.918741367926636,4,to,1,0.21002199999998084,out,what,T,#,T,W,final
376.19738738278147,1850.5888871800203,2271.4789778758554,2.830732054780331,3.477606088007462,3.594246949461516,4435.897435897436,0.0005520991575584343,571.0786651655328,0.025,0.0748502994011976,1-0-1036-1,Tuw,UT_014,014,2,fave,104.89021659094894,52.13033393542985,4,two,1,0.3099979999999505,"",three,T,#,T,TH,final
469.4845039349451,1536.6161786590171,1744.265916374179,2.4999550081893736,3.8342827954106244,4.4800748468618234,4435.897435897436,0.0018744797211803213,595.555843834467,0.025,0.0880281690140845,1-0-1069-4,Tuw,UT_014,014,2,fave,127.34663135545178,62.56078270611746,4,improve,1,0.26000999999996566,always,but,R,V,R,V,internal
368.21782537208566,1805.6307530258252,2334.1952792063157,2.2283898963163655,2.978409820123913,3.8537087845695166,4615.384615384615,0.00003478535906156044,605.0553501655328,0.025,0.17361111111111113,1-0-1081-1,Tuw,UT_014,014,2,fave,121.87000784551546,68.74280579866263,4,duty,1,0.11999500000001717,heavy,diesel,D,T,D,T,internal
381.2337018892311,1861.3718413319339,2222.203547271281,2.5389401778398666,3.3397391271125243,3.685594870879174,4615.384615384615,0.0005376846037437102,615.0544398344671,0.025,0.16233766233766234,1-0-1096-1,Tuw,UT_014,014,2,fave,124.34197240109302,61.57741955004445,4,two,1,0.13000499999998283,have,engines,T,#,T,e,final
416.0657199966016,1842.8405639745897,2590.621906402832,2.9516336295962255,3.045628915754058,4.288858125065367,4435.897435897436,0.017654991476675194,811.5097561655328,0.025,0.05387931034482759,1-0-1502-1,Tuw,UT_014,014,2,fave,92.18866350530566,50.92475741503868,4,do,1,0.4400029999999333,they,"",D,#,D,"",final
446.50192946626373,1454.9213101372345,1870.7939667097273,2.482270595904252,3.039212160641478,3.2052834340256515,4615.384615384615,0.00005398806512769379,831.579952834467,0.025,0.17361111111111113,1-0-1541-2,Tuw,UT_014,014,2,fave,110.39412520494132,60.890607875276345,4,through,1,0.11999500000001717,rush,it,R,#,R,i,final
383.656294875547,1772.9404954844108,2749.8384425117365,2.955185484560698,3.0442441840825367,4.33539349175218,4974.358974358975,0.00009765077978161476,848.8029578276644,0.025,0.24038461538461545,1-0-1594-1,Tuw,UT_014,014,2,fave,92.63932112412044,51.11792132871102,4,do,1,0.07995600000003833,let's,this,D,#,D,DH,final
420.41475673664047,1798.7580590571838,2436.023122228739,2.3907059988308994,3.1682293534892443,3.8947856083874033,4615.384615384615,0.00013406760168269385,851.4029565034014,0.025,0.14367816091954022,1-0-1602-1,Tuw,UT_014,014,2,fave,109.48064553393294,61.05889529924969,4,do,1,0.15002399999991667,time,it,D,#,D,i,final
413.628913668989,1651.0476508626825,2723.0595854490284,2.594631705983481,3.1833035447775684,4.292338218538882,4974.358974358975,0.00008386306118175356,853.931026834467,0.025,0.24038461538461536,1-0-1613-1,Tuw,UT_014,014,2,fave,98.55341639489575,55.65274051427761,4,to,1,0.080016999999998,back,this,T,#,T,DH,final
417.46364351268585,1477.0226591563378,2681.249492738355,2.732380118161149,4.302616925559526,4.235150199631134,4794.871794871795,0.00023017100137009505,938.689266834467,0.025,0.26595744680851063,1-0-1689-1,Tuw,UT_014,014,2,fave,115.74432360474381,58.10870155710983,4,to,1,0.07000700000003235,home,an,T,#,T,@,final
447.9737606334753,1310.5566658238058,2354.7142718230107,3.0181408150234628,3.8937718319869905,4.66307241487437,4794.871794871795,0.0001195096523451986,951.1292688344671,0.025,0.2976190476190476,1-0-1717-3,Tuw,UT_014,014,2,fave,110.8752160801891,52.55762189791592,4,into,1,0.05999799999995048,crashed,an,T,#,T,@,final
372.62153914209864,1811.5599251051708,2282.026738700704,2.6873992332748236,3.3645210176307465,4.425464828927407,4615.384615384615,0.001231427829402239,972.5501564965987,0.025,0.13586956521739132,1-0-1768-1,Tuw,UT_014,014,2,fave,93.67212090019292,51.22699002811899,4,tuesday,1,0.15997300000003634,by,"",T,Z,T,Z,internal
391.3198338170925,1749.3256315741291,2486.0481019691897,2.27480404639887,3.4895843374401516,4.0700233949991675,4435.897435897436,0.0001371875366569007,992.2901464965987,0.025,0.21929824561403513,1-0-1815-2,Tuw,UT_014,014,2,fave,108.02693509269048,62.3282390378751,4,student,1,0.08996600000000399,the,saw,T,D,T,D,internal
414.9215325926549,1355.973906567197,1770.9935416741223,2.2899996408611414,3.3127223553357554,2.9715725964742212,4615.384615384615,0.00018568847729676604,999.5508501723357,0.025,0.1288659793814433,1-0-1838-1,Tuw,UT_014,014,2,fave,88.69284034253988,55.88165783060357,4,roof,1,0.17004399999996167,the,"",R,F,R,F,internal
441.50366132991485,1646.3899988095168,3245.661860753962,2.5018899162536306,3.165363835612683,4.148287975911375,6589.74358974359,0.0002677647501653779,293.6357581655329,0.061000000000000006,0.33152173913043487,1-0-442-1,u,UT_014,014,2,fave,93.63204227610413,56.710834650470765,4,good,1,0.1600040000000149,was,it,G,D,G,D,internal
492.32062126070525,1475.2396973945035,2789.8127234186713,2.8036753550923446,3.365983176618927,3.6240501412184374,4615.384615384615,0.00007294539809401338,353.3905501655329,0.035,0.33653846153846156,1-0-552-1,u,UT_014,014,2,fave,131.22904221472498,62.4727033000527,4,took,1,0.07998600000001943,"",the,T,K,T,K,internal
518.5793415985895,1581.4672194046025,2701.124937381822,3.0087640838830922,3.536447903121802,4.50581390135146,5333.333333333333,0.0011243943507859683,355.15854483446714,0.031,0.32978723404255317,1-0-558-1,u,UT_014,014,2,fave,116.47353711330577,56.35084602953265,4,took,1,0.07000700000003235,"",a,T,K,T,K,internal
525.2011418147864,1153.8932597401003,2591.6921052579373,2.5543458233297165,3.3994795382773826,3.6185276179465373,4974.358974358975,0.0003267971546338267,368.8835458344671,0.04100000000000001,0.3306451612903227,1-0-607-3,u,UT_014,014,2,fave,300.671847472108,50.555327441921015,4,input,2,0.10000600000000759,your,and,P,T,P,T,internal
496.8386760252707,1527.5961214290649,2950.5005541190553,2.9043080418209226,3.3462968747820665,4.357478740659356,6051.282051282051,0.000050016521095191015,395.8274428344671,0.027000000000000003,0.32142857142857145,1-0-679-1,u,UT_014,014,2,fave,117.08486403894241,60.59322818366296,4,took,1,0.05999800000000732,i,that,T,K,T,K,internal
470.4446274559912,1631.970665095523,2183.121238787959,2.3147692636339374,2.837509061868383,3.8154758568635327,4615.384615384615,0.00012547625292194938,451.8021591655329,0.047,0.3263888888888889,1-0-816-1,u,UT_014,014,2,fave,120.22194213050025,62.37728246099252,4,good,1,0.11999500000001717,out,"",G,D,G,D,internal
463.2108794883638,1234.655655278793,2423.38962968661,3.0104751637418987,3.3516051769683353,4.75438454797915,5153.846153846154,0.000017354429674615536,464.18594550340134,0.025,0.33783783783783783,1-0-819-1,u,UT_014,014,2,fave,123.40699325883169,58.580581918322906,4,would,1,0.05001900000002024,i,say,W,D,W,D,internal
491.9202724546648,960.366048012024,2867.533800645113,2.1527289547221655,3.2062537529221613,3.61032249798819,5333.333333333333,0.00013894430509688266,481.6065461655329,0.037,0.32456140350877194,1-0-848-4,u,UT_014,014,2,fave,171.18747498023436,63.83143735434825,4,overlooked,2,0.08999599999998509,often,"",L,K,L,K,internal
477.2337853880794,1572.4857613654208,2674.6341855832097,2.647721027307164,2.9505587894442162,4.338417943571736,4974.358974358975,0.00012818196081837693,516.8830511655328,0.067,0.32843137254901966,1-0-931-1,u,UT_014,014,2,fave,109.35003019072664,57.75992405739687,4,could,1,0.17999300000008134,we,wasn't,K,D,K,D,internal
537.7283973793293,1008.0357074131371,2725.2910663139755,2.646794687201568,3.6158005848273467,3.5204357807011535,4615.384615384615,0.00014907447887502724,526.7149718344671,0.031,0.32978723404255317,1-0-964-1,u,UT_014,014,2,fave,98.32431181966625,59.22742393391505,4,look,1,0.07000700000003235,"",at,L,K,L,K,internal
505.54972756403674,1191.113618216327,2437.287769961283,2.648329133475723,3.306698860729631,4.497238928718442,4615.384615384615,0.0007472682819527812,637.6274468344672,0.031,0.32978723404255317,1-0-1153-1,u,UT_014,014,2,fave,102.85521702804412,55.063545119644644,4,push,1,0.07000799999991614,can,em,P,SH,P,SH,internal
537.4213184169224,1072.0584790226217,2786.0034912173114,2.501994377922977,3.4581749152830605,3.588361393517129,4615.384615384615,0.00031403085152131096,653.0511528344671,0.031,0.32978723404255317,1-0-1176-1,u,UT_014,014,2,fave,101.0336249034506,57.88842119170713,4,look,1,0.07000800000002982,"",at,L,K,L,K,internal
518.7815404314322,1394.7652306884365,3081.3092663974326,2.454802216161002,3.844298472470147,3.743221247572394,6230.7692307692305,0.000042541985940187536,794.8699538344672,0.027000000000000003,0.32142857142857145,1-0-1450-1,u,UT_014,014,2,fave,504.3890187268763,58.66700582100689,4,putting,1,0.05999799999995048,it's,it,P,T,P,T,internal
493.2341249949176,1032.8265458113383,2776.1277525860396,2.493080486957832,3.369099610026346,3.7975233238263257,5871.794871794871,0.00023743110252747248,813.2647618344671,0.035,0.3365384615384616,1-0-1506-1,u,UT_014,014,2,fave,97.8837328678407,56.037550196307706,4,look,1,0.080016999999998,to,for,L,K,L,K,internal
465.40992397223465,856.2990386936082,2806.549319904895,2.537670502525057,2.9104891094200482,3.0241034322958193,5871.794871794871,0.00018471400569513874,847.0939371655329,0.047,0.3263888888888889,1-0-1588-1,u,UT_014,014,2,fave,107.35083983947527,58.13283588024879,4,look,1,0.11999600000001465,"",at,L,K,L,K,internal
439.3556145206454,945.1769629487027,2794.3294812410622,2.514588384263832,3.966524346215064,3.9562901714485275,5333.333333333333,0.0009423256003593093,937.2592581655329,0.045,0.3358208955223881,1-0-1686-1,u,UT_014,014,2,fave,116.41117923623015,64.71119693864911,4,woods,1,0.10998600000004899,the,are,W,D,W,D,internal
497.3808270178209,1195.318935387991,2487.9144032576414,2.5388776588488704,3.4491962095192843,4.091444654904779,4974.358974358975,0.0006162199093450632,1040.4991618276645,0.075,0.33482142857142855,1-0-1915-1,u,UT_014,014,2,fave,82.43296174611353,52.97850331003886,4,woods,1,0.19995099999982813,the,"",W,D,W,D,internal
526.7501663355492,2986.0350530103524,4074.364932194726,3.1841141211424646,3.352817905058462,3.828860686826498,7666.666666666666,0.00005847304407065242,1075.6610754965984,0.037000000000000005,0.324561403508772,1-0-2007-1,u,UT_014,014,2,fave,105.91504400097608,56.191544068925126,4,woman,1,0.08996600000000399,the,saw,W,M,W,M,internal
440.02033527584376,1049.7579266826024,3037.9781487009063,2.7168121815178825,4.048152511786767,4.107121697386412,6230.7692307692305,0.000903808465105028,1085.1177458412697,0.035,0.3365384615384616,1-0-2035-1,u,UT_014,014,2,fave,92.24242481105414,57.989039888776105,4,would,1,0.08007799999995768,children,waddle,W,D,W,D,internal
532.7314634030497,753.3548195826028,2587.511618264837,2.647336263849885,3.0038351038044806,4.123838749668744,4974.358974358975,0.0005023187899097471,306.85665183446713,0.095,0.33450704225352107,1-0-480-0,oh,UT_014,014,2,fave,101.11116727996708,57.97082921881758,4,all,1,0.2600100000000225,travel,over,#,L,L,L,initial
637.497736342057,1039.4658101231512,2551.74357090229,2.9888018180917415,4.119984408017722,4.054181468954439,4974.358974358975,0.010306940194067237,470.3339501655329,0.101,0.3322368421052631,1-0-832-3,oh,UT_014,014,2,fave,115.70885472183923,57.45980244472261,4,utah,2,0.27999899999997524,easternish,"",T,#,T,"",final
623.1430982991156,933.0869330883695,2067.998392250261,3.4538857002557197,3.653662616937198,4.405051441150879,3717.948717948718,0.005372767214936838,646.1361584965987,0.04100000000000001,0.3306451612903227,1-0-1156-0,oh,UT_014,014,2,fave,NaN,36.45962928271474,4,always,1,0.09997599999996964,"",been,#,L,"",L,initial
631.523258025922,891.437321767218,3005.004780877484,2.7992769433758506,3.0294956899575123,3.889777029821974,5512.820512820513,0.0001892475670044059,724.2683654965987,0.057,0.32758620689655177,1-0-1345-2,oh,UT_014,014,2,fave,100.65659817106382,63.372959800806775,4,along,1,0.149962999999957,"",with,L,NG,L,NG,internal
649.5149076957933,957.8799019505,2718.257163920552,3.030236718885515,2.999602801735434,3.7948278453776076,5512.820512820513,0.001455244897926151,930.5262325034014,0.08100000000000002,0.3319672131147542,1-0-1669-0,oh,UT_014,014,2,fave,106.38459740955791,54.7606403969068,4,author,1,0.2200310000000627,an,is,#,TH,N,TH,initial
647.4840496543567,1012.6561148231923,2632.2824418916202,2.966633160789561,3.0882184515627187,4.22872222130265,5512.820512820513,0.0022280743440081983,1082.0557558276644,0.07100000000000001,0.33177570093457953,1-0-2026-0,oh,UT_014,014,2,fave,103.35264694859606,53.65301582862661,4,author,1,0.18994100000008984,an,is,#,TH,N,TH,initial
432.68567572982084,1682.7974437793353,1883.4520460998601,2.5252896440884673,2.9394016011853252,3.2847518389575265,4615.384615384615,0.00002102120805136084,376.8486471655329,0.027000000000000003,0.32142857142857145,1-0-629-1,uwr,UT_014,014,2,fave,99.78838588082289,57.326809932192745,4,your,1,0.05999700000000985,take,ideas,Y,R,Y,R,internal
419.070088243413,1702.6752334646326,3463.2351185897605,3.639374816640554,2.657955254550143,4.883532925191619,6589.74358974359,0.00006357883549522312,379.1786445034014,0.027000000000000003,0.32142857142857145,1-0-637-1,uwr,UT_014,014,2,fave,111.71607146411458,55.30176927609533,4,your,1,0.0600289999999859,as,own,Y,R,Y,R,internal
407.13955760952024,1629.9602113766985,1827.7835064175551,2.7192069637011844,2.891462704450653,2.998098336733635,4256.410256410256,0.00006503705253615954,714.394156834467,0.035,0.3365384615384616,1-0-1320-1,uwr,UT_014,014,2,fave,95.93339328814362,58.81720697492566,4,you're,1,0.080016999999998,"",more,Y,R,Y,R,internal
