F1,F2,F3,B1,B2,B3,max_formant,smooth_error,time,rel_time,prop_time,id,label,file_name,group,speaker_num,point_heuristic,f0,intensity,optimized,word,stress,dur,pre_word,fol_word,pre_seg,fol_seg,abs_pre_seg,abs_fol_seg,context
635.0229120644055,1426.032225789553,2321.0046404614636,3.891935649839343,4.132990264980387,4.498261851276023,4615.384615384615,0.009864428711944524,1.3127471655328797,0.025,0.20161290322580647,0-0-1-0,ow,UT_003,intvr,1,fave,143.3967568048419,34.96575936432443,4,okay,2,0.09999999999999987,"","",#,K,"",K,initial
390.6117978270074,860.3851089660043,2854.29106423642,1.8940097534052835,3.9058560820643833,4.3897931498128315,4615.384615384615,0.0005156429521784855,15.05274716553288,0.025,0.20161290322580647,0-0-44-3,ow,UT_003,intvr,1,fave,127.92795545238704,50.072409134984206,4,followed,0,0.0999990000000004,"","",L,D,L,D,internal
613.2268317648153,1387.2797815538647,2286.4050476908405,2.71718005825044,3.7265875224352034,4.007008201356974,4435.897435897436,0.0022103561493720804,41.86385383446712,0.025,0.1524390243902439,0-0-105-0,ow,UT_003,intvr,1,fave,123.95379313950575,49.18018486159181,4,okay,2,0.1399990000000031,"","",#,K,"",K,initial
465.05728627636876,1100.6492474019967,2201.0498592764193,3.1536954961651524,3.677423237487261,3.473419881207182,4256.410256410256,0.0002040623206434078,61.236851834467124,0.029,0.34523809523809523,0-0-153-0,ow,UT_003,intvr,1,fave,205.77282440025277,45.39808468072057,4,okay,2,0.060001999999997224,"","",#,K,"",K,initial
571.5764004878899,1224.5709123160982,2317.022109725729,3.3746245360614626,3.6800833126404933,3.385301798223291,4974.358974358975,0.000050924413463639935,84.85054616553288,0.025,0.33783783783783783,0-0-175-0,ow,UT_003,intvr,1,fave,165.6771633891573,43.30378823419154,4,okay,2,0.050002999999989584,"","",#,K,"",K,initial
402.291712093414,1293.017929828484,2111.9619295505704,2.8125093441710143,4.1083329936951065,3.8768144538311335,3897.4358974358975,0.0005998871753184892,93.99285583446712,0.025,0.26595744680851063,0-0-191-0,ow,UT_003,intvr,1,fave,217.15056846632382,47.71451724662167,4,okay,2,0.0699989999999957,"","",#,K,"",K,initial
586.1928004939623,1418.759862347863,2458.7138688197037,3.302671818839941,3.893013002089439,4.3895598869002415,4615.384615384615,0.005185163406531626,122.67874416553288,0.03900000000000001,0.21195652173913052,0-0-229-0,ow,UT_003,intvr,1,fave,125.60370742039879,37.75537340666934,4,okay,2,0.16000300000000323,years,"",#,K,Z,K,initial
519.7778909709575,1194.1391755660322,2088.9076875610986,2.6557599333680355,3.7270764085655625,4.287650504381794,4076.923076923077,0.0011771118224070591,132.23174683446715,0.025,0.24038461538461545,0-0-246-1,ow,UT_003,intvr,1,fave,458.143458913948,42.62893284322455,4,those,1,0.08000199999997903,in,languages,DH,Z,DH,Z,internal
536.5926018503515,1464.1559548759415,2311.954183512618,2.634096428448609,3.433023293242204,3.707700162887888,4615.384615384615,0.0011582456119125749,185.2064511655329,0.031,0.1781609195402299,0-0-267-0,ow,UT_003,intvr,1,fave,117.38368782663193,47.50039713926711,4,okay,2,0.1499939999999924,"","",#,K,"",K,initial
552.5454091335038,1434.3673000711483,2348.4788017905485,3.682156205712711,3.9528592135228737,4.579015241507855,5153.846153846154,0.008465002625928393,203.31675016553288,0.033,0.24626865671641796,0-0-275-0,ow,UT_003,intvr,1,fave,169.42289579903672,43.486143750152614,4,okay,2,0.1100009999999827,"","",#,K,"",K,initial
462.86637627694864,1202.168590164898,2840.8631591837184,2.207090011236745,3.423152009350236,4.190256576134505,4794.871794871795,0.0003866480571454539,336.05045449659866,0.027000000000000003,0.2872340425531915,0-0-373-2,ow,UT_003,intvr,1,fave,116.66754730743871,48.286572478078334,4,associated,1,0.06997599999999693,"",with,S,S,S,S,internal
565.1895141454496,1407.8621204211845,2264.8516526068274,3.2612945905826427,3.9664855047290293,4.475162202488128,4256.410256410256,0.0032150988290008996,378.0885398344671,0.039,0.29104477611940305,0-0-384-0,ow,UT_003,intvr,1,fave,142.68915058724122,44.57207775910112,4,okay,2,0.11001500000003261,"","",#,K,"",K,initial
329.538156639735,1657.65239754321,2313.205995167245,2.0894478281839435,3.6969599316443658,3.9991938612779734,4435.897435897436,0.00018763977421327362,425.3044455034014,0.025,0.21929824561403513,0-0-429-1,ow,UT_003,intvr,1,fave,102.58115253441437,47.0079248523449,4,chose,1,0.09002699999996366,to,one,CH,Z,CH,Z,internal
477.43104389721657,972.0892429932582,1736.5617782833106,2.7017911037657942,3.7426293466353906,4.569626612911208,4435.897435897436,0.0005340175862579764,425.8344388344671,0.025,0.24038461538461545,0-0-432-1,ow,UT_003,intvr,1,fave,459.05703293683,37.684325040307996,4,those,1,0.080016999999998,of,places,DH,Z,DH,Z,internal
510.72490163261506,1232.8486717347246,2293.798192064319,3.4979339372570997,3.9264857532980937,4.151807649097501,4435.897435897436,0.0041256011065069565,451.8671538344671,0.025,0.16233766233766234,0-0-439-0,ow,UT_003,intvr,1,fave,223.13174288726907,45.43115631944753,4,okay,2,0.13000499999998283,"","",#,K,"",K,initial
555.5940927217018,1006.4304839332067,2138.4349488814064,3.339245409455056,3.533655254190345,4.2241482989768855,4615.384615384615,0.000655254927216324,492.65025916553293,0.025,0.18656716417910452,0-0-474-1,ow,UT_003,intvr,1,fave,85.23586193675789,38.424875267935384,4,most,1,0.10998599999999215,the,"",M,S,M,S,internal
426.400369863183,976.2206274445413,2179.5839848771666,2.8603349489870515,2.7807926927129287,3.4128890378141246,4615.384615384615,0.00032816875551303093,535.464041834467,0.035,0.37234042553191493,0-0-488-1,ow,UT_003,intvr,1,fave,97.90436892022939,44.291039774350466,4,going,1,0.07000700000003235,"",on,G,i,G,i,internal
578.3399516172004,1035.9729364194873,1821.4578103711467,3.5470080511443047,4.005701209512933,4.811349274666569,4256.410256410256,0.023711451183515614,582.5884771655328,0.029,0.15760869565217395,0-0-545-1,ow,UT_003,intvr,1,fave,NaN,30.169636346968606,4,most,1,0.1599740000000338,the,"",M,S,M,S,internal
584.6557887023674,1000.4940234779586,1722.114076769431,3.1191450618008956,3.5555601759110087,4.316026669699785,4256.410256410256,0.0007874774795807933,791.0841524965987,0.025,0.20161290322580647,0-0-702-0,ow,UT_003,intvr,1,fave,89.12593963851099,39.918761677776544,4,own,1,0.09997599999996964,their,"",#,N,R,N,initial
485.8112005276653,794.4702969589496,1727.8401227514496,2.7292481737238714,3.4580419698931184,4.560905605837748,4076.923076923077,0.0029481657497303854,812.7593405034013,0.025,0.13586956521739132,0-0-739-0,ow,UT_003,intvr,1,fave,210.71149510878809,45.16149457972089,4,overly,1,0.160033999999996,"",dry,#,V,"",V,initial
509.08570916370087,869.3983715061927,2053.546134457689,2.7493201405660916,3.170112026376677,4.353174541679517,4435.897435897436,0.0029147808504290888,842.7888644965986,0.025,0.13586956521739132,0-0-796-0,ow,UT_003,intvr,1,fave,85.73557260877485,42.40670952746165,4,over,1,0.15997300000003634,"",and,#,V,"",V,initial
553.9850597217225,1041.2373561454933,2005.4756959286747,2.9650165438050298,3.4699416974520956,4.227371685416639,4435.897435897436,0.0004917861777394515,843.308834834467,0.025,0.24038461538461545,0-0-798-0,ow,UT_003,intvr,1,fave,500.8645904095698,38.89212066457293,4,over,1,0.080016999999998,and,and,#,V,D,V,initial
530.6656035213696,1117.679019668107,1868.6403118991193,2.990898858446337,3.462056099664768,4.200050013677877,4435.897435897436,0.0008485478317522316,843.6288475034013,0.025,0.21929824561403513,0-0-800-0,ow,UT_003,intvr,1,fave,525.5573335068111,39.6057037169811,4,over,1,0.09002699999996366,and,again,#,V,D,V,initial
513.9910157387633,897.3500049129067,2164.0436299750854,2.4420132552904805,3.6029761002169836,4.046313983431977,4435.897435897436,0.00010703716297162712,1086.3106621723357,0.029,0.34523809523809523,0-0-897-1,ow,UT_003,intvr,1,fave,138.47337878875337,50.14401443427588,4,mostly,1,0.060058999999910156,you,do,M,S,M,S,internal
402.5338834877169,974.178165084532,1991.812686128812,2.633484285807107,3.895367304143348,4.220883582553612,4615.384615384615,0.000571967684440264,1260.8234804965987,0.031000000000000003,0.25000000000000006,0-0-969-1,ow,UT_003,intvr,1,fave,90.81073898141688,38.3703233721426,4,those,1,0.09997599999996964,sometimes,jobs,DH,Z,DH,Z,internal
539.0042048484845,1676.273532649412,2391.7037688995556,2.6496385865215086,3.574679637563607,3.6627583377040946,4974.358974358975,0.0017800870392162967,1.9627471655328796,0.08499999999999999,0.17206477732793518,0-0-1-2,eyF,UT_003,intvr,1,fave,193.6769440673977,38.54089809836295,4,okay,1,0.4700000000000002,"","",K,#,K,"",final
416.10962909692347,1975.1506083608435,2609.4207944683426,1.4935922697954176,3.4863891886637917,3.7262228358360177,5153.846153846154,0.00013937066847382476,11.27274716553288,0.025,0.24038461538461536,0-0-34-0,eyF,UT_003,intvr,1,fave,391.0848335499122,40.74966490483874,4,a,1,0.08000000000000007,be,interview,#,#,iyF,i,coextensive
463.7553885225493,1887.1492857022101,2634.2373375405823,2.107757258063573,3.8264424247256064,4.053519098575364,4974.358974358975,0.0043296353768114,15.93274716553288,0.025,0.06868131868131866,0-0-49-0,eyF,UT_003,intvr,1,fave,229.75307271376906,38.702554274256116,4,a,1,0.34000000000000163,by,portion,#,#,ay,P,coextensive
614.400308801941,1814.36889466147,2443.8662321587262,3.7515311033594627,4.164247886282618,4.669607114384854,6769.2307692307695,0.015908115846298577,42.16385283446712,0.025,0.06684491978609626,0-0-105-2,eyF,UT_003,intvr,1,fave,168.00224362318843,45.62052432784144,4,okay,1,0.34999900000000395,"","",K,#,K,"",final
463.46556689605177,1721.1418078533884,2388.1051160809916,2.4201414221795896,3.7671953497298527,3.5635278293432493,4974.358974358975,0.0029972823684667137,50.559852834467115,0.037000000000000005,0.20108695652173916,0-0-130-1,eyF,UT_003,intvr,1,fave,87.98333297021335,39.86724224570717,4,way,1,0.15999899999999911,a,to,W,#,W,T,final
538.4368608560962,1520.606155598658,2228.5716277873034,2.9736029102846593,3.561881757439506,3.9621703780110247,4435.897435897436,0.0004882427202171334,61.38485383446712,0.025,0.24038461538461545,0-0-153-2,eyF,UT_003,intvr,1,fave,186.6611082674747,33.69346315534832,4,okay,1,0.07999799999999624,"","",K,#,K,"",final
612.4470714592946,1806.3136412006654,2713.356520246684,3.496459678556429,4.0563382603214775,4.043109095636773,4974.358974358975,0.004540438083962211,68.72254816553288,0.10899999999999999,0.8134328358208955,0-0-163-2,eyF,UT_003,intvr,1,fave,-5480.670787610099,33.38326658549664,4,okay,1,0.1100009999999969,"","",K,#,K,"",final
538.1793316156602,1833.5731104683725,3019.784858683846,3.477517917414607,3.632922513173144,4.242929526494256,6769.2307692307695,0.002503411400059564,84.99354916553288,0.07100000000000001,0.4080459770114943,0-0-175-2,eyF,UT_003,intvr,1,fave,65.28423824282004,44.4168824006757,4,okay,1,0.15000100000000316,"","",K,#,K,"",final
629.1999333325336,1657.2809967613875,2466.0477213053373,3.289875037392608,4.159384723417788,3.845179522029629,4794.871794871795,0.0014136928596292185,94.17884883446712,0.097,0.7238805970149255,0-0-191-2,eyF,UT_003,intvr,1,fave,108.61924234865174,38.06152203906738,4,okay,1,0.11000100000001112,"","",K,#,K,"",final
686.4369543622175,1972.7689150165102,2437.4255930479953,3.0597425001626672,3.899007540940728,3.9045843714912714,4794.871794871795,0.013915379370122917,123.28874416553288,0.399,0.9410377358490566,0-0-229-2,eyF,UT_003,intvr,1,fave,257.40506777615514,31.53161051840558,4,okay,1,0.40000099999998895,years,"",K,#,K,"",final
509.0958680916776,2162.7216274369907,2716.9200742499206,2.452373208184674,3.995094994762223,3.873087728437714,5692.3076923076915,0.0034942278025827753,164.75134916553287,0.24899999999999997,0.9087591240875913,0-0-260-1,eyF,UT_003,intvr,1,fave,240.3789517436387,35.0193199624604,4,day,1,0.25,typical,"",D,#,D,"",final
624.3643729235165,1566.9209729921263,2464.462465830499,3.469875719024038,3.733933834854226,4.569484938544504,5692.3076923076915,0.0003113559940011729,185.4314531655329,0.041,0.4880952380952381,0-0-267-2,eyF,UT_003,intvr,1,fave,NaN,38.00143505984034,4,okay,1,0.059996999999981426,"","",K,#,K,"",final
610.3390554327606,1680.8159448901179,2945.6009425305833,3.309935031867391,4.098291822950417,4.6478495572141885,6589.74358974359,0.00522968067982108,203.58975116553287,0.139,0.8475609756097562,0-0-275-2,eyF,UT_003,intvr,1,fave,-915983.9809316233,41.008080116511714,4,okay,1,0.13999999999998636,"","",K,#,K,"",final
579.5396559484273,1859.422035425523,2537.2089276792376,3.712521804276895,4.080741938198908,4.160844323119732,5153.846153846154,0.005895951500804696,378.3455408344671,0.11300000000000002,0.6141304347826088,0-0-384-2,eyF,UT_003,intvr,1,fave,115.62415130497698,38.82403051407625,4,okay,1,0.1600040000000149,"","",K,#,K,"",final
678.6710202147057,1572.004342784027,2324.409211910285,3.3488058763785546,4.000183764962812,4.068301862588749,4794.871794871795,0.00232656500994438,452.1641591655329,0.159,0.8641304347826088,0-0-439-2,eyF,UT_003,intvr,1,fave,-209.0942298010843,41.54207873085932,4,okay,1,0.15997300000003634,"","",K,#,K,"",final
426.8556565174239,800.3574353863497,1501.8998534345358,3.1553999939735142,2.419498733423895,2.4976725566560165,3179.4871794871797,0.004586067485827846,845.5758525034014,0.659,0.9634502923976608,0-0-804-0,eyF,UT_003,intvr,1,fave,341.65467125511094,52.8365225335581,4,a,1,0.660033999999996,or,"",#,#,R,"",coextensive
490.43060421257655,1618.8859908031181,2578.9063886605877,2.7008512683077996,3.9678956069508025,3.927159594028297,5512.820512820513,0.006642751462036476,888.1400548276645,0.025,0.06038647342995169,0-0-845-0,eyF,UT_003,intvr,1,fave,242.74231993148288,34.20591354232027,4,a,1,0.3899539999999888,as,"",#,#,Z,"",coextensive
472.71166165635384,1737.6327857222677,2668.717032108968,2.3393886020020607,3.5397248593030146,3.837255209999262,5512.820512820513,0.0014240456729039564,1315.8034018344672,0.025,0.09124087591240877,0-0-1105-1,eyF,UT_003,intvr,1,fave,435.04988273159483,41.655897840549855,4,say,1,0.25,"","",S,#,S,"",final
598.3548308551538,1614.3836582146967,2223.6340481772145,2.9562439912400857,3.490263073936583,3.755150798793339,5333.333333333333,0.00043604577184182437,1334.7840744965986,0.08499999999999999,0.6854838709677419,0-0-1153-2,eyF,UT_003,intvr,1,fave,239.18653474233167,34.3830120535107,4,okay,1,0.09997599999996964,"","",K,#,K,"",final
455.0671553098133,1362.6212554832744,2449.922470614164,2.8594006701751264,3.8405785039542764,3.8490463009090616,4794.871794871795,0.0020878215936915084,3.04474716553288,0.029,0.14215686274509803,0-0-5-1,owF,UT_003,intvr,1,fave,-83.66998708394213,34.47887395318326,4,go,1,0.18000000000000016,let's,"",G,#,G,"",final
401.220615271464,919.1956811591087,2230.682516889635,2.6603497092861264,3.827411969740737,3.822150086003101,4615.384615384615,0.008101339043442967,5.40274716553288,0.16499999999999998,0.4661016949152541,0-0-13-1,owF,UT_003,intvr,1,fave,129.63000369343473,45.107088215362,4,so,1,0.33000000000000007,"","",S,#,S,"",final
436.5871885167396,1036.006506688539,2742.247502642732,2.913597454763239,4.264485594167495,4.691799097049821,4794.871794871795,0.022488525855404944,44.77185183446713,0.041,0.14963503649635038,0-0-111-1,owF,UT_003,intvr,1,fave,226.90778613901264,40.497254629571366,4,so,1,0.25,[bracketed],"",S,#,S,"",final
611.2091522679658,1342.2428854291647,2676.4807747056548,3.2818433890638468,4.115337125194201,4.30243360092485,5333.333333333333,0.009165768804680327,46.688853834467125,0.035,0.07543103448275862,0-0-118-1,owF,UT_003,intvr,1,fave,103.6146967513504,40.471289567786286,4,know,1,0.4399980000000028,you,"",N,#,N,"",final
508.7168119264699,1223.660680825418,1853.9608457306847,2.8540994665711668,3.7019497884306958,4.257477610508441,4435.897435897436,0.0036641729217143995,74.64054716553287,0.025,0.16233766233766234,0-0-172-2,owF,UT_003,intvr,1,fave,211.17122810900807,40.59066814331739,4,grow,1,0.12999700000000303,"",up,R,#,R,ʌ,final
422.22707547209745,1199.4261309089031,2575.5584897143062,2.5597180155446257,3.8372551687765055,3.2540685744228885,5153.846153846154,0.00032894592298915497,99.88285483446712,0.025,0.21929824561403513,0-0-194-1,owF,UT_003,intvr,1,fave,148.34831781988822,45.98858000940217,4,so,1,0.0899959999999993,and,that,S,#,S,DH,final
442.7239627240873,1085.6544362481231,2560.746509009236,2.631262965214119,3.869971040738579,3.5425304561863604,4794.871794871795,0.0016838485714754168,100.37785083446713,0.05500000000000001,0.2989130434782609,0-0-196-3,owF,UT_003,intvr,1,fave,116.12342841615553,47.684533853234434,4,also,0,0.16000300000000323,that,you,S,#,S,Y,final
488.17724345575937,1101.0924492675927,1997.3512723758943,3.839698969490808,3.862597897381631,3.9866873084714896,4076.923076923077,0.00836114532713982,100.92885583446713,0.037000000000000005,0.2761194029850747,0-0-199-1,owF,UT_003,intvr,1,fave,189.2188910540291,37.25038717640388,4,know,1,0.10999999999999943,"","",N,#,N,"",final
395.6245236938417,775.9856170617184,2342.573453022095,2.483562557926151,3.6799104395269175,4.234766623324456,4794.871794871795,0.0071220842676093035,325.19944183446717,0.185,0.46954314720812174,0-0-336-1,owF,UT_003,intvr,1,fave,128.9174107791916,46.35273520699956,4,so,1,0.37002599999999575,"","",S,#,S,"",final
418.96384449841116,710.9535537596835,1497.0063810042732,3.5109951616541255,4.014209876702018,4.321355342383223,3717.948717948718,0.0058370562389470585,327.2254431655329,0.037000000000000005,0.324561403508772,0-0-339-1,owF,UT_003,intvr,1,fave,83.99105147497066,34.563030729809405,4,know,1,0.08999599999998509,you,"",N,#,N,"",final
560.6131192051873,1479.6026640985478,2480.85168682581,3.3791556477162397,4.119982347940395,4.030321588890324,4615.384615384615,0.008912455617617533,329.67845516553285,0.043000000000000003,0.15693430656934307,0-0-350-1,owF,UT_003,intvr,1,fave,-303.17925151534035,33.24650869360907,4,know,1,0.25,you,"",N,#,N,"",final
404.5332456379818,1066.6663680213894,2069.7813707693263,2.669703279893105,4.027721936680759,4.421394248785226,4076.923076923077,0.022498123415946668,387.7815461655329,0.025,0.11682242990654208,0-0-396-1,owF,UT_003,intvr,1,fave,154.7456971793808,48.27039587284015,4,so,1,0.19000199999999268,"","",S,#,S,"",final
435.78184309493383,1359.5830636846433,2664.381610872957,2.5891346925629617,4.067997444997006,4.0733776051259065,4974.358974358975,0.0006176649490027838,389.54155616553294,0.025,0.26595744680851063,0-0-398-1,owF,UT_003,intvr,1,fave,152.09623431562358,51.63543076779654,4,so,1,0.06997599999999693,"",you've,S,#,S,Y,final
399.1070001449418,947.8935878125033,2429.275789246221,2.8620804589922293,4.085442231002713,3.8847718986467714,4615.384615384615,0.0012072664741393608,460.62205116553287,0.045,0.39473684210526316,0-0-454-1,owF,UT_003,intvr,1,fave,122.26837838146096,45.64907789501052,4,go,1,0.08999699999998256,"",on,G,#,G,o,final
548.3027695390224,1580.038666263096,2299.7933489293855,2.9648593437252457,3.679174073310168,3.645404939476538,4615.384615384615,0.0010492978831779546,462.58004316553286,0.04100000000000001,0.3306451612903227,0-0-462-1,owF,UT_003,intvr,1,fave,297.7612783320686,38.467814722391736,4,go,1,0.10000600000000759,to,"",G,#,G,"",final
544.5818192513495,1204.5069490939982,2602.2052271422604,2.812787267354236,3.828140788890717,3.704424980154295,5153.846153846154,0.011147180394320222,541.7514551655328,0.025,0.07716049382716048,0-0-502-1,owF,UT_003,intvr,1,fave,165.2950460164299,47.77150019280741,4,so,1,0.2999879999999848,"","",S,#,S,"",final
414.1653880890703,1403.526211599401,2359.7532685224032,3.1680363395825974,4.222416857621113,4.361926350956369,5512.820512820513,0.00605647425066669,548.7314361655328,0.025,0.1288659793814433,0-0-523-1,owF,UT_003,intvr,1,fave,93.88712145525108,41.39578791156908,4,know,1,0.169983000000002,"","",N,#,N,"",final
394.9692433452393,999.4358425075859,2469.6380414337323,3.2879816147944876,3.7583160284025072,4.007115318801622,5153.846153846154,0.0029926046000705534,578.1184475034014,0.049,0.2816091954022989,0-0-530-1,owF,UT_003,intvr,1,fave,301.86928288380284,40.30363876898289,4,so,1,0.15002399999991667,"","",S,#,S,"",final
443.2981997992331,1338.444814384889,2537.9938380025183,3.0127935974619646,4.046326853285066,4.447072686367293,4974.358974358975,0.002624644078141394,677.4989564965987,0.031,0.23134328358208958,0-0-605-1,owF,UT_003,intvr,1,fave,142.80949667357334,48.548465432942656,4,know,1,0.10998600000004899,i,there's,N,#,N,DH,final
495.6689209514092,1108.9744994875355,2177.019026534073,2.822898449009863,3.1341218394417547,4.306869267822573,4794.871794871795,0.00010043978101698441,693.915950834467,0.025,0.26595744680851063,0-0-634-1,owF,UT_003,intvr,1,fave,135.8918197985728,51.472975274634706,4,know,1,0.07000800000002982,i,there,N,#,N,DH,final
571.3207814948848,1440.3128056657952,2236.912743490673,3.0051807403912636,3.7748332928200092,4.062815158119339,4615.384615384615,0.0006943883142355682,701.0969438344672,0.027,0.17532467532467533,0-0-653-1,owF,UT_003,intvr,1,fave,88.41165059582691,43.90462467515879,4,know,1,0.13000499999998283,you,my,N,#,N,M,final
639.4390837896134,1379.4038669760544,2153.2951204823767,3.5202528089142087,3.9887363410466987,4.492383432026911,4435.897435897436,0.000756523702746637,790.3611228344671,0.03900000000000001,0.3750000000000001,0-0-698-1,owF,UT_003,intvr,1,fave,82.49651231702705,39.24268359664511,4,know,1,0.080016999999998,"",everyone,N,#,N,e,final
543.0461729089411,1239.8549841113004,2349.5236752101096,2.9316964490714446,4.076572396255547,4.2447883537988,4435.897435897436,0.025885089641979823,807.0241611655327,0.025,0.05506607929515419,0-0-721-1,owF,UT_003,intvr,1,fave,110.507981425731,42.909172897027645,4,know,1,0.42999200000008386,i,"",N,#,N,"",final
495.26640906046356,933.2129397681063,1981.9576465604825,3.19671686466307,3.522173217393183,4.22699212226196,4435.897435897436,0.0018657390132122572,807.6991341655329,0.055,0.4104477611940299,0-0-724-1,owF,UT_003,intvr,1,fave,98.32078476225817,41.936382237098165,4,know,1,0.10998500000005151,i,i've,N,#,N,ay,final
441.84453638644544,1226.5594342352697,2371.6839725509626,2.736412631532359,3.808942325678001,3.9653624520638133,4794.871794871795,0.0016671829797672722,841.998836834467,0.025,0.24038461538461545,0-0-792-1,owF,UT_003,intvr,1,fave,296.2978177812178,44.96845255408519,4,go,1,0.080016999999998,you,back,G,#,G,B,final
307.32124271750143,996.9300995837825,2094.1557284090086,4.28062203781945,3.3202152642029255,4.112842892525339,4435.897435897436,0.00010690367592507393,876.4700335034013,0.025,0.33783783783783783,0-0-811-1,owF,UT_003,intvr,1,fave,NaN,32.67401890592375,4,no,1,0.050049000000058186,"","",N,#,N,"",final
435.1743450972274,1091.5752918650333,2643.171345595734,2.126368076241544,3.582041843977124,4.052791623405844,4794.871794871795,0.0001915770387728223,887.4500698344671,0.025,0.2976190476190476,0-0-842-3,owF,UT_003,intvr,1,fave,410.65577086682606,49.46816014092786,4,also,0,0.059996999999953005,you,work,S,#,S,W,final
625.2954188703812,1256.9477272311415,2225.548144196873,3.836630336580965,3.901469126209149,4.341433030205861,4435.897435897436,0.013229799858759266,895.5260704965987,0.027000000000000003,0.15517241379310345,0-0-866-1,owF,UT_003,intvr,1,fave,82.31838927388111,35.94087899264339,4,know,1,0.149962999999957,you,"",N,#,N,"",final
423.4873679293326,1229.0121365900663,2578.0447668034744,2.508182099639009,3.5256633708346494,3.4170451216903603,4794.871794871795,0.004152839241248759,1085.6356205102043,0.03900000000000001,0.14772727272727273,0-0-894-1,owF,UT_003,intvr,1,fave,144.15964564263857,51.78268588861777,4,so,1,0.2401119999999537,"",do,S,#,S,D,final
536.3724816643959,981.4818100163436,1736.6689861963284,2.2714313320238766,3.7471534950018017,4.228296345682143,4256.410256410256,0.0012897852799922493,1086.978689165533,0.025,0.17361111111111113,0-0-899-3,owF,UT_003,intvr,1,fave,144.13186466076053,48.947211873639,4,tarot,1,0.11999599999990096,do,readings,R,#,R,R,final
373.8201087725807,1153.6838641055501,2539.9782447421644,2.9771290718639576,4.047758862794206,4.3144203635794645,4794.871794871795,0.0006515261763233418,1088.3186438276646,0.025,0.26595744680851063,0-0-904-3,owF,UT_003,intvr,1,fave,117.89626323925232,45.92347266773063,4,also,0,0.0699459999998453,you,do,S,#,S,D,final
576.6051403543479,1468.6464777135827,2409.509600216255,3.0134339768251164,4.138128389027215,4.3577361345600645,4974.358974358975,0.003273021381790495,1258.3415018344672,0.047,0.3051948051948052,0-0-960-1,owF,UT_003,intvr,1,fave,119.27429337142657,42.58447455580493,4,no,1,0.13000499999998283,"",that,N,#,N,DH,final
480.319847521919,1236.4282435692294,2918.1469199897165,2.428172315700381,3.777619551086634,4.505136300014439,5333.333333333333,0.0006512964317097675,1262.2804641723355,0.025,0.2976190476190476,0-0-974-1,owF,UT_003,intvr,1,fave,458.0862404958071,47.207890115869546,4,so,1,0.060058999999910156,"",soul,S,#,S,S,final
409.3578135874164,869.931344879664,2273.910740664762,2.9597470338695424,3.6058345116231347,3.9535821038944974,4615.384615384615,0.01850220778361063,1277.2574698276646,0.15899999999999997,0.4622093023255812,0-0-984-1,owF,UT_003,intvr,1,fave,126.90571063417214,46.50798677088721,4,so,1,0.31994699999995646,"","",S,#,S,"",final
571.7076480750837,1310.4776700479724,2287.619979532944,3.3236183434593656,4.108377164814145,4.240571703315108,4256.410256410256,0.012816909083233546,1279.6604351587303,0.025,0.11682242990654207,0-0-993-1,owF,UT_003,intvr,1,fave,127.41519113066934,39.827397842475364,4,know,1,0.18994099999986247,you,"",N,#,N,"",final
520.150986527171,1282.145459757405,2169.2808870206077,3.3036670471547787,3.9327708228278735,4.445006072716909,4076.923076923077,0.0026944066884504905,1284.7304265102039,0.025,0.18656716417910452,0-0-1010-1,owF,UT_003,intvr,1,fave,84.47790985164266,40.32441505798829,4,know,1,0.11010800000008203,you,that,N,#,N,DH,final
432.620333586399,959.8870438070956,2261.1241227537594,3.5970817978696354,3.110097732086137,4.390439610293679,4615.384615384615,0.00007368194329558094,1286.7704541723353,0.025,0.2976190476190476,0-0-1014-1,owF,UT_003,intvr,1,fave,165.1373248620948,45.588916174491395,4,know,1,0.06005900000013753,you,some,N,#,N,S,final
576.05892440192,1626.026124641824,2531.2241924438067,3.1668330687743294,4.518038692859884,4.377648911315178,4974.358974358975,0.002945940473054138,1305.5886811587302,0.027000000000000003,0.1391752577319588,0-0-1073-1,owF,UT_003,intvr,1,fave,116.77775846007407,48.56067215260399,4,know,1,0.16992200000004232,you,mess,N,#,N,M,final
436.44748022194256,1179.910673186478,2809.572855627159,2.8229812943459422,3.774676412449142,3.736592390969611,5153.846153846154,0.00016484865044389256,1320.5963538276644,0.025,0.2976190476190476,0-0-1115-1,owF,UT_003,intvr,1,fave,130.94582666063357,51.594709805700106,4,so,1,0.05993700000021818,"",there,S,#,S,DH,final
497.9145070792386,1281.7400941229487,2612.1075892865065,2.742705452184456,3.8994142601220134,4.323043137014936,5333.333333333333,0.0009175403314760254,1325.7523844965986,0.037000000000000005,0.324561403508772,0-0-1133-1,owF,UT_003,intvr,1,fave,501.5922976257497,43.506650582224516,4,so,1,0.08996499999989283,"",no,S,#,S,N,final
535.5772138804564,1303.6677964453274,2346.202173763684,3.2067985055531345,3.9230619732608947,4.032271397626777,4615.384615384615,0.00024316919784137073,1326.3963091723354,0.025,0.2976190476190476,0-0-1134-1,owF,UT_003,intvr,1,fave,98.60404593350123,44.562805889677676,4,no,1,0.06005900000013753,so,one,N,#,N,W,final
429.6475228810181,984.2464677590813,2128.571981693612,2.9342150934805225,3.9608719417286804,3.7640231644197915,4794.871794871795,0.0012996915933135168,1339.959021165533,0.055,0.4104477611940299,0-0-1162-1,owF,UT_003,intvr,1,fave,163.75226188666764,44.660572901676304,4,go,1,0.1099859999999353,"",ahead,G,#,G,@,final
435.69818436530636,1690.2461561582584,2302.3371024535295,2.661558820859081,4.101991493067669,4.0285942896766365,4615.384615384615,0.0017869057062788656,5.018747165532879,0.037000000000000005,0.324561403508772,0-0-11-5,i,UT_003,intvr,1,fave,186.34586280576983,41.698642321057825,4,started,0,0.08999999999999986,get,"",T,D,T,D,internal
382.2907211965297,1666.5851881684703,2656.185437113816,2.3887162872642813,3.3225840430566906,3.8452784161792524,5871.794871794871,0.00015596251054435576,5.89574716553288,0.031,0.32978723404255317,0-0-15-1,i,UT_003,intvr,1,fave,181.12112014889397,43.077924225631506,4,this,1,0.07000000000000028,"",study,DH,S,DH,S,internal
404.68041865198074,1723.0876506573761,2536.210984892056,2.279186261590836,3.8144315638752286,3.9968476923403617,5871.794871794871,0.00006907514687216089,10.57374716553288,0.027000000000000003,0.32142857142857145,0-0-31-0,i,UT_003,intvr,1,fave,186.79398657132103,36.89439687513496,4,is,1,0.05999999999999872,part,gonna,#,Z,T,Z,initial
344.7002676439212,2478.1281148623034,3811.5365666304906,3.717194621593457,3.7375049692503,4.433281378284557,8025.641025641025,0.009275321818514544,11.38774716553288,0.095,0.33450704225352107,0-0-35-0,i,UT_003,intvr,1,fave,245.69653431424433,32.88368855887585,4,interview,1,0.2599999999999998,a,"",#,N,eyF,N,initial
355.369174183851,2093.1207248010446,2703.569260422086,2.9418095984413166,3.5984529682101885,4.760951904588979,5512.820512820513,0.0038208963956187078,19.01274716553288,0.045,0.3358208955223881,0-0-59-3,i,UT_003,intvr,1,fave,97.96367624914241,41.646686994539955,4,reading,0,0.11000000000000298,be,"",D,NG,D,NG,internal
417.0500409672237,1682.9900275592827,2587.8496900177356,1.9095022043978096,3.443225939734112,3.5132123365217653,4974.358974358975,0.0004923322727694757,28.13994716553288,0.055,0.3353658536585366,0-0-72-0,i,UT_003,intvr,1,fave,213.4705053624935,42.48941598360454,4,it's,0,0.13999899999999954,[bracketed],"",#,T,spn,T,initial
326.4962480756747,1449.2660979990492,2574.255136654298,2.1400556641153567,3.5967023224307613,3.6596895339453495,5871.794871794871,0.00010633875999129332,29.72594716553288,0.027000000000000003,0.32142857142857145,0-0-74-1,i,UT_003,intvr,1,fave,150.4239095118948,48.813958204079945,4,designed,0,0.060000000000002274,"",to,D,Z,D,Z,internal
438.24941437647396,1711.7448449061442,2589.258844724273,2.5239688505384175,3.736039516253927,3.9337647660949604,5871.794871794871,0.00010210322840597119,31.60994616553288,0.035,0.33653846153846156,0-0-80-1,i,UT_003,intvr,1,fave,104.61234021759971,39.5320032513621,4,minutes,1,0.0799999999999983,30,to,M,N,M,N,internal
445.41191483609447,1952.538163754329,2694.806707767027,3.261321496830803,3.7420519054067203,4.074049373360066,5333.333333333333,0.00005254142829465389,34.73594516553288,0.027000000000000003,0.32142857142857145,0-0-92-0,i,UT_003,intvr,1,fave,102.89365084084258,36.94294935126376,4,interview,1,0.06000200000000433,the,portion,#,N,@,N,initial
487.2791228575828,1809.4028675188365,2723.459641145293,3.1799826279861563,3.4981764437862086,3.7959181630334555,4974.358974358975,7.710534573520094e-6,45.743850834467125,0.025,0.33783783783783783,0-0-114-3,i,UT_003,intvr,1,fave,256.52086939138815,42.30535713612352,4,begin,1,0.05000299999999669,to,with,G,N,G,N,internal
474.62555448105536,1483.5999309025733,2511.008001028401,2.549189834080689,3.5088176123190014,4.021092879107493,4974.358974358975,0.001668311227136543,45.93485083446713,0.047,0.3263888888888889,0-0-115-1,i,UT_003,intvr,1,fave,143.8030447031496,47.61075207202875,4,with,1,0.12000299999999697,begin,"",W,TH,W,TH,internal
409.35972831392195,1646.0850323138225,2588.713913320093,1.3582528713988908,3.3392557577371713,3.8686857697220023,5871.794871794871,0.00002095377079249345,64.48785183446712,0.031,0.32978723404255317,0-0-157-0,i,UT_003,intvr,1,fave,133.07305174078067,46.355386697035655,4,is,1,0.06999999999999318,what,your,#,Z,T,Z,initial
393.3051004771218,1777.268311997845,2792.087081955811,2.241430280740871,3.809682698065614,4.5171478413505985,6051.282051282051,0.0033740252275722693,72.22054816553288,0.10500000000000001,0.3343949044585987,0-0-168-1,i,UT_003,intvr,1,fave,193.22666548776172,44.3901448458718,4,did,0,0.29000100000000373,where,"",D,D,D,D,internal
415.7471438718947,1546.0345910550648,2407.063251625265,3.454672023425367,4.396520245974938,4.348093279549461,5333.333333333333,0.01070531148204773,103.05885083446712,0.057,0.3275862068965517,0-0-208-0,i,UT_003,intvr,1,fave,416.8106797163944,44.29507815297661,4,is,0,0.15000100000000316,which,where,#,Z,CH,Z,initial
425.47878212029127,1513.3809448495692,2729.005724279552,2.519581097260949,3.7868348839272263,3.497448876711374,4794.871794871795,0.0009972007841880972,104.79285383446712,0.065,0.33505154639175255,0-0-213-1,i,UT_003,intvr,1,fave,97.16501430977307,42.25802828558185,4,lived,1,0.16999799999999254,all,and,L,V,L,V,internal
391.028057837447,1568.3337443483804,2311.000025332994,1.9333585091293632,3.758792048975243,4.049281423292874,4615.384615384615,0.001066311707783406,129.5597481655329,0.04100000000000001,0.3306451612903227,0-0-237-7,i,UT_003,intvr,1,fave,189.35269976345117,45.1989670891764,4,languages,0,0.09999099999998862,other,"",JH,Z,JH,Z,internal
396.3125708179041,1635.7406902282532,2571.8124538897364,3.406376423614229,4.194881636586825,3.5100327961895825,5871.794871794871,0.0002335654260016345,130.66274916553286,0.027000000000000003,0.32142857142857145,0-0-241-0,i,UT_003,intvr,1,fave,116.90339262293318,36.90896402921413,4,is,1,0.05999800000000732,what,your,#,Z,T,Z,initial
441.09964958106235,1176.4932467414742,1753.1887783404907,3.759307164320416,4.370559137411948,4.197451084421118,3897.4358974358975,0.011777263653824834,132.6167521655329,0.055,0.33536585365853655,0-0-247-5,i,UT_003,intvr,1,fave,-469.4787100612082,33.238863334240776,4,languages,0,0.1399990000000173,those,"",W,JH,W,JH,internal
766.5471464042698,1999.4225326684082,3001.027453819671,4.427147500291157,4.296900723786289,4.838953611599919,6410.25641025641,0.0075313876553874575,132.78175016553288,0.045,0.3358208955223881,0-0-247-7,i,UT_003,intvr,1,fave,479.7524013238424,39.817709065878965,4,languages,0,0.10999999999998522,those,"",JH,Z,JH,Z,internal
417.57779598023933,1769.455081468538,2722.9384114102395,1.688115039634742,2.9562480852911723,3.7342174058238227,5871.794871794871,0.00004870853647918696,164.24034583446715,0.027000000000000003,0.32142857142857145,0-0-259-1,i,UT_003,intvr,1,fave,393.4074172337544,49.32912076370901,4,typical,1,0.060012999999997874,a,day,T,P,T,P,internal
440.6018833007923,1623.6006510269615,2450.815625932878,2.4788533482884008,3.718961809266266,3.9153780733890713,5692.3076923076915,0.0006231763875645514,188.48844583446711,0.055,0.33536585365853655,0-0-273-0,i,UT_003,intvr,1,fave,400.1270822093238,49.29604080177424,4,it,0,0.14000000000001478,enjoy,"",#,T,oy,T,initial
386.80503266991275,2035.5282839437668,2716.0247594799143,2.4710845888487905,3.8779207558179047,4.061668295235895,5692.3076923076915,0.0022006401766761995,210.35574516553288,0.091,0.3321167883211679,0-0-285-0,i,UT_003,intvr,1,fave,148.0262538100255,45.04363983649597,4,is,1,0.25,"",something,#,Z,"",Z,initial
403.8945331055873,1717.6158838038411,2523.304541864788,3.049030017152963,3.9919472754428105,3.6336665394136927,5153.846153846154,0.00017683172776956216,211.04575183446713,0.031,0.32978723404255317,0-0-286-4,i,UT_003,intvr,1,fave,124.86475709390125,43.03020212382011,4,something,0,0.07000700000000393,is,"",TH,NG,TH,NG,internal
391.290855328078,1453.7271951318166,2401.262383700825,2.852715250777869,3.810604564432497,4.358472889917378,5871.794871794871,4.172634595176971e-6,234.23634916553289,0.025,0.33783783783783783,0-0-299-2,i,UT_003,intvr,1,fave,128.26334035824905,44.444320768294,4,doing,0,0.050003000000003794,been,that,Tuw,NG,Tuw,NG,internal
444.327151660475,1804.4324232986355,2494.3155050496066,2.530267944524431,3.995333906479734,4.154960321776004,4794.871794871795,0.0029643098606135098,324.02945116553286,0.065,0.33505154639175255,0-0-332-0,i,UT_003,intvr,1,fave,331.471980092198,39.042371285496486,4,is,0,0.169983000000002,that,"",#,Z,T,Z,initial
449.152066512512,1693.7936827544954,2631.0943663848857,2.346644441274059,3.402091838747401,3.6991530808980615,4794.871794871795,0.0002009066237635981,332.82745483446706,0.04100000000000001,0.3306451612903227,0-0-366-1,i,UT_003,intvr,1,fave,152.56160408641307,51.36632080705835,4,business,1,0.10000600000000759,"","",B,Z,B,Z,internal
389.83884807208506,1464.119090428435,2454.108332346378,2.031395995425355,4.1037840743440555,3.850948437311723,4435.897435897436,0.001723814407664389,335.0754391655329,0.057,0.3275862068965517,0-0-371-6,i,UT_003,intvr,1,fave,133.92742401546556,43.424801602346704,4,challenges,0,0.1499939999999924,any,"",JH,Z,JH,Z,internal
455.2418121042546,1593.6208762789431,2515.5744620915857,1.7708407564380662,3.323985877958999,3.9053027194598178,5871.794871794871,0.00008613147627211478,336.90244083446714,0.031,0.32978723404255317,0-0-377-1,i,UT_003,intvr,1,fave,449.0014277880015,47.04078106255966,4,business,1,0.07000800000002982,your,"",B,Z,B,Z,internal
360.10648587158397,1458.9992688730495,3001.4290791142193,2.5145852343781216,3.324891494842154,4.31550594725663,5692.3076923076915,0.0001426894378420177,389.9975428344671,0.037000000000000005,0.324561403508772,0-0-400-1,i,UT_003,intvr,1,fave,159.69359120228157,56.438237848057575,4,lived,1,0.08999699999998256,you've,in,L,V,L,V,internal
396.72906704027633,1525.2478320110968,2602.6035861027,2.788681156112979,3.1871894507892904,4.221363082460902,5692.3076923076915,0.0012039235134993491,394.58654550340134,0.035,0.33653846153846156,0-0-416-4,i,UT_003,intvr,1,fave,326.0099103967247,38.107733161833,4,places,0,0.080016999999998,favorite,in,S,Z,S,Z,internal
434.26468626675484,1814.1814760629488,2596.1977977676534,3.047412905918716,4.015566305932663,3.850058043397703,5692.3076923076915,0.000097263641769493,424.3654678344671,0.027000000000000003,0.32142857142857145,0-0-425-0,i,UT_003,intvr,1,fave,392.65536803778053,47.680212206680544,4,if,1,0.05999800000000732,"",you,#,F,"",F,initial
407.542084632388,1876.1112255224723,2554.9136827002417,3.130989252395859,3.8283460903414315,4.329062368342518,5871.794871794871,0.00003632442939728801,491.4102438344671,0.025,0.33783783783783783,0-0-467-1,i,UT_003,intvr,1,fave,103.93617431413388,44.57510496421287,4,things,1,0.05001900000002024,there,that,TH,NG,TH,NG,internal
482.92461783823904,1739.932079716678,2795.990763662196,2.9476764585554958,3.786212337458041,4.405698731834826,6410.25641025641,0.0010591255564958203,513.1340305034013,0.035,0.3365384615384616,0-0-481-4,i,UT_003,intvr,1,fave,116.7704070779276,45.4881192434538,4,favorite,0,0.080016999999998,any,hikes,*hr,T,*hr,T,internal
394.21147292861764,1731.964204464589,2932.368597630904,2.5317025012658427,3.0988343710956916,5.020252791563857,7128.205128205128,0.0002034073402795907,534.7000261655329,0.027000000000000003,0.32142857142857145,0-0-486-1,i,UT_003,intvr,1,fave,193.87258142970768,48.464675607727095,4,remember,0,0.05999799999995048,i,"",R,M,R,M,internal
515.6271169761295,1126.6035558971805,2072.6662375270057,3.1196447558114646,4.305173382554119,4.05638529627753,5153.846153846154,0.0004337506705112597,535.5320488344671,0.031,0.32978723404255317,0-0-488-2,i,UT_003,intvr,1,fave,91.54435805221945,40.391987914892844,4,going,0,0.07000800000002982,"",on,ow,NG,ow,NG,internal
359.4512220639331,1470.237343726017,2185.4108972942527,3.3039958375614393,3.784864907272803,3.494586173307869,5153.846153846154,0.0005777393259381754,544.1424758344672,0.027000000000000003,0.32142857142857145,0-0-508-0,i,UT_003,intvr,1,fave,279.45066389075174,37.42722949581909,4,is,1,0.05999799999995048,have,like,#,Z,V,Z,initial
410.39442345357315,1623.975794018949,2565.9469510453373,2.2275981317784854,4.015321897948524,3.6782970590501454,4794.871794871795,0.00042503723959104163,545.1374544965986,0.037,0.32456140350877194,0-0-512-0,i,UT_003,intvr,1,fave,188.1024423603767,41.85896449913749,4,is,0,0.08996600000000399,"",something,#,Z,"",Z,initial
439.9244712772712,1412.0531233861789,2546.4853884661366,3.191996500662966,3.7803438121121573,3.499353169594935,4974.358974358975,0.0001391091857787122,582.2764305034013,0.025,0.33783783783783783,0-0-543-2,i,UT_003,intvr,1,fave,88.08217721584785,39.77545555537633,4,doing,0,0.0500489999999445,enjoy,the,Tuw,NG,Tuw,NG,internal
426.37164041938627,2052.2960117197954,2815.4844667000916,3.181907012789618,4.397533790755877,4.453012400302455,6410.25641025641,0.0028464400305374445,609.7163594965987,0.04100000000000001,0.3306451612903227,0-0-561-4,i,UT_003,intvr,1,fave,105.96637973164769,49.10684603607744,4,something,0,0.09997500000008586,"",you,TH,NG,TH,NG,internal
460.6093172560649,1642.6250543349358,2771.7606153209576,2.842700129258974,3.835751581428066,4.308478174876825,6051.282051282051,0.0003227475218599466,610.013357834467,0.035,0.33653846153846156,0-0-563-0,i,UT_003,intvr,1,fave,458.9302869459493,46.503691189398,4,enjoy,0,0.08001799999999548,you,doing,#,N,uw,N,initial
511.5411079305688,1839.6495258622601,2595.730391364706,3.1675401370759437,3.649170695606403,4.570999610779832,5692.3076923076915,0.0002115214765550137,610.3843538344671,0.037000000000000005,0.324561403508772,0-0-564-2,i,UT_003,intvr,1,fave,229.84955101841422,55.6014952280435,4,doing,0,0.09002600000007988,enjoy,"",Tuw,NG,Tuw,NG,internal
427.54196409855047,1764.390681825796,2733.8097440122874,2.9069571705467565,4.031682454060302,3.806997566269924,4794.871794871795,0.0002018833719118637,647.419570165533,0.027000000000000003,0.32142857142857145,0-0-598-3,i,UT_003,intvr,1,fave,94.9263553591768,42.904370633565854,4,putting,0,0.059996999999953005,like,it,T,NG,T,NG,internal
439.13977150199236,1867.1806245381404,2559.262388650379,2.5607036740175317,3.9481549421954285,3.628790901851213,5333.333333333333,0.00031558694672483906,647.5635345034013,0.035,0.33653846153846156,0-0-599-0,i,UT_003,intvr,1,fave,89.83492825749708,41.64252634195299,4,it,1,0.080016999999998,putting,up,#,T,NG,T,initial
666.0939697398243,1520.5291828396464,3171.167000101444,3.5832212977938283,3.776235045003959,3.6887106239184324,7128.205128205128,0.0004941518405412233,692.5889338344671,0.031,0.32978723404255317,0-0-630-4,i,UT_003,intvr,1,fave,242.89562124051196,53.067377800344005,4,something,0,0.07000700000003235,"","",TH,NG,TH,NG,internal
512.3420878887774,1411.2003845275992,2751.6198512492147,3.2227324396796813,4.117335889933332,4.5101952202824,5871.794871794871,0.0011179635529307368,703.3669628344671,0.027000000000000003,0.32142857142857145,0-0-662-0,i,UT_003,intvr,1,fave,441.1039340608159,45.061939861466094,4,is,1,0.05999800000006417,and,obsessed,#,Z,D,Z,initial
404.93266949761187,1947.2814704830992,2715.3503996990476,2.1242434200357914,3.2267008921569924,3.1070536278866543,5692.3076923076915,0.00031435529138443085,711.1694305034013,0.035,0.33653846153846156,0-0-678-1,i,UT_003,intvr,1,fave,409.7896611294735,45.73442493364272,4,didn't,1,0.080016999999998,"",like,D,D,D,D,internal
477.45033769127843,1561.4163876765685,2675.5137233564187,2.7719739069153406,3.7730251897943092,4.049000006757713,5512.820512820513,0.0017310816349694843,751.1855335034014,0.08100000000000002,0.3319672131147542,0-0-684-0,i,UT_003,intvr,1,fave,341.8369641135996,44.743263833688665,4,it,0,0.22003200000006018,about,"",#,T,T,T,initial
416.2299838464901,1614.196057093192,2818.073624533554,2.4336184668990337,3.5022814580080412,4.10624103251042,5512.820512820513,0.00003087334337016113,809.6741411723357,0.025,0.33783783783783783,0-0-731-1,i,UT_003,intvr,1,fave,106.57470462895266,42.80240194162143,4,just,0,0.0500489999999445,was,like,JH,S,JH,S,internal
400.32978194740224,2465.2502485877726,3601.340753550004,3.3728441998071905,3.490175368739466,4.428246208901558,7846.153846153846,0.00032098237476547173,810.527166834467,0.031,0.32978723404255317,0-0-734-3,i,UT_003,intvr,1,fave,104.25645946104801,42.731635482278044,4,writing,0,0.07000700000003235,his,was,T,NG,T,NG,internal
413.1164493769139,1574.3356061902252,2744.8065740858597,2.422113146975977,4.273985496057765,4.618669355344583,5871.794871794871,0.00018677125679185502,811.4151751655329,0.027000000000000003,0.32142857142857145,0-0-736-1,i,UT_003,intvr,1,fave,406.10991286579633,47.087758764746646,4,just,0,0.05999799999995048,was,like,JH,S,JH,S,internal
408.65022515748836,2498.5183929588147,3495.7639342422826,3.254906393822451,3.932896820164406,4.466198966171917,6230.7692307692305,0.02583621356034991,815.9977368344671,0.07700000000000001,0.3290598290598291,0-0-750-1,i,UT_003,intvr,1,fave,299.9774947864713,51.157826138282694,4,describe,0,0.21002199999998084,would,it,D,S,D,S,internal
498.8168536260342,1429.8442683109686,2682.9878318075866,2.971989937022476,4.064941265518337,3.5754155981519484,6051.282051282051,0.00008278263906373084,820.5027668344671,0.027000000000000003,0.32142857142857145,0-0-757-2,i,UT_003,intvr,1,fave,104.51777073748923,45.65773739957869,4,clinical,1,0.059996999999953005,"","",L,N,L,N,internal
473.4679440019561,1816.8272200983163,2719.3138322619216,3.9727258231117717,3.6284053386190918,3.803204996889652,5692.3076923076915,0.0012870797431361182,827.6027418344671,0.027000000000000003,0.32142857142857145,0-0-779-7,i,UT_003,intvr,1,fave,162.2006918850588,46.227762893377516,4,exploring,0,0.05999800000006417,"",the,R,NG,R,NG,internal
401.49215979663705,1512.1952886625024,2675.5698889257233,2.0184029893423356,3.994306090286565,3.5782004817716997,5871.794871794871,0.00019110257802923552,883.5030578344671,0.031,0.32978723404255317,0-0-830-1,i,UT_003,intvr,1,fave,97.39323459289315,47.69967711295324,4,this,0,0.07000700000003235,have,"",DH,S,DH,S,internal
446.2689106840698,1550.7967059033163,2568.2791260308986,2.4154805973139974,3.952076603169858,4.42609442634437,5871.794871794871,0.0009900603321245,886.4080704965987,0.040999999999999995,0.33064516129032256,0-0-838-1,i,UT_003,intvr,1,fave,425.5686407599373,38.55608503474154,4,business,1,0.09997599999996964,side,but,B,Z,B,Z,internal
507.7539183044188,1901.781977514554,2644.6396568423393,3.925970336888656,4.5151899008041845,3.9648093042324595,5512.820512820513,0.0018942563827727423,899.6460768344672,0.027000000000000003,0.32142857142857145,0-0-881-3,i,UT_003,intvr,1,fave,NaN,40.43274793384133,4,psychic,0,0.05999799999995048,a,and,K,K,K,K,internal
499.8169443604289,1635.5131545177028,2211.6991570343407,3.3679892490637546,4.331370056834416,4.218015930081362,5512.820512820513,0.002999300366179369,1083.084294165533,0.047,0.3263888888888889,0-0-886-0,i,UT_003,intvr,1,fave,146.1428671042615,50.501736318447826,4,it,0,0.11999500000001717,no,makes,#,#,owF,M,coextensive
350.91811321033936,2026.6349199239385,2980.7629155868353,3.0749738496748535,3.642644351609205,4.532120297831111,7128.205128205128,0.0015122320674320281,1087.3516738276642,0.031,0.32978723404255317,0-0-900-3,i,UT_003,intvr,1,fave,167.49860082771286,43.6436171880047,4,readings,0,0.06994600000007267,tarot,or,D,NG,D,NG,internal
419.44172101887966,1252.450640038899,2130.806446354735,3.3076873278942536,4.268088297757247,4.346519031856596,5692.3076923076915,0.000048544481390292464,1089.6886671723355,0.025,0.33783783783783783,0-0-908-3,i,UT_003,intvr,1,fave,122.17075409029907,44.049736719590264,4,palmistry,0,0.0500489999999445,"",or,M,S,M,S,internal
471.5348282610133,1952.1603107011406,3170.165110577884,3.44064422555503,4.2017242376801,4.738198963029206,6948.717948717948,0.00017380890589868589,1210.0978418276643,0.027000000000000003,0.32142857142857145,0-0-930-3,i,UT_003,intvr,1,fave,105.29094600844527,45.3226907504007,4,turning,0,0.0599369999999908,"",that,N,NG,N,NG,internal
448.9482565494594,1525.819804039115,2588.0533160019854,2.940371998555081,3.7813536060872295,4.34306113387737,5871.794871794871,0.0001136788141066123,1210.30983684127,0.031,0.32978723404255317,0-0-932-0,i,UT_003,intvr,1,fave,98.6820923724665,42.725642769425995,4,into,0,0.07006899999987581,that,like,#,N,T,N,initial
651.9437515153274,1635.8372433427269,2213.498684889354,3.0337620485461367,3.723411489457623,3.951528754154143,4974.358974358975,0.013443605824821996,1213.43686615873,0.145,0.3341013824884792,0-0-949-0,i,UT_003,intvr,1,fave,236.47461963072018,38.22677931249836,4,it,0,0.40991200000007666,do,"",#,T,Tuw,T,initial
308.5819278141624,2421.0663938854427,2889.904315462527,3.712715136742775,3.838503348426752,4.359696428766825,5512.820512820513,0.026005264631337656,1215.0828284965985,0.037,0.32456140350877194,0-0-951-0,i,UT_003,intvr,1,fave,244.17330059537233,42.698309632589904,4,in,1,0.08996600000000399,"",conjunction,#,N,"",N,initial
509.21321948004186,2188.2531554390675,3471.004822377901,3.830157213077534,3.922362649495149,4.474774725258585,7487.179487179487,0.0000402852530390147,1263.2904685034016,0.025,0.33783783783783783,0-0-977-3,i,UT_003,intvr,1,fave,117.67019235312328,41.64553794523806,4,sucking,0,0.0500489999999445,"","",K,NG,K,NG,internal
390.25294817841586,1680.5944932713392,2632.657879560954,2.4179853789106263,3.573300640865917,4.177567941163342,4974.358974358975,0.00040976825554180833,1274.0454528344674,0.055,0.3353658536585366,0-0-979-1,i,UT_003,intvr,1,fave,191.52410782759017,56.294931989734266,4,we'll,1,0.1400149999999485,"",see,W,L,W,L,internal
384.6697203768257,1936.877823248175,2654.531970535557,2.4059280025335514,3.8768148074693505,3.565252024569846,5871.794871794871,0.0027451284821804834,1291.2653298344671,0.047,0.3263888888888889,0-0-1029-0,i,UT_003,intvr,1,fave,125.05463391503548,43.168149081917356,4,is,1,0.11999500000001717,"",gonna,#,Z,"",Z,initial
338.6402518600895,2276.229209879366,2900.8550195240755,2.8988096256275098,3.4936388716215507,4.690506780546477,7128.205128205128,0.001461774759097847,1292.4203605034013,0.057,0.32758620689655177,0-0-1032-3,i,UT_003,intvr,1,fave,101.99583509491588,46.58610635352575,4,reading,0,0.15002400000003036,be,"",D,NG,D,NG,internal
439.22146547463774,1486.3514028526008,2573.945751796884,2.4480563012110497,3.7304500892321677,3.68820167801845,4615.384615384615,0.0005467234620229846,1296.1643505034015,0.065,0.3350515463917526,0-0-1041-7,i,UT_003,intvr,1,fave,149.69237718170234,48.14271780086434,4,sentences,0,0.17004399999996167,these,"",S,Z,S,Z,internal
374.4738997351495,1748.954959954392,2549.885057982727,2.5628039458200607,3.2517481765507767,4.226589473488028,5871.794871794871,0.00039093274449293445,1297.9793178412697,0.035,0.3365384615384616,0-0-1046-1,i,UT_003,intvr,1,fave,98.69374886971613,42.699867424949844,4,to,0,0.08007799999995768,need,read,T,#,T,R,final
449.3390111209529,1737.2426614477556,2535.825523491737,2.280537639637126,3.3173231006779975,3.444931251516645,6051.282051282051,0.00015587441899209966,1324.4093191723357,0.031,0.32978723404255317,0-0-1128-1,i,UT_003,intvr,1,fave,110.0589058672299,51.71244193549665,4,big,1,0.07006799999999203,it,enough,B,G,B,G,internal
455.2901727611415,1965.694964939539,2614.93465271056,2.5560250836999012,3.890474688837531,3.817422481371643,5871.794871794871,0.00017087673759015907,1327.1293828276641,0.031,0.32978723404255317,0-0-1139-0,i,UT_003,intvr,1,fave,92.29489150003825,39.86510787068232,4,issues,1,0.06994700000018383,any,"",#,SH,iyF,SH,initial
419.8774347878349,2038.6108118115926,2701.578253799096,3.3250255634322787,3.879525721968853,4.001142963249404,5512.820512820513,0.0027698442348459964,1340.8920794965984,0.040999999999999995,0.33064516129032256,0-0-1165-3,i,UT_003,intvr,1,fave,145.92370677083355,44.74401576029902,4,begin,1,0.09997500000008586,and,"",G,N,G,N,internal
412.7084988440505,1757.3926365292032,2699.5643355022553,2.662907028363539,3.7402185062897866,3.8465959926832616,4974.358974358975,0.0030433092648507543,1373.5006528344672,0.055,0.3353658536585366,0-0-1173-0,i,UT_003,intvr,1,fave,184.14841552453004,50.04590704683465,4,it,1,0.1400149999999485,read,"",#,T,D,T,initial
501.25387521849734,1429.2730689236073,2616.6609456370857,2.7502219865818205,3.489957656359654,3.5606142515887185,4974.358974358975,0.0003217401634395469,6.2587471655328795,0.037000000000000005,0.324561403508772,0-0-16-2,ʌ,UT_003,intvr,1,fave,124.11360354507138,42.30795500132248,4,study,1,0.08999999999999986,this,"",T,D,T,D,internal
594.3549564126936,1164.923160180503,2453.6557985212485,3.190728714234873,3.9983916047556356,3.9983394377900203,4615.384615384615,0.00466709011064526,13.552747165532878,0.045,0.3358208955223881,0-0-42-0,ʌ,UT_003,intvr,1,fave,NaN,37.68326012391435,4,us,1,0.11000000000000121,of,"",#,S,V,S,initial
624.44876426138,1313.1273716658054,2627.9589533283925,3.4237800462591563,3.752846894217977,4.257065503196808,4974.358974358975,0.0016094936408995442,15.30374716553288,0.047,0.3263888888888889,0-0-46-0,ʌ,UT_003,intvr,1,fave,100.89316551640383,39.98785752813396,4,up,1,0.120000000000001,"","",#,P,"",P,initial
590.7833229164814,1629.1516728360853,2505.8660647992183,2.8286380292480304,3.774199978277848,3.7720969613175477,4974.358974358975,0.00015971141486922105,52.688853834467125,0.035,0.33653846153846156,0-0-135-0,ʌ,UT_003,intvr,1,fave,95.25776733959964,42.52979764018987,4,understand,2,0.07999800000000334,we,who's,#,N,iyF,N,initial
530.1007192204186,1285.4027616484227,2507.719836704584,2.531980274947981,3.989151905337272,3.890973085574565,4974.358974358975,0.00010997264426870993,55.33485483446712,0.027000000000000003,0.32142857142857145,0-0-143-2,ʌ,UT_003,intvr,1,fave,90.23607475791285,42.93909922915995,4,stuff,1,0.05999800000000022,and,like,T,F,T,F,internal
505.699163266597,957.4499047162328,2505.618380585718,3.425495156956984,3.751340971806896,3.955821788026418,4974.358974358975,0.0003322540488046266,74.77154416553287,0.027000000000000003,0.32142857142857145,0-0-173-0,ʌ,UT_003,intvr,1,fave,NaN,35.41882495317648,4,up,1,0.06000500000000386,grow,"",#,P,owF,P,initial
558.0296739894137,1555.691865736193,2468.1027986879017,3.06364944913193,3.6428976896248737,4.103432427052824,4974.358974358975,0.00014424611925454846,128.93275316553286,0.027000000000000003,0.32142857142857145,0-0-236-0,ʌ,UT_003,intvr,1,fave,195.73939310360478,37.56474451364158,4,other,1,0.05999800000000732,any,languages,#,DH,iyF,DH,initial
481.69135885418655,1074.16841026582,2496.9138153512567,3.0260673738541333,3.237239953628637,3.7005167598394046,4974.358974358975,0.0005672047698573482,130.42274916553288,0.047,0.3263888888888889,0-0-240-1,ʌ,UT_003,intvr,1,fave,124.42711023771547,43.72719988862493,4,what,1,0.11999500000001717,and,is,W,T,W,T,internal
613.4903115627895,1071.3009216302805,2039.8592565403596,3.085216314245659,4.135934110352547,4.30218829259821,5153.846153846154,0.00003062110973659279,161.78034916553287,0.027000000000000003,0.32142857142857145,0-0-255-2,ʌ,UT_003,intvr,1,fave,124.6366385873743,44.082844883229434,4,what,1,0.059996999999981426,"",does,W,T,W,T,internal
513.4030059648222,1451.769709355324,2690.6471674114982,2.3482746795472496,3.3782314470522596,4.103148826462215,5153.846153846154,0.002591658275320203,209.9507468344671,0.101,0.3322368421052631,0-0-283-1,ʌ,UT_003,intvr,1,fave,207.74388695360716,48.703625320150834,4,what,1,0.27999900000000366,"","",W,T,W,T,internal
458.14925418867455,1139.4211783966955,2393.937839342678,2.9526945431613933,3.865434709773882,3.9798179141884678,4974.358974358975,0.00009844937860857984,210.80375150340137,0.027000000000000003,0.32142857142857145,0-0-286-1,ʌ,UT_003,intvr,1,fave,133.92335343915929,43.16933284069586,4,something,1,0.060012999999997874,is,"",S,M,S,M,internal
587.8778921053143,1059.0956849438369,1744.3746526121545,3.2425396445189145,4.421280062310149,4.4161462855437,3897.4358974358975,0.0032799187455112714,259.3442551655329,0.035,0.3365384615384616,0-0-304-1,ʌ,UT_003,intvr,1,fave,114.2719381014137,34.80686025318498,4,fun,1,0.07998600000001943,really,"",F,N,F,N,internal
612.1416775638037,1251.8255601575481,2544.606535035452,3.251634442516116,3.6694101140254203,3.993157317331196,5153.846153846154,0.0012663380149140167,328.3774418344671,0.040999999999999995,0.33064516129032256,0-0-345-0,ʌ,UT_003,intvr,1,fave,100.04099699462266,39.615566440074254,4,up,1,0.10000700000000506,"",on,#,P,"",P,initial
647.2988830155787,1313.6055625978065,2618.7693905926017,3.1059988469014828,3.9495960119043216,3.996057148866007,5153.846153846154,0.0010357706905220363,337.8624528344671,0.051000000000000004,0.3311688311688312,0-0-380-0,ʌ,UT_003,intvr,1,fave,-140.5010453660989,39.51711089637433,4,up,1,0.13000499999998283,set,and,#,P,T,P,initial
453.5452981654343,883.6887747703629,2275.4080193482537,3.6057031290812427,3.8556969019875726,4.482583365672986,4974.358974358975,0.007148403458951374,452.97214983446713,0.055,0.3353658536585366,0-0-442-1,ʌ,UT_003,intvr,1,fave,159.30178076883095,45.50411838425095,4,fun,1,0.14001500000000533,that's,"",F,N,F,N,internal
446.1500578477342,930.0708994804845,2257.786111152686,3.0829703692711945,4.000909017884212,3.688333816402932,4974.358974358975,0.0026734179060048952,614.0733558344671,0.035,0.33653846153846156,0-0-573-1,ʌ,UT_003,intvr,1,fave,194.52691889544104,50.4627362674045,4,what,1,0.080016999999998,so,are,W,T,W,T,internal
484.306942189401,1262.6494635672054,2288.856361813842,2.9646308230448453,3.636561146030114,4.922044889754337,5333.333333333333,0.006335201573797893,616.0243564965987,0.037000000000000005,0.324561403508772,0-0-583-1,ʌ,UT_003,intvr,1,fave,439.98713218515553,38.77433134019378,4,what,1,0.08996600000000399,reading,are,W,T,W,T,internal
457.57876029056416,1267.2466799427507,2088.9568021326,3.5894617532055397,4.375787311547841,4.2856962569402635,4615.384615384615,0.0015975699612720525,792.5091278344671,0.075,0.33482142857142855,0-0-708-1,ʌ,UT_003,intvr,1,fave,224.6301591080333,57.83679324738281,4,doesn't,1,0.20001200000001518,"","",D,Z,D,Z,internal
524.5761521302372,1402.2007563239506,2556.9161467297276,3.0152522953107272,3.7128256878939165,4.0841200401350095,5153.846153846154,0.00034490467077720986,823.074768165533,0.031,0.32978723404255317,0-0-768-1,ʌ,UT_003,intvr,1,fave,298.61623873925447,40.78147582805256,4,much,1,0.07000699999991866,"","",M,CH,M,CH,internal
542.8145628608492,1097.270671960547,2745.2249170104283,3.022567503835256,3.951513172506861,4.389925433241817,5512.820512820513,0.00546011855929859,825.2277574965988,0.097,0.3299319727891156,0-0-776-0,ʌ,UT_003,intvr,1,fave,145.74378552564113,48.56674763271516,4,of,1,0.26995899999997164,enough,like,#,V,F,V,initial
609.7453111587008,1198.9045186650737,2264.8943101045547,2.8100482260641475,3.3416861990446627,4.023312203420241,5153.846153846154,0.00017522278270496198,1090.7696231723357,0.027000000000000003,0.32142857142857145,0-0-910-0,ʌ,UT_003,intvr,1,fave,186.49337687681304,41.90192295888812,4,other,1,0.060058999999910156,or,stuff,#,DH,*hr,DH,initial
538.006926031022,1342.2033215562342,2793.246488785113,2.903581141857247,3.8050172773664093,4.05426624508802,4974.358974358975,0.0002121152918427515,1091.0796481587302,0.027000000000000003,0.32142857142857145,0-0-911-2,ʌ,UT_003,intvr,1,fave,126.8602204369371,43.68078465441822,4,stuff,1,0.05993599999987964,other,like,T,F,T,F,internal
557.3979199222881,1056.6076079992215,2475.240957200783,3.2832290322505484,4.208311267948009,4.495816665830869,5153.846153846154,0.0029045277968184143,1204.3031358276644,0.035,0.33653846153846156,0-0-924-1,ʌ,UT_003,intvr,1,fave,197.70851996763818,46.28302343748344,4,fun,1,0.07995600000003833,like,"",F,N,F,N,internal
489.7480545420993,1474.3096080470445,2355.0015978146384,3.0694706413361565,3.6843200520289185,4.106269818643697,4974.358974358975,0.00006628278273034817,1215.4468405034015,0.025,0.33783783783783783,0-0-952-4,ʌ,UT_003,intvr,1,fave,NaN,44.374236538822515,4,conjunction,1,0.0500489999999445,in,with,JH,NG,JH,NG,internal
401.2448946708179,1392.7743055308317,2587.444560373441,2.1716472277416177,3.9469092012608553,3.6057521567643214,4974.358974358975,4.175582780194327e-6,1261.4104635034016,0.025,0.33783783783783783,0-0-972-1,ʌ,UT_003,intvr,1,fave,416.32868741394776,41.77544640600059,4,just,1,0.0500489999999445,are,"",JH,S,JH,S,internal
577.1684194439232,1149.3239630746916,2543.5270647067687,2.66423511450936,3.7349180875806436,4.195543389397165,4974.358974358975,0.0020599609392048927,1263.1184315102041,0.040999999999999995,0.33064516129032256,0-0-977-1,ʌ,UT_003,intvr,1,fave,626.7762460542932,43.11234349797586,4,sucking,1,0.10009800000011637,"","",S,K,S,K,internal
535.5825145634407,1157.3916242950988,2489.838337274899,3.3561970649637534,3.771893344262546,3.969623175812588,4974.358974358975,0.0001762755375918594,1278.5414401587302,0.027000000000000003,0.32142857142857145,0-0-989-1,ʌ,UT_003,intvr,1,fave,120.9050681493033,45.0035815966183,4,much,1,0.05993599999987964,so,for,M,CH,M,CH,internal
551.3216343014583,1330.3830446097509,2718.5123128876444,2.4244186107745844,4.22438620706255,4.136491490288907,5153.846153846154,0.0013846687291418159,1283.4364664965985,0.037,0.32456140350877194,0-0-1007-2,ʌ,UT_003,intvr,1,fave,546.17196633973,40.778765613373565,4,stuff,1,0.08996499999989283,the,"",T,F,T,F,internal
296.4567803269059,1063.3517008282893,2000.8087998815226,3.5170006104174987,4.388755664134992,4.329848460250987,4256.410256410256,0.003016149000653243,1287.9164464965986,0.037,0.32456140350877194,0-0-1020-2,ʌ,UT_003,intvr,1,fave,255.86306167107784,51.96569681604086,4,stuff,1,0.08996600000000399,and,like,T,F,T,F,internal
700.7754694447011,1331.4396616836602,2536.2861298534813,4.023417191424829,4.163654093401336,4.57990540276031,5153.846153846154,0.013875210800924135,1306.3676911587302,0.065,0.3350515463917526,0-0-1076-0,ʌ,UT_003,intvr,1,fave,85.60157295060338,35.401049524062806,4,up,1,0.16992200000004232,"",or,#,P,"",P,initial
606.4636385290554,1345.0177324434721,2533.4071884069704,3.1696762063800135,3.8587578426112956,4.1558205948935845,4974.358974358975,0.0007669637533173592,1324.6243851655329,0.040999999999999995,0.33064516129032256,0-0-1129-2,ʌ,UT_003,intvr,1,fave,109.31740917567535,47.74475725410992,4,enough,1,0.09997499999985848,big,for,N,F,N,F,internal
568.264514382931,968.1727845506068,2293.476688821043,3.4220840910682946,3.437429545860982,4.288007615790815,4974.358974358975,0.0003457171584967959,1325.1893481723355,0.031,0.32978723404255317,0-0-1131-5,ʌ,UT_003,intvr,1,fave,87.11803045084028,41.66289470010377,4,everyone,2,0.0700680000002194,for,"",W,N,W,N,internal
613.8456186814037,1248.3067959817622,2805.8829894895894,3.0195706256209784,3.5105520986317393,4.437612868199892,5153.846153846154,0.003882564129325328,1329.3690418344672,0.095,0.33450704225352107,0-0-1141-1,ʌ,UT_003,intvr,1,fave,150.55777206933612,47.40617367840792,4,but,1,0.26000999999996566,"","",B,T,B,T,internal
382.8623948050273,2507.681147158317,3742.4401858788383,3.2198550609989014,4.241823432875932,4.73300188823322,7666.666666666666,0.0037137289191069896,6.41274716553288,0.065,0.33505154639175255,0-0-16-4,iyF,UT_003,intvr,1,fave,161.6912671581614,39.298815686746764,4,study,0,0.16999999999999993,this,"",D,#,D,"",final
316.37159831890915,2467.27775626756,3890.773897836615,3.58353887124356,3.983754349673771,4.449468353049599,7846.153846153846,0.006432818747258627,11.06374716553288,0.087,0.32954545454545453,0-0-33-1,iyF,UT_003,intvr,1,fave,224.24695997130402,35.833533134948574,4,be,0,0.2400000000000002,gonna,a,B,#,B,eyF,final
293.1753016252429,2115.253429075621,3268.717864045573,3.6436017172384054,3.5045298004450434,4.389719927687063,6769.2307692307695,0.0005894116373555102,18.62774816553288,0.035,0.33653846153846156,0-0-58-1,iyF,UT_003,intvr,1,fave,94.51119919438429,36.68592162524912,4,be,0,0.0799999999999983,to,reading,B,#,B,R,final
386.2068566778948,2190.3002664555443,3490.0565795559874,3.201470442075788,3.96154682956466,4.609803428889684,7487.179487179487,0.00014421096744995218,38.86594716553289,0.027000000000000003,0.32142857142857145,0-0-98-2,iyF,UT_003,intvr,1,fave,148.7036469127936,43.68856042553137,4,any,0,0.06000099999999975,"",questions,N,#,N,K,final
364.48382973537923,2644.4160856274375,3841.43376367233,3.3474956148821526,3.8717568309075716,4.0913851618243,7846.153846153846,0.0010350133209256589,128.83974716553288,0.040999999999999995,0.33064516129032256,0-0-235-2,iyF,UT_003,intvr,1,fave,179.3757768225263,38.629177636515934,4,any,0,0.10000600000000759,"",other,N,#,N,ʌ,final
392.4556004283791,2042.3405041915294,2820.13667517918,3.9560991262513645,3.9058955223536054,4.269550670965439,6589.74358974359,0.014152532279814948,131.44674416553286,0.075,0.33482142857142855,0-0-243-6,iyF,UT_003,intvr,1,fave,94.24931647038494,35.324459143518276,4,fluency,0,0.1999969999999962,your,"",S,#,S,"",final
428.22000371372616,2771.8195717114445,4248.6614702917495,2.1449939916685947,4.082458704514958,4.010394540052385,7666.666666666666,0.004023920392381489,266.40875916553284,0.055,0.33536585365853655,0-0-314-1,iyF,UT_003,intvr,1,fave,216.598925734016,44.40739125817812,4,me,1,0.13998400000002675,tell,about,M,#,M,@,final
356.9843648639239,2162.0632083020587,2894.0621678106368,3.833713261580863,4.095941868673955,4.731491141956646,6769.2307692307695,0.010966775538492433,331.2924554965986,0.07100000000000001,0.3317757009345795,0-0-358-3,iyF,UT_003,intvr,1,fave,88.28526700772173,32.45077807838296,4,really,0,0.18997200000001158,you're,"",L,#,L,"",final
344.25017299003207,2673.135584113736,4033.4860140335513,3.0848086799313217,3.054378169051608,3.7812951074071424,8564.102564102563,0.0004953311690523793,334.38545183446706,0.037,0.32456140350877194,0-0-370-2,iyF,UT_003,intvr,1,fave,266.7051409998898,47.62999782067021,4,any,0,0.0899970000000394,there,challenges,N,#,N,CH,final
782.0092990040746,2244.1838825236136,3600.207727608989,3.9058956924585977,3.5063948053117144,4.480807662482196,7307.692307692308,0.0011449823043653174,383.24155816553287,0.045,0.3358208955223881,0-0-389-1,iyF,UT_003,intvr,1,fave,NaN,31.976000579817907,4,me,1,0.10998499999999467,excuse,"",M,#,M,"",final
368.4222310566601,959.1297847389226,2209.112806530764,3.553534731205739,3.538817957198292,3.806327984609459,4256.410256410256,0.001439988869824995,457.4630481655329,0.047,0.3263888888888889,0-0-447-1,iyF,UT_003,intvr,1,fave,96.10233102178196,35.25948684516902,4,me,1,0.11999500000001717,excuse,"",M,#,M,"",final
358.9219543787222,2404.2427109929017,4048.2340545082666,3.183279636077147,3.6891485784144824,4.004590178565597,8205.128205128205,0.0006756964692460442,512.7520638276644,0.031,0.32978723404255317,0-0-480-2,iyF,UT_003,intvr,1,fave,140.01079100359527,47.62513257829644,4,any,0,0.06994600000007267,have,favorite,N,#,N,F,final
429.5965969573706,1842.3442108684083,3062.299164706791,3.6262863803829903,3.4268368522405837,4.228730283436792,6769.2307692307695,0.00027568962660800644,538.175664834467,0.031,0.32978723404255317,0-0-497-3,iyF,UT_003,intvr,1,fave,89.16591337333688,37.42091205056827,4,very,0,0.07000700000003235,it's,pretty,R,#,R,P,final
350.0092873365837,2078.706866786054,3269.3344546449202,3.3512258626796507,3.7768446697841553,4.3402443038511525,7128.205128205128,0.0006434476092693215,538.440669165533,0.04100000000000001,0.3306451612903227,0-0-498-4,iyF,UT_003,intvr,1,fave,85.42332142718891,38.97215713964365,4,pretty,0,0.09997499999997217,very,up,T,#,T,ʌ,final
475.6424656847865,2217.655458853801,3616.753820581015,3.92250377954207,3.9532225334252096,4.1780636424916135,6769.2307692307695,0.0001823613863601043,586.3911328344672,0.027000000000000003,0.32142857142857145,0-0-549-3,iyF,UT_003,intvr,1,fave,139.51380370782158,47.0593588202548,4,hobby,0,0.05999799999995048,a,or,B,#,B,*hr,final
378.89828939053524,1844.5419707733909,2868.7380669791055,3.666132912609712,3.43467450654849,4.215648457075662,7128.205128205128,0.0002694661644753838,698.6309558276644,0.035,0.3365384615384616,0-0-647-2,iyF,UT_003,intvr,1,fave,112.08197695050329,51.28755140366141,4,three,1,0.07995600000003833,there's,of,R,#,R,@,final
457.5204505655624,2575.652027259037,3386.730260887751,3.9247175045411136,3.6438835091791812,4.620894372259666,6589.74358974359,0.02128291029326932,708.6794568344671,0.11500000000000002,0.33430232558139533,0-0-669-2,iyF,UT_003,intvr,1,fave,182.99612090569062,49.57537774425057,4,any,0,0.32000700000003235,there,"",N,#,N,"",final
359.84606101990903,2295.870513547841,2535.676198941469,3.6709384681609953,3.9420441440764273,4.584638581374142,6769.2307692307695,0.008395178389761105,791.9601545034013,0.057,0.3275862068965517,0-0-706-1,iyF,UT_003,intvr,1,fave,78.25653821885574,35.18111931503965,4,tea,1,0.15002500000002783,of,"",T,#,T,"",final
367.52717646078804,2232.734847633905,3501.229907856244,4.094518691979077,3.9907663666716475,4.637572935187869,7846.153846153846,0.0005903557515596707,813.212341165533,0.031,0.32978723404255317,0-0-739-4,iyF,UT_003,intvr,1,fave,87.39637235870164,40.7623493319826,4,overly,0,0.07000800000002982,"",dry,L,#,L,D,final
338.9247517640518,2516.030221303944,3881.8987372169636,3.327391002478647,4.010548982923965,4.054564611189784,8205.128205128205,0.005307625118970207,891.6680528344671,0.121,0.3324175824175823,0-0-855-1,iyF,UT_003,intvr,1,fave,161.07414382994796,48.197920119568316,4,me,1,0.34002699999996366,tell,"",M,#,M,"",final
323.365612986113,2145.6539717402097,2660.924743332355,3.682680458044878,3.8801222809758595,4.116774450515056,6589.74358974359,0.0044585871440341075,1090.0166815034015,0.141,0.33254716981132065,0-0-908-7,iyF,UT_003,intvr,1,fave,118.16902483747423,44.90126968084514,4,palmistry,0,0.40002400000003036,"",or,R,#,R,*hr,final
301.1524845721972,2153.1337426011755,2818.1367215967834,3.273572622705135,3.8397816940939213,3.7658347800433662,6589.74358974359,0.0009165294757436179,1291.8213574965985,0.07899999999999999,0.3376068376068376,0-0-1031-1,iyF,UT_003,intvr,1,fave,103.68615922035296,42.32526055147004,4,be,0,0.20996100000002116,gonna,reading,B,#,B,R,final
425.4831074594493,2459.320167583974,3560.9886142892547,3.633638782805268,3.5825347337589983,4.683942374602903,8025.641025641025,0.0021123314069512993,1327.017399165533,0.047,0.3263888888888889,0-0-1138-2,iyF,UT_003,intvr,1,fave,88.62158404682509,37.257258612687444,4,any,0,0.1199949999997898,have,issues,N,#,N,i,final
382.59926592098293,2471.416679314082,3628.9587002089343,3.4075218449388145,4.230834741443736,4.727839582382548,6769.2307692307695,0.0036723752327265154,1339.27406315873,0.065,0.3350515463917526,0-0-1160-3,iyF,UT_003,intvr,1,fave,194.02167069382605,39.97733735754779,4,ready,0,0.16992200000004232,you're,"",D,#,D,"",final
338.00993901940734,1594.68909606928,2457.4900420309236,2.9334754156884126,3.6287010984647816,3.7066599489033925,5153.846153846154,0.000333830219469787,8.78274716553288,0.025,0.26595744680851063,0-0-22-1,Tuw,UT_003,intvr,1,fave,138.790231179951,37.672615295530605,4,two,1,0.07000000000000028,in,f,T,#,T,e,final
326.142969369758,1597.4960499148326,2327.7620741992428,2.1223204914983373,3.727835109982626,3.8434055547016666,4615.384615384615,0.0004718268694670146,9.28274716553288,0.025,0.26595744680851063,0-0-25-1,Tuw,UT_003,intvr,1,fave,151.7156725207254,50.37664977849146,4,two,1,0.07000000000000028,"",parts,T,#,T,P,final
381.5508505773671,1494.106709514441,2613.480310273213,2.110411622840001,4.258612028263514,4.621402066842178,4794.871794871795,0.0024872834961056555,13.332747165532881,0.025,0.21929824561403513,0-0-40-1,Tuw,UT_003,intvr,1,fave,98.1366608772504,45.46206581056539,4,two,1,0.08999999999999986,the,of,T,#,T,@,final
420.72229027122495,1470.070981194698,2296.433738775007,2.0087347369036435,3.745826994050486,3.796120345524238,4794.871794871795,0.001232343009776933,30.184946165532878,0.025,0.11682242990654207,0-0-75-1,Tuw,UT_003,intvr,1,fave,133.4495955939913,45.42688787093155,4,to,1,0.1900010000000023,designed,last,T,#,T,L,final
400.723494943871,1404.929173240728,2375.4697282621664,2.6527018844830255,3.708181992668203,3.0938394820012904,4435.897435897436,0.0005567892106313451,32.17494816553288,0.025,0.20161290322580647,0-0-81-1,Tuw,UT_003,intvr,1,fave,107.08924873376,42.168004678465074,4,to,1,0.09999799999999937,minutes,an,T,#,T,@,final
397.62907360376704,1867.1851085403628,2543.2607038987576,1.4564767252780524,3.790047231700292,3.504878396112116,5153.846153846154,0.0014193437570687332,54.643852834467125,0.025,0.06868131868131867,0-0-141-1,Tuw,UT_003,intvr,1,fave,96.70373915983174,48.29178773507072,4,to,1,0.3399999999999963,talking,and,T,#,T,@,final
291.4727859716033,1947.8613842816903,2482.1560111033727,2.9267343646461907,3.5083432744167835,3.5646874951275445,4615.384615384615,0.000052332612789730464,128.06174883446712,0.025,0.2976190476190476,0-0-231-1,Tuw,UT_003,intvr,1,fave,134.0158259434595,36.82661694517851,4,do,1,0.05999800000000732,"",you,D,#,D,Y,final
415.20334432608644,1153.1381247965592,2477.498072583657,2.2830556392619292,4.173879387193968,4.318595499301324,5153.846153846154,0.0019344037837989484,131.10175216553287,0.025,0.18656716417910452,0-0-243-2,Tuw,UT_003,intvr,1,fave,103.35590725207834,46.01688195980079,4,fluency,1,0.11000000000001364,your,"",L,@,L,@,internal
382.45850101260334,1598.266598877515,2431.208504853659,1.8864136085421601,3.4308410743961844,4.0720271897391545,4435.897435897436,0.0003973577163128773,234.14635316553287,0.025,0.21929824561403513,0-0-299-1,Tuw,UT_003,intvr,1,fave,126.12124900298598,45.88468114792151,4,doing,1,0.08999600000001351,been,that,D,i,D,i,internal
325.5028270429805,1852.085303382946,2469.490702082795,2.2453103242107835,3.657423630270428,3.53987044715718,4435.897435897436,0.0024456647814278497,492.0902621655329,0.025,0.07062146892655367,0-0-472-1,Tuw,UT_003,intvr,1,fave,104.22364954233342,44.88104539698338,4,do,1,0.32998600000001943,to,the,D,#,D,DH,final
349.7475252751009,1455.8159991495957,2024.1048461350235,2.8644946552517774,4.1186404114337805,3.7679037352268656,3897.4358974358975,0.005079696270829071,511.5590478344671,0.025,0.14367816091954025,0-0-476-1,Tuw,UT_003,intvr,1,fave,212.7766471954726,44.31340192132209,4,do,1,0.1499939999999924,"","",D,#,D,"",final
396.86740764077047,1815.3845138380775,2414.840357064731,2.7428106265888714,4.021937351145388,4.65012541471836,5692.3076923076915,0.0008137301216810653,582.1964518276644,0.025,0.24038461538461545,0-0-543-1,Tuw,UT_003,intvr,1,fave,90.91219555040888,41.90514732502152,4,doing,1,0.07995600000003833,enjoy,the,D,i,D,i,internal
364.1992473639586,1695.3693230374402,2498.9460069808656,2.0889612299031475,3.8094861615457405,3.991856548517286,5153.846153846154,0.0015932308027356006,612.5483301655328,0.025,0.17361111111111113,0-0-568-1,Tuw,UT_003,intvr,1,fave,94.85956252949217,47.27950354683236,4,do,1,0.11999600000001465,you,a,D,#,D,@,final
366.64617920313987,1742.2265503601704,2437.751543054628,2.91068225259717,4.232322079348667,3.812729996916703,4615.384615384615,0.00009312056250054167,678.3859828344671,0.025,0.2976190476190476,0-0-608-1,Tuw,UT_003,intvr,1,fave,123.84484999318109,46.804699159734184,4,two,1,0.05999799999995048,"",more,T,#,T,M,final
347.35985058233734,1800.0518903516613,2471.3178634111873,2.910692813486408,4.348193613909328,4.382313265558791,4615.384615384615,0.04581739517658999,819.0517481655328,0.025,0.027654867256637166,0-0-755-1,Tuw,UT_003,intvr,1,fave,112.3216696496616,43.317039828926454,4,too,1,0.8800049999999828,was,"",T,#,T,"",final
349.08020129268203,1790.6723258681423,2441.2207849496594,2.7481247053738933,4.101744798215799,4.031551748404426,4615.384615384615,0.003917655191827646,822.7817405034014,0.025,0.10245901639344263,0-0-766-1,Tuw,UT_003,intvr,1,fave,210.40520269883626,39.64914485037344,4,too,1,0.2200319999999465,"","",T,#,T,"",final
392.83697009571176,1690.958316681857,2407.047955522388,2.447212991536388,3.878846351739462,3.987239019288181,4615.384615384615,0.003605631264584376,842.4388331655329,0.025,0.0946969696969697,0-0-794-1,Tuw,UT_003,intvr,1,fave,389.80681421366234,36.97434287063281,4,to,1,0.23999099999991813,back,"",T,#,T,"",final
356.2999676053625,1991.126035141073,2541.9470198097383,3.356797299451817,3.977430414683588,3.7972678978538403,4794.871794871795,0.00011795728345920145,1086.0886638276645,0.025,0.2976190476190476,0-0-895-1,Tuw,UT_003,intvr,1,fave,148.35694874119685,41.50050481820162,4,do,1,0.059936000000107015,so,you,D,#,D,Y,final
355.04716240938217,1750.9021666477513,2536.163032172648,3.0251863255527027,4.152293142653384,3.5538478541304483,4435.897435897436,0.0026127281604427528,1086.5986794965986,0.025,0.18656716417910452,0-0-898-1,Tuw,UT_003,intvr,1,fave,116.60604322769089,46.96534890161106,4,do,1,0.10998500000005151,mostly,tarot,D,#,D,T,final
337.4078580610036,1594.5733953038557,2317.4621142897254,2.4671390147155714,3.4685951133677175,3.4872177528062687,4435.897435897436,0.00017142983866647732,1088.5386488412698,0.025,0.26595744680851063,0-0-905-1,Tuw,UT_003,intvr,1,fave,106.65795378304614,46.86905820382009,4,do,1,0.07006799999999203,also,like,D,#,D,L,final
419.08589932554395,1388.8348823590923,2744.2896819240427,3.931656308192335,3.899517184234867,4.694068385756227,6769.2307692307695,0.016064221402384553,1211.8668788344671,0.025,0.08503401360544217,0-0-939-1,Tuw,UT_003,intvr,1,fave,110.20025485530219,43.31151108561947,4,do,1,0.2700200000001587,or,"",D,#,D,"",final
391.03481518476053,1605.4971776077768,2494.885671721333,2.6677466249089106,3.4380714752066748,3.548236983046013,5512.820512820513,0.00031775929096425896,1213.276907165533,0.025,0.20161290322580647,0-0-948-1,Tuw,UT_003,intvr,1,fave,101.33850101113727,42.504588452567134,4,do,1,0.09997599999996964,to,it,D,#,D,i,final
373.6139772568156,1798.320943416758,2797.5579818203096,2.9310486382803083,4.388350749037782,4.776474507056196,6410.25641025641,0.0027648903292465977,1301.4476784965987,0.025,0.26595744680851063,0-0-1057-1,Tuw,UT_003,intvr,1,fave,100.89146737098474,38.10301808696547,4,too,1,0.06994600000007267,not,loud,T,#,T,L,final
340.38650628812303,1503.1251970670812,2350.018293657216,3.2280558899400775,3.96020975934662,3.321281491560407,4794.871794871795,0.00003434137215631745,1321.3963091723354,0.025,0.33783783783783783,0-0-1118-1,Tuw,UT_003,intvr,1,fave,197.2919404724354,49.40386083682761,4,two,1,0.05004900000017187,are,sheets,T,#,T,SH,final
438.4628270498159,1416.4828983204861,3239.5860494473227,3.06304954967258,3.499071346092069,4.671235290343267,7307.692307692308,0.00016552314320584326,10.19374716553288,0.027000000000000003,0.32142857142857145,0-0-29-1,*hr,UT_003,intvr,1,fave,131.5665100743841,44.60019062528706,4,first,1,0.0600000000000005,the,part,F,S,F,S,internal
420.7097296392663,1572.077319360539,2080.5022140841534,2.1116875756229727,3.1174849059096457,4.3281858180807795,5692.3076923076915,0.0001593099331899963,11.66374716553288,0.027000000000000003,0.32142857142857145,0-0-35-2,*hr,UT_003,intvr,1,fave,140.2457885491853,51.54114618565953,4,interview,0,0.0600000000000005,a,"",N,V,N,V,internal
450.95532246212076,1366.6878931699946,2935.5467021541394,3.345027559355879,3.4180822538121043,4.663558384824189,6230.7692307692305,0.0046430356856690174,32.647945165532875,0.07100000000000001,0.33177570093457953,0-0-83-1,*hr,UT_003,intvr,1,fave,138.3503089476292,38.55548158626494,4,hour,0,0.19000199999999978,an,"",aw,#,aw,"",final
440.6914242275315,1731.6547364577243,2721.1040637089172,3.46957642480421,3.8124456724847557,4.687321064405667,6051.282051282051,0.00992946356816658,65.22985583446712,0.055,0.3353658536585366,0-0-159-4,*hr,UT_003,intvr,1,fave,230.35176597099667,35.54054238244794,4,gender,0,0.1399990000000031,your,"",D,#,D,"",final
407.24374369699757,1743.5929613920919,3514.0967004069053,1.9830755713018513,3.871780939079552,4.501048170924926,7666.666666666666,0.00033638688934678365,88.81585483446712,0.031,0.32978723404255317,0-0-180-6,*hr,UT_003,intvr,1,fave,101.73231945090093,50.85049578566066,4,consider,0,0.07000000000000739,you,that,D,#,D,DH,final
454.1646772717339,1664.6521634615121,2685.143068355391,2.9899076984331603,3.627799874716765,4.785671902608295,6230.7692307692305,0.0057386707700627934,129.05175416553288,0.045,0.3358208955223881,0-0-236-2,*hr,UT_003,intvr,1,fave,119.68344637782121,41.00039305727733,4,other,0,0.10998499999999467,any,languages,DH,#,DH,L,final
430.42926847558454,1718.2509037849002,2838.219771476251,2.282897117135895,3.779097989080073,4.363066419501365,5871.794871794871,0.000273214641804109,269.12875050340136,0.035,0.33653846153846156,0-0-324-3,*hr,UT_003,intvr,1,fave,93.35812687554262,40.38440857423047,4,better,0,0.08001799999999548,"",than,T,#,T,DH,final
283.6872061158345,1055.5474484298445,1887.2360939258388,3.5760822692241754,3.725727637403146,2.7674446899405583,4076.923076923077,0.008234304998685566,392.88154883446714,0.10500000000000001,0.33439490445859876,0-0-410-0,*hr,UT_003,intvr,1,fave,115.92208643091855,42.68171915276225,4,are,0,0.29000899999999774,what,"",#,#,T,"",coextensive
416.5918232060341,1418.7166298514321,2975.9401345868923,3.028930446371684,3.0361010756901585,4.839726946464341,5512.820512820513,0.01716396983334107,534.9850318344671,0.097,0.3299319727891156,0-0-486-6,*hr,UT_003,intvr,1,fave,167.68353929995445,37.774441385199246,4,remember,0,0.2700199999999313,i,"",B,#,B,"",final
321.2153450212113,1027.86298084834,1852.746285841561,3.120875822256078,4.207242737443031,4.212437650440498,3538.4615384615386,0.04209193706971059,547.6494525034014,0.101,0.3322368421052631,0-0-517-1,*hr,UT_003,intvr,1,fave,204.5370378484471,37.76138798353239,4,yourself,0,0.2800290000000132,consider,really,Y,S,Y,S,internal
500.15096516854925,1335.0763820249263,2225.425224450406,3.732096838071704,4.217888886330888,3.9263935713126834,4076.923076923077,0.00020735588903960308,586.4501421723356,0.025,0.33783783783783783,0-0-550-0,*hr,UT_003,intvr,1,fave,NaN,47.69430896388448,4,or,0,0.050049000000058186,hobby,som,#,#,iyF,S,coextensive
441.5356371363492,1109.2616173491404,2115.9199621469033,3.172994684094064,4.023945453986415,4.213732041777081,4615.384615384615,0.002824611698497173,586.7751435034013,0.035,0.33653846153846156,0-0-552-0,*hr,UT_003,intvr,1,fave,411.58247639898366,50.1910664751475,4,or,0,0.080016999999998,som,whatever,#,#,M,W,coextensive
486.80069537099166,1326.203504828663,2375.186656976332,2.9430960017253627,3.5864449279958563,4.77092809951313,5333.333333333333,0.006343176754962208,587.0971578344672,0.13899999999999998,0.3357487922705313,0-0-553-5,*hr,UT_003,intvr,1,fave,90.46309503400646,44.51739397328297,4,whatever,0,0.390013999999951,or,"",V,#,V,"",final
664.795599643994,1415.0676098137938,2190.3202042827247,3.662275925203877,4.141259304912162,4.3039550311689805,4615.384615384615,0.08843215893199263,590.2211351655329,1.047,0.3330152671755725,0-0-559-6,*hr,UT_003,intvr,1,fave,251.48858707581837,35.21328517278942,4,whatever,0,3.1199949999999035,or,"",V,#,V,"",final
347.50260059621957,1530.19205864452,2798.3741954901993,3.9281876094568338,3.5040556767587927,4.835727132312172,6051.282051282051,0.05587606857415652,614.2163465034014,0.101,0.3322368421052631,0-0-574-0,*hr,UT_003,intvr,1,fave,240.4601123265134,40.45107777054033,4,are,0,0.28003000000001066,what,"",#,#,T,"",coextensive
422.20013872299006,1526.0709605336926,2486.6621952164237,3.599054991366429,3.7596786244446063,4.610021101708681,5692.3076923076915,0.004124420657993508,616.9583551655329,0.045,0.3358208955223881,0-0-587-0,*hr,UT_003,intvr,1,fave,372.88054858012964,35.693386944924384,4,or,0,0.10998500000005151,series,genres,#,#,Z,ZH,coextensive
453.67665553596464,1440.295705038078,2614.3924864986184,3.174171899431594,4.205901936008108,4.491132393700505,6051.282051282051,0.012426782808038522,691.1479444965986,0.229,0.3347953216374268,0-0-628-0,*hr,UT_003,intvr,1,fave,106.51920750802611,37.71941877759549,4,or,0,0.6599730000000363,that,"",#,#,T,"",coextensive
745.8845831062657,1468.8434071487682,2899.368242397114,4.1557215103735965,3.901329958071293,4.687493510005474,6230.7692307692305,0.037416533306553784,696.8139664965987,0.141,0.33254716981132065,0-0-641-6,*hr,UT_003,intvr,1,fave,43243.336174332435,30.593384014050038,4,remember,0,0.399962999999957,can't,"",B,#,B,"",final
374.8009156586831,1036.0269713441628,1732.9809583776773,2.5534831836396097,3.6396822774217643,4.383781232796407,4794.871794871795,0.0014332901265410695,813.0273561723355,0.04100000000000001,0.3306451612903227,0-0-739-2,*hr,UT_003,intvr,1,fave,104.87706509988173,47.08303070243517,4,overly,0,0.10003600000004553,"",dry,V,L,V,L,internal
466.32969378169264,1118.3837023275019,2089.8751563838537,2.9179685581415575,3.5704484166070074,4.195250201290783,4615.384615384615,0.003414393673403615,843.0748405034013,0.057,0.3275862068965517,0-0-796-2,*hr,UT_003,intvr,1,fave,444.01978018950643,42.330989613714024,4,over,0,0.15002400000003036,"",and,V,#,V,@,final
482.10087183553696,1294.0989011836364,2538.054488321295,3.4686740236696068,3.9125653972427132,4.844136213232034,5871.794871794871,0.0005453927949626712,843.4618588344671,0.031,0.32978723404255317,0-0-798-2,*hr,UT_003,intvr,1,fave,450.47118122783303,43.01364173471788,4,over,0,0.07000700000003235,and,and,V,#,V,@,final
418.84054859819645,1142.4974215895593,2730.510736967304,3.3010987119481503,3.5649143503008345,4.717636729284862,6051.282051282051,0.0008472193513802803,843.7948644965986,0.037,0.32456140350877194,0-0-800-2,*hr,UT_003,intvr,1,fave,394.3592639149064,41.54712324980894,4,over,0,0.08996600000000399,and,again,V,#,V,@,final
517.5125225030862,1436.6383801514698,3090.5997202962526,3.054140399376683,3.561987112955001,4.863783894852667,7307.692307692308,0.005743292910666628,887.6510661655329,0.047,0.3263888888888889,0-0-843-1,*hr,UT_003,intvr,1,fave,90.35743721747124,47.61997772811343,4,work,1,0.11999499999990348,also,as,W,K,W,K,internal
467.4304358966899,1784.8795853035876,2699.2125738624177,3.6954062752768246,3.738903794898992,4.694146765957132,6230.7692307692305,0.0005972506825266187,895.9760328344671,0.027000000000000003,0.32142857142857145,0-0-869-0,*hr,UT_003,intvr,1,fave,100.88776955964249,44.51017620344002,4,are,0,0.05999800000006417,what,some,#,#,T,S,coextensive
552.6248931089905,1473.8083840550041,3006.3820805092514,3.4528605923234936,3.6484414783153456,4.61938912410321,6230.7692307692305,0.012881111739380587,1090.4186771587301,0.145,0.3341013824884792,0-0-909-0,*hr,UT_003,intvr,1,fave,244.87287288958345,40.787277240721444,4,or,0,0.40991200000007666,palmistry,other,#,#,iyF,ʌ,coextensive
426.10386202107134,1464.1943344932547,2974.89519695591,3.42266254390247,3.6328649634296664,4.305458175114051,6051.282051282051,0.0008045873199968442,1090.8736984965988,0.035,0.33653846153846156,0-0-910-2,*hr,UT_003,intvr,1,fave,121.77824380583489,42.68840830392012,4,other,0,0.07995600000003833,or,stuff,DH,#,DH,S,final
505.15970592110864,1123.2476082444402,3020.318550667339,2.9893209644287233,3.361167023697825,4.655781218015938,6051.282051282051,0.0006391432036248722,1216.18984184127,0.031,0.32978723404255317,0-0-955-1,*hr,UT_003,intvr,1,fave,90.67627113607824,47.755296318545625,4,work,1,0.07006899999987581,your,on,W,K,W,K,internal
421.4132038598973,1584.0042445653128,2862.754878490743,3.057281390351997,3.2353434718354204,4.511877933366083,5871.794871794871,0.00008208639875582083,1261.2904685034016,0.025,0.33783783783783783,0-0-971-0,*hr,UT_003,intvr,1,fave,423.21658497717357,39.76129302837964,4,are,0,0.0500489999999445,jobs,just,#,#,Z,JH,coextensive
388.5220642656206,1296.783872521547,2768.3642086059253,2.8960030096896046,3.354791756645876,4.850567054319589,5871.794871794871,0.010937812051521518,1278.8434558276645,0.11100000000000002,0.3323353293413174,0-0-990-1,*hr,UT_003,intvr,1,fave,98.03571929798424,42.71847213014677,4,for,0,0.30993599999987964,much,"",F,#,F,"",final
430.4665705631154,1599.5869737153007,2762.267634880005,3.4765091078108914,3.999533911790245,4.42908385838266,5871.794871794871,0.044054772856957275,1311.240654165533,0.171,0.3326848249027238,0-0-1087-3,*hr,UT_003,intvr,1,fave,91.44351157427535,38.553687966056344,4,better,0,0.48998999999980697,"","",T,#,T,"",final
413.7727713465931,1199.100109616054,2330.2025052725744,3.5873811805295066,3.8196327025584558,4.127470756510346,5153.846153846154,0.004363493921754372,11.89074716553288,0.061000000000000006,0.3315217391304348,0-0-35-5,uw,UT_003,intvr,1,fave,180.02531756802787,36.98893155138896,4,interview,2,0.16000000000000014,a,"",Y,#,Y,"",final
335.15828092945753,1403.6775054779662,2297.9643455645537,2.520850355463832,4.099647410511947,3.9133318834403106,4435.897435897436,0.005748455503237776,18.07774616553288,0.055,0.3353658536585366,0-0-54-1,uw,UT_003,intvr,1,fave,211.36496210494607,39.857053309851906,4,you,1,0.14000199999999907,where,are,Y,#,Y,ahr,final
354.9632479016959,1259.7297903106978,2256.519758201018,2.719088574174268,3.921606233928155,3.3436797895446606,3897.4358974358975,0.00020920623177054316,53.569854834467115,0.037,0.32456140350877194,0-0-136-1,uw,UT_003,intvr,1,fave,125.86684642132167,50.32451406326432,4,who's,1,0.0899999999999963,understand,"",HH,e,HH,e,internal
364.75850486546085,1176.720982386743,2228.419411583925,2.3967591962349375,3.6521564514525,3.4769337310259623,3897.4358974358975,0.0008520690009214433,54.00685283446712,0.031,0.32978723404255317,0-0-138-1,uw,UT_003,intvr,1,fave,124.77500910822539,47.16676178664453,4,who,1,0.07000000000000028,"",we're,HH,#,HH,W,final
436.65999291808646,1641.1401607351759,2206.2529637502357,3.634874537988477,3.9060483929439624,3.735184421709868,4794.871794871795,0.009356643750166708,57.136147165532876,0.047,0.3263888888888889,0-0-151-1,uw,UT_003,intvr,1,fave,-382.118102292427,31.488064490934782,4,you,1,0.11999899999999997,are,"",Y,#,Y,"",final
400.8479966148428,1573.8745266469468,1782.4570481704309,3.1229858345457577,3.591762347981379,3.4778793289265053,4435.897435897436,0.012981963278303194,73.69254516553286,0.149,0.33558558558558554,0-0-170-1,uw,UT_003,intvr,1,fave,167.89083133596432,44.38012366717792,4,you,1,0.42000600000000077,"","",Y,#,Y,"",final
299.1025405663475,1860.7606305294178,2417.4310008874127,2.0104545763365125,4.025407226700221,4.005558995342089,4615.384615384615,0.0002108688578438455,88.45385483446711,0.027000000000000003,0.32142857142857145,0-0-179-1,uw,UT_003,intvr,1,fave,101.3998328575705,41.358780277781975,4,you,1,0.05999700000000985,would,consider,Y,#,Y,K,final
390.4382766935722,743.0187733599271,1482.574745779038,2.9844337016651057,3.8527963380589756,4.3153164923059855,3538.4615384615386,0.004714153259589439,100.55884716553287,0.037000000000000005,0.324561403508772,0-0-197-1,uw,UT_003,intvr,1,fave,387.3564144196807,34.20455090859259,4,you,1,0.0899959999999993,also,"",Y,#,Y,"",final
349.0276868428885,1251.5082675419303,2231.4231832699525,2.6032855567713744,3.890815973479844,3.98265290040046,4615.384615384615,0.0018149754808456247,104.39285483446712,0.045,0.3358208955223881,0-0-211-1,uw,UT_003,intvr,1,fave,226.27183386749456,42.4097847791862,4,you,1,0.1100009999999969,have,all,Y,#,Y,o,final
313.1118545469791,1722.096270804209,2393.356946006455,2.4813998447235455,4.0160638058966995,3.966815160076632,4435.897435897436,0.00014994467584105022,128.20274783446715,0.027000000000000003,0.32142857142857145,0-0-232-1,uw,UT_003,intvr,1,fave,131.85691657768612,40.699998233342576,4,you,1,0.05999800000000732,do,speak,Y,#,Y,S,final
501.1661279681124,1726.1927620978252,2390.9596274572195,2.776794227399244,3.6973958148576145,3.7512692978042432,4794.871794871795,0.00004681023476625088,165.77035983446714,0.027000000000000003,0.32142857142857145,0-0-265-1,uw,UT_003,intvr,1,fave,534.7102429028927,32.06884683589764,4,you,1,0.05999800000000732,for,"",Y,#,Y,"",final
429.7333908793346,1514.9729522016219,2189.8931305475003,2.725994032032767,4.1903150246767895,3.507421192337677,4076.923076923077,0.0019277496505081275,188.1864471655329,0.031,0.32978723404255317,0-0-271-1,uw,UT_003,intvr,1,fave,111.87448497778021,47.578551759662055,4,you,1,0.0700069999999755,"",enjoy,Y,#,Y,i,final
413.9108419296233,1531.7408463102208,2379.6123666973253,2.7519152914376392,4.56792472104761,4.127950578495592,4794.871794871795,0.0016597985596614444,269.4267581655328,0.031,0.32978723404255317,0-0-326-1,uw,UT_003,intvr,1,fave,77.55214834539117,31.90473239366827,4,you,1,0.06997700000005125,than,expected,Y,#,Y,i,final
296.73070603839415,1169.5305216873874,2033.5116198662831,3.093758487181218,4.468072619025445,4.185180181154508,4256.410256410256,0.010794573441897255,330.03245683446715,0.07100000000000001,0.3317757009345795,0-0-352-1,uw,UT_003,intvr,1,fave,86.14302858349758,31.9558245773974,4,you,1,0.19000299999999015,"","",Y,#,Y,"",final
280.83731179757194,1648.3539068013108,2334.255648864609,3.464452168815136,3.819150100476479,3.08113713314202,4256.410256410256,0.0003962286004645381,389.77454183446713,0.031,0.32978723404255317,0-0-399-1,uw,UT_003,intvr,1,fave,193.3826990833736,46.88559708305676,4,you've,1,0.07000700000003235,so,lived,Y,V,Y,V,internal
269.2757708585579,1716.682274682261,2229.5785767368156,2.5567921274210086,3.6082342449722313,3.389179374290784,4256.410256410256,0.00040473883781386524,424.54545516553287,0.027000000000000003,0.32142857142857145,0-0-426-1,uw,UT_003,intvr,1,fave,117.09737981095536,48.64887097836333,4,you,1,0.05999700000000985,if,had,Y,#,Y,HH,final
405.07290457118285,1758.855640806403,2585.6799253663744,3.296706078531136,3.8183343677150705,3.188563661669914,4794.871794871795,0.00012551753145724682,458.8830401655329,0.027000000000000003,0.32142857142857145,0-0-450-1,uw,UT_003,intvr,1,fave,229.99693309056596,46.26107376892027,4,you,1,0.05999799999995048,have,when,Y,#,Y,HH,final
362.2424409778185,1296.1402952676115,2461.5709136846426,3.024459617920201,4.380378042437517,3.7706819020566695,4435.897435897436,0.019667670172342788,460.17904583446716,0.119,0.33615819209039544,0-0-452-1,uw,UT_003,intvr,1,fave,175.6850827257595,40.79276552595179,4,you,1,0.330016999999998,when,"",Y,#,Y,"",final
417.882975864869,1685.7364362653589,2497.7914528548226,2.2518210898293507,3.730315347286851,3.6235838051405778,4974.358974358975,2.1982972162114273e-6,462.22204850340137,0.025,0.33783783783783783,0-0-459-1,uw,UT_003,intvr,1,fave,136.15736382922708,48.784658273596165,4,you,1,0.05001799999996592,do,like,Y,#,Y,L,final
589.7621700658872,1564.4431057345728,2739.601121885914,3.5861026609106563,3.615422568329201,3.9709386378294216,4794.871794871795,0.0000636572394499984,546.5914381723356,0.025,0.33783783783783783,0-0-515-1,uw,UT_003,intvr,1,fave,232.94562651882606,47.67504323499668,4,you,1,0.050049000000058186,"",consider,Y,#,Y,K,final
402.80879902789735,1506.8945178620766,2484.189300230868,3.20800313348641,4.456090667819001,4.278307358229578,4794.871794871795,0.0022832094966131864,581.6714455034013,0.035,0.33653846153846156,0-0-541-1,uw,UT_003,intvr,1,fave,113.21986435674772,46.30304874779058,4,you,1,0.080016999999998,something,enjoy,Y,#,Y,i,final
398.53284213729626,1216.1369121197497,1967.4127549500918,2.89104510287881,4.230046245780663,4.380167345001613,4615.384615384615,0.003082179508655404,609.933340834467,0.035,0.3365384615384616,0-0-562-1,uw,UT_003,intvr,1,fave,398.5599166596098,52.425120473955154,4,you,1,0.080016999999998,something,enjoy,Y,#,Y,i,final
523.5975261116275,1482.6780745013002,2545.825881868334,3.0472765223772105,3.739323893130073,3.652226911184911,5153.846153846154,0.0013663922675460215,615.3393701655328,0.027000000000000003,0.32142857142857145,0-0-580-1,uw,UT_003,intvr,1,fave,455.45965880187606,42.10905707927217,4,you,1,0.05999700000006669,books,like,Y,#,Y,L,final
296.70931233042955,1206.5221301281067,1999.8680534408038,3.5877103485598383,4.379092379448444,4.308121284264943,3897.4358974358975,0.016574278388817483,710.7774618344672,0.051000000000000004,0.3311688311688312,0-0-676-1,uw,UT_003,intvr,1,fave,108.90246744432196,33.170580427430316,4,you,1,0.13000499999998283,that,"",Y,#,Y,"",final
415.4920141162406,1362.2708496067653,2304.851883131079,3.6950112844001453,4.331030997844335,4.562028916804071,4974.358974358975,0.026145875816325638,789.2241455034014,0.10500000000000001,0.33439490445859876,0-0-696-1,uw,UT_003,intvr,1,fave,240.6687949454875,33.54045744809005,4,you,1,0.29003899999997884,"","",Y,#,Y,"",final
350.5111791765709,1353.5611427426336,2344.941695751889,2.6722371513175642,4.324278834337967,4.166973099048843,4974.358974358975,0.006193652307766092,880.3030711655329,0.091,0.3321167883211679,0-0-819-1,uw,UT_003,intvr,1,fave,160.67622464067503,42.121926707608566,4,you,1,0.25,"","",Y,#,Y,"",final
258.6887053492429,1298.6074668814656,2411.9846425278147,3.2788205657561336,4.142339809533246,4.0447832290199095,4615.384615384615,0.032015031313969385,881.4480548276645,0.141,0.33254716981132065,0-0-825-1,uw,UT_003,intvr,1,fave,115.31903854094338,42.134847918477064,4,you,1,0.39996399999995447,that,"",Y,#,Y,"",final
347.65146443240224,1654.3231145814211,2401.3651555500614,3.270158790239355,4.080284214633472,4.206789490659488,4615.384615384615,0.0013382405690988163,897.2060591655329,0.047,0.3263888888888889,0-0-874-1,uw,UT_003,intvr,1,fave,94.20640193254147,35.400971965939796,4,you,1,0.11999500000001717,things,"",Y,#,Y,"",final
363.1863976136979,965.770934945627,2348.648260444287,2.7248045594673247,3.2510139362776984,4.357893836167789,4974.358974358975,0.00006796620356469636,1084.5033651723354,0.025,0.33783783783783783,0-0-892-1,uw,UT_003,intvr,1,fave,156.8469234192183,50.42370981445167,4,cool,1,0.05004800000006071,really,"",K,L,K,L,internal
341.1543314216186,1591.2210543387368,2248.4340787123488,2.162188373270804,3.9511384179450015,3.5460716835516135,4435.897435897436,0.0009013741130239907,1088.0115928344671,0.051000000000000004,0.3311688311688312,0-0-903-1,uw,UT_003,intvr,1,fave,110.04719750194334,50.10663786636777,4,you,1,0.13000499999998283,do,also,Y,#,Y,oh,final
347.6662560600422,1389.5376647903847,2200.0755010507746,2.6182968976717578,3.676313129399881,2.4923456386036102,4076.923076923077,0.0006169962844694287,1208.5248724965986,0.08100000000000002,0.3319672131147542,0-0-927-1,uw,UT_003,intvr,1,fave,129.41804332714975,51.259861236439754,4,you,1,0.21997099999998682,do,imagine,Y,#,Y,i,final
404.39602257025774,1486.5247344844274,2421.619184186569,2.271569245989287,3.9476893293940956,3.9592510691056573,4794.871794871795,0.007575736336667393,1282.6654288344673,0.095,0.33450704225352107,0-0-1002-1,uw,UT_003,intvr,1,fave,102.77668576570473,47.024518671793196,4,you,1,0.26000999999996566,about,and,Y,#,Y,@,final
490.3840508156966,1858.738439540583,2521.989713946281,3.2673916228642397,4.1896562094917895,4.351257267940067,6769.2307692307695,0.0002244924720331459,1284.6504591723353,0.025,0.33783783783783783,0-0-1009-1,uw,UT_003,intvr,1,fave,91.25706429905375,43.08572901375377,4,you,1,0.05004900000017187,"",know,Y,#,Y,N,final
506.4143771570275,1815.9867220260667,2527.1818586385425,3.7879473112684585,3.353024088222213,3.647042302414869,4615.384615384615,0.000037142597796619394,1305.4986271723355,0.027000000000000003,0.32142857142857145,0-0-1072-1,uw,UT_003,intvr,1,fave,121.0336380163868,48.487626279446744,4,you,1,0.06005900000013753,you,know,Y,#,Y,N,final
299.9723963141987,1164.282722776906,2269.6823567022184,2.872851840872859,4.293130029070257,3.9990522368358707,4794.871794871795,0.013938753732613326,1306.824635834467,0.13899999999999998,0.33574879227053134,0-0-1078-1,uw,UT_003,intvr,1,fave,99.9176800120478,40.45577516071952,4,you,1,0.3900139999998373,or,"",Y,#,Y,"",final
623.0708334985931,1168.4453582714573,2789.830769724216,2.976169321548187,3.939253918797468,3.924487326756083,5153.846153846154,0.009342348317488555,1308.1526131723358,0.11500000000000002,0.3343023255813954,0-0-1082-1,uw,UT_003,intvr,1,fave,127.16609271169236,43.367594580931396,4,you,1,0.320067999999992,like,"",Y,#,Y,"",final
393.60814007737474,2061.8188422589546,2762.8596818025703,2.314627428306126,4.0962912339971,4.743087979167063,5692.3076923076915,0.018609826871099508,1327.3463631723357,0.065,0.3350515463917526,0-0-1139-2,uw,UT_003,intvr,1,fave,89.19609701572979,42.07133265802754,4,issues,0,0.17004399999996167,any,"",SH,Z,SH,Z,internal
409.48979680952544,1468.1740663538283,2301.2644392091615,3.5468453177681125,4.283170891752153,4.261582361591328,4615.384615384615,0.0003927587893754463,1375.1766061723356,0.027000000000000003,0.32142857142857145,0-0-1177-1,uw,UT_003,intvr,1,fave,135.55602576791253,42.3683170806884,4,you,1,0.06005800000002637,"",would,Y,#,Y,W,final
449.3579405424177,1260.4206603048883,2239.1959577974276,1.8628899658998073,4.040219897019884,3.9873820925655887,4794.871794871795,0.000030462437025390588,13.422747165532881,0.025,0.33783783783783783,0-0-41-0,@,UT_003,intvr,1,fave,432.9258815400676,44.57540583775507,4,of,0,0.05000000000000071,two,us,#,V,Tuw,V,initial
362.1945260154235,1673.5378245209565,2569.6544000650692,3.7922289642291593,3.9071488877090546,4.4547646246348265,5153.846153846154,0.0023016633318947628,16.665747165532878,0.031,0.32978723404255317,0-0-50-4,@,UT_003,intvr,1,fave,165.77491729122872,33.84657145752744,4,portion,0,0.06999900000000281,a,"",SH,N,SH,N,internal
381.08814970074235,1330.560647483877,2604.5754252233196,2.219443182050962,3.417762147965281,4.4277771515425055,4615.384615384615,0.0006772887849646604,21.292947165532883,0.04100000000000001,0.3306451612903227,0-0-64-7,@,UT_003,intvr,1,fave,135.4277557018933,45.632351885596556,4,sentences,0,0.09999999999999787,40,"",S,Z,S,Z,internal
461.370628855946,1689.4812339246728,2483.3337831085655,3.063436772551924,3.6408677065574073,3.8242757895038597,4794.871794871795,0.0018152137213886847,31.74794716553288,0.051000000000000004,0.3311688311688312,0-0-80-3,@,UT_003,intvr,1,fave,104.83610510960823,38.065934454871396,4,minutes,0,0.129999999999999,30,to,N,T,N,T,internal
409.8703494671362,1629.1274242101865,2631.452052258042,2.1565409883598172,3.112888918208485,3.4214265156582635,5153.846153846154,0.0001369850651292008,34.66794616553288,0.031,0.32978723404255317,0-0-91-1,@,UT_003,intvr,1,fave,393.7906156126009,43.38746519955139,4,the,0,0.0699989999999957,"",interview,DH,#,DH,i,final
463.90134513086065,1433.9822018489585,2538.919779540869,3.0218924475783377,4.209110179677739,4.417517765494729,5153.846153846154,0.0010989901215051159,48.69485183446712,0.027000000000000003,0.32142857142857145,0-0-123-5,@,UT_003,intvr,1,fave,NaN,34.97255080942407,4,questions,0,0.06000099999999975,"","",CH,N,CH,N,internal
489.9388961000094,1556.7789040019425,2428.9747964807784,3.0106730257603167,3.7790907360136465,3.7436313569030792,4794.871794871795,0.0013366216159569739,50.883851834467116,0.085,0.3346456692913386,0-0-131-1,@,UT_003,intvr,1,fave,188.92484990161745,37.46359571533919,4,to,0,0.2300030000000035,way,"",T,#,T,"",final
417.2634773613933,1534.6573668276258,2657.915413193394,2.4471265273608407,3.033847035395166,4.619242254112523,6410.25641025641,0.0007883181096145015,91.67585583446713,0.031,0.32978723404255317,0-0-187-3,@,UT_003,intvr,1,fave,391.9209665590498,44.417845851616,4,syracuse,0,0.06999999999999318,"",and,R,K,R,K,internal
431.0071333005445,1369.561519033569,2761.216033039822,2.8604465426671544,3.898096435051452,4.115211975512925,5333.333333333333,0.013971241137061413,163.86534116553287,0.057,0.32758620689655177,0-0-258-0,@,UT_003,intvr,1,fave,186.70328811459683,43.196970513316884,4,a,0,0.15000900000001138,"",typical,#,#,"",T,coextensive
575.5496234234947,1660.9952467071007,2622.3577982710594,2.8722245047227912,3.446176014777443,4.2705653348940045,5153.846153846154,0.0007045742308819411,266.53674316553287,0.031,0.32978723404255317,0-0-315-0,@,UT_003,intvr,1,fave,200.71634037541557,38.07584295233521,4,about,0,0.0700069999999755,me,a,#,B,iyF,B,initial
467.71906990730355,1449.813492208645,2572.762716071041,2.899472718022157,3.829012325202343,3.5906942926293155,5512.820512820513,0.00006108445545360577,266.80474350340137,0.027000000000000003,0.32142857142857145,0-0-316-0,@,UT_003,intvr,1,fave,109.71521517026456,40.63191910898835,4,a,0,0.06002800000004527,about,time,#,#,T,T,coextensive
502.2185253540658,962.5991794270285,2333.3258398502117,3.2195590199749105,4.54442553936799,4.438622509258135,4794.871794871795,0.022882690523332833,321.57545483446705,0.037000000000000005,0.324561403508772,0-0-329-2,@,UT_003,intvr,1,fave,87.63303057389282,39.94144887300718,4,awesome,0,0.08999600000004193,"","",S,M,S,M,internal
552.8966384880052,1240.0146992002115,2175.01138466181,3.7837429813044707,4.8682208864049645,4.365469478814728,4974.358974358975,0.0012511677321207862,324.5894438344671,0.025,0.33783783783783783,0-0-334-2,@,UT_003,intvr,1,fave,NaN,31.20546704691626,4,awesome,0,0.050018000000022766,"","",S,M,S,M,internal
416.8366203990043,1431.5466872443824,2429.3878992787886,2.909665800661277,4.28271719006378,3.3691432223945577,4615.384615384615,0.00005783894112584571,327.5204611655329,0.027000000000000003,0.32142857142857145,0-0-342-0,@,UT_003,intvr,1,fave,126.60712455095401,46.38509074957431,4,of,0,0.05999700000000985,kind,following,#,V,D,V,initial
422.14779425895694,1451.5012423277465,2623.226541711687,2.139780298921611,3.588050858829916,3.272285963315918,5153.846153846154,0.000018672742807855322,330.8694418344671,0.025,0.33783783783783783,0-0-356-1,@,UT_003,intvr,1,fave,396.88029369431024,43.1757363105874,4,that,0,0.0500189999999634,about,you're,DH,T,DH,T,internal
478.5678918233961,1374.906236437773,2632.5395744075768,3.2198223786646896,4.630766845069691,4.608286043690048,5871.794871794871,0.002781704986012987,333.1094438344671,0.065,0.3350515463917526,0-0-366-4,@,UT_003,intvr,1,fave,140.05240012581697,41.853855271544724,4,business,0,0.17001300000003994,"","",N,S,N,S,internal
510.2544772601015,1445.7013692803598,2129.538745402066,3.1721721375548535,4.01178693430709,4.311739121527764,5333.333333333333,0.000037801299241011025,337.0894438344671,0.025,0.33783783783783783,0-0-377-4,@,UT_003,intvr,1,fave,104.95200453319212,38.23753290170458,4,business,0,0.050018000000022766,your,"",N,S,N,S,internal
516.7316639198638,1504.111562734144,2307.5173813745178,2.5563294939037857,3.4570424135688187,3.828625964362169,4615.384615384615,0.00021341760233042803,338.45245416553286,0.031,0.32978723404255317,0-0-382-5,@,UT_003,intvr,1,fave,142.81032225190378,40.12080220455096,4,started,0,0.0700069999999755,and,"",T,D,T,D,internal
482.7583012328432,1042.6319968638165,2565.2620783028406,3.35382903096154,4.135474716529723,4.63131646391331,5153.846153846154,0.0015286203801011349,379.40954116553286,0.04100000000000001,0.3306451612903227,0-0-386-2,@,UT_003,intvr,1,fave,92.50132948663965,41.50825706527199,4,awesome,0,0.10000600000000759,"","",S,M,S,M,internal
431.5629295429593,1448.9697550661551,2434.083217646872,3.885316580049359,4.319451176097678,4.635014551677588,4615.384615384615,0.02615125197883884,426.2874408344671,0.051000000000000004,0.3311688311688312,0-0-433-4,@,UT_003,intvr,1,fave,-845.361219180651,32.4113853661309,4,places,0,0.13000499999998283,those,"",S,Z,S,Z,internal
533.5009384758444,1584.1469651994555,2317.3117444095355,3.3524016610693748,3.8126866354029927,4.2727283453599405,4256.410256410256,0.0011314195063207037,461.2770551655329,0.035,0.33653846153846156,0-0-456-5,@,UT_003,intvr,1,fave,NaN,32.95088653496726,4,vacation,0,0.07998600000001943,on,where,SH,N,SH,N,internal
470.4394115341902,1519.3290564055092,2377.5102290911373,2.5877281537955112,3.321060092395089,3.7321508827126877,4974.358974358975,0.00012126834610606903,491.61325116553286,0.031,0.32978723404255317,0-0-468-1,@,UT_003,intvr,1,fave,114.84233575657436,48.258884851851626,4,that,0,0.0700069999999755,things,you,DH,#,DH,Y,final
521.681136921382,1598.505763909338,2480.049008062671,3.692349366885514,4.2591022947621155,4.458306566034705,4974.358974358975,0.003916564306639817,580.0844624965987,0.04100000000000001,0.3306451612903227,0-0-538-4,@,UT_003,intvr,1,fave,NaN,30.715339893512404,4,question,0,0.09997499999997217,the,what's,SH,N,SH,N,internal
507.65041553993393,1358.6814709936943,2639.2563874352245,2.974396401878582,3.9417868118020074,3.5599245523493814,4974.358974358975,0.00003253269314535869,582.4064411723357,0.025,0.33783783783783783,0-0-544-1,@,UT_003,intvr,1,fave,78.82190344252867,36.864192695709725,4,the,0,0.0500489999999445,doing,most,DH,#,DH,M,final
526.5039233108469,1443.7439524847437,2608.320045301319,2.8435531165138364,3.8886040510564115,4.317195873502239,5153.846153846154,0.00023449184474634197,586.0111221655329,0.027000000000000003,0.32142857142857145,0-0-548-0,@,UT_003,intvr,1,fave,185.4373301240808,51.42138884001286,4,a,0,0.05999799999995048,like,hobby,#,#,K,HH,coextensive
404.9502242064086,1418.8766265506056,2624.7001090720046,2.715833095113302,3.275578510237984,3.5054804126072714,5153.846153846154,0.00012072773158822377,616.3793481655329,0.027000000000000003,0.32142857142857145,0-0-585-1,@,UT_003,intvr,1,fave,403.196518744897,38.4937666711865,4,the,0,0.05999700000006669,are,series,DH,#,DH,S,final
574.5049628000179,1375.5757681089128,2662.144062400915,3.5020520996525097,4.030707889518154,4.507662087378206,5333.333333333333,0.006839927209109028,617.3393658344671,0.047,0.3263888888888889,0-0-588-4,@,UT_003,intvr,1,fave,NaN,30.55147971117938,4,genres,0,0.11999500000001717,or,"",R,Z,R,Z,internal
402.73309092176413,1332.3290964063108,2452.5182301885093,2.3029736951636477,3.4299636487603844,4.0805716004181525,4794.871794871795,0.0000463401469067373,633.7919508344671,0.027000000000000003,0.32142857142857145,0-0-593-0,@,UT_003,intvr,1,fave,437.80927865274754,47.82302469518315,4,a,0,0.05999800000006417,have,favorite,#,#,V,F,coextensive
464.8164234071238,1440.289198383049,2563.3764776164,2.3465539661839285,3.3143840018593895,3.980755954677623,4974.358974358975,0.0013473225786874994,684.5109388344671,0.11500000000000002,0.33430232558139533,0-0-617-1,@,UT_003,intvr,1,fave,122.83132384531795,43.80357681252143,4,the,0,0.32000700000003235,like,"",DH,#,DH,"",final
431.00105003772654,1522.6923624060769,2235.8085225717,1.96576818446062,4.072151250386026,3.6193828187307635,4435.897435897436,0.00019094202253649517,698.7089288344671,0.031,0.32978723404255317,0-0-648-0,@,UT_003,intvr,1,fave,106.0164964294496,52.10998842052416,4,of,0,0.07000800000002982,three,them,#,V,iyF,V,initial
456.513980711432,1003.8353296975093,2326.5169801722777,2.8426148279821115,3.8902845112710804,3.8931754590862218,5153.846153846154,0.00017059107229435515,698.8369281655329,0.027000000000000003,0.32142857142857145,0-0-649-1,@,UT_003,intvr,1,fave,105.35910092370386,48.683370991544884,4,them,0,0.05999800000006417,of,"",DH,M,DH,M,internal
549.8974733933769,1002.6064500284731,2572.4951069556955,3.0392273953680946,4.067121747990232,4.512446628607315,5512.820512820513,0.00374302498730606,703.0759701655329,0.045,0.3358208955223881,0-0-660-1,@,UT_003,intvr,1,fave,95.92289638302317,47.613325064109375,4,them,0,0.10998500000005151,of,and,DH,M,DH,M,internal
552.9261803575193,1431.5139037351628,2529.8524815838973,3.362705728857196,3.854198838692496,4.173078814177615,5512.820512820513,0.0006972594992196815,703.2389588344671,0.031,0.32978723404255317,0-0-661-0,@,UT_003,intvr,1,fave,146.1869176997176,42.9991187085923,4,and,0,0.07000700000003235,them,is,#,N,M,N,initial
459.08001919880246,1262.8942243487943,2650.385504203893,2.9643104663860544,4.280351669646254,4.494416093290812,5153.846153846154,0.0006281097547989765,703.4969621655329,0.027000000000000003,0.32142857142857145,0-0-663-0,@,UT_003,intvr,1,fave,491.9824716265324,44.56510854395507,4,obsessed,0,0.05999800000006417,is,with,#,B,Z,B,initial
463.6907234821118,1641.967322909801,2624.0730318853916,3.026955976021167,3.6954442375017895,3.6011721047933283,4974.358974358975,0.0006726852179417509,710.5974618276645,0.031,0.32978723404255317,0-0-675-1,@,UT_003,intvr,1,fave,91.12831538317971,41.98672687005971,4,that,0,0.06994599999995899,read,you,DH,T,DH,T,internal
508.84794877851033,1617.0433753723776,2645.4531590943643,3.5052090645527048,3.6874973091342533,3.9909472374773105,5871.794871794871,0.0009899908121326505,711.2874648276645,0.031,0.32978723404255317,0-0-678-3,@,UT_003,intvr,1,fave,NaN,40.053911275647046,4,didn't,0,0.06994599999995899,"",like,D,N,D,N,internal
453.86704710529125,805.2349418879197,1688.5758158213057,3.65893901090947,4.3441257732732765,4.483517787570819,4615.384615384615,0.000546099590522453,806.3671261655329,0.031,0.32978723404255317,0-0-717-1,@,UT_003,intvr,1,fave,210.9035895811163,41.457815633725055,4,that,0,0.07000800000002982,mean,makes,DH,#,DH,M,final
426.4022985838353,1783.497404956364,2686.7943115626704,2.817530276139298,3.6802970374017248,3.718406268130993,5153.846153846154,0.0010602858816688076,808.3071248344672,0.051000000000000004,0.3311688311688312,0-0-727-0,@,UT_003,intvr,1,fave,462.31240361552176,36.32834964177983,4,and,0,0.13000499999998283,tried,"",#,N,D,N,initial
534.6329230076739,1649.494280474477,2524.389243424822,3.056906572228398,3.5588763911503114,3.758702588455647,4794.871794871795,0.0004580661284223912,820.606741834467,0.035,0.3365384615384616,0-0-757-4,@,UT_003,intvr,1,fave,165.27393545142223,38.772775807350556,4,clinical,0,0.080016999999998,"","",N,K,N,K,internal
525.5731953314387,1197.690018235492,2350.4297011025797,3.5219466851537993,4.442702879762518,3.731915434647159,4076.923076923077,0.04355929732213505,827.759761165533,0.04100000000000001,0.3306451612903227,0-0-780-1,@,UT_003,intvr,1,fave,446.6392588271657,56.73442457800785,4,the,0,0.09997499999997217,exploring,world,DH,#,DH,W,final
422.966196466051,1483.779981382158,2633.933837176552,2.23842386036447,3.63085067428693,4.2199608258290375,5153.846153846154,0.000017142378960555298,885.9100365034013,0.025,0.33783783783783783,0-0-836-0,@,UT_003,intvr,1,fave,421.8133290596921,37.247828792596884,4,a,0,0.0500489999999445,it,side,#,#,T,S,coextensive
538.5077428448657,1470.0762448816718,2789.9685194570843,2.910241381014924,4.05681573002284,4.174264968764459,5153.846153846154,0.000739196858552615,886.675040834467,0.035,0.3365384615384616,0-0-838-4,@,UT_003,intvr,1,fave,339.857429666161,33.05503811352419,4,business,0,0.080016999999998,side,but,N,S,N,S,internal
597.7634683214122,1743.089035733253,2752.1207541548,3.6348202738563886,3.5577942598666454,4.163794437949759,5153.846153846154,0.0023214186535534956,889.7060584965986,0.037,0.32456140350877194,0-0-848-4,@,UT_003,intvr,1,fave,NaN,32.28300052357293,4,medium,0,0.08996600000000399,psychic,"",iy,M,iy,M,internal
528.8252258158099,1266.3173880793338,2686.4572107016115,2.7815609715039296,3.847038793185618,3.9975044951854164,5153.846153846154,0.0001374034417344925,892.6710408344671,0.027000000000000003,0.32142857142857145,0-0-857-0,@,UT_003,intvr,1,fave,109.4525080805996,42.880856937513194,4,a,0,0.059996999999953005,"",little,#,#,"",L,coextensive
456.9654653596135,1380.8002372675821,2462.442308801845,2.842383432330848,3.7960580049821253,3.961555209777121,4794.871794871795,0.00010178158813849809,893.0750648344671,0.035,0.3365384615384616,0-0-860-0,@,UT_003,intvr,1,fave,105.06447898646785,47.439135901741174,4,of,0,0.080016999999998,bit,what,#,V,T,V,initial
495.36587321982915,1341.5396658244156,2687.2947012056857,2.300397235792256,3.6292894206418618,3.919224650208793,4974.358974358975,0.0005125957023196672,896.4170521655329,0.10899999999999999,0.3364197530864197,0-0-872-1,@,UT_003,intvr,1,fave,92.28472254783355,46.00621359359156,4,the,0,0.29998699999998735,of,things,DH,#,DH,TH,final
449.14710540752634,1574.987367224252,2650.3073206256317,3.8750681437495262,4.421757649637672,4.26674381759354,5333.333333333333,0.03696698128525948,899.1600578344671,0.095,0.33450704225352107,0-0-880-0,@,UT_003,intvr,1,fave,175.37697364117585,48.36056388444392,4,a,0,0.2600089999999682,being,psychic,#,#,NG,S,coextensive
372.68283949394095,1629.228240916134,2526.722202290761,3.426310064629375,4.390827186054716,3.8635471998565616,5153.846153846154,0.00029255825188291914,1209.0798511723356,0.031,0.32978723404255317,0-0-928-4,@,UT_003,intvr,1,fave,119.08968957812523,44.133649048426705,4,imagine,0,0.07006799999999203,you,"",JH,N,JH,N,internal
428.46118815176067,1612.6300867109162,2311.212269468907,2.7291714687859763,4.111788329031362,4.36820872056804,4974.358974358975,0.00007603907437387432,1210.6568071723354,0.025,0.33783783783783783,0-0-934-0,@,UT_003,intvr,1,fave,100.02887160512778,41.46489513538721,4,a,0,0.0500489999999445,like,full,#,#,K,F,coextensive
484.88039463840414,1210.71389304548,2482.946481181486,2.9855800319376997,4.690079827233028,4.391165012500559,5512.820512820513,0.0023466868581800727,1275.9464754965986,0.037,0.32456140350877194,0-0-982-2,@,UT_003,intvr,1,fave,93.9350181666396,43.390413538072316,4,awesome,0,0.08996600000000399,"","",S,M,S,M,internal
502.28122929569344,1103.7984897166648,2267.933196121577,2.778691292374697,4.025819925107913,4.199021764426407,5153.846153846154,0.0014495302667784852,1280.4254578344674,0.055,0.3353658536585366,0-0-997-0,@,UT_003,intvr,1,fave,94.04104259602191,44.338641468566486,4,of,0,0.1400149999999485,some,"",#,V,M,V,initial
444.1363128606142,1521.324833028483,2448.6159535911797,2.5074900987978883,3.3750136393626726,4.040561890916141,5153.846153846154,0.000010507658057951653,1291.6343405034015,0.025,0.33783783783783783,0-0-1030-3,@,UT_003,intvr,1,fave,115.60863927238769,48.0210435989301,4,gonna,0,0.0500489999999445,is,be,N,#,N,B,final
496.21563271478783,1273.9472436439821,2295.0496244151295,2.9207547082563963,3.7602141518828356,3.9810505232590865,5153.846153846154,0.00005154176731153487,1293.6553661723356,0.027000000000000003,0.32142857142857145,0-0-1034-0,@,UT_003,intvr,1,fave,NaN,38.35724159316088,4,a,0,0.06005800000002637,"",series,#,#,"",S,coextensive
471.65750886849344,1351.76411917518,2620.2353416480587,3.188845672552114,3.5392698359612464,4.184169342582016,5333.333333333333,0.0016672808524377642,1294.4593858276644,0.035,0.3365384615384616,0-0-1037-7,@,UT_003,intvr,1,fave,455.9637294569325,30.289959495415413,4,sentences,0,0.07995600000003833,of,"",S,Z,S,Z,internal
734.5499615676371,1402.4987863164304,2809.614121915883,3.8015725526817428,4.04890770040342,4.35365300616895,5512.820512820513,0.005946972527530124,1295.2293938344671,0.095,0.33450704225352107,0-0-1039-0,@,UT_003,intvr,1,fave,89.37970234967874,34.79206775840574,4,and,0,0.26000900000008187,"",these,#,N,"",N,initial
449.0376781498532,1534.3100888777938,2650.4518119181066,2.171764125404745,4.047370091413465,3.5500242385742826,5153.846153846154,0.0008667908332976935,1298.4493824965987,0.035,0.3365384615384616,0-0-1050-0,@,UT_003,intvr,1,fave,92.56457380360348,40.810590727976,4,a,0,0.07995600000003833,at,nice,#,#,T,N,coextensive
421.9371210354324,1541.3301358111464,2941.006686872608,3.3137701988338613,3.5397110707051476,4.874263222534517,6589.74358974359,0.00015832702296107834,1299.2543411723354,0.025,0.33783783783783783,0-0-1052-6,@,UT_003,intvr,1,fave,96.06172804311709,40.849966180932235,4,comfortable,0,0.0500489999999445,nice,"",T,B,T,B,internal
506.64395471852083,1562.817792694354,2416.9003675586673,2.7225759551028683,3.799634380337473,3.705144396328349,4794.871794871795,0.0015903454031492106,1302.6227038344673,0.095,0.33450704225352107,0-0-1061-3,@,UT_003,intvr,1,fave,140.15570603190986,45.93913728977382,4,quiet,0,0.26000999999996566,too,"",ay,T,ay,T,internal
400.6139944376656,1421.0353823393543,1638.6703594385167,2.2638301752277865,4.111460884923482,3.885955950781588,4794.871794871795,0.00043199735185516023,1304.3106578276643,0.031,0.32978723404255317,0-0-1065-6,@,UT_003,intvr,1,fave,398.1492095590082,45.783360240537434,4,comfortable,0,0.0699459999998453,"","",T,B,T,B,internal
439.1133497831581,1479.6503940956634,2266.277700373872,2.4045329943992866,3.9931546461429566,3.722254250547742,4794.871794871795,0.0009363601577244264,1309.7926378276645,0.035,0.33653846153846156,0-0-1084-3,@,UT_003,intvr,1,fave,96.467085755603,46.418360992803215,4,could've,0,0.07995599999981096,"",done,D,V,D,V,internal
493.6342452532072,1916.3146523456467,2501.088233740611,2.642565792644365,3.885086656853907,4.118046593229579,5153.846153846154,0.0009447833704605892,1314.7644701655329,0.047,0.3263888888888889,0-0-1101-3,@,UT_003,intvr,1,fave,111.8565612303081,44.67261603123852,4,second,0,0.11999500000001717,a,"",K,N,K,N,internal
555.598950558008,1507.7742196632569,2453.5730951965734,3.1507108276120945,3.6381256456434667,4.3962346340193585,5153.846153846154,0.0012379938211242378,1315.1484784965987,0.035,0.3365384615384616,0-0-1103-0,@,UT_003,intvr,1,fave,NaN,33.46498055167144,4,and,0,0.07995600000003833,"","",#,N,"",N,initial
630.5191547823368,1229.8948687138493,2537.7824545862463,3.1694304175238988,4.233587725438643,4.096462857434009,4974.358974358975,0.008096257311127685,1322.8643494965986,0.08099999999999999,0.3319672131147541,0-0-1121-0,@,UT_003,intvr,1,fave,103.10188144345165,43.4681226879463,4,and,0,0.21997099999998682,"",i,#,N,"",N,initial
581.7615632617589,935.8921021346134,2367.9650843983013,3.1489151471649266,3.4614737925946533,3.953151808757636,5333.333333333333,0.0003024555140596384,14.868746165532881,0.037,0.32456140350877194,0-0-44-1,o,UT_003,intvr,1,fave,111.91841501265314,42.44057079955975,4,followed,1,0.09000099999999911,"","",F,L,F,L,internal
487.1451178557521,887.4499299311008,2344.6474222848315,3.6974965453664117,4.173218164261451,4.021164683143835,5333.333333333333,0.0003544532021355262,33.75594616553288,0.027000000000000003,0.32142857142857145,0-0-87-0,o,UT_003,intvr,1,fave,96.44617582524938,41.01749939323899,4,on,1,0.06000099999999975,depending,how,#,N,NG,N,initial
684.7302928568321,1119.588232668642,2280.344259953203,3.4448672699717586,3.738045342839659,3.9158438453629527,5512.820512820513,0.0007780406876843101,54.26185283446713,0.04100000000000001,0.3306451612903227,0-0-140-1,o,UT_003,intvr,1,fave,99.48519669461935,41.05226466148904,4,talking,1,0.09999899999999684,we're,to,T,K,T,K,internal
551.9105098409574,930.1108978213831,2678.627837117459,3.0713687834701418,3.3780105291376,4.047285466067497,4794.871794871795,0.0002505164505407526,104.49385583446711,0.027000000000000003,0.32142857142857145,0-0-212-0,o,UT_003,intvr,1,fave,105.86704003384922,42.32617455993245,4,all,1,0.05999699999999564,you,lived,#,L,uw,L,initial
507.5377023593165,912.3114608914979,2147.2433102422574,3.709526849229039,3.4791274126132428,4.363916467578602,4256.410256410256,0.004909250178229031,321.3024558344671,0.051000000000000004,0.3311688311688312,0-0-329-0,o,UT_003,intvr,1,fave,163.3532319268335,40.07031195885623,4,awesome,1,0.13000499999998283,"","",#,S,"",S,initial
581.7042043671935,958.4260555947025,2110.11217549114,3.5781855678479264,3.6924363050042457,4.1125782145685355,4435.897435897436,0.004048322755968449,324.30945016553284,0.065,0.33505154639175255,0-0-334-0,o,UT_003,intvr,1,fave,NaN,32.173959871624625,4,awesome,1,0.169983000000002,"","",#,S,"",S,initial
636.5373384777818,808.0342766559525,2056.9096868054767,3.440592061952384,3.9561160581832593,4.554809160932415,4076.923076923077,0.0027608942268023675,328.6044471655329,0.035,0.33653846153846156,0-0-346-0,o,UT_003,intvr,1,fave,93.51571178955643,38.603882700047386,4,on,1,0.0799870000000169,up,that,#,N,P,N,initial
600.8396091630359,1106.1661401290685,1891.7213714092577,3.31657631621344,3.901082467028341,3.9596226089226287,4615.384615384615,0.0007707315319295852,330.5054411655329,0.037000000000000005,0.324561403508772,0-0-354-1,o,UT_003,intvr,1,fave,124.3432344195363,44.84682188599813,4,talked,1,0.08999699999998256,"",about,T,K,T,K,internal
591.3900213930278,1004.7904396986418,2203.8252082992626,3.758040470668836,3.3732981450035613,4.24854896892452,4435.897435897436,0.013234138758135915,379.1425521655329,0.047,0.3263888888888889,0-0-386-0,o,UT_003,intvr,1,fave,155.08004932683684,41.162480908008526,4,awesome,1,0.11999500000001717,"","",#,S,"",S,initial
556.7744519136596,1211.4705497484658,2475.0616978488492,2.894960956056475,4.116006919233482,4.070207125463637,4974.358974358975,0.000694991388097367,390.52654750340133,0.035,0.3365384615384616,0-0-402-3,o,UT_003,intvr,1,fave,92.44698360192352,47.117648736892086,4,utah,2,0.080016999999998,in,your,T,#,T,Y,final
640.0452107563843,1201.5041455553792,2398.1362119758387,3.056122689060606,3.7247336854605138,4.227778023963756,4974.358974358975,0.00033053418641005043,395.02754183446706,0.037,0.32456140350877194,0-0-418-3,o,UT_003,intvr,1,fave,106.62536849090203,37.47970664895061,4,utah,2,0.08999600000004193,in,"",T,#,T,"",final
479.2472924504008,893.5578620482587,2184.1564004371685,3.6563538502607202,3.3931963556883957,3.710762399434615,5153.846153846154,0.000027289214732307635,460.7030481655329,0.027000000000000003,0.32142857142857145,0-0-455-0,o,UT_003,intvr,1,fave,117.83770611510384,43.83716244828387,4,on,1,0.05999700000000985,go,vacation,#,N,owF,N,initial
606.7459951572708,975.89494001911,2579.843861722185,3.6422772426950987,3.517685689612694,4.362447021721099,5333.333333333333,0.011083597537687088,586.2101761655329,0.065,0.33505154639175255,0-0-549-1,o,UT_003,intvr,1,fave,139.49261278478673,49.988682660140654,4,hobby,1,0.169983000000002,a,or,HH,B,HH,B,internal
632.9696468784413,1296.310917730792,2133.0230336112336,3.171483119022444,3.679505565416315,4.364367391394054,4435.897435897436,0.003923132248185611,617.1213338344672,0.051000000000000004,0.3311688311688312,0-0-588-1,o,UT_003,intvr,1,fave,-13029500.275106793,38.43656690806585,4,genres,1,0.13000499999998283,or,"",ZH,N,ZH,N,internal
588.9913211553895,962.9895300042645,1831.1737585518636,2.9956924647490752,3.9877511820784703,4.093036956674758,3897.4358974358975,0.0007116677292910444,702.7809368344671,0.035,0.33653846153846156,0-0-658-0,o,UT_003,intvr,1,fave,110.38564227375251,56.10101602477675,4,all,1,0.080016999999998,"",of,#,L,"",L,initial
531.3202158693331,1058.0925055213354,2241.602861671253,3.1098164525573644,3.958658445306847,3.9196729077269543,4256.410256410256,0.0002515517370505674,824.6927688344672,0.027000000000000003,0.32142857142857145,0-0-774-1,o,UT_003,intvr,1,fave,131.7513753566835,54.27535438258003,4,not,1,0.05999799999995048,"",enough,N,T,N,T,internal
569.1576510610689,787.9545317741728,2061.2435713552823,3.2534426538412395,2.8413193129136816,4.189206104596984,4076.923076923077,0.0019743108372681072,1089.5215971655327,0.051000000000000004,0.3311688311688312,0-0-908-1,o,UT_003,intvr,1,fave,116.0699098157147,48.69700825301597,4,palmistry,1,0.13000399999987167,"",or,P,M,P,M,internal
608.760941637461,1079.039499185995,2525.7631155590393,3.4071906787976554,3.3061020586861836,4.110159328121581,5333.333333333333,0.0038433132430765672,1211.29687115873,0.10500000000000001,0.3343949044585987,0-0-937-1,o,UT_003,intvr,1,fave,268.0916253404299,38.536207215087835,4,job,1,0.2899170000000595,time,or,JH,B,JH,B,internal
580.3785405200624,1108.8125670022212,2175.412861425214,2.742007754429803,3.798584142958157,4.310953250859799,5153.846153846154,0.000055204078749296725,1216.3168355034015,0.025,0.33783783783783783,0-0-956-0,o,UT_003,intvr,1,fave,89.45614816091965,43.31538403047128,4,on,1,0.0500489999999445,work,the,#,N,K,N,initial
608.6022216427476,1230.960266148993,2266.15013899728,2.7959966982578193,3.6631245406307884,3.9447930276421124,5153.846153846154,0.0009857618393562697,1261.0554628344673,0.055,0.3353658536585366,0-0-970-1,o,UT_003,intvr,1,fave,222.85287614711015,40.50561171182253,4,jobs,1,0.1400149999999485,those,are,JH,B,JH,B,internal
561.0778011040184,996.1764959037708,2109.2973441022177,3.70287034542209,3.650239787249735,4.430184846967259,4256.410256410256,0.007968531998936153,1275.6564388344673,0.057,0.32758620689655177,0-0-982-0,o,UT_003,intvr,1,fave,142.5970763845848,40.02211009105119,4,awesome,1,0.15002400000003036,"","",#,S,"",S,initial
511.857037044706,1430.847203515323,2362.6881516538697,3.3091139309688513,3.9888444360368136,3.950876526272442,4615.384615384615,0.000018582033553344598,1291.5143455034015,0.025,0.33783783783783783,0-0-1030-1,o,UT_003,intvr,1,fave,118.96032626572848,45.378340881148496,4,gonna,1,0.0500489999999445,is,be,G,N,G,N,internal
583.5342236824376,1230.7667889649802,2459.309241862694,3.4467137847112035,3.8636288438329283,4.578988636774814,5333.333333333333,0.001753308565826099,1301.1876584965987,0.045,0.3358208955223881,0-0-1056-1,o,UT_003,intvr,1,fave,213.2574957287981,39.64852204823612,4,not,1,0.10998500000005151,"",too,N,T,N,T,internal
628.3343836597838,1410.1106939044214,2465.956856091133,3.424850981119624,3.9312640531633076,4.439257100449346,4974.358974358975,0.0024501076983822244,1302.01364284127,0.037000000000000005,0.324561403508772,0-0-1059-1,o,UT_003,intvr,1,fave,NaN,40.04183600197732,4,not,1,0.09008799999992334,loud,too,N,T,N,T,internal
669.069001683671,1151.8772714399863,2555.888272642511,3.3869699503271993,3.499919206794388,4.2456131511669195,5153.846153846154,0.0014101806022694605,1313.200679834467,0.051000000000000004,0.3311688311688312,0-0-1097-2,o,UT_003,intvr,1,fave,135.11892954685558,44.285349314801046,4,stop,1,0.13000499999998283,and,"",T,P,T,P,internal
547.6275851390826,1237.81968047369,2536.1451534185762,3.555773511867154,3.6885447341097874,4.033313634802921,5512.820512820513,0.0014558865148084567,15.79174716553288,0.083,0.4278350515463918,0-0-48-1,ay,UT_003,intvr,1,fave,93.80831063621476,37.16420290713895,4,by,1,0.16999999999999993,"",a,B,#,B,eyF,final
651.9432915574997,1360.969163106135,2449.325297056355,4.008637420311426,4.046937429303769,4.259809088822028,5692.3076923076915,0.010125663629966433,29.886947165532877,0.069,0.3965517241379311,0-0-74-3,ay,UT_003,intvr,1,fave,146.61760483705152,44.21269637082162,4,designed,1,0.1499990000000011,"",to,Z,N,Z,N,internal
644.9627651831792,1462.5982559213658,2697.200200116913,3.6060995003739262,4.226904775021711,4.36153614333583,5512.820512820513,0.009119015425477082,267.2767551655329,0.11099999999999999,0.49553571428571425,0-0-317-1,ay,UT_003,intvr,1,fave,110.60185399084918,36.23922505942476,4,time,1,0.19998200000003408,a,"",T,M,T,M,internal
749.2374902282901,1835.066220304938,2713.4931132487745,4.258321883631465,4.066439897672784,4.449089432535872,6230.7692307692305,0.009344862405573306,385.0035458344671,0.169,0.8711340206185567,0-0-394-2,ay,UT_003,intvr,1,fave,NaN,32.82039925036271,4,dry,1,0.1700129999999831,little,"",R,#,R,"",final
799.6569125810663,1676.7164432788102,2843.4755567222683,4.107494184173391,4.521724473702113,4.608871528951535,6230.7692307692305,0.025542497755031354,396.00856383446717,0.07900000000000001,0.32377049180327877,0-0-421-1,ay,UT_003,intvr,1,fave,NaN,37.10202479835857,4,why,1,0.22000099999996792,and,"",W,#,W,"",final
625.216130776668,1569.1505935887992,2719.1357501110692,3.647412481661308,4.168491816375102,4.304690612102837,5512.820512820513,0.003095035805013272,536.4760375034014,0.07899999999999999,0.6370967741935483,0-0-494-1,ay,UT_003,intvr,1,fave,NaN,32.08711345520462,4,times,1,0.10003700000004301,few,"",T,M,T,M,internal
704.9126058979017,1416.673731363156,2410.483794747506,3.0426537436720706,3.6889720406966555,3.8416956615217406,5333.333333333333,0.003108283493631636,579.3494481655329,0.11099999999999999,0.5441176470588235,0-0-536-3,ay,UT_003,intvr,1,fave,434.25019540017587,42.70553338303714,4,revise,1,0.17999299999996765,could,the,V,Z,V,Z,internal
772.6316399033838,1503.1621329267268,2777.4914324955203,3.5687421735447358,3.754265468710868,4.238766694226502,5692.3076923076915,0.0028069503880248457,677.2979368344671,0.069,0.4207317073170732,0-0-604-0,ay,UT_003,intvr,1,fave,1204.3318878494897,37.49695700133829,4,i,1,0.140013999999951,"",know,#,#,"",N,coextensive
619.8440635322366,1539.2245099083732,2532.698766566802,2.896262917308659,3.8651575805311813,4.326166708549777,4974.358974358975,0.0012131783787305386,696.1759551655329,0.025,0.20161290322580647,0-0-639-0,ay,UT_003,intvr,1,fave,101.45909132820545,41.775320116835594,4,i,1,0.09997599999996964,"",can't,#,#,"",K,coextensive
680.7276188572546,1508.87360093814,3159.9373831997736,3.848555132441561,4.247261340794034,4.484448967091056,7307.692307692308,0.004829849767911471,794.6581261655328,0.11299999999999999,0.5539215686274509,0-0-711-2,ay,UT_003,intvr,1,fave,107.35261591260603,46.72802602759149,4,fly,1,0.17999300000008134,always,with,L,#,L,W,final
587.3500119365036,1448.9284774966136,2482.785518376693,3.5129287956731328,3.7053631281238464,4.034038039827448,5333.333333333333,0.0002451914437490145,806.894161834467,0.025,0.26595744680851063,0-0-720-0,ay,UT_003,intvr,1,fave,96.55377661371296,39.019731578318265,4,i,1,0.07000700000003235,sense,know,#,#,S,N,coextensive
738.4289560179,1510.955435539366,2479.202276096822,3.80416312066855,4.183985025001198,4.241162903678893,5153.846153846154,0.0013141608496540212,807.5671448344671,0.031,0.32978723404255317,0-0-723-0,ay,UT_003,intvr,1,fave,NaN,33.615285801596386,4,i,1,0.07000700000003235,"",know,#,#,"",N,coextensive
700.1317301049507,1228.8934214521628,2390.129086877142,2.9846270912090844,3.658451408320823,4.086218178805297,4794.871794871795,0.0012518142661484856,807.8051361723356,0.047,0.3507462686567165,0-0-725-0,ay,UT_003,intvr,1,fave,89.94206457056795,39.76867073256911,4,i've,1,0.11004600000001119,know,tried,#,V,owF,V,initial
702.8524946797285,1481.7119695625727,2552.879395207465,3.144914688015392,3.69276819265605,4.136595583119215,5692.3076923076915,0.0018965941661223027,808.1441561655328,0.025,0.17361111111111113,0-0-726-2,ay,UT_003,intvr,1,fave,84.06175765010735,37.17360652896651,4,tried,1,0.11999500000001717,i've,and,R,D,R,D,internal
728.666332525721,1293.8194658757025,2301.8787023114546,3.392871269847929,4.0892395200168155,3.992420625649915,5333.333333333333,0.009000266270280435,813.5923491655329,0.151,0.3932291666666666,0-0-740-2,ay,UT_003,intvr,1,fave,339.5817283996475,34.24988535034326,4,dry,1,0.3599849999999378,overly,"",R,#,R,"",final
723.422843906912,1686.773401361871,3141.8186788025396,3.3970523802887116,4.184048718433505,4.256227745326556,6589.74358974359,0.0029978535231159928,815.6847384965987,0.051000000000000004,0.38059701492537323,0-0-748-0,ay,UT_003,intvr,1,fave,89.68840033869087,46.05676272985454,4,i,1,0.10998500000005151,how,would,#,#,aw,W,coextensive
689.6141692704093,1353.509269241928,2567.648124248042,2.999737596649078,3.880555513022801,4.006663141003527,5512.820512820513,0.001051157000174207,886.1440571655328,0.053000000000000005,0.3955223880597016,0-0-837-1,ay,UT_003,intvr,1,fave,81.67804805132522,37.977661902302074,4,side,1,0.10998500000005151,a,business,S,D,S,D,internal
627.3353069889936,1444.7614101289332,2614.1167293893477,3.4959373017140605,3.942617916419568,4.561545405751423,5692.3076923076915,0.0003050816720540836,1210.9838468276644,0.039,0.4148936170212766,0-0-936-1,ay,UT_003,intvr,1,fave,99.20791576411598,38.136510531837175,4,time,1,0.06994699999995646,full,job,T,M,T,M,internal
656.0557089859958,1430.3330279400752,2436.979313489522,2.9718279724655594,3.3754228630868397,4.508670894433157,5333.333333333333,0.00007368349613817692,1260.6504591723353,0.025,0.2976190476190476,0-0-968-4,ay,UT_003,intvr,1,fave,96.05828813161393,40.37726395168214,4,sometimes,2,0.06005900000013753,because,those,T,M,T,M,internal
732.7159735182834,1238.2834646920082,2373.5896029092028,2.6007277316638326,3.5385188519382833,4.2256550935179416,5333.333333333333,0.0008444067034538026,1302.4816955034014,0.093,0.5670731707317074,0-0-1061-2,ay,UT_003,intvr,1,fave,143.4526840397507,49.40728453557195,4,quiet,1,0.1400140000000647,too,"",W,@,W,@,internal
553.2170474215853,1294.9556605894538,2177.69377496937,3.345308526197137,4.031493849048094,3.97942292050939,5333.333333333333,0.00015373625142962483,1323.2283588276644,0.029,0.30851063829787234,0-0-1122-0,ay,UT_003,intvr,1,fave,97.5152525978313,46.292914592399825,4,i,1,0.0699459999998453,and,made,#,#,D,M,coextensive
717.2135593317726,1338.4589771837773,2215.6706863295544,3.185135785370422,4.114314902598863,4.088054155022824,4435.897435897436,0.00035963768986145973,1372.1826898276643,0.059000000000000004,0.6276595744680852,0-0-1168-1,ay,UT_003,intvr,1,fave,NaN,48.86128519731251,4,fine,1,0.06994600000007267,that's,"",F,N,F,N,internal
293.33523651451696,2007.5092612529209,3353.1237357434597,2.5616355535058624,3.465073109592404,4.496976737692873,7307.692307692308,0.0005962307891753323,18.85274716553288,0.045,0.3358208955223881,0-0-59-1,iy,UT_003,intvr,1,fave,100.91366578433733,43.61178932452353,4,reading,1,0.11000100000000046,be,"",R,D,R,D,internal
332.1801941805336,2263.3057181991453,3241.0388359368444,2.671736044559954,4.014067239948762,4.144252263688698,7128.205128205128,0.0003501445871291052,66.89154716553287,0.027000000000000003,0.32142857142857145,0-0-161-1,iy,UT_003,intvr,1,fave,108.1591194540513,41.895142224775775,4,female,1,0.05999800000000732,"","",F,M,F,M,internal
397.4943410165172,2329.3534468236467,3619.745012167304,3.567586539105835,3.9601610442876143,4.260846472567131,7128.205128205128,0.00012979962375882532,107.08384616553288,0.027000000000000003,0.32142857142857145,0-0-224-0,iy,UT_003,intvr,1,fave,83.79244448356339,37.02035698477215,4,each,1,0.05999699999999564,in,place,#,CH,N,CH,initial
350.1324804936488,2294.8844767039805,3752.315248113973,3.0328126565466187,3.8122977580795814,4.004779166412321,7666.666666666666,0.000041921024841075114,128.48274683446715,0.027000000000000003,0.32142857142857145,0-0-233-2,iy,UT_003,intvr,1,fave,187.8307305059192,42.76732751223218,4,speak,1,0.060012999999997874,you,"",P,K,P,K,internal
323.9214283406932,1955.4206161430234,2774.128881770563,3.6188298247891066,2.966837543183082,4.711214821451426,6589.74358974359,0.0001660392619161591,579.1074418344672,0.027000000000000003,0.32142857142857145,0-0-536-1,iy,UT_003,intvr,1,fave,112.19951486507834,46.53739343271262,4,revise,0,0.05999799999995048,could,the,R,V,R,V,internal
419.61171753493,1906.8062691936775,2580.0245784193457,3.7040915255961164,4.375308297699626,4.385979686305593,5871.794871794871,0.006657550985272742,616.7513388344672,0.051000000000000004,0.3311688311688312,0-0-586-3,iy,UT_003,intvr,1,fave,169.15477126774874,34.30572147314508,4,series,0,0.13000499999998283,the,or,R,Z,R,Z,internal
400.6487069085781,1890.326928038595,3173.3936717290476,3.4947927455099403,4.075052375066905,4.925523340297648,6948.717948717948,0.0022352469472986473,634.3559488344671,0.035,0.3365384615384616,0-0-595-3,iy,UT_003,intvr,1,fave,204.63505780420553,43.41388377616408,4,series,0,0.080016999999998,favorite,"",R,Z,R,Z,internal
398.49464983781,2014.1674843264302,3066.1823557191387,3.7133117370424773,3.645386114206947,4.686296588245056,6769.2307692307695,0.0037125470067883477,679.4739345034014,0.061000000000000006,0.3315217391304348,0-0-613-3,iy,UT_003,intvr,1,fave,368.42090876197216,33.08064474464628,4,series,0,0.160033999999996,that,"",R,Z,R,Z,internal
337.4809714900227,1930.4306222481712,3094.0199334733943,3.3667901221326284,3.6981660868419004,4.175767717188402,7846.153846153846,0.0006677923130976591,709.8904454965987,0.037,0.32456140350877194,0-0-671-3,iy,UT_003,intvr,1,fave,124.12900707562251,49.67844473529607,4,series,0,0.08996600000000399,"",that,R,Z,R,Z,internal
475.32522331123204,2531.8291897909953,3070.978712354056,3.4740798164449083,3.6555232768727626,4.435667402435508,7666.666666666666,0.0016909505137502755,823.4897278344672,0.08099999999999999,0.3319672131147541,0-0-770-1,iy,UT_003,intvr,1,fave,190.37779264803945,51.3284957439631,4,detail,1,0.22003099999994902,"","",D,T,D,T,internal
327.69790466066473,2476.040084955953,3428.6509239969896,4.3095765946474875,3.4914009308550136,4.484522009290458,6769.2307692307695,0.07152513020599095,824.9567618276644,0.035,0.33653846153846156,0-0-775-0,iy,UT_003,intvr,1,fave,237.011272122692,49.336738706450895,4,enough,0,0.07995600000003833,not,of,#,N,T,N,initial
350.8538933010508,1933.7429316921903,3726.912340993951,3.5177724735391545,3.916051811879739,4.883983584848491,7666.666666666666,0.0012507881724367227,841.5438588276644,0.035,0.33653846153846156,0-0-789-3,iy,UT_003,intvr,1,fave,107.08869523320408,45.713814847402624,4,series,0,0.07995600000003833,a,that,R,Z,R,Z,internal
333.05171280913197,2486.731500426716,3005.3134879623303,3.2832900235455384,3.542408000691585,4.663795678387727,7307.692307692308,0.0004250424982363413,889.5230598276645,0.031,0.32978723404255317,0-0-848-1,iy,UT_003,intvr,1,fave,116.72282543165495,44.009731497581576,4,medium,1,0.06994699999995646,psychic,"",M,D,M,D,internal
363.92163118664735,2198.3953439170136,2737.354806944767,2.986404384632567,3.7775910862605153,3.5828726427601962,5692.3076923076915,0.0001878472374306389,889.641066165533,0.027000000000000003,0.32142857142857145,0-0-848-3,iy,UT_003,intvr,1,fave,NaN,37.77213194812801,4,medium,0,0.05999799999995048,psychic,"",D,@,D,@,internal
720.9547370129825,2370.345862407916,3361.3194329431367,4.315153616778847,4.343387720440626,4.777583266643769,6948.717948717948,0.001642337415162942,898.9960528344672,0.027000000000000003,0.32142857142857145,0-0-879-1,iy,UT_003,intvr,1,fave,283.50297653600666,48.39033112546645,4,being,1,0.059996999999953005,"",a,B,i,B,i,internal
322.31733667312614,1976.1599178995602,2958.6924463993905,1.9933036166183102,3.5667668034542084,3.954495386213567,6769.2307692307695,0.0002547487264248008,1087.2246744965985,0.037000000000000005,0.324561403508772,0-0-900-1,iy,UT_003,intvr,1,fave,152.41046780041015,48.27460355947028,4,readings,1,0.0899650000001202,tarot,or,R,D,R,D,internal
303.1250786017938,2188.7311131368133,2795.293320494394,2.761287394717448,3.8450354280873786,3.8149939279836094,6589.74358974359,0.00033628158355617757,1292.2103654897958,0.057,0.3275862068965517,0-0-1032-1,iy,UT_003,intvr,1,fave,102.8253989976688,44.15477179478331,4,reading,1,0.149902000000111,be,"",R,D,R,D,internal
407.40477746242703,2013.0378504015193,2593.471294845135,3.397404887951478,3.652874900563492,3.8102730533525104,5333.333333333333,0.00011942444201954622,1295.6953768276642,0.027000000000000003,0.32142857142857145,0-0-1040-1,iy,UT_003,intvr,1,fave,90.9297318611943,38.39130729724888,4,these,1,0.059936000000107015,and,sentences,DH,Z,DH,Z,internal
370.6351482831506,1914.8456676337487,2559.6868421711843,2.596717230125103,3.9260436055681263,4.31278561238312,5692.3076923076915,0.0003089057367818952,1298.1353461723356,0.027000000000000003,0.32142857142857145,0-0-1047-1,iy,UT_003,intvr,1,fave,97.12751086233821,43.24113407686723,4,read,1,0.060058999999910156,to,it,R,D,R,D,internal
371.24411702575094,2226.7195023646577,2676.728331825687,3.790956340049185,3.93931803362023,4.17109524743073,6410.25641025641,0.002223006809954774,1321.5913438276643,0.035,0.33653846153846156,0-0-1119-1,iy,UT_003,intvr,1,fave,220.64062787847703,46.716427061108696,4,sheets,1,0.07995600000003833,two,"",SH,T,SH,T,internal
380.74169010326165,2139.4308180133903,2780.6097144554465,2.9983916223777567,3.244263811590282,4.221304012832346,6410.25641025641,0.0009562352427876554,1373.3536274965984,0.04100000000000001,0.3306451612903227,0-0-1172-1,iy,UT_003,intvr,1,fave,166.69613237771554,47.325308178146386,4,read,1,0.09997500000008586,"",it,R,D,R,D,internal
466.94440857674766,1638.0498139218828,2473.058607223671,3.816285882980563,3.8415251446002023,4.0057943558904645,5512.820512820513,0.0026907571178350037,26.40294716553288,0.061000000000000006,0.3315217391304348,0-0-69-1,e,UT_003,intvr,1,fave,122.12669799996314,44.97886051626175,4,then,1,0.16000000000000014,and,"",DH,N,DH,N,internal
469.7752741436998,1895.707871636682,2621.3462949157706,3.147019441649284,3.6340008405739272,3.886964577995643,5512.820512820513,0.00017822682112315772,38.75594616553288,0.027000000000000003,0.32142857142857145,0-0-98-0,e,UT_003,intvr,1,fave,-115.08521078305925,35.31896484270531,4,any,1,0.06000099999999975,"",questions,#,N,"",N,initial
604.7329207083294,1386.5399683111705,2325.3442850382016,3.1625557018639934,3.113847853954334,3.7131681474854963,5692.3076923076915,0.000021427859249338696,48.46385183446712,0.025,0.33783783783783783,0-0-123-2,e,UT_003,intvr,1,fave,87.6214669733423,35.499594584404655,4,questions,1,0.05000000000000426,"","",W,S,W,S,internal
459.91507838504356,2061.3486707600064,2817.7006523484997,3.0675027596964783,4.282788426068558,3.845338444134552,5871.794871794871,0.000051404642908390754,65.05485183446712,0.025,0.33783783783783783,0-0-159-1,e,UT_003,intvr,1,fave,137.46124165655525,41.10393979946791,4,gender,1,0.050003000000003794,your,"",JH,N,JH,N,internal
434.9360172742602,1266.361037181532,2447.9070030732864,2.573570479967319,4.042112040509069,3.750430458133522,4794.871794871795,0.0011292117791111551,72.05355116553287,0.031,0.32978723404255317,0-0-167-1,e,UT_003,intvr,1,fave,159.03128767043486,45.70929246486904,4,where,1,0.06999900000000991,where,did,W,R,W,R,internal
543.7048525122136,1640.609234609057,2510.0375155086717,3.2458724547055344,3.6526525813016057,4.479942212200646,4974.358974358975,0.00044751098899008365,102.35585583446712,0.031,0.32978723404255317,0-0-205-1,e,UT_003,intvr,1,fave,95.07268868117396,40.38991501425025,4,next,1,0.07000000000000739,the,question,N,K,N,K,internal
377.60954813968505,1330.661344508601,2027.1256113342997,2.7559510475505276,3.860342039637474,3.898052127180782,5512.820512820513,0.000022259798246449374,103.75384983446712,0.027000000000000003,0.32142857142857145,0-0-209-2,e,UT_003,intvr,1,fave,128.1208696540594,51.16607546724286,4,where,1,0.06000499999998965,is,have,W,R,W,R,internal
486.0282998234529,1461.6496524287832,2494.792541699137,2.9353969008039895,3.7394332458510493,3.995064879163873,5692.3076923076915,0.0007196564895596377,269.01675983446717,0.031,0.32978723404255317,0-0-324-1,e,UT_003,intvr,1,fave,NaN,36.54778226003261,4,better,1,0.0700069999999755,"",than,B,T,B,T,internal
569.6650597926572,1409.868825464468,2332.0732701783463,2.9065109154571087,3.6852818675635164,3.800138030455486,5512.820512820513,0.000044530080294152785,269.7437465034014,0.025,0.33783783783783783,0-0-327-4,e,UT_003,intvr,1,fave,NaN,30.159775755762706,4,expected,1,0.05001799999996592,you,"",P,K,P,K,internal
516.2160491617716,1384.1523082858546,2587.584797290371,2.5332545120643495,3.8932477082580883,4.030592569083585,5692.3076923076915,0.0006464452227052645,337.73545783446707,0.037000000000000005,0.324561403508772,0-0-379-1,e,UT_003,intvr,1,fave,471.09287241252775,41.12481632102977,4,set,1,0.08999699999998256,"",up,S,T,S,T,internal
398.0652686327767,1383.9386798221071,2497.6625118128604,1.8957057750094617,4.09612002721947,4.125610307453167,5692.3076923076915,0.0007335412819123225,490.89824916553283,0.040999999999999995,0.33064516129032256,0-0-466-1,e,UT_003,intvr,1,fave,135.87554304002867,51.976927408484016,4,there,1,0.10000700000000506,"",things,DH,R,DH,R,internal
551.1548496811793,1446.6581595288728,2694.328036763182,2.864584612828347,3.8414771687362816,3.7527143229386803,5692.3076923076915,0.0004481817300920752,589.575125834467,0.035,0.3365384615384616,0-0-559-4,e,UT_003,intvr,1,fave,174.91346169820824,48.99900848526848,4,whatever,1,0.080016999999998,or,"",T,V,T,V,internal
512.7462189324677,1451.6073332406077,2670.898173991128,2.616877618606779,3.8340180064828093,3.9648865920835243,5692.3076923076915,0.0008413476570135872,700.840933834467,0.035,0.3365384615384616,0-0-651-0,e,UT_003,intvr,1,fave,491.94208849411433,39.48542953579248,4,as,1,0.080016999999998,"",you,#,Z,"",Z,initial
498.4963767085085,1449.502460533499,2568.7645130212704,2.5660105249678384,3.8617545278274035,4.204856358926475,5512.820512820513,0.0002500074354517869,701.710928834467,0.035,0.33653846153846156,0-0-656-1,e,UT_003,intvr,1,fave,83.50093665590755,41.931029057851426,4,read,1,0.080016999999998,wife's,"",R,D,R,D,internal
562.8216741196884,1468.139315992449,2450.1531326113454,2.4401995886074332,3.5530596597252693,4.149474966674372,5512.820512820513,0.00005280917375899398,703.6869651655329,0.027000000000000003,0.32142857142857145,0-0-663-3,e,UT_003,intvr,1,fave,580.6929874493485,44.56377151200463,4,obsessed,1,0.059996999999953005,is,with,S,S,S,S,internal
587.327057889767,1250.3040707420096,2707.680537328631,3.015160963660578,3.992751611924744,3.8811355550081825,5692.3076923076915,0.00022209641918007747,704.048955834467,0.031,0.32978723404255317,0-0-665-1,e,UT_003,intvr,1,fave,94.06805588392643,47.12561690510415,4,them,1,0.07000700000003235,with,"",DH,M,DH,M,internal
556.9306084534588,1795.26078255993,2662.005363700788,2.777982901455567,3.6452584418654355,4.220858693795316,6230.7692307692305,0.00033297404648501456,708.4874328344671,0.031,0.32978723404255317,0-0-669-0,e,UT_003,intvr,1,fave,190.56429144478417,46.25564786147437,4,any,1,0.07000700000003235,there,"",#,N,R,N,initial
541.6610322479031,1639.7675302161406,2529.826530289174,2.4917306557600054,3.9239699251070816,4.494892754435616,5692.3076923076915,0.000010319516191011614,710.4744341723357,0.025,0.33783783783783783,0-0-674-1,e,UT_003,intvr,1,fave,92.40627810763688,43.461408855063375,4,read,1,0.0500489999999445,you,that,R,D,R,D,internal
559.3316837506093,1315.4048679351026,2219.9900414823496,2.9348617652409934,3.9740630975287385,3.784785251496358,5512.820512820513,0.000449912999971234,788.7091588344671,0.035,0.33653846153846156,0-0-694-1,e,UT_003,intvr,1,fave,88.88172787435786,40.98509555756832,4,sense,1,0.080016999999998,makes,"",S,N,S,N,internal
620.4071946708411,1358.4668957796462,2412.4014268086735,2.7992559518605673,4.069923710521017,4.48613053244386,5692.3076923076915,0.0008964233181244221,790.4421455034013,0.040999999999999995,0.33064516129032256,0-0-699-0,e,UT_003,intvr,1,fave,92.82962077093077,44.65482676623521,4,everyone,1,0.10003600000004553,know,has,#,V,owF,V,initial
495.29976449374595,1656.3648753392424,2807.56843585741,3.0011902660547176,3.6224312958449323,4.10807110239571,5871.794871794871,0.00028031542704659644,794.9571588344671,0.031,0.32978723404255317,0-0-713-0,e,UT_003,intvr,1,fave,352.2067058641856,41.147639723359944,4,everyone,1,0.07000799999991614,with,"",#,V,TH,V,initial
521.9951542090877,1474.871480788442,2637.4375569328877,3.4459103796038852,4.208959421500622,4.278668282227208,5512.820512820513,0.002385021085071638,806.7091588344671,0.035,0.33653846153846156,0-0-719-1,e,UT_003,intvr,1,fave,115.636661787958,41.076274179498036,4,sense,1,0.080016999999998,makes,i,S,N,S,N,internal
417.02855323221945,1596.775576345667,2544.1678903409124,1.8151138996257075,4.138665121406093,3.873494380319821,4794.871794871795,0.00010970276264031001,840.3398638344671,0.027000000000000003,0.32142857142857145,0-0-786-1,e,UT_003,intvr,1,fave,140.8233842745524,50.50008291781781,4,there,1,0.05999700000006669,is,"",DH,R,DH,R,internal
566.4031300915858,1574.8695734056153,2357.879663250868,3.4423598894426437,4.520834002786122,4.300999597388321,5512.820512820513,0.00005600970555305299,843.9888325034013,0.025,0.33783783783783783,0-0-801-2,e,UT_003,intvr,1,fave,NaN,34.00716202512095,4,again,1,0.0500489999999445,over,"",G,N,G,N,internal
487.945367992168,1627.8071437918143,2567.6551931817744,2.8165229788076944,3.759676440445264,4.399098164750982,6051.282051282051,0.00006826168448218236,877.2200335034013,0.025,0.33783783783783783,0-0-815-1,e,UT_003,intvr,1,fave,469.49629298486064,46.291482091315665,4,sense,1,0.050049000000058186,makes,"",S,N,S,N,internal
521.2277245934981,1696.6334925101075,2705.2578833910047,3.4037216805551855,4.167017577762033,4.427266669485227,5333.333333333333,0.001522847491890347,1083.4893224965986,0.037000000000000005,0.324561403508772,0-0-888-1,e,UT_003,intvr,1,fave,210.64875620762052,38.35997002161885,4,sense,1,0.08996600000000399,makes,"",S,N,S,N,internal
557.7257327736822,1424.0072191741176,2504.785921340616,2.892560464101289,4.083324196848127,4.576697727817709,5692.3076923076915,0.0003098517337586591,1260.0454458276645,0.035,0.3365384615384616,0-0-966-1,e,UT_003,intvr,1,fave,92.90775274122149,36.72145016886086,4,sense,1,0.07995600000003833,makes,because,S,N,S,N,internal
560.6062057143506,1352.9881504356583,2719.591960792148,3.2033753094425768,3.828018156261821,4.04314759263405,5692.3076923076915,0.000010060297781277997,1312.0176471723355,0.025,0.33783783783783783,0-0-1091-1,e,UT_003,intvr,1,fave,96.1981709892917,38.25394056524338,4,sentence,1,0.0500489999999445,that,"",S,N,S,N,internal
544.2251249217256,1511.7100098907229,2592.864417291641,2.608387229919857,3.8254431026517883,3.91124320382317,5512.820512820513,0.0007457845922912561,1314.584421834467,0.047,0.3263888888888889,0-0-1101-1,e,UT_003,intvr,1,fave,107.46724392852622,42.73367809507559,4,second,1,0.11999500000001717,a,"",S,K,S,K,internal
590.0933489423006,1556.1990065147525,2229.476658609878,3.1815341740420116,3.9024608327017005,4.1316868898611725,4794.871794871795,0.0006107750069585453,1317.4194984965986,0.037,0.32456140350877194,0-0-1109-2,e,UT_003,intvr,1,fave,97258.2951115225,40.91351285990779,4,again,1,0.08996599999977661,"","",G,N,G,N,internal
528.1399776515484,1533.099632088015,2857.879216133465,2.98417112544407,3.4612553673370194,4.042630156748743,6051.282051282051,0.00016302826091830466,1324.9093191723357,0.031,0.32978723404255317,0-0-1131-0,e,UT_003,intvr,1,fave,90.70680621539186,46.5376361301398,4,everyone,1,0.07006799999999203,for,"",#,V,*hr,V,initial
474.17348559676896,1771.9733054352132,2423.8715706232156,2.5068201644646813,3.719397621565755,3.800903032427075,5512.820512820513,0.0016257586868591233,1335.0590298412696,0.035,0.3365384615384616,0-0-1155-1,e,UT_003,intvr,1,fave,492.59585387372044,35.275103145732665,4,yes,1,0.08007799999995768,"","",Y,S,Y,S,internal
483.78421878193353,1655.9482894569942,2521.3621395833734,2.558995432469579,3.9398998172391044,4.085413391110641,5692.3076923076915,0.0005495009495235055,1338.3700594965985,0.037000000000000005,0.324561403508772,0-0-1158-2,e,UT_003,intvr,1,fave,92.07775436364756,40.33860988081019,4,whenever,0,0.08996600000000399,[bracketed],you're,W,N,W,N,internal
478.75719598200965,1525.5015384741776,2391.9690584664677,2.6912460631754036,3.965332006341497,4.667316884112754,5692.3076923076915,0.00008963217625844587,1339.1450838276642,0.027000000000000003,0.32142857142857145,0-0-1160-1,e,UT_003,intvr,1,fave,121.42412410906692,43.78504365059352,4,ready,1,0.059936000000107015,you're,"",R,D,R,D,internal
584.972767641003,1672.3966226464684,2548.296535478255,3.702951195210464,3.624851357404803,4.1472539482265205,5692.3076923076915,0.0010176748982005913,1340.254070165533,0.045,0.3358208955223881,0-0-1163-2,e,UT_003,intvr,1,fave,123.78474402755059,42.18181091803503,4,ahead,1,0.1099859999999353,go,and,HH,D,HH,D,internal
630.3330382919977,1315.8040771178817,2491.042752018529,2.975962811068465,3.858143741962099,4.086015901860699,5692.3076923076915,0.0007554831095605731,30.45794616553288,0.051000000000000004,0.3311688311688312,0-0-76-1,ae,UT_003,intvr,1,fave,104.53432273479088,41.89264350472797,4,last,1,0.13000200000000106,to,about,L,S,L,S,internal
473.6641588750546,1476.076164877054,2379.0831437891816,2.4389783863243424,4.283636866302912,3.7903791324468705,4794.871794871795,0.0009461536614804648,50.25885283446713,0.035,0.3365384615384616,0-0-128-0,ae,UT_003,intvr,1,fave,89.58766388511465,41.32701800165043,4,as,1,0.08000200000000035,of,a,#,Z,V,Z,initial
609.3799078733533,1880.8809245027317,2570.134216453165,3.1906210793418066,3.6809952452507813,4.063506736643697,5333.333333333333,0.0008941997043886772,53.03485383446712,0.047,0.3263888888888889,0-0-135-6,ae,UT_003,intvr,1,fave,97.05670442630068,42.11298844571144,4,understand,1,0.11999900000000707,we,who's,T,N,T,N,internal
559.566211807434,1497.5377393542724,2541.537779451681,3.495114902515582,4.238172589290545,4.277035480894399,5153.846153846154,0.002000511694611132,55.66685483446712,0.051000000000000004,0.3311688311688312,0-0-145-1,ae,UT_003,intvr,1,fave,102.76021311726021,36.539589747811675,4,that,1,0.12999700000000303,like,"",DH,T,DH,T,internal
459.9841497302425,2038.5860686486988,2796.9737970785395,3.818684986323988,3.69689706191591,4.196891467002366,5512.820512820513,0.0060123741196309154,63.73785383446712,0.091,0.3321167883211679,0-0-155-0,ae,UT_003,intvr,1,fave,124.48607076461263,37.00020934015225,4,and,1,0.25,"",what,#,N,"",N,initial
456.4944147445018,2190.6828471860244,2662.791412363108,3.9168137271205143,3.623214934605174,3.6881418958921803,5512.820512820513,0.011793301292453649,70.63854916553288,0.141,0.3325471698113207,0-0-165-0,ae,UT_003,intvr,1,fave,158.8016602773482,45.327485392615365,4,and,1,0.3999940000000066,"",where,#,N,"",N,initial
541.5437314267351,1397.4142659066445,2572.1365579179665,2.6100290021074004,2.9679208703237316,3.40479627884945,5512.820512820513,0.00005132696110694429,100.04785083446711,0.035,0.33653846153846156,0-0-195-1,ae,UT_003,intvr,1,fave,118.10374165042802,46.1906136163071,4,that,1,0.08000200000000746,so,also,DH,T,DH,T,internal
487.75097260161203,1623.3433305944902,2574.1245257658425,3.744107457621107,4.217769448979465,3.8929397206399488,5512.820512820513,0.0030545599175077457,129.90174516553287,0.045,0.3358208955223881,0-0-239-0,ae,UT_003,intvr,1,fave,207.55764709919984,33.039086360406635,4,and,1,0.11000000000001364,"",what,#,N,"",N,initial
587.6576749090846,1496.1646945077598,2539.119267693407,2.5813229381782934,3.466691028800325,3.932820272701443,5512.820512820513,0.00018938958334225876,206.6207531655329,0.04100000000000001,0.3306451612903227,0-0-277-1,ae,UT_003,intvr,1,fave,113.05727148139495,42.43430905474515,4,that,1,0.09999099999998862,"",makes,DH,T,DH,T,internal
587.0513721804066,1402.1854939181935,2424.0746392256337,2.4411647252024724,3.3164828028090447,4.108235486607156,5692.3076923076915,0.00002016623075131323,207.2427431655329,0.025,0.33783783783783783,0-0-279-1,ae,UT_003,intvr,1,fave,582.9525010710711,39.924504292681206,4,that,1,0.050003000000003794,makes,makes,DH,T,DH,T,internal
563.5280291318433,1586.5535852375058,2674.446388816491,3.2290264555292554,3.969584459048033,4.092707709570135,5333.333333333333,0.001410996645147046,323.8104601655329,0.047,0.3263888888888889,0-0-331-1,ae,UT_003,intvr,1,fave,137.25838216845725,39.10000774307698,4,that,1,0.11999499999996033,"",is,DH,T,DH,T,internal
604.4236479966851,1457.0234244215806,2765.3968505594144,3.540727721645372,3.868119888348913,3.964690723961953,5692.3076923076915,0.0026829457385113766,328.8424391655329,0.091,0.3321167883211679,0-0-347-1,ae,UT_003,intvr,1,fave,189.60896449326933,31.730982230896036,4,that,1,0.25,on,"",DH,T,DH,T,internal
810.6382957665222,1718.5408193163928,2440.235476713857,3.328281491138039,3.7621339783441115,4.177553691143874,5512.820512820513,0.0018310502311263588,334.69944983446715,0.045,0.3358208955223881,0-0-371-1,ae,UT_003,intvr,1,fave,69.2388391657283,34.769911762274674,4,challenges,1,0.11001600000003009,any,"",CH,L,CH,L,internal
547.7063264694164,1646.511176529286,2844.5998246530116,4.103596639850693,3.8649818210598212,4.602904946694786,6051.282051282051,0.0024181462348532253,395.50654716553294,0.035,0.3365384615384616,0-0-420-0,ae,UT_003,intvr,1,fave,-9305.764855701169,37.00125336726431,4,and,1,0.07998699999996006,"",why,#,N,"",N,initial
675.4262392360082,1469.5274967837963,2443.997824738731,3.3027055328572903,3.8329230080980436,4.171339462078258,5692.3076923076915,0.002109881274302634,424.8654521655329,0.047,0.3263888888888889,0-0-427-1,ae,UT_003,intvr,1,fave,113.02299423140542,44.203082378999326,4,had,1,0.11999500000001717,you,to,HH,D,HH,D,internal
570.1163864849145,1852.268250635804,2607.276245090895,3.4504465567182714,3.9720127055366543,4.236561028151063,5333.333333333333,0.003421822728554993,451.4231561655329,0.057,0.32758620689655177,0-0-437-1,ae,UT_003,intvr,1,fave,88.9251185457481,40.17033194179957,4,yeah,1,0.1499939999999924,"","",Y,#,Y,"",final
497.8399296484252,1069.7037105293248,2291.571979169471,3.8766580976126894,3.674851151460529,4.008839766197589,5512.820512820513,0.011679829651313268,458.3030561655329,0.147,0.3310810810810811,0-0-449-1,ae,UT_003,intvr,1,fave,116.5666306105776,40.44919452284733,4,have,1,0.419983000000002,"",you,HH,V,HH,V,internal
579.087988700983,1617.6231067858232,2531.204701336223,3.0875053409355897,3.6336446387328833,4.057442674201016,5512.820512820513,0.0006660515423618189,534.4270581655329,0.04100000000000001,0.3306451612903227,0-0-484-1,ae,UT_003,intvr,1,fave,303.8411905219846,38.72256450212789,4,yeah,1,0.09997600000008333,"",i,Y,#,Y,ay,final
644.657946003682,1440.436319757724,2546.964320702827,3.237515843898222,3.611308756429797,3.452737828699356,5692.3076923076915,0.00016258760910397676,535.7850545034014,0.037000000000000005,0.324561403508772,0-0-490-1,ae,UT_003,intvr,1,fave,94.33928061433356,39.24815258376738,4,that,1,0.09002699999996366,on,hike,DH,T,DH,T,internal
563.7520043063764,1613.1633141238115,2587.6839717046787,3.286355117121414,3.830758684324743,3.7396098589355127,5512.820512820513,0.002084238600068356,676.5809588276644,0.055,0.3353658536585366,0-0-602-1,ae,UT_003,intvr,1,fave,NaN,33.896373869476555,4,yeah,1,0.13995299999999133,"","",Y,#,Y,"",final
555.7979168286319,1672.1368972967923,2495.6292482892145,2.3924011011264734,3.8656834690648068,3.6250475863806093,5153.846153846154,0.000352184848325343,687.300945834467,0.055,0.3353658536585366,0-0-619-1,ae,UT_003,intvr,1,fave,107.04111456086216,49.28281236245028,4,yeah,1,0.14001500000006217,"","",Y,#,Y,"",final
581.6494854964964,1464.0812447119315,2581.9429906402565,3.2844949182797234,4.558273468555542,4.396969012328909,5153.846153846154,0.004289507807913523,690.9319494965987,0.037,0.32456140350877194,0-0-627-1,ae,UT_003,intvr,1,fave,125.18904007838748,39.92190713955669,4,that,1,0.0899659999998903,like,or,DH,T,DH,T,internal
806.1242078868585,1766.143417700466,2587.3573133364175,3.870687816569652,3.6946478636891444,4.220933620523819,5692.3076923076915,0.009362613936191345,697.3289658344672,0.07100000000000001,0.3317757009345795,0-0-643-1,ae,UT_003,intvr,1,fave,179.06354027592303,43.043373693225526,4,yeah,1,0.19000199999993583,"","",Y,#,Y,"",final
525.8313179552604,1460.1091513547603,2484.479515228187,2.8690902425593308,3.463260236766296,3.483273515687748,5512.820512820513,0.00004568100889435043,710.1044335034013,0.025,0.33783783783783783,0-0-672-1,ae,UT_003,intvr,1,fave,531.1928937271181,43.129182814503984,4,that,1,0.0500489999999445,series,you,DH,T,DH,T,internal
625.7225269591579,1420.5529071519165,2590.1124125816136,3.2599470050093897,4.000843544630585,4.661036427502591,5692.3076923076915,0.0034106560291701487,787.8291348344671,0.075,0.33482142857142855,0-0-690-1,ae,UT_003,intvr,1,fave,180.57483833869148,41.92372763762085,4,yeah,1,0.20001200000001518,"",that,Y,#,Y,DH,final
594.7306600196985,1363.4029878554138,2621.649438056025,2.7479079615214044,4.229860761624513,3.792252862905411,5692.3076923076915,0.0007671462911617909,788.0721505034013,0.040999999999999995,0.33064516129032256,0-0-691-1,ae,UT_003,intvr,1,fave,96.68636030751178,45.05635984736366,4,that,1,0.10003600000004553,yeah,that,DH,T,DH,T,internal
566.8145613874672,1438.6165774056744,2459.006217296338,2.520581014389192,3.527190944141044,3.9811100035698703,5512.820512820513,0.0006416979704839669,822.1297504965987,0.040999999999999995,0.33064516129032256,0-0-762-1,ae,UT_003,intvr,1,fave,288.48306539231197,41.26828360073977,4,that,1,0.09997499999997217,like,to,DH,#,DH,T,final
538.0421457903922,1647.6053717573302,2935.1763112677013,3.856200997865582,3.9825853578083064,4.756690997425808,5871.794871794871,0.020423161243471315,824.0497505034014,0.04100000000000001,0.3306451612903227,0-0-772-0,ae,UT_003,intvr,1,fave,120.69761858794791,43.18469364134038,4,and,1,0.10003599999993185,"","",#,N,"",N,initial
520.1987155786564,1592.3549037474197,2484.405980730433,2.6607379646442113,3.239037069315848,4.231499226099049,5692.3076923076915,0.0015453944479983557,839.4368355034013,0.040999999999999995,0.33064516129032256,0-0-783-1,ae,UT_003,intvr,1,fave,371.64420899683836,38.81711681234245,4,yeah,1,0.10003600000004553,"","",Y,#,Y,"",final
615.9248555144652,1414.9845052271323,2339.856703582133,2.9465950904532687,3.6884879479274226,3.671511327399651,5512.820512820513,0.0004469125602308569,842.1538608344671,0.035,0.33653846153846156,0-0-793-1,ae,UT_003,intvr,1,fave,77.703026963785,39.47972981426864,4,back,1,0.080016999999998,go,to,B,K,B,K,internal
541.1000138978046,1438.2885276609454,2296.713524605404,3.1989068531500875,4.052534221716011,4.228037387993161,5692.3076923076915,0.006254566006085897,876.7750578344671,0.075,0.33482142857142855,0-0-813-1,ae,UT_003,intvr,1,fave,117.02422586757007,50.666478919379685,4,that,1,0.20001200000001518,"",makes,DH,T,DH,T,internal
418.1517205884385,1449.239213242909,2488.531214692225,3.6447788888703045,4.069502946197184,4.597926309637441,5692.3076923076915,0.004680378726050705,878.8580385034013,0.040999999999999995,0.33064516129032256,0-0-817-1,ae,UT_003,intvr,1,fave,141.77360158658323,38.889822801864916,4,yeah,1,0.10003700000004301,"","",Y,#,Y,"",final
593.9571888459524,1573.648357412546,2509.685231503455,3.182043500847969,4.214296754471845,4.28419445649855,5871.794871794871,0.005111265099478893,887.8750328344671,0.075,0.3348214285714286,0-0-844-0,ae,UT_003,intvr,1,fave,77.8594007038171,35.093858300996835,4,as,1,0.20001200000001518,work,a,#,Z,K,Z,initial
618.8551546871968,1508.870544595567,2611.0520602925667,2.902129900029579,3.816083052483847,3.864755213044165,5692.3076923076915,0.0005187767987306596,893.3860514965986,0.037000000000000005,0.324561403508772,0-0-862-1,ae,UT_003,intvr,1,fave,96.20706943816464,43.911382789335015,4,that's,1,0.08996500000000651,what,like,DH,T,DH,T,internal
533.9909842826016,1735.4105436632606,2430.015924104028,3.769077449329477,3.8872346417284818,4.693411748681096,5871.794871794871,0.0074163200376732965,899.7730604965988,0.040999999999999995,0.33064516129032256,0-0-882-0,ae,UT_003,intvr,1,fave,NaN,39.456467930645125,4,and,1,0.09997599999996964,psychic,medium,#,N,K,N,initial
714.0410094418095,1490.6612477713188,2632.784164968877,3.4954175046150655,3.9212799917962444,4.158849599910141,5153.846153846154,0.003152673330945982,1091.3996035034015,0.067,0.32843137254901966,0-0-913-1,ae,UT_003,intvr,1,fave,125.9087657232015,40.6035109381919,4,that,1,0.18005300000004354,like,"",DH,T,DH,T,internal
553.418221946936,1632.4656605851592,2579.858670913518,2.940328478645388,3.5584596245643962,4.34808680582854,5333.333333333333,0.0009917984483203634,1148.726994165533,0.047,0.3263888888888889,0-0-915-1,ae,UT_003,intvr,1,fave,1234.886314060724,44.78524468119811,4,yeah,1,0.11999500000001717,"","",Y,#,Y,"",final
608.2483115004093,1020.0331525127407,2428.799507173685,3.8178669506347283,3.9071439202542853,4.083592511902561,5512.820512820513,0.00004266350632199509,1176.8081741723354,0.025,0.33783783783783783,0-0-919-1,ae,UT_003,intvr,1,fave,150.98691324793978,46.37347254831569,4,yeah,1,0.0500489999999445,"","",Y,#,Y,"",final
589.5312099660957,1548.7766967700036,2435.3329920026094,2.670165040375598,3.4993558737037014,4.597533552406294,5692.3076923076915,0.0023157473614172836,1208.8518555034013,0.055,0.33536585365853655,0-0-928-2,ae,UT_003,intvr,1,fave,111.02005522526203,46.71140232955116,4,imagine,1,0.1400140000000647,you,"",M,JH,M,JH,internal
611.252199962828,1473.490062755905,2644.3128834108143,3.21159989060932,4.270925393812036,4.192944651388401,5153.846153846154,0.0000757582711322626,1210.2268751723354,0.025,0.33783783783783783,0-0-931-1,ae,UT_003,intvr,1,fave,98.11523236856137,43.858685111382066,4,that,1,0.0500489999999445,turning,into,DH,T,DH,T,internal
571.513446734525,1237.4796812405457,2648.054934635578,2.767618309044375,4.021466198590575,4.178071718106947,5153.846153846154,0.00006302333872539217,1258.5004351723355,0.025,0.33783783783783783,0-0-961-1,ae,UT_003,intvr,1,fave,96.35673681187268,44.59160185709268,4,that,1,0.0500489999999445,no,makes,DH,T,DH,T,internal
626.5804475963724,1389.6891845381922,2638.2701404803106,2.825040474336125,4.081513948576694,4.136232611848015,5333.333333333333,0.0002408193638233765,1259.7034798276643,0.031,0.32978723404255317,0-0-964-1,ae,UT_003,intvr,1,fave,111.84768956250508,43.928271193247056,4,that,1,0.0699459999998453,"",makes,DH,T,DH,T,internal
526.3500381406329,1431.1326521175974,2486.079863525779,3.038851240706522,3.918286386802702,4.389158659444732,5692.3076923076915,0.0017420024310340213,1284.900433165533,0.045,0.3358208955223881,0-0-1011-1,ae,UT_003,intvr,1,fave,82.84889406881176,38.963483907813696,4,that,1,0.10998500000005151,know,"",DH,T,DH,T,internal
671.5049842605976,1590.865247860981,2560.2312966182985,3.4550472078770116,4.070024091009278,4.633096295340566,6051.282051282051,0.0038175011209556253,1287.2004811655331,0.045,0.3358208955223881,0-0-1018-1,ae,UT_003,intvr,1,fave,223.50226640600275,47.59871660789036,4,background,1,0.1099859999999353,your,and,B,K,B,K,internal
555.4306024080236,1481.5295095364327,2499.875539502815,3.386283588973843,4.005286525937898,4.303584625342703,5692.3076923076915,0.0009218386810734572,1288.2754258276643,0.035,0.3365384615384616,0-0-1022-1,ae,UT_003,intvr,1,fave,NaN,34.9893062663592,4,that,1,0.07995600000003833,like,"",DH,T,DH,T,internal
606.6905074475183,1333.2976129151893,2612.6707286171722,3.6128709631882647,3.9307240093543507,4.2271139010365495,5871.794871794871,0.0021085761492598415,1290.134319165533,0.045,0.3358208955223881,0-0-1026-1,ae,UT_003,intvr,1,fave,193.53377489629554,47.74825410538431,4,last,1,0.1099859999999353,this,part,L,S,L,S,internal
561.7975432676858,1549.416291589403,2577.7917195079526,2.73255247043856,3.7339833533259887,3.865154054944354,5692.3076923076915,0.0011795527503604413,1298.2973531655327,0.051000000000000004,0.3311688311688312,0-0-1049-0,ae,UT_003,intvr,1,fave,259.9010314253869,41.60014910738665,4,at,1,0.13000499999998283,it,a,#,T,T,T,initial
578.4426095951684,1516.3210240216847,2574.551595825139,3.180058969630933,4.134575139486012,3.976866534900756,5692.3076923076915,0.00022490427305867718,1326.7793198412699,0.031,0.32978723404255317,0-0-1137-1,ae,UT_003,intvr,1,fave,92.77050417335322,42.19929310284604,4,have,1,0.07006799999999203,should,any,HH,V,HH,V,internal
477.48747114251194,1528.4899609202137,2496.615225716449,3.8985682853119044,4.446559977002147,4.154284339421425,5153.846153846154,0.0725233813074739,1340.4190894965986,0.075,0.33482142857142855,0-0-1164-0,ae,UT_003,intvr,1,fave,384.8938174580614,49.280786183980986,4,and,1,0.1999510000000555,ahead,begin,#,N,D,N,initial
575.0441785653762,1348.1562643491982,2409.2537329141724,3.198198314299398,4.253189945250375,4.25005516099735,5692.3076923076915,0.0001298818124291823,1371.9956741723354,0.025,0.33783783783783783,0-0-1167-1,ae,UT_003,intvr,1,fave,-50.120722048350146,45.88135363883742,4,that's,1,0.0500489999999445,"",fine,DH,T,DH,T,internal
722.1098659747506,2086.805914700443,2972.0335689045496,3.0770440287964207,3.9688484531294375,4.29586766815755,6051.282051282051,0.004222277670139976,1374.1366691723356,0.067,0.3284313725490196,0-0-1175-0,ae,UT_003,intvr,1,fave,221.02082089056623,58.823719137414365,4,as,1,0.18005399999992733,"","",#,Z,"",Z,initial
560.5708850173289,1152.6745955293588,2369.5174277753463,3.1598134169778977,3.5512195339024353,3.9037765598525684,5333.333333333333,0.0005937307498872072,30.79594716553288,0.027,0.2596153846153846,0-0-77-2,aw,UT_003,intvr,1,fave,97.2089634113301,41.02125650553609,4,about,1,0.08000000000000185,last,"",B,T,B,T,internal
636.9807597764003,1496.72067904773,2495.6441238161856,3.304565106883998,4.0192095953760845,4.3213792796966795,5333.333333333333,0.005979222278176632,32.38394716553289,0.063,0.22183098591549294,0-0-83-0,aw,UT_003,intvr,1,fave,106.09228253067161,36.71367861700036,4,hour,1,0.25999799999999595,an,"",#,*hr,N,*hr,initial
675.6423949556436,1370.658938638884,2363.598723522015,3.2632536242864396,3.56709111717651,4.167983184476814,5333.333333333333,0.0005998894751052318,33.99494816553288,0.025,0.24038461538461536,0-0-88-1,aw,UT_003,intvr,1,fave,96.1045683569945,43.3287586572816,4,how,1,0.07999799999999624,on,long,HH,#,HH,L,final
476.5170859564254,887.6598170336059,1712.9948459560733,2.290360305315171,3.779159078990516,4.606941187176384,4615.384615384615,0.004020106055331539,56.53514716553288,0.025,0.14367816091954025,0-0-147-1,aw,UT_003,intvr,1,fave,207.52869302774667,51.95582721947151,4,how,1,0.15000100000000316,"","",HH,#,HH,"",final
696.8945298579101,1092.7473641135398,2505.9921768375543,3.379403646931206,4.254285348059163,4.532128236150048,5333.333333333333,0.013995953885748307,105.40285183446713,0.025,0.14367816091954022,0-0-216-1,aw,UT_003,intvr,1,fave,100.09090984131291,39.73881730713505,4,how,1,0.15000099999998895,for,"",HH,#,HH,"",final
761.4090472904387,1642.1082527154388,2081.7571293070027,3.2268276441555734,3.7664519774773884,4.387320059713482,5333.333333333333,0.0032177067641134182,212.2157441655329,0.031000000000000003,0.1519607843137255,0-0-290-2,aw,UT_003,intvr,1,fave,89.87109082729076,36.99985985937932,4,proud,1,0.18000800000001504,really,of,R,D,R,D,internal
554.9011544913059,1116.6375590390835,2421.1209659151673,3.029630552290858,3.2608724581735187,3.8982581808976935,5333.333333333333,0.00005561705361771929,233.55634683446715,0.025,0.2976190476190476,0-0-294-1,aw,UT_003,intvr,1,fave,128.63578973959426,44.03179541777084,4,how,1,0.060012999999997874,"",long,HH,#,HH,L,final
619.0238337244398,1395.4102761179013,2442.304891708923,3.0760437457368575,4.143994549620447,3.91229748561023,5153.846153846154,0.0005001902246139953,266.6837428344671,0.025,0.26595744680851063,0-0-315-2,aw,UT_003,intvr,1,fave,109.70653434731592,40.33248020614083,4,about,1,0.0700069999999755,me,a,B,T,B,T,internal
543.5826035992764,1596.650817664639,2496.983991222305,3.449162754881773,4.035775266508725,4.115735141894007,4974.358974358975,0.00103305920378497,268.6737581655329,0.025,0.18656716417910452,0-0-322-0,aw,UT_003,intvr,1,fave,102.37776197527604,35.5233104795719,4,out,1,0.10998500000005151,worked,"",#,T,T,T,initial
503.8088964543658,1162.4732207765128,2229.4526976197258,2.859748971985895,4.11807631078032,4.010623047651144,5333.333333333333,0.0014125348085722105,330.7304521655329,0.027,0.2596153846153846,0-0-355-2,aw,UT_003,intvr,1,fave,111.434671883943,46.80077585637381,4,about,1,0.0799870000000169,talked,that,B,T,B,T,internal
692.4727415415773,1094.1669479504028,2403.047453800847,3.277817971148765,3.1504803433995154,3.7677501758848426,5333.333333333333,0.00010757657227833322,331.9994411655329,0.025,0.21929824561403513,0-0-360-2,aw,UT_003,intvr,1,fave,104.94090155835035,47.50961547001089,4,proud,1,0.08999699999998256,"",of,R,D,R,D,internal
460.4349535550615,874.1927960258513,2427.6737206460716,3.3827350602135136,4.317302123973968,4.307556047972918,5333.333333333333,0.06278247264783363,551.4084545034013,0.239,0.30100755667506296,0-0-528-2,aw,UT_003,intvr,1,fave,244.05158302903752,38.48831019518801,4,about,1,0.770020000000045,"","",B,#,B,"",final
638.4387172918189,1270.8068755302584,2588.492706706675,3.3875383868855566,3.981732480452838,4.318793744263512,5512.820512820513,0.004772074427026233,750.8365604965986,0.043,0.18376068376068375,0-0-683-2,aw,UT_003,intvr,1,fave,140.8115678483289,46.158543634902244,4,about,1,0.20996099999990747,what,it,B,T,B,T,internal
744.8244760827188,971.4867079109957,2237.5442967710505,3.278160617629813,4.177630074567495,4.413244515090645,5512.820512820513,0.004837918319297535,815.601741834467,0.025,0.26595744680851063,0-0-747-1,aw,UT_003,intvr,1,fave,116.5220045545952,50.21462343145182,4,how,1,0.07000800000002982,that's,i,HH,#,HH,ay,final
531.9592364243339,908.6639564498919,2598.684169686723,3.018498753564598,3.3773254841932148,4.472341964728579,5333.333333333333,0.00039529260477855313,897.8060498344671,0.027000000000000003,0.2872340425531915,0-0-877-2,aw,UT_003,intvr,1,fave,93.47427118913637,42.98808389114182,4,about,1,0.07000800000002982,enjoy,"",B,T,B,T,internal
579.7358721069537,1323.1606797654636,2286.4949667348665,2.8586272677705367,3.7433605460569,3.4720534522353534,5333.333333333333,0.0010119581052467678,1282.2014641587302,0.047,0.23039215686274508,0-0-1001-2,aw,UT_003,intvr,1,fave,198.08000954565884,46.99017866220909,4,about,1,0.17993200000000797,more,you,B,T,B,T,internal
634.5566413499355,1708.2643740598683,2944.3752722368254,3.403442043486885,4.349370509449199,4.048509516154236,5871.794871794871,0.003396549727591517,1287.4504968344672,0.025,0.16233766233766234,0-0-1018-5,aw,UT_003,intvr,1,fave,112.23658866973793,42.21184890709203,4,background,2,0.13000499999998283,your,and,R,N,R,N,internal
583.670047798754,1508.4635426806963,2589.4081942169096,3.1689779737594046,4.092326865061511,4.068953391710452,5333.333333333333,0.0039407645556644435,1289.5603518276644,0.057,0.2663551401869159,0-0-1024-1,aw,UT_003,intvr,1,fave,129.41803845030188,49.967113119639855,4,now,1,0.18994199999997363,"",this,N,#,N,DH,final
675.437835331256,1351.37385270177,2617.60061100835,3.012321880084001,3.863377253929708,3.9814800947264515,5333.333333333333,0.0022246939386998785,1301.5856791655328,0.061000000000000006,0.16310160427807488,0-0-1058-1,aw,UT_003,intvr,1,fave,125.05614785232889,47.83793983087387,4,loud,1,0.34997500000008586,too,not,L,D,L,D,internal
532.5155412830285,821.0080679805216,2259.1370066103746,3.525424501998432,2.9776954495282917,4.567255512515343,5333.333333333333,0.0009513220455348004,34.22494516553289,0.045,0.3358208955223881,0-0-89-1,oh,UT_003,intvr,1,fave,94.08262353858893,39.75076854285904,4,long,1,0.1100009999999969,how,"",L,NG,L,NG,internal
476.9468473156771,1300.6086896458949,2468.096386102883,2.2100714573959626,3.2100213382649367,3.9187790483107245,4256.410256410256,8.210315901592361e-6,100.16285383446713,0.025,0.33783783783783783,0-0-196-0,oh,UT_003,intvr,1,fave,128.7991983396451,50.13985174011109,4,also,1,0.050002999999989584,that,you,#,L,T,L,initial
544.6407679388105,742.2529094144726,2196.735554738876,4.074192901371504,3.3733560280120987,4.564548208204231,5153.846153846154,0.0029637921512791917,105.64884883446712,0.037,0.32456140350877194,0-0-218-1,oh,UT_003,intvr,1,fave,82.94000829199923,36.687593389611074,4,long,1,0.09000400000000752,"","",L,NG,L,NG,internal
461.9458945445761,1061.6022641068726,2242.1659089954,2.7110366508280537,3.1170159859398936,3.8156931520884814,5153.846153846154,0.0000934070077648534,887.2610668344671,0.027000000000000003,0.32142857142857145,0-0-842-0,oh,UT_003,intvr,1,fave,488.9247664451135,40.902770340917016,4,also,1,0.05999800000006417,you,work,#,L,uw,L,initial
463.24458136927876,1007.8673162565723,2284.6157146700725,2.17664382105935,3.1588810734687676,3.8336450773871174,4435.897435897436,4.797613015776354e-6,1088.1286035034016,0.025,0.33783783783783783,0-0-904-0,oh,UT_003,intvr,1,fave,111.29967107698586,51.327814714188726,4,also,1,0.0500489999999445,you,do,#,L,uw,L,initial
519.2444761072279,1408.7184754605858,2244.9681553832975,3.29788644955246,4.2902693515993,4.463310746436139,4794.871794871795,0.003464157402914187,43.07985283446712,0.037000000000000005,0.324561403508772,0-0-108-2,ahr,UT_003,intvr,1,fave,108.9415079899451,40.38352425157798,4,start,1,0.0899999999999963,let's,"",T,R,T,R,internal
503.76480151831765,1008.5326348755954,2541.138422397055,2.5767571258782076,3.8845463935826325,4.112701832164018,4256.410256410256,0.00044699255032582387,56.91614816553288,0.027000000000000003,0.32142857142857145,0-0-150-0,ahr,UT_003,intvr,1,fave,391.04008268412224,49.0264226097044,4,are,1,0.05999800000000022,old,you,#,R,D,R,initial
500.4704457328205,1005.6938823876076,1944.299688238629,3.460973707440783,3.3058563548016657,2.8182109128793478,4974.358974358975,0.0001395709061243029,1290.5473518276642,0.031,0.32978723404255317,0-0-1027-1,ahr,UT_003,intvr,1,fave,127.70768295410491,45.19118704750427,4,part,1,0.06994600000007267,last,"",P,R,P,R,internal
557.2760250091151,975.2084608405113,1814.2705356108584,3.3355430824602483,3.147181203357034,3.5772054579797397,4974.358974358975,0.00044220609130288935,1320.907292165533,0.047,0.3263888888888889,0-0-1117-0,ahr,UT_003,intvr,1,fave,118.22421247742815,47.20622219986857,4,are,1,0.11999500000001717,there,two,#,R,R,R,initial
416.28766861842064,1690.7904234083476,2767.911394097631,2.5735127739560046,2.737906497988582,4.830013046884434,6410.25641025641,0.0002138592347040043,64.7058538344671,0.027000000000000003,0.32142857142857145,0-0-158-1,uwr,UT_003,intvr,1,fave,136.32286002648652,42.74982471722067,4,your,1,0.05999700000000985,is,gender,Y,R,Y,R,internal
394.95142075507414,1608.5548218130527,1910.4408154969685,1.9962385501933033,3.1092068048413983,3.139061096773869,4076.923076923077,0.00004721763463485906,89.07284983446712,0.025,0.33783783783783783,0-0-182-1,uwr,UT_003,intvr,1,fave,99.79029690434581,48.19684933270316,4,your,1,0.050003000000003794,that,<unk>,Y,R,Y,R,internal
453.6443255058035,1684.0036204400258,2740.3285994069224,3.1784753776642023,2.954495780274336,4.646109146363582,6230.7692307692305,0.00012498309692246407,1323.5573431723355,0.027000000000000003,0.32142857142857145,0-0-1124-1,uwr,UT_003,intvr,1,fave,108.69423073542124,47.566966594231474,4,sure,1,0.06005900000013753,made,to,SH,R,SH,R,internal
392.61919161011394,1699.56910971344,2020.3135750511794,1.7626453107884807,3.839762864794684,3.9006380113957753,4256.410256410256,0.000024515017679285802,1338.9740681723354,0.025,0.33783783783783783,0-0-1159-1,uwr,UT_003,intvr,1,fave,131.06705361800704,50.55944381868487,4,you're,1,0.05004900000017187,whenever,ready,Y,R,Y,R,internal
378.49436821922995,2183.516516218448,2620.0596568750493,3.716565548523138,3.7218583568402104,4.327317188728914,6410.25641025641,0.0003998818039802667,122.36174616553288,0.025,0.33783783783783783,0-0-228-1,iyr,UT_003,intvr,1,fave,186.16929139735637,33.249575145534095,4,years,1,0.050002999999989584,twenty,okay,Y,R,Y,R,internal
389.6447065796921,1753.9428316406895,2659.7106015737522,1.6924238448334485,3.800592845148023,4.341021166904593,4974.358974358975,0.00007003898186985826,616.5693501655329,0.027000000000000003,0.32142857142857145,0-0-586-1,iyr,UT_003,intvr,1,fave,388.11919750366786,45.515709441403914,4,series,1,0.05999799999995048,the,or,S,R,S,R,internal
396.5743807032972,2081.8140095623953,2769.374871579416,3.019185840184809,3.5264830566146816,4.171361719276737,6051.282051282051,0.0011901996638324155,841.3648714965987,0.037,0.32456140350877194,0-0-789-1,iyr,UT_003,intvr,1,fave,90.56675022332576,39.593090084032376,4,series,1,0.08996600000000399,a,that,S,R,S,R,internal
366.47459076580526,1980.2612601498538,2729.941637609357,2.7496618669091917,3.1843777950019607,4.332344173561762,6589.74358974359,0.0005281393885537051,1331.032100165533,0.040999999999999995,0.33064516129032256,0-0-1143-1,iyr,UT_003,intvr,1,fave,125.24711874425114,38.80411064358184,4,here,1,0.09997499999985848,"","",HH,R,HH,R,internal
450.87359412836855,1449.4397996161106,2591.7288454614904,3.547445327757062,4.197827917467055,3.5276306076799413,5153.846153846154,0.0005457465934295906,153.95034716553286,0.027000000000000003,0.32142857142857145,0-0-250-1,u,UT_003,intvr,1,fave,166.63489924369574,44.79067385086694,4,good,1,0.05999700000000985,sounds,[bracketed],G,D,G,D,internal
418.64009106260016,1059.6092897277483,2575.3965947560505,2.36158810002112,3.984654883880457,4.3361671864240465,5333.333333333333,0.00026536662111867945,165.25035016553286,0.027000000000000003,0.32142857142857145,0-0-262-1,u,UT_003,intvr,1,fave,418.77347745775637,42.79277183654747,4,look,1,0.05999700000000985,"",like,L,K,L,K,internal
452.5503865345737,1042.269078215918,2338.9165580582517,2.8954727134274774,2.79141028257487,3.5086286420625545,5333.333333333333,0.00008771499819849007,615.1293481655329,0.027000000000000003,0.32142857142857145,0-0-579-1,u,UT_003,intvr,1,fave,106.7154446000058,47.03475724880239,4,books,1,0.05999700000006669,the,you,B,K,B,K,internal
455.2151359561558,1063.5263688858438,2403.116812852147,2.187389755167159,3.530862303566247,4.088529592856154,5153.846153846154,0.00037952598699005297,678.7309488344671,0.035,0.3365384615384616,0-0-610-1,u,UT_003,intvr,1,fave,92.8551715721032,44.65703627037369,4,books,1,0.080016999999998,more,in,B,K,B,K,internal
493.3177975736634,1103.874713512878,2701.9677541620104,2.8025753036585117,3.2609001813518157,4.203058992168311,5333.333333333333,0.002004189607078479,847.0208631655328,0.129,0.33593749999999994,0-0-808-1,u,UT_003,intvr,1,fave,130.03249690302584,49.08152425930851,4,book,1,0.3599850000000515,"",or,B,K,B,K,internal
595.396508753432,1626.4708158062765,3769.728076169942,3.414407122090421,3.7338765976524306,4.872126825364039,7846.153846153846,0.01903503624306473,1309.0896315034015,0.189,0.33510638297872336,0-0-1084-1,u,UT_003,intvr,1,fave,97.0375646570533,46.32859681004826,4,could've,0,0.5400389999999788,"",done,K,D,K,D,internal
485.9370877615862,1221.709946319247,2553.949992930584,2.9804254015700327,4.000787973133771,3.7320821408148936,4794.871794871795,0.0037227369509273537,1375.3205998344672,0.055,0.3353658536585366,0-0-1178-1,u,UT_003,intvr,1,fave,342.8865563368746,44.12043723917939,4,would,1,0.1400140000000647,you,"",W,D,W,D,internal
598.248228838419,1328.2917671587513,2316.8367910147035,3.2888270570724467,4.170831549466359,3.876568084044835,5333.333333333333,0.0001749715329950225,165.43434216553288,0.035,0.4166666666666667,0-0-263-1,ay0,UT_003,intvr,1,fave,NaN,28.125123524524607,4,like,1,0.05999800000000732,look,for,L,K,L,K,internal
669.9057512868255,1269.4057637239782,2423.653907185781,3.0134705249083007,3.9231138898249505,3.7581813093152365,5333.333333333333,0.0010096358751101981,391.10054550340135,0.063,0.5526315789473685,0-0-406-1,ay0,UT_003,intvr,1,fave,166.83476225694733,38.27822210391872,4,life,1,0.09002600000002303,"","",L,F,L,F,internal
519.1876576803402,1373.3411397541324,2253.954605501376,3.110072139377207,3.7207142540041986,3.7779586650456634,5333.333333333333,0.00009324757298373401,491.8422678344671,0.029,0.34523809523809523,0-0-470-1,ay0,UT_003,intvr,1,fave,152.25156810765574,44.34361674229028,4,like,1,0.05999700000000985,you,to,L,K,L,K,internal
637.5506698622689,1432.0555881206683,2500.815885849564,2.9731449849296543,4.045447030415301,3.860188400423577,5333.333333333333,0.0009548952142399958,513.3420411655329,0.031000000000000003,0.25000000000000006,0-0-482-1,ay0,UT_003,intvr,1,fave,247.26758068975732,42.87026086062757,4,hikes,1,0.09997600000008333,favorite,"",HH,K,HH,K,internal
576.996356950401,1612.4673321130895,2558.34579909206,2.6463699493206634,3.814607964920662,4.075482124123249,5333.333333333333,0.0007285844484666564,535.959041834467,0.025,0.24038461538461545,0-0-491-1,ay0,UT_003,intvr,1,fave,98.15364714437789,41.333774756629644,4,hike,1,0.080016999999998,that,a,HH,K,HH,K,internal
597.6689570528458,1410.3624764194665,2477.6258934516554,2.8217864085317297,3.666950022290152,3.810441483834153,5333.333333333333,0.0007146946346503853,615.5453211655329,0.039,0.4148936170212766,0-0-581-1,ay0,UT_003,intvr,1,fave,NaN,36.483568284019995,4,like,1,0.07000700000003235,you,reading,L,K,L,K,internal
491.7283392788681,1452.3574046040874,2513.875834170149,2.39461388111504,3.5734133949816687,3.833962833703758,5333.333333333333,0.00004774818074308726,647.0985678344671,0.025,0.2976190476190476,0-0-597-1,ay0,UT_003,intvr,1,fave,433.9898510400493,45.22883452828216,4,like,1,0.05999799999995048,"",putting,L,K,L,K,internal
554.990790217395,1029.6373362913166,2281.390083902865,3.5904955974465733,3.8317744103758384,3.791296928767052,5333.333333333333,0.0003012854099075453,693.1919538276644,0.037000000000000005,0.3557692307692309,0-0-632-1,ay0,UT_003,intvr,1,fave,144.583538272288,49.675284729168204,4,like,1,0.07995599999992464,"",i,L,K,L,K,internal
580.9173876236782,1150.0793558725034,2189.8733278397303,2.744638199141637,4.263254606496421,3.966232662404725,5333.333333333333,0.0004279778487317449,701.4059465034013,0.025,0.21929824561403513,0-0-655-1,ay0,UT_003,intvr,1,fave,526.8774027840626,41.739112677626075,4,wife's,1,0.09002699999996366,my,read,W,F,W,F,internal
705.1150547415946,1223.889263756361,2889.5421450726712,3.2647566942977444,3.993639175032195,4.287997640972847,5871.794871794871,0.002690240588316084,711.5094404965987,0.035,0.28225806451612906,0-0-679-1,ay0,UT_003,intvr,1,fave,171.77311798847325,42.41544616902167,4,like,1,0.09997599999996964,didn't,"",L,K,L,K,internal
760.1876692577007,1443.383943944955,2860.047885521303,3.498624990068089,3.6582216164404318,4.213309923101611,6051.282051282051,0.0021548127349106843,810.344173834467,0.025,0.16233766233766234,0-0-734-1,ay0,UT_003,intvr,1,fave,-330180.8598246289,38.86657061872709,4,writing,1,0.13000499999998283,his,was,R,T,R,T,internal
654.7602687441861,1376.1376686403999,2460.4661748624667,3.0929729550049387,3.59808636970079,4.3756130386559136,4974.358974358975,0.0004886575540496349,821.9617221655328,0.025,0.26595744680851063,0-0-761-1,ay0,UT_003,intvr,1,fave,3005.645761781069,41.591018988598094,4,like,1,0.07000700000003235,something,that,L,K,L,K,internal
695.4629348180094,1283.0999867255357,2848.788132820278,3.6298907893811925,4.19957812834681,4.35827412065659,5333.333333333333,0.04464669022783356,825.5717568276644,0.025,0.03148614609571788,0-0-777-1,ay0,UT_003,intvr,1,fave,583.7975984627567,44.76501796394656,4,like,1,0.7699579999999742,of,"",L,K,L,K,internal
474.6907422818165,1525.4073435776222,2544.616448570715,2.452442988112986,3.456148248667427,3.8368170382664846,4974.358974358975,0.0000642496548253752,886.9940478344672,0.033,0.39285714285714285,0-0-840-1,ay0,UT_003,intvr,1,fave,440.8952148194083,41.542525499537696,4,like,1,0.059996999999953005,but,you,L,K,L,K,internal
637.483548398304,1550.9304856572383,2531.9853134205237,2.950088240857181,3.69172167365549,3.8001271756096133,5333.333333333333,0.0006516495721948643,889.1020295034014,0.049,0.42982456140350883,0-0-847-1,ay0,UT_003,intvr,1,fave,-8393.441737828172,45.41376973698275,4,psychic,1,0.09002599999996619,"",medium,S,K,S,K,internal
616.2481254091673,1217.9566474027608,2608.765902928361,2.737566175382858,3.8617771494218576,4.387393322091184,5153.846153846154,0.0034773065926998075,893.7100541655329,0.065,0.24621212121212122,0-0-863-1,ay0,UT_003,intvr,1,fave,129.71690721678544,48.855625918028515,4,like,1,0.23998999999992066,that's,"",L,K,L,K,internal
563.5095161619254,1623.1983571449518,2922.2711008637452,3.1353503193367565,3.7866159630887086,4.411259193275617,5333.333333333333,0.0006842359334666705,899.5040428344671,0.063,0.6057692307692308,0-0-881-1,ay0,UT_003,intvr,1,fave,58.13813064218871,47.29890739030212,4,psychic,1,0.080016999999998,a,and,S,K,S,K,internal
550.0645847617535,1296.9937036742986,2442.80821300215,2.923790472060171,3.4052983587911454,3.575220126953213,5333.333333333333,0.00015789065149670483,1088.7686231723355,0.025,0.2976190476190476,0-0-906-1,ay0,UT_003,intvr,1,fave,83.54065731963668,39.14850353361482,4,like,1,0.060058999999910156,do,"",L,K,L,K,internal
495.1103215570815,1289.6375734411872,2523.7059107663044,2.8046513113342266,4.000418893309732,4.244207677727024,5333.333333333333,0.0001023159812606834,1210.5568311723355,0.025,0.33783783783783783,0-0-933-1,ay0,UT_003,intvr,1,fave,242.7355744018076,44.54440870763206,4,like,1,0.0500489999999445,into,a,L,K,L,K,internal
675.8749465540784,1509.3476133455388,2740.3194356000786,3.38154233170766,4.363245723329434,4.080717163425613,6230.7692307692305,0.0032449746493550505,1298.6703605034013,0.057,0.3097826086956522,0-0-1051-1,ay0,UT_003,intvr,1,fave,109.97502602980006,43.697646828443396,4,nice,1,0.160033999999996,a,comfortable,N,S,N,S,internal
437.68704601126757,862.1598345806998,1839.6919209990356,2.4645695463442636,4.039091429763344,4.358173961309341,4435.897435897436,0.00008902222691845209,165.61934516553288,0.025,0.33783783783783783,0-0-264-1,owr,UT_003,intvr,1,fave,452.2185025020115,37.52188608544436,4,for,1,0.050003000000003794,like,you,F,R,F,R,internal
501.5079159540069,1173.9373986550156,2763.4053110810505,2.707576979376465,3.41905819774966,3.863209346667924,5333.333333333333,0.0002940556097578697,548.4424581655329,0.027000000000000003,0.32142857142857145,0-0-521-0,owr,UT_003,intvr,1,fave,88.54384438440208,42.73884060876605,4,or,1,0.059996999999953005,at,"",#,R,T,R,initial
434.76293625283165,574.5519674981974,1994.4369258655354,3.0372443106826243,3.786265985139152,4.248192620488298,3897.4358974358975,0.0005068267484722795,678.5069721655329,0.027000000000000003,0.32142857142857145,0-0-609-1,owr,UT_003,intvr,1,fave,110.87352613286154,45.733677996587154,4,more,1,0.05999799999995048,two,books,M,R,M,R,internal
441.44421629186553,1020.9471511312175,2021.754063980047,2.811282432387678,3.8211695471766665,4.031728227562324,4435.897435897436,0.0004406730810269191,821.5067554965987,0.035,0.33653846153846156,0-0-759-0,owr,UT_003,intvr,1,fave,260.82681172377664,36.20506171859813,4,or,1,0.07995600000003833,"",something,#,R,"",R,initial
502.9643483593741,1975.7191161055632,3021.395029856565,3.0968870610431907,3.4534698646461783,4.360670422066437,5871.794871794871,0.0014403564495047993,827.4117355034012,0.045,0.3358208955223881,0-0-779-5,owr,UT_003,intvr,1,fave,94.64247724686489,43.862007300061265,4,exploring,1,0.11004600000001119,"",the,L,R,L,R,internal
445.10185853347866,987.9536534911559,2210.521889382,2.424716231524231,3.3857523739928608,3.8784472471868106,4615.384615384615,0.0010685607523441471,847.4938268344671,0.035,0.3365384615384616,0-0-809-0,owr,UT_003,intvr,1,fave,423.1129643317559,42.78568194887148,4,or,1,0.080016999999998,book,"",#,R,K,R,initial
455.62189934312045,1434.7494278180038,2191.3501384747174,2.3679501289022045,3.4883871329973593,3.8857727151006647,4615.384615384615,0.0008258910260296877,1087.6546395102043,0.037,0.32456140350877194,0-0-901-0,owr,UT_003,intvr,1,fave,449.904282912008,42.41622232666502,4,or,1,0.09008799999992334,readings,do,#,R,Z,R,initial
397.7254845537566,837.5370876526337,2006.712948494186,2.3782276163628433,3.3452977949467693,4.155886838625602,4615.384615384615,0.0006025758964764657,1211.6248674965984,0.040999999999999995,0.33064516129032256,0-0-938-0,owr,UT_003,intvr,1,fave,407.7909120846334,42.69014781591673,4,or,1,0.09997599999996964,job,do,#,R,B,R,initial
452.09468173988,705.9713530403586,2101.190527127295,2.771210771122623,3.679995969676326,3.0622563287137408,4435.897435897436,0.00008687511975827767,1281.9734061723357,0.031,0.32978723404255317,0-0-1000-1,owr,UT_003,intvr,1,fave,118.03745923687225,48.177018941891575,4,more,1,0.07006799999999203,[bracketed],about,M,R,M,R,internal
445.8535126877452,1129.0896919368286,1973.471378844063,2.2138161018651545,3.4276268545388597,3.6784788685587233,3897.4358974358975,0.00014333352373978238,188.38944983446714,0.037,0.32456140350877194,0-0-272-3,oy,UT_003,intvr,1,fave,112.09919849077616,52.12915873826106,4,enjoy,1,0.08999599999998509,you,it,JH,#,JH,i,final
445.95084988196317,1594.708922589577,2810.682900914382,2.7967016350784144,4.0870079165993385,4.2947119792450525,5692.3076923076915,0.010574869986976935,581.9664574965987,0.065,0.33505154639175255,0-0-542-3,oy,UT_003,intvr,1,fave,92.91863793732765,44.70476118765135,4,enjoy,1,0.169983000000002,you,doing,JH,#,JH,D,final
441.0018914146115,1637.2575096363787,2636.558352913831,3.083874397569036,3.980454285528764,4.350983978115597,5692.3076923076915,0.002601121806438547,610.1963394965987,0.04100000000000001,0.3306451612903227,0-0-563-3,oy,UT_003,intvr,1,fave,434.92999849588784,47.3468540409962,4,enjoy,1,0.09997599999996964,you,doing,JH,#,JH,D,final
403.73788481023246,1433.2800743853836,1951.7977020794604,2.236095586026206,3.8148274188164786,3.795685372485864,4076.923076923077,0.00010954805659721159,897.516066165533,0.027000000000000003,0.32142857142857145,0-0-876-3,oy,UT_003,intvr,1,fave,413.00436133843544,46.551602821830535,4,enjoy,1,0.05999799999995048,"",about,JH,#,JH,@,final
525.710019419971,1858.4364695402587,2731.531907901366,3.608267784103252,4.284653059377273,4.350361590362454,6589.74358974359,0.0012866396178491367,206.81675016553288,0.033,0.3173076923076924,0-0-278-1,ey,UT_003,intvr,1,fave,104.47225474792378,39.45210249513706,4,makes,1,0.08000200000000746,that,that,M,K,M,K,internal
410.4660862655827,1879.754738032472,2247.4215046618583,2.932699906929811,3.2760556164788657,4.3800152387061475,5871.794871794871,0.00003168182614390577,394.1405521655329,0.043000000000000003,0.5119047619047619,0-0-415-1,ey,UT_003,intvr,1,fave,155.902629975908,51.13951140412064,4,favorite,1,0.05999700000000985,your,places,F,V,F,V,internal
420.53088293670066,1517.2380397651764,2489.922263262863,2.7246671102345754,3.797913091697821,4.16572688238037,5871.794871794871,0.00013928769297892555,394.4315401655329,0.025,0.2976190476190476,0-0-416-2,ey,UT_003,intvr,1,fave,126.70714475712268,46.29941856392005,4,places,1,0.05999700000000985,favorite,in,L,S,L,S,internal
428.5744963521502,2213.3092213152063,2923.155140213791,2.591300693467492,3.471564380480138,4.096813990303967,5871.794871794871,0.0003140791168585994,461.0680388344671,0.037,0.3936170212765957,0-0-456-3,ey,UT_003,intvr,1,fave,86.06320830568995,40.960805406216245,4,vacation,1,0.07000700000003235,on,where,K,SH,K,SH,internal
369.24916592065466,2016.3987400417027,2471.2522863581344,2.780608255232946,3.693732307664158,4.307324896261832,6230.7692307692305,0.0007378675789318741,512.9270638344672,0.040999999999999995,0.39423076923076916,0-0-481-1,ey,UT_003,intvr,1,fave,122.71911475125943,47.57534804218047,4,favorite,1,0.080016999999998,any,hikes,F,V,F,V,internal
655.7521519095102,1817.2479671863805,2672.0026923014343,3.251189028498631,4.123989550380024,3.711147194525945,5512.820512820513,0.0015365872987114213,806.4931618276644,0.063,0.6057692307692308,0-0-718-1,ey,UT_003,intvr,1,fave,176.26425322525301,40.76223119983018,4,makes,1,0.07995600000003833,that,sense,M,K,M,K,internal
542.6409053326183,1704.4074840588721,2700.412580048721,3.7150303094591166,3.7020966317795154,4.355490722500457,5871.794871794871,0.0001406247827892992,877.010066834467,0.025,0.2976190476190476,0-0-814-1,ey,UT_003,intvr,1,fave,118.36490598234505,45.384010546428414,4,makes,1,0.05999800000006417,that,sense,M,K,M,K,internal
678.3792992696629,1871.6978035748525,2270.7780237496777,3.3125603551827725,3.908944900858262,3.9844955462796774,5512.820512820513,0.0004777462562602638,1083.2753514965987,0.049,0.42982456140350883,0-0-887-1,ey,UT_003,intvr,1,fave,6671.9598955350175,49.55927648816367,4,makes,1,0.08996600000000399,it,sense,M,K,M,K,internal
539.1194300738927,1551.5412968743065,2495.524693228429,2.8097873271683285,3.583090607234212,4.073152513482313,5692.3076923076915,0.0007208568712134323,1216.5768398344671,0.025,0.16233766233766234,0-0-958-1,ey,UT_003,intvr,1,fave,467.1005401610832,41.42286741564517,4,base,1,0.13000499999998283,the,"",B,S,B,S,internal
646.7769834361346,2146.7186169850775,3113.627269339286,3.818261445323069,3.6286462156576382,4.818139232717572,6948.717948717948,0.0017174551003194417,1259.8724101723355,0.069,0.7340425531914894,0-0-965-1,ey,UT_003,intvr,1,fave,92.62736350634934,39.05589349512291,4,makes,1,0.07006900000010319,that,sense,M,K,M,K,internal
446.4205550003349,1878.1333417294609,2420.688752539654,2.1855875237230027,3.5527969630866956,4.054053898046253,5153.846153846154,0.000437731153825787,1300.1143261723355,0.025,0.12254901960784313,0-0-1054-1,ey,UT_003,intvr,1,fave,148.51251650467145,49.76502054106322,4,pace,1,0.18005399999992733,"","",P,S,P,S,internal
430.44156455556924,1911.6281223976773,2458.953209963551,2.7482741314462027,4.0208941336822805,3.656712521764309,5333.333333333333,0.00012914717078629255,1314.3034188412698,0.025,0.26595744680851063,0-0-1099-1,ey,UT_003,intvr,1,fave,122.93352403028368,44.5728713193449,4,wait,1,0.07006899999987581,"",a,W,T,W,T,internal
708.1297411708523,1688.7113880575746,3066.0173589308383,3.7822048549292453,4.326731938418796,4.5875806747822985,6410.25641025641,0.0022064297489304036,41.10494816553288,0.025,0.21929824561403513,1-0-1-1,ow,UT_003,003,2,fave,289.310692077429,45.831189372771696,5,nope,1,0.0899999999999963,"",ready,N,P,N,P,internal
613.9097131261794,1021.1666288651202,2596.4774137923946,3.699337028129704,3.308632053528135,4.517112560186128,5692.3076923076915,0.00027282649605735794,113.77285183446712,0.045,0.39473684210526316,1-0-71-1,ow,UT_003,003,2,fave,205.30787693553825,54.019441838010415,5,going,1,0.09000399999999331,"",on,G,i,G,i,internal
630.2803592061297,1169.426084145876,2805.9914079308246,3.900831873111071,4.005410122129995,4.6714196169262605,6410.25641025641,0.021274628649019498,169.47935116553288,0.045000000000000005,0.3947368421052632,1-0-135-1,ow,UT_003,003,2,fave,223.70700410458505,53.5875177997561,5,going,1,0.08999600000001351,"",to,G,i,G,i,internal
746.2554239194667,1223.2363885829245,1739.199467745475,3.3067369075355173,3.27535693648159,4.516471297274535,4615.384615384615,0.003222218107704197,171.16934816553288,0.025,0.0984251968503937,1-0-141-1,ow,UT_003,003,2,fave,256.36735206383213,56.69920465259772,5,home,1,0.22999599999999987,coming,not,HH,M,HH,M,internal
760.5905928996942,1468.2673916121887,2585.799140155836,3.4758892077982373,3.5757166793556827,4.673665243909106,6410.25641025641,0.0005380938839075094,172.26934416553289,0.045000000000000005,0.3947368421052632,1-0-146-1,ow,UT_003,003,2,fave,202.43129535148194,53.1517887441216,5,don't,1,0.08999699999998256,i,have,D,N,D,N,internal
683.1877300097027,1478.7270923935403,3276.756852357348,3.3924794865540875,4.2060350907903326,4.435316575912391,7128.205128205128,0.00021034675223037183,281.6292388344671,0.025,0.24038461538461536,1-0-364-1,ow,UT_003,003,2,fave,324.57974458270286,53.72150459061655,5,most,1,0.080016999999998,the,recent,M,S,M,S,internal
638.892167944915,1609.7595225887196,2711.025666197983,3.4354699311806227,3.40973154905996,3.7259308201940375,6051.282051282051,0.000979060882850628,288.1202531655329,0.027000000000000003,0.18750000000000003,1-0-380-1,ow,UT_003,003,2,fave,225.62379016073177,58.03127534524837,5,going,1,0.11999499999996033,"",to,G,i,G,i,internal
589.1850169446313,1009.0253753817944,2849.9115653481463,3.8420001348358137,3.7452989158457313,4.63652011502994,5871.794871794871,0.0058296980559027645,293.5192528344671,0.025,0.17361111111111113,1-0-393-1,ow,UT_003,003,2,fave,183.01963157159696,41.87543666138388,5,lower,1,0.11999499999996033,been,"",L,*hr,L,*hr,internal
631.4056244441532,1238.755428486615,2566.56497237749,3.6718331737004224,3.3851655168387453,4.298502709857005,5692.3076923076915,0.0004232302403215904,298.9307461655329,0.025,0.2976190476190476,1-0-418-0,ow,UT_003,003,2,fave,209.37266400855444,53.38171795506663,5,over,1,0.05999800000000732,you,there,#,V,uw,V,initial
739.6995002519888,1350.9927389602524,3040.365469645948,3.017668839189483,3.1247789870894116,3.925686047327108,5692.3076923076915,0.00011636805614117765,350.5062528344671,0.025,0.20161290322580647,1-0-530-1,ow,UT_003,003,2,fave,188.56305942912277,54.61669797439324,5,most,1,0.10000600000000759,the,basic,M,S,M,S,internal
572.7101354518237,1037.4328261785051,2668.9644072493406,3.752638320451598,3.707517010091464,4.900006022916392,6589.74358974359,0.003506962232226173,370.44326016553293,0.059000000000000004,0.40972222222222227,1-0-594-1,ow,UT_003,003,2,fave,196.72825618276917,59.535036875325915,5,going,1,0.11999499999996033,we're,with,G,i,G,i,internal
673.4552829612301,1175.1551838051855,2982.6852294033065,3.6843924253836797,3.643464553558642,4.325177050836214,6230.7692307692305,0.002019284070293721,400.7526501655328,0.04100000000000001,0.3306451612903227,1-0-602-1,ow,UT_003,003,2,fave,269.9470998492786,62.31578193568127,5,going,1,0.10000600000000759,like,to,G,i,G,i,internal
580.2062022042616,1431.6118625003226,2925.6987600571247,3.426846576753409,3.932330344815618,3.9011619575052974,6051.282051282051,5.559286876924466e-6,415.64465550340134,0.025,0.33783783783783783,1-0-657-1,ow,UT_003,003,2,fave,237.65218811585095,52.12137938814635,5,those,1,0.050018000000022766,"",are,DH,Z,DH,Z,internal
686.6551255319207,1244.2364066204325,2955.183808454298,3.3123537145159747,3.2538706772620953,4.093744468547425,6051.282051282051,0.00006036662847301873,467.6695461655329,0.025,0.21929824561403513,1-0-749-1,ow,UT_003,003,2,fave,171.2496095261487,54.08676696722503,5,local,1,0.0899970000000394,pretty,"",L,K,L,K,internal
734.4136630609149,1335.0068537349186,3099.7559759229903,3.1879478660358047,3.228663887623584,4.168481245487262,6051.282051282051,0.00029238345571495883,477.10954916553294,0.025,0.18656716417910452,1-0-782-1,ow,UT_003,003,2,fave,187.07414180068577,53.00512402951927,5,logan,1,0.10998499999999467,to,it's,L,G,L,G,internal
576.6117918488499,897.3493297119916,2905.5075143269864,3.6411984190562596,3.1384921223786852,4.226496181906762,6051.282051282051,0.0006867944996840206,477.7295498344671,0.025,0.17361111111111113,1-0-785-1,ow,UT_003,003,2,fave,195.6987258424705,55.75663589216278,5,whole,1,0.11999500000001717,a,hour,HH,L,HH,L,internal
693.9041208538684,1331.8702634817919,2662.9818382038816,3.2178879212779514,3.5224171519744436,3.9188858536833724,5692.3076923076915,0.00010886075014869546,481.1002468344671,0.025,0.20161290322580647,1-0-794-1,ow,UT_003,003,2,fave,230.32071172425424,60.43691083484539,5,hotel,0,0.10000600000000759,a,"",HH,T,HH,T,internal
661.3104756410264,1196.1830368181593,2985.8527058647046,3.4397057407350644,3.5630920732530282,3.9430828894151726,5871.794871794871,0.00017774532597098335,488.1902428344671,0.025,0.20161290322580647,1-0-819-1,ow,UT_003,003,2,fave,176.7019173604279,46.39467918598753,5,local,1,0.10000600000000759,pretty,i,L,K,L,K,internal
641.1984158217201,897.602440009193,3013.101739029524,3.2240197578496113,3.589067279611867,3.6074537236922852,5512.820512820513,0.00024013034144003095,498.1902428344671,0.025,0.26595744680851063,1-0-834-1,ow,UT_003,003,2,fave,224.42343230919266,54.95654720119133,5,cold,1,0.07000800000002982,too,"",K,L,K,L,internal
637.7230127004694,919.2612794171467,2819.95909812773,3.2543700754121367,2.952565203511071,3.80282306184585,6051.282051282051,0.0001772205486333682,503.6002468344671,0.025,0.21929824561403513,1-0-856-1,ow,UT_003,003,2,fave,242.36723570550382,63.471222715556586,5,cold,1,0.08999599999998509,"","",K,L,K,L,internal
583.1731545138384,1176.883785230542,2589.153556611994,3.518247853270101,3.15006664097302,3.491861091299684,5692.3076923076915,2.6212147094657346e-6,517.5710268344671,0.029,0.34523809523809523,1-0-886-1,ow,UT_003,003,2,fave,199.19406358933384,54.43958383207871,5,going,1,0.05999799999995048,ogden,up,G,i,G,i,internal
597.6328645289262,1612.3292717976817,2726.084818320587,3.5098470660562673,3.960650592974139,4.107627016671788,6410.25641025641,0.00008352066699481749,568.3981231655328,0.025,0.2976190476190476,1-0-955-1,ow,UT_003,003,2,fave,319.7835418762599,45.73913022023525,5,don't,1,0.05999800000006417,i,know,D,N,D,N,internal
768.4492919301191,1329.7504781654534,2840.9481193109136,3.1393100758544006,4.156748870164724,4.225372061280824,6051.282051282051,0.0006171788074262419,597.0703558344671,0.029,0.27884615384615385,1-0-990-1,ow,UT_003,003,2,fave,265.12967259305,58.39107231203199,5,mostly,1,0.080016999999998,i,i,M,S,M,S,internal
707.6686969622209,1240.290311664014,2887.670375004521,3.2430851523037507,3.714593415490097,3.9796321413382123,5871.794871794871,0.000513457577560279,597.6513558276645,0.031000000000000003,0.2980769230769232,1-0-992-1,ow,UT_003,003,2,fave,248.3388350116255,59.70070422776435,5,mostly,1,0.07995600000003833,i,read,M,S,M,S,internal
739.6646970520476,1230.106507799746,2076.7668566593647,3.545501730936075,3.798653810056993,4.234303611085701,6410.25641025641,0.00006315647059708654,649.9582495034012,0.035,0.3365384615384616,1-0-1064-2,ow,UT_003,003,2,fave,246.14644099551435,63.16245399192564,5,growing,1,0.080016999999998,to,up,R,i,R,i,internal
681.2636962341858,1149.6462906889708,2768.338831423128,3.550247392897278,3.3752379025008676,4.077292905796668,6051.282051282051,0.00007307150316278854,656.5908664965987,0.025,0.24038461538461536,1-0-1092-1,ow,UT_003,003,2,fave,216.34104134151295,60.6636182598662,5,most,1,0.07995600000003833,the,recent,M,S,M,S,internal
636.646224363633,1557.3042290280775,2677.139265701255,3.5387492760674606,3.4516787618276514,3.6602146465575656,5692.3076923076915,0.000295809088811854,672.5908721655328,0.025,0.17361111111111113,1-0-1131-1,ow,UT_003,003,2,fave,191.94412764703162,52.196635830146604,5,cozy,1,0.11999500000001717,a,"",K,Z,K,Z,internal
771.4200539594094,1084.2263394642737,2089.0536621821548,3.359785416563461,3.986717565743513,4.0192028992082465,4794.871794871795,0.0013199708850598023,716.6968291655328,0.025,0.16233766233766234,1-0-1174-2,ow,UT_003,003,2,fave,238.8421363722163,63.00995847167335,5,thrones,1,0.13000499999998283,of,"",R,N,R,N,internal
678.1628220296739,1679.8974185945126,2818.0230998584607,3.399536781381112,3.360818254395386,3.8640713161090257,6051.282051282051,0.00036060127251974863,722.0168361655328,0.025,0.0748502994011976,1-0-1184-1,ow,UT_003,003,2,fave,204.39630216864754,57.35699840658633,5,those,1,0.3099979999999505,into,"",DH,Z,DH,Z,internal
717.9688293654923,1468.6919477713816,2821.6851632767975,3.230120712228109,4.269440770428184,4.475935333805497,7128.205128205128,0.004858287312671082,754.3665351655328,0.043000000000000003,0.3208955223880598,1-0-1286-1,ow,UT_003,003,2,fave,246.08094501732245,59.257215607354055,5,don't,1,0.10998500000005151,"",know,D,N,D,N,internal
634.3083059350365,1521.3570698350568,2717.3392681795317,3.139592723721641,3.4044143427644045,3.9452020670947423,6051.282051282051,0.00016388689327487998,759.667537834467,0.025,0.24038461538461536,1-0-1308-1,ow,UT_003,003,2,fave,211.9481566182172,61.21065064620831,5,don't,1,0.080016999999998,i,know,D,N,D,N,internal
678.4909436523433,1708.0872772403568,2596.8719207429685,3.5330241193327234,3.8871113951899594,4.043804332571741,6948.717948717948,0.0005990725736014882,762.7927704965987,0.025,0.24038461538461545,1-0-1319-1,ow,UT_003,003,2,fave,295.1089616903514,62.919939409307915,5,don't,1,0.07995600000003833,i,know,D,N,D,N,internal
646.0369585306983,1661.757585836639,2776.999170324583,3.4299758584623294,3.3487469392923948,4.147583166851879,6051.282051282051,0.0019482784492852135,772.7067491655329,0.033,0.125,1-0-1360-4,ow,UT_003,003,2,fave,196.17845651002443,55.95322435553895,5,episode,2,0.23999099999991813,first,"",S,D,S,D,internal
605.3838265078814,1457.435121928941,2830.1889561840303,3.3416474344959277,3.5607653209911185,4.030083980399733,6051.282051282051,0.00149549842006488,777.4857295034013,0.031,0.1781609195402299,1-0-1377-4,ow,UT_003,003,2,fave,62.56331714713199,45.804732054120436,5,episode,2,0.15002400000003036,first,"",S,D,S,D,internal
746.3329978334447,1401.9679062617765,1976.336231359243,3.100926653477699,3.790557038121733,4.728274601677466,5153.846153846154,0.0008632607428866781,805.4091594965987,0.035,0.3365384615384616,1-0-1455-2,ow,UT_003,003,2,fave,186.869420415576,46.98744027524971,5,thrones,1,0.07995699999992212,of,"",R,N,R,N,internal
610.9572284633775,1402.7068310366894,3025.876604446027,3.325381073924142,3.774408030538089,3.57881415859094,5871.794871794871,0.0013122124570032934,870.6720465034014,0.029,0.16666666666666669,1-0-1576-1,ow,UT_003,003,2,fave,259.84627239603344,62.68313012765463,5,those,1,0.15002400000003036,"",are,DH,Z,DH,Z,internal
628.4190153460684,1545.2164708978119,2548.4299047324525,3.5697791407094375,4.006639385680128,4.117483617162611,6051.282051282051,0.00018474701654877168,874.3100491655327,0.025,0.2976190476190476,1-0-1588-1,ow,UT_003,003,2,fave,174.16679785637277,46.90471855086415,5,don't,1,0.05999800000006417,they,get,D,N,D,N,internal
604.7018471493594,1396.8423372571376,2815.927534427053,3.3410319626396867,3.7000426564785465,3.9020317692882003,6051.282051282051,0.00003424228598542489,934.8562481655327,0.035,0.37234042553191493,1-0-1741-0,ow,UT_003,003,2,fave,294.6188584418684,54.01061243212166,5,okay,2,0.07000700000003235,like,"",#,K,K,K,initial
709.8346941874499,1505.0772199150667,2338.124271121862,3.123211001905696,3.7856671683130765,3.646964404776914,5692.3076923076915,0.0007962704414777644,937.2212431655328,0.025,0.18656716417910452,1-0-1746-1,ow,UT_003,003,2,fave,254.79141702067838,57.75351392241528,5,roses,1,0.10998500000005151,you,"",R,Z,R,Z,internal
688.6597284781224,1272.0852976329684,1924.643344654803,3.404923061284694,3.8686352492055747,3.752628595050552,4794.871794871795,0.0009356115305393704,939.9462694965987,0.035,0.3070175438596492,1-0-1751-1,ow,UT_003,003,2,fave,263.55244178807146,53.60599849440457,5,don't,1,0.08996600000000399,i,"",D,N,D,N,internal
670.3357992528545,1371.4933704853588,2457.5011993555117,3.162614295542478,3.687307357857355,3.78411718949385,5512.820512820513,0.0003472959847671565,940.8512424965986,0.025,0.20161290322580647,1-0-1756-1,ow,UT_003,003,2,fave,105.82417842267077,51.649269461720046,5,roses,1,0.09997600000008333,you,and,R,Z,R,Z,internal
615.2125138150376,1329.9041813868464,2702.9064835427516,3.3481767926245505,3.677532898072634,3.4810351885025335,5871.794871794871,0.00004943567942390306,943.921260834467,0.025,0.26595744680851063,1-0-1771-1,ow,UT_003,003,2,fave,200.6513008743304,58.195199474234435,5,both,1,0.07000800000002982,they,look,B,TH,B,TH,internal
645.2613889568859,1344.5937829512252,2950.0217218221246,3.221031195379839,3.6497185375722805,3.384942614277901,5871.794871794871,0.00045825829448522404,946.3112644965987,0.025,0.20161290322580647,1-0-1783-0,ow,UT_003,003,2,fave,228.33118432905295,58.679899268468844,5,over,1,0.09997599999996964,driving,here,#,V,NG,V,initial
596.549900889223,1318.743072258119,2309.365913836388,3.3281807003250408,3.566668727046885,3.8930020806791097,5512.820512820513,0.0002846622370157783,950.1112524965987,0.025,0.21929824561403513,1-0-1800-1,ow,UT_003,003,2,fave,105.55755748996583,51.21220786786453,5,rosebush,1,0.08996600000000399,a,and,R,Z,R,Z,internal
658.2829494167029,1544.7171327549358,2551.247740063776,3.2910512172391115,3.474742002170333,3.7521267159320546,5692.3076923076915,0.0018503667847703427,952.3869561723357,0.029,0.2338709677419355,1-0-1811-0,ow,UT_003,003,2,fave,269.26123570166675,60.2992242859237,5,okay,2,0.10003699999992932,like,"",#,K,K,K,initial
700.6611368360471,1393.633170059218,2746.1411711375235,3.5568198781821403,3.9060111687631736,4.653102029102249,5153.846153846154,0.0004799181205040428,963.8079278344671,0.031000000000000003,0.2980769230769232,1-0-1868-1,ow,UT_003,003,2,fave,240.19194135349116,53.90079092425394,5,don't,1,0.080016999999998,i,know,D,N,D,N,internal
622.2604281739104,1426.2300123415525,2769.5394724969406,3.4939571362096675,3.715718780280321,3.391523520796036,5871.794871794871,0.00013908328277677958,967.5959554965987,0.027,0.25961538461538464,1-0-1889-0,ow,UT_003,003,2,fave,266.15109823987837,56.738492643195926,5,okay,2,0.07995599999992464,like,and,#,K,K,K,initial
583.5082020303771,1589.0826776890938,2547.6757891288007,3.277111420540178,3.6485493269511777,3.542317689992717,5512.820512820513,0.000015340116349054085,970.1749341723356,0.025,0.33783783783783783,1-0-1899-1,ow,UT_003,003,2,fave,271.50040110687416,60.350990613710785,5,showing,1,0.050049000000058186,grandpa's,me,SH,i,SH,i,internal
568.5750736611509,1658.5897561186634,2679.1991297789205,3.2949777904510213,3.8410559951249863,4.244057615605254,5692.3076923076915,0.00008972970751045644,980.7536531655328,0.025,0.2976190476190476,1-0-1944-1,ow,UT_003,003,2,fave,255.32348830903814,58.633590035075066,5,showing,1,0.059996999999953005,he's,me,SH,i,SH,i,internal
533.8604604574543,1327.3696860587622,3037.0840888283324,3.4818737206026102,4.177651045862286,4.570962109244661,6589.74358974359,0.000752434503404239,982.7036708344671,0.025,0.26595744680851063,1-0-1953-1,ow,UT_003,003,2,fave,206.73699843938152,55.97585627803304,5,those,1,0.07000700000003235,had,worker's,DH,Z,DH,Z,internal
669.902178639455,1420.44036559234,2616.945581147631,3.408757273458254,3.673190423769425,4.814302028399355,5512.820512820513,0.00027812287080825916,991.4636638276644,0.025,0.24038461538461545,1-0-1992-0,ow,UT_003,003,2,fave,227.4139365905808,62.89032386256246,5,owned,1,0.07995600000003833,that,the,#,N,T,N,initial
630.660744543652,1108.2819250777782,2648.8695426020204,3.6769209791654514,3.4547670844744482,4.564942143334556,5692.3076923076915,0.00010110428188449198,1003.2036708344671,0.025,0.26595744680851063,1-0-2033-1,ow,UT_003,003,2,fave,176.24447954456494,55.21173046865974,5,soul,1,0.07000700000003235,your,to,S,L,S,L,internal
603.1610016250132,1016.1180781794748,2668.951724061069,3.786686744924036,4.118528113935481,5.046648496071802,6051.282051282051,0.0072818977815528535,1029.0767764965985,0.031,0.2719298245614035,1-0-2139-1,ow,UT_003,003,2,fave,225.32790457263593,52.18534612448311,5,going,1,0.08996600000000399,"","",G,i,G,i,internal
581.1008954269083,1020.9078148114639,2884.5401609038804,3.7154133628839476,3.3191628117237797,4.154415434938311,5871.794871794871,0.00021861675455385346,1042.5316798276642,0.027000000000000003,0.2872340425531915,1-0-2192-0,ow,UT_003,003,2,fave,283.0606101907334,57.72675708320604,5,open,1,0.06994699999995646,i'm,to,#,P,M,P,initial
668.8083868321266,1599.3733692460573,2551.0893942748785,3.228864374831848,3.445932794558565,3.479935914904804,5692.3076923076915,0.0024391392134510363,1057.473638834467,0.031,0.17816091954022986,1-0-2253-0,ow,UT_003,003,2,fave,228.0714215026368,52.5561378562522,5,okay,2,0.15002400000003036,like,"",#,K,K,K,initial
536.9604037613855,1869.2197134560831,2612.15065265352,3.2632815013392467,3.676982836004972,3.9136739463589523,6051.282051282051,0.0006121991905663946,1062.6553721655328,0.029,0.21641791044776124,1-0-2270-0,ow,UT_003,003,2,fave,246.34129572254528,60.197324721069215,5,okay,2,0.10998500000005151,like,"",#,K,K,K,initial
732.4267250219732,1398.1853320924447,2359.49511289485,3.5140990334962683,3.500735798575295,3.6292660689473615,5512.820512820513,0.0008066534363444922,1070.933401165533,0.025,0.16233766233766234,1-0-2305-1,ow,UT_003,003,2,fave,203.7954564782441,52.355685849787065,5,rosebush,1,0.13000499999998283,a,or,R,Z,R,Z,internal
727.0682489542182,1699.5508772984663,2905.6701740273943,3.0473735082150895,3.5489548809111966,4.227705599700192,5512.820512820513,0.0005863323693383179,1076.3533345034016,0.025,0.14367816091954022,1-0-2326-1,ow,UT_003,003,2,fave,229.78428586573537,61.92821328437337,5,don't,1,0.15002499999991414,i,know,D,N,D,N,internal
591.9626359662086,1165.7111311687183,2106.3941617303153,3.639403360845666,3.601487357605854,4.580963214287155,6051.282051282051,0.0032362163418945588,1094.7739211655328,0.041,0.3059701492537314,1-0-2371-2,ow,UT_003,003,2,fave,214.8024074923695,58.7382165565637,5,grown,1,0.10998500000005151,kinda,"",R,N,R,N,internal
735.8079108399022,1314.3753299310583,2961.707021217619,3.766833512985397,3.6576289979471874,4.499094647371737,6948.717948717948,0.00065046348830232,1126.1253274965986,0.049,0.3951612903225807,1-0-2493-1,ow,UT_003,003,2,fave,217.1609980188279,64.01984492309167,5,don't,1,0.09997599999996964,i,have,D,N,D,N,internal
625.4877999810673,1765.0635285968328,2926.4505667135477,3.807234717853467,4.002404240598936,4.671323451722963,6769.2307692307695,0.0010231618768578492,1131.1533664965987,0.025,0.24038461538461545,1-0-2509-1,ow,UT_003,003,2,fave,263.0458853781886,65.04986299998191,5,don't,1,0.07995600000003833,i,do,D,N,D,N,internal
643.8787708222486,1385.91196854155,3066.1701197717152,3.6711899877671335,4.2869811442304275,4.489708740598429,7128.205128205128,0.006183355347361041,1134.4552948344672,0.049,0.2987804878048781,1-0-2524-1,ow,UT_003,003,2,fave,224.96872996622886,57.45626935992857,5,don't,1,0.1400149999999485,also,do,D,N,D,N,internal
700.4395123594812,1289.4425287759202,3040.2179421934657,3.648534620481397,3.9496731963607994,3.5113854674369267,5692.3076923076915,0.00003270454711470949,1152.2559281723354,0.025,0.2976190476190476,1-0-2582-1,ow,UT_003,003,2,fave,249.36886740003658,53.88091962943106,5,mostly,1,0.060058999999910156,so,it's,M,S,M,S,internal
645.3368539014149,1659.29271335249,2883.7909484751153,3.3885518834414676,3.5971839468548366,4.4588059390617545,6230.7692307692305,0.0017310275932297444,1155.5759621587301,0.025,0.1288659793814433,1-0-2595-1,ow,UT_003,003,2,fave,201.257059041343,62.13428364201237,5,knowing,1,0.16992200000004232,a,"",N,i,N,i,internal
737.8408987437009,1461.7637989750633,2836.2652882666007,3.253170346001102,4.029000380799044,4.570809100437146,6948.717948717948,0.0027169958370062155,1159.0099068344673,0.053000000000000005,0.3441558441558442,1-0-2606-1,ow,UT_003,003,2,fave,246.0890614409813,63.7577092594141,5,don't,1,0.13000499999998283,i,know,D,N,D,N,internal
546.8373487772619,964.2788527366655,2951.6476007626075,3.4425677791250586,3.3396869750693776,3.9411436000128544,6230.7692307692305,0.00031212375865503314,1220.8279081655328,0.075,0.2952755905511811,1-0-2802-1,ow,UT_003,003,2,fave,205.5817371972005,59.401731833848686,5,goal,1,0.22998100000017985,end,"",G,L,G,L,internal
547.4209746486614,985.4189956178013,2701.2564373870896,3.2764347686230955,2.205486413914098,3.6376007978745117,6051.282051282051,0.00014596364278152824,1230.2949095034014,0.029,0.16666666666666669,1-0-2832-1,ow,UT_003,003,2,fave,238.31474763472872,70.77371164300277,5,goal,1,0.15002500000014152,the,is,G,L,G,L,internal
623.9639646665938,1544.2958662424278,3112.9240952382765,3.1573445449126427,3.5122112116046966,3.745815365119652,6410.25641025641,0.0007913752351708309,1241.457478834467,0.027000000000000003,0.16463414634146345,1-0-2871-1,ow,UT_003,003,2,fave,212.29867936461156,60.45676894073404,5,those,1,0.1400140000000647,once,are,DH,Z,DH,Z,internal
572.2763844012218,1553.6770193845327,2767.334640109382,3.0725256676653636,3.6323022266621385,3.5002431790562727,5692.3076923076915,0.00008251503352490902,1243.4164568412698,0.025,0.26595744680851063,1-0-2881-1,ow,UT_003,003,2,fave,190.94624983844318,54.35993150054305,5,going,1,0.07006799999999203,"",part,G,i,G,i,internal
693.7158026187295,1093.2151765328542,2867.7728100542276,3.1093193691754673,2.571959271208076,3.729584992488069,6589.74358974359,0.000047779289591980365,1248.4164511723354,0.025,0.2976190476190476,1-0-2893-1,ow,UT_003,003,2,fave,265.3306891058309,69.90052362853002,5,hopefully,1,0.06005800000002637,see,hopefully,HH,P,HH,P,internal
716.874809491255,1332.8340808889072,2717.0310707964995,2.9138778863580246,3.6918810924674688,4.083941888790956,6051.282051282051,0.0004570547977118115,1248.8264568276645,0.025,0.24038461538461545,1-0-2894-1,ow,UT_003,003,2,fave,324.31350769645894,72.62192850084537,5,hopefully,1,0.07995600000003833,hopefully,it,HH,P,HH,P,internal
622.1480832202183,1343.3367280919422,2203.0551079617344,3.1114718679281004,3.448288342999414,3.9817955132030987,6051.282051282051,0.000048991178459663116,1249.2864518412698,0.025,0.24038461538461545,1-0-2896-2,ow,UT_003,003,2,fave,273.29724194261,70.46689543253106,5,grows,1,0.08007799999995768,it,quickly,R,Z,R,Z,internal
685.4267547815265,1463.693476829883,2493.841308197854,3.15407222776048,3.289088183909482,3.696438379292674,5871.794871794871,0.0013484991803050642,1437.0038475034016,0.025,0.1288659793814433,1-0-3124-7,ow,UT_003,003,2,fave,223.080854255023,54.97701671269531,5,microscope,2,0.17004399999996167,the,"",K,P,K,P,internal
652.2921612764305,1342.9961253613087,2536.43284796092,3.222044653409981,3.5517526605299032,3.840395682104022,6230.7692307692305,0.0002493109808473507,1504.9973604965987,0.025,0.21929824561403513,1-0-3247-1,ow,UT_003,003,2,fave,233.34754442113575,60.89404975390801,5,roman,1,0.08996600000000399,the,people,R,M,R,M,internal
650.3529323466236,1439.9993601396804,2853.47384896506,3.3811614188058874,3.5723970337199398,3.567697596291327,6051.282051282051,0.000549270485362801,1505.887381165533,0.025,0.18656716417910452,1-0-3249-2,ow,UT_003,003,2,fave,207.33706436793216,55.70396564660876,5,spoke,1,0.10998500000005151,people,latin,P,K,P,K,internal
678.2298744576833,1785.4565746998592,2836.144371954265,3.500529146027755,3.953942253719061,4.151160614845987,6769.2307692307695,0.010569589307876995,1533.3592824897958,0.025,0.08503401360544217,1-0-3297-2,ow,UT_003,003,2,fave,243.71161047877257,60.468922413130976,5,stone,1,0.2698970000001282,the,is,T,N,T,N,internal
662.2740764728936,1853.6907301787953,2884.7633695853706,3.1564443848429473,3.6516468187771216,3.5953752457842816,5871.794871794871,0.0002569398220884023,1539.1392178344672,0.025,0.14367816091954025,1-0-3307-4,ow,UT_003,003,2,fave,251.01035494780663,62.01703956113418,5,windows,0,0.15002400000003036,the,need,D,Z,D,Z,internal
646.9148159722972,1370.231183978714,2868.625456094775,3.037670621519993,3.260188566958423,3.908149052568665,5871.794871794871,0.0006210304300886626,1545.5992894965987,0.025,0.18656716417910452,1-0-3323-0,ow,UT_003,003,2,fave,228.76628805677885,57.97026235673891,5,over,1,0.10998500000005151,"",the,#,V,"",V,initial
744.9969770654747,1701.173195529846,2371.102352485629,3.80314305547604,3.9431723169127975,4.176207668058912,6410.25641025641,0.000012962155883476909,41.39494516553288,0.025,0.33783783783783783,1-0-2-1,e,UT_003,003,2,fave,277.3375573752991,51.503666390893926,5,ready,1,0.05000299999999669,nope,"",R,D,R,D,internal
770.1884956786025,1767.083356646771,3171.339095437976,3.5286027131581568,3.1818007628002998,3.393176238326466,6410.25641025641,0.00006825505112136858,79.83854716553287,0.061000000000000006,0.3315217391304348,1-0-22-1,e,UT_003,003,2,fave,213.7160007825573,52.42565226070851,5,then,1,0.1599960000000067,and,"",DH,N,DH,N,internal
662.56460875279,1930.5335989988982,2979.707356149004,2.8416144907014638,3.6188010894297844,4.312236561015675,6589.74358974359,0.0009980141702004078,81.32854716553288,0.040999999999999995,0.33064516129032256,1-0-27-1,e,UT_003,003,2,fave,215.15957003948574,55.00834151394257,5,there,1,0.09999899999999684,lived,until,DH,R,DH,R,internal
758.4519268714552,1791.1604328555998,3123.3890331697753,3.394067289855473,3.0630847544069186,3.684576909405878,6410.25641025641,0.00023658133097555835,111.25985283446713,0.07899999999999999,0.3376068376068376,1-0-65-1,e,UT_003,003,2,fave,187.4732559754025,48.446983548819325,5,then,1,0.20999899999999627,and,"",DH,N,DH,N,internal
690.1751418697878,2062.264536497811,2863.3719963429266,3.309861525106553,4.0283186513121265,4.2906778075867305,6769.2307692307695,7.532499164458552e-6,149.3017481655329,0.025,0.33783783783783783,1-0-119-1,e,UT_003,003,2,fave,207.4357447367,54.51840610175018,5,technically,1,0.05000399999997285,can,"",T,K,T,K,internal
712.3613710824419,1689.9065169062837,2638.2002195427585,3.9120486018371916,3.9389404373977883,4.314253423442389,6589.74358974359,0.00046778254429806525,150.7947541655329,0.031,0.32978723404255317,1-0-125-2,e,UT_003,003,2,fave,188.6588480947138,42.716861829197924,5,french,1,0.06999199999998496,in,"",R,N,R,N,internal
794.3619000543306,1953.6871396470517,2802.9922790664823,2.636636686787636,3.577148814039463,4.297667942737922,6410.25641025641,0.00041006026337174245,174.11644516553287,0.051000000000000004,0.3311688311688312,1-0-154-1,e,UT_003,003,2,fave,200.47793647248983,52.98139414410768,5,pets,1,0.13000499999998283,got,"",P,T,P,T,internal
768.6872071362676,1818.4935950476342,2936.233379125821,3.164660033311194,3.3947095076155955,3.872219885638047,6230.7692307692305,0.0003204454069934679,241.19235183446713,0.037000000000000005,0.324561403508772,1-0-302-1,e,UT_003,003,2,fave,185.60791584599355,46.99190766938308,5,sense,1,0.08999700000001098,sixth,that,S,N,S,N,internal
762.3728441213415,1921.6389346462797,2915.3615909679465,2.5644882193883123,3.706727112361057,4.112124488385619,6230.7692307692305,0.0003545005150756144,272.2542581655329,0.035,0.3365384615384616,1-0-355-1,e,UT_003,003,2,fave,254.29006113494614,48.54458434782843,5,better,1,0.0799870000000169,"",than,B,T,B,T,internal
757.5519724136121,1933.7873645256832,3374.184427024359,3.364172234681455,4.0087146002371945,4.391141302201606,5871.794871794871,0.005066445441640947,273.2992418344672,0.045,0.3358208955223881,1-0-359-4,e,UT_003,003,2,fave,-1519.6338143047378,45.469662341236365,5,expected,1,0.11001599999997325,i,"",P,K,P,K,internal
654.1824045453636,2225.2107879509053,2740.2348872728335,3.0583410020002173,3.8027424052636833,4.102672476704987,6410.25641025641,0.0006249446174727585,295.5972508344671,0.061000000000000006,0.3315217391304348,1-0-400-0,e,UT_003,003,2,fave,NaN,41.80112021737999,5,ended,1,0.1600029999999606,i,"",#,N,ay,N,initial
621.5028519040104,2166.8433595866754,2775.119213204645,3.5792120883261958,4.061293674138414,4.398726963549446,6769.2307692307695,0.004083140020361505,299.2207461655329,0.10500000000000001,0.33439490445859876,1-0-419-1,e,UT_003,003,2,fave,296.91209344204344,57.19102537023029,5,there,1,0.29000899999999774,over,"",DH,R,DH,R,internal
728.1890020608365,1893.8566169961782,2930.6156411773704,2.941185057645207,3.6718716188886202,3.9984334902206715,6769.2307692307695,4.362314878550921e-6,300.6417438344671,0.027000000000000003,0.32142857142857145,1-0-423-1,e,UT_003,003,2,fave,239.81192892145626,64.71275294837707,5,hemmed,1,0.05999700000000985,i,and,HH,M,HH,M,internal
736.7586885979874,1808.6892079721486,2877.6874870509087,2.745011866359707,3.1540259619469952,3.7523743165251218,6589.74358974359,0.00013029106256938732,304.7287608344671,0.04100000000000001,0.3306451612903227,1-0-438-1,e,UT_003,003,2,fave,177.34935791969292,55.531131891017566,5,deadline,1,0.10000600000000759,the,and,D,D,D,D,internal
689.1899922584014,1706.6111997696264,2701.7863586210733,2.9932073754592134,3.549422686518864,4.049255572529883,6410.25641025641,0.00018382119885994669,316.7754611655329,0.037,0.32456140350877194,1-0-483-1,e,UT_003,003,2,fave,212.7716602781195,58.88054750832598,5,better,1,0.08999599999998509,"","",B,T,B,T,internal
790.906358109198,1953.9414563113967,2931.1330254983263,3.231528370955579,3.53655086562688,4.072266032322064,6769.2307692307695,0.0005467518987550745,340.0854548344671,0.057,0.3275862068965517,1-0-500-1,e,UT_003,003,2,fave,307.9549686152464,48.919218763299064,5,yes,1,0.14999400000004925,"","",Y,S,Y,S,internal
422.5409123476714,2552.876502857914,2955.814531286391,2.820939666337385,4.038758889324535,3.803427229801772,6230.7692307692305,0.00036229854758287254,342.4594484965986,0.045,0.3358208955223881,1-0-507-1,e,UT_003,003,2,fave,209.55828593841883,56.36199740512113,5,tech,1,0.10998499999999467,"","",T,K,T,K,internal
675.0906118981907,2124.638213326508,2699.877899012008,3.222250582653692,4.036526659020062,4.194107949368813,6051.282051282051,0.00022588979301521318,347.4912524965986,0.035,0.33653846153846156,1-0-518-4,e,UT_003,003,2,fave,166.89129723889573,47.399748370245185,5,nightmarish,2,0.07998600000001943,was,"",M,R,M,R,internal
691.1692925696113,2139.933054138012,3006.188365992959,2.864663373494082,3.6520907168895036,4.276202995364365,6769.2307692307695,0.0006188289073361324,348.3842478344671,0.040999999999999995,0.33064516129032256,1-0-522-0,e,UT_003,003,2,fave,NaN,51.723931502326295,5,every,1,0.10000600000000759,"",single,#,V,"",V,initial
778.8526249699686,1696.445429559115,3024.658881160839,3.0021261348758634,3.0287225452713415,3.4475680319775086,6410.25641025641,0.00003260790656094481,367.94124483446717,0.035,0.33653846153846156,1-0-586-3,e,UT_003,003,2,fave,268.0536336815446,59.676398012010274,5,percent,1,0.08001799999999548,five,sure,S,N,S,N,internal
656.8604557535731,1925.0617851060647,2790.7367591545876,3.1074708469309824,3.678080689763765,4.135432575454906,6410.25641025641,0.0001262107290059476,368.6992548344671,0.031,0.32978723404255317,1-0-589-0,e,UT_003,003,2,fave,216.14226263340112,56.98437098611717,5,everything,1,0.07000800000002982,"",is,#,V,"",V,initial
713.1857880233174,1706.6188822603458,2322.0755724294927,3.106404186321055,3.3637367870444113,3.9253447203411453,6410.25641025641,0.00021372569134109486,369.41424683446706,0.04100000000000001,0.3306451612903227,1-0-591-2,e,UT_003,003,2,fave,NaN,56.1715340618135,5,correct,1,0.10000600000000759,is,but,*hr,K,*hr,K,internal
732.57438399575,1806.917182190583,3007.9727996705496,3.365259095987606,4.035342183770555,4.129503116809521,6230.7692307692305,0.0002812357503359915,407.0596424965986,0.035,0.33653846153846156,1-0-627-1,e,UT_003,003,2,fave,184.0878731058968,48.61653639091112,5,there,1,0.07998600000001943,down,"",DH,R,DH,R,internal
607.5345427972967,2153.805986165269,3169.3255027343725,3.291499200653177,4.255694303608621,4.444514131952513,6769.2307692307695,0.0014828347567736736,408.1606541655329,0.037,0.32456140350877194,1-0-631-1,e,UT_003,003,2,fave,178.40850478836023,45.76130599041412,5,there,1,0.08999599999998509,probably,"",DH,R,DH,R,internal
615.395923389535,1861.431643046544,2996.0153142295194,3.0010989553353764,3.7765869873478324,4.105632624731323,6410.25641025641,0.002047151386576868,414.5606481655329,0.037,0.32456140350877194,1-0-652-1,e,UT_003,003,2,fave,186.22020761084613,48.527095675810905,5,there,1,0.08999599999998509,go,a,DH,R,DH,R,internal
737.7158020256276,1924.6489136269415,2883.9628815424417,3.1691966192640706,3.6233725998703785,3.6688183649133297,6230.7692307692305,0.000022984434397526707,420.8656508344671,0.027000000000000003,0.32142857142857145,1-0-675-2,e,UT_003,003,2,fave,191.46357216739437,47.79585848907984,5,spent,1,0.05999800000000732,we,so,P,N,P,N,internal
567.0518017348979,1651.0264187141975,2882.558689545518,3.427062992014477,3.1863002220737497,3.6213944826471214,6410.25641025641,0.00021894921477916737,440.83945416553286,0.055,0.33536585365853655,1-0-714-2,e,UT_003,003,2,fave,181.25089535130624,49.76728481084404,5,spending,1,0.1399839999999699,and,"",P,N,P,N,internal
731.2086529238236,1514.985870148541,2131.6599745013673,2.9214293952805157,3.2941064613843296,4.003514432366893,6410.25641025641,0.000104175404156042,471.2505445034014,0.027000000000000003,0.32142857142857145,1-0-761-0,e,UT_003,003,2,fave,NaN,52.180303373540795,5,else,1,0.060027999999988424,anywhere,"",#,L,R,L,initial
732.0196908277245,1807.1588224070892,3029.4853727803124,3.067144518069039,3.0703306897331593,4.0183133883384095,6589.74358974359,0.000022060887377406353,480.06323783446715,0.031,0.32978723404255317,1-0-790-3,e,UT_003,003,2,fave,237.8852685134925,64.61093661751565,5,unnecessary,1,0.07000800000002982,"",to,N,S,N,S,internal
603.9052165330868,2082.1496549938233,2977.9719838182496,2.2987125617867945,3.500538622514878,4.074045535328239,6589.74358974359,0.00007381716732701043,480.3962491655329,0.037,0.32456140350877194,1-0-790-7,e,UT_003,003,2,fave,293.3211645908212,63.280451370899684,5,unnecessary,2,0.08999699999998256,"",to,S,R,S,R,internal
774.1432689569414,1729.4687650216238,2932.1626811247866,3.142674568396473,3.2921833481466405,4.119508118303581,6410.25641025641,0.00015062096850330462,481.34125216553286,0.047,0.3263888888888889,1-0-794-3,e,UT_003,003,2,fave,241.99381619478726,58.13508040792441,5,hotel,1,0.11999500000001717,a,"",T,L,T,L,internal
656.7269503257056,2129.2674444495,2740.2349433735653,2.83221473004977,3.967712400066812,4.350213042412506,6410.25641025641,0.00021520556086870852,521.1520448344671,0.031,0.32978723404255317,1-0-895-1,e,UT_003,003,2,fave,212.75370823266337,57.59042329117696,5,terrible,1,0.07000699999991866,"",and,T,R,T,R,internal
606.2581394622542,1965.9796093605828,2663.2044935279932,2.899145874827364,3.6297928189103468,4.2683311728609175,6410.25641025641,0.001324492377784346,539.1381641655329,0.045,0.3358208955223881,1-0-941-1,e,UT_003,003,2,fave,282.4619597822748,48.56727242507653,5,yes,1,0.10998600000004899,"","",Y,S,Y,S,internal
714.8205636939472,1784.589522156461,3076.707528683986,3.131100567390376,3.6997090781158386,3.7353201942050975,6948.717948717948,0.0008593523744202453,562.2381325034014,0.085,0.3346456692913386,1-0-943-1,e,UT_003,003,2,fave,361.96300947505074,61.269853986130535,5,well,1,0.23004100000002836,"","",W,L,W,L,internal
728.649834120341,1886.8628212640842,2681.729317669976,2.8535994746967983,3.8706874165500156,4.389382591688497,6410.25641025641,0.00230798127647798,610.6213338344672,0.051000000000000004,0.3311688311688312,1-0-995-1,e,UT_003,003,2,fave,271.68313407200856,48.93454060396938,5,yes,1,0.13000499999998283,"","",Y,S,Y,S,internal
633.4579444730323,1914.60453936022,2715.348788009201,3.1070282682213386,3.3250016068169983,4.178578298437142,6410.25641025641,0.00005085074667416144,651.2262628344671,0.031,0.32978723404255317,1-0-1070-0,e,UT_003,003,2,fave,193.61759761079836,56.939057967214794,5,everything,1,0.07000800000002982,ranked,but,#,V,T,V,initial
598.1597945189409,1806.6527779219493,2750.827218704115,3.27692884295766,4.206086082974181,4.701055680146865,6769.2307692307695,0.0006097202663654035,654.5842431655329,0.027000000000000003,0.32142857142857145,1-0-1082-1,e,UT_003,003,2,fave,98.71305353260148,49.76239839405385,5,read,1,0.059996999999953005,i,that,R,D,R,D,internal
758.6676329792451,1741.1458886537703,2551.704671430238,3.1436452499944685,3.47778813512129,4.245476742166649,6410.25641025641,0.0005957561587525773,657.4208701655328,0.065,0.33505154639175255,1-0-1096-1,e,UT_003,003,2,fave,193.2015799240696,55.87594501989658,5,read,1,0.16998200000000452,i,was,R,D,R,D,internal
667.379402437486,1716.9370545101067,2109.005772743277,3.2004882790039244,3.988852449528081,4.5258577869529795,6051.282051282051,0.00004756629410770758,683.2569721655329,0.027000000000000003,0.32142857142857145,1-0-1148-4,e,UT_003,003,2,fave,236.80167018628657,52.51138911738441,5,library,2,0.05999799999995048,the,one,R,R,R,R,internal
699.2536814546589,1974.9485488850817,2835.4643302609784,3.2035011350288287,3.6951031528279343,3.75641253560555,6410.25641025641,0.00002670924889155012,685.4559345034013,0.025,0.33783783783783783,1-0-1154-1,e,UT_003,003,2,fave,224.4665966381034,54.88223012837932,5,technically,1,0.050049000000058186,"",the,T,K,T,K,internal
699.9308491402043,1835.0885246212322,2596.141294612178,3.1071005952571373,3.699478729232146,4.547271399639673,6410.25641025641,0.0017606979860118207,702.4139375034015,0.061000000000000006,0.33152173913043487,1-0-1165-1,e,UT_003,003,2,fave,309317.89797872485,51.439965965882465,5,yes,1,0.160033999999996,"","",Y,S,Y,S,internal
743.2909973483838,1793.8939085390832,2618.074620709263,2.960363600276311,3.2549084707777927,4.231181628772032,6410.25641025641,0.000969840139551259,704.460622165533,0.051000000000000004,0.3311688311688312,1-0-1167-1,e,UT_003,003,2,fave,NaN,53.71034556509821,5,yes,1,0.13000499999998283,"","",Y,S,Y,S,internal
752.6266309932512,1902.1441333341495,2950.2115038343945,3.1600471752444292,3.346500435719686,4.085900644545837,6589.74358974359,0.001366444347950435,719.4418598276644,0.055,0.3353658536585366,1-0-1178-1,e,UT_003,003,2,fave,233.4776378249705,60.234512610477765,5,desperately,1,0.13995299999999133,"","",D,S,D,S,internal
719.2982956566223,1693.3457909880274,2237.2020083828666,3.525403325000213,3.8006245453168503,4.606122343543074,6230.7692307692305,0.00014185309148064814,731.0668355034013,0.025,0.33783783783783783,1-0-1221-1,e,UT_003,003,2,fave,207.44603607507483,56.32952789961466,5,recommended,2,0.0500489999999445,been,by,R,K,R,K,internal
689.2759854186021,1975.7054122233521,3000.9622446258277,3.0071757149112206,3.3132896276807466,3.834015510083416,6410.25641025641,0.000018619481729300607,731.2978718344672,0.027000000000000003,0.32142857142857145,1-0-1221-5,e,UT_003,003,2,fave,228.31972246667246,59.604118143583165,5,recommended,1,0.059996999999953005,been,by,M,N,M,N,internal
712.7691796921207,1704.7768261559472,2268.2353452930083,3.68753928803025,4.013241939944264,4.211161328897838,6769.2307692307695,0.0009176265621116635,731.9418598276644,0.055,0.3353658536585366,1-0-1224-2,e,UT_003,003,2,fave,207.1867659687576,57.4041686516941,5,friend,1,0.13995299999999133,a,"",R,N,R,N,internal
656.7224944856619,1972.4933073641082,2764.427030470884,3.342064914202278,3.760862510875927,4.189322535368028,6410.25641025641,0.000055511831948055474,768.8377598344671,0.035,0.33653846153846156,1-0-1346-1,e,UT_003,003,2,fave,207.05059863599465,58.12714647598338,5,dead,1,0.080016999999998,walking,i,D,D,D,D,internal
724.982675948871,1816.291849489712,2581.8479275203654,2.8405679773066064,3.8568693755274133,4.362223310650986,6410.25641025641,0.0008625940820989693,780.2357238344671,0.031,0.32978723404255317,1-0-1385-1,e,UT_003,003,2,fave,-2402.2200229290493,51.4659377015741,5,seconds,1,0.07000700000003235,30,and,S,K,S,K,internal
702.0172934588543,1665.8404593672585,2558.781985525286,2.8804719057872084,3.813826922841396,4.331483741696909,6051.282051282051,0.0007186552034093006,835.5347248344672,0.051000000000000004,0.3311688311688312,1-0-1497-1,e,UT_003,003,2,fave,186.17292261626292,52.941361007079024,5,read,1,0.13000499999998283,i,"",R,D,R,D,internal
704.1395401731513,1662.9734591860067,2992.2115591289307,3.111198601416449,2.959261511134471,3.8269016221992724,6410.25641025641,3.7268984118490295e-6,863.9888325034013,0.025,0.33783783783783783,1-0-1546-1,e,UT_003,003,2,fave,188.72028609817434,56.16589639168172,5,seventh,1,0.0500489999999445,until,grade,S,V,S,V,internal
634.8340905129106,1658.4375036525507,2459.514422840165,3.281905714356205,3.0739675838918927,3.7785224854218056,6410.25641025641,8.982626407732345e-6,865.2988305034013,0.025,0.33783783783783783,1-0-1551-1,e,UT_003,003,2,fave,179.73258785171876,53.95089067896011,5,read,1,0.050049000000058186,i,the,R,D,R,D,internal
618.7809658831703,2149.62020219546,3182.8258679177193,3.0197992173212085,3.6540936311599905,4.237740688761938,6769.2307692307695,0.00042171570809034544,867.578059165533,0.040999999999999995,0.33064516129032256,1-0-1565-0,e,UT_003,003,2,fave,203.93327135820059,58.1804980875733,5,every,1,0.09997599999996964,"",book,#,V,"",V,initial
540.8709159284349,2230.9795986158406,2766.985733196457,3.0012593673576555,3.7335694560153794,3.8820323601302587,6410.25641025641,0.00040770370568975374,868.3630428344671,0.031,0.32978723404255317,1-0-1569-1,e,UT_003,003,2,fave,NaN,53.0292141165986,5,get,1,0.07000699999991866,could,my,G,T,G,T,internal
722.4728830039265,1765.0627868032568,2519.871467644951,2.678878884833096,3.715264862107816,4.404564851008805,6051.282051282051,0.00046679654209556945,874.7260278344671,0.037,0.32456140350877194,1-0-1591-1,e,UT_003,003,2,fave,204.76932492004343,51.025028576273165,5,read,1,0.09002699999996366,"",anymore,R,D,R,D,internal
668.8283590185289,2129.679750261453,2893.2883091416143,3.0202054156474283,3.8862513429214416,3.8556733845064617,6769.2307692307695,0.0001726315764158029,914.5920361655328,0.067,0.3284313725490196,1-0-1650-1,e,UT_003,003,2,fave,210.02487470325065,61.23679842394431,5,there,1,0.17999200000008386,from,and,DH,R,DH,R,internal
602.2675079280107,1450.0528214911023,2987.983359365135,3.360143607800692,3.467828277295692,4.012571131466583,6769.2307692307695,7.3093587028319746e-6,915.8110431723356,0.025,0.33783783783783783,1-0-1655-1,e,UT_003,003,2,fave,243.55270446051614,57.092339116060394,5,went,1,0.050049000000058186,"",to,W,N,W,N,internal
639.4252011936281,1952.018237792394,2865.0653407861164,3.3719521179943315,3.9299710388406774,4.345580652297254,6410.25641025641,0.0002570049703602725,954.264935165533,0.045,0.3358208955223881,1-0-1819-1,e,UT_003,003,2,fave,191.01527989132114,56.176566256875525,5,there,1,0.10998499999993783,from,where,DH,R,DH,R,internal
673.6402429858737,1407.7339138933767,2899.4796874219614,3.6285622879747716,3.6543898136521396,3.567005867855445,6051.282051282051,0.0007891027127376604,959.9459271655329,0.047,0.3263888888888889,1-0-1849-1,e,UT_003,003,2,fave,257.2195631171426,55.19212378854145,5,well,1,0.11999500000001717,like,"",W,L,W,L,internal
761.8665362051389,1849.3432765093412,3151.419203473713,3.0998167020604313,3.2302917612508986,3.18083476982434,6410.25641025641,7.831665151967291e-7,967.9949365034013,0.025,0.33783783783783783,1-0-1891-1,e,UT_003,003,2,fave,259.44114640889273,59.23984416681627,5,then,1,0.050049000000058186,and,"",DH,N,DH,N,internal
611.0190869009072,1986.4066094285974,2935.5753920830334,3.7541292829250104,3.3106688834257434,3.7246661264001646,6410.25641025641,0.00011869376052839778,985.3666438344671,0.031,0.32978723404255317,1-0-1967-3,e,UT_003,003,2,fave,204.5240899441445,52.95351689361943,5,together,1,0.07000699999991866,back,in,G,DH,G,DH,internal
588.4819166105101,2039.2348161675054,3105.011952283695,3.328967305409559,4.175378034897882,4.437773043282251,6589.74358974359,0.003006402317341544,995.3716395034014,0.061000000000000006,0.3315217391304348,1-0-2011-1,e,UT_003,003,2,fave,208.02264612365542,57.46360797937273,5,there,1,0.1600349999999935,from,and,DH,R,DH,R,internal
783.0167987729402,1326.3785954381244,2672.056346416131,3.0034284775707163,3.81725643946468,3.5759013331765273,5692.3076923076915,0.0010135700725588733,1015.2487538276644,0.035,0.3365384615384616,1-0-2076-1,e,UT_003,003,2,fave,171.96806362054195,48.885366161490026,5,well,1,0.07995600000003833,as,"",W,L,W,L,internal
737.8900711671047,2001.5671448211517,2810.859425740796,2.6647853268599415,3.5768137769780886,4.147129313110268,6410.25641025641,0.00024206500118262403,1020.7637594965986,0.065,0.33505154639175255,1-0-2107-1,e,UT_003,003,2,fave,251.26403731047415,60.344586431235946,5,there,1,0.169983000000002,you,"",DH,R,DH,R,internal
665.0978107981526,1890.549207241239,2928.6443703259024,3.277559249320405,3.72608194672195,3.8812817003890583,6769.2307692307695,0.00009266876951413392,1035.50673684127,0.031,0.32978723404255317,1-0-2160-1,e,UT_003,003,2,fave,227.40623567307372,61.162776080801,5,dead,1,0.07006799999999203,to,people,D,D,D,D,internal
783.6182480153209,1636.787627659741,2840.39558439247,3.3803265403925136,3.6456676295365957,4.0240327066706465,6230.7692307692305,0.0024359564431800894,1048.17166915873,0.067,0.32843137254901966,1-0-2215-1,e,UT_003,003,2,fave,279.4796073004083,56.32990912148138,5,well,1,0.17993200000000797,like,it's,W,L,W,L,internal
754.1237332726075,1923.9963475167467,2878.825598628568,3.1663207034112637,3.9334057844667822,4.209876568204995,6230.7692307692305,0.0007481451224486498,1060.0056508276643,0.035,0.3365384615384616,1-0-2263-0,e,UT_003,003,2,fave,227.89993985703205,53.9356668351692,5,ever,1,0.07995600000003833,"",met,#,V,"",V,initial
780.9363707084427,1675.3280421551167,2695.690769676935,2.9483883406871456,3.4500940548902848,3.9808821627508864,6410.25641025641,0.000051452681014317816,1060.3866614965984,0.037000000000000005,0.324561403508772,1-0-2264-1,e,UT_003,003,2,fave,184.2195214806022,58.666890178824495,5,met,1,0.08996600000000399,ever,before,M,T,M,T,internal
690.4776814158041,2055.5306876843183,2833.645374316415,2.986206874946793,3.7437565923990026,3.9980894961931424,6230.7692307692305,0.00033857344395339905,1064.256343834467,0.051000000000000004,0.3311688311688312,1-0-2277-1,e,UT_003,003,2,fave,202.0679372747898,59.42710146113892,5,guessed,1,0.13000499999998283,could've,"",G,S,G,S,internal
698.457075568376,1813.1972779538821,2962.121024099188,3.3104820269496225,3.0532262222728215,3.925669230304341,6410.25641025641,3.1231594943235e-6,1098.8959431723354,0.025,0.33783783783783783,1-0-2388-4,e,UT_003,003,2,fave,199.88281609409344,58.73210576781841,5,instead,1,0.05004900000017187,read,of,T,D,T,D,internal
784.1988595434203,1985.7673973969631,2805.3751178768894,3.484306593031156,3.7847313737726234,3.8062424039860474,6589.74358974359,0.00005124231579862607,1108.1969638276644,0.027000000000000003,0.32142857142857145,1-0-2424-1,e,UT_003,003,2,fave,274.0928384790226,63.11493163825515,5,technically,1,0.05993599999987964,could,use,T,K,T,K,internal
638.4405984261141,1871.2830109732747,2885.5496559469757,2.8423056720979796,3.761683799178168,4.036179386328085,6410.25641025641,0.00004176090278073692,1109.8169588276642,0.027000000000000003,0.32142857142857145,1-0-2431-1,e,UT_003,003,2,fave,205.90573448985606,55.64561106608224,5,deck,1,0.059936000000107015,a,of,D,K,D,K,internal
756.1376252803353,2052.780881687342,2812.675107696117,2.57829444916986,4.000546180447031,4.116301040356425,6769.2307692307695,0.0008647074176161682,1115.6259041723356,0.065,0.3350515463917526,1-0-2454-1,e,UT_003,003,2,fave,260.9588025562123,62.99513763504713,5,guess,1,0.17004399999996167,i,a,G,S,G,S,internal
550.7043402480273,1351.0955423896394,2137.528100375783,3.589927215550589,4.429467699632829,3.958944477380146,6589.74358974359,0.000011660931676597003,1117.8659075034016,0.025,0.33783783783783783,1-0-2463-2,e,UT_003,003,2,fave,214.51509823764735,59.750902580003014,5,where,1,0.0500489999999445,"",i,W,R,W,R,internal
814.7582628136049,1942.575484079698,2994.467282094593,3.335057818973604,3.8407317911467747,4.119686223031047,6410.25641025641,0.0007753535998223638,1118.5369381723356,0.067,0.3284313725490196,1-0-2466-3,e,UT_003,003,2,fave,194.30130453205004,55.49033765945192,5,connect,1,0.1800540000001547,just,"",N,K,N,K,internal
686.8906637974144,1923.3254924560367,2955.166216612081,3.015046767543231,3.7146580279486643,4.21725382802803,6589.74358974359,0.00005604249187034989,1122.3143948276643,0.027000000000000003,0.32142857142857145,1-0-2481-1,e,UT_003,003,2,fave,233.1752163764619,62.63167764313465,5,there,1,0.0599369999999908,but,is,DH,R,DH,R,internal
866.6587115590296,1516.9757633702814,2862.162007223712,3.4803411923520913,3.8787841565118035,3.73363435795998,6410.25641025641,0.0009750582809464603,1133.3643301723357,0.067,0.3284313725490196,1-0-2520-1,e,UT_003,003,2,fave,195.69051629300301,53.60223067687071,5,well,1,0.18005399999992733,as,"",W,L,W,L,internal
710.6481162901429,1848.3207796085342,2976.2538097589486,3.4011650787538827,3.0871565889610584,3.842390923410045,6410.25641025641,0.00012211066798999628,1163.516916834467,0.047,0.3263888888888889,1-0-2620-1,e,UT_003,003,2,fave,201.84979467036212,58.70587723508463,5,then,1,0.11999500000001717,but,"",DH,N,DH,N,internal
669.1311228909691,1911.6133013730382,2829.0288610409975,3.4064960218429636,3.99118364750362,4.505239061262589,7128.205128205128,0.000424699851475898,1172.8809288412697,0.035,0.3365384615384616,1-0-2652-0,e,UT_003,003,2,fave,293.74200898468087,70.7352736021914,5,ever,1,0.08007799999995768,you'd,seen,#,V,D,V,initial
745.5424689107838,1743.621038384505,2935.1423161969765,2.9266913629778153,3.6820287614231035,4.5302557965155845,7128.205128205128,0.0011316876614214841,1185.3781225102039,0.045,0.3358208955223881,1-0-2705-1,e,UT_003,003,2,fave,245.97505523947288,63.45943044474943,5,said,1,0.11010699999997087,who,it,S,D,S,D,internal
668.4656620038443,1815.9065821334198,2877.6062331288235,2.8331257941815386,3.7362964727538057,4.283317410206507,6410.25641025641,0.000012502832348021524,1194.78115084127,0.031,0.32978723404255317,1-0-2748-4,e,UT_003,003,2,fave,218.89627716982167,63.854355153832906,5,instead,1,0.07006799999999203,but,it,T,D,T,D,internal
662.1683741651217,2059.5802754614124,2800.6999421997425,3.0391944042464107,3.5150375536771654,3.673526251488502,6589.74358974359,0.000019690863018258914,1220.5279954965988,0.035,0.33653846153846156,1-0-2801-0,e,UT_003,003,2,fave,214.41803745006715,59.69077780392271,5,end,1,0.07995600000003833,the,goal,#,N,iyF,N,initial
793.9284791036114,1801.579282852309,3008.2633078443932,3.277749773579794,3.1119124079702667,3.9586593205196072,6410.25641025641,0.00013484503882621552,1227.472942165533,0.045,0.3358208955223881,1-0-2826-1,e,UT_003,003,2,fave,196.88184521128179,59.16723159115923,5,then,1,0.10998600000016268,and,"",DH,N,DH,N,internal
642.422073760918,1839.2462783615465,2717.8468963890655,3.5929594376654634,3.4624014710324835,3.8883893729928616,6589.74358974359,0.00001621667501452469,1227.8539458276643,0.027000000000000003,0.32142857142857145,1-0-2828-2,e,UT_003,003,2,fave,250.72688786909816,68.66559181519654,5,eventually,1,0.05993599999987964,"",[bracketed],V,N,V,N,internal
781.7830042195716,1884.0602145514576,3186.6269563438223,3.662023372313383,3.584307716601308,4.132820627623769,6410.25641025641,0.0001281090807030429,1233.696453165533,0.045,0.3358208955223881,1-0-2844-1,e,UT_003,003,2,fave,199.91042534817043,58.39479247874377,5,then,1,0.10998500000005151,can,pull,DH,N,DH,N,internal
704.560760375532,1857.17214694033,3110.9807948959547,3.5610400759938625,2.8864426700989947,3.7326575856986426,6410.25641025641,0.000012885616928873038,1241.0274361723357,0.027000000000000003,0.32142857142857145,1-0-2869-1,e,UT_003,003,2,fave,207.55818718322246,60.956179045423355,5,then,1,0.06005800000002637,and,once,DH,N,DH,N,internal
633.9556922795464,1901.1509558801463,2832.9987641459848,3.170887588482818,4.003030632039095,4.541145342560643,6230.7692307692305,0.00023809932923831814,1255.2764305034016,0.025,0.33783783783783783,1-0-2916-4,e,UT_003,003,2,fave,226.80545620563475,57.0427811715703,5,whatever,1,0.0500489999999445,"",nonsense,T,V,T,V,internal
676.4024109650308,1801.148698690858,2957.311922019476,3.0416865917253646,3.33820398689354,3.7413833990861134,6410.25641025641,0.00005550512939125076,1368.4486251723356,0.031,0.32978723404255317,1-0-2994-1,e,UT_003,003,2,fave,204.58509959502712,56.92632107265346,5,said,1,0.07006900000010319,have,it,S,D,S,D,internal
703.900427993016,1835.6962057442126,2935.5351382162007,3.016362244367099,3.306582184434365,3.582360414729057,6410.25641025641,0.0003453752018806594,1370.575603165533,0.045,0.3358208955223881,1-0-3006-1,e,UT_003,003,2,fave,-421.2280282344664,47.63136261961419,5,said,1,0.1099859999999353,have,"",S,D,S,D,internal
804.3736573701581,1748.6344954035785,2762.2381367764756,3.2644426968990787,3.5107765391927113,4.230993454550576,6410.25641025641,0.00008653795418069857,1379.32863584127,0.031,0.32978723404255317,1-0-3019-0,e,UT_003,003,2,fave,221.10202009434724,57.37394480112516,5,elk,1,0.07006900000010319,"","",#,L,"",L,initial
749.7820951478191,1990.346716223464,3087.8329851796975,2.9063412439054774,3.5075426916013837,3.9682767608670333,6589.74358974359,0.000011796671699668092,1384.0842928276643,0.027000000000000003,0.32142857142857145,1-0-3030-1,e,UT_003,003,2,fave,172.59717705247724,53.16201382458968,5,next,1,0.05993599999987964,"",to,N,K,N,K,internal
693.7714167156812,1922.044331761086,2945.04373063505,2.752300552052425,3.509072552277437,4.09319233379163,6410.25641025641,0.00011426861739370041,1388.6412244965984,0.04100000000000001,0.3306451612903227,1-0-3041-1,e,UT_003,003,2,fave,192.03125171623532,54.13692543473994,5,shell,1,0.09997599999996964,new,"",SH,L,SH,L,internal
670.3894552363505,2005.0905583398621,3084.714768925018,3.121966364789658,3.1165398544480114,3.6847689873142273,6410.25641025641,0.00002699355366175636,1398.99623884127,0.031,0.32978723404255317,1-0-3055-1,e,UT_003,003,2,fave,221.07751869634373,57.60231772038643,5,many,1,0.07006799999999203,"",fantasy,M,N,M,N,internal
777.5639389765728,1780.7897191609113,2967.650066653707,3.248239276816231,3.686495295350975,4.2190783235176434,6410.25641025641,0.00011572424693341495,1400.9162488276643,0.031,0.32978723404255317,1-0-3062-0,e,UT_003,003,2,fave,109.31935593822048,57.31030125010508,5,elf,1,0.0699459999998453,"",in,#,L,"",L,initial
768.1533906797056,1826.8754230202298,3146.771274505269,3.0174906266926844,3.599215817394694,3.759023658417613,6948.717948717948,0.005077271963966409,1401.393230165533,0.045,0.3358208955223881,1-0-3064-1,e,UT_003,003,2,fave,98.97108945106673,49.970352376634175,5,them,1,0.10998600000016268,in,"",DH,M,DH,M,internal
786.0931589477461,1915.93871666692,2982.6491021451,3.138692602712523,3.4888268694434172,4.024064622502948,6410.25641025641,0.00006958849173878772,1412.8498305102044,0.037000000000000005,0.324561403508772,1-0-3079-0,e,UT_003,003,2,fave,247.1593776983661,62.11140474275447,5,elm,1,0.09008799999992334,"","",#,L,"",L,initial
691.8825742954857,2083.1042476269968,2987.3848315890205,3.319320012755849,3.6043442338236593,3.8059944325066777,6410.25641025641,0.000026369195265911595,1418.6368298276643,0.031,0.32978723404255317,1-0-3092-1,e,UT_003,003,2,fave,205.66287388508027,56.46552642580446,5,next,1,0.0699459999998453,"",to,N,K,N,K,internal
572.4837865071852,2062.6157380158925,2648.70197414571,3.266925146777946,3.9046721729055016,3.878690179369907,6230.7692307692305,0.0006415224987214351,1423.114811165533,0.047,0.3263888888888889,1-0-3098-1,e,UT_003,003,2,fave,226.0758372730358,57.054050445995095,5,baroness,1,0.11999600000012833,the,"",B,R,B,R,internal
720.815274188089,1857.3640675469996,2796.3837741352163,3.204475467364907,3.5576210034054245,4.039858216682515,6230.7692307692305,0.0005150157830633077,1424.5548808344672,0.047,0.3263888888888889,1-0-3102-1,e,UT_003,003,2,fave,101.49894081403562,53.39331147648623,5,bell,1,0.11999500000001717,a,for,B,L,B,L,internal
662.34595187171,1620.952973156147,2792.065150392061,3.039415910703674,3.525145518548858,4.09870879906773,6410.25641025641,7.79608290401341e-6,1430.2848538276642,0.027000000000000003,0.32142857142857145,1-0-3112-1,e,UT_003,003,2,fave,208.39002888664882,59.378675220967146,5,belt,1,0.05993700000021818,a,for,B,L,B,L,internal
706.1299080088569,1833.6227321119875,2769.012652957772,3.0751781301236383,3.530507863582905,4.028086789009785,6410.25641025641,0.00001108325527691897,1430.8838581723355,0.025,0.33783783783783783,1-0-3114-1,e,UT_003,003,2,fave,191.8863014299664,56.71352802705088,5,decoration,2,0.0500489999999445,for,"",D,K,D,K,internal
750.1524547636641,1681.9954739828358,2964.1152488613993,3.157802983802975,3.6796700239156137,4.137493883743184,6589.74358974359,0.00011561207930125854,1435.543865165533,0.045,0.3358208955223881,1-0-3120-1,e,UT_003,003,2,fave,208.22834253480434,56.86576644888483,5,cell,1,0.10998600000016268,the,"",S,L,S,L,internal
655.0750797260943,1996.6327516511506,2807.384117932973,3.092087275253818,3.7847334290256263,3.873727528725046,6410.25641025641,0.000014060269789648949,1447.4682025034015,0.025,0.33783783783783783,1-0-3142-1,e,UT_003,003,2,fave,94.55617339016132,55.34629094245309,5,yesterday,1,0.0500489999999445,"","",Y,S,Y,S,internal
558.8929424894208,2036.0989254300725,2693.4957599927584,3.522504861967161,3.855220223553912,4.402278798594251,6410.25641025641,0.00045026040058707096,1461.329289165533,0.047,0.3263888888888889,1-0-3168-1,e,UT_003,003,2,fave,218.4627209060879,59.063682846706676,5,wear,1,0.11999500000001717,children,"",W,R,W,R,internal
582.6784029258486,2051.3588533024135,2820.484490648984,2.8447145465698274,3.7099920282535077,4.020191656301608,6410.25641025641,0.00022789748660461697,1464.2212081723355,0.031,0.32978723404255317,1-0-3175-1,e,UT_003,003,2,fave,NaN,46.64948076567233,5,yes,1,0.07006900000010319,"",the,Y,S,Y,S,internal
748.8427641668949,1608.0394399125692,2804.259980279284,2.898923661240028,3.155849187440213,3.8128823208119265,6410.25641025641,0.00028295133795880816,1491.988398834467,0.051000000000000004,0.3311688311688312,1-0-3226-1,e,UT_003,003,2,fave,159.76347037558762,56.620454309642156,5,well,1,0.13000499999998283,"","",W,L,W,L,internal
808.2919907677032,1680.0903132009398,2730.6797998020625,3.2425445206114856,3.4973500758012994,3.9937904675997236,6410.25641025641,0.0001412697159739053,1495.4584848276643,0.031,0.32978723404255317,1-0-3231-3,e,UT_003,003,2,fave,215.9065916296099,60.780950871966866,5,collects,1,0.0699459999998453,"",<unk>,L,K,L,K,internal
641.1473913199387,2073.783298130301,2795.3216557195738,3.189239578631265,3.5317976146880787,3.944005676725226,6410.25641025641,0.000037924419922579386,1523.8303391723357,0.031,0.32978723404255317,1-0-3285-1,e,UT_003,003,2,fave,200.66297303411997,57.40629083635994,5,yesterday,1,0.07006899999987581,from,"",Y,S,Y,S,internal
644.821902799376,2044.0366477966525,2760.8088923708347,2.988747219744464,3.6270241825529705,3.9526719203836493,6410.25641025641,0.00017935334134428282,1530.042231834467,0.051000000000000004,0.3311688311688312,1-0-3294-3,e,UT_003,003,2,fave,224.25994091569498,54.92416668172501,5,weekend,2,0.1300050000002102,last,"",K,N,K,N,internal
634.9106379126199,1806.721258156229,2393.0442082492787,2.8056346695073464,3.6360590059758042,4.43471923564214,6410.25641025641,0.00012405541374112912,1534.13022484127,0.027000000000000003,0.32142857142857145,1-0-3299-1,e,UT_003,003,2,fave,217.07653960825397,59.14871903017962,5,ready,1,0.060058999999910156,is,for,R,D,R,D,internal
682.0090711004052,2018.9825509798368,3095.8579900662075,3.1931857296689805,3.625337884123697,3.889476580612741,6589.74358974359,0.000049341093194776834,1535.1942554965988,0.035,0.33653846153846156,1-0-3303-1,e,UT_003,003,2,fave,206.83128448063434,54.18526342398522,5,next,1,0.07995600000003833,sale,weekend,N,K,N,K,internal
628.158950801374,2121.835129407434,2922.195444000431,2.9212574501390263,3.4932585960202527,3.942642042220101,6410.25641025641,0.00011802742998996165,1535.7122758344672,0.051000000000000004,0.3311688311688312,1-0-3304-3,e,UT_003,003,2,fave,211.25676683463152,54.723852461882785,5,weekend,2,0.13000499999998283,next,"",K,N,K,N,internal
686.5337696076962,1456.141125298925,2781.889230248944,2.990452861068956,3.4500150297105603,3.8418552472362872,6410.25641025641,0.00008948899976097262,1545.099285165533,0.045,0.3358208955223881,1-0-3321-1,e,UT_003,003,2,fave,210.44405226792114,60.79837088205801,5,wells,1,0.10998500000005151,the,"",W,L,W,L,internal
443.42172754288333,2656.8869168114807,3087.498215638625,3.934073299451104,3.9697684532245168,4.311636055727402,7128.205128205128,0.004474002112588469,41.50294516553288,0.061000000000000006,0.33152173913043487,1-0-2-3,iyF,UT_003,003,2,fave,380.4065332301101,44.153933773566806,5,ready,0,0.1600000000000037,nope,"",D,#,D,"",final
399.50040071741904,2698.808250443503,3468.461072641614,3.7033977835481644,3.7617535399215822,4.230797510616476,6769.2307692307695,0.010573958502153782,58.50485383446711,0.225,0.3338278931750741,1-0-6-1,iyF,UT_003,003,2,fave,242.55910641847362,53.39974490751651,5,be,1,0.6499980000000036,will,"",B,#,B,"",final
452.48550456058524,2397.6321858860283,2963.351140854509,3.8201030828689415,3.3336439806239455,4.185472822670876,6230.7692307692305,0.0002225004041309868,59.569853834467125,0.035,0.33653846153846156,1-0-8-3,iyF,UT_003,003,2,fave,213.57694291261186,51.14290311235711,5,thirty,0,0.07999799999999624,"",five,D,#,D,F,final
418.81552194784103,2585.591332583447,2900.9695673342417,3.5523341444511383,4.191289752500684,4.597389210152711,6948.717948717948,0.009336619865018637,86.77054816553289,0.065,0.3350515463917526,1-0-51-4,iyF,UT_003,003,2,fave,-456.2770291920196,35.3519836970615,5,county,0,0.16999799999999254,"","",T,#,T,"",final
623.2701583399886,2601.5954892256163,2969.03626404714,3.822564561435403,4.077211809706716,4.455428531901102,6410.25641025641,0.028413696964059265,114.27285183446712,0.045,0.3358208955223881,1-0-73-4,iyF,UT_003,003,2,fave,191.12666501416962,42.49245993915878,5,twenty,0,0.1100009999999969,on,"",N,#,N,"",final
488.4896758997292,2148.3093575551143,2442.8266999572575,3.873986720045384,3.54179037982323,4.343666660915722,6230.7692307692305,0.0002995042015429743,138.95274783446715,0.027000000000000003,0.32142857142857145,1-0-98-6,iyF,UT_003,003,2,fave,185.7898751727657,42.93783640062975,5,auditory,0,0.05999800000000732,an,processing,R,#,R,P,final
505.0642136279431,2032.089331121497,2948.2161412242667,3.557324466642956,4.464692296138178,3.8738423150553354,6230.7692307692305,0.0011767555132441863,149.64774516553288,0.037,0.32456140350877194,1-0-119-7,iyF,UT_003,003,2,fave,207.42757192257412,51.579741436821806,5,technically,0,0.08999600000001351,can,"",L,#,L,"",final
450.2440638778373,2278.2401235741604,2717.1411489532416,3.765370620352557,3.713751828214105,4.393978198303795,6410.25641025641,0.003169441076760477,150.37274616553287,0.047,0.3263888888888889,1-0-123-2,iyF,UT_003,003,2,fave,197.7915446547993,49.170425089261705,5,three,1,0.11999500000001717,to,in,R,#,R,i,final
399.45488001525484,2486.7982493439004,3053.535896247665,3.5262757477404683,4.4628619978543815,4.540592636407493,6769.2307692307695,0.024615079468337037,194.50144616553288,0.101,0.3322368421052631,1-0-202-3,iyF,UT_003,003,2,fave,211.78260998427476,47.73753031460254,5,really,0,0.27999900000000366,"","",L,#,L,"",final
699.0863241064122,2656.3548619390617,3026.2313577547766,3.3566885899888566,3.8315517293490458,4.117083849130606,6051.282051282051,0.0007334859890628103,221.32974216553288,0.13899999999999998,0.3357487922705313,1-0-251-7,iyF,UT_003,003,2,fave,271.4246997816544,52.810172755298346,5,probably,0,0.3899989999999889,"",starting,L,#,L,S,final
470.0476186530172,2585.0479950393396,3066.335413278612,3.5361277022254987,3.5189843559929934,4.539838550036048,6589.74358974359,0.0002514028357878408,239.21235116553288,0.037,0.32456140350877194,1-0-291-4,iyF,UT_003,003,2,fave,237.3145574655252,50.33431625563863,5,pretty,0,0.08999600000001351,"",intuitive,T,#,T,i,final
425.0663699166961,1918.325917105639,2751.2662662894927,2.7140528769783336,4.481515950906981,3.9216820554165017,6948.717948717948,0.0003670850586415913,239.8313518344671,0.035,0.3365384615384616,1-0-293-1,iyF,UT_003,003,2,fave,208.53196352900832,53.28136541021197,5,we,1,0.08000099999998156,intuitive,always,W,#,W,o,final
467.4050863373867,1805.8148572771938,2701.2331885157587,3.7722685336266815,4.51517327634381,3.519591798089813,5871.794871794871,0.0003171505908162999,241.66634783446713,0.025,0.33783783783783783,1-0-304-1,iyF,UT_003,003,2,fave,207.99567191292468,46.425205821658636,5,we,1,0.050003000000003794,that,have,W,#,W,HH,final
478.7617794325845,2623.7143876829587,3097.329753959648,3.5566349630558833,4.129941732214949,4.145890902933514,6410.25641025641,0.013222365412262713,244.20734716553287,0.127,0.3307291666666667,1-0-312-7,iyF,UT_003,003,2,fave,193.2654204774112,46.74847160373413,5,probably,0,0.3600010000000111,was,"",L,#,L,"",final
539.24551893872,2002.7231194204428,3024.7006668232116,3.513460785209203,4.406512150278478,4.0562386356941635,6410.25641025641,0.000118289745530806,248.1193541655329,0.031,0.32978723404255317,1-0-320-3,iyF,UT_003,003,2,fave,177.00181966506884,45.65951368591169,5,really,0,0.06999199999998496,"",was,L,#,L,W,final
516.6461532150166,1841.9101242705485,2726.419128350023,4.0185294433596646,4.534721135460428,4.616126950314799,6589.74358974359,0.0028535444814283047,292.9152621655329,0.037,0.32456140350877194,1-0-390-7,iyF,UT_003,003,2,fave,206.4930523169781,55.80516988343027,5,technically,0,0.08999599999998509,that,would've,L,#,L,W,final
452.9840292256057,2430.460753942773,3009.3284342187408,3.126508059070638,4.244397957326033,4.290543640125543,6589.74358974359,0.007290490190590072,306.52574983446715,0.095,0.33450704225352107,1-0-445-3,iyF,UT_003,003,2,fave,209.17822367247237,53.270121140714195,5,really,0,0.26000999999996566,i,"",L,#,L,"",final
412.62661691902895,2214.812658718371,2903.963433778366,3.414333138450288,3.770591100647322,4.8315513859211805,6051.282051282051,0.0001677837114853975,314.11045716553286,0.027000000000000003,0.32142857142857145,1-0-474-2,iyF,UT_003,003,2,fave,203.02911384949874,51.63457460175749,5,three,1,0.05999800000000732,"",months,R,#,R,M,final
507.2713308011126,1940.896603289123,2205.294452148696,3.5557390320703783,4.030156408053627,3.6878042433203606,6051.282051282051,0.00016572283332106673,348.61724350340137,0.027000000000000003,0.32142857142857145,1-0-522-3,iyF,UT_003,003,2,fave,196.954104876572,44.60221373632775,5,every,0,0.06002800000004527,"",single,R,#,R,S,final
462.51313319504686,2618.290689215667,3111.8930206714926,3.578841957195586,3.967751330605478,4.317128942443752,6769.2307692307695,0.0001300842697013135,350.3692378344671,0.031,0.32978723404255317,1-0-529-1,iyF,UT_003,003,2,fave,193.1317319479963,53.85336236110887,5,the,0,0.07000700000003235,have,most,DH,#,DH,M,final
392.45992728902115,2456.8727976203936,2778.5848600947897,2.941265497294071,4.0738662439371565,4.900101031589894,7307.692307692308,0.0015628330467757727,352.6942448344671,0.04100000000000001,0.3306451612903227,1-0-534-2,iyF,UT_003,003,2,fave,202.8302242838104,53.71782366316159,5,pre,1,0.10000700000000506,like,made,R,#,R,M,final
623.1971300919612,2573.8413049502587,3055.0985674032113,4.268714473273574,3.7718751429107082,4.635554134500879,6769.2307692307695,0.004157191578889788,356.7822361655329,0.037,0.32456140350877194,1-0-544-1,iyF,UT_003,003,2,fave,190.69438496505686,43.52641004690499,5,me,1,0.08999599999998509,took,so,M,#,M,S,final
569.7468493484771,2447.1006803548707,2947.2731075319725,3.41679742671951,4.184063748555298,3.9688408781629754,6230.7692307692305,0.006155633851384847,365.53625283446706,0.085,0.3346456692913386,1-0-582-3,iyF,UT_003,003,2,fave,144.1236520836478,46.59115601772479,5,only,0,0.23001099999999042,"","",L,#,L,"",final
387.87867960109514,2679.353136878848,2963.6645818485044,3.0824375171394434,3.9655371274524205,4.31361064884397,6589.74358974359,0.0000491504696790002,367.36724350340137,0.027000000000000003,0.32142857142857145,1-0-584-2,iyF,UT_003,003,2,fave,198.08403140842893,53.35144024467334,5,eighty,0,0.06002800000004527,"",five,T,#,T,F,final
455.1936001380672,2130.285161251015,2709.100516481779,2.98501875590205,4.518569604702486,3.608852533505558,6051.282051282051,0.0030229499249797313,401.6626598344671,0.040999999999999995,0.33064516129032256,1-0-605-1,iyF,UT_003,003,2,fave,231.1739017070961,55.646844403518465,5,we,1,0.10000600000000759,"",would,W,#,W,W,final
478.8138850317342,2186.116900280425,2952.619080002261,3.4367832781605423,4.325376606686193,3.867013340425548,6230.7692307692305,0.0003419683477144209,407.9696511655329,0.035,0.3365384615384616,1-0-630-7,iyF,UT_003,003,2,fave,190.21789911626388,49.37016251544999,5,probably,0,0.07998699999996006,so,there,L,#,L,DH,final
424.5446919807078,2561.5170596849853,3029.4637296821593,2.9757784519246298,3.829025032994597,4.600341754432321,6589.74358974359,0.00029531188203413207,411.32265149659867,0.04100000000000001,0.3306451612903227,1-0-640-6,iyF,UT_003,003,2,fave,209.78771426621546,53.20132769537689,5,property,0,0.09997599999996964,private,down,T,#,T,D,final
581.2155289628771,2155.294578352951,2970.147772896084,3.541309252677188,4.0586526282585025,4.500272734641064,6589.74358974359,0.0008148377781594887,450.1724558344671,0.04100000000000001,0.3306451612903227,1-0-740-7,iyF,UT_003,003,2,fave,194.82442403878497,51.25433111491922,5,probably,0,0.10000600000000759,that's,it,L,#,L,i,final
561.5017633006364,2460.7814266845826,3075.566963989722,4.142442153229852,3.8406221810395347,3.7806641791962994,6589.74358974359,0.001083190966389116,466.41455716553287,0.055,0.33536585365853655,1-0-745-5,iyF,UT_003,003,2,fave,258.15288891350883,57.072451231219766,5,usually,0,0.1399839999999699,"",we,L,#,L,W,final
428.78982780545283,2213.1395844389413,2821.8922813725,3.8067742210593076,4.053504654821518,4.130321973060543,6589.74358974359,0.0003749384722328934,466.6455481655329,0.037,0.32456140350877194,1-0-746-1,iyF,UT_003,003,2,fave,234.64136106977782,55.627495730373134,5,we,1,0.08999599999998509,usually,stay,W,#,W,S,final
407.2191379435818,2661.0328715204096,3001.0968188886527,3.0380622044063617,4.0343414156711646,3.6268058669201695,6589.74358974359,0.000625155940287179,467.4155571655329,0.057,0.3275862068965517,1-0-748-4,iyF,UT_003,003,2,fave,200.40002528093171,54.82108665908581,5,pretty,0,0.1499939999999924,stay,local,T,#,T,L,final
559.6726524527461,2225.828816667025,2931.5313201019353,3.5441400696926704,4.0046606077624896,4.05542805662891,6230.7692307692305,0.00909680890789066,473.1525438344671,0.07100000000000001,0.33177570093457953,1-0-765-5,iyF,UT_003,003,2,fave,197.32312662746568,47.5687896181692,5,normally,0,0.19000200000004952,"","",L,#,L,"",final
397.5785771959542,2271.6232943102314,2837.898009996959,3.2203966618526363,4.15834581070056,3.831901173914246,6230.7692307692305,0.0008292587979184233,474.1505481655329,0.047,0.3263888888888889,1-0-768-1,iyF,UT_003,003,2,fave,203.61850115711385,52.20522131226458,5,we,1,0.11999500000001717,if,d,W,#,W,D,final
330.9556883744581,2135.860728506473,3007.964960514141,2.493238023677636,4.467341811355376,4.446387089006493,6589.74358974359,0.00020440298028787148,474.3705648344671,0.027000000000000003,0.32142857142857145,1-0-769-1,iyF,UT_003,003,2,fave,312.1675014241647,39.096112177956925,5,d,1,0.05999700000000985,we,"",D,#,D,"",final
545.5830888904702,2294.9528905640736,2554.2244649034965,3.8167896230698313,3.447228182145673,4.223210558075815,6589.74358974359,0.0012020991448183338,480.5902478344671,0.065,0.3350515463917526,1-0-790-9,iyF,UT_003,003,2,fave,298.35008637886995,56.498776172113935,5,unnecessary,0,0.17001399999998057,"",to,R,#,R,T,final
405.440376619735,2276.782312984831,2818.5597970368485,2.996045219576696,4.437242195580494,4.018056305082681,6230.7692307692305,0.00012295153708118546,488.05325883446716,0.031,0.32978723404255317,1-0-818-4,iyF,UT_003,003,2,fave,194.85713165044623,50.014526837166535,5,pretty,0,0.0700069999999755,all,local,T,#,T,L,final
557.0667643736625,2313.5806275255572,2988.0016206060277,3.5540538351600106,3.8599161538189635,3.765266270944735,6589.74358974359,0.0014139244623409385,496.8262478344671,0.037000000000000005,0.324561403508772,1-0-828-5,iyF,UT_003,003,2,fave,286.7719371452161,54.11835515470103,5,usually,0,0.08999599999998509,[bracketed],i,L,#,L,ay,final
514.2281048919697,2366.9017968875055,2970.004357751041,2.8398185595194056,4.321174526652907,4.075382591044297,6589.74358974359,0.001279928790482577,505.45025816553283,0.065,0.3350515463917526,1-0-860-5,iyF,UT_003,003,2,fave,242.95990201085982,55.85676825124042,5,usually,0,0.169983000000002,yeah,"",L,#,L,"",final
373.2783332880378,2725.1592872730007,3071.7714801448988,3.648445683297251,4.142671188506637,4.755665305891738,6769.2307692307695,0.050246627523886096,507.6752591655329,0.075,0.3348214285714286,1-0-869-7,iyF,UT_003,003,2,fave,71.6466435653463,41.70963333438293,5,activity,0,0.19998199999997723,outdoor,"",T,#,T,"",final
582.5438652130608,2221.263102330342,2902.6682731218057,3.7432552082852877,3.8684629338654526,4.068423607878261,6589.74358974359,0.0003852949309540686,516.7000781655329,0.047,0.3263888888888889,1-0-883-5,iyF,UT_003,003,2,fave,291.3385334476155,58.9358854038992,5,probably,0,0.11999500000001717,"",in,L,#,L,i,final
484.94320176191843,1880.4777113986406,2641.495756209818,3.061516511195986,4.046382805444196,3.812703096574126,6410.25641025641,0.000029324438939844577,524.7720398344671,0.031,0.32978723404255317,1-0-910-1,iyF,UT_003,003,2,fave,205.02351528530357,56.18066755071923,5,we,1,0.07000699999991866,one,used,W,#,W,Y,final
378.0558786313719,2734.331060260728,3280.0355192984666,3.5812305180377746,3.552497999497244,4.353570335060448,6589.74358974359,0.00019760365757327494,529.334036834467,0.035,0.33653846153846156,1-0-927-1,iyF,UT_003,003,2,fave,213.5523141356186,49.58319234382772,5,the,0,0.080016999999998,"",classic,DH,#,DH,K,final
493.2448621880343,2520.284392172193,3027.314813155985,3.780647736297765,3.6995591103693988,4.409164701108255,6589.74358974359,0.0010536050770119378,564.2241415034014,0.037,0.32456140350877194,1-0-948-3,iyF,UT_003,003,2,fave,229.5766822604642,52.03188289616448,5,really,0,0.09002699999996366,i,good,L,#,L,G,final
585.8148178013063,2752.267794824099,3719.8344848581187,3.6351530256477824,3.636894750805048,4.807998811747571,6948.717948717948,0.010109921291553647,585.3616668344671,0.075,0.33482142857142855,1-0-985-3,iyF,UT_003,003,2,fave,326.0425675231029,48.28397683256211,5,hobby,0,0.20001200000001518,a,"",B,#,B,"",final
564.7113403605778,2446.7617535271734,2888.174674704909,3.0543499923635915,3.9842591918772845,3.560345629360824,6410.25641025641,0.0013304801816995677,597.3693351723356,0.067,0.3284313725490196,1-0-990-5,iyF,UT_003,003,2,fave,306.6823684233446,55.8544884849395,5,mostly,0,0.18005400000004101,i,i,L,#,L,ay,final
488.7176915125323,2013.5039500997846,2977.519325939049,3.316740661193169,4.190901376652237,3.757650475271917,5871.794871794871,0.00005342372440910052,597.8993671655329,0.027000000000000003,0.32142857142857145,1-0-992-4,iyF,UT_003,003,2,fave,221.18863214952574,55.963988697926325,5,mostly,0,0.05999799999995048,i,read,L,#,L,R,final
555.031079847898,2639.562305139404,3220.1256782841797,4.0132318186723905,3.7717503139720585,4.260360613287957,6410.25641025641,0.020100732317700317,619.5363464965985,0.08100000000000002,0.3319672131147542,1-0-1010-5,iyF,UT_003,003,2,fave,266.8670983681231,47.06425726648569,5,purely,0,0.2199710000001005,"","",L,#,L,"",final
533.2346129604246,1936.9246523580186,2940.9243891155174,3.7701330534522235,3.7650776787836584,3.771690596497928,6410.25641025641,0.000360850342880273,625.5969388344671,0.037,0.32456140350877194,1-0-1026-6,iyF,UT_003,003,2,fave,184.04738155714583,48.94505166100291,5,typically,0,0.09002700000007735,i,like,L,#,L,L,final
417.46854638711534,2670.3150446556274,3051.077778376047,3.548220908523815,4.007961919915125,4.456315309134603,6410.25641025641,0.007252836195067212,626.9489515034014,0.101,0.3322368421052631,1-0-1029-6,iyF,UT_003,003,2,fave,188.35471316654417,42.48345404915907,5,fantasy,0,0.28003000000001066,high,"",S,#,S,"",final
381.5915166967355,2640.3731523240936,3077.1668883313405,3.1157665128457346,3.6960810199391836,4.160348448271944,6410.25641025641,0.017108299513978725,672.861843165533,0.127,0.3307291666666667,1-0-1131-3,iyF,UT_003,003,2,fave,190.07795356635248,49.84774948026651,5,cozy,0,0.3599850000000515,a,"",Z,#,Z,"",final
348.31332345910056,2732.8838492649193,3268.9791553703453,3.2174407564405936,4.053008172187769,4.458396877738572,6769.2307692307695,0.008932599089099718,674.6219401655328,0.19699999999999998,0.33164983164983164,1-0-1135-1,iyF,UT_003,003,2,fave,179.2801577250078,45.21205238681399,5,the,0,0.5700080000000298,"","",DH,#,DH,"",final
375.99479028438117,2623.1737249375674,2889.2736520208864,3.14979656873982,3.537185592130078,4.765848844238551,6948.717948717948,0.00006996874727312979,675.5569658344672,0.027000000000000003,0.32142857142857145,1-0-1137-3,iyF,UT_003,003,2,fave,173.73387972269282,49.02025418934057,5,coffee,0,0.059996999999953005,"",shop,F,#,F,SH,final
469.9794516774797,2265.255606507945,2535.8396651953576,3.5363336617160392,3.7623870163991335,4.7135400258994995,6230.7692307692305,0.0005638266842097127,683.433955165533,0.04100000000000001,0.3306451612903227,1-0-1148-6,iyF,UT_003,003,2,fave,249.15384546829642,50.17438127390195,5,library,0,0.09997599999996964,the,one,R,#,R,W,final
459.0464330590487,2443.1799862199523,2830.7712829168595,3.6713578487769625,3.8140486187520106,4.083634096468765,6230.7692307692305,0.00688259774902835,720.1078341655328,0.087,0.32954545454545453,1-0-1178-8,iyF,UT_003,003,2,fave,161.8094176337459,49.127822866766564,5,desperately,0,0.23999000000003434,"","",L,#,L,"",final
514.859836186699,2601.583904332342,3060.4534607201367,3.599177851960129,3.956542918872554,4.306234925426019,6589.74358974359,0.00685236427740799,764.1207484965986,0.101,0.3322368421052631,1-0-1325-6,iyF,UT_003,003,2,fave,214.51239832945708,53.73326477276066,5,normally,0,0.2799689999999373,because,"",L,#,L,"",final
525.841911639827,2955.9133252537117,3241.9856653682323,3.943720122178127,4.608911172838146,4.303587176669367,6589.74358974359,0.007904223406033275,773.4437711655329,0.087,0.32954545454545453,1-0-1364-1,iyF,UT_003,003,2,fave,201.70483393442322,54.12969231095998,5,me,1,0.23999099999991813,took,"",M,#,M,"",final
657.0477613278796,1941.0001258853113,3067.8443909506136,3.4130035640049066,4.042810638060141,3.835286103446138,6589.74358974359,0.000011293805365204385,796.1251361655329,0.027000000000000003,0.32142857142857145,1-0-1419-6,iyF,UT_003,003,2,fave,233.8252746783926,59.269775032737165,5,normally,0,0.05999799999995048,and,i'll,L,#,L,ay,final
484.8147130295459,2126.1868365608652,2738.8439368574673,2.7282800709802952,4.21459778260574,4.528168925495694,6589.74358974359,0.0014167296721580274,798.4441341655329,0.045,0.3358208955223881,1-0-1426-2,iyF,UT_003,003,2,fave,222.99484069581203,56.61612288563,5,three,1,0.10998500000005151,"",or,R,#,R,*hr,final
507.7283469417549,2530.8824318324814,2977.9015124208104,3.4966872362103607,4.12612119625005,4.2055822278014325,6589.74358974359,0.007843243464833389,823.4967221655329,0.095,0.33450704225352107,1-0-1465-1,iyF,UT_003,003,2,fave,198.51958639037323,50.40943286684928,5,be,0,0.2600089999999682,could,"",B,#,B,"",final
475.11551907151954,2693.94718558864,3187.205733668928,2.922860380892276,4.037954264502528,4.449107557566281,6769.2307692307695,0.0031942960440476875,854.1418481655329,0.151,0.33259911894273125,1-0-1515-7,iyF,UT_003,003,2,fave,225.0925409471683,54.80008279900501,5,probably,0,0.42999299999996765,"","",L,#,L,"",final
392.86488004622294,2565.9529401366076,3152.4361087230113,2.5959130079968946,3.552948293134213,4.0041148806323,6769.2307692307695,0.00011590509818938126,858.3838475034013,0.035,0.33653846153846156,1-0-1521-1,iyF,UT_003,003,2,fave,195.81979458957323,52.424750501185734,5,be,0,0.080016999999998,to,the,B,#,B,DH,final
532.4954073798599,1998.2156329176194,2321.6021092398137,3.6997224785802496,4.294406267840902,3.768729431491236,5871.794871794871,0.0002696084744203168,858.7518368344671,0.031,0.32978723404255317,1-0-1523-3,iyF,UT_003,003,2,fave,179.96154444187286,44.11074882738711,5,harry,0,0.07000700000003235,the,potter,R,#,R,P,final
653.1469608649961,2823.8654866639727,3307.844480518666,4.044251133643421,3.8102244526930282,4.381945733380862,7128.205128205128,0.0006334613712468065,861.1768694965987,0.040999999999999995,0.33064516129032256,1-0-1531-1,iyF,UT_003,003,2,fave,192.0453762979347,51.24294862435947,5,me,1,0.09997600000008333,got,into,M,#,M,i,final
497.03161985277404,2153.581423953569,2412.3822597834014,2.8262956889726074,4.187202936639318,4.186581114005402,6769.2307692307695,0.0001846290522768982,865.5998681655329,0.027000000000000003,0.32142857142857145,1-0-1553-3,iyF,UT_003,003,2,fave,161.0637477059255,51.47033208030926,5,harry,0,0.059996999999953005,the,potter,R,#,R,P,final
483.57836117279635,2086.0031055219474,3033.117570061439,3.033179823916095,4.356286923051902,3.972039464448851,6589.74358974359,0.00025995321056261557,871.4910478344672,0.027000000000000003,0.32142857142857145,1-0-1578-7,iyF,UT_003,003,2,fave,102.03096604781385,49.32938519920441,5,probably,0,0.059996999999953005,are,still,L,#,L,S,final
638.8061400232186,2816.78271308915,3241.045907705296,3.5996148273099076,3.8081838224697395,4.965201004579023,6769.2307692307695,0.002470295921896654,872.9410441655328,0.047,0.3263888888888889,1-0-1583-1,iyF,UT_003,003,2,fave,199.92015470247057,46.988462850066604,5,me,1,0.11999500000001717,to,even,M,#,M,iy,final
490.2902473115967,2516.3103690245657,2933.252443838387,3.9203159691592933,3.9211835207996937,3.7973626735289625,6410.25641025641,0.007449842550976266,902.7159534965987,0.121,0.33241758241758235,1-0-1603-3,iyF,UT_003,003,2,fave,315.679481711606,53.88460442863471,5,really,0,0.339966000000004,"","",L,#,L,"",final
438.10443397592024,2700.1900655247578,2805.7269955208503,3.416269471935444,4.641848895800927,3.9815886176964748,6948.717948717948,0.0006234520243935885,922.1020651655328,0.027000000000000003,0.32142857142857145,1-0-1687-1,iyF,UT_003,003,2,fave,224.03270103592658,54.74372224828409,5,be,0,0.05999700000006669,might,crazy,B,#,B,K,final
515.0288510549823,2486.611049074964,2981.2049123622683,3.8294700949427214,3.690730043107034,3.8487274805882414,6589.74358974359,0.0000996109925314359,922.5060338344671,0.035,0.33653846153846156,1-0-1688-4,iyF,UT_003,003,2,fave,233.35647659361354,54.18867248383987,5,crazy,0,0.080016999999998,be,"",Z,#,Z,"",final
448.74491315103865,2436.8322427705193,2942.691223162493,3.2594868575368725,3.490681419376568,3.72294442557235,6410.25641025641,0.000010733055801775486,930.7122331655329,0.027000000000000003,0.32142857142857145,1-0-1721-4,iyF,UT_003,003,2,fave,210.331350957501,56.56493469946388,5,crazy,0,0.05999799999995048,not,here,Z,#,Z,HH,final
611.5670439021882,2481.0072594382123,2738.56529734691,3.460583117167396,4.125505944184866,4.457288316523487,6410.25641025641,0.0032166190086859703,934.2712664965986,0.065,0.33505154639175255,1-0-1736-1,iyF,UT_003,003,2,fave,-1612.6734872274878,40.73349577898604,5,me,1,0.169983000000002,for,"",M,#,M,"",final
468.3650030820992,2487.2106663526038,2946.319980748944,3.2684115123674697,4.1516934465033755,4.234562743680938,6410.25641025641,0.0023452471052653333,941.6222581655329,0.047,0.3263888888888889,1-0-1758-1,iyF,UT_003,003,2,fave,225.12675186658774,56.1605830264244,5,she,1,0.11999500000001717,and,looks,SH,#,SH,L,final
632.9232788230187,2829.997509113271,3396.970401704342,3.817184988495438,3.7268202052701933,4.766246682043972,7128.205128205128,0.002028635565562341,944.4262418344672,0.075,0.3348214285714286,1-0-1774-1,iyF,UT_003,003,2,fave,198.36760043593264,54.826743146709525,5,me,1,0.2000119999999015,at,and,M,#,M,@,final
406.7610919368671,1895.667592909227,2775.5683246734466,2.7535534486676783,4.020005101357939,3.6667612095247604,6230.7692307692305,0.000025474600224489174,947.6722551655329,0.027000000000000003,0.32142857142857145,1-0-1787-1,iyF,UT_003,003,2,fave,211.28663232229135,57.888147703963845,5,we,1,0.05999800000006417,"",discussed,W,#,W,D,final
782.1851979651174,2842.7781925754,3918.914106590303,3.7116570912028166,3.387285830501104,4.702769348688242,7307.692307692308,0.002362854549497293,959.1699548344671,0.075,0.33482142857142855,1-0-1844-1,iyF,UT_003,003,2,fave,255.96316005966165,57.92322253040196,5,me,1,0.20001200000001518,for,and,M,#,M,ae,final
681.1463169855882,2627.4395404638617,3323.477271354944,3.6846677240607977,2.9752004354904042,4.28449214110019,6051.282051282051,0.000023286678780849487,970.3959491655329,0.027000000000000003,0.32142857142857145,1-0-1900-1,iyF,UT_003,003,2,fave,261.9024414701087,57.29670210894966,5,me,1,0.05999799999995048,showing,your,M,#,M,Y,final
674.7336512448171,2774.4245875684946,3273.479760793543,3.594799122197679,4.255233491252996,4.146618791150481,6230.7692307692305,0.00006004304725636342,980.986638834467,0.031,0.32978723404255317,1-0-1945-1,iyF,UT_003,003,2,fave,265.3688900501276,55.11637780098806,5,me,1,0.07000800000002982,showing,the,M,#,M,DH,final
417.5709767467943,2096.3336520064745,2870.790283070748,2.9948814295916732,4.306546864800637,4.122371702609417,6769.2307692307695,0.001969988043839618,1020.2367608344671,0.031,0.32978723404255317,1-0-2104-1,iyF,UT_003,003,2,fave,182.07902796211837,52.72192463913902,5,we,1,0.07000800000002982,do,get,W,#,W,G,final
525.0469734857566,2125.714510389394,2443.106289369528,3.6718426005291502,3.972534608479836,3.9252943849310653,6948.717948717948,0.0010819576976249493,1034.544743165533,0.047,0.3263888888888889,1-0-2155-3,iyF,UT_003,003,2,fave,309.80214346185915,61.57705130448388,5,sorry,0,0.11999500000001717,"",hi,R,#,R,HH,final
383.29676206218824,2513.1152151055585,2967.864662722248,3.1035909717787233,3.945473448482999,3.71100779316973,6230.7692307692305,0.003114237868133059,1040.540672165533,0.085,0.3346456692913386,1-0-2178-1,iyF,UT_003,003,2,fave,175.49138314550555,48.81211119861984,5,she,1,0.22998000000006869,"","",SH,#,SH,"",final
312.0064429725362,2213.7430871286474,2668.781171915679,3.2003402112676294,4.99434279458989,3.4402258757223336,6230.7692307692305,0.0001512802389195203,1045.32363084127,0.031,0.32978723404255317,1-0-2206-1,iyF,UT_003,003,2,fave,284.97963228039805,60.11522860718645,5,be,0,0.07006900000010319,to,more,B,#,B,M,final
636.4549448118388,2101.970472407293,3084.7464078568837,3.2849739358014083,3.928730291081994,3.908913114368647,6589.74358974359,0.00001001329129146916,1068.8833691723355,0.025,0.33783783783783783,1-0-2291-4,iyF,UT_003,003,2,fave,223.83493501326652,55.68311759403142,5,family,0,0.0500489999999445,my,it's,L,#,L,i,final
744.2445788891841,2221.2636744033784,3006.3607548152872,3.7356718042681454,3.970571514095738,4.169648583145787,6410.25641025641,0.0007248165169903499,1074.9083664965988,0.035,0.33653846153846156,1-0-2320-4,iyF,UT_003,003,2,fave,283.723120241996,57.17317737517782,5,family,0,0.07995600000003833,my,"",L,#,L,"",final
409.6694908785032,2709.71049328411,3096.182331006668,3.2403603539161296,4.376661194711465,3.7660334029558786,6769.2307692307695,0.00032448888562120425,1103.6569521723357,0.027000000000000003,0.32142857142857145,1-0-2402-1,iyF,UT_003,003,2,fave,388.0235130025537,49.51871690489546,5,the,0,0.060058999999910156,at,imagery,DH,#,DH,i,final
441.574681150861,2182.217383859833,2530.3953339915884,3.3242658326960304,4.469430383522639,3.812438823475494,6051.282051282051,0.0015913386669595935,1104.105999165533,0.045,0.3358208955223881,1-0-2403-5,iyF,UT_003,003,2,fave,193.98780572863728,54.392471015905556,5,imagery,0,0.10998500000005151,the,and,R,#,R,@,final
421.1907538402263,2488.3532601390257,3193.704326805856,2.689134110647982,4.407554400202452,4.4796986627532895,6948.717948717948,0.0011872814024593732,1104.4469638276644,0.027000000000000003,0.32142857142857145,1-0-2405-1,iyF,UT_003,003,2,fave,200.26462675642955,54.481212200649594,5,see,1,0.05993599999987964,and,what,S,#,S,HH,final
393.83502894927796,2627.399162635138,2806.3956374191675,4.01485150575971,4.167177172741101,4.281021935512772,6589.74358974359,0.007982800378792357,1123.4143578344672,0.087,0.32954545454545453,1-0-2485-7,iyF,UT_003,003,2,fave,249.87197925879258,51.08904521699536,5,artistry,0,0.23999099999991813,"","",R,#,R,"",final
529.4747115843977,2295.69768992615,2897.5205553439223,3.4818852618367537,4.210642956656709,4.250095215289293,6589.74358974359,0.004858456804535378,1130.4863238344672,0.051000000000000004,0.3311688311688312,1-0-2506-8,iyF,UT_003,003,2,fave,199.17702583485837,50.48147702576218,5,differently,0,0.13000499999998283,bit,"",L,#,L,"",final
580.0633652277473,2629.6730596324296,2951.9051694398245,3.5645123313360436,4.431933387376041,4.035919402825977,6589.74358974359,0.04802604939832426,1144.0513614965987,0.08099999999999999,0.3319672131147541,1-0-2558-1,iyF,UT_003,003,2,fave,235.67073469275837,54.87796819957149,5,me,1,0.21997099999998682,for,"",M,#,M,"",final
487.06819911142264,2212.3636524682793,3008.471524160407,3.192047035905149,3.9109275534726224,3.6327010765731007,6230.7692307692305,0.0001352967657268009,1152.4819984965986,0.037000000000000005,0.324561403508772,1-0-2582-5,iyF,UT_003,003,2,fave,223.8110283910721,52.42782014918758,5,mostly,0,0.08996599999977661,so,it's,L,#,L,i,final
400.7806295035691,2722.3303839546325,3473.350747311219,3.8826467864387473,3.680573156225555,4.425236235018349,6589.74358974359,0.004014227305377805,1162.3659155102039,0.045,0.3358208955223881,1-0-2615-1,iyF,UT_003,003,2,fave,247.85385929399743,62.84015238242761,5,key,1,0.11010699999997087,the,thing,K,#,K,TH,final
386.55349927802615,2459.1782718613213,3320.9218926478184,3.3773053185912643,4.421517013351321,4.288867623189805,6769.2307692307695,0.00014745504881072632,1165.1169131723357,0.027000000000000003,0.32142857142857145,1-0-2625-1,iyF,UT_003,003,2,fave,114.28982395681048,51.13317576118507,5,be,0,0.060058999999910156,and,like,B,#,B,L,final
562.7086934845639,2572.143355558079,3064.6481443031803,4.151983468019427,4.150859021747481,3.9055342586911994,6230.7692307692305,0.00028124866891398155,1177.3991401723356,0.027000000000000003,0.32142857142857145,1-0-2667-1,iyF,UT_003,003,2,fave,258.62514623649776,58.2557263533829,5,she,1,0.06005900000013753,and,would,SH,#,SH,W,final
491.36155247518064,2283.873953679261,3017.2715974009043,3.79170268535977,3.9539674385290544,3.709095479842223,6410.25641025641,0.00007532012258817956,1180.9281691723354,0.025,0.33783783783783783,1-0-2685-1,iyF,UT_003,003,2,fave,228.93844326066323,56.00389440517466,5,be,0,0.0500489999999445,just,like,B,#,B,L,final
387.7814999934367,2201.9572119622035,3019.9797678326718,2.329912595049328,4.185831537074552,3.855322776471635,6769.2307692307695,0.0015219825062878678,1184.2541218412698,0.037,0.32456140350877194,1-0-2699-1,iyF,UT_003,003,2,fave,368.4670071783346,67.00912631485045,5,she,1,0.09008700000003955,is,shocked,SH,#,SH,SH,final
429.93023763974264,2675.074789307443,2968.7172487039165,3.1426906622190187,3.8129088715192965,4.142496246164454,6410.25641025641,0.0010243882329314142,1220.3979918344673,0.055,0.3353658536585366,1-0-2800-1,iyF,UT_003,003,2,fave,280.2474934826502,53.309356986506025,5,the,0,0.1400149999999485,is,end,DH,#,DH,e,final
592.1026947673229,2733.8065568311317,3154.1981499280846,3.780190397732634,4.039255054588601,4.209949627819317,6589.74358974359,0.005196439900129531,1226.7229445034015,0.065,0.33505154639175255,1-0-2823-1,iyF,UT_003,003,2,fave,193.95293533267457,48.852451348736444,5,me,1,0.1700429999998505,find,"",M,#,M,"",final
460.4141742577831,2627.392359643653,3210.3124679282155,3.2045251997009863,3.6565296828327924,3.9859075245141935,6410.25641025641,0.0004645438282947426,1228.2939721655328,0.127,0.3307291666666667,1-0-2828-7,iyF,UT_003,003,2,fave,225.44942940760623,59.16133456538414,5,eventually,0,0.3599850000000515,"",[bracketed],L,#,L,spn,final
383.2853986561847,2673.532951908705,3096.129456158929,3.307333249954363,3.8998721759413706,4.219161066123302,6410.25641025641,0.010686771259228336,1245.466453165533,0.085,0.3346456692913386,1-0-2887-8,iyF,UT_003,003,2,fave,206.38033285104342,49.84909416604228,5,completely,0,0.22998099999995247,switching,"",L,#,L,"",final
515.1901661619149,2475.040366375453,2966.510681863587,3.7295455506605437,3.694843550331942,3.826172463541595,6589.74358974359,0.0006790129633132076,1248.207463165533,0.047,0.3263888888888889,1-0-2892-1,iyF,UT_003,003,2,fave,309.80813360681486,57.25235602002271,5,see,1,0.11999500000001717,we'll,hopefully,S,#,S,HH,final
560.2154088906276,2244.630728534687,2881.449344676981,3.3335945417641386,3.7427167139145023,3.618991115594397,6589.74358974359,0.00032881719904330893,1248.656414165533,0.045,0.3358208955223881,1-0-2893-6,iyF,UT_003,003,2,fave,307.78373632768603,64.6590196342761,5,hopefully,0,0.10998500000005151,see,hopefully,L,#,L,HH,final
487.403609810295,2628.522803734527,3119.3073462296215,3.3026384933430784,3.678384365900169,3.981677023884366,6589.74358974359,0.0008856929386833713,1251.4744645034014,0.101,0.3322368421052631,1-0-2903-1,iyF,UT_003,003,2,fave,237.0946460313356,61.06147842379585,5,be,1,0.2800290000000132,would,that,B,#,B,DH,final
449.1983986607499,2445.691998832689,2825.6701805396924,3.0791470390143094,4.106822257648351,3.8859348893139063,6410.25641025641,0.00007799558148385021,1252.14943684127,0.031,0.32978723404255317,1-0-2906-1,iyF,UT_003,003,2,fave,221.8718520044578,56.142205595430354,5,be,0,0.07006799999999203,would,great,B,#,B,G,final
469.29639038634656,2530.5188957344667,2905.6482534238353,3.685506402627685,4.232060780125401,3.956732303378355,6410.25641025641,0.0018777512086018025,1273.4174218276644,0.07899999999999999,0.3376068376068376,1-0-2941-1,iyF,UT_003,003,2,fave,174.02152040553227,48.354476843130094,5,see,1,0.20995999999991,we'll,"",S,#,S,"",final
493.4191673322443,3009.116440151246,3395.266097639667,3.994179019665634,4.094809805294386,4.573877832344701,6769.2307692307695,0.015143240425819895,1364.2606358276644,0.075,0.33482142857142855,1-0-2980-3,iyF,UT_003,003,2,fave,240.67801417932904,39.378422038078824,5,funny,0,0.1999519999999393,painting,"",N,#,N,"",final
526.8398585756862,2781.781465557904,3265.658572314885,3.6963919680976614,3.6974492560205694,4.250453729054785,6769.2307692307695,0.0006464189495920822,1399.121211165533,0.040999999999999995,0.33064516129032256,1-0-3055-3,iyF,UT_003,003,2,fave,215.82293848247886,56.74327880262104,5,many,0,0.09997499999985848,"",fantasy,N,#,N,F,final
427.7364515007573,2475.8234474435503,2967.7629746648363,3.531499489671862,3.819759959580798,3.7136546317762793,6230.7692307692305,0.000019920399398003876,1399.6542388276644,0.027000000000000003,0.32142857142857145,1-0-3056-6,iyF,UT_003,003,2,fave,213.57083045720555,52.003727207521244,5,fantasy,0,0.05993599999987964,many,books,S,#,S,B,final
408.847568115254,2810.9168575732765,3179.2510597585456,3.4971810653736912,3.8600334096692697,4.784884608307671,6769.2307692307695,0.004334202629495472,1458.594276489796,0.057,0.3275862068965517,1-0-3164-4,iyF,UT_003,003,2,fave,212.98728019211404,47.26818966150966,5,safely,0,0.14990199999988363,"","",L,#,L,"",final
613.8926213289773,2754.84426405085,3246.973022108734,3.9632276405875966,4.261120090112109,4.736193495445697,7307.692307692308,0.03177737706495432,1468.6914514965986,0.07700000000000001,0.3290598290598291,1-0-3186-1,iyF,UT_003,003,2,fave,143.04642054358524,46.42403276938018,5,me,1,0.20996100000002116,excuse,"",M,#,M,"",final
442.1022224283957,2592.0114094836063,3083.070780898131,3.041500118824619,3.444048291295695,3.923374563231847,6589.74358974359,0.00003610759799263411,1534.239300165533,0.045,0.3358208955223881,1-0-3299-3,iyF,UT_003,003,2,fave,221.31791654972466,55.11857133574977,5,ready,0,0.10998500000005151,is,for,D,#,D,F,final
931.5282501184695,1586.1530415942443,2812.4037358078513,3.330371197149852,3.848476130251542,4.1905169873871655,6589.74358974359,0.0070550309884126325,58.05085183446712,0.057,0.32758620689655177,1-0-4-0,ay,UT_003,003,2,fave,286.15859305174337,49.677182018587516,5,i,1,0.15000100000000316,"",will,#,#,"",W,coextensive
890.9373548739684,1399.9710602533125,2885.315610984788,3.3558856836257758,3.541875218178739,4.175621788493627,6410.25641025641,0.0017286764283570644,59.833853834467114,0.10300000000000001,0.3626760563380282,1-0-9-1,ay,UT_003,003,2,fave,131.68860651091288,44.073366508389846,5,five,1,0.25999800000000306,thirty,"",F,V,F,V,internal
788.3667948077634,1851.1087630726515,3193.3458713264426,3.717796164231082,4.192746567799221,4.3690990782062205,6589.74358974359,0.03689459737091308,80.50054816553288,0.025,0.0946969696969697,1-0-24-0,ay,UT_003,003,2,fave,208.4311459380437,46.725838632845345,5,i,1,0.23999700000000246,"","",#,#,"","",coextensive
785.4945340242894,1564.4057983925063,3085.5070350092183,3.172916246557628,3.416627672814014,3.987818222281706,6230.7692307692305,0.0001911303537013255,81.77454416553287,0.033,0.3173076923076924,1-0-29-0,ay,UT_003,003,2,fave,201.08621382934882,48.24976217572168,5,i,1,0.08000200000000746,until,was,#,#,L,W,coextensive
728.9977849863401,1948.2360966188794,3049.9728199088527,3.454467416135292,3.4544624015941108,3.8926850804627007,6230.7692307692305,0.00020144708274318163,83.02054416553287,0.025,0.24038461538461545,1-0-35-0,ay,UT_003,003,2,fave,178.91027911397612,42.351924567502486,5,i,1,0.08000200000000746,then,spent,#,#,N,S,coextensive
785.0838781807786,1674.6439600040264,2961.2263128918817,3.2994282030845747,3.323638818028298,4.017445397240479,6410.25641025641,0.0002734784554334708,135.5707488344671,0.043,0.34677419354838707,1-0-87-0,ay,UT_003,003,2,fave,255.21108313741067,56.79822588705812,5,i've,1,0.10000600000000759,"",tried,#,V,"",V,initial
700.7601220094646,1755.5233161290141,2364.514438708559,3.273730954743211,3.663460761679745,4.2635158110207,6410.25641025641,0.00021329092076165034,135.90175516553288,0.025,0.21929824561403513,1-0-88-2,ay,UT_003,003,2,fave,211.51305949911563,53.318239212067496,5,tried,1,0.08999600000001351,i've,to,R,D,R,D,internal
915.0408126484087,1665.6621254958986,2615.385689276124,3.6309351216205794,3.942610428249483,4.419485067183787,6769.2307692307695,0.008409718104120636,136.78074583446713,0.063,0.294392523364486,1-0-92-0,ay,UT_003,003,2,fave,201.09032724311973,49.143322052170966,5,i,1,0.19000199999999268,"","",#,#,"","",coextensive
876.2472230461527,1625.0058597168386,2732.1836763284377,3.699684557253475,3.611671610238514,4.361364418112314,6769.2307692307695,0.0006095149786761413,137.46874816553287,0.07900000000000001,0.45402298850574724,1-0-94-0,ay,UT_003,003,2,fave,229.7613943367353,50.81615366893958,5,i,1,0.1499939999999924,"",have,#,#,"",HH,coextensive
806.1906359072597,1374.0563047712876,2472.164524053952,3.3691765129342994,3.725301057831679,4.275590662190743,6589.74358974359,0.0009094747546038876,141.38074616553286,0.063,0.4090909090909091,1-0-104-0,ay,UT_003,003,2,fave,224.50101921245195,51.64378862826853,5,i'm,1,0.13000500000001125,so,not,#,M,owF,M,initial
703.0696874155668,1959.622389055534,2723.841177514724,3.195453621155813,3.721994305114438,3.9284743196415715,6051.282051282051,0.0003777527887048825,148.88775016553288,0.037000000000000005,0.324561403508772,1-0-117-0,ay,UT_003,003,2,fave,237.07466536870155,55.312238888271345,5,i,1,0.08999700000001098,think,can,#,#,K,K,coextensive
694.7213028489773,1796.0859391205718,2684.0481726132884,3.305892156577258,3.868711769655094,3.9258655427191926,5871.794871794871,0.0002525062172394891,172.13934916553288,0.025,0.24038461538461536,1-0-145-0,ay,UT_003,003,2,fave,213.28680421347676,50.4870607548569,5,i,1,0.08000200000000746,"",don't,#,#,"",D,coextensive
558.8304236075417,1969.0890118198274,2659.660645075452,3.657148905540828,4.392812623080201,4.081226490051807,5871.794871794871,0.00028181517648088783,173.69644716553287,0.051000000000000004,0.6071428571428571,1-0-152-0,ay,UT_003,003,2,fave,205.6995346292592,48.202621255035424,5,i've,1,0.0599979999999789,anything,got,#,V,NG,V,initial
802.4924409431691,1545.9479116064986,2828.340678540981,4.081614585304181,3.5745938018898276,4.015004005173859,5692.3076923076915,0.0005752573365856447,183.68945316553288,0.057,0.6785714285714286,1-0-180-0,ay,UT_003,003,2,fave,220.29881465904293,44.884496318079684,5,i'm,1,0.059996999999981426,"",a,#,M,"",M,initial
726.0898546048873,1671.8210009521456,2743.5497769679164,3.2253936492315525,3.86074845755671,3.7851445211439896,6051.282051282051,0.0002182952837405214,197.7547521655329,0.029,0.34523809523809523,1-0-217-1,ay,UT_003,003,2,fave,NaN,42.10989201358332,5,my,1,0.05999800000000732,just,title,M,#,M,T,final
819.0241730820276,2102.2985390836375,2974.4507543505692,3.841251139350244,4.04914078864111,4.348270111175115,6589.74358974359,0.0007171332805569488,217.7867421655329,0.053000000000000005,0.5096153846153848,1-0-246-0,ay,UT_003,003,2,fave,291.4612567274686,46.1099807584205,5,i,1,0.08000100000000998,"",proud,#,#,"",P,coextensive
706.8043818305891,2126.057848911272,2853.555113710199,3.608123027327465,4.231122757619007,4.475308126241648,6230.7692307692305,0.0003212492829170804,222.13274216553287,0.025,0.33783783783783783,1-0-253-1,ay,UT_003,003,2,fave,199.97102888668914,51.45031810359094,5,my,1,0.050003000000003794,starting,business,M,#,M,B,final
809.2331968929243,1628.3603502897583,3104.02244616076,3.317100702340954,3.2785698153627,3.725812947587019,6230.7692307692305,0.0005840407133038125,223.43975116553287,0.059000000000000004,0.40972222222222227,1-0-256-0,ay,UT_003,003,2,fave,201.55683433233438,47.37283131739088,5,i,1,0.11999500000001717,"",am,#,#,"",ae,coextensive
701.7666951401468,1725.3550328899505,2688.789462866046,3.3349846734985427,3.4855793538380726,4.231534579374712,6230.7692307692305,0.00005322937416510799,225.0427461655329,0.025,0.2976190476190476,1-0-263-1,ay,UT_003,003,2,fave,99.8831295994092,44.45652843455251,5,my,1,0.05999700000000985,on,down,M,#,M,D,final
819.1395754317624,1527.2975611599363,2720.915838854531,3.5561629961171337,3.3189264969182375,3.8989390167007545,6230.7692307692305,0.00044646205559066907,225.46274416553288,0.025,0.1288659793814433,1-0-265-1,ay,UT_003,003,2,fave,143.29488784603217,43.981516535970904,5,time,1,0.16999799999999254,down,"",T,M,T,M,internal
722.5177368256393,1901.9919567572842,2784.486338943177,2.9690325053140225,3.574739694895275,4.0912800020402456,6230.7692307692305,0.000014372188377949572,227.52734883446715,0.027,0.3648648648648648,1-0-271-1,ay,UT_003,003,2,fave,185.24920942435315,42.92353785446617,5,my,1,0.050003000000003794,started,business,M,#,M,B,final
810.3470013104724,1789.5086274250802,2664.8661376339523,3.6297182600352196,3.9113636379118724,4.306554531378564,5871.794871794871,0.000977827697407753,237.40835316553287,0.049,0.3951612903225807,1-0-287-0,ay,UT_003,003,2,fave,263.15519101912486,49.10418821038077,5,i've,1,0.09999100000001704,"",always,#,V,"",V,initial
811.6938402905416,1737.556468854283,2720.524787088376,3.174932695883576,3.7446258176720053,4.046207504728746,6589.74358974359,0.009898653166100292,247.2003488344671,0.153,0.3608490566037735,1-0-318-0,ay,UT_003,003,2,fave,176.4615630339881,46.42025323952596,5,i,1,0.4000090000000114,"","",#,#,"","",coextensive
790.877657588319,1484.6868990069947,2454.4804358551896,3.194067769832367,3.580005981733849,4.128314587950689,6230.7692307692305,0.00020513923216028922,254.1063501655329,0.045,0.4787234042553191,1-0-341-2,ay,UT_003,003,2,fave,180.58521058595426,48.52863627127474,5,spiraled,1,0.06999199999998496,of,from,P,R,P,R,internal
804.6663560110571,1653.3040999722698,2948.6835592849884,3.685872865120419,3.852364312103004,4.217880488645063,6230.7692307692305,0.013513158433442052,283.4292568344671,0.025,0.0880281690140845,1-0-370-0,ay,UT_003,003,2,fave,196.54746353760547,45.99071852433911,5,i,1,0.2600100000000225,how,"",#,#,aw,"",coextensive
745.4636940852744,1908.3492112900171,2756.292977951774,3.419702486785313,3.531289528334265,3.90584465144937,6230.7692307692305,0.00009757884605973413,284.5092428344671,0.025,0.26595744680851063,1-0-373-1,ay,UT_003,003,2,fave,190.7826435339147,48.50317525585126,5,my,1,0.07000800000002982,got,current,M,#,M,K,final
814.6155734653919,1637.738305698393,2834.5586619017486,3.4717206623880226,3.6331609705667374,4.287301833512381,6589.74358974359,0.0016012659231629117,286.2662581655329,0.059000000000000004,0.3597560975609756,1-0-377-0,ay,UT_003,003,2,fave,218.80706097872934,50.96837036097833,5,i,1,0.1399839999999699,"",was,#,#,"",W,coextensive
905.2443996805231,1464.781794162981,2579.970933118325,3.295571136873234,3.7829576784664356,3.8738360477591938,6589.74358974359,0.0009867637640107818,289.6942621655329,0.095,0.33450704225352107,1-0-383-3,ay,UT_003,003,2,fave,198.21883023366857,51.87221666611861,5,apply,1,0.2599789999999871,"",for,L,#,L,F,final
810.5524934860316,1701.0065997010674,2835.8294521698776,3.2837789024691055,3.3409273634272756,4.0657921241341715,6410.25641025641,0.00010041686774832114,295.51424283446715,0.035,0.37234042553191493,1-0-399-0,ay,UT_003,003,2,fave,NaN,45.37856018166618,5,i,1,0.07000800000002982,one,ended,#,#,N,e,coextensive
640.6979177333309,1790.0956250132558,2937.398772407901,3.520700589997167,3.465347232333096,4.140036302439404,6410.25641025641,0.0000332184675032486,297.0007541655329,0.025,0.2976190476190476,1-0-407-1,ay,UT_003,003,2,fave,205.5599686925617,51.8363324325425,5,my,1,0.05999700000000985,and,boss,M,#,M,B,final
707.6815175985745,1946.2332812875957,2530.3334579179145,3.1307971965026176,3.9493727521960382,4.662562628725746,6230.7692307692305,0.00010635948539623552,298.51073883446713,0.025,0.33783783783783783,1-0-414-2,ay,UT_003,003,2,fave,237.73837819049456,55.71439225861806,5,try,1,0.05001799999996592,let's,to,R,#,R,T,final
988.2798950203131,1609.5931461109967,2801.4269400243106,3.8403489370249515,3.672536642332567,4.192311774090253,6769.2307692307695,0.000748861172953536,300.16276016553286,0.14900000000000002,0.5246478873239436,1-0-422-0,ay,UT_003,003,2,fave,225.26082885777004,57.389051127882375,5,i,1,0.2599789999999871,and,hemmed,#,#,D,HH,coextensive
772.0461468377973,1986.5935313542,2949.3721967220567,3.54281372109408,3.4858375903729915,3.6161595019378825,6769.2307692307695,0.00007169094319156733,304.13075816553294,0.025,0.21929824561403513,1-0-435-0,ay,UT_003,003,2,fave,199.67945057355433,55.476992629810375,5,i,1,0.08999699999998256,and,missed,#,#,D,M,coextensive
799.5785290434003,1534.7935508593603,2772.425770136865,3.5221836411909853,3.3802630490477736,3.8517274231389704,6948.717948717948,0.0003678261542071199,304.96875616553285,0.081,0.41752577319587636,1-0-438-4,ay,UT_003,003,2,fave,201.67008466538098,55.40426265680193,5,deadline,2,0.169983000000002,the,and,L,N,L,N,internal
762.9387627201503,1752.8687447648258,2821.831852251413,3.1740359957333744,3.724897679177746,4.436838656424414,6589.74358974359,0.0001643192266602011,305.27075450340135,0.025,0.18656716417910452,1-0-440-0,ay,UT_003,003,2,fave,181.18940872189685,51.64136382168013,5,i,1,0.11001500000003261,and,was,#,#,D,W,coextensive
767.5119447639062,1844.5475252389178,2845.2688639155695,3.2793249672034506,3.377609654516407,4.50120156380925,6410.25641025641,0.000014378154578260513,306.1787428344671,0.04100000000000001,0.5540540540540541,1-0-444-0,ay,UT_003,003,2,fave,114.69651520904071,50.53736806457765,5,i,1,0.050018000000022766,man,really,#,#,N,R,coextensive
666.4259971142687,2058.8893255302996,2586.096596010689,3.681385582218787,4.32547806280662,4.206259804123028,6051.282051282051,0.001413050697732223,307.8907381655329,0.025,0.21929824561403513,1-0-450-0,ay,UT_003,003,2,fave,196.76788776084135,56.62363905896878,5,i've,1,0.08999599999998509,that,"",#,V,T,V,initial
754.4752972094619,1707.416395089083,3073.4645881224415,3.3525612717686477,3.311173529791505,3.7933458514665572,6589.74358974359,0.000575644834444574,309.82376116553286,0.031000000000000003,0.2980769230769232,1-0-457-4,ay,UT_003,003,2,fave,NaN,45.6864845325863,5,deadline,2,0.07998599999996259,that,but,L,N,L,N,internal
813.3841286819239,2378.925529772688,2822.055315758514,3.501128815027666,3.891684077942352,4.2374010635642145,6230.7692307692305,0.00638588639567123,317.63644583446705,0.23900000000000002,0.9053030303030303,1-0-486-0,ay,UT_003,003,2,fave,195.94247903032533,48.98339928006742,5,i,1,0.24002100000001292,that,"",#,#,T,"",coextensive
758.7644871710951,1699.7544891228515,2851.2024977998817,2.961819945459054,3.634017935023523,4.221083878932551,6051.282051282051,0.00005900886327597091,318.3094448344671,0.025,0.26595744680851063,1-0-489-3,ay,UT_003,003,2,fave,185.11049986730237,50.20038459745829,5,apply,1,0.0700069999999755,didn't,to,L,#,L,T,final
769.4816450672741,1424.9342207982747,2998.8964415442124,3.62902353569917,3.6580938944875885,3.904973915944019,6769.2307692307695,0.002520853331698053,340.4994468344671,0.025,0.07267441860465115,1-0-502-0,ay,UT_003,003,2,fave,244.22123537183248,59.089357326766674,5,i'm,1,0.320007999999973,"",not,#,M,"",M,initial
861.2055039798241,1572.882229313714,2408.2004226964305,3.127738494370026,3.566626045446121,4.168913851894418,6230.7692307692305,0.000337783166247054,343.2884611655329,0.063,0.47014925373134336,1-0-510-0,ay,UT_003,003,2,fave,NaN,52.2940903609288,5,i've,1,0.10998499999999467,savvy,learned,#,V,iyF,V,initial
764.9294589845084,1671.594405501264,2585.6425978509733,3.539418326528695,3.713031490560337,4.120891932747844,6051.282051282051,0.00017234043026438683,346.0812598344672,0.035,0.37234042553191493,1-0-515-1,ay,UT_003,003,2,fave,206.65401350112893,58.288900713116966,5,my,1,0.0700069999999755,building,website,M,#,M,spn,final
818.2943568611703,1811.0287722739326,3019.5493843768977,3.2803179713248753,3.425232872099021,3.9417302947986843,6589.74358974359,0.0000186592176071275,349.8522488344671,0.037000000000000005,0.3936170212765958,1-0-527-0,ay,UT_003,003,2,fave,187.87142037286043,58.405772433096494,5,i,1,0.0700069999999755,and,have,#,#,D,HH,coextensive
789.6238862650596,1569.7144580493782,3343.164335168112,3.7758060414931007,3.2269204953569526,4.527558983075829,6410.25641025641,0.0004434851428117151,364.7062591655329,0.025,0.24038461538461545,1-0-579-0,ay,UT_003,003,2,fave,234.87276807953845,52.064878510765055,5,i'm,1,0.0799870000000169,"",still,#,M,"",M,initial
864.8548887002966,1759.8438239683344,2703.433553797873,3.032615181300656,3.5794380252245053,4.03007406336155,6230.7692307692305,0.00021648225706381716,367.55926083446707,0.051000000000000004,0.35416666666666674,1-0-585-1,ay,UT_003,003,2,fave,315.57502400161815,62.102254210089676,5,five,1,0.11999500000001717,eighty,percent,F,V,F,V,internal
836.8132030778153,1587.443746113666,3007.640976252208,3.641632504176322,3.201298221971793,3.695698068063941,6230.7692307692305,0.0013603724848567972,400.3966551655329,0.069,0.605263157894737,1-0-600-0,ay,UT_003,003,2,fave,251.16378745427124,49.062121901622696,5,i,1,0.08999599999998509,"",like,#,#,"",L,coextensive
777.8223558239812,1574.830167503807,3048.5089039739737,3.403404893469121,3.392814736662803,3.919792498966149,6230.7692307692305,0.0003135779512515474,404.4556621655329,0.047,0.2554347826086957,1-0-617-1,ay,UT_003,003,2,fave,186.33791766515665,48.5604878746164,5,time,1,0.1599729999999795,spend,in,T,M,T,M,internal
724.1829094646127,1921.1028857107576,2922.4643705790163,3.480157655161601,3.9142373589859263,4.327208789597458,6230.7692307692305,0.0038505811410158818,416.1946621655329,0.025,0.18656716417910452,1-0-660-1,ay,UT_003,003,2,fave,NaN,42.097461857081484,5,my,1,0.10998599999999215,probably,"",M,#,M,"",final
605.3065506313069,1922.8401343438113,3019.5429003240843,3.472425998282584,4.0859828040648845,4.280206250385265,5871.794871794871,0.0002588004503613016,419.3446561655329,0.025,0.2976190476190476,1-0-668-0,ay,UT_003,003,2,fave,NaN,47.45015832840842,5,i,1,0.05999800000000732,that,can,#,#,T,K,coextensive
738.9801983509719,1594.0057974126728,2907.3844991665105,3.259487374602246,3.5430861478236126,3.963474369931453,6230.7692307692305,0.00003138758178255591,441.7584518344671,0.033,0.35106382978723405,1-0-716-1,ay,UT_003,003,2,fave,208.82513894696476,55.22855809443893,5,time,1,0.07000800000002982,"","",T,M,T,M,internal
691.5402114568203,1840.1367253658123,2838.5904395368425,3.451571197207012,3.6565174131068496,3.7261042654350005,6051.282051282051,0.00001685029868300641,445.5844388344671,0.025,0.33783783783783783,1-0-729-1,ay,UT_003,003,2,fave,189.56330391755148,44.39138145573362,5,my,1,0.050018000000022766,know,sister,M,#,M,S,final
717.0163767016973,1621.8536038428274,3137.9640033708824,3.2056291920469007,3.3585076665574007,4.8950514669462875,6589.74358974359,0.0000970500573842096,446.28444516553293,0.025,0.2976190476190476,1-0-732-1,ay,UT_003,003,2,fave,174.89151922982487,47.27904170192747,5,my,1,0.05999800000000732,and,aunts,M,#,M,ae,final
777.0508794269585,1710.5809366282888,2907.500616809929,3.3732834608093984,3.495609069670286,4.1100466882560935,6230.7692307692305,0.0001716803056483429,475.6195591655329,0.025,0.24038461538461545,1-0-775-1,ay,UT_003,003,2,fave,194.5041371203909,50.708028704204935,5,my,1,0.07998600000001943,is,vacation,M,#,M,V,final
741.5273693025681,1719.8540023705407,2609.7976956783054,3.032115139414619,3.6324778525574715,4.6860086755865415,6589.74358974359,0.0007616486509137065,476.51055983446713,0.067,0.5403225806451614,1-0-779-0,ay,UT_003,003,2,fave,190.91034175514363,55.50692927031586,5,i've,1,0.10000600000000759,"",come,#,V,"",V,initial
871.7217957765067,1538.6191829166246,2249.1504571587084,3.0284914137093515,3.5507741185000237,4.020108115806034,6410.25641025641,0.0006063883030883931,478.93225916553286,0.089,0.39732142857142855,1-0-788-2,ay,UT_003,003,2,fave,7820.443288439137,59.01702280049439,5,drive,1,0.19998199999997723,"","",R,V,R,V,internal
690.1501990828967,1521.4169666189496,2902.8113750266116,3.2388707869262263,3.7106898477947112,3.9600829534508626,6230.7692307692305,0.00003260615111230352,488.4702361655329,0.025,0.2976190476190476,1-0-820-0,ay,UT_003,003,2,fave,190.39598220722525,49.80854786039672,5,i,1,0.05999800000000732,local,need,#,#,L,N,coextensive
782.3666522908898,2031.6619338993098,2904.903584617713,3.5464510708531503,3.806151653254214,3.860709541752039,6230.7692307692305,0.0001569541880820927,496.9192438344671,0.043,0.4134615384615384,1-0-829-0,ay,UT_003,003,2,fave,264.5641028440088,55.753966167581765,5,i,1,0.08001799999999548,usually,go,#,#,iyF,G,coextensive
719.5509318998295,1729.1105126251728,3065.439967628255,3.289153099152511,4.187358177847241,4.084377810646323,6410.25641025641,0.01509435610025221,499.32024216553293,0.025,0.10683760683760683,1-0-838-0,ay,UT_003,003,2,fave,220.00409636929845,52.624769590206306,5,i,1,0.20999199999999973,"","",#,#,"","",coextensive
785.800644968147,1602.226741959495,3084.066435038399,3.5496198125375362,3.5190582349271677,4.323993203659782,6410.25641025641,0.0012006123746241435,501.41025916553286,0.045,0.3358208955223881,1-0-850-0,ay,UT_003,003,2,fave,179.34355029375052,43.68155854325796,5,i,1,0.10998599999999215,[bracketed],"",#,#,spn,"",coextensive
751.6229021009929,1529.096307285461,2730.1480172743113,3.3206552843467922,3.982113250655147,4.28790870577385,5871.794871794871,0.0012895929377852947,522.1590481655328,0.025,0.26595744680851063,1-0-900-1,ay,UT_003,003,2,fave,174.41569869036627,45.46939797268368,5,my,1,0.07000800000002982,on,joints,M,#,M,JH,final
831.2724116080045,1845.6848228146941,3119.3191057892673,3.7454076628595305,3.4788350843494507,4.125382332773939,6230.7692307692305,0.0004265585691393407,563.8451308344671,0.039,0.4148936170212766,1-0-947-0,ay,UT_003,003,2,fave,295.8487001543664,55.48247029646307,5,i,1,0.07000800000002982,am,really,#,#,M,R,coextensive
1039.6928757021178,1702.4578936940334,3026.3779965966924,3.6488469917602644,3.3763264788159666,4.311812423283511,6589.74358974359,0.0022099472987645355,568.2801295034013,0.049,0.3951612903225807,1-0-954-0,ay,UT_003,003,2,fave,NaN,42.14271515084442,5,i,1,0.10003700000004301,"",don't,#,#,"",D,coextensive
772.7592242261658,1506.7056505207274,3016.467772070087,3.23442542939746,3.4675024589141428,3.796937783220443,6948.717948717948,0.00003483191758497214,568.567152834467,0.063,0.6057692307692308,1-0-957-0,ay,UT_003,003,2,fave,250.32185687130806,56.43462123994431,5,i'm,1,0.080016999999998,know,rea,#,M,owF,M,initial
786.8177359374291,1682.0933048211955,2665.676471015223,3.803512285600218,3.652275097700088,4.325766542766769,6230.7692307692305,0.0011740257875663288,568.9081445034013,0.025,0.24038461538461545,1-0-960-0,ay,UT_003,003,2,fave,247.20775022463792,46.45966664083741,5,i'm,1,0.080016999999998,"",good,#,M,"",M,initial
889.0721060211655,1722.8308770979208,2714.5516753780994,3.392431726506153,3.550848399288634,4.270334274090268,6230.7692307692305,0.0019493147506289758,596.8763338344672,0.061000000000000006,0.3961038961038961,1-0-989-0,ay,UT_003,003,2,fave,225.17206451695165,52.051397124671844,5,i,1,0.13000499999998283,mean,mostly,#,#,N,M,coextensive
706.9244362943645,2127.170429386649,2645.017923382389,3.0808313920204573,3.8244724886256285,3.8113381955171652,6230.7692307692305,0.00006495689485998252,611.4783231655329,0.025,0.2976190476190476,1-0-998-0,ay,UT_003,003,2,fave,189.96292571963096,45.76641568423183,5,i,1,0.05999799999995048,something,do,#,#,NG,D,coextensive
814.8176724435035,1587.610364522639,3153.706327197397,3.633349808529229,3.8768571134354874,4.141620991305416,5692.3076923076915,0.02056782287337633,620.5633608276644,0.095,0.32312925170068024,1-0-1014-0,ay,UT_003,003,2,fave,101.97544863683112,45.76346779808451,5,i,1,0.26995799999997416,"","",#,#,"","",coextensive
768.1821884158999,1803.7242629327354,2737.6779847300595,2.9577798621052436,3.4801771607921124,3.933453431658776,6589.74358974359,0.0009452172260885183,625.0549351655328,0.07300000000000001,0.34112149532710284,1-0-1025-0,ay,UT_003,003,2,fave,185.8682944135968,55.34228115639613,5,i,1,0.190003000000047,and,typically,#,#,D,T,coextensive
812.6385387498901,1819.4266873890117,2599.6063562949566,3.1845132122127646,3.686776847749779,3.9697041881837842,6410.25641025641,0.0005777905975085798,626.3709564965986,0.025,0.20161290322580647,1-0-1028-1,ay,UT_003,003,2,fave,174.91212799702822,49.49454745731888,5,high,1,0.09997600000008333,like,fantasy,HH,#,HH,F,final
812.3309984793635,1646.100997693835,2896.480661085787,3.5543881553071177,3.4352416134841497,4.081443504317253,6769.2307692307695,0.000017025534500763115,644.3189608344672,0.061000000000000006,0.5865384615384617,1-0-1056-0,ay,UT_003,003,2,fave,213.1911928547698,59.492670508904446,5,i'm,1,0.080016999999998,that,like,#,M,T,M,initial
864.6113675002114,1679.2632501609885,2677.8136737388963,3.234355359303436,3.3588848807441787,3.825996293177797,6230.7692307692305,0.000017572115246288943,648.773250834467,0.025,0.26595744680851063,1-0-1061-0,ay,UT_003,003,2,fave,266.55603282855753,61.577291399763325,5,i,1,0.07000700000003235,"",used,#,#,"",Y,coextensive
725.1622477269964,1640.0047537065059,2611.9249722083773,2.923776807068972,3.183711266323239,3.6272547777235333,6410.25641025641,0.00008300366281417493,650.4232634965987,0.025,0.21929824561403513,1-0-1066-0,ay,UT_003,003,2,fave,224.97731913590485,61.11468294338944,5,i,1,0.08996600000000399,up,would,#,#,P,W,coextensive
833.8373901683366,1619.5915731991468,2644.5993618794537,3.502205392010963,3.394170829194756,4.933552450940926,6230.7692307692305,0.00016290272852619042,651.9792628344671,0.037,0.3936170212765957,1-0-1072-0,ay,UT_003,003,2,fave,207.4581471012658,55.13754272487003,5,i'm,1,0.07000800000002982,but,like,#,M,T,M,initial
886.0798412062176,1628.6644023715369,2865.6899295047465,3.4258111487899967,4.331536627786984,4.529673262975806,7487.179487179487,0.005451555428083525,654.1422325034014,0.063,0.3247422680412371,1-0-1081-0,ay,UT_003,003,2,fave,355.47462063355965,56.52471290787777,5,i,1,0.17004400000007536,"",read,#,#,"",R,coextensive
813.9964155691382,1789.880481183068,3014.1659129411955,3.55447432072555,3.055275632781546,4.0473918672910445,6230.7692307692305,0.000030577469448908514,657.2108728344671,0.025,0.26595744680851063,1-0-1095-0,ay,UT_003,003,2,fave,201.54135298532958,54.24654976849436,5,i,1,0.07000700000003235,one,read,#,#,N,R,coextensive
775.8037408909797,1575.9646896260037,2902.378623374605,3.431873468352792,3.7338252565779353,3.921352321173199,6230.7692307692305,0.001840498686237722,680.1959638276644,0.025,0.16233766233766234,1-0-1140-0,ay,UT_003,003,2,fave,234.05232518319252,50.28558239901769,5,i,1,0.12994300000002568,"",just,#,#,"",JH,coextensive
838.2888629401567,1382.7877568458061,2900.7852334420363,3.1270081823763345,3.6817020146305652,4.512377686229907,6410.25641025641,0.0012051466379079338,682.9449651655328,0.043,0.2792207792207792,1-0-1148-1,ay,UT_003,003,2,fave,190.22470110957278,52.27449696762917,5,library,1,0.13000499999998283,the,one,L,B,L,B,internal
893.6531758871993,1746.9265945951138,2764.0108529589506,3.154876719826239,3.7456740576844068,4.2898784232680525,6769.2307692307695,0.001490010153379468,718.008849165533,0.10900000000000001,0.3263473053892215,1-0-1176-2,ay,UT_003,003,2,fave,235.62427250102274,61.77318946585347,5,tried,1,0.309996999999953,"","",R,D,R,D,internal
970.2664574420915,1582.5178056982577,2729.710443539863,3.670187535063407,4.0940722269857,4.292456907239703,6948.717948717948,0.05494580449605071,723.0768341655328,0.025,0.06510416666666667,1-0-1188-0,ay,UT_003,003,2,fave,274.00525882067797,54.81190714432532,5,i,1,0.3599850000000515,"","",#,#,"","",coextensive
674.2220743828417,2035.5404503374994,2597.49766804722,3.4884737668789625,3.4402808187646086,4.109995065888476,6410.25641025641,0.00030109894605805316,725.029846165533,0.031,0.32978723404255317,1-0-1198-0,ay,UT_003,003,2,fave,204.75367916117278,54.84484119188258,5,i,1,0.07000700000003235,big,think,#,#,G,TH,coextensive
795.975858723614,1621.2914617759432,2572.5940492123136,3.0299850285370944,3.5345320254056922,4.016597896278643,6051.282051282051,0.00018648132237994916,731.6148688344672,0.041,0.43617021276595747,1-0-1222-1,ay,UT_003,003,2,fave,198.49505136139163,56.767133607567594,5,by,1,0.07000800000002982,recommended,a,B,#,B,eyF,final
792.7855870978317,1653.1341541836528,2829.3158187699014,3.6002163728195593,4.073140607180087,4.148961424413602,6410.25641025641,0.0022861928983616132,732.6368311655328,0.025,0.18656716417910452,1-0-1226-0,ay,UT_003,003,2,fave,216.17869147990345,47.91170852348903,5,i,1,0.1099859999999353,"",tried,#,#,"",T,coextensive
830.9316982338494,1648.5025097984194,2568.749197813835,3.4755085215048203,3.89291696473971,4.30271577931433,5692.3076923076915,0.0028230154354467662,733.0498271655329,0.11100000000000002,0.405109489051095,1-0-1227-2,ay,UT_003,003,2,fave,191.63024445519932,52.918006575130356,5,tried,1,0.25,i,"",R,D,R,D,internal
845.2148674765447,1732.7507933386535,2468.0239783849947,3.2196956154229,3.6274466538299945,4.5920646997732355,6230.7692307692305,0.00008317558336272358,742.3911278344672,0.037,0.4404761904761904,1-0-1258-0,ay,UT_003,003,2,fave,222.58247003552367,60.76718838234979,5,i,1,0.05999799999995048,"",had,#,#,"",HH,coextensive
809.2645853208119,2155.6346837886344,2937.8904035097917,3.658769979027462,3.729843828733598,3.8133673557309105,6230.7692307692305,0.0033945967103054136,753.8595385034013,0.16899999999999998,0.8711340206185567,1-0-1284-0,ay,UT_003,003,2,fave,402.3158055593457,46.217271173752096,5,i,1,0.17004400000007536,"","",#,#,"","",coextensive
797.3350705508308,1463.694116974918,2673.053126519351,3.060462885542086,3.45705582282436,4.133899103399094,6410.25641025641,0.0006094282731577968,754.7525358344672,0.075,0.4573170731707317,1-0-1288-0,ay,UT_003,003,2,fave,179.29240810766754,61.664768654139536,5,i,1,0.140013999999951,know,wish,#,#,owF,W,coextensive
741.724646965717,1610.1909877767105,2479.512144812353,2.9918219927359524,4.182442725654282,4.46770937902086,6769.2307692307695,0.0009915267399744914,755.1105465034013,0.031,0.2719298245614035,1-0-1290-0,ay,UT_003,003,2,fave,342.0599915313475,63.224452173529954,5,i,1,0.09002599999996619,wish,knew,#,#,SH,N,coextensive
862.8200814914068,1651.6533170053822,2800.546024979887,3.537900173724064,3.6684757456995376,4.200844551668848,6410.25641025641,0.0013767324915705567,758.0585485034014,0.047,0.3790322580645161,1-0-1301-0,ay,UT_003,003,2,fave,243.38729276125548,59.718047030227446,5,i,1,0.10003699999992932,"",never,#,#,"",N,coextensive
620.6461972870527,1697.0187313735887,2731.1208990453915,3.1765897999335273,3.9968643871663283,4.0852489200526305,5871.794871794871,0.00010323524339499334,759.5075648344671,0.025,0.26595744680851063,1-0-1307-0,ay,UT_003,003,2,fave,204.1509710960971,58.246548459453884,5,i,1,0.07000700000003235,so,don't,#,#,owF,D,coextensive
865.1977122918008,1705.80946275381,2675.9769269077055,3.358688589567976,3.8626010996671583,4.222902117612512,5871.794871794871,0.001055499276494535,762.6797258344671,0.03900000000000001,0.3750000000000001,1-0-1318-0,ay,UT_003,003,2,fave,242.00644389468476,53.741432856890874,5,i,1,0.080016999999998,"",don't,#,#,"",D,coextensive
832.3083330204822,2328.386564240342,3057.5812041115573,3.380463537624666,4.134640833218493,4.122158649421939,6410.25641025641,0.0050851643025870055,765.1147351723356,0.289,0.9203821656050954,1-0-1330-1,ay,UT_003,003,2,fave,222.8623889333797,59.17532488182155,5,my,1,0.29003899999997884,that's,"",M,#,M,"",final
714.2148505681972,1921.0870366653576,2860.8558590175016,3.603167674519632,3.6614102457149613,4.15021052827095,6410.25641025641,0.00003302505368510232,765.9127711655328,0.025,0.2976190476190476,1-0-1333-1,ay,UT_003,003,2,fave,200.44691381938912,56.57060324255357,5,my,1,0.05999799999995048,that's,jam,M,#,M,JH,final
719.4058569608111,1836.2492719032512,2868.8914183376482,3.369721308208897,3.560436314204329,4.107154647411371,6410.25641025641,0.00010424892838710715,768.947745834467,0.035,0.37234042553191493,1-0-1347-0,ay,UT_003,003,2,fave,199.12973706188305,56.56703455770991,5,i,1,0.07000700000003235,dead,couldn't,#,#,D,K,coextensive
731.5814863563995,1676.5294504541416,3023.3865220877096,3.360225312884159,3.915652007807064,4.6348418281277155,6410.25641025641,0.001386160523875119,778.8017704965986,0.043,0.4134615384615384,1-0-1379-0,ay,UT_003,003,2,fave,234.30123956279616,55.98393472465486,5,i'd,1,0.07995600000003833,"",watch,#,D,"",D,initial
806.2119445312667,1829.9288376308093,3055.1316168201984,3.6062845568157043,3.2379980525256227,3.7703377531778153,6230.7692307692305,0.00011849992379147675,782.6027684965986,0.025,0.24038461538461536,1-0-1397-0,ay,UT_003,003,2,fave,204.97068246815806,60.36272401802546,5,i'd,1,0.07995600000003833,then,turn,#,D,N,D,initial
767.5471797686628,1784.7609551006412,2953.0475608085294,3.5147568499715125,3.551552071311218,4.080140522694096,6051.282051282051,0.0006160094884747355,786.252732834467,0.045,0.2922077922077922,1-0-1411-1,ay,UT_003,003,2,fave,97.00650562053147,51.73456142225667,5,my,1,0.13000500000009652,hold,attention[um],M,#,M,spn,final
829.6661491500427,1396.068668147204,2413.519059201766,3.23271603668667,3.6816603116481224,4.147791763033532,5871.794871794871,0.0007170400956005509,798.7681368344671,0.073,0.32589285714285715,1-0-1428-1,ay,UT_003,003,2,fave,198.93225494243964,54.325771522262656,5,five,1,0.2000119999999015,or,"",F,V,F,V,internal
853.6037000548985,1348.6104513071678,2459.5997267609578,3.3955176657902557,3.861854568499228,4.313982610072,5692.3076923076915,0.0014978294583760457,800.6171341723356,0.051000000000000004,0.2628865979381444,1-0-1436-3,ay,UT_003,003,2,fave,194.98998458699762,52.25944258489059,5,decide,1,0.17004399999996167,i,if,S,D,S,D,internal
739.676699658558,1646.035759260013,2846.632830010724,3.0191209707014557,3.705649517704363,3.938439796280234,6230.7692307692305,0.00013223366057830082,800.9741674965986,0.025,0.21929824561403513,1-0-1438-0,ay,UT_003,003,2,fave,186.8574861219541,50.2837219502763,5,i,1,0.08996600000000399,if,like,#,#,F,L,coextensive
751.2290972408845,1903.0658796927382,2901.6617807466027,3.516110403500019,3.6249788136615235,3.669567850407565,6051.282051282051,0.0018889639687556471,828.538751165533,0.119,0.826388888888889,1-0-1468-0,ay,UT_003,003,2,fave,244.03022341910824,46.47786583350655,5,i,1,0.11999500000001717,and,mean,#,#,D,M,coextensive
605.2178602517052,1731.8308139767107,2940.086162294558,3.1419138486076443,3.916311989515164,4.126611107478195,6230.7692307692305,0.001273349971237899,831.3167581655327,0.035,0.28225806451612906,1-0-1476-0,ay,UT_003,003,2,fave,278.5153234876361,57.66915033600074,5,i,1,0.09997600000008333,since,tried,#,#,S,T,coextensive
645.4772312478785,1901.337798001457,2514.44224027346,3.457426904009163,3.913063643448267,4.5203275119926225,6230.7692307692305,0.0013538529734127029,831.591731834467,0.025,0.21929824561403513,1-0-1477-2,ay,UT_003,003,2,fave,272.5446518740552,56.69897598584697,5,tried,1,0.09002699999996366,i,to,R,D,R,D,internal
758.0642086184613,1796.2118682902244,2944.464607011212,3.0834712848220325,3.5017326833776243,4.340570192587483,6051.282051282051,9.37842711727687e-6,835.3617461655328,0.025,0.2976190476190476,1-0-1496-0,ay,UT_003,003,2,fave,192.87438250443563,52.50588731809141,5,i,1,0.05999799999995048,and,read,#,#,D,R,coextensive
743.0155842654791,2012.3970745885092,2769.405281528342,3.206036279700469,3.880396256218497,4.229175697715876,5512.820512820513,0.0005342432114175245,838.9597531655328,0.08099999999999999,0.5625,1-0-1509-1,ay,UT_003,003,2,fave,-2049.5819647514345,39.53059426022704,5,mind,1,0.11999500000001717,"","",M,N,M,N,internal
797.2312672279094,1840.7851695516372,2581.7712157494507,3.1931596744739665,3.714142057103098,4.102042136576157,6769.2307692307695,0.00013025559007081284,862.0168581723356,0.04100000000000001,0.3306451612903227,1-0-1535-0,ay,UT_003,003,2,fave,193.6851095028281,52.27391771033338,5,i,1,0.10003600000004553,"",did,#,#,"",D,coextensive
749.6806012243735,1802.6286579426235,2539.5835981153095,3.0570770729107455,3.9038852834003945,3.927754324671719,6230.7692307692305,0.0002972921238301445,868.100032834467,0.025,0.24038461538461536,1-0-1567-0,ay,UT_003,003,2,fave,187.38656910728838,54.94765060071572,5,i,1,0.080016999999998,book,could,#,#,K,K,coextensive
795.2775314548564,1552.5196661429588,2541.499592168939,3.046863917189447,3.714518818794288,3.836054275901337,6589.74358974359,0.0012034895576664532,905.817928834467,0.025,0.07267441860465115,1-0-1612-0,ay,UT_003,003,2,fave,229.1585445399851,60.77354690191052,5,i,1,0.32000700000003235,"",first,#,#,"",F,coextensive
754.6617941587929,1853.4013350132518,3038.180941213469,3.4902236086022547,3.655989345510744,3.883202992689895,6410.25641025641,0.00644183524825065,915.181026834467,0.025,0.10683760683760685,1-0-1653-0,ay,UT_003,003,2,fave,215.57579980851247,56.29414512214065,5,i,1,0.21002199999998084,then,"",#,#,N,"",coextensive
805.7856189888387,2053.7686113869036,2869.996203089691,3.1678474744517846,3.937440013645551,4.077405184975117,6410.25641025641,0.0009076284499866321,917.2050325034013,0.073,0.5447761194029851,1-0-1663-0,ay,UT_003,003,2,fave,412.70086223794493,51.15694474668519,5,i,1,0.11004600000001119,"",think,#,#,"",TH,coextensive
698.368835886213,2020.5051257004998,2634.9550076820387,3.076808161055231,3.5968764043975203,3.7506258499583605,6051.282051282051,0.00008468091667651598,917.5000238344671,0.043000000000000003,0.3771929824561404,1-0-1665-0,ay,UT_003,003,2,fave,239.25842636901496,58.4363487620532,5,i,1,0.09002700000007735,think,can,#,#,K,K,coextensive
718.896566424604,2089.424950857905,2812.4954388622646,3.2941742742168523,3.866304999365527,4.029022417235308,6589.74358974359,0.00008010231443561242,921.4970181655328,0.037,0.3936170212765957,1-0-1683-0,ay,UT_003,003,2,fave,263.48406158581207,60.673758070001014,5,i,1,0.07000800000002982,like,think,#,#,K,TH,coextensive
848.5627564767195,1805.9535365570632,2609.8640024428987,3.165935556916939,3.8565603894512552,4.132932746889583,5871.794871794871,0.000023440780131039595,921.7640438344671,0.031,0.369047619047619,1-0-1685-0,ay,UT_003,003,2,fave,288.7572816937665,62.07953905875048,5,i,1,0.05999799999995048,think,might,#,#,K,M,coextensive
788.1736329059497,1796.3058438540718,2641.0822867094885,3.306729554764464,3.9334570831514397,4.440585701855397,7487.179487179487,0.0007266506521195783,924.6232581655329,0.049,0.36567164179104483,1-0-1700-0,ay,UT_003,003,2,fave,364.544341138345,64.21133675758726,5,i,1,0.10998499999993783,"",believe,#,#,"",B,coextensive
752.6047127064082,1705.706483288917,2374.4826284267983,3.451787110304299,3.633075024036605,3.807078923870744,6230.7692307692305,0.000037852563459340515,926.2042355034014,0.031000000000000003,0.4189189189189189,1-0-1706-1,ay,UT_003,003,2,fave,258.14489061491355,60.79992366620288,5,my,1,0.050047999999947024,you're,daughter,M,#,M,D,final
675.531514623712,1787.0677183274433,2317.3861812715086,3.31239580798148,3.711898293348112,3.8269448255266907,6410.25641025641,0.00007022442710806441,926.5592658344672,0.040999999999999995,0.39423076923076916,1-0-1708-0,ay,UT_003,003,2,fave,240.0069453017127,62.613865697804044,5,i,1,0.080016999999998,daughter,support,#,#,*hr,S,coextensive
887.4015440951657,1797.6847936605345,2882.4636936132697,3.53850481295197,3.6463695232820434,3.973942974262104,7487.179487179487,0.0007086049764718919,928.8132268344672,0.129,0.8376623376623377,1-0-1715-0,ay,UT_003,003,2,fave,386.42464893807505,65.19651351978838,5,i'm,1,0.13000499999998283,"",not,#,M,"",M,initial
821.7014456541438,1586.8368003069245,2748.2270937214244,3.469266926294687,3.4830852719869423,4.003522340418568,6410.25641025641,0.00033320061506854717,929.9622708344671,0.087,0.6041666666666666,1-0-1719-0,ay,UT_003,003,2,fave,253.40083113424762,64.7102441452428,5,i'm,1,0.11999500000001717,"",not,#,M,"",M,initial
896.7608637174912,1600.3698159028586,2545.3016228617867,3.0648032523692925,3.9157628451229614,4.168091684488404,5871.794871794871,0.000053249239374632845,939.8512481655328,0.025,0.2976190476190476,1-0-1750-0,ay,UT_003,003,2,fave,196.02249384736513,54.25878968335018,5,i,1,0.05999800000006417,"",don't,#,#,"",D,coextensive
726.8063322199113,2180.201298799782,2951.4394127742394,3.5911098705073066,3.696387947213739,4.04757205352533,6410.25641025641,0.00027389110467114,942.1092438344672,0.061000000000000006,0.5865384615384616,1-0-1761-1,ay,UT_003,003,2,fave,208.09930404283932,57.221716434037546,5,my,1,0.080016999999998,at,aunt,M,#,M,ae,final
723.3908859409393,1176.2493177156928,2611.9493968194242,3.147178654395747,3.2723114665878206,3.8029108771061755,6051.282051282051,0.0000839994374162822,945.4842388344672,0.07100000000000001,0.6826923076923077,1-0-1779-1,ay,UT_003,003,2,fave,227.1084636232652,60.22218434087812,5,while,1,0.080016999999998,like,you,W,L,W,L,internal
771.5625935500592,1669.4578915564489,2374.874791714449,3.252163845711412,3.6940064456842894,4.0164163035048865,6230.7692307692305,0.00032251953846020335,946.0402525034015,0.043,0.34677419354838707,1-0-1782-2,ay,UT_003,003,2,fave,214.18497920561612,59.43324474277472,5,driving,1,0.10003599999993185,were,over,R,V,R,V,internal
779.6082176747606,1685.6440193568578,2986.9321710235536,3.219304394310069,3.5282889989287822,4.080804830172404,6410.25641025641,0.0002947297742298317,957.3949605034013,0.025,0.21929824561403513,1-0-1833-0,ay,UT_003,003,2,fave,234.50070459504505,58.55980220191345,5,i,1,0.09002699999996366,"",told,#,#,"",T,coextensive
767.3861203607659,1848.875190035351,2985.7297922853054,3.787816211431729,3.5783838738067812,4.006390795221413,6230.7692307692305,0.00016538247215910215,957.7629408344673,0.041,0.43617021276595747,1-0-1835-1,ay,UT_003,003,2,fave,209.0303148021745,56.02437167188759,5,my,1,0.07000699999991866,told,aunt,M,#,M,ae,final
764.2740556844261,1781.8258561033185,2157.20647405907,3.17451602956441,3.831967281926376,4.236227580047865,5692.3076923076915,0.0000706775715203476,958.5569335034014,0.029,0.39189189189189183,1-0-1840-2,ay,UT_003,003,2,fave,256.80123292781354,58.58824521233368,5,try,1,0.0500489999999445,well,do,R,#,R,D,final
770.7123719144996,1646.6565942075968,3106.1358286405734,4.382967519553025,3.4640086175744105,4.057716246476388,6051.282051282051,0.00004377988633114329,959.4949251655328,0.025,0.2976190476190476,1-0-1846-0,ay,UT_003,003,2,fave,209.6691026043086,55.13697693032227,5,i,1,0.05999700000006669,and,was,#,#,D,W,coextensive
597.6311075639542,1815.797072982608,2577.0836849040575,3.5033895034797813,3.8218904230785062,3.936307343284622,6051.282051282051,0.00015352071306303666,963.679922834467,0.035,0.37234042553191493,1-0-1867-0,ay,UT_003,003,2,fave,110.59384191894235,52.91107797384367,5,i,1,0.07000800000002982,like,don't,#,#,K,D,coextensive
873.8647130742745,1830.7448239106754,2816.0855276207103,3.589528716905515,3.9050275013837097,4.065303739627301,6230.7692307692305,0.00012385537613360302,974.2389761655328,0.033,0.39285714285714285,1-0-1914-0,ay,UT_003,003,2,fave,208.97956974053392,51.87190766142827,5,i,1,0.05999800000006417,"",did,#,#,"",D,coextensive
817.2011276058887,1531.2880124807157,2425.648700737518,2.9712463529502484,3.3278185711167945,4.1348215784423035,6410.25641025641,0.00033277846918556723,975.7269604965986,0.029,0.21641791044776124,1-0-1920-1,ay,UT_003,003,2,fave,260.6865118773086,69.16733393992486,5,time,1,0.10998600000004899,the,to,T,M,T,M,internal
767.7508102721627,1420.414611057776,3352.5881696239303,3.5107357582838046,3.3925421377502705,4.01851706652162,7307.692307692308,0.0006844506485038297,979.4026728344671,0.043000000000000003,0.5119047619047619,1-0-1934-0,ay,UT_003,003,2,fave,18.42379620037641,48.11106496551654,5,i,1,0.05999800000006417,and,was,#,#,D,W,coextensive
760.2981563169942,1695.3252575175636,2561.7814984833763,3.2572025314080495,3.908632241709302,3.9969542919876155,6230.7692307692305,0.0010418417123632302,981.768658834467,0.055,0.33536585365853655,1-0-1949-1,ay,UT_003,003,2,fave,230.29812042327563,58.27850330370015,5,guy's,1,0.140013999999951,the,hands,G,Z,G,Z,internal
814.0756778336217,1550.3634675395149,2420.936336003548,3.0157718001365295,3.7578125602344556,4.108632485255355,6410.25641025641,0.0004681398928018224,986.1116395034013,0.04100000000000001,0.3306451612903227,1-0-1970-1,ay,UT_003,003,2,fave,NaN,52.06008672758669,5,five,1,0.10003700000004301,like,seconds,F,V,F,V,internal
766.4428739610629,1519.5100842530142,3095.73317643339,3.8552623437816536,3.89271985585684,4.284040716570888,6410.25641025641,0.0002543625669882525,993.1736361655328,0.025,0.2976190476190476,1-0-2001-0,ay,UT_003,003,2,fave,250.3622142820315,50.25973992720045,5,i,1,0.059996999999953005,and,was,#,#,D,W,coextensive
808.7876873465854,1730.6152646662854,2666.946334893901,3.4538808917905532,3.830661520204923,3.9315231364542926,6589.74358974359,0.0007650620726137028,1002.3176381723356,0.093,0.6940298507462688,1-0-2028-0,ay,UT_003,003,2,fave,228.01236630165846,57.09077741800708,5,i,1,0.1100459999998975,"",don't,#,#,"",D,coextensive
809.9523765027698,1458.676679821591,3136.2946790111305,3.4691950008595374,3.839973006635232,4.3581212505837135,6769.2307692307695,0.0003281151088477201,1013.483760834467,0.025,0.24038461538461545,1-0-2068-0,ay,UT_003,003,2,fave,239.78110637459244,55.0282451655738,5,i,1,0.080016999999998,"",like,#,#,"",L,coextensive
767.3510756678456,1589.3349794777405,2445.082218862546,3.27040877484536,4.052758540784777,4.047578591283686,6051.282051282051,0.00019992254209891784,1014.3337425034013,0.025,0.20161290322580647,1-0-2073-1,ay,UT_003,003,2,fave,193.50718502530037,54.33962569224583,5,guidance,1,0.10003700000004301,life,readings,G,D,G,D,internal
846.6260907152056,1738.9444107026898,2832.2529134504025,4.307394610860742,3.551983853453717,4.281425637304372,6051.282051282051,0.0007724389573629123,1032.5137184965986,0.025,0.21929824561403513,1-0-2151-0,ay,UT_003,003,2,fave,196.7248283735545,49.777854079924765,5,i,1,0.0899650000001202,and,was,#,#,D,W,coextensive
930.8331875840406,1726.248280282408,2688.4896251999976,3.0674080135463253,3.887452004561596,4.3596813640422285,6589.74358974359,0.004192181564985712,1034.8057255034012,0.129,0.31159420289855067,1-0-2156-1,ay,UT_003,003,2,fave,240.73256094656475,65.61877154882652,5,hi,1,0.3900140000000647,sorry,i,HH,#,HH,ay,final
760.8792585394344,1374.9676938913583,2814.487807509348,3.2880358474964844,4.033077121255417,4.002296867880322,6410.25641025641,0.0019149462469659575,1039.2176131655328,0.059000000000000004,0.21532846715328466,1-0-2175-4,ay,UT_003,003,2,fave,365.2851700837642,54.58561281754289,5,suicide,2,0.25,committed,and,S,D,S,D,internal
817.2148927173556,1621.1928650349935,2832.631507766251,3.4825866185041296,3.831199633341761,3.970366895784478,6230.7692307692305,0.00423721480720573,1047.2376401723354,0.07900000000000001,0.1702586206896552,1-0-2211-0,ay,UT_003,003,2,fave,185.74041059082666,52.19371997724603,5,i,1,0.4400630000000092,"","",#,#,"","",coextensive
715.1668695869622,1897.1191006889278,2804.937510547773,3.307598800500904,3.395936037257909,3.7184334755775073,6230.7692307692305,0.00002736447602281835,1054.0806351723354,0.025,0.2976190476190476,1-0-2238-1,ay,UT_003,003,2,fave,229.59685539836593,55.59473759832997,5,kind,1,0.06005900000013753,know,of,K,N,K,N,internal
710.2789183572629,1889.927413482819,2731.6301005799996,3.1165979860050275,3.6372023505276787,4.021250675787497,6230.7692307692305,0.00021160863365837567,1063.6933118412699,0.025,0.24038461538461545,1-0-2275-0,ay,UT_003,003,2,fave,207.83538373489563,60.7337753561677,5,i,1,0.08007799999995768,way,could've,#,#,eyF,K,coextensive
678.7190014697226,2044.103897407073,2774.5505452431335,3.413274773738697,3.5627658528292176,3.838941512315479,6230.7692307692305,0.00047040155789055397,1068.4193708276644,0.037000000000000005,0.3557692307692309,1-0-2290-1,ay,UT_003,003,2,fave,206.81860994103778,54.76738990256013,5,my,1,0.07995600000003833,like,family,M,#,M,F,final
662.8316647271362,2038.5316046829093,2951.2292167402234,3.2230236195254327,4.066385782620725,4.235236317322479,6230.7692307692305,0.0000687855500899979,1069.7633401587302,0.025,0.2976190476190476,1-0-2297-0,ay,UT_003,003,2,fave,200.2202715931233,55.818646001043675,5,i,1,0.0599369999999908,way,knew,#,#,eyF,N,coextensive
766.036042586536,1523.4187903216634,2737.0558817678516,3.2824499953111963,4.216897137156597,4.3568307312208105,7128.205128205128,0.002033522768722175,1074.353323165533,0.025,0.18656716417910452,1-0-2319-1,ay,UT_003,003,2,fave,312.3444717786075,62.630100515760155,5,my,1,0.1099859999999353,they're,family,M,#,M,F,final
880.3645060339793,1491.3804578647632,2638.2591758558815,3.4540760808859066,3.9679865878664504,3.5353686861671165,6051.282051282051,0.0005868651242907498,1092.1219245102043,0.037000000000000005,0.2761194029850747,1-0-2364-0,ay,UT_003,003,2,fave,295.1741836350085,61.6725316157963,5,i,1,0.11010800000008203,"",started,#,#,"",S,coextensive
758.747757422838,1778.0340005870614,3013.9060178749405,3.4820958009670107,3.5069769102244175,3.991187897135076,6589.74358974359,0.00014403589627323422,1094.1169131723357,0.027000000000000003,0.2872340425531915,1-0-2369-0,ay,UT_003,003,2,fave,213.15101899776064,59.138886069585496,5,i've,1,0.07006899999987581,and,kinda,#,V,D,V,initial
709.7553202404996,1782.5694632016582,2605.032626510867,3.0968467743356363,3.8187087687211174,3.889250270823496,6410.25641025641,0.0002502933979871586,1095.8559155102039,0.025,0.21929824561403513,1-0-2377-0,ay,UT_003,003,2,fave,226.75263270940857,60.851869102980906,5,i,1,0.09008800000015071,"",still,#,#,"",S,coextensive
856.7454321725402,1576.3173657588682,2674.164303359603,3.7330472935062278,3.8259438701378556,4.423106728677328,6769.2307692307695,0.0014057122451022715,1101.9169275034014,0.08700000000000001,0.44845360824742275,1-0-2396-0,ay,UT_003,003,2,fave,214.40908499003174,55.893675494382855,5,i,1,0.17004399999996167,"",just,#,#,"",JH,coextensive
671.0028575260892,1889.7121515521917,2679.9422605078494,3.3687493138062217,3.4832709247475946,3.9921572046539158,6230.7692307692305,7.773970483151527e-6,1102.3679075034015,0.029,0.39189189189189183,1-0-2398-1,ay,UT_003,003,2,fave,215.83617146360498,57.44470516309118,5,kind,1,0.0500489999999445,just,of,K,N,K,N,internal
915.2085106975916,1723.625351419735,2644.3640384087116,3.295451758123775,3.539427226710635,4.076126401758489,5871.794871794871,0.00008619850635779653,1106.3159588276644,0.025,0.26595744680851063,1-0-2412-1,ay,UT_003,003,2,fave,272.54834391404273,64.09529279809374,5,kind,1,0.06994600000007267,it's,of,K,N,K,N,internal
860.4745088819168,1707.7965517377932,2741.0226150767994,3.0628658027088584,3.7283654289347474,3.885681843286523,6769.2307692307695,0.0006014895619019978,1107.8189601655326,0.051000000000000004,0.4112903225806452,1-0-2422-0,ay,UT_003,003,2,fave,234.9086984739539,61.00933697072116,5,i,1,0.09997500000008586,"",could,#,#,"",K,coextensive
869.7498877008082,1482.553811829971,2718.808477682246,3.0199563572793933,3.713851014729088,3.854094005444293,6948.717948717948,0.0016909935342097162,1113.2359148412697,0.025,0.07062146892655366,1-0-2446-0,ay,UT_003,003,2,fave,258.3916646616718,65.27849785017044,5,i,1,0.3300779999999577,"","",#,#,"","",coextensive
851.970325587826,1594.970240914995,2498.4564707972904,3.1748202396388714,3.812914042066583,4.074017005628531,6589.74358974359,0.0006705646951555842,1113.60798215873,0.049,0.26630434782608703,1-0-2448-0,ay,UT_003,003,2,fave,240.26770820860173,61.996266759532276,5,i'm,1,0.15991200000007666,"",more,#,M,"",M,initial
779.4865069493417,1765.2374183450397,2870.684746491789,3.0578187213870294,3.657870472811818,4.193071145352261,6589.74358974359,0.002109658095590207,1115.287936834467,0.049,0.3181818181818182,1-0-2453-0,ay,UT_003,003,2,fave,290.00641660856513,53.723227857658124,5,i,1,0.13000400000009904,"",guess,#,#,"",G,coextensive
604.6319029415636,1967.1392308797406,2387.4260689463767,3.4738024459712693,3.574485679433868,4.284252696929341,6589.74358974359,0.00010120031830255816,1117.9529694965986,0.039,0.34210526315789475,1-0-2464-0,ay,UT_003,003,2,fave,199.93979327371642,60.823761626293845,5,i,1,0.08996499999989283,where,just,#,#,R,JH,coextensive
683.6740558354386,1956.1592166119913,2732.7623088392425,3.264659769748948,3.611605612467005,4.069230346274229,6769.2307692307695,0.00003700065467795342,1119.4063508276645,0.051000000000000004,0.49038461538461536,1-0-2469-0,ay,UT_003,003,2,fave,202.14962120518913,63.426376629713545,5,i,1,0.07995600000003833,but,also,#,#,T,o,coextensive
814.5241622062042,1807.3960263883735,2913.5534990212723,3.1427266602722486,3.6290465176296247,4.104162633951095,6769.2307692307695,0.00020012361674554712,1125.8993564965986,0.037000000000000005,0.2983870967741936,1-0-2492-0,ay,UT_003,003,2,fave,211.40945971439373,64.10686635548562,5,i,1,0.09997599999996964,that,don't,#,#,T,D,coextensive
888.2193033292249,1619.2109419757999,2750.1711151302175,3.1651015335171566,4.318887551437752,4.074937723846221,6230.7692307692305,0.008475681765122842,1127.6833898276645,0.025,0.07267441860465115,1-0-2497-0,ay,UT_003,003,2,fave,197.31867563671187,56.42371572397864,5,i,1,0.31994699999995646,"","",#,#,"","",coextensive
711.7989259912704,1872.2872523818012,2833.9094111752634,3.392445756827588,3.8629468446239006,4.370517637855173,6948.717948717948,0.000015907008170311197,1131.0433758276645,0.025,0.2976190476190476,1-0-2508-0,ay,UT_003,003,2,fave,240.60958036977348,63.03099528015009,5,i,1,0.059936000000107015,"",don't,#,#,"",D,coextensive
889.0458113182095,1668.681542661584,2568.5150076685277,3.356893061823733,3.487781397028334,3.9043444040522677,6589.74358974359,0.00036288218511752973,1142.392333165533,0.08299999999999999,0.5763888888888888,1-0-2551-0,ay,UT_003,003,2,fave,4262.13528098862,61.48087124411365,5,i,1,0.11999500000001717,do,have,#,#,Tuw,HH,coextensive
724.7998065968802,1931.0026899792638,2696.906468196462,2.965831545369239,3.7898417301783023,4.0887140285300125,6051.282051282051,0.000043162763744303414,1157.1199098412696,0.053,0.5638297872340425,1-0-2598-0,ay,UT_003,003,2,fave,243.8544908263345,64.92780364593061,5,i,1,0.07006799999999203,[bracketed],just,#,#,spn,JH,coextensive
688.2071445012518,2174.7223032881784,2936.2478478457783,3.446797574296286,3.712176629875612,4.120607387864714,6230.7692307692305,0.00003965199387809933,1158.8259678276645,0.025,0.2976190476190476,1-0-2605-0,ay,UT_003,003,2,fave,211.82889456728614,60.321379622868626,5,i,1,0.0599369999999908,and,don't,#,#,D,D,coextensive
902.5472939231151,1445.4884946945817,2720.0611768930357,3.365812625980025,3.9022608431684715,4.094379621319219,6051.282051282051,0.0011813229460064813,1165.9459751655331,0.025,0.18656716417910452,1-0-2628-0,ay,UT_003,003,2,fave,209.78456677168788,52.58738887811054,5,i,1,0.10998499999982414,"",said,#,#,"",S,coextensive
757.6310329078801,1803.223434529698,2746.1714074880438,3.113423833721908,3.379696626691923,3.7981674750222623,6410.25641025641,0.0004222524048552532,1172.3399758344672,0.07300000000000001,0.4740259740259741,1-0-2648-0,ay,UT_003,003,2,fave,260.72092978270075,66.32704118505194,5,i,1,0.1300050000002102,so,think,#,#,owF,TH,coextensive
920.9941890741657,1742.9123847776466,2737.106735323708,3.5004988083663324,3.9629678836169275,3.751931868020208,6230.7692307692305,0.0013055434698408985,1175.748897834467,0.051000000000000004,0.35416666666666674,1-0-2661-0,ay,UT_003,003,2,fave,217.23024489474827,57.389064328031985,5,island,1,0.11999500000001717,long,medium,#,L,NG,L,initial
918.2695835277929,1820.1579835855512,2790.656999795183,3.152534061830546,3.6407044274004408,4.043081450234534,5692.3076923076915,0.0011997594395050989,1183.1861374965988,0.061000000000000006,0.4919354838709678,1-0-2692-0,ay,UT_003,003,2,fave,632.7506455659637,62.73349531594547,5,i,1,0.09997499999985848,"",was,#,#,"",W,coextensive
961.3859606821914,1716.4896243126122,2755.551973772699,3.7870378887942606,3.713036468214325,4.055050359230528,6230.7692307692305,0.0000780694442096163,1183.9011345034012,0.031000000000000003,0.4189189189189189,1-0-2696-1,ay,UT_003,003,2,fave,NaN,48.73394330022263,5,why,1,0.0500489999999445,like,"",W,#,W,"",final
809.1096757102086,1510.2052187740205,2963.5877001141175,3.0678285928373348,3.2093481016022447,3.91439442663373,6410.25641025641,0.00015023992476860537,1186.3681168412697,0.025,0.20161290322580647,1-0-2709-0,ay,UT_003,003,2,fave,265.25767651670947,69.318937854526,5,i'm,1,0.10009700000000521,and,like,#,M,D,M,initial
819.3031478576137,1396.7179113289583,2888.063837140926,3.5753586821801666,3.1103418641723386,3.687390720359673,6230.7692307692305,0.0001605706291788505,1186.8981458412698,0.025,0.24038461538461545,1-0-2712-0,ay,UT_003,003,2,fave,272.9416034805081,65.4471837512023,5,i'm,1,0.08007799999995768,now,in,#,M,aw,M,initial
858.5717666818588,1574.8624382853502,2896.570113722291,2.870458719670242,3.390363233556496,4.075690859811483,6410.25641025641,0.0008679812723806806,1188.1801245034012,0.10900000000000001,0.5923913043478263,1-0-2720-0,ay,UT_003,003,2,fave,226.41064653708423,66.7199985981347,5,i'd,1,0.160033999999996,no,"",#,D,owF,D,initial
775.4477702832037,1557.665729116316,2535.8713921082976,2.9696355313656686,3.7944582122674917,4.082512219398463,6051.282051282051,0.0006153597896671695,1193.0181124965986,0.025,0.18656716417910452,1-0-2741-0,ay,UT_003,003,2,fave,239.80682888696617,61.01253476964491,5,i,1,0.10998500000005151,"",was,#,#,"",W,coextensive
897.5222301718081,1515.8344949779666,2638.4789166233095,3.069175180854074,3.6868537799817678,4.167270422290708,6410.25641025641,0.002132372965075187,1194.0921414965987,0.11299999999999999,0.3104395604395604,1-0-2745-6,ay,UT_003,003,2,fave,177.0696002412994,57.08987295173356,5,butterfly,2,0.339966000000004,say,"",L,#,L,"",final
839.838341929453,1612.280989812998,2658.5408239058997,3.5052093045141843,3.6715351415141857,4.0382233974545665,6410.25641025641,0.0008028479005147591,1195.0781771655331,0.025,0.18656716417910452,1-0-2751-0,ay,UT_003,003,2,fave,215.11128644679428,57.11960057200104,5,i,1,0.10998499999982414,"",say,#,#,"",S,coextensive
820.1856683926385,1715.4504338612403,2674.8745717766797,3.422962463997626,3.523089700294153,4.04146661080274,6410.25641025641,0.000045096647351977995,1197.7231878344674,0.055,0.3819444444444445,1-0-2760-0,ay,UT_003,003,2,fave,222.5038027869344,66.18645744928222,5,i've,1,0.11999500000001717,like,activated,#,V,K,V,initial
943.58123255275,1580.2113125290625,2703.9853384853695,3.4022292168881982,3.7971318976182853,4.270105658681524,5871.794871794871,0.007232831173141505,1201.778099165533,0.08499999999999999,0.3219696969696969,1-0-2778-1,ay,UT_003,003,2,fave,292.28628601283094,53.79405080443747,5,hi,1,0.23999000000003434,"","",HH,#,HH,"",final
833.9400411921835,1525.3643592900091,2821.5498824389524,3.1693247027502376,3.5089884717740887,3.825288650478869,6230.7692307692305,0.0020770938637469,1217.1449728344671,0.089,0.3371212121212121,1-0-2785-0,ay,UT_003,003,2,fave,271.84575206455327,57.62911963944704,5,i,1,0.23999000000003434,"",would,#,#,"",W,coextensive
786.4133014748819,1531.6209446328032,2935.3166264416377,3.8787912082471765,3.587142144730462,3.5234334504971465,6769.2307692307695,0.00011786826451584073,1226.0129798276646,0.025,0.24038461538461536,1-0-2820-2,ay,UT_003,003,2,fave,211.54925078096036,52.05408482044555,5,clients,1,0.07995600000003833,new,can,L,@,L,@,internal
778.796448052992,1723.9466834918685,2864.7062101092724,3.7050089249175615,3.6477659768177397,4.093180352954817,6051.282051282051,0.0021816247826120126,1226.4889421655328,0.077,0.5746268656716419,1-0-2822-1,ay,UT_003,003,2,fave,199.01520947951212,48.90143987490203,5,find,1,0.10998600000016268,can,me,F,N,F,N,internal
825.1333921233557,1465.3664514019629,2874.456897165611,3.5444602113869665,3.434184590779262,3.9653432197379646,6230.7692307692305,0.00007920582911155537,1232.016437510204,0.025,0.20161290322580647,1-0-2837-1,ay,UT_003,003,2,fave,202.6315043919021,61.28329810697862,5,my,1,0.100097999999889,all,slots,M,#,M,S,final
854.2783775927649,1655.4459584346782,2721.524770756894,3.4570030740826136,3.4890604259732063,3.906350374185298,6589.74358974359,0.0006421002569589202,1233.2884205034013,0.069,0.3965517241379311,1-0-2842-0,ay,UT_003,003,2,fave,219.88885494517388,59.45114987017944,5,i,1,0.15002499999991414,"",can,#,#,"",K,coextensive
837.1309213699537,1745.2024545704558,2577.602680389155,3.1979357589734634,3.6532967874588733,4.090061364912423,6230.7692307692305,0.0008220744201975863,1234.9894935034013,0.07100000000000001,0.4329268292682928,1-0-2850-1,ay,UT_003,003,2,fave,210.4754488540296,60.75659094136107,5,five,1,0.1400149999999485,"",hours,F,V,F,V,internal
734.5085957512529,1840.542130265591,3080.830121232821,3.115415024597126,3.63148291459293,4.1049637249093385,6230.7692307692305,0.0003765814567317647,1242.2264864965987,0.025,0.21929824561403513,1-0-2875-0,ay,UT_003,003,2,fave,NaN,49.433363224142894,5,i,1,0.08996600000000399,then,can,#,#,N,K,coextensive
708.1036339775744,1956.3237814589852,3092.3348282628576,3.7743722983454484,3.6992589310768906,3.7797323776260057,6051.282051282051,0.002841898481205005,1244.0464405034015,0.045000000000000005,0.2586206896551725,1-0-2883-1,ay,UT_003,003,2,fave,197.42352064521748,49.522995190718085,5,time,1,0.15002400000003036,part,"",T,M,T,M,internal
745.1034104361181,1525.060946245184,2966.0602519235485,3.22147858942766,3.4008015554126843,3.9420086605974003,6230.7692307692305,0.0005224513072542975,1267.50944084127,0.043000000000000003,0.3771929824561404,1-0-2934-0,ay,UT_003,003,2,fave,239.49380302821757,63.312967326045715,5,i'm,1,0.09008799999992334,"",passionate,#,M,"",M,initial
821.5337537880691,1617.1777186761547,3223.909428359378,3.4681777066319888,3.3773283303903128,3.8005779997141085,6230.7692307692305,0.00023654872721977515,1344.2140354965986,0.025,0.20161290322580647,1-0-2945-1,ay,UT_003,003,2,fave,212.76332891838817,58.20116718493133,5,my,1,0.09997599999996964,"",grandpa,M,#,M,G,final
766.1545694270484,1620.0179947585982,2515.8500508606357,3.3385799314569042,3.482904264824691,3.3662454354298124,6769.2307692307695,0.00007087643296469791,1366.475628165533,0.045,0.3358208955223881,1-0-2983-0,ay,UT_003,003,2,fave,322.50797763000935,71.12682231385803,5,i,1,0.10998500000005151,if,was,#,#,F,W,coextensive
651.6177002217238,1509.0796478226516,2793.3322338500598,2.7575622070095194,3.5488420524078688,3.4136374787174475,6230.7692307692305,0.00004707826478642139,1368.0356848276645,0.025,0.24038461538461545,1-0-2991-0,ay,UT_003,003,2,fave,212.16009111914485,59.03946023385897,5,i,1,0.07995600000003833,how,would,#,#,aw,W,coextensive
655.9442765355209,1390.5672944760686,2684.02487075181,3.1357472612446333,3.6499881197210864,3.8381586841492155,6230.7692307692305,2.531921360648049e-6,1368.9256061723354,0.025,0.33783783783783783,1-0-2998-0,ay,UT_003,003,2,fave,103.34990699302138,54.225739835451826,5,i,1,0.0500489999999445,if,was,#,#,F,W,coextensive
773.2518442055062,1666.299947677856,2881.8152626718943,3.4610789145801375,3.604480896139368,3.662462268046814,6230.7692307692305,9.75649369117392e-6,1370.1906105034013,0.035,0.47297297297297297,1-0-3003-0,ay,UT_003,003,2,fave,196.0358683206425,49.83510280877377,5,i,1,0.05004800000006071,painting,would,#,#,NG,W,coextensive
811.7583557068378,1605.5654802040108,2989.6331737566343,3.581444194341535,3.380135661781745,3.7374878470470874,6230.7692307692305,0.0002593506007746881,1411.0138404965987,0.025,0.21929824561403513,1-0-3075-1,ay,UT_003,003,2,fave,201.80537828245005,54.02075367772691,5,my,1,0.08996499999989283,"",pharmacist,M,#,M,F,final
799.231049724872,1713.6776198101516,2886.5236657054484,3.7287712009187026,3.3643356540157803,4.219595506944078,6230.7692307692305,0.0019268776184543676,1479.7354271791382,0.045,0.3358208955223881,1-0-3210-1,ay,UT_003,003,2,fave,213.36216200257195,58.846129354335346,5,my,1,0.11010800000008203,"",dad,M,#,M,D,final
814.7889085124343,1674.408071961822,2803.134539392587,3.9480828012700675,3.5210569350494954,4.1994038528029805,6051.282051282051,0.0018441942928290322,1480.4274471655328,0.069,0.47916666666666674,1-0-3212-2,ay,UT_003,003,2,fave,223.14620359635109,58.22340366473261,5,climbed,1,0.1199949999997898,dad,the,L,M,L,M,internal
784.9609848566457,1498.8505398619927,2678.1061946036107,3.1396051669683414,3.217812550355539,4.138268146072765,6230.7692307692305,0.0002920486811902814,1489.6904614965988,0.05500000000000001,0.44354838709677424,1-0-3220-1,ay,UT_003,003,2,fave,243.01499393222343,66.00424613895854,5,violinist,0,0.09997499999985848,the,"",V,@,V,@,internal
796.395045396003,1761.8498992585742,3051.252119107274,3.440883517538743,3.349975689697032,3.64663908208647,6230.7692307692305,0.0004043953754110909,1494.596501165533,0.047,0.3790322580645161,1-0-3228-1,ay,UT_003,003,2,fave,212.7608495431831,56.996742650518264,5,my,1,0.09997499999985848,"",brother,M,#,M,B,final
807.4722732551821,1572.0084669239832,2923.774514271849,3.7309410892727297,3.6422028381648444,3.9477464836289147,6410.25641025641,0.0017970945805957043,1502.1373641587302,0.025,0.1288659793814433,1-0-3244-4,ay,UT_003,003,2,fave,230.71566257769143,48.80656972614355,5,sometimes,2,0.16992200000004232,writer,"",T,M,T,M,internal
836.7551222182421,1683.6028476016863,2433.1879149011047,3.515486348084597,3.6614044193567703,3.8475682792513295,6051.282051282051,0.0004935286673850018,1507.4013554965989,0.093,0.4151785714285714,1-0-3254-1,ay,UT_003,003,2,fave,220.93152311158957,55.56145815127381,5,times,1,0.19995099999982813,ancient,"",T,M,T,M,internal
807.9741369872495,1550.1975840908058,2940.7053822509797,3.5333063401912024,3.5347720741399935,3.928144642541,6410.25641025641,0.0006141135299148824,1520.9313038344671,0.033,0.2142857142857143,1-0-3277-1,ay,UT_003,003,2,fave,203.98565541412464,54.38085051598889,5,my,1,0.13000499999998283,"",table,M,#,M,T,final
582.4776249673199,1668.6540048322167,2185.4894201858174,3.3763234835240326,3.8849455317817183,4.055127751947347,5512.820512820513,0.0003390781510569964,59.43485483446712,0.045,0.3358208955223881,1-0-8-1,*hr,UT_003,003,2,fave,239.16244392323563,54.56926474742448,5,thirty,1,0.1099969999999999,"",five,TH,D,TH,D,internal
454.49302514479547,1565.1697060227793,1872.4707302797901,2.8984327710673865,3.73821201431459,3.9119655772931208,6589.74358974359,0.0010589957552314161,110.24885583446712,0.037000000000000005,0.324561403508772,1-0-62-1,*hr,UT_003,003,2,fave,226.20860704647913,49.3908070813793,5,for,0,0.0899959999999993,years,syracuse,F,#,F,S,final
642.1172578969055,1542.5279070600268,2268.744359279511,3.0897532297559707,3.6261416007744254,4.517117448804896,5333.333333333333,0.00042078902266618303,134.70474783446713,0.031,0.32978723404255317,1-0-84-2,*hr,UT_003,003,2,fave,109.38655224390892,45.40012127433057,5,other,0,0.0700080000000014,speak,languages,DH,#,DH,L,final
736.961479201604,1710.4440451011346,2088.9224880931283,3.394554551367259,3.3197647877703558,4.38554819107094,5692.3076923076915,0.001240212862349643,136.2977501655329,0.07700000000000001,0.3290598290598291,1-0-90-1,*hr,UT_003,003,2,fave,198.55661511808233,49.57047960312561,5,learn,1,0.20999100000000226,to,"",L,N,L,N,internal
616.4885692199146,1518.8305876230145,1941.2947396130605,3.362455567669782,3.713749016557758,3.474977463550181,5871.794871794871,0.0013057169784944675,169.7573401655329,0.061000000000000006,0.3315217391304348,1-0-137-1,*hr,UT_003,003,2,fave,253.82148026580742,54.18846718612309,5,work,1,0.1600039999999865,to,and,W,K,W,K,internal
650.889154230281,1742.2353323630102,2108.170627819222,3.5784377337190483,3.797846735044689,4.21618787490728,5871.794871794871,0.016697446311589734,173.0773431655329,0.101,0.3322368421052631,1-0-149-0,*hr,UT_003,003,2,fave,191.3342023785656,47.409632556568454,5,or,0,0.27999899999997524,kids,"",#,#,Z,"",coextensive
612.2297565287198,1347.9871964481904,1951.0883194067537,3.650382672459168,3.7040590095510835,3.9233060524137193,5512.820512820513,0.00005720078179477047,179.06445216553286,0.027000000000000003,0.32142857142857145,1-0-170-1,*hr,UT_003,003,2,fave,220.42859760235066,49.10766528253419,5,work,1,0.05999800000000732,"",on,W,K,W,K,internal
598.2836112222953,1668.9023664699153,3699.20776103889,3.933778191286541,3.2726167347745876,5.319385642296387,8025.641025641025,0.025134114605093114,293.6672478344671,0.08100000000000002,0.3319672131147542,1-0-393-2,*hr,UT_003,003,2,fave,180.9276064583734,43.332260024483645,5,lower,0,0.22000200000002224,been,"",ow,#,ow,"",final
473.3611370295583,1349.702248988423,2058.197371908996,2.957741848886898,4.11476242616086,4.088947657608902,5333.333333333333,0.00013568356502800333,299.0507525034014,0.025,0.33783783783783783,1-0-418-2,*hr,UT_003,003,2,fave,226.5690874440992,52.89969679276082,5,over,0,0.0500189999999634,you,there,V,#,V,DH,final
644.8551221890178,1688.2831776581004,2145.1720305354193,3.509085811216514,3.78231692026813,3.7670492146940022,5153.846153846154,0.00022547515901984194,310.28375783446717,0.031,0.32978723404255317,1-0-460-1,*hr,UT_003,003,2,fave,207.4405991519144,49.42345344918194,5,turned,1,0.07000799999997298,it,"",T,N,T,N,internal
573.9669450986729,1733.1938172035416,2799.6765133390786,3.198375163193597,3.7376740552326617,4.3008550339115486,6589.74358974359,0.0003975409484199802,312.48373983446714,0.031,0.32978723404255317,1-0-468-2,*hr,UT_003,003,2,fave,95.57088738916943,51.63017503290187,5,other,0,0.07000700000003235,the,job,DH,#,DH,JH,final
589.6537687014804,1729.836909697234,1902.080037056979,3.652675830677966,3.799728343880292,4.426168228221294,5512.820512820513,0.0375809421522068,314.66645616553285,0.07899999999999999,0.3376068376068376,1-0-476-3,*hr,UT_003,003,2,fave,144.5210348367822,42.67152829024845,5,later,0,0.20999100000000226,months,"",T,#,T,"",final
616.04143421771,1628.165578198487,1945.1708788323429,3.5115610173054534,3.7396060641115,3.970665964824651,5692.3076923076915,0.006126290725400302,316.94245083446714,0.091,0.33211678832116787,1-0-483-3,*hr,UT_003,003,2,fave,195.72252137201482,50.48011325575219,5,better,0,0.25,"","",T,#,T,"",final
803.6183789903416,1231.273895838214,2932.229270577013,3.7399162181582133,3.2445490975752214,4.125922025631105,6589.74358974359,0.0027758128432657635,341.79445683446716,0.095,0.33450704225352107,1-0-505-3,*hr,UT_003,003,2,fave,227.80097115552454,59.25805243972698,5,super,0,0.26000999999996566,"","",P,#,P,"",final
569.74241390382,1215.0121837389477,1719.7289556483136,3.5497178779428373,3.9333180697148804,3.7640482316696313,6230.7692307692305,0.0013346569676382666,363.5622408344671,0.037000000000000005,0.324561403508772,1-0-576-5,*hr,UT_003,003,2,fave,33.40168607571846,48.82746480936249,5,paperwork,2,0.09002599999996619,the,right,W,K,W,K,internal
551.0868413079439,1591.169587915175,1961.5301623427245,3.7683951425594935,3.735557937831372,4.101703443749995,5692.3076923076915,0.00023394107804654553,367.78925183446717,0.031,0.32978723404255317,1-0-586-1,*hr,UT_003,003,2,fave,305.43814358249654,60.89080071605546,5,percent,0,0.0700069999999755,five,sure,P,S,P,S,internal
526.6571997871827,1426.467059805833,1658.746474933434,3.1535667976747828,3.4016857746258875,3.707342619073255,6230.7692307692305,0.000381941678423554,369.33923883446715,0.031,0.32978723404255317,1-0-591-1,*hr,UT_003,003,2,fave,512.912554756007,53.090890705211955,5,correct,0,0.07000799999997298,is,but,K,e,K,e,internal
524.5059889688351,1204.4267874841994,1732.5565997270676,3.076490281320357,3.4182623797765226,2.9940232883190347,6410.25641025641,0.000011486188466799175,370.2762418344671,0.025,0.33783783783783783,1-0-593-1,*hr,UT_003,003,2,fave,245.4395303266308,63.87151001682069,5,we're,1,0.050018000000022766,but,going,W,#,W,G,final
508.0823157366248,1470.3919174535447,1767.172140083439,3.572969950691898,4.217513461401345,3.3335337111218437,4974.358974358975,0.00043322662370025143,411.86765083446716,0.031,0.32978723404255317,1-0-642-3,*hr,UT_003,003,2,fave,188.5656999139234,46.9815129130409,5,weaver,0,0.07000799999997298,down,canyon,V,#,V,K,final
455.62582522640014,1714.8902483731601,2987.785077611997,2.9248146240456423,3.596832662972469,5.166871179155548,7128.205128205128,0.00012079918690423927,415.7646448344671,0.025,0.33783783783783783,1-0-658-0,*hr,UT_003,003,2,fave,218.94265331396778,54.85227483288914,5,are,0,0.050018000000022766,those,probably,#,#,Z,P,coextensive
652.4519281893336,1360.2346668307155,1787.5752132106477,3.6280631634199896,3.969669135136736,3.559050984987212,4794.871794871795,0.0002455479369326575,440.4594581655329,0.035,0.33653846153846156,1-0-712-1,*hr,UT_003,003,2,fave,185.032768557662,49.50096958754165,5,her,0,0.0799870000000169,of,and,HH,#,HH,@,final
692.4835242972872,1706.7875775120092,2976.611020673607,3.7972032102119613,2.989186148024471,5.236836689433321,7128.205128205128,0.01999445530125411,508.6212621655329,0.087,0.32954545454545453,1-0-872-0,*hr,UT_003,003,2,fave,-12456.81441790818,45.41660928391814,5,or,0,0.2399899999999775,hiking,"",#,#,NG,"",coextensive
563.4464216707194,1467.9197422166628,1871.549504889418,3.534406797297052,3.740904434920783,4.27676183160764,6051.282051282051,0.0004773823631218102,518.1990375034013,0.025,0.33783783783783783,1-0-890-3,*hr,UT_003,003,2,fave,186.8136909568401,50.10893631619665,5,waterfall,0,0.0500489999999445,the,canyon,T,F,T,F,internal
569.7603860301238,1605.5863945344765,1806.3054765120144,3.402455222070426,4.051733223383406,3.988970520157735,5333.333333333333,0.004636266210609613,526.4450568276644,0.057,0.3275862068965517,1-0-918-4,*hr,UT_003,003,2,fave,189.24035688615174,51.27446782066625,5,younger,0,0.149962999999957,were,so,G,#,G,S,final
680.5594737868865,1490.9642424059716,1931.7915726036454,3.3619183251677094,4.041019779247976,3.8724341230241084,6589.74358974359,0.0006671604309132198,629.4369544965987,0.037000000000000005,0.324561403508772,1-0-1037-3,*hr,UT_003,003,2,fave,166.27013083606482,50.14429060738137,5,potter,0,0.08996600000000399,harry,kind,T,#,T,K,final
566.9128918300555,1753.2719210161413,3476.2352469541465,4.160895420942738,3.596625290934502,5.283222809138432,7846.153846153846,0.0007126279306877225,724.7698418344671,0.031,0.32978723404255317,1-0-1196-1,*hr,UT_003,003,2,fave,198.6504194194907,52.07224204909911,5,were,0,0.07000800000002982,books,big,W,#,W,B,final
707.5290653490337,1341.2879167966819,2080.4559645055997,3.451354492126447,3.568831708839546,4.506582247948391,5692.3076923076915,0.0006496614571387395,727.0428504965986,0.037000000000000005,0.324561403508772,1-0-1207-0,*hr,UT_003,003,2,fave,207.98941399385478,54.335667707662516,5,or,0,0.08996600000000399,out,maybe,#,#,aw,M,coextensive
584.3893496684459,1369.4176994737159,1601.4748581730316,3.7931495958857693,3.8524256927082385,4.2151715914870085,6230.7692307692305,0.000989852347803999,736.3148694965987,0.040999999999999995,0.33064516129032256,1-0-1237-1,*hr,UT_003,003,2,fave,152.52101505136892,49.660078725886166,5,first,1,0.09997599999996964,the,chapter,F,S,F,S,internal
592.4394678643066,1630.123427115182,1822.2548442856641,3.496153747730753,3.8685733058212985,3.83127232654467,4974.358974358975,0.004248955648060769,736.8618498344672,0.075,0.33482142857142855,1-0-1238-4,*hr,UT_003,003,2,fave,-70.02541824595589,42.14888405861867,5,chapter,0,0.2000119999999015,first,"",T,#,T,"",final
470.2525048475597,1395.8743043704674,1693.871348600522,3.378561070792834,3.9929653664515943,3.6840598411343706,6051.282051282051,0.0032459407570904603,740.9318598276644,0.035,0.3365384615384616,1-0-1254-1,*hr,UT_003,003,2,fave,212.3287011269574,55.13506161745679,5,first,1,0.07995600000003833,the,chapter,F,S,F,S,internal
536.7143670572196,1672.591058061792,1896.9497131205596,3.3563868132652543,3.8564633867577847,4.087885319701761,5512.820512820513,0.0004436781640897425,741.3768731655329,0.045,0.3358208955223881,1-0-1255-4,*hr,UT_003,003,2,fave,217.84690422446775,56.20828800138628,5,chapter,0,0.10998500000005151,first,that,T,#,T,DH,final
582.7154437359209,1457.52242931166,1827.778055178658,3.555043050442813,3.634860923257366,3.7957511417260563,6230.7692307692305,0.0003011467960757313,745.0211328344672,0.037000000000000005,0.324561403508772,1-0-1268-1,*hr,UT_003,003,2,fave,288.51280242693423,58.95481754805642,5,first,1,0.09002699999996366,the,chapter,F,S,F,S,internal
700.417906978585,1745.4631084161024,2010.7305920883603,3.883822599075333,4.097299301788676,4.00801912261521,6051.282051282051,0.007386498888950649,745.5161591655328,0.087,0.32954545454545453,1-0-1269-4,*hr,UT_003,003,2,fave,301.4149763617778,54.31090568178008,5,chapter,0,0.23999000000003434,first,"",T,#,T,"",final
570.4569249066934,1737.622081699747,2288.3063645389093,3.4309713929760486,3.5829263433302105,4.258923056980642,5333.333333333333,0.005123732374371873,748.7301458344671,0.055,0.3353658536585366,1-0-1276-4,*hr,UT_003,003,2,fave,NaN,44.30341673545605,5,chapter,0,0.140013999999951,first,"",T,#,T,"",final
620.3753304294345,1261.6175189199744,1653.5650308123966,3.423656492981611,3.710142535310363,4.030247722371533,6051.282051282051,0.0000746213470655301,758.3125585034013,0.035,0.3365384615384616,1-0-1302-3,*hr,UT_003,003,2,fave,315.9988361235814,64.88431103409005,5,never,0,0.080016999999998,i,watched,V,#,V,W,final
521.0316841408189,1360.215076212837,1704.1861176138268,3.302999362587198,3.8046385802932776,3.352479552129409,6230.7692307692305,0.00030715653535013087,772.2027401655329,0.045,0.3358208955223881,1-0-1359-1,*hr,UT_003,003,2,fave,218.295869321747,57.810939632279094,5,first,1,0.10998500000005151,the,episode,F,S,F,S,internal
537.0301740433047,1588.7913150911006,1845.6017693567826,3.443809923330248,3.820556234723886,4.422079153294416,6051.282051282051,0.002111230864841986,776.9787634965986,0.037,0.32456140350877194,1-0-1376-1,*hr,UT_003,003,2,fave,NaN,41.272199177364335,5,first,1,0.08996600000000399,the,episode,F,S,F,S,internal
612.1671085255707,1626.320837682813,4199.364832832136,4.111679649560954,3.267847554037784,4.9526377705741504,7846.153846153846,0.0013820007032017381,779.4077564965986,0.035,0.33653846153846156,1-0-1382-1,*hr,UT_003,003,2,fave,203.51219883723286,52.095981623364885,5,for,0,0.07995600000003833,it,about,F,#,F,@,final
639.2692807306322,1719.4009890866719,2664.7872012517187,3.671989369507225,3.7245500232322635,4.086491306236249,5512.820512820513,0.00009184755508122715,783.7257748344671,0.031,0.32978723404255317,1-0-1403-4,*hr,UT_003,003,2,fave,203.18384829392286,57.167307404906744,5,another,0,0.07000700000003235,for,minute,DH,#,DH,M,final
587.4931449427244,1515.692821976921,1783.8265800634456,3.62439569085434,3.7076416850873457,3.754145264935953,5512.820512820513,0.0009240867635045215,797.1671708344672,0.051000000000000004,0.3311688311688312,1-0-1424-1,*hr,UT_003,003,2,fave,208.11703246135758,53.36576373353257,5,first,1,0.13000499999998283,the,"",F,S,F,S,internal
470.1121107288986,1736.737611829161,2130.9110083906767,3.575337563708518,3.4737583640768044,4.070089290673708,5512.820512820513,0.0005854544418272276,798.5471248344671,0.031,0.32978723404255317,1-0-1427-0,*hr,UT_003,003,2,fave,214.90985007737882,53.725229169044034,5,or,0,0.07000699999991866,three,five,#,#,iyF,F,coextensive
575.82931193697,1705.1550794603027,2078.3766342288873,3.68953879042785,3.6585180768918772,4.139361487909609,5333.333333333333,0.00034114088630520965,799.4871278344671,0.031,0.32978723404255317,1-0-1430-4,*hr,UT_003,003,2,fave,209.78024257419492,51.838520967378,5,chapters,0,0.07000700000003235,"",of,T,Z,T,Z,internal
693.2251210464354,1558.0461878174576,1806.1350335697896,3.700045495901494,3.845757777205489,3.6234538826531533,4794.871794871795,0.00008732448307091474,801.3871518344671,0.031,0.32978723404255317,1-0-1441-0,*hr,UT_003,003,2,fave,261.68725394011267,51.11868738316318,5,or,0,0.07000700000003235,it,not,#,#,T,N,coextensive
542.498858032929,1541.93308606962,1654.3092278501722,3.7136993818196387,3.7861852624492762,3.98333998455711,5333.333333333333,0.0036912468644763113,803.2401335034014,0.037,0.32456140350877194,1-0-1446-1,*hr,UT_003,003,2,fave,213.67215384020068,52.86527318497648,5,for,0,0.09002600000007988,not,some,F,#,F,S,final
633.0645577722265,1251.1137676862948,1728.5948303243817,3.3007081788821515,3.605151759915492,3.4630301864064177,6230.7692307692305,7.764561382311435e-6,834.6027418344671,0.027000000000000003,0.32142857142857145,1-0-1490-6,*hr,UT_003,003,2,fave,198.5624059295894,58.07265980295008,5,remember,0,0.05999800000006417,i,i,B,#,B,ay,final
601.4942553925134,1699.4372320827463,2015.2935211477363,3.356652231893423,3.8096458673783133,3.7408236358954197,6051.282051282051,0.0031823622258950655,837.8517341723356,0.065,0.3350515463917526,1-0-1502-4,*hr,UT_003,003,2,fave,380.7629248812442,46.78300989842181,5,chapter,0,0.17004399999996167,a,"",T,#,T,"",final
634.5333997993367,1626.494650154935,2020.6622524179547,3.136618329086103,3.9381338317977312,4.069249414042933,5871.794871794871,0.00012805416457430482,859.101868165533,0.031,0.32978723404255317,1-0-1524-3,*hr,UT_003,003,2,fave,141.20953119551598,47.298981745470755,5,potter,0,0.07000699999991866,harry,books,T,#,T,B,final
615.6718027077991,1708.8052590434072,2494.366720099497,3.3759191844932483,3.34752744300011,3.9439299010100006,5871.794871794871,0.0002015901809413669,870.8960604965987,0.037000000000000005,0.324561403508772,1-0-1577-0,*hr,UT_003,003,2,fave,220.77271794266045,55.889953486328004,5,are,0,0.0899659999998903,those,probably,#,#,Z,P,coextensive
550.3518776291955,1467.9170128524418,1818.2643772584308,3.902431240984583,3.581935203072654,3.8848758915401915,5512.820512820513,0.003464636038000897,904.3179741655329,0.045,0.3358208955223881,1-0-1607-2,*hr,UT_003,003,2,fave,201.4348729728912,51.07585140978734,5,for,0,0.10998500000005151,"",sure,R,#,R,SH,final
592.9694788999943,1541.0452971491368,1838.4762895203041,3.5004796679711285,3.515043668105384,4.270134236682414,5692.3076923076915,0.0007644173298676342,906.2779294965986,0.045,0.3358208955223881,1-0-1613-1,*hr,UT_003,003,2,fave,302.2394161433952,58.62672874487996,5,first,1,0.10998500000005151,i,got,F,S,F,S,internal
586.1154592313935,1478.649916717035,1996.947127121128,3.2783820783656292,3.3534465231734307,3.594555005179447,6230.7692307692305,0.0001384958603627934,926.4672445034014,0.037,0.32456140350877194,1-0-1707-3,*hr,UT_003,003,2,fave,247.79334592126744,61.98379261435446,5,daughter,0,0.09002699999996366,my,i,T,#,T,ay,final
611.2094405787084,1601.032249033087,1874.723849381556,3.478214316264154,3.759309081517551,3.8418886074869167,5512.820512820513,0.006264787744413691,943.083250165533,0.10899999999999999,0.3364197530864197,1-0-1767-1,*hr,UT_003,003,2,fave,212.56782588662725,56.02365545600374,5,her,0,0.2999879999999848,at,"",HH,#,HH,"",final
516.4100550693577,1283.934475229055,2135.2870212102853,3.2572931735815707,3.5291934123488655,3.7202491726448983,5512.820512820513,0.00008862569990737942,945.8222361723356,0.027000000000000003,0.32142857142857145,1-0-1781-1,*hr,UT_003,003,2,fave,114.08555020734808,55.66903203266638,5,were,0,0.06005799999991268,you,driving,W,#,W,D,final
463.5817764970305,1388.0505002997647,1958.0755093682187,3.1349782405349518,3.7796513464827357,3.595527414419729,5512.820512820513,0.0003915637043323968,946.4842588344671,0.031,0.32978723404255317,1-0-1783-2,*hr,UT_003,003,2,fave,210.5180498427362,53.65536077803562,5,over,0,0.07000699999991866,driving,here,V,#,V,HH,final
718.6403488084036,1402.8258929968822,1667.9042209878028,3.3857271875252692,3.6638402918202306,3.3077850638085664,5333.333333333333,0.00013944582520117923,949.276236834467,0.035,0.3365384615384616,1-0-1795-1,*hr,UT_003,003,2,fave,199.22953897859801,52.9959155417811,5,her,0,0.080016999999998,in,honor,HH,#,HH,o,final
708.3350122036018,1677.8974145520233,1922.8942029290845,3.4695352189130837,3.6009695510375965,4.1033725612035505,5512.820512820513,0.0028543186323148687,949.5692444965986,0.08100000000000002,0.3319672131147542,1-0-1796-2,*hr,UT_003,003,2,fave,516.425460862739,44.87817274685427,5,honor,0,0.21997099999998682,her,"",N,#,N,"",final
606.8466237854523,1623.5966912054932,1926.7135380362358,3.6685774181246034,3.6170754223342256,3.5901977199676818,5333.333333333333,0.008901730454062375,963.0779741655329,0.091,0.33211678832116787,1-0-1863-3,*hr,UT_003,003,2,fave,191.51509504198006,53.185746602738845,5,water,0,0.25,the,"",T,#,T,"",final
524.5264468066608,1668.4815338101075,2354.985086920953,3.2993596061067905,4.0394651692644254,3.753312953403319,5512.820512820513,0.0004956804443195263,965.4259691655329,0.047,0.3263888888888889,1-0-1877-7,*hr,UT_003,003,2,fave,279.89768238201896,53.73596667316648,5,sprinklers,0,0.11999499999990348,your,and,L,Z,L,Z,internal
557.55182543976,1579.5557486072712,2458.783348712576,3.3098394373522906,3.451063006406758,3.9930250190740932,5512.820512820513,0.00016939691702893688,971.399954834467,0.035,0.33653846153846156,1-0-1902-8,*hr,UT_003,003,2,fave,225.9243830298322,60.08687923435978,5,grandfather,0,0.080016999999998,your,clock,DH,#,DH,K,final
730.4811911077699,1775.736973151195,3310.949401758,3.626362260485037,2.9581764911720736,4.818942109326492,8743.589743589742,0.0012565997441670767,976.2759441655329,0.047,0.3263888888888889,1-0-1923-1,*hr,UT_003,003,2,fave,370.7335345967573,65.95998508687282,5,service,1,0.11999500000001717,get,it,S,V,S,V,internal
708.9335278236656,1801.1194819208852,2172.418905089894,3.193673705686437,3.807127929209863,3.896020615546523,5692.3076923076915,0.00006901042165076497,977.9799548276644,0.035,0.3365384615384616,1-0-1930-0,*hr,UT_003,003,2,fave,189.69363338118274,53.7948830509061,5,or,0,0.07995600000003833,cleaning,"",#,#,NG,"",coextensive
554.1422164357117,1249.7381378241175,1902.6100003577392,3.136427009256894,3.51321807231291,4.034426784209651,5333.333333333333,0.0005850406675278301,982.9366508344671,0.031,0.32978723404255317,1-0-1954-1,*hr,UT_003,003,2,fave,247.8176651520335,58.07032525881572,5,worker's,1,0.07000800000002982,those,hands,W,K,W,K,internal
478.47357417478895,1704.4644435848122,1912.0698585975092,2.501215613529321,4.083505362800603,3.873160649474006,5512.820512820513,0.0001745688202544604,983.0946361723355,0.027000000000000003,0.32142857142857145,1-0-1954-3,*hr,UT_003,003,2,fave,233.6354566366459,55.69674354666371,5,worker's,0,0.06005800000002637,those,hands,K,Z,K,Z,internal
668.5420263554623,1750.9377305978105,2203.9645485541555,3.667054219512342,3.4154147776403,3.909003796743566,5153.846153846154,0.00047179064532447716,985.4996545034014,0.037000000000000005,0.324561403508772,1-0-1967-5,*hr,UT_003,003,2,fave,195.13735448375772,49.30152878439553,5,together,0,0.09002699999996366,back,in,DH,#,DH,i,final
485.3367463908613,1905.0610000909687,2404.922885515045,2.7450161068329173,3.7196752260373103,4.210087561436507,6230.7692307692305,0.00015192187103931735,1058.9586074965985,0.040999999999999995,0.33064516129032256,1-0-2257-6,*hr,UT_003,003,2,fave,240.83037222331768,60.426580561464064,5,stranger,0,0.09997599999996964,a,that,JH,#,JH,DH,final
575.2393413790122,1632.4892752168482,1842.0953758037479,3.6567275567122093,4.046881069545151,3.9185169072338364,5333.333333333333,0.00608489801113939,1059.7007004965985,0.085,0.3346456692913386,1-0-2261-3,*hr,UT_003,003,2,fave,196.1121711850899,50.051533670241064,5,never,0,0.22998000000006869,have,"",V,#,V,"",final
607.9676192690196,1444.7111191904419,1818.8547335216301,3.5108337924805837,4.1430163840267715,3.516708841295223,5153.846153846154,0.0007426078145812824,1060.180706165533,0.045,0.3358208955223881,1-0-2263-2,*hr,UT_003,003,2,fave,203.85268491720527,53.87403020049416,5,ever,0,0.10998500000005151,"",met,V,#,V,M,final
464.4866838338823,1786.3999282770399,2494.1897400290204,3.2280362317443485,3.7815390875185764,4.426860109228792,6230.7692307692305,0.0003657355972823505,1072.8483358412698,0.035,0.3365384615384616,1-0-2312-0,*hr,UT_003,003,2,fave,213.36494863122218,57.90567580109793,5,or,0,0.08007899999984147,this,that,#,#,S,DH,coextensive
499.9177766403446,1420.9480299797742,1895.8009168803103,2.928993033339525,3.5214653788657526,3.637893808401837,6230.7692307692305,0.00012772216675712832,1078.3183948276644,0.035,0.3365384615384616,1-0-2336-1,*hr,UT_003,003,2,fave,232.15959288896894,62.258565500984844,5,for,0,0.07995600000003833,it,a,F,#,F,@,final
511.08985355749417,1752.109083250687,2155.079055494801,3.000468038681098,3.6182319952268105,3.866102034766591,6230.7692307692305,0.0016286634376038154,1078.886348834467,0.051000000000000004,0.3311688311688312,1-0-2338-6,*hr,UT_003,003,2,fave,318.78827217515277,51.17164144435152,5,stranger,0,0.13000499999998283,a,"",JH,#,JH,"",final
464.22607545107604,1366.4114049261302,1711.1215778593034,3.319178573368387,4.03817989481642,3.585609594639846,4615.384615384615,0.0001221603967408722,1129.2743558276643,0.027000000000000003,0.32142857142857145,1-0-2502-3,*hr,UT_003,003,2,fave,NaN,52.67488481527517,5,information,0,0.0599369999999908,the,a,F,M,F,M,internal
515.7182126398452,1322.4752265252928,1724.6698704216087,3.4315124479360373,3.5937354101542307,3.548329753023054,6230.7692307692305,0.00035626857980876965,1136.69931184127,0.037,0.32456140350877194,1-0-2529-1,*hr,UT_003,003,2,fave,213.58568631967916,58.021035800922846,5,birth,1,0.09008799999992334,"",charts,B,TH,B,TH,internal
519.5067908338874,1412.668708982637,2668.5558072656327,3.2962845971053483,4.270846159074106,4.982051711776916,6410.25641025641,0.00006223476040061582,1139.0133685034016,0.025,0.33783783783783783,1-0-2539-1,*hr,UT_003,003,2,fave,249.7654673374411,65.12204880023285,5,were,0,0.0500489999999445,you,born,W,#,W,B,final
569.0644434790586,1227.2588175051906,1769.704140880702,3.4965642404572606,3.6928669119224375,4.054734465856743,6589.74358974359,0.00019795984508673252,1167.7719154965985,0.037000000000000005,0.324561403508772,1-0-2633-1,*hr,UT_003,003,2,fave,98.29937928113537,52.59655030565054,5,word,1,0.08996600000000399,phrase,for,W,D,W,D,internal
539.0528288679191,1227.004413647546,1556.21318876688,3.7494056403416325,3.8661922371769375,3.802469990157311,4435.897435897436,0.00020501863482797757,1168.0189381723355,0.031,0.32978723404255317,1-0-2634-1,*hr,UT_003,003,2,fave,190.9371285287066,50.335929102950196,5,for,0,0.07006799999999203,word,word,F,#,F,W,final
659.4697986609533,1272.5559224171473,1667.2230746948376,3.3371567763428094,3.729934412239816,3.6119040976019616,5153.846153846154,0.0014725453095499545,1168.1739465034013,0.061000000000000006,0.33152173913043487,1-0-2635-1,*hr,UT_003,003,2,fave,119.02093609627349,49.487620421806405,5,word,1,0.1600349999998798,for,"",W,D,W,D,internal
554.1130811728278,1578.2213386437784,1758.3940892926714,3.724572557664267,3.620930169352356,3.6199849864405085,5871.794871794871,0.0015978309869431682,1173.035931165533,0.045,0.3358208955223881,1-0-2652-2,*hr,UT_003,003,2,fave,283.9891478955239,62.882336528837875,5,ever,0,0.10998500000005151,you'd,seen,V,#,V,S,final
643.8492655100983,1476.7461752586792,1768.3315485392527,3.3498590793281453,3.740220699882024,3.7522918227567184,5871.794871794871,0.00023159449460310398,1179.4931118412696,0.035,0.3365384615384616,1-0-2677-1,*hr,UT_003,003,2,fave,250.22446282022435,64.69046068080556,5,person,1,0.08007799999995768,"",would,P,S,P,S,internal
655.1248747748139,1575.5735779799818,1718.3676168749396,3.422574771597529,3.322521109918833,3.854058873611638,5512.820512820513,0.0005116284377180217,1180.1261168412698,0.04100000000000001,0.3306451612903227,1-0-2679-4,*hr,UT_003,003,2,fave,223.35080654307492,59.36218358604006,5,confirm,1,0.10009700000000521,would,it,F,M,F,M,internal
620.017054881774,1706.0019286991214,2068.8883359911165,3.3906774173037744,3.779872927949144,3.776960498751967,5512.820512820513,0.0019828964171942987,1193.8041414965985,0.037,0.32456140350877194,1-0-2745-3,*hr,UT_003,003,2,fave,238.13095251913953,57.86747055959194,5,butterfly,0,0.08996600000000399,say,"",T,F,T,F,internal
422.7337161097146,1311.2849513294552,1817.0351682421478,2.956696750428984,3.746101176966329,3.3004724297739187,6230.7692307692305,0.00006562386059173006,1198.8991401723356,0.027000000000000003,0.32142857142857145,1-0-2763-4,*hr,UT_003,003,2,fave,184.28597221513553,61.45440497102921,5,sleeper,0,0.06005900000013753,a,cell,P,#,P,S,final
530.2182396423245,1646.365875203609,1860.6644742644703,3.713223153111338,3.5330725544210657,4.573725232882635,5692.3076923076915,0.009562123509322378,1200.4461374965988,0.08100000000000002,0.3319672131147542,1-0-2771-1,*hr,UT_003,003,2,fave,369.38816258137,53.816840350052054,5,were,0,0.21996999999987565,you,"",W,#,W,"",final
498.8367904204256,1179.4745265220267,1893.368240354418,2.9233325876049983,3.2962458144027473,3.87509282867541,6589.74358974359,0.00002375066180533469,1222.6059458276643,0.031,0.32978723404255317,1-0-2808-1,*hr,UT_003,003,2,fave,237.2442849947456,65.81196059929881,5,we're,1,0.0699459999998453,now,working,W,#,W,W,final
552.1115390255852,1402.8632787808615,1842.1351923697712,3.487244119321838,3.540646647579303,3.9398777468913453,5871.794871794871,0.0007536152056746017,1222.7309464965986,0.040999999999999995,0.33064516129032256,1-0-2809-1,*hr,UT_003,003,2,fave,232.9218331481933,63.61294498575607,5,working,1,0.09997599999996964,we're,on,W,K,W,K,internal
543.1654310833193,1602.3438749604763,2317.9202128606303,2.888206843180406,3.487425884391466,4.277817184699204,5692.3076923076915,0.00009239424152103727,1232.53945184127,0.031,0.32978723404255317,1-0-2839-0,*hr,UT_003,003,2,fave,261.08693571650497,63.51088556416546,5,are,0,0.07006799999999203,slots,full,#,#,S,F,coextensive
586.4047204564941,1338.699526646561,2038.9853137030739,3.393036065772154,3.4463938473005338,3.730718262591975,6230.7692307692305,0.00033315689711070905,1234.5544324965986,0.040999999999999995,0.33064516129032256,1-0-2848-1,*hr,UT_003,003,2,fave,202.99483563759003,57.92453871822106,5,work,1,0.09997599999996964,at,"",W,K,W,K,internal
591.2804537973255,1314.7714190344577,1810.5470532171664,3.409182882473083,3.748631460109053,3.8919115335984253,5512.820512820513,0.0019762814788180853,1235.337468165533,0.047,0.3263888888888889,1-0-2851-1,*hr,UT_003,003,2,fave,281.28282222050296,58.7498702283734,5,hours,0,0.11999500000001717,five,"",aw,Z,aw,Z,internal
583.0573121754094,1637.3238051850878,2564.649039207103,3.64270549682434,3.997648730346422,4.336408018247982,5333.333333333333,0.005581779122475126,1241.6624184965985,0.037000000000000005,0.324561403508772,1-0-2872-0,*hr,UT_003,003,2,fave,207.69221428908043,56.09078700379098,5,are,0,0.08996600000000399,those,full,#,#,Z,F,coextensive
617.7129637907251,1472.7727927262335,1759.7950305610275,3.3139266918748653,3.807505606278653,3.923191488613367,5512.820512820513,0.00044776552978573794,1255.4024425102043,0.037000000000000005,0.324561403508772,1-0-2916-6,*hr,UT_003,003,2,fave,213.47009788857335,59.48247275147648,5,whatever,0,0.09008799999992334,"",nonsense,V,#,V,N,final
613.2726534551424,1723.8933209519678,2057.27836554765,3.4267282529329863,3.4912349015762856,3.7829420329417354,6230.7692307692305,0.00004303808240352026,1318.4852461723356,0.031,0.32978723404255317,1-0-2943-1,*hr,UT_003,003,2,fave,242.41428344224644,53.7747300814732,5,perfect,1,0.07006900000010319,"","",P,F,P,F,internal
617.9187453894676,1779.1970807931364,2088.015433223323,3.4032551381459446,3.722609658484744,3.623251876658069,5692.3076923076915,0.0004042798583912741,1345.645085165533,0.047,0.3263888888888889,1-0-2948-3,*hr,UT_003,003,2,fave,158.34987459985268,56.58297950627323,5,water,0,0.11999500000001717,used,for,T,#,T,F,final
586.3095346869475,1575.1766256110398,1791.0499413411035,3.1788110047494036,3.35156048001657,3.544557575864298,5512.820512820513,0.004320526773655678,1356.1826608276644,0.119,0.33615819209039544,1-0-2968-2,*hr,UT_003,003,2,fave,275.4700447915632,54.08149749107046,5,udder,0,0.32995600000003833,"","",D,#,D,"",final
574.5015305551599,1821.1746683575004,2164.543902768366,3.644554120485439,3.3428467655979617,4.072036842915857,5871.794871794871,0.00019024352854344836,1378.216623834467,0.047,0.3263888888888889,1-0-3015-4,*hr,UT_003,003,2,fave,299.75737373200144,58.96628758072193,5,hunters,0,0.11999500000001717,the,were,T,Z,T,Z,internal
656.4028683748116,1275.2814386208938,1884.518718072023,2.958661579954013,3.9202006325975836,3.7277464803139213,5512.820512820513,0.00018099049281482079,1378.4686451723355,0.031,0.32978723404255317,1-0-3016-1,*hr,UT_003,003,2,fave,238.8236945592539,58.54058887505158,5,were,0,0.07006799999999203,hunters,hunting,W,#,W,HH,final
782.006243454938,1404.5850301137123,1850.157946341979,2.8789510721129643,3.72543374516932,3.3353622434275523,5512.820512820513,9.763677899237222e-6,1387.1262381723357,0.031,0.32978723404255317,1-0-3036-1,*hr,UT_003,003,2,fave,260.9278453605209,59.62567310128888,5,hermit,1,0.07006799999999203,the,crab,HH,M,HH,M,internal
727.8212735597807,1586.3030845242652,1907.7381419367853,2.990752676510721,3.758590365863114,3.746612690560057,5692.3076923076915,0.0003260061617605732,1393.341271489796,0.061000000000000006,0.33152173913043487,1-0-3047-3,*hr,UT_003,003,2,fave,242.79292350483416,58.81324989054474,5,returned,1,0.15991199999984929,william,to,T,N,T,N,internal
569.331723040971,1817.6667049377484,2166.7517179712813,3.8100512069803174,3.758427123692695,3.7778027987415848,5871.794871794871,0.00027493171662866425,1394.7882494965988,0.035,0.3365384615384616,1-0-3051-3,*hr,UT_003,003,2,fave,99.61514441235583,54.6044609257431,5,after,0,0.07995600000003833,"",his,T,#,T,HH,final
565.5514343472867,1617.073853764531,1859.0088167452832,3.2398886059461787,3.5357546112004767,4.0856561636176245,5692.3076923076915,0.0006852339449392598,1405.4932075034014,0.065,0.3350515463917526,1-0-3067-6,*hr,UT_003,003,2,fave,232.10270418048154,59.62864149303604,5,reporter,0,0.17004399999996167,the,heard,T,#,T,HH,final
579.3065588376179,1463.5919492468515,1768.5458197609905,3.3835404703791445,3.777139770992061,3.5723382467211975,5512.820512820513,0.0008638491169755991,1405.8042438276643,0.067,0.3284313725490196,1-0-3068-1,*hr,UT_003,003,2,fave,223.8609073444952,57.66634573893665,5,heard,1,0.1799309999998968,reporter,the,HH,D,HH,D,internal
646.0560211858663,1616.828840705863,2331.0354146750587,3.2211212088372823,3.573835512506721,4.056302178536899,5333.333333333333,0.0013877405686800158,1425.6218211655328,0.04100000000000001,0.3306451612903227,1-0-3105-1,*hr,UT_003,003,2,fave,91.68922141905861,50.555204027478474,5,service,1,0.09997599999996964,"","",S,V,S,V,internal
557.834488977309,1421.80837011879,1652.5523744204884,3.476401479718696,3.786254140828611,3.4655889420567956,5871.794871794871,0.00018891414644758853,1431.0488694965989,0.035,0.3365384615384616,1-0-3114-3,*hr,UT_003,003,2,fave,89.07126674624196,52.68452254831454,5,decoration,0,0.07995599999981096,for,"",K,ey,K,ey,internal
494.8849267206739,1852.9681909278243,2371.99413046166,3.4645474591838243,3.9903489049136636,4.0550386446787545,6230.7692307692305,0.00012706229098024765,1447.7192081723356,0.027000000000000003,0.32142857142857145,1-0-3142-4,*hr,UT_003,003,2,fave,87.65127235360573,49.24485720810371,5,yesterday,0,0.06005900000013753,"","",T,D,T,D,internal
525.5440781437952,1239.179339832541,1745.0325288801853,3.5985136920621836,3.9345219118508004,3.825086738880994,6230.7692307692305,0.00002908968592127023,1465.5792821587302,0.027000000000000003,0.32142857142857145,1-0-3179-2,*hr,UT_003,003,2,fave,202.2727181735753,52.87130919131722,5,spring,0,0.05993599999987964,during,"",P,i,P,i,internal
588.145683430819,1490.6563517050226,1742.6060473924929,3.4287325151377743,3.6956684766672736,3.7607728165450847,5512.820512820513,0.010181180760870502,1481.1664281655328,0.087,0.32954545454545453,1-0-3214-3,*hr,UT_003,003,2,fave,101.2170955767029,54.23744592729625,5,ladder,0,0.23999000000003434,the,onto,D,#,D,o,final
585.5682901409082,1620.1252224285888,1866.0787343703535,3.282444104245864,3.9517505799483077,3.87474623538234,5692.3076923076915,0.004514893592486499,1495.0264131655329,0.087,0.32954545454545453,1-0-3229-4,*hr,UT_003,003,2,fave,258.5091722529215,56.17728951276025,5,brother,0,0.23998999999980697,my,"",DH,#,DH,"",final
702.1145695335782,1666.575539438183,2319.8085502139184,3.1694317934731853,4.023009111289839,3.4764737827315733,5692.3076923076915,0.0005701615224679242,1500.3953825034014,0.061000000000000006,0.33152173913043487,1-0-3238-2,*hr,UT_003,003,2,fave,262.24326883288796,58.287998779761885,5,author,0,0.160033999999996,an,is,TH,#,TH,i,final
532.4814767962879,1587.4016217461503,1888.0606648678122,3.230294858324447,4.009251869867322,3.499958172137402,6230.7692307692305,0.0004865898674602246,1501.637371165533,0.045,0.3358208955223881,1-0-3243-3,*hr,UT_003,003,2,fave,96.29715315595764,52.411477283056016,5,writer,0,0.10998500000005151,a,sometimes,T,#,T,S,final
556.5626127210417,1645.2956801810708,2372.5058875729965,3.579737552054607,3.4514347347379055,3.9068752518913255,5871.794871794871,0.00005417089534333599,1513.2373731723355,0.025,0.33783783783783783,1-0-3263-2,*hr,UT_003,003,2,fave,211.73018663385298,55.73484756274381,5,for,0,0.0500489999999445,"",the,R,#,R,DH,final
519.192693441091,1427.1199112824515,1812.6801067738234,3.037211685996525,3.720172221774089,3.6387018845273227,5153.846153846154,0.0004186597388076882,1522.1553641587302,0.061000000000000006,0.3315217391304348,1-0-3280-3,*hr,UT_003,003,2,fave,230.77262810746797,58.866056005838864,5,covered,0,0.15991200000007666,was,with,V,D,V,D,internal
515.4975644191492,1751.5755153428731,1961.4245850753573,3.1955533473514226,3.7978778783216445,4.305329842025841,6230.7692307692305,0.00016164826781928267,1524.1123398276643,0.035,0.3365384615384616,1-0-3285-4,*hr,UT_003,003,2,fave,104.03560125019972,52.90050005619322,5,yesterday,0,0.07995700000014949,from,"",T,D,T,D,internal
563.5598145858715,1664.8381160604604,2363.0212617157667,3.3750974360838972,3.9424882182999617,4.103079898131309,6051.282051282051,0.00010595702759800507,1534.4722788276642,0.031,0.32978723404255317,1-0-3300-1,*hr,UT_003,003,2,fave,225.06360025819455,56.32581834294518,5,for,0,0.06994600000007267,ready,the,F,#,F,DH,final
652.4420539137963,1590.5972818387852,1856.1078434350238,3.255322653598586,3.707316035360211,3.540440379969304,5692.3076923076915,0.00026250155635864557,1539.76722984127,0.040999999999999995,0.33064516129032256,1-0-3309-1,*hr,UT_003,003,2,fave,249.7267405269309,60.09084251420407,5,curtains,1,0.100097999999889,need,"",K,T,K,T,internal
525.1689493374109,1617.0412453061788,2565.7366034786273,3.326570452558223,3.8881937751986584,5.059943587147209,8205.128205128205,0.00031523863234066146,1545.7942248276645,0.035,0.3365384615384616,1-0-3323-2,*hr,UT_003,003,2,fave,228.24028789355646,58.30296392057461,5,over,0,0.07995599999981096,"",the,V,#,V,DH,final
567.3203110378464,1788.7153276242452,2240.8794625421706,3.1016233273256506,3.5813529589857334,3.591139245745166,5871.794871794871,0.00262096275696097,1549.7022341587303,0.07100000000000001,0.3317757009345795,1-0-3328-3,*hr,UT_003,003,2,fave,242.80464855991383,60.01387921444387,5,lawyer,0,0.18994099999986247,the,brought,Y,#,Y,B,final
574.2286891201261,1929.0447165798485,2954.5193685072486,3.344622270754038,3.6400454616208924,3.788467682097465,6589.74358974359,0.00028286112870487014,60.257852834467116,0.031,0.32978723404255317,1-0-11-1,i,UT_003,003,2,fave,NaN,39.26360855895525,5,this,0,0.06999900000000281,"",year,DH,S,DH,S,internal
574.0206436472886,1676.2828476582272,2960.710892962519,3.502429839741657,3.1289581059573104,3.65057165288394,6410.25641025641,6.161275290328799e-6,81.10154616553288,0.027000000000000003,0.32142857142857145,1-0-26-1,i,UT_003,003,2,fave,226.51768316356015,56.215021891082166,5,lived,1,0.05999799999999311,"",there,L,V,L,V,internal
480.6380711634382,2099.3850279066846,2974.9629370475573,3.2060892678643396,3.5361864388854856,3.9385541380217735,6410.25641025641,0.000021996501344234767,82.36154816553288,0.027000000000000003,0.32142857142857145,1-0-32-1,i,UT_003,003,2,fave,214.94680871831196,49.98996461653507,5,fifteen,1,0.05999799999999311,"",and,F,F,F,F,internal
553.2709977357785,2103.341497884945,2931.5451093250026,3.1658617415881483,3.479394923498302,3.9613536918903693,6769.2307692307695,9.15935292109648e-6,109.51585183446713,0.031,0.32978723404255317,1-0-60-1,i,UT_003,003,2,fave,269.7318317319817,59.43279805255535,5,fifteen,1,0.06999999999999318,"",years,F,F,F,F,internal
648.6954502295966,2113.1800070107247,3100.2324997699016,3.3525708949557353,3.6485019936435577,3.7924070335241002,6230.7692307692305,0.0005101219830432485,115.98285083446711,0.045,0.3358208955223881,1-0-77-0,i,UT_003,003,2,fave,149.55378771832196,43.74808822244833,5,in,0,0.1100009999999969,"",clinton,#,N,"",N,initial
580.1419914801945,1838.7395347512324,2809.3067144116208,3.2413770569052165,3.5251588092294486,4.169920261008141,6410.25641025641,0.0008313958344317844,135.13774683446712,0.057,0.32758620689655177,1-0-85-7,i,UT_003,003,2,fave,281.8578489709668,47.25633914948052,5,languages,0,0.15000900000001138,other,"",JH,Z,JH,Z,internal
558.1437511437741,2117.2070227774434,3014.02079205247,3.4154230852427325,3.643098169270307,3.5517720658452916,6410.25641025641,0.000013457018393863682,139.53274416553288,0.027000000000000003,0.32142857142857145,1-0-99-6,i,UT_003,003,2,fave,222.65400608663634,49.2627640172787,5,processing,0,0.0599979999999789,auditory,"",S,NG,S,NG,internal
509.07439036624737,2342.2445950684128,3054.872156129649,3.404916235736172,3.825229024857235,4.11529038598274,6410.25641025641,0.001016842857891828,140.09774783446713,0.037,0.32456140350877194,1-0-101-0,i,UT_003,003,2,fave,255.63034631355004,48.68983081836393,5,issue,1,0.09001100000000406,"","",#,SH,"",SH,initial
645.1131102054738,2043.7491977337327,2982.725739970101,3.011481120559227,3.69201183128952,3.9628455635216477,6589.74358974359,0.0003538699121826641,142.7567511655329,0.055,0.33536585365853655,1-0-109-0,i,UT_003,003,2,fave,168.45896241597438,44.10997876704415,5,it,0,0.13999899999998888,at,"",#,T,T,T,initial
523.2316168425268,1901.926769842888,3012.583467097222,3.048494232028531,3.6608276151565344,3.680091443605497,6410.25641025641,0.000021306466558968426,148.75274516553287,0.027000000000000003,0.32142857142857145,1-0-116-1,i,UT_003,003,2,fave,247.5694574275125,59.79122208007513,5,think,1,0.0599979999999789,"",i,TH,NG,TH,NG,internal
595.5810270860633,1869.7167839808583,2879.6995380332996,3.130393770367407,3.0334303001800564,3.856505585378868,6410.25641025641,0.0007666397203857609,152.84174716553287,0.045,0.3358208955223881,1-0-129-0,i,UT_003,003,2,fave,-75.41985598547197,52.38182363593024,5,it,0,0.11000100000001112,about,"",#,T,T,T,initial
500.4093212429793,1922.8499039454668,3045.5838049499944,2.9209095375658856,3.4564572606960065,3.581016908797041,6410.25641025641,0.00008622304739701852,168.6823421655329,0.031,0.32978723404255317,1-0-133-1,i,UT_003,003,2,fave,244.35829466118562,54.301777407098115,5,just,0,0.0700080000000014,"","",JH,S,JH,S,internal
610.4368990465381,2174.5591123076756,2776.130887228937,3.539129657134609,3.911510508224246,3.836885563209036,6410.25641025641,0.0006392823138632865,172.81735283446713,0.04100000000000001,0.3306451612903227,1-0-148-1,i,UT_003,003,2,fave,201.7034973546805,50.000031256096406,5,kids,1,0.10000599999997917,have,or,K,D,K,D,internal
634.61547148336,2232.518377640665,2898.3806228235867,3.5235146786438465,3.6567836270511243,3.942869640601462,6410.25641025641,0.00011422660700236649,173.5543531655329,0.035,0.3365384615384616,1-0-151-4,i,UT_003,003,2,fave,196.5339336195551,50.100975892453064,5,anything,2,0.07998599999999101,"",i've,TH,NG,TH,NG,internal
818.105380957034,1851.0548288957602,2985.590077323892,3.140379451740118,3.7069933645155757,4.031122883962449,6230.7692307692305,0.00017032454035218627,179.46444616553285,0.027000000000000003,0.32142857142857145,1-0-172-1,i,UT_003,003,2,fave,-343.00972794446864,44.77015101666151,5,hill,1,0.05999700000000985,on,air,HH,L,HH,L,internal
678.7060271394932,2357.9951780636025,3103.388406886151,3.5215807752575063,4.138756298672525,4.157455242231535,6410.25641025641,0.0010791208284660564,180.74444583446711,0.067,0.32843137254901966,1-0-177-2,i,UT_003,003,2,fave,193.48718203623315,46.61710658458262,5,doing,0,0.18000800000001504,"",[bracketed],Tuw,NG,Tuw,NG,internal
540.8373532385294,2234.6861088141436,2933.728310187201,3.0735710840515935,4.052187519343248,4.5589414978001095,6769.2307692307695,0.00006768036573535132,184.1034451655329,0.025,0.33783783783783783,1-0-182-3,i,UT_003,003,2,fave,194.08876182030545,46.8749287917713,5,budget,0,0.050003000000003794,a,analyst,JH,T,JH,T,internal
451.8510491571298,1404.2509074454856,2479.6477095064815,3.24562253445515,4.034253405819489,3.6054869892816734,6230.7692307692305,0.006218380981564744,190.16644983446713,0.091,0.3321167883211679,1-0-187-0,i,UT_003,003,2,fave,352.70512498095485,47.41824425543363,5,it's,0,0.25,"",a,#,T,"",T,initial
590.0473594633924,1986.062254221813,2906.274914301209,3.5463027824078526,3.695867114710281,3.845610780578747,6410.25641025641,0.0014329634636321372,190.86444583446715,0.027000000000000003,0.32142857142857145,1-0-190-0,i,UT_003,003,2,fave,331.3288571212285,56.858091170206464,5,it's,1,0.060012999999997874,"",a,#,T,"",T,initial
738.5563231379806,1446.232558614865,2520.8828405166987,3.3586343524663085,3.5863658126059974,3.933804460900638,5692.3076923076915,0.007928228914769716,191.9614531655329,0.101,0.3322368421052631,1-0-197-0,i,UT_003,003,2,fave,211.00097779358669,54.71830021366479,5,it,0,0.2799980000000062,"","",#,T,"",T,initial
489.68360271522107,1987.1046025163148,2930.844687862342,2.776684328667203,3.8906303143280225,4.152681211635716,6410.25641025641,0.0010802519488684146,193.0644478344671,0.047,0.3263888888888889,1-0-199-0,i,UT_003,003,2,fave,288.5878519805268,48.811911312941625,5,it,1,0.1200110000000052,"",doesn't,#,T,"",T,initial
464.61904403937956,1938.9652592754542,2651.7402838611247,3.3567745537834655,3.919804549140137,4.2006610034194845,6230.7692307692305,0.00041753616578041395,194.29944816553288,0.037,0.32456140350877194,1-0-202-1,i,UT_003,003,2,fave,211.37025834568806,58.56446136988691,5,really,1,0.08999600000001351,"","",R,L,R,L,internal
570.0909405257478,1595.7624908959385,2830.710654894429,3.6470601800721845,3.680941693074169,3.890059098317924,6230.7692307692305,0.00002405069835628345,195.97344583446713,0.025,0.33783783783783783,1-0-209-1,i,UT_003,003,2,fave,200.2117828395523,50.03727946980859,5,with,0,0.050003000000003794,do,being,W,TH,W,TH,internal
452.17966294365965,2192.909981628815,3147.4213554478083,3.3484860784541124,3.9572009635463954,4.356217878519512,6589.74358974359,0.00015717841651808308,196.60444516553287,0.027000000000000003,0.32142857142857145,1-0-212-3,i,UT_003,003,2,fave,189.35318310148475,47.25010433888032,5,budget,0,0.05999800000000732,a,analyst,JH,T,JH,T,internal
482.69936036263266,2184.223968127931,2812.386474941854,3.041351355505591,3.767561738696496,4.191678210160643,6410.25641025641,0.0013536768650407518,200.83775183446713,0.11500000000000002,0.3343023255813954,1-0-226-0,i,UT_003,003,2,fave,225.5056322103185,51.362291702033886,5,enjoy,0,0.3200070000000039,i,i,#,N,ay,N,initial
647.9679803883979,1938.367279926473,2876.4194320384904,3.307680326795915,3.6892500677927313,4.194189956053674,6230.7692307692305,0.00012039491363467836,201.57374516553287,0.027000000000000003,0.32142857142857145,1-0-228-0,i,UT_003,003,2,fave,227.66538140600227,52.32933133581093,5,enjoy,0,0.059996999999981426,i,what,#,N,ay,N,initial
579.2413896319814,1939.49534246464,2841.492591597457,3.0896659754785136,3.2834556719291466,3.695019948022235,6410.25641025641,0.000030293870942870408,222.2857511655329,0.031,0.32978723404255317,1-0-254-1,i,UT_003,003,2,fave,176.50845194821613,52.40981359664159,5,business,1,0.06999200000001338,my,"",B,Z,B,Z,internal
572.2224908974404,1918.8891347880933,2891.385039972598,3.346113418809879,3.639304410548544,4.004218622795907,6230.7692307692305,0.00019298726019523798,227.66134716553287,0.035,0.3365384615384616,1-0-272-1,i,UT_003,003,2,fave,190.45427889313254,41.889868037730785,5,business,1,0.08000200000000746,my,and,B,Z,B,Z,internal
502.37062604714845,1879.427666572963,2887.6707571559627,3.324661246506974,3.7126090821993873,3.5647112562646956,6410.25641025641,0.00003213364926373335,229.12734916553285,0.027000000000000003,0.32142857142857145,1-0-276-1,i,UT_003,003,2,fave,216.51349776482476,53.67951898013193,5,building,1,0.05999700000000985,"",that,B,L,B,L,internal
628.3031453533006,1809.883698530196,3203.5039265970004,3.480853128117159,3.4351080085242667,3.298463516938316,6410.25641025641,0.00007397935456266526,229.31735116553287,0.027000000000000003,0.32142857142857145,1-0-276-4,i,UT_003,003,2,fave,200.57023909750922,48.486712283522515,5,building,0,0.0599979999999789,"",that,D,NG,D,NG,internal
495.00367514669813,1873.6676491731885,3052.686393218831,3.6876688359482577,3.857436302474555,3.8474146370647433,6230.7692307692305,0.0006908592956287193,229.72934583446713,0.031,0.32978723404255317,1-0-278-1,i,UT_003,003,2,fave,206.4791457906501,40.393544558414156,5,this,0,0.07000700000000393,that,year,DH,S,DH,S,internal
664.8158854010387,1823.0494295684775,2701.6593380523486,3.5175855134729597,4.103174818346556,4.604763229389847,6051.282051282051,0.000054037730586585666,237.81735116553287,0.027000000000000003,0.32142857142857145,1-0-289-1,i,UT_003,003,2,fave,295.40096165806534,55.19860741943914,5,been,1,0.0599979999999789,always,"",B,N,B,N,internal
484.134029872141,2088.992304921629,2868.45712995343,3.023532620503258,3.884736408133438,4.149541858186316,6948.717948717948,0.00026788055130569805,239.6263541655329,0.045,0.3358208955223881,1-0-292-6,i,UT_003,003,2,fave,231.36204821264434,56.165343898686885,5,intuitive,0,0.10998599999999215,pretty,we,T,V,T,V,internal
621.5381554974232,1421.0619558738204,2813.715765591037,3.3833402859734854,3.411566307896208,3.8157420686528174,6410.25641025641,0.00001134077291580686,240.63634883446713,0.025,0.33783783783783783,1-0-299-0,i,UT_003,003,2,fave,228.4140707301403,50.0434686611495,5,it's,0,0.050003000000003794,oh,a,#,T,owF,T,initial
522.168734277688,1916.22590078626,2983.205834658644,3.3826371819788514,3.458955951767101,3.7088221603576486,6410.25641025641,0.00001145414334426643,240.94634683446714,0.025,0.33783783783783783,1-0-301-1,i,UT_003,003,2,fave,191.62239444543164,47.23255282099278,5,sixth,1,0.050003000000003794,a,sense,S,K,S,K,internal
645.926013889709,2021.1905977033794,2821.002855433224,3.4506716239066373,3.904897197509133,3.72771862347003,6410.25641025641,0.0003632389212829032,243.35734983446713,0.027000000000000003,0.32142857142857145,1-0-310-0,i,UT_003,003,2,fave,-1979.3458372467855,46.434499049903906,5,it,1,0.05999800000000732,"",was,#,#,"",W,coextensive
590.4153146863135,1698.1882286977616,2208.7749483352864,3.3547253408499538,3.2584533909979214,4.3217586075381895,6051.282051282051,0.00027544013827239246,247.96735083446714,0.027000000000000003,0.32142857142857145,1-0-320-1,i,UT_003,003,2,fave,184.65894686184458,51.16459977937859,5,really,1,0.05999800000000732,"",was,R,L,R,L,internal
669.4547936394858,1953.0248600089608,2942.046397862241,3.3140861688986267,3.7190025218454417,3.8972857598410053,6410.25641025641,0.0009815571177171861,253.3793491655329,0.031,0.32978723404255317,1-0-338-0,i,UT_003,003,2,fave,80018.01532019651,48.07324720653314,5,it,0,0.06999200000001338,and,kind,#,#,D,K,coextensive
577.9103933601749,1689.1214953723997,2684.214690252869,3.0249889360784374,4.240125746857243,4.0840177668096285,6410.25641025641,0.0008764998331593584,255.67735216553285,0.027000000000000003,0.32142857142857145,1-0-348-1,i,UT_003,003,2,fave,-10890.719155974073,43.31968130642602,5,been,0,0.05999700000000985,it's,really,B,N,B,N,internal
588.1647074975577,2224.8579564266956,3030.4523755138716,3.479364015715562,4.046445099913084,4.209815454684365,6230.7692307692305,0.0003668173892487212,256.37933883446715,0.031,0.32978723404255317,1-0-351-7,i,UT_003,003,2,fave,109.64575265684206,43.033910069754945,5,interesting,0,0.07000800000002982,"","",T,NG,T,NG,internal
614.6116928595316,2239.7960569219485,3026.7151708718175,4.3774886114899605,4.871334643492982,4.541279869554531,7128.205128205128,0.033860462951021825,272.7722428344671,0.051000000000000004,0.3311688311688312,1-0-359-0,i,UT_003,003,2,fave,165.54287665180954,41.05402387616905,5,expected,0,0.13000499999998283,i,"",#,K,ay,K,initial
624.8511576337148,1978.8725185880935,2832.5747097064727,3.337359902994974,3.9157132455022254,3.924793096144306,6410.25641025641,0.0026152299740411344,273.62225516553286,0.091,0.33211678832116787,1-0-359-7,i,UT_003,003,2,fave,86.91673128209287,44.312653990945776,5,expected,0,0.25,i,"",T,D,T,D,internal
575.8760151336429,1785.9505236117145,2883.4519167647527,3.306506553844232,3.806069536283151,3.6451245517336064,6230.7692307692305,0.00032508469140163896,288.2502538344671,0.047,0.3263888888888889,1-0-380-2,i,UT_003,003,2,fave,223.83421470940837,56.573377508508216,5,going,0,0.11999600000001465,"",to,ow,NG,ow,NG,internal
500.899791212561,2104.0198191624377,3040.9474802241757,3.056610286041991,3.7589287652150185,3.949588992547186,6948.717948717948,0.0000750272276731518,291.6302445034014,0.027000000000000003,0.32142857142857145,1-0-387-1,i,UT_003,003,2,fave,244.16759224411618,59.92122528785184,5,different,1,0.060027999999988424,a,position,D,F,D,F,internal
499.29969813025946,1746.9370060932783,2953.457581327444,2.8559944353848246,3.937525494826735,3.75496589042491,6769.2307692307695,0.00002196230059089147,292.05225183446714,0.031,0.32978723404255317,1-0-388-3,i,UT_003,003,2,fave,242.1634099673807,58.092314127241124,5,position,1,0.07000700000003235,different,that,Z,SH,Z,SH,internal
606.6057493381826,1956.5961443897659,2864.628010724665,3.560543408978586,3.2099614654668245,3.7094665903945097,6410.25641025641,0.00006814303184683887,304.33374583446715,0.031,0.32978723404255317,1-0-436-1,i,UT_003,003,2,fave,203.86732033591127,55.76520746807606,5,missed,1,0.0700069999999755,i,the,M,S,M,S,internal
492.3962603701212,1814.7956249247482,2037.0036526264826,3.240421108302824,4.170867120136649,4.460725617254756,5871.794871794871,0.00016702566706641416,306.3637448344671,0.031,0.32978723404255317,1-0-445-1,i,UT_003,003,2,fave,226.36170200048267,56.99770851306582,5,really,1,0.07000700000003235,i,"",R,L,R,L,internal
657.9911004612962,1935.7220370307039,3005.3852945359745,3.6568428465410387,3.435508428917058,3.459822031859206,6410.25641025641,0.00038045954487103207,309.21175083446707,0.027000000000000003,0.32142857142857145,1-0-455-1,i,UT_003,003,2,fave,197.17950854010064,50.35731056815616,5,missed,1,0.05999800000000732,"",that,M,S,M,S,internal
552.7979069680889,1860.0843637881944,3069.2612418735393,3.1988071979749186,3.9107528569472936,4.227613671769691,6410.25641025641,0.00019438580520642968,310.1017601655329,0.027000000000000003,0.32142857142857145,1-0-459-0,i,UT_003,003,2,fave,383.2342462614605,49.02966795195819,5,it,0,0.05999700000000985,but,turned,#,T,T,T,initial
691.278572412396,1771.59104284969,2896.7238685867705,3.1133559814996588,3.5101667901007194,3.5644131625642403,6230.7692307692305,0.0020004260135696355,316.0974438344671,0.04100000000000001,0.3306451612903227,1-0-480-0,i,UT_003,003,2,fave,898.6307066559662,49.21040005034946,5,it,0,0.10000600000000759,"",was,#,T,"",T,initial
519.8363796320062,2250.5409974589384,2751.0139793503085,3.0548146462408288,3.7518909589598066,4.0992877433710015,6410.25641025641,0.004048273062868383,343.5614611655329,0.10899999999999999,0.33641975308641964,1-0-511-3,i,UT_003,003,2,fave,276.86194918445807,49.73536731939853,5,learned,0,0.2999879999999848,i've,"",N,D,N,D,internal
538.887257910637,1642.781808500489,2917.4793230712885,3.561635749281433,3.5586980272659288,3.941142296914764,6589.74358974359,0.00003142355354708488,345.69124483446717,0.035,0.33653846153846156,1-0-514-1,i,UT_003,003,2,fave,219.96492184675716,62.20756888728005,5,building,1,0.08001799999999548,so,my,B,L,B,L,internal
630.1471808457943,1619.763971450567,3241.0010288191793,3.719756727212867,3.3778525733094287,3.7366909398805497,6410.25641025641,0.00004223507943747656,345.8892578344672,0.031,0.32978723404255317,1-0-514-4,i,UT_003,003,2,fave,223.28921077924974,60.21842879138528,5,building,0,0.0700069999999755,so,my,D,NG,D,NG,internal
620.706645485188,1933.3672046526206,2391.3898324198035,3.5342026626435112,3.8854888621960697,4.082003243470506,6051.282051282051,0.0007825865916033381,347.66224116553286,0.037000000000000005,0.324561403508772,1-0-518-6,i,UT_003,003,2,fave,237.18551432613842,48.01572535986094,5,nightmarish,0,0.08999600000004193,was,"",R,SH,R,SH,internal
584.6774368140325,2340.1389264873083,3184.5262138655485,3.5811793275081656,3.7045083166833317,3.7408119050072535,6410.25641025641,0.0004231904262263276,348.0622608344671,0.057,0.32758620689655177,1-0-520-0,i,UT_003,003,2,fave,207.84776636920168,52.011548771333565,5,in,1,0.1499939999999924,"","",#,N,"",N,initial
602.3750618265723,1966.8640540178142,2882.2835565888836,3.1225254063756425,3.4961224853481503,3.665825986075729,6410.25641025641,0.0002603628642195171,351.08724416553287,0.067,0.3284313725490196,1-0-531-3,i,UT_003,003,2,fave,97.46144305225499,51.347084987934736,5,basic,0,0.1799930000000245,most,"",S,K,S,K,internal
599.0347158775883,1903.1275257805435,2869.0723596052785,3.2544488962025615,3.940781072443667,4.046927334548443,6410.25641025641,0.00006345282541480045,353.2992551655328,0.031,0.32978723404255317,1-0-536-1,i,UT_003,003,2,fave,178.7598937570569,53.48943062544528,5,wix,1,0.0699769999999944,made,website,W,K,W,K,internal
508.3152801330831,1793.9191041807412,2805.9135923470913,3.3168426103915802,3.8454474644686516,3.743984441855565,6230.7692307692305,0.00019266060349186918,354.7222381655329,0.037,0.32456140350877194,1-0-539-0,i,UT_003,003,2,fave,85.31820364401511,49.91263967476447,5,exist,0,0.0899970000000394,to,"",#,G,Tuw,G,initial
663.0188518745007,1949.0550858328777,2884.905857614929,3.3974156275529137,3.683065514003402,4.000018136175175,6410.25641025641,0.003985731921067779,354.97125483446706,0.075,0.33482142857142855,1-0-539-3,i,UT_003,003,2,fave,117.95255259051143,49.802002494195825,5,exist,1,0.20001200000001518,to,"",Z,S,Z,S,internal
710.5157116706475,2093.1514623679036,3144.4500593109638,3.2833175166525215,3.557243095823603,4.03833790898871,6410.25641025641,0.000983674114760209,356.27425283446706,0.061000000000000006,0.3315217391304348,1-0-542-0,i,UT_003,003,2,fave,179.21994297403464,47.6810588102543,5,it,0,0.16000300000001744,and,took,#,T,D,T,initial
596.747798537162,2092.8775490961284,2725.2183818756134,3.806338948772294,3.8568691349756836,4.381167057627047,6410.25641025641,0.00004066287975087237,359.3472431655329,0.027000000000000003,0.32142857142857145,1-0-557-3,i,UT_003,003,2,fave,200.35716750774,54.428925202685214,5,trying,0,0.05999799999995048,"",to,ay,NG,ay,NG,internal
476.9217499938043,2238.676901570233,2890.5639958509255,2.986947978601102,3.8890692523830057,4.547336139854123,6410.25641025641,0.0001061383430851474,359.5872445034014,0.027000000000000003,0.32142857142857145,1-0-559-1,i,UT_003,003,2,fave,206.31801552705164,56.64758633908158,5,figure,1,0.060027999999988424,to,out,F,G,F,G,internal
619.5769747778868,2218.807006434245,2804.1781524108796,3.5592053890192323,3.5713192353544945,3.607293203122055,6410.25641025641,0.00003147202824486988,360.30923516553287,0.031,0.32978723404255317,1-0-563-1,i,UT_003,003,2,fave,95.02314922980698,53.5756970149269,5,get,1,0.0700069999999755,to,your,G,T,G,T,internal
538.4484511977693,1915.6396154770223,2769.116378937375,3.467485496036889,3.1830299616454965,3.528264344441984,6410.25641025641,0.00009234325884812809,360.66124683446714,0.035,0.33653846153846156,1-0-565-1,i,UT_003,003,2,fave,208.24392891111637,57.62520161121581,5,business,1,0.080016999999998,your,on,B,Z,B,Z,internal
607.300552674777,1994.7792883762847,2919.8308517981363,3.506675832564803,3.2490376671738166,3.5532398930777274,6410.25641025641,0.0002315153596733642,361.6442578344671,0.04100000000000001,0.3306451612903227,1-0-569-1,i,UT_003,003,2,fave,204.507955066745,56.14476048844005,5,business,1,0.10000599999995075,google,making,B,Z,B,Z,internal
509.04896722296627,2005.1672853953808,2665.4620279762044,3.585038482804824,4.128255228597254,3.8770767427509742,5871.794871794871,0.00003218953795494708,362.89925549659864,0.031,0.32978723404255317,1-0-573-2,i,UT_003,003,2,fave,170.79637010081507,45.737878534230674,5,doing,0,0.0699769999999944,you're,all,Tuw,NG,Tuw,NG,internal
524.0377607235838,1894.2240961103116,3037.4024920778825,3.1080025063498358,2.979520804342483,3.696185479415361,6410.25641025641,0.00012071425724532705,365.06924983446714,0.031,0.32978723404255317,1-0-580-2,i,UT_003,003,2,fave,229.33570247939085,55.952536075518594,5,still,1,0.07000800000002982,i'm,"",T,L,T,L,internal
598.426032984021,2032.176239683621,2868.415542751361,3.225988848160568,3.6594687831574086,3.6072955322104288,6410.25641025641,0.00007615617503739438,369.0972431655329,0.027000000000000003,0.32142857142857145,1-0-590-0,i,UT_003,003,2,fave,NaN,46.503234150392736,5,is,1,0.05999799999995048,everything,correct,#,Z,NG,Z,initial
713.6945302928359,1632.0340385835257,3045.250629007582,3.4151547017464607,4.309997487403978,3.9808156825419965,6410.25641025641,0.0009356070247996407,400.8506561655329,0.037,0.32456140350877194,1-0-602-2,i,UT_003,003,2,fave,252.8080403266303,59.72472561721536,5,going,0,0.08999699999998256,like,to,ow,NG,ow,NG,internal
662.115099667455,2048.0520010002833,2883.3511847870363,3.4492619496443364,3.8568179125831663,3.859528779370201,6410.25641025641,0.00021676647049010151,404.6806488344671,0.037,0.32456140350877194,1-0-618-0,i,UT_003,003,2,fave,175.98188654024176,45.864323857751955,5,in,1,0.08999599999998509,time,"",#,N,M,N,initial
634.5613162066966,1440.2362350340181,2716.975021459584,3.4403034327221262,4.129172662688225,3.6757190414751686,6230.7692307692305,0.00007416796855777291,406.2376458344672,0.031,0.32978723404255317,1-0-623-2,i,UT_003,003,2,fave,176.17516035291692,45.70951712774481,5,going,0,0.07000799999997298,and,on,ow,NG,ow,NG,internal
701.6123618630645,1575.4941995997117,2588.891659519229,3.6597131805164556,3.9833364502218354,4.176592631842263,6230.7692307692305,0.0002003289651570547,409.71064783446707,0.037000000000000005,0.324561403508772,1-0-635-3,i,UT_003,003,2,fave,205.3383239094508,54.07820336107101,5,growing,0,0.08999599999998509,"",up,ow,NG,ow,NG,internal
743.1586028943855,1956.1880948147527,3020.785979537508,3.264135749718278,3.5478885000217892,3.7347474146704744,6230.7692307692305,0.00015512514206377713,412.41963883446715,0.035,0.33653846153846156,1-0-644-0,i,UT_003,003,2,fave,180.69007474149333,45.348382236871274,5,it,0,0.080016999999998,canyon,was,#,T,N,T,initial
630.3642368243181,2255.5626027891894,2939.238655887222,3.3827440051405135,3.752635047024426,4.259842326106998,6410.25641025641,0.00014510898934614577,415.32265149659867,0.04100000000000001,0.3306451612903227,1-0-655-4,i,UT_003,003,2,fave,189.5425818391766,47.17506873858989,5,camping,0,0.09997599999996964,lot,"",P,NG,P,NG,internal
592.1747201206109,1965.6182056001376,2975.747970978299,3.079355619143386,3.7607968566007504,4.195768900685251,6410.25641025641,0.000843589219460634,418.45564316553293,0.087,0.32954545454545453,1-0-665-4,i,UT_003,003,2,fave,92.5226772423239,46.69737646213555,5,places,0,0.2399899999999775,favorite,"",S,Z,S,Z,internal
454.4776701173972,2181.284486156107,2952.4073150675854,3.7217595058229835,3.955110014197845,4.168754340836842,6410.25641025641,0.0003691271836865499,419.6556541655329,0.027000000000000003,0.32142857142857145,1-0-670-1,i,UT_003,003,2,fave,-14922.890614527529,51.124671655415355,5,think,1,0.05999700000000985,can,of,TH,NG,TH,NG,internal
574.3173064916257,1515.1443349768613,2921.819300435255,3.3831681749846934,3.725526516329298,4.005641961401952,6230.7692307692305,8.7903332314815e-6,437.3344388344671,0.025,0.33783783783783783,1-0-700-1,i,UT_003,003,2,fave,232.4753315536545,58.77431596750693,5,with,0,0.050018000000022766,go,my,W,TH,W,TH,internal
693.3012187369987,1883.0300056084657,2875.9915927602165,3.0004055174924287,3.7175805102299666,4.033994690726225,6410.25641025641,0.00045165434608635576,450.2904561655329,0.07700000000000001,0.3290598290598291,1-0-741-0,i,UT_003,003,2,fave,190.64875199211008,52.339598636800474,5,it,1,0.20999100000000226,probably,"",#,T,iyF,T,initial
491.7359564491238,1864.1745114890452,2875.3732695345257,3.0580363069272605,3.2592680578715036,3.692174159203952,6230.7692307692305,0.00006585437262334858,468.7145551655329,0.035,0.3365384615384616,1-0-752-0,i,UT_003,003,2,fave,217.4029414149267,60.45790699175645,5,it's,0,0.07998600000001943,and,because,#,T,D,T,initial
417.6521003123624,1753.089660152454,2971.921241440939,3.1116545685228556,3.022120972789898,3.7392523685556074,6230.7692307692305,0.000010085141794837398,469.2405541655329,0.027000000000000003,0.32142857142857145,1-0-754-0,i,UT_003,003,2,fave,188.984693594289,51.49270942636038,5,it's,0,0.05999700000000985,because,expensive,#,T,Z,T,initial
623.8520791572594,1793.5002734759971,2850.888924991326,2.987202050422252,3.2462771071285066,3.975764062635628,6410.25641025641,0.00029957988994645107,469.9055481655329,0.057,0.3275862068965517,1-0-755-7,i,UT_003,003,2,fave,138.02179695189292,51.54343374641718,5,expensive,0,0.14999299999999494,it's,"",S,V,S,V,internal
626.28558521434,2091.834988124347,2884.1600343289374,3.43478233179641,3.7921780362442763,4.0632257952984725,6410.25641025641,0.0002706280198212329,473.81956116553283,0.045,0.3358208955223881,1-0-767-0,i,UT_003,003,2,fave,221.38639422044838,49.75481409673769,5,if,1,0.10998499999999467,"",we,#,F,"",F,initial
588.5898243070388,1860.6063780979089,2860.76373511252,3.700439265902615,3.519692031198116,3.5897363769291077,6410.25641025641,0.0010741763415791387,475.27255783446714,0.031,0.32978723404255317,1-0-773-1,i,UT_003,003,2,fave,202.11781050789807,52.179070538450915,5,this,1,0.07000800000002982,"",is,DH,S,DH,S,internal
513.1534208703861,2568.9713753374917,3161.995730600373,3.8469877954534004,3.6964541436446954,3.9953791341167646,6410.25641025641,0.0005075241397723875,497.4952561655329,0.035,0.3365384615384616,1-0-831-3,i,UT_003,003,2,fave,243.0680805241781,52.87867059363526,5,hiking,0,0.07998600000001943,go,it's,K,NG,K,NG,internal
609.7884845866289,2158.6213718091326,2859.341738595189,3.4849874030809707,3.7275809048224033,3.8725845354020376,6410.25641025641,0.00004671405548412153,497.6852581655329,0.035,0.3365384615384616,1-0-832-0,i,UT_003,003,2,fave,225.53821914003737,53.235538611739344,5,it's,1,0.0799870000000169,hiking,too,#,T,NG,T,initial
632.9710956851895,1977.5225046712144,3030.0199970699873,3.376290745189997,3.691859343031916,4.100241022286484,6410.25641025641,0.00015271156390652245,505.6332458344672,0.031,0.32978723404255317,1-0-862-0,i,UT_003,003,2,fave,240.35676044535413,56.290411503946856,5,it'll,1,0.0700069999999755,"",involve,#,T,"",T,initial
686.6051754048955,1529.6063236400291,3096.67409647173,3.2623551517945875,2.813733415579065,3.7141582237437234,6410.25641025641,0.00011356601768711819,505.8832458344672,0.031,0.32978723404255317,1-0-863-0,i,UT_003,003,2,fave,279.7897420717254,54.6943396344586,5,involve,0,0.0700069999999755,it'll,some,#,N,L,N,initial
420.6830576132555,2677.5785559752308,2914.4566918277237,3.4615446807180716,4.152564976077887,4.854328669702212,6769.2307692307695,0.0037280828348619684,508.28825416553286,0.061000000000000006,0.33152173913043487,1-0-871-3,i,UT_003,003,2,fave,95.46178909856552,46.446666533717085,5,hiking,0,0.1600040000000149,"",or,K,NG,K,NG,internal
621.4029331658919,2415.89175707996,3062.7437293218145,3.608921125921249,3.817151698117032,4.153008472925421,6410.25641025641,0.0005718123557292089,509.7402418344671,0.065,0.33505154639175255,1-0-874-4,i,UT_003,003,2,fave,190.71807073576156,45.08811734087587,5,camping,0,0.1700129999999831,"","",P,NG,P,NG,internal
412.5753735885428,2342.978413472239,2918.4680485821063,3.0207669594351216,3.958370958215727,4.024329634803628,6230.7692307692305,0.0012197207003473765,516.8290674965987,0.065,0.33505154639175255,1-0-884-0,i,UT_003,003,2,fave,311.83374419306926,52.6034512098681,5,in,1,0.169983000000002,probably,ogden,#,N,iyF,N,initial
806.7276690432994,1578.980798861616,2767.85624471588,4.151908847194087,4.216662184822045,4.318676927501976,6230.7692307692305,0.0005291357676526746,517.8600658344672,0.027000000000000003,0.32142857142857145,1-0-888-1,i,UT_003,003,2,fave,469.28632026342933,38.456875055001944,5,to,0,0.05999799999995048,up,the,T,#,T,DH,final
550.7096645033644,2004.6584318975556,2959.3591995159795,3.2050359240959794,3.708085899986749,4.025802637327648,6589.74358974359,0.0005641540334089423,520.0320398344672,0.051000000000000004,0.3311688311688312,1-0-893-0,i,UT_003,003,2,fave,332.741299873864,51.7843512575727,5,it's,0,0.13000499999998283,"","",#,T,"",T,initial
641.3535998911387,2052.045202714027,2856.0031087720527,3.110975204999583,3.6650402778874867,3.7887831190773564,6410.25641025641,0.000129111192315128,523.5050694965986,0.037000000000000005,0.324561403508772,1-0-904-0,i,UT_003,003,2,fave,266.3922400872752,52.39702076777476,5,it's,0,0.08996600000000399,"",a,#,T,"",T,initial
643.4402265478747,1846.1449843500295,2760.1870162567225,2.938650700437391,3.4418935250926848,3.846383421177266,6410.25641025641,0.00076167396782468,524.0890381723356,0.065,0.3350515463917526,1-0-906-4,i,UT_003,003,2,fave,90.40542198822361,49.84605937854573,5,classic,0,0.17004399999996167,a,and,S,K,S,K,internal
593.5403892955634,2096.5469848122666,2954.554922627521,3.109723076446339,3.653548668167648,3.9639169560581737,6230.7692307692305,0.00023331778543691617,527.4250538344671,0.057,0.32758620689655177,1-0-923-0,i,UT_003,003,2,fave,193.6304529279589,51.46850821742231,5,is,0,0.15002500000002783,that,"",#,Z,T,Z,initial
556.1033496339764,2003.9531965405256,3107.037729125739,3.34158906676331,3.8856911601928408,3.998135889613601,6410.25641025641,0.0003764669133126761,529.8950348344671,0.037,0.32456140350877194,1-0-928-4,i,UT_003,003,2,fave,517.5518481621573,47.58760601440741,5,classic,0,0.09002700000007735,the,"",S,K,S,K,internal
559.4555264411246,2231.653771601579,2849.1730048106174,3.1527454296893302,3.9819222189426746,4.127342107396931,6230.7692307692305,0.0008016528773088793,531.144034834467,0.035,0.33653846153846156,1-0-931-0,i,UT_003,003,2,fave,242.8848546930696,51.67285468334708,5,if,1,0.080016999999998,hike,you,#,F,K,F,initial
676.027494608867,1992.648509560819,2932.7980867716255,3.5223731177544866,3.865504098144733,4.304160682304787,6230.7692307692305,0.00021192925967773035,532.9900708344671,0.027000000000000003,0.32142857142857145,1-0-936-5,i,UT_003,003,2,fave,180.11123563397743,48.23952712899631,5,definition,1,0.05999800000006417,the,of,N,SH,N,SH,internal
626.0188940770187,2090.780613411656,2934.1789861818334,3.2750722951380276,3.4966878128683576,3.749224378458529,6410.25641025641,0.00006443831114116375,570.1061465034013,0.04100000000000001,0.3306451612903227,1-0-967-1,i,UT_003,003,2,fave,227.5453694532705,56.9082959067997,5,things,1,0.10003700000004301,different,but,TH,NG,TH,NG,internal
562.1050297874956,2201.054578569911,2840.401064540099,3.2724553222237387,3.5911432584164182,3.9661583655459083,6230.7692307692305,0.0013601807971881947,573.7511558344672,0.051000000000000004,0.3311688311688312,1-0-978-4,i,UT_003,003,2,fave,169.696040336563,45.522649527601565,5,anything,2,0.13000499999998283,at,"",TH,NG,TH,NG,internal
660.9620070411285,1744.356456371771,3036.673579323288,3.2201451675418546,3.5627345225768026,3.6727220877149365,6410.25641025641,0.000040149826513127705,611.3793481655329,0.027000000000000003,0.32142857142857145,1-0-997-4,i,UT_003,003,2,fave,192.78128269634277,49.573657769997375,5,something,0,0.05999700000006669,"",i,TH,NG,TH,NG,internal
480.2955620646472,2258.8543681734873,3102.5738938202862,2.7139100842300143,3.956576974478379,3.6794400515140504,6589.74358974359,0.00035279092982168505,618.7963664965986,0.061000000000000006,0.3315217391304348,1-0-1008-0,i,UT_003,003,2,fave,227.9358009791701,60.656394200828196,5,is,1,0.15997300000003634,it,"",#,Z,T,Z,initial
534.4359059639274,2023.9531123128281,2857.0712816259193,3.4057479517162736,3.6459214642887514,3.920567023617768,6589.74358974359,0.00010285641044421673,619.8693438344671,0.027000000000000003,0.32142857142857145,1-0-1012-1,i,UT_003,003,2,fave,217.57645869490108,53.87727374866461,5,fiction,1,0.059996999999953005,"","",F,K,F,K,internal
488.5432208233193,1754.3149437931302,2842.5466850549105,3.648540152559369,3.8479975870617724,3.9325552008996656,6410.25641025641,0.000025436925543931428,625.4219501655328,0.027000000000000003,0.32142857142857145,1-0-1026-3,i,UT_003,003,2,fave,191.87800055217417,50.01711963801333,5,typically,0,0.05999800000006417,i,like,P,K,P,K,internal
557.6079395681978,2145.598142171471,2457.772286510317,3.474348574398408,3.71578427513459,4.433061894052126,5871.794871794871,0.0007260066810585208,628.1169474965986,0.037000000000000005,0.324561403508772,1-0-1034-1,i,UT_003,003,2,fave,185.5482555678353,47.64468307940794,5,rings,1,0.08996500000000651,the,"",R,NG,R,NG,internal
667.9276772816038,2135.2189822799814,2954.648464265645,3.9769980947019956,3.754120615999584,3.8253503089079275,6230.7692307692305,0.0006700079460402522,633.0059614965986,0.035,0.33653846153846156,1-0-1048-1,i,UT_003,003,2,fave,220.07162507156164,43.467521668639144,5,thing,1,0.07995600000003833,a,"",TH,NG,TH,NG,internal
717.9955021578011,1542.1373760911154,2712.9991957677253,3.45637513412064,3.43650510752639,4.039259624395145,6410.25641025641,0.00008865062042964958,650.038260834467,0.035,0.33653846153846156,1-0-1064-3,i,UT_003,003,2,fave,247.13288348264425,60.31075259415823,5,growing,0,0.080016999999998,to,up,ow,NG,ow,NG,internal
565.843781709716,2272.9301292492905,3036.4240616496113,3.4716396728873886,3.529134701987975,3.4815635675884824,6769.2307692307695,0.00007563013687566127,651.5812445034013,0.04100000000000001,0.3306451612903227,1-0-1070-5,i,UT_003,003,2,fave,240.3756113154413,56.618749605009675,5,everything,2,0.10003600000004553,ranked,but,TH,NG,TH,NG,internal
607.357127123498,1401.365399941513,2883.6362269429947,3.247006758062259,3.0013134655202287,3.7064439205561786,6230.7692307692305,0.00009474808613474821,652.6342301655329,0.027000000000000003,0.32142857142857145,1-0-1075-0,i,UT_003,003,2,fave,473.96916611492423,54.009505490151746,5,it's,0,0.05999799999995048,now,all,#,T,aw,T,initial
595.2302092103878,2419.0651516222456,2715.979446767075,3.558932027439792,4.174129365955722,4.622951750725651,6051.282051282051,0.0024812208154041835,655.0292508344671,0.037,0.32456140350877194,1-0-1086-0,i,UT_003,003,2,fave,187.14321481258105,52.99150993111302,5,enjoyed,0,0.09002699999996366,i,it,#,N,ay,N,initial
683.9846030429514,1796.2283754452437,2764.422723457688,3.095632489967209,3.490051987173009,4.150159172162423,6410.25641025641,0.0012595679267046734,655.4262558344672,0.07100000000000001,0.3317757009345795,1-0-1087-0,i,UT_003,003,2,fave,170.65565684881022,54.3130040874679,5,it,0,0.19000200000004952,enjoyed,"",#,T,D,T,initial
680.6041423503057,1670.463249861336,2980.7286894554927,3.3123621976393207,3.568072453128217,3.803887934672367,6051.282051282051,0.0005586174322355215,656.2818651655328,0.047,0.3263888888888889,1-0-1090-1,i,UT_003,003,2,fave,240.1636931270813,57.42687926091652,5,think,1,0.11999500000001717,i,the,TH,NG,TH,NG,internal
489.19330635969226,1505.559689198557,2044.5787126308874,3.4848507506202506,3.759987025923007,4.8531101164852375,6589.74358974359,0.0015689593582141439,669.0918721655329,0.027000000000000003,0.32142857142857145,1-0-1117-1,i,UT_003,003,2,fave,203.84911231300563,57.63593170534683,5,really,1,0.05999799999995048,was,good,R,L,R,L,internal
495.31947906603466,1956.6540374220333,2940.8724651957205,3.1916680999676954,3.3285904901328482,3.710897788506216,6410.25641025641,0.00014739668278654884,685.0609715034013,0.035,0.3365384615384616,1-0-1152-0,i,UT_003,003,2,fave,221.40658724508145,55.75193402949997,5,is,0,0.080016999999998,which,"",#,Z,CH,Z,initial
704.4997225165425,2120.6107649252526,3001.2289012306032,3.682159397172499,3.4022188813991097,3.4753559894944153,6410.25641025641,0.00007867602739831099,721.6918305034013,0.035,0.3365384615384616,1-0-1183-0,i,UT_003,003,2,fave,203.8557654013962,54.74934045220322,5,into,0,0.080016999999998,get,those,#,N,T,N,initial
626.4421727669153,1956.4342172811237,2916.790451612678,3.464447135254457,2.931249198407689,3.130715690221521,6410.25641025641,0.000019968261128542515,723.6478468344671,0.027000000000000003,0.32142857142857145,1-0-1190-1,i,UT_003,003,2,fave,331.98841485057807,63.668344649542455,5,this,1,0.05999799999995048,"",is,DH,S,DH,S,internal
465.8443490293415,1964.4926418229084,3028.637371720494,3.8063477899257636,3.1850982784884785,3.681508347335405,6589.74358974359,0.00012068911148771921,723.789861834467,0.031,0.32978723404255317,1-0-1191-0,i,UT_003,003,2,fave,319.7196765616003,60.817320778869856,5,is,0,0.07000700000003235,this,back,#,Z,S,Z,initial
597.2029861863881,1960.8300237147587,2754.958206921419,3.481525428143543,3.5739422390228355,3.8332898981594985,6410.25641025641,0.00006822917011164058,724.8998468344671,0.031,0.32978723404255317,1-0-1197-1,i,UT_003,003,2,fave,199.1833184572401,55.24158443041541,5,big,1,0.07000800000002982,were,i,B,G,B,G,internal
598.0036400384682,2107.5698566874466,3042.9521439754344,3.5503893374757887,3.3584079923427317,3.8633396802310007,6410.25641025641,0.001412177843119407,730.6148631655329,0.040999999999999995,0.33064516129032256,1-0-1218-0,i,UT_003,003,2,fave,233.44592812742886,53.106049068440136,5,it,1,0.09997599999996964,"",had,#,T,"",T,initial
545.8307018213541,2264.075417619539,2980.286555666873,3.3935954120080893,3.4929894249115288,3.9484868448985884,6410.25641025641,0.00004291192454996554,735.661856834467,0.035,0.33653846153846156,1-0-1234-1,i,UT_003,003,2,fave,260.58008572106047,58.04948906786416,5,get,1,0.080016999999998,not,past,G,T,G,T,internal
573.828052427065,2140.1560885359268,3029.366772010465,3.4853770547727234,3.5722251656110116,4.223450506855912,6948.717948717948,0.000028660930067094832,738.6118574965986,0.035,0.3365384615384616,1-0-1242-5,i,UT_003,003,2,fave,238.56760524543984,65.65942814198871,5,started,0,0.07995600000003833,got,and,T,D,T,D,internal
646.2185815032211,2092.1976985369774,3036.625439916233,3.5313687101740165,3.3949263871998565,3.593010456886539,6410.25641025641,0.00023024518446635334,738.8478531655329,0.027000000000000003,0.32142857142857145,1-0-1244-0,i,UT_003,003,2,fave,-543.0580079512686,52.4145831351175,5,it,1,0.05999799999995048,and,took,#,T,D,T,initial
669.473395687365,1816.6624344561435,2883.2657162749233,3.331334864653154,3.169943565671006,3.8033655396868076,6410.25641025641,0.0003539581980643648,740.0028624965986,0.057,0.3275862068965517,1-0-1249-1,i,UT_003,003,2,fave,202.22154868783093,58.357709289114084,5,to,0,0.14996300000007068,long,like,T,#,T,L,final
668.9631925075902,1953.1073146620372,2865.904567281481,2.898943682452957,3.482150979939618,3.661983407733295,6410.25641025641,0.00002122034392254812,749.6381278344671,0.031,0.32978723404255317,1-0-1281-0,i,UT_003,003,2,fave,-1475.0915762955353,45.5498093259419,5,into,0,0.07000799999991614,get,it,#,N,T,N,initial
659.6308186863472,1665.433077070694,2717.8145087585385,2.9247153951187674,3.3071082073830453,3.630034027683768,6410.25641025641,0.0002960958281591721,749.8681598344672,0.051000000000000004,0.3311688311688312,1-0-1282-0,i,UT_003,003,2,fave,86.42316461594136,49.54335847427276,5,it,0,0.13000499999998283,into,"",#,T,Tuw,T,initial
535.4280155188632,1602.7587449980874,2442.822026721512,3.6072192133480057,4.055536703722052,3.8782132108340424,6230.7692307692305,0.00014322681469693309,754.9585768344672,0.027000000000000003,0.32142857142857145,1-0-1289-1,i,UT_003,003,2,fave,317.88927414617075,61.76647876724651,5,wish,1,0.05999799999995048,i,i,W,SH,W,SH,internal
489.59578997196553,2373.1967029562866,2752.281543996814,3.561798003441656,3.7341431517857027,3.9608607539485092,6410.25641025641,0.00008176274874560292,755.5585528344672,0.027000000000000003,0.32142857142857145,1-0-1292-1,i,UT_003,003,2,fave,233.97265005424413,54.86977871801203,5,because,0,0.059996999999953005,knew,"",B,K,B,K,internal
500.89211430224213,2287.007097251501,3000.32110121749,2.8999051598869086,3.6595049602666965,3.779485478867144,6589.74358974359,0.0005393336764588826,756.0675371655329,0.065,0.3350515463917526,1-0-1294-0,i,UT_003,003,2,fave,237.41467288960217,60.83128730037444,5,it,1,0.169983000000002,"",just,#,T,"",T,initial
535.2398209663955,2068.2183440362123,2998.9600584687896,2.4897689920080794,3.832212863145263,3.725438269618948,7128.205128205128,0.000037170149812246835,763.2307634965987,0.040999999999999995,0.33064516129032256,1-0-1323-0,i,UT_003,003,2,fave,251.3581852999246,65.07396827151193,5,is,1,0.09997599999996964,it,because,#,Z,T,Z,initial
621.5135460753974,2118.568280353113,2904.069785573356,3.3006846550795212,3.9432534866765514,3.7576921907980276,6230.7692307692305,0.00008970096285654846,764.4037678344671,0.027000000000000003,0.32142857142857145,1-0-1327-0,i,UT_003,003,2,fave,260.9298778868377,52.286987830066735,5,it's,1,0.05999700000006669,"",like,#,T,"",T,initial
656.2139580320498,1927.163977216567,2918.681723495957,3.811206907296813,4.379855757259343,4.091143694735253,6230.7692307692305,0.000011868594432302742,767.4827351723357,0.025,0.33783783783783783,1-0-1339-0,i,UT_003,003,2,fave,189.7770677556904,49.37836381468533,5,into,0,0.050049000000058186,get,it,#,N,T,N,initial
630.6507475063299,1735.6679938168327,2766.6799594000863,2.942536606592399,3.56246583424811,3.8862930366674133,6410.25641025641,0.00001290074288937918,767.7137648344672,0.027000000000000003,0.32142857142857145,1-0-1340-0,i,UT_003,003,2,fave,202.91674379645465,60.39633850522858,5,it,0,0.05999799999995048,into,"",#,T,@,T,initial
571.0206343225129,1973.287479333284,3159.4530844778265,3.6489837561975476,3.652669682073566,3.8940848898949847,6410.25641025641,0.000022157765529323747,769.6737201655329,0.027000000000000003,0.32142857142857145,1-0-1350-0,i,UT_003,003,2,fave,195.0539647333143,52.40672770509327,5,into,0,0.05999799999995048,get,that,#,N,T,N,initial
506.1357609311268,2004.9342105898838,2904.607783029272,2.8255793697017864,3.3598975939616635,3.8480208930818187,6589.74358974359,8.888658168792816e-6,773.0257628344671,0.031,0.32978723404255317,1-0-1362-0,i,UT_003,003,2,fave,228.4834223288101,61.93102374001171,5,it,1,0.07000700000003235,"",took,#,T,"",T,initial
637.4457508689646,1893.0207204696942,2776.5505523109982,3.1893896436423503,3.5603652565196278,4.318614753887968,6410.25641025641,0.00017091006318577928,782.9227315034013,0.025,0.33783783783783783,1-0-1399-0,i,UT_003,003,2,fave,832.5734931014797,57.476082958288856,5,it,1,0.0500489999999445,turn,back,#,T,N,T,initial
676.7049706496464,1996.9797612602779,2969.9778965925702,3.6609349053140057,3.438489469912896,3.7921989266320635,6410.25641025641,9.122224885873338e-6,783.9037678344671,0.027000000000000003,0.32142857142857145,1-0-1404-1,i,UT_003,003,2,fave,196.54442067156077,57.89229401122972,5,minute,1,0.05999700000006669,another,and,M,N,M,N,internal
438.4599076394114,1866.2537098458495,2800.5538105219534,3.3333728414653745,3.887947366111206,4.478498632127581,6410.25641025641,0.007242610805057297,785.1097655034014,0.07899999999999999,0.3376068376068376,1-0-1407-0,i,UT_003,003,2,fave,157.13815729101717,49.70888266081732,5,it,0,0.21002199999998084,"",just,#,T,"",T,initial
426.50633696240016,1781.1581690514001,2990.546738367301,2.7557532814974723,3.9171284074149293,4.359116008554224,6589.74358974359,0.00010961944520137369,785.3937521655329,0.027000000000000003,0.32142857142857145,1-0-1408-1,i,UT_003,003,2,fave,216.21942678364135,52.44295592959384,5,just,0,0.05999700000006669,it,couldn't,JH,S,JH,S,internal
398.12958436688956,1951.712266656099,2904.181368603972,4.15367413228911,3.4662546109286687,3.689814245300954,6051.282051282051,0.00003305284405755099,800.4241411723357,0.025,0.33783783783783783,1-0-1436-1,i,UT_003,003,2,fave,189.37878049861231,49.75995621678829,5,decide,2,0.0500489999999445,i,if,D,S,D,S,internal
603.1714456315824,2030.1709397389993,2997.095357536313,3.503483477372049,3.9292229191012344,4.3275209893691065,6410.25641025641,0.00005248371960601366,800.8151448344671,0.027000000000000003,0.32142857142857145,1-0-1437-0,i,UT_003,003,2,fave,198.8742459780359,50.15911525275763,5,if,0,0.05999700000006669,decide,i,#,F,D,F,initial
635.7420945602059,2080.4347854570983,2945.922957859993,3.150628923701013,3.741190094840699,3.5863667145977645,6410.25641025641,0.000653276960210974,829.2677554965986,0.057,0.3275862068965517,1-0-1472-1,i,UT_003,003,2,fave,251.3943501343405,59.659864252251005,5,been,1,0.149962999999957,has,15,B,N,B,N,internal
767.3627456565288,2177.637429577366,3008.380286177278,3.4798599339798857,3.8608083132943305,3.8182712630269524,6589.74358974359,0.02137523305879023,832.1377475034013,0.097,0.3299319727891156,1-0-1480-0,i,UT_003,003,2,fave,359.501389859896,60.88903446273878,5,it,1,0.270020000000045,read,"",#,T,D,T,initial
611.8723184824403,2289.594480285709,3062.7351587480234,3.520184656438764,3.773134153183635,3.8489271428980194,6589.74358974359,0.004380802252914405,852.1888594965986,0.085,0.3346456692913386,1-0-1513-0,i,UT_003,003,2,fave,314.5151864772459,47.04849176285964,5,it,1,0.22998099999995247,"","",#,T,"",T,initial
650.1225294619319,2082.945178129579,2978.9336000944963,3.024163675356261,3.834326375340307,4.258812601444795,6410.25641025641,0.000568990778768453,857.406855165533,0.040999999999999995,0.33064516129032256,1-0-1517-0,i,UT_003,003,2,fave,-0.5090549932242988,49.662723818876664,5,it,1,0.09997599999996964,"",probably,#,T,"",T,initial
709.1256061829095,2291.5942550280274,3025.5981424468646,3.5143595113406856,3.470032566173936,3.6261247993169747,6410.25641025641,8.705214727702479e-6,861.2698511655329,0.027000000000000003,0.32142857142857145,1-0-1532-0,i,UT_003,003,2,fave,186.66595067659316,50.369073107340405,5,into,0,0.059996999999953005,me,reading,#,N,iyF,N,initial
533.2251447429439,2470.7180181514605,2906.1105326404677,3.526756673200863,3.998194444520837,4.228124686709007,6410.25641025641,0.0005915592597723633,861.7988701655329,0.045,0.3358208955223881,1-0-1533-3,i,UT_003,003,2,fave,6228060.764189123,43.40661924791268,5,reading,0,0.10998500000005151,into,"",D,NG,D,NG,internal
488.6513114312425,2126.163715030274,3047.181733270399,2.6453047509474796,3.349145075848797,3.656405266987091,6769.2307692307695,5.590219342321016e-6,862.1898388344672,0.027000000000000003,0.32142857142857145,1-0-1536-1,i,UT_003,003,2,fave,239.43292969940805,63.38606110261914,5,did,1,0.05999799999995048,i,not,D,D,D,D,internal
543.1257199595323,2317.2874177845474,3040.326444469141,3.8804987461530476,3.9076726617919664,4.074510601923745,6410.25641025641,0.00020191367204766512,862.9098651655329,0.027000000000000003,0.32142857142857145,1-0-1539-3,i,UT_003,003,2,fave,182.01868055149612,52.137035647083366,5,reading,0,0.05999799999995048,like,"",D,NG,D,NG,internal
618.2832834796479,1595.685223680984,2920.999247351616,3.9187211821101116,4.143148859633147,4.479818741993086,6769.2307692307695,0.006300479221402394,872.625052834467,0.035,0.3365384615384616,1-0-1581-7,i,UT_003,003,2,fave,1239.2858904559553,48.14749036546505,5,nostalgic,0,0.080016999999998,very,to,JH,K,JH,K,internal
560.5572577681984,2152.298320640764,2893.927057575699,3.3436917870890204,3.8155020043810777,4.001443926168303,6410.25641025641,0.00014644445261667122,874.5110668344671,0.027000000000000003,0.32142857142857145,1-0-1589-1,i,UT_003,003,2,fave,88.83203593270285,50.85488086355324,5,get,1,0.05999800000006417,don't,"",G,T,G,T,internal
613.190115365748,2129.041854469192,2879.028040281541,3.443913130740453,3.8101831167884574,3.8315926235936244,6230.7692307692305,0.0015766537156470333,901.3579521655329,0.045,0.3358208955223881,1-0-1600-0,i,UT_003,003,2,fave,282.0269322641105,62.83802168411842,5,it's,1,0.10998500000005151,"",been,#,T,"",T,initial
648.4000665232597,2174.7431856690887,2591.2625300602776,3.2029407068854967,4.285405688052952,4.040965130390232,6589.74358974359,0.00042559736317190254,901.6489358344671,0.047,0.3263888888888889,1-0-1601-1,i,UT_003,003,2,fave,343.12890544076095,68.64692202900889,5,been,1,0.11999500000001717,it's,"",B,N,B,N,internal
548.3130168824398,2350.4820679994955,2943.735387457934,3.406929876241332,3.520826730354226,4.13463339743898,6589.74358974359,0.0015757887444329296,903.0579641655329,0.045,0.3358208955223881,1-0-1605-0,i,UT_003,003,2,fave,236.27905524250087,57.34431466655936,5,interesting,1,0.10998600000004899,"","",#,N,"",N,initial
511.7890105563702,2367.802656883801,3088.5335740289665,3.608397516343352,3.9400572424048783,3.773642213165796,6410.25641025641,0.0026530086943518647,903.5729698344671,0.075,0.33482142857142855,1-0-1605-7,i,UT_003,003,2,fave,172.22170346360588,46.93193641528583,5,interesting,0,0.20001200000001518,"","",T,NG,T,NG,internal
459.7236410378269,2263.6579773634994,2914.2363513078635,3.5215699004651286,3.711536247861968,4.41916533159527,6410.25641025641,0.0009482432538191238,905.2929665034013,0.035,0.3365384615384616,1-0-1610-1,i,UT_003,003,2,fave,222.11045606679482,55.91845273039498,5,because,0,0.080016999999998,"","",B,K,B,K,internal
464.82521741905447,1451.1561533076735,2633.5878991355567,3.678285857884009,4.259387135127962,4.745760396337932,6410.25641025641,0.001165275299684924,909.9889671655329,0.027000000000000003,0.32142857142857145,1-0-1630-1,i,UT_003,003,2,fave,215.82550191545644,56.434689679537,5,with,0,0.059996999999953005,play,the,W,TH,W,TH,internal
497.82437549759686,2152.4277377953504,2887.1446959752234,2.7096180944492123,3.6246295855995116,3.9172532220925596,6410.25641025641,0.0009053150542671175,913.6770564965987,0.057,0.3275862068965517,1-0-1645-0,i,UT_003,003,2,fave,483.275667126842,52.427491191573395,5,it,1,0.14996399999995447,"",kind,#,T,"",T,initial
697.5502952414921,2223.357756534526,2814.4155834882727,3.007965752844769,3.5062259960842255,3.8715669565803705,6410.25641025641,0.000025427968897117464,917.3620751655329,0.027000000000000003,0.32142857142857145,1-0-1664-1,i,UT_003,003,2,fave,332.30551847090896,56.15123689450451,5,think,1,0.059996999999953005,i,i,TH,NG,TH,NG,internal
647.6509450920513,1841.1781248297805,2656.0788941031064,3.5989588130000567,3.481193194715432,4.072651662837725,6589.74358974359,0.000010424051724597106,921.1810325034013,0.025,0.33783783783783783,1-0-1681-1,i,UT_003,003,2,fave,317.73113258446887,60.14740857633255,5,kinda,1,0.050049000000058186,"",like,K,N,K,N,internal
535.1816234107074,2229.6228000946235,2969.3105171099105,4.04574735943381,3.8018469045920757,3.460813303536506,6410.25641025641,7.4372410745167e-6,936.9512355034013,0.025,0.33783783783783783,1-0-1744-3,i,UT_003,003,2,fave,269.83579881660654,60.171912058182805,5,giving,0,0.050047999999947024,grandma's,you,V,NG,V,NG,internal
591.5758074681113,1876.0175753405367,2806.70682181427,3.1046193394782904,3.4230982371504473,3.5066866163979276,6230.7692307692305,0.00185627997395233,937.434246165533,0.07100000000000001,0.33177570093457953,1-0-1746-3,i,UT_003,003,2,fave,210.1701693676405,49.95119279148048,5,roses,0,0.19000199999993583,you,"",Z,Z,Z,Z,internal
601.204695226236,1820.0704731555945,3022.3541667069853,3.468078518164889,3.6443309402933974,3.8688473426785275,6410.25641025641,0.0009736952513654306,941.0642658344672,0.051000000000000004,0.3311688311688312,1-0-1756-3,i,UT_003,003,2,fave,-19422.402513759604,39.700167577476456,5,roses,0,0.13000499999998283,you,and,Z,Z,Z,Z,internal
629.0441500988604,2035.1797690239275,2806.8629232478775,3.091618793494178,4.057631376957836,4.006458639620288,6410.25641025641,0.000011947719498714278,946.1822708344671,0.027000000000000003,0.32142857142857145,1-0-1782-4,i,UT_003,003,2,fave,257.52115516289047,58.05630605965063,5,driving,0,0.05999800000006417,were,over,V,NG,V,NG,internal
636.2358172235889,2031.5141696465864,3012.619998413973,3.5402430987386464,3.657475602473536,3.846569067284803,6410.25641025641,0.00046959991801865026,949.0662588276645,0.035,0.33653846153846156,1-0-1794-0,i,UT_003,003,2,fave,102.58408387544534,48.544119358474305,5,in,0,0.07995599999992464,one,her,#,N,N,N,initial
644.9146084170393,1977.8735284821526,2969.4425609379314,3.1925363143758276,3.2471942363244373,3.827815850390192,6589.74358974359,0.00011459545204486649,953.3099278344671,0.035,0.33653846153846156,1-0-1815-0,i,UT_003,003,2,fave,186.53301945997953,57.14020832399671,5,it,0,0.080016999999998,then,just,#,T,N,T,initial
616.8631065898292,2169.494323396928,2854.2581860307464,3.3180066590996073,3.2277321361769835,3.0289640753046476,6410.25641025641,0.000052780036309346635,961.677922834467,0.031,0.32978723404255317,1-0-1855-1,i,UT_003,003,2,fave,321.56003430537015,61.28019257419097,5,fixed,1,0.07000800000002982,you,some,F,K,F,K,internal
524.7678270111686,2073.91141743967,2916.63474758864,3.7269908981653512,3.1590623098221338,3.1788774483190196,6589.74358974359,0.0000864101542246259,962.2159618344672,0.027000000000000003,0.32142857142857145,1-0-1859-1,i,UT_003,003,2,fave,302.5085786689251,61.69247954836283,5,did,1,0.05999799999995048,you,something,D,D,D,D,internal
599.4194157964808,2042.5133703517274,2877.508015223247,3.61056696462576,3.8951419842641015,4.30959168389027,6230.7692307692305,0.00016041133702931283,966.1749341723356,0.025,0.33783783783783783,1-0-1882-1,i,UT_003,003,2,fave,263.9198714735607,53.71832440835164,5,fixed,1,0.050049000000058186,i,my,F,K,F,K,internal
583.6107758823139,1653.5157023026873,2842.2165284930124,3.965189869199729,3.6609422163684644,3.8376478428854273,5871.794871794871,0.00008367805145217362,970.2259661655329,0.027000000000000003,0.32142857142857145,1-0-1899-2,i,UT_003,003,2,fave,269.2766540054728,58.48584257553676,5,showing,0,0.05999799999995048,grandpa's,me,ow,NG,ow,NG,internal
603.0416995947146,2125.5553714637645,2964.1752886704653,2.896220286454306,3.821320812008322,3.967644879524965,6589.74358974359,0.0009643592774011602,972.3249321655329,0.045,0.3358208955223881,1-0-1907-1,i,UT_003,003,2,fave,298.96684972928745,56.998019139802985,5,fixed,1,0.10998499999993783,it,"",F,K,F,K,internal
792.803426207311,2293.0202790527296,3095.2453598347906,3.3757560187323885,3.8262348171930407,4.117397990195133,6589.74358974359,0.003613050361587257,974.4199548344671,0.075,0.33482142857142855,1-0-1915-1,i,UT_003,003,2,fave,332.3409428905646,62.91859011875721,5,did,1,0.20001200000001518,i,it,D,D,D,D,internal
745.3404413204314,1817.9361983935862,3003.740976069773,3.11942935317396,3.380957203718507,3.7466062220811196,6410.25641025641,0.00019960530279225795,974.7999684965987,0.035,0.33653846153846156,1-0-1916-0,i,UT_003,003,2,fave,329.1813650647355,60.47527620597441,5,it,1,0.07995599999992464,did,was,#,T,D,T,initial
544.2466286162289,2101.6265131092778,2850.506126274941,3.220862939134161,3.342029887469528,3.6768551037941206,6410.25641025641,0.0002615705806168508,975.9979308344671,0.031,0.32978723404255317,1-0-1922-1,i,UT_003,003,2,fave,270.2259840784415,60.68302692914035,5,get,1,0.07000700000003235,to,service,G,T,G,T,internal
573.5065165045986,2426.7619064940086,2946.168447829697,3.191043643759804,4.263611844743235,3.8507542042288216,6410.25641025641,0.00020695105000809286,977.7829541655329,0.040999999999999995,0.33064516129032256,1-0-1929-4,i,UT_003,003,2,fave,230.9339167885505,57.06905749894725,5,cleaning,0,0.09997599999996964,routine,or,N,NG,N,NG,internal
600.1370145316688,2047.6710136678219,2511.595151848984,3.91970630497797,3.711339462911127,4.585529058071521,6230.7692307692305,0.007861966423393672,985.5886644965987,0.035,0.33653846153846156,1-0-1968-0,i,UT_003,003,2,fave,191.6300144414459,49.27604087452098,5,in,0,0.07995600000003833,together,like,#,N,*hr,N,initial
598.6154319668693,1861.48563079545,2922.9013199850115,3.6821512379531542,3.0072862165809258,3.6303227267251432,6410.25641025641,0.00004916247381533394,991.7566588344671,0.031,0.32978723404255317,1-0-1994-1,i,UT_003,003,2,fave,208.80599897664572,60.39773931743597,5,business,1,0.07000700000003235,the,not,B,Z,B,Z,internal
495.6365766215792,2237.846740508953,2961.0701202597206,2.810934055894671,3.6228246648305404,3.6238822565828195,6410.25641025641,0.00022726725981193525,996.6816375034015,0.061000000000000006,0.33152173913043487,1-0-2014-2,i,UT_003,003,2,fave,236.93881464902933,64.22820990926046,5,doing,0,0.160033999999996,"","",Tuw,NG,Tuw,NG,internal
526.9664981742534,1848.1535073124446,2744.4411585970875,3.6447327560910794,3.7322922950310824,3.738130585733402,6769.2307692307695,0.00006238818311668088,997.7986368344671,0.035,0.3365384615384616,1-0-2016-2,i,UT_003,003,2,fave,286.7019939565216,61.44312773118767,5,doing,0,0.080016999999998,"",readings,Tuw,NG,Tuw,NG,internal
462.56229946390636,2484.842906338762,2912.078339757394,2.6593068379130687,3.6135046879969512,4.098072932120858,6589.74358974359,0.00024367928243937157,998.1636771655329,0.045,0.3358208955223881,1-0-2017-3,i,UT_003,003,2,fave,229.85060063011807,59.341934372057885,5,readings,0,0.1099859999999353,doing,just,D,NG,D,NG,internal
445.8746252206774,1960.2732339969718,3084.9924046114525,2.638549239148566,3.337196612222332,3.6857816479648458,6410.25641025641,5.776606130685684e-6,998.5646501655328,0.027000000000000003,0.32142857142857145,1-0-2018-1,i,UT_003,003,2,fave,215.43384537917544,61.2180260414159,5,just,0,0.05999800000006417,readings,"",JH,S,JH,S,internal
533.2727063541761,2069.238092071963,2928.1915612809066,2.6775103743870954,3.282092420209678,3.7357735867785733,6589.74358974359,0.0013993223716721854,998.8146411655329,0.047,0.3263888888888889,1-0-2020-0,i,UT_003,003,2,fave,323.799178496126,61.686908100864315,5,it's,1,0.11999500000001717,"","",#,T,"",T,initial
499.8564047993575,1958.1733818638215,2964.885477193275,2.700741230917552,3.7555111196643205,3.82160980514227,6589.74358974359,0.00021997753817323972,1001.5636411655329,0.045,0.3358208955223881,1-0-2024-0,i,UT_003,003,2,fave,237.96222634652682,64.47354118722556,5,it,1,0.10998500000005151,"",just,#,#,"",JH,coextensive
444.2697822048243,1929.0085439159086,3026.1085322986623,3.935481807661506,3.6719300119167957,3.6823181938274496,6230.7692307692305,0.00017303062927525583,1001.7346331655328,0.027000000000000003,0.32142857142857145,1-0-2025-1,i,UT_003,003,2,fave,283.17399943809767,61.960808925846706,5,just,0,0.05999800000006417,it,f,JH,S,JH,S,internal
649.4165594133602,2098.878282531036,2931.4364252022983,3.3403136819182615,3.7319038007943237,3.808849792222847,6410.25641025641,6.194540074258277e-6,1008.5447531655329,0.027000000000000003,0.32142857142857145,1-0-2051-1,i,UT_003,003,2,fave,268.28457997211217,59.07360443131572,5,things,1,0.059996999999953005,about,that,TH,NG,TH,NG,internal
462.94871162135115,1844.451549428369,2775.6413190099847,2.9484752330467905,3.488263380454611,4.006951759204593,6410.25641025641,0.00004913786951522818,1010.1547438344671,0.027000000000000003,0.32142857142857145,1-0-2058-1,i,UT_003,003,2,fave,225.93970212326872,59.455288080714055,5,just,0,0.05999800000006417,are,"",JH,S,JH,S,internal
614.9370900311899,2428.610873982845,2909.526492090494,3.4026199740478384,3.996563848349333,3.75994836651748,6410.25641025641,0.00002637571052282438,1010.7947531655329,0.027000000000000003,0.32142857142857145,1-0-2060-2,i,UT_003,003,2,fave,213.90980522535762,58.20195588133773,5,weighing,0,0.059996999999953005,"",them,ey,NG,ey,NG,internal
573.5883743564309,2364.318987246238,3073.302928943171,3.594070575543273,3.8133315954249043,4.081099108976365,6410.25641025641,0.00009664161484808485,1014.8447411655329,0.027000000000000003,0.32142857142857145,1-0-2074-3,i,UT_003,003,2,fave,204.86545219729143,52.351565469360324,5,readings,0,0.059996999999953005,guidance,as,D,NG,D,NG,internal
440.20018890980805,2409.5178583084103,3082.403166694712,3.0726495851821043,3.709473209974235,4.0730174204175515,6589.74358974359,0.0002365650393376476,1020.4087495034013,0.035,0.3365384615384616,1-0-2105-1,i,UT_003,003,2,fave,205.16725359051784,54.88330262680037,5,get,1,0.080016999999998,we,you,G,T,G,T,internal
623.2847361680726,1676.9194735625185,3080.5853215428915,3.3685913805533607,3.6304988320040286,3.921096869926145,6230.7692307692305,0.00018493149204036423,1023.3817644965987,0.040999999999999995,0.33064516129032256,1-0-2116-3,i,UT_003,003,2,fave,215.68824391771327,58.27615071340654,5,healing,0,0.09997599999996964,of,in,L,NG,L,NG,internal
699.9522050592932,2279.316715681937,3058.98462798109,3.4062375995024397,3.568064703429439,3.738984970793487,6410.25641025641,0.0002460650405638808,1023.5467431655329,0.051000000000000004,0.3311688311688312,1-0-2117-0,i,UT_003,003,2,fave,194.77885112787362,50.79559644147488,5,in,0,0.13000499999998283,healing,"",#,N,NG,N,initial
607.5607922819083,2286.52517958666,3131.6611358653163,3.3796286035975305,3.8500289549261204,3.6381517955481724,6410.25641025641,0.0002064380571082935,1023.931758165533,0.040999999999999995,0.33064516129032256,1-0-2119-0,i,UT_003,003,2,fave,217.76034095039807,53.54078645449838,5,in,0,0.09997499999997217,"",that,#,N,"",N,initial
573.4617655522209,1938.7169383685218,2879.4131576400005,3.251943148233939,3.542564718469493,3.8438000560172667,6589.74358974359,0.00015713637142615963,1024.776729834467,0.051000000000000004,0.3311688311688312,1-0-2123-0,i,UT_003,003,2,fave,172.93638922968867,49.604679449779596,5,in,0,0.13000400000009904,and,"",#,N,D,N,initial
606.653724056589,1572.2725251127747,2746.985100861657,3.2243873866125146,3.748647394506726,3.6600051628755015,6410.25641025641,0.00007665779152299325,1042.9556358412697,0.035,0.3365384615384616,1-0-2194-0,i,UT_003,003,2,fave,248.66497986957867,62.233736119400994,5,it,0,0.08007799999995768,to,but,#,T,Tuw,T,initial
643.9005394410157,1874.6422733105044,2881.355517406806,2.782241726627407,3.6523444393254456,3.906610889874294,6230.7692307692305,0.0005330763889971206,1046.0456708276645,0.075,0.3348214285714286,1-0-2208-6,i,UT_003,003,2,fave,255.50219613801565,58.07053685371035,5,specific,0,0.19995099999982813,more,and,F,K,F,K,internal
531.9576424481756,1366.0559243154864,2965.353561201396,3.2266874595961985,3.5271317855233475,4.155144379630321,6230.7692307692305,8.09813042846244e-6,1048.5806351723354,0.025,0.33783783783783783,1-0-2216-0,i,UT_003,003,2,fave,272.83761400152065,48.47535320978554,5,it's,0,0.0500489999999445,well,"",#,T,L,T,initial
642.7123120006593,2060.1543088985936,3033.8010856112887,3.320879011454761,3.439698753448503,3.3144201866621747,6410.25641025641,0.0011631686620653613,1052.7666464965985,0.07700000000000001,0.3290598290598291,1-0-2232-0,i,UT_003,003,2,fave,208.78470645769627,48.383538315459624,5,is,0,0.20996100000002116,that,and,#,Z,T,Z,initial
592.7070835579875,1950.6849051770557,2914.1408105620185,3.0694025906353453,3.8084073525607756,4.1805725244472765,6410.25641025641,0.0005658257603839558,1055.5976365102042,0.07899999999999999,0.3376068376068376,1-0-2246-1,i,UT_003,003,2,fave,189.70526448403092,52.1871498575528,5,bit,1,0.2100829999999405,little,and,B,T,B,T,internal
744.4944012445478,1799.1595064225912,3030.08009742468,3.180090234464116,3.231548323655121,3.6224610934004353,6410.25641025641,0.0001485614775075863,1056.721623165533,0.047,0.3263888888888889,1-0-2250-0,i,UT_003,003,2,fave,185.2164743334537,48.76030148484632,5,it's,0,0.11999500000001717,and,just,#,T,D,T,initial
479.6500409897602,1857.9607863307933,2999.899231961361,3.820289907996026,3.600895134534651,3.498729582312045,6230.7692307692305,0.00153228732418982,1057.0116608276642,0.027000000000000003,0.32142857142857145,1-0-2251-1,i,UT_003,003,2,fave,206.17638884049617,49.53575352778997,5,just,0,0.059936000000107015,it's,like,JH,S,JH,S,internal
603.8003182419744,1271.2038698459944,2725.30925006013,3.2160431075972618,3.5880103862739694,3.658981348904827,6410.25641025641,0.0004949195042335017,1060.57163084127,0.027000000000000003,0.32142857142857145,1-0-2265-1,i,UT_003,003,2,fave,211.56843729336455,58.90821780137817,5,before,0,0.060058999999910156,met,"",B,F,B,F,internal
502.43692910154766,1219.6992172810694,2708.223611694386,2.8366701448401885,3.522393150952578,3.6976562261536614,6410.25641025641,0.00014279833502739675,1062.2443551723356,0.027000000000000003,0.32142857142857145,1-0-2268-0,i,UT_003,003,2,fave,470.7964061592979,50.92722869332189,5,it's,0,0.06005800000002637,so,like,#,T,owF,T,initial
614.7208944011145,1865.1281302453745,2977.567421915657,3.2650407169460833,3.292423697179835,3.8756663498783737,6230.7692307692305,0.0016865439955974714,1065.4163508276645,0.07100000000000001,0.3317757009345795,1-0-2281-1,i,UT_003,003,2,fave,201.774559481999,55.775618298469695,5,this,0,0.18994199999997363,of,stuff,DH,S,DH,S,internal
594.8390766548362,1525.0749985037912,2745.156151906732,3.4091635504023254,3.4488746723106676,3.848377337345593,6410.25641025641,0.00006004951278565947,1067.91436515873,0.027000000000000003,0.32142857142857145,1-0-2288-1,i,UT_003,003,2,fave,245.05452556380348,62.90913224393746,5,with,0,0.059936000000107015,even,like,W,TH,W,TH,internal
478.0823969092457,2104.4531651804205,2951.1056901994934,3.4266742847476457,3.21267683779918,3.660950928883241,6410.25641025641,0.00014115076156451687,1072.4843451723357,0.027000000000000003,0.32142857142857145,1-0-2310-1,i,UT_003,003,2,fave,201.65231488189502,57.255410492587046,5,did,0,0.060058999999910156,she,this,D,D,D,D,internal
607.2525154427011,1959.1593770420093,2984.1332056384645,3.5886949060496303,3.134312610577071,3.4798312135593066,6410.25641025641,0.0008690511250993139,1072.6593664965985,0.037000000000000005,0.324561403508772,1-0-2311-1,i,UT_003,003,2,fave,201.53730073007284,53.177160956621705,5,this,1,0.08996600000000399,did,or,DH,S,DH,S,internal
573.4997467649853,1878.456869491169,3035.1056045618325,3.0624309974696104,3.6180475686078255,3.931880186750799,6230.7692307692305,0.000049143030165993307,1073.5763111723356,0.031,0.32978723404255317,1-0-2315-2,i,UT_003,003,2,fave,231.1506403164298,64.33460623786996,5,still,1,0.07006799999999203,but,i'm,T,L,T,L,internal
613.133904785531,1446.6161465113562,2798.2033342417835,2.6234726373201394,3.211733427594106,3.9419926951444193,6410.25641025641,6.794242327919855e-6,1075.8533401723355,0.025,0.33783783783783783,1-0-2323-0,i,UT_003,003,2,fave,545.2558014789523,61.34900493659758,5,it,0,0.0500489999999445,so,feels,#,T,owF,T,initial
625.4542687656847,1337.8910268415002,2654.592706664707,3.1558642171495968,3.3058411272166452,4.261364502423241,6410.25641025641,0.00017355435091686945,1076.6243601723356,0.027000000000000003,0.32142857142857145,1-0-2328-0,i,UT_003,003,2,fave,NaN,53.875243723819565,5,it,0,0.06005800000002637,know,feels,#,T,owF,T,initial
597.5966060497134,1793.4847249434024,2930.6650682260415,3.1330074327413033,3.517649671884397,4.007012380564195,6230.7692307692305,6.020609468966066e-6,1076.9933495034015,0.025,0.33783783783783783,1-0-2330-1,i,UT_003,003,2,fave,194.44834205959,58.24650953424525,5,different,1,0.0500489999999445,feels,when,D,F,D,F,internal
580.1653059148375,2295.03848184557,3082.4678498281182,3.626734355166118,3.6237558770240152,4.2814634229876365,6230.7692307692305,0.000763250934469012,1092.768916834467,0.051000000000000004,0.3311688311688312,1-0-2365-5,i,UT_003,003,2,fave,333.814221883885,59.30029439476433,5,started,0,0.13000499999998283,i,with,T,D,T,D,internal
568.4139292562783,1967.3594863391188,2794.55403171563,3.3637405682372723,3.803467282762818,3.821658964987649,6410.25641025641,0.0006629816016013736,1093.126896165533,0.047,0.3263888888888889,1-0-2366-1,i,UT_003,003,2,fave,272.61870637629823,60.62230451052699,5,with,1,0.11999599999990096,started,tarot,W,TH,W,TH,internal
726.772660532268,1981.3249810769614,2889.1352355650224,3.4158471137826294,3.973198564484886,4.058946416476118,6230.7692307692305,0.0001090019902051237,1094.3809288412697,0.035,0.3365384615384616,1-0-2370-1,i,UT_003,003,2,fave,251.57908826539247,60.06593487929888,5,kinda,1,0.08007799999995768,i've,grown,K,N,K,N,internal
561.0713967832886,2047.648547620114,3065.375675817642,3.3264014319056963,3.095139995548967,3.667524799462422,6948.717948717948,5.5991866400500736e-6,1097.0669588276642,0.027000000000000003,0.32142857142857145,1-0-2382-0,i,UT_003,003,2,fave,194.1733022973327,56.03743380467226,5,it's,1,0.059936000000107015,but,more,#,T,T,T,initial
709.564093302852,2016.854535784452,3086.248998991454,3.4244496074167348,3.4393777131164325,4.050958043983624,6410.25641025641,0.00003694124745413194,1097.6309288412697,0.035,0.3365384615384616,1-0-2386-0,i,UT_003,003,2,fave,190.83524397463592,52.81969715861109,5,intuitive,0,0.08007799999995768,an,read,#,N,N,N,initial
489.1732990653716,2041.5931760193648,2925.27969097437,2.1175472718874544,3.770927762705703,4.495891132223353,6589.74358974359,0.000053138130294135194,1098.0589544965985,0.031,0.32978723404255317,1-0-2386-6,i,UT_003,003,2,fave,239.68188974221482,61.48954280925717,5,intuitive,0,0.06994600000007267,an,read,T,V,T,V,internal
514.5349833040968,1939.2656165383464,2927.2575708714253,3.073667843321501,3.3476872895790666,3.50628263039853,6410.25641025641,0.0012426154520013646,1098.565960165533,0.045,0.3358208955223881,1-0-2388-0,i,UT_003,003,2,fave,191.87883198376568,52.78632127687008,5,instead,0,0.10998500000005151,read,of,#,N,D,N,initial
603.3917526985063,2035.040088413371,2932.7802547432707,3.236547921888989,3.4751482145301305,3.7828395411626223,6410.25641025641,0.00011222919350855178,1100.3819018344673,0.057,0.32758620689655177,1-0-2394-1,i,UT_003,003,2,fave,190.910448868436,58.211827346791154,5,this,0,0.15002499999991414,means,"",DH,S,DH,S,internal
440.21223320263823,1975.086054156431,2883.1170793707447,3.554577457025119,3.4200377870864886,3.9019581642819623,6410.25641025641,0.00005252457594811284,1102.1169131723357,0.027000000000000003,0.32142857142857145,1-0-2397-1,i,UT_003,003,2,fave,195.9897951283944,57.448891984226606,5,just,0,0.060058999999910156,i,kind,JH,S,JH,S,internal
517.6305845932482,2667.714553097261,3304.1305974832208,3.3818039485949623,3.8107746090869443,4.022777011301383,6230.7692307692305,0.00006103196594803799,1103.7189828276641,0.031,0.32978723404255317,1-0-2403-0,i,UT_003,003,2,fave,199.63706401625743,56.37945726375173,5,imagery,1,0.06994600000007267,the,and,#,M,iyF,M,initial
722.9919082908715,2133.2372500770734,2971.4584347300615,3.4087025949075764,3.8601838091514855,3.703200531401316,6410.25641025641,6.981724918917587e-6,1108.3759231723354,0.025,0.33783783783783783,1-0-2424-4,i,UT_003,003,2,fave,263.8132010608647,57.92618263835415,5,technically,0,0.0500489999999445,could,use,N,K,N,K,internal
675.2873242420487,2413.671051365472,3092.246513080325,3.202741543062941,4.243275256234609,3.61236828015338,6410.25641025641,5.02669883901525e-6,1110.2359091723354,0.025,0.33783783783783783,1-0-2433-3,i,UT_003,003,2,fave,173.47635417017383,45.0666144924304,5,playing,0,0.05004800000006071,of,cards,ey,NG,ey,NG,internal
628.8258319484933,2386.9374157433845,3099.975891935887,3.5091989163092197,4.084020105031856,4.63983046059292,6769.2307692307695,0.00036158673610427644,1111.5589544965985,0.031,0.32978723404255317,1-0-2440-3,i,UT_003,003,2,fave,206.84419206716393,47.13550575404662,5,reading,0,0.06994600000007267,"","",D,NG,D,NG,internal
531.1741284187232,1867.399674350189,2996.491251550053,2.9761855859736386,3.6165766496561793,3.540931100704799,6410.25641025641,9.955217478774308e-6,1116.45696715873,0.027000000000000003,0.32142857142857145,1-0-2457-0,i,UT_003,003,2,fave,230.8896446745233,57.82298068652983,5,is,1,0.0599369999999908,medium,what,#,Z,M,Z,initial
631.6964463608539,1756.7190614084782,2907.0976263041775,3.1309973672725175,3.6918803383842587,3.663491560145753,6230.7692307692305,0.0005467838191268261,1117.1489161655327,0.051000000000000004,0.3311688311688312,1-0-2461-0,i,UT_003,003,2,fave,185.2691471513531,50.990903258931745,5,it,0,0.13000499999998283,call,"",#,T,L,T,initial
543.2479818576031,1991.802767532311,2334.532600343153,3.053624833325098,3.691394419363227,4.117553238415236,6769.2307692307695,0.002211751383177089,1122.4233551587301,0.065,0.3350515463917526,1-0-2482-0,i,UT_003,003,2,fave,194.0609341919699,57.374407073609085,5,is,1,0.16992200000004232,there,an,#,Z,R,Z,initial
572.5760058245482,1973.796994464698,2716.199179857052,3.5364805248286664,3.8245902382265076,4.357695366452194,6589.74358974359,0.00008610120921921766,1123.0543848276643,0.027000000000000003,0.32142857142857145,1-0-2485-3,i,UT_003,003,2,fave,247.79919169731872,57.72878492345008,5,artistry,0,0.0599369999999908,"","",T,S,T,S,internal
638.3172058275973,2469.5870523746144,3039.8029007741916,3.0704278737446478,3.9311880991175054,3.677134781725953,6410.25641025641,0.000028966570766368878,1124.8793374965985,0.037000000000000005,0.324561403508772,1-0-2489-3,i,UT_003,003,2,fave,284.52877884896367,56.15377342665566,5,readings,0,0.08996600000000399,tarot,"",D,NG,D,NG,internal
428.3218313752534,2474.3972185095763,2988.2543481477906,3.1498800228609287,4.061999278044135,4.2560290458043895,6230.7692307692305,0.00007190729734835353,1126.7143261723356,0.027000000000000003,0.32142857142857145,1-0-2495-1,i,UT_003,003,2,fave,210.24964868658233,55.795749772710636,5,because,0,0.06005800000002637,have,"",B,K,B,K,internal
567.9524147152399,2332.156970253046,3059.692654418451,3.6766684094744946,3.7630625447410995,4.207820809844586,6410.25641025641,0.00006206712538068423,1128.8643501723357,0.027000000000000003,0.32142857142857145,1-0-2500-3,i,UT_003,003,2,fave,190.12265747966754,57.59243501207306,5,getting,0,0.060058999999910156,am,the,T,NG,T,NG,internal
604.27741630201,1829.2251615859932,3087.8669941166013,2.9029868711954254,3.166891571065581,4.11989098657203,6410.25641025641,0.00005161642805008307,1129.9763351723357,0.031,0.32978723404255317,1-0-2505-1,i,UT_003,003,2,fave,122.08970488524118,53.893035631971344,5,bit,1,0.07006899999987581,little,differently,B,T,B,T,internal
488.1337880583222,2477.6539639049847,2907.4792008884724,2.943134470006227,3.827357618762202,3.916737349513973,6410.25641025641,0.000033601518998790266,1131.9283864965987,0.035,0.33653846153846156,1-0-2512-3,i,UT_003,003,2,fave,237.4425979467757,59.046546015213,5,reading,0,0.07995600000003833,palm,there,D,NG,D,NG,internal
445.95496645260135,1920.0197754568735,2243.715160504185,2.7511419255372216,4.020245620046957,4.101424271595565,6410.25641025641,0.00017316674890651017,1132.2443551723356,0.027000000000000003,0.32142857142857145,1-0-2514-0,i,UT_003,003,2,fave,221.8523442902223,57.59558305726377,5,is,1,0.06005800000002637,there,an,#,Z,R,Z,initial
622.683129654558,1879.724250410953,2997.9696597032093,3.5681040355651366,3.950180913488018,3.7264479695991417,6410.25641025641,0.000011031720447048665,1139.4833451723355,0.025,0.33783783783783783,1-0-2542-1,i,UT_003,003,2,fave,278.58863178525064,55.53204706150164,5,this,1,0.0500489999999445,on,day,DH,S,DH,S,internal
709.2972052503955,2136.96212535369,2982.4789049727983,3.146228630024336,3.680098012190253,3.5073954495191337,6410.25641025641,0.0002765333293325509,1145.1493564965986,0.037000000000000005,0.324561403508772,1-0-2560-4,i,UT_003,003,2,fave,NaN,45.48148704178081,5,amazing,0,0.08996600000000399,"","",Z,NG,Z,NG,internal
619.8139829056864,2038.9327980681333,2923.847356995311,3.3923774334117454,3.6854985701660947,3.90803765224149,6410.25641025641,0.0001092808086647732,1154.1209188412697,0.035,0.3365384615384616,1-0-2586-7,i,UT_003,003,2,fave,199.21121949251432,52.39661588532345,5,mediumship,2,0.08007900000006885,"","",SH,P,SH,P,internal
540.4761331822992,2140.3594308915035,2734.1070779460993,3.303100838892528,4.215036405337623,4.19774662071425,6230.7692307692305,8.262220757767116e-6,1154.8859275034015,0.025,0.33783783783783783,1-0-2592-0,i,UT_003,003,2,fave,265.31481010387995,67.13212115654564,5,it's,0,0.0500489999999445,like,just,#,T,K,T,initial
472.52898559534896,1920.0076327494787,3004.046499552564,3.7650154897803985,2.9238675414452104,3.6054612687670513,6410.25641025641,0.0001186568879288684,1155.08697215873,0.027000000000000003,0.32142857142857145,1-0-2593-1,i,UT_003,003,2,fave,313.5257956147813,67.02866997601679,5,just,0,0.0599369999999908,it's,a,JH,S,JH,S,internal
648.0879969338106,2020.9502466884585,2890.9003290409323,3.4476865507549777,3.949583092804945,3.8537970709811162,6230.7692307692305,0.0009158144172954727,1155.7639125034013,0.061000000000000006,0.3315217391304348,1-0-2595-2,i,UT_003,003,2,fave,186.72054820494628,56.35860350816518,5,knowing,0,0.160033999999996,a,"",ow,NG,ow,NG,internal
736.9923481386891,2096.2808451314936,3087.9418394034947,3.229199562861729,3.448178714542788,3.3032865384159997,6410.25641025641,0.000011823129413876811,1158.6259231723354,0.025,0.33783783783783783,1-0-2603-4,i,UT_003,003,2,fave,260.6791011396547,60.247629293820914,5,something,0,0.0500489999999445,say,and,TH,NG,TH,NG,internal
541.5362713936711,2155.606113937334,3070.69075686993,2.9376501713116703,3.523342612159657,3.6988972413944703,6410.25641025641,0.00004981633112600907,1162.5789678276642,0.031,0.32978723404255317,1-0-2616-1,i,UT_003,003,2,fave,244.2612490358932,63.5645319387948,5,thing,1,0.06994699999995646,key,to,TH,NG,TH,NG,internal
528.6572092772476,2018.6435281183924,2974.0834941482112,3.718617783856031,4.181101338530723,3.7111601788141337,6230.7692307692305,0.000843802559085569,1166.5689588276641,0.031,0.32978723404255317,1-0-2631-0,i,UT_003,003,2,fave,209.82233088986848,49.943832742089114,5,exact,0,0.06994600000007267,that,phrase,#,G,T,G,initial
632.9062742516379,1969.2151303219935,2874.563289389701,2.9348647796222878,3.270566388751431,3.2019320733510437,6589.74358974359,0.00004078296395958555,1172.4809984965989,0.035,0.33653846153846156,1-0-2649-1,i,UT_003,003,2,fave,325.229915956925,64.77773040208865,5,think,1,0.07995599999981096,i,if,TH,NG,TH,NG,internal
544.64530929586,2300.475263228159,2728.2777054923267,3.6257250521363713,3.9696596011335368,4.271338949545481,5871.794871794871,0.0012949752118844235,1172.6209188412697,0.035,0.3365384615384616,1-0-2650-0,i,UT_003,003,2,fave,293.87977780011806,63.32252515383661,5,if,1,0.08007900000006885,think,you'd,#,F,K,F,initial
521.115938334771,2176.610990048654,3003.273756977093,3.0274975168629688,3.788768294323057,3.8781872482881306,6410.25641025641,0.0002774544148569255,1178.2231935034015,0.055,0.3353658536585366,1-0-2670-4,i,UT_003,003,2,fave,242.2271699750772,58.89803224102086,5,something,0,0.14001399999983732,say,"",TH,NG,TH,NG,internal
659.3105102287578,1946.9513311624605,2794.611307462204,3.3214193468389346,3.412854498156569,3.779232424945392,6230.7692307692305,0.000024759439249798275,1180.2791451723356,0.027000000000000003,0.32142857142857145,1-0-2680-0,i,UT_003,003,2,fave,217.3749409133502,58.014726944946894,5,it,1,0.06005800000002637,confirm,and,#,T,M,T,initial
554.1424882321207,2461.1407209123263,3689.058275317256,3.46509978402239,2.5268714256731393,4.50344113509258,8384.615384615383,0.0002127947475876556,1184.0131308412697,0.035,0.3365384615384616,1-0-2698-0,i,UT_003,003,2,fave,485.3468634252899,70.72066534959869,5,is,1,0.08007799999995768,"",she,#,Z,"",Z,initial
629.8647850338746,2032.060093180212,2808.066107032729,3.3561393548307916,3.325247889381384,3.9680231699453925,6589.74358974359,0.0002505503192134328,1185.529118165533,0.047,0.3263888888888889,1-0-2706-0,i,UT_003,003,2,fave,210.09095688548578,62.87311459825384,5,it,1,0.11999500000001717,said,"",#,T,D,T,initial
605.5981087576716,1859.6117490252132,2622.4618198349003,3.3594622331106057,3.560545651014795,3.605001089030482,6589.74358974359,0.000013148797705462097,1187.0411608412699,0.031,0.32978723404255317,1-0-2713-0,i,UT_003,003,2,fave,258.0626672500401,65.35377762177347,5,in,1,0.07006799999999203,i'm,that,#,N,M,N,initial
375.26648315109634,1710.1095764418515,3323.199458718067,3.7930094662443796,3.9870595239333255,4.379961051888114,6051.282051282051,0.00041031831890569597,1188.7431118412696,0.035,0.3365384615384616,1-0-2723-1,i,UT_003,003,2,fave,277.8013767152193,56.61714898751901,5,just,0,0.08007799999995768,i'll,say,JH,S,JH,S,internal
552.1877157294772,2188.6779459880663,2862.3932710831405,3.0463922885014547,3.770663614488579,4.1555023968885045,6589.74358974359,0.00018243503841778723,1189.1361315102042,0.040999999999999995,0.33064516129032256,1-0-2725-0,i,UT_003,003,2,fave,323.7557558185527,58.51401983168923,5,it,1,0.100097999999889,say,and,#,T,eyF,T,initial
572.8436532522779,2023.3331534819729,2946.6584189053583,3.1657197365273815,3.2073090777172477,3.590513339882405,6410.25641025641,0.000019749468942238865,1194.9111558412699,0.031,0.32978723404255317,1-0-2749-0,i,UT_003,003,2,fave,472.94346949174223,59.315214396263656,5,it,0,0.07006799999999203,instead,"",#,T,D,T,initial
407.61849937905595,1886.0404822576238,2832.0762716888244,3.259200183263593,3.9480982996286142,4.170308436363755,6230.7692307692305,0.001648182707767915,1197.3231558276643,0.035,0.3365384615384616,1-0-2758-0,i,UT_003,003,2,fave,102.70704440808538,56.654490140671804,5,is,1,0.07995600000003833,"",like,#,Z,"",Z,initial
479.61358206453997,2057.90543735966,2871.5388425242527,3.549643121038938,3.99131809118761,3.9750985469476703,6410.25641025641,0.000020057020923835853,1198.4491608276642,0.027000000000000003,0.32142857142857145,1-0-2761-7,i,UT_003,003,2,fave,210.97646966952698,68.16019693148377,5,activated,0,0.059936000000107015,i've,a,T,D,T,D,internal
802.2139495665432,1576.1904695883625,2938.529153337885,4.450936781774805,4.872718413649127,4.896591979410161,6769.2307692307695,0.0026400969220730787,1199.7791451723356,0.027000000000000003,0.32142857142857145,1-0-2768-0,i,UT_003,003,2,fave,-21274.120961009234,67.5069201205406,5,it's,0,0.06005800000002637,now,like,#,T,aw,T,initial
546.3638897840228,1307.9868677395682,2678.805609369715,3.752486356729477,4.056665839746782,4.271707157398662,6410.25641025641,0.00014089119501176051,1200.7781451723354,0.025,0.33783783783783783,1-0-2774-0,i,UT_003,003,2,fave,192.5043903830253,56.149030444510295,5,it's,0,0.05004900000017187,now,like,#,T,aw,T,initial
526.934085693824,1935.3362628423486,2898.946352099324,3.289427729100782,3.373898260490737,3.63411313147526,6230.7692307692305,0.00003006052660281179,1220.1689215102042,0.037,0.32456140350877194,1-0-2799-0,i,UT_003,003,2,fave,213.36147972227002,58.0246878928343,5,is,1,0.09008800000015071,that,the,#,Z,T,Z,initial
617.6328083501403,2440.8300786489035,3032.086247988748,3.2833763195974086,3.8589283913181904,3.9387786661556663,6410.25641025641,0.000017470794332981217,1222.9039948276643,0.027000000000000003,0.32142857142857145,1-0-2809-3,i,UT_003,003,2,fave,237.75971307023258,60.297259866565895,5,working,0,0.05993599999987964,we're,on,K,NG,K,NG,internal
528.1731912254191,1772.4869906554306,3058.2525366638197,3.328686486676689,3.691949384505179,3.5743534386962366,6230.7692307692305,0.00003287500854042862,1223.6359748276643,0.031,0.32978723404255317,1-0-2811-4,i,UT_003,003,2,fave,217.57760559444696,60.77821551132835,5,building,0,0.06994699999995646,on,up,D,NG,D,NG,internal
555.5110346043382,1912.6072165557332,2837.2655294332108,2.840522295413578,3.3341348806133446,3.701962602109644,6410.25641025641,0.000011875828977853854,1224.5159798276643,0.031,0.32978723404255317,1-0-2815-1,i,UT_003,003,2,fave,271.622609726002,63.718642811032616,5,business,1,0.0699459999998453,the,"",B,Z,B,Z,internal
719.7959612141228,1754.533315267247,2766.9455081324727,3.469315640368405,3.5592378865627388,4.133680674125994,6410.25641025641,0.0002237282203434854,1227.6989174965986,0.037000000000000005,0.324561403508772,1-0-2828-0,i,UT_003,003,2,fave,226.01471316813917,61.894721309832555,5,eventually,0,0.08996600000000399,"",[bracketed],#,V,"",V,initial
569.9448171284129,2094.4809487978155,2979.2839592396517,3.318783965202598,3.605588583348538,3.664964891735899,6410.25641025641,0.00022182429559939568,1230.5259698276645,0.07100000000000001,0.33177570093457953,1-0-2833-0,i,UT_003,003,2,fave,215.9506490039279,62.06200532855393,5,is,1,0.18994199999997363,goal,"",#,Z,L,Z,initial
537.9599353908173,1398.6586973747449,2820.580230328046,3.4990853783947844,4.02417669689638,3.8995002971009947,6051.282051282051,0.00016186467232459198,1243.4894908276642,0.031,0.32978723404255317,1-0-2881-2,i,UT_003,003,2,fave,194.43007625143434,54.498666744983204,5,going,0,0.06994600000007267,"",part,ow,NG,ow,NG,internal
539.6731375860771,2380.237531249138,3358.3483331164707,3.447763134392549,3.869043623143239,4.383060234827407,6410.25641025641,0.000018645679051470068,1244.8164751723355,0.025,0.33783783783783783,1-0-2886-4,i,UT_003,003,2,fave,204.1649112021927,49.234296004080434,5,switching,0,0.0500489999999445,or,completely,CH,NG,CH,NG,internal
636.8643232178574,2234.8716076197607,2874.106059996635,3.034318170167838,3.7705773437540455,3.907798692633711,6410.25641025641,0.000020112870470169232,1249.0874658276643,0.027000000000000003,0.32142857142857145,1-0-2895-0,i,UT_003,003,2,fave,448.9020159004206,62.99298165017328,5,it,1,0.0599369999999908,hopefully,grows,#,T,iyF,T,initial
495.18881258027636,2247.1329244019817,2838.991835380361,2.904509171891552,3.660818301654141,3.7402003871495824,6589.74358974359,3.418153094485463e-6,1252.5164261723355,0.025,0.33783783783783783,1-0-2908-0,i,UT_003,003,2,fave,253.19087383151864,63.16436658847186,5,it,1,0.0500489999999445,great,just,#,T,T,T,initial
539.2504110701644,1984.3081305996411,2958.8484478217615,3.449224404899823,4.131381549245716,3.7733344673469222,6410.25641025641,9.221458044639146e-6,1252.6464311723355,0.025,0.33783783783783783,1-0-2909-1,i,UT_003,003,2,fave,296.4778007708168,61.78323227800425,5,just,0,0.0500489999999445,it,"",JH,S,JH,S,internal
600.8959089847283,1980.3316536816526,2985.8896963074003,3.0417473985460783,3.9619737594709714,3.7760931494157073,6230.7692307692305,0.00048763180805195205,1253.0644424965985,0.040999999999999995,0.33064516129032256,1-0-2911-0,i,UT_003,003,2,fave,259.76230707925976,59.14729354900933,5,it's,0,0.09997599999996964,"",more,#,T,"",T,initial
702.9298432819418,1717.1845000880182,3214.7921627985224,3.568572740378191,3.7045727575488194,4.033110210208607,6410.25641025641,0.00013860330940265253,1253.8114424965988,0.035,0.33653846153846156,1-0-2913-6,i,UT_003,003,2,fave,194.64868281365446,55.35044780620357,5,fulfilling,0,0.07995600000003833,more,than,L,NG,L,NG,internal
525.7138074031385,2269.566467457466,2738.341139334962,3.6681772321848394,4.437551758787501,4.073902832390078,6051.282051282051,0.003933731811323667,1266.8204704965985,0.045,0.3358208955223881,1-0-2932-5,i,UT_003,003,2,fave,359.75862923028643,53.78308840240847,5,accounting,0,0.10998600000016268,about,"",T,NG,T,NG,internal
534.9872244458717,1828.1697993537825,2907.6714762398074,3.2234247563617626,3.8668059830976755,3.7597891578944194,6410.25641025641,0.000213081865391289,1268.7234061723357,0.031,0.32978723404255317,1-0-2937-4,i,UT_003,003,2,fave,173.09951489544497,51.19997607990718,5,helping,0,0.07006799999999203,about,people,P,NG,P,NG,internal
504.39878334539736,2120.678558291116,2837.9463264999567,3.7405518909484545,3.641579986473162,3.790264006738987,6230.7692307692305,0.000037002976736349274,1345.9950588276643,0.027000000000000003,0.32142857142857145,1-0-2950-1,i,UT_003,003,2,fave,182.5977823039927,52.348176867012874,5,his,1,0.0599369999999908,for,cereal,HH,Z,HH,Z,internal
527.833720456408,2355.675655174996,2959.7891026364046,3.235805885612469,3.5979541664204064,3.6489137710540493,6589.74358974359,0.0002517718261491182,1355.145672165533,0.045,0.3358208955223881,1-0-2964-1,i,UT_003,003,2,fave,244.70173482260424,61.85302922788543,5,kids,1,0.10998500000005151,the,saw,K,D,K,D,internal
501.2625463272209,2203.829002370874,3008.8950378734608,3.3031639189684032,3.307008951809112,3.5160219511808912,6410.25641025641,0.0001507913681335343,1356.5206714965989,0.035,0.33653846153846156,1-0-2970-0,i,UT_003,003,2,fave,253.44451985538038,54.9227123372609,5,in,1,0.07995599999981096,"",the,#,N,"",N,initial
524.8324437020281,2092.689741360967,2885.360396704686,3.225492766410305,3.682526639521962,3.5740672885982008,6410.25641025641,0.0001604235148926442,1366.3566658412701,0.027000000000000003,0.32142857142857145,1-0-2982-0,i,UT_003,003,2,fave,278.5821785641431,59.211696389132705,5,if,1,0.060057999999798994,"",i,#,F,"",F,initial
664.6727294669728,2442.4479012448164,2965.7987689201104,3.176310039332676,3.700966595438334,3.796605317745755,6410.25641025641,0.000054340039550196456,1367.15667415873,0.027000000000000003,0.32142857142857145,1-0-2986-0,i,UT_003,003,2,fave,281.99822354814705,60.92036121271325,5,it,1,0.0599369999999908,reading,out,#,T,NG,T,initial
661.0451670280887,1963.210804263186,2961.365607720298,2.695417024375406,3.4850864451781813,3.7391915577448906,6410.25641025641,0.0001769782618150538,1368.566599834467,0.047,0.3263888888888889,1-0-2995-0,i,UT_003,003,2,fave,242.9047521396939,56.25070066026028,5,it,0,0.11999500000001717,said,but,#,T,D,T,initial
510.21603861976666,2038.6513118710177,3385.484348967394,3.648910604258609,3.654268366793119,4.373431036355776,6230.7692307692305,0.00010299146160306234,1369.1856105034014,0.025,0.33783783783783783,1-0-3000-1,i,UT_003,003,2,fave,214.76966246577607,55.042026390708656,5,just,0,0.05004800000006071,was,saying,JH,S,JH,S,internal
686.2928967109048,2304.1023135703417,3010.066772700233,3.3789012606502524,3.5785197416534658,3.8235469406039573,6410.25641025641,0.00004364153198339173,1369.4466251723356,0.027000000000000003,0.32142857142857145,1-0-3001-2,i,UT_003,003,2,fave,94.21127328082788,53.9415194928273,5,saying,0,0.060058999999910156,just,painting,ey,NG,ey,NG,internal
655.1105936645635,2422.8841828384416,3068.2939113411735,3.3469112285801206,4.02174225036197,3.8986364150659694,6410.25641025641,0.0001479121697188382,1370.0006514965987,0.035,0.33653846153846156,1-0-3002-4,i,UT_003,003,2,fave,204.53018073994357,50.393621235806414,5,painting,0,0.07995600000003833,saying,i,T,NG,T,NG,internal
622.4263420198373,2294.4318143606783,3005.8197173265685,3.5320395844648296,3.821675466593436,3.779196711296335,6410.25641025641,0.0001556080076672949,1378.8516274965984,0.037000000000000005,0.324561403508772,1-0-3017-4,i,UT_003,003,2,fave,242.06701670668855,55.763787361566294,5,hunting,0,0.08996600000000399,were,"",T,NG,T,NG,internal
543.6584233426626,1957.6995479640486,3008.7536662193997,3.1737981018035275,3.4178835020915876,3.24393642190398,6410.25641025641,0.00016309595936207238,1379.7786804965986,0.031,0.32978723404255317,1-0-3021-1,i,UT_003,003,2,fave,99.23185848526789,49.32663200449503,5,this,1,0.06994699999995646,"",season,DH,S,DH,S,internal
629.6326077615861,1855.0516730530524,3102.480744543041,3.5262175192726457,3.550995468917056,3.723453008569083,6410.25641025641,0.00024326791000711917,1384.5592684965986,0.037000000000000005,0.324561403508772,1-0-3033-1,i,UT_003,003,2,fave,196.90956914044307,52.02763210122386,5,milk,1,0.08996599999977661,the,"",M,L,M,L,internal
654.7595181628739,1966.63428017995,2504.42723615306,3.54774530068282,3.7054870093051413,3.8561595863757585,6410.25641025641,0.000025546125351257032,1392.2732565034016,0.025,0.33783783783783783,1-0-3045-2,i,UT_003,003,2,fave,253.84821685731413,59.574069525671376,5,prince,1,0.0500489999999445,"",william,R,N,R,N,internal
643.172323314466,1342.9355521610332,3047.3583446329353,3.157673718629586,3.6293929043250777,3.3982900091683055,6051.282051282051,0.000014812569799209077,1392.6032125034014,0.025,0.33783783783783783,1-0-3046-1,i,UT_003,003,2,fave,238.9768690230821,61.86530629688901,5,william,1,0.05004900000017187,prince,returned,W,L,W,L,internal
552.5319179075159,2084.533370856787,2650.7192581355503,3.130686528280805,3.9293980355797884,3.9576612204744728,6230.7692307692305,0.005844180241341028,1394.0542438276643,0.067,0.32843137254901966,1-0-3049-2,i,UT_003,003,2,fave,266.0822451886016,53.503859916248786,5,britain,1,0.1799309999998968,to,"",R,T,R,T,internal
573.9348556439031,2063.117612393423,2927.140540104318,3.578785707247639,3.2039335032940013,3.681222278095093,6410.25641025641,0.00039484666200610485,1394.964299165533,0.047,0.3263888888888889,1-0-3052-1,i,UT_003,003,2,fave,95.17187078579468,51.65177632050848,5,his,1,0.11999500000001717,after,trip,HH,Z,HH,Z,internal
695.89487605371,1852.6275868307025,2498.5004020330525,2.943482908430316,3.6199558043200217,4.18270299747196,6410.25641025641,0.00015486933273717768,1395.4012401655327,0.040999999999999995,0.33064516129032256,1-0-3053-2,i,UT_003,003,2,fave,172.81091300049187,53.89207350691635,5,trip,1,0.09997600000019702,his,"",R,P,R,P,internal
499.3766454781485,1261.5951000764503,1788.0628737806267,3.534522391024909,4.032856222470169,3.692124181573539,6230.7692307692305,9.587558273835562e-6,1405.1332471723354,0.025,0.33783783783783783,1-0-3067-1,i,UT_003,003,2,fave,213.1289483759573,54.886852945927444,5,reporter,0,0.05004900000017187,the,heard,R,P,R,P,internal
482.64758725136727,1869.6207830415503,2954.82084028613,2.9923525453186697,3.4933221379144395,3.2890775348016725,6410.25641025641,0.000046089147716824746,1411.5418594965984,0.04100000000000001,0.3306451612903227,1-0-3076-6,i,UT_003,003,2,fave,231.78683104008812,58.56646929675562,5,pharmacist,0,0.09997600000019702,my,used,S,S,S,S,internal
470.3755291459119,1766.2028932025914,2808.5142855169042,3.421124243658033,3.687982903028098,3.7140230252770516,6410.25641025641,0.00009715614337672819,1419.1848788276643,0.027000000000000003,0.32142857142857145,1-0-3094-0,i,UT_003,003,2,fave,89.95537894346124,52.3239657947226,5,its,0,0.05993599999987964,to,dish,#,T,Tuw,T,initial
511.5639762006415,2185.3796323536253,2972.101222992541,2.9733884959478423,3.480755347177839,3.8279065314917085,6410.25641025641,0.0003417005979536908,1419.5138361655331,0.045,0.3358208955223881,1-0-3095-1,i,UT_003,003,2,fave,277.1750007296824,58.241029425224475,5,dish,1,0.10998499999982414,its,"",D,SH,D,SH,internal
665.1364470283745,1989.1768703769392,3107.6524184848445,3.143764749131873,3.333220314500056,3.2674091877023654,6410.25641025641,0.00015194029469038528,1423.4338531587302,0.065,0.3350515463917526,1-0-3098-5,i,UT_003,003,2,fave,222.2681708859114,55.6443663582875,5,baroness,0,0.16992199999981494,the,"",N,S,N,S,internal
470.7198139210644,2362.162776162406,3000.2675767375445,2.629518523155901,3.51762243691526,3.3629039862219057,6410.25641025641,0.00007759433470271483,1440.6682494965987,0.045,0.3358208955223881,1-0-3128-0,i,UT_003,003,2,fave,229.88299134379417,59.181972147714845,5,is,1,0.10998499999982414,smoothie,made,#,Z,spn,Z,initial
625.7581114638907,2825.9523051349697,3436.561220185618,3.6763138485407882,3.74450247727711,4.152422055044948,7128.205128205128,0.00010758070525436825,1450.9462784965986,0.040999999999999995,0.33064516129032256,1-0-3145-3,i,UT_003,003,2,fave,264.56435198523775,53.58892471779567,5,vikings,0,0.09997599999996964,the,"",K,NG,K,NG,internal
509.097163822957,1922.0041301777337,2870.679176614066,3.1990060539952663,3.299743355759988,3.5628213972931455,6230.7692307692305,0.000017133822949999965,1456.8732388412698,0.035,0.3365384615384616,1-0-3159-4,i,UT_003,003,2,fave,220.43372599666222,59.19855362835387,5,landed,0,0.08007799999995768,"",near,D,D,D,D,internal
548.4593239614545,1636.339819127638,2879.1634929605143,3.535287908770305,3.493483276755492,3.7101733297446713,6230.7692307692305,0.004373872981013645,1461.9112438276643,0.031,0.32978723404255317,1-0-3171-1,i,UT_003,003,2,fave,222.79162948420927,57.33415313182328,5,whistles,1,0.0699459999998453,the,"",W,S,W,S,internal
596.5755632106508,1491.9166567695806,2767.9539618391736,3.5308897198012152,3.450037567370739,4.163764081396923,6410.25641025641,0.0000625333783007094,1464.5982131723354,0.025,0.33783783783783783,1-0-3177-1,i,UT_003,003,2,fave,222.2263783198843,55.66721995311853,5,whistles,1,0.05004900000017187,the,during,W,S,W,S,internal
687.3308312199698,2003.7821694446013,2745.2090982546274,3.2319917990845393,3.520370907560807,4.714008761345802,6589.74358974359,0.000510400123096141,1465.1642494965986,0.037000000000000005,0.324561403508772,1-0-3178-3,i,UT_003,003,2,fave,236.65880299197926,59.96652453249759,5,during,0,0.08996600000000399,whistles,spring,R,NG,R,NG,internal
672.116582875904,1954.4378160072638,2183.2967946962754,3.5051493403743357,3.9778187599251433,4.127744647090057,6051.282051282051,0.0013043018622158513,1465.648235165533,0.045,0.3358208955223881,1-0-3179-3,i,UT_003,003,2,fave,209.23166495648874,51.45309338696498,5,spring,1,0.10998600000016268,during,"",*hr,NG,*hr,NG,internal
669.3476609408754,1804.76557833388,3272.45326817486,3.6371350647834535,4.041133166945418,3.5407931424489387,6948.717948717948,0.00003420673985571006,1489.99843584127,0.031,0.32978723404255317,1-0-3220-4,i,UT_003,003,2,fave,226.22619518481773,59.33841660852434,5,violinist,1,0.07006799999999203,the,"",L,N,L,N,internal
647.2509032354546,1818.2625966372395,2935.000665684377,3.591177243561432,3.7340356051960044,3.7640158850564944,6410.25641025641,0.000014677411673384078,1491.3864451723357,0.027000000000000003,0.32142857142857145,1-0-3224-1,i,UT_003,003,2,fave,240.49601966918203,64.10920562456546,5,fiddle,1,0.06005800000002637,the,"",F,D,F,D,internal
499.55006962490165,1773.4779165364212,2123.0051958041713,3.105826584082296,3.668515542443774,3.746741166565285,6230.7692307692305,0.005033798942165926,1500.5583938276643,0.067,0.32843137254901966,1-0-3239-0,i,UT_003,003,2,fave,316.1322139571958,49.20043674362643,5,is,1,0.17993200000000797,author,called,#,Z,*hr,Z,initial
463.98835600733713,1935.1068758705007,3268.7449222899504,3.6653836410848197,4.040091207913374,4.127714274023354,6410.25641025641,0.033287129568514595,1506.5823178344672,0.055,0.3353658536585366,1-0-3251-0,i,UT_003,003,2,fave,229.77735735537007,44.775288762102974,5,in,1,0.14001500000017586,latin,"",#,N,N,N,initial
582.9914894462609,1931.7233621666307,2301.9293554538,3.5213523798395494,3.866788798295014,4.239523612126415,6051.282051282051,0.000025332270585585236,1518.2623648276644,0.035,0.3365384615384616,1-0-3273-3,i,UT_003,003,2,fave,212.1706207212572,55.19604484078951,5,during,0,0.07995600000003833,trail,the,R,NG,R,NG,internal
583.9355533122479,1646.1819236230608,2836.401942875081,3.5153737650378756,3.5525527020413086,3.769315957833605,6410.25641025641,0.0006533791991612674,1522.4483341723355,0.027000000000000003,0.32142857142857145,1-0-3281-1,i,UT_003,003,2,fave,201.89112133738843,53.80124166971677,5,with,0,0.06005900000013753,covered,mail,W,TH,W,TH,internal
493.2339830243046,2125.8778361797317,2944.5814831844664,2.984956786340142,3.2120226427053797,3.4363055989135303,6589.74358974359,0.000156669938534698,1528.8172504965985,0.04100000000000001,0.3306451612903227,1-0-3290-0,i,UT_003,003,2,fave,324.2907320505458,56.93341053658521,5,in,0,0.09997500000008586,hiked,the,#,N,T,N,initial
822.7976448163622,1718.025025077817,2784.874802918231,3.471897801738772,3.8636763079706262,4.052486132460919,6589.74358974359,0.008488479495417306,1533.7652098412698,0.07700000000000001,0.3290598290598291,1-0-3298-0,i,UT_003,003,2,fave,237.0232416430641,50.753186961906664,5,is,1,0.21008300000016789,stone,ready,#,Z,N,Z,initial
528.6357844037727,1858.2877886628658,2935.018126624617,2.9313191851347478,3.8451093891749486,3.501249345198587,6769.2307692307695,0.000014805347667844744,1538.9302341587302,0.027000000000000003,0.32142857142857145,1-0-3307-1,i,UT_003,003,2,fave,253.90754871559352,63.55050497766469,5,windows,1,0.05993599999987964,the,need,W,N,W,N,internal
567.4853701543918,1832.5987286174204,3029.192846342651,3.435845761966015,3.5817193115130133,3.803111500801836,6410.25641025641,0.00003091872133556113,1544.2002588276644,0.027000000000000003,0.32142857142857145,1-0-3318-1,i,UT_003,003,2,fave,246.92778971199968,63.84672098670875,5,children,1,0.0599369999999908,the,saw,CH,L,CH,L,internal
603.1051244774088,1906.6661473598274,2471.3310602302954,3.0375648207358026,3.7830454560778817,3.962540315547075,6589.74358974359,0.0005173425321950303,1546.072261834467,0.051000000000000004,0.3311688311688312,1-0-3325-1,i,UT_003,003,2,fave,193.16511021569008,53.71963563267663,5,ridge,1,0.13000499999998283,the,"",R,JH,R,JH,internal
421.22903314667997,2662.1038543082004,3308.8868391637384,3.623210409365909,3.6734020707512127,4.242528948145914,6589.74358974359,0.00018327922047582432,66.28154616553287,0.027000000000000003,0.32142857142857145,1-0-14-1,iy,UT_003,003,2,fave,252.64766451851952,49.9786460791218,5,female,1,0.05999800000000732,"","",F,M,F,M,internal
484.88650102334253,2937.4753478109437,3027.584311552584,4.260449433108555,4.716275073959299,4.358000015791652,7307.692307692308,0.004548769727577302,82.61154616553289,0.047,0.3263888888888889,1-0-32-4,iy,UT_003,003,2,fave,213.03919330359892,50.05387471509731,5,fifteen,1,0.12000299999999697,"",and,T,N,T,N,internal
602.6324437701176,2780.5400930816304,3682.8746076933207,4.03757414206809,3.901371917812501,4.791535892986168,8025.641025641025,0.0006725668050083286,109.73585283446712,0.031,0.32978723404255317,1-0-60-4,iy,UT_003,003,2,fave,290.61500021709014,53.214389749638364,5,fifteen,1,0.06999999999999318,"",years,T,N,T,N,internal
494.6726766948504,2576.4728723111707,3127.515499232203,3.9800896876686793,3.5715809997911303,4.942621877890356,6589.74358974359,0.0003021898090803596,173.42034816553286,0.027000000000000003,0.32142857142857145,1-0-151-2,iy,UT_003,003,2,fave,198.45370130748665,47.96211466172667,5,anything,0,0.05999800000000732,"",i've,N,TH,N,TH,internal
475.25992370734855,2716.037587268433,3734.013001162135,3.407624899352786,3.1530412455568064,4.780841731590614,7128.205128205128,0.00023696409225097578,224.3557431655329,0.031,0.32978723404255317,1-0-260-1,iy,UT_003,003,2,fave,181.140912223288,41.42584127766046,5,medium,1,0.07000799999997298,psychic,"",M,D,M,D,internal
382.5378437296094,2725.015431039215,3377.980392413924,3.4366730269942782,3.6396084189601887,4.680129716223769,6948.717948717948,0.001232177901904844,224.45874916553288,0.037000000000000005,0.324561403508772,1-0-260-3,iy,UT_003,003,2,fave,189.98945971910504,41.104573618153786,5,medium,0,0.08999700000001098,psychic,"",D,@,D,@,internal
575.126740797576,1904.3616231483968,2596.31161154418,3.351472176189506,3.9627499300319253,3.337196354257673,6769.2307692307695,7.231209382121496e-6,237.65634716553288,0.025,0.33783783783783783,1-0-288-3,iy,UT_003,003,2,fave,323.7214432093869,56.9601655326781,5,always,0,0.05000400000000127,i've,been,W,Z,W,Z,internal
483.4509070595125,2197.601518545659,2496.024486777894,3.29737976294466,3.8569353273047127,4.3141820156218555,6051.282051282051,0.0009233210504800071,282.0002538344671,0.047,0.3263888888888889,1-0-365-1,iy,UT_003,003,2,fave,248.9782000132713,54.417326476591434,5,recent,1,0.11999600000001465,most,one,R,S,R,S,internal
432.3817169694739,2245.071024624683,3091.470031018751,2.894377558236625,3.976572690574442,4.101169410259081,6769.2307692307695,0.00004019709370807332,307.49374983446717,0.031,0.32978723404255317,1-0-448-3,iy,UT_003,003,2,fave,194.84726741793628,55.7676533189494,5,believe,1,0.0700069999999755,can't,that,L,V,L,V,internal
432.81315765418833,2027.3357687853181,2320.3197958706596,3.8396104103272193,3.694473465945048,4.070354332267076,6410.25641025641,0.0001253613958651912,368.8762478344671,0.025,0.33783783783783783,1-0-589-3,iy,UT_003,003,2,fave,193.73452195114186,52.80688986802338,5,everything,0,0.050018000000022766,"",is,R,TH,R,TH,internal
636.5074978120035,2807.120830949805,3394.5620449054413,4.088192598761749,3.91303394050844,4.942376241381675,7128.205128205128,0.0005045823559108483,488.60324683446714,0.031,0.32978723404255317,1-0-821-1,iy,UT_003,003,2,fave,189.32716099396637,45.99694151779225,5,need,1,0.07000700000003235,i,to,N,D,N,D,internal
567.1266507388316,2562.957620443938,2842.068437631069,3.2756948552146095,4.367072817684288,4.421968379115252,6410.25641025641,0.0036260813680760937,573.5341395034014,0.037000000000000005,0.324561403508772,1-0-978-2,iy,UT_003,003,2,fave,102.09763379441172,43.986742352241016,5,anything,0,0.09002699999996366,at,"",N,TH,N,TH,internal
684.5148020636539,2870.7261863149474,3569.5305427595063,3.383547484722931,3.6133943545073937,4.629255934717666,7307.692307692308,0.0024189589155996123,596.6153588276644,0.07899999999999999,0.3376068376068376,1-0-988-1,iy,UT_003,003,2,fave,243.6104283470288,55.81922766447149,5,mean,1,0.20996000000002368,i,i,M,N,M,N,internal
428.9537445427041,2326.315071390691,2472.038691110057,3.329792667990385,4.156749977872222,4.2898475700231495,5871.794871794871,0.0016007580725523524,598.0793458344672,0.067,0.32843137254901966,1-0-993-1,iy,UT_003,003,2,fave,209.46498788718569,55.66872653725636,5,read,1,0.17999299999996765,mostly,"",R,D,R,D,internal
392.8311266720621,2136.8468580312942,2364.4231755788305,3.523738827628012,3.681238437771482,4.885403444635621,7128.205128205128,0.0009103896982788257,656.8518211655329,0.027000000000000003,0.32142857142857145,1-0-1093-1,iy,UT_003,003,2,fave,199.66223527015683,52.897934824133,5,recent,1,0.059996999999953005,most,one,R,S,R,S,internal
409.06575876067507,2213.9208546821865,2640.301655110734,2.84108004831307,3.82256891089459,4.2128198306537366,6589.74358974359,0.000031610409497881646,740.629827834467,0.031,0.32978723404255317,1-0-1252-1,iy,UT_003,003,2,fave,205.28725714481746,56.27315916964369,5,read,1,0.07000700000003235,"",the,R,D,R,D,internal
405.1414114726634,2725.5584213304196,2982.7997756153513,2.8043136460403417,4.154311372358763,4.127494331422062,6410.25641025641,0.002136229311642801,744.0421578276644,0.119,0.33615819209039544,1-0-1265-3,iy,UT_003,003,2,fave,213.12320362654256,54.15947055419988,5,reread,1,0.32995599999992464,like,"",R,D,R,D,internal
459.93403461700484,2547.0504192343656,2801.6996744430026,2.4241388247532587,4.014299721635306,4.351227412589505,6589.74358974359,0.0007441617799836511,796.5001618276644,0.07700000000000001,0.3290598290598291,1-0-1421-1,iy,UT_003,003,2,fave,225.82224089757366,57.370573580983354,5,read,1,0.20996100000002116,i'll,like,R,D,R,D,internal
461.6157425886062,2290.227215189361,2458.3155424618053,3.717324908898996,3.6597081368837476,4.306509568740344,6230.7692307692305,0.00047878098969543346,803.6091668276644,0.035,0.3365384615384616,1-0-1448-1,iy,UT_003,003,2,fave,184.43206681998785,47.43154380332087,5,reason,1,0.07995600000003833,some,"",R,Z,R,Z,internal
504.3702842166031,2117.020226571537,2547.1700496436706,3.3531043886200895,3.7498088414099113,4.523793206122353,5871.794871794871,0.0019675715273090645,804.4901674965986,0.057,0.3275862068965517,1-0-1450-1,iy,UT_003,003,2,fave,181.21789327302776,50.36300506020796,5,read,1,0.14996300000007068,"","",R,D,R,D,internal
687.8130194834945,2712.2292538417078,3955.868787138551,3.8577705517978504,3.3587609951051984,4.652110840839932,7666.666666666666,0.00012887226822902846,828.7027731655329,0.027000000000000003,0.32142857142857145,1-0-1469-1,iy,UT_003,003,2,fave,285.4262175558295,53.70732857995636,5,mean,1,0.059996999999953005,i,it,M,N,M,N,internal
449.54892006598243,2340.543109144579,2480.5652097552243,3.7477531018638883,3.6850663852023136,4.3039842146225515,6589.74358974359,0.0019177814275483118,831.936749834467,0.055,0.3353658536585366,1-0-1479-1,iy,UT_003,003,2,fave,275.95014175051887,55.54347474279636,5,read,1,0.140013999999951,to,it,R,D,R,D,internal
452.13488567555385,2113.0206376389247,2301.59778724071,3.5315902153711365,4.228998794074974,3.838281041040801,6769.2307692307695,0.0013774147998610123,861.6398418344671,0.047,0.3263888888888889,1-0-1533-1,iy,UT_003,003,2,fave,168.46614782986708,48.112021143166075,5,reading,1,0.11999500000001717,into,"",R,D,R,D,internal
481.8090571734228,2113.6223736122993,2224.630229923082,3.6050508069592366,3.9810227528573168,4.157664856540288,6410.25641025641,0.00035697540897407015,862.811834834467,0.031,0.32978723404255317,1-0-1539-1,iy,UT_003,003,2,fave,181.3585962531132,50.071424081750926,5,reading,1,0.07000700000003235,like,"",R,D,R,D,internal
479.76166859322603,2868.4361273647046,3667.990701281617,3.495520429424911,3.8317937558980666,4.996827886792092,8025.641025641025,0.0008011512651583707,873.0530448344671,0.031,0.32978723404255317,1-0-1584-0,iy,UT_003,003,2,fave,131.1617289448225,50.518213078860455,5,even,1,0.07000800000002982,me,though,#,V,iyF,V,initial
663.3651829847738,2723.498063571614,3109.4270802606957,3.7870770834341023,3.4951721802116826,5.0315530559181925,7307.692307692308,0.0003950018208527112,874.983037834467,0.031,0.32978723404255317,1-0-1592-2,iy,UT_003,003,2,fave,290.56890916830883,53.973288332461216,5,anymore,0,0.07000700000003235,read,"",N,M,N,M,internal
549.314997706188,2002.8438829225252,2645.101516404811,3.827071717852571,3.6344814820801057,4.394292846940536,6948.717948717948,0.000444428254011462,902.4809528344672,0.051000000000000004,0.3311688311688312,1-0-1603-1,iy,UT_003,003,2,fave,280.74383196307474,64.00669311020786,5,really,1,0.13000499999998283,"","",R,L,R,L,internal
465.1587119008925,2361.164724408163,2965.5522587706214,3.656072488549962,4.232035615581689,4.389187293592188,6410.25641025641,0.006556103556077781,910.922964834467,0.035,0.33653846153846156,1-0-1634-1,iy,UT_003,003,2,fave,209.81244926619354,58.521062980927056,5,these,1,0.080016999999998,with,and,DH,Z,DH,Z,internal
507.77354144275415,2417.573505625698,2990.4793915753644,3.906538365727077,3.657487153461189,3.9560459623145903,6589.74358974359,0.000468441668965254,919.3860388344671,0.035,0.33653846153846156,1-0-1674-1,iy,UT_003,003,2,fave,260.3715111787717,52.3492194481062,5,these,1,0.080016999999998,with,tarot,DH,Z,DH,Z,internal
421.1098931383275,2194.7683896277767,2785.2121447435848,2.868086890635016,3.832190566774569,3.9163093391489374,6230.7692307692305,0.00006974640799861943,925.3172644965987,0.037000000000000005,0.324561403508772,1-0-1701-3,iy,UT_003,003,2,fave,207.98576186507427,60.638347144201816,5,believe,1,0.08996600000000399,i,you,L,V,L,V,internal
382.8319747301278,2109.5458899909477,2496.0110187381133,3.716529638479297,4.370201801849379,3.750574728401756,6051.282051282051,0.00032539408332991427,933.7342588344671,0.031,0.32978723404255317,1-0-1734-1,iy,UT_003,003,2,fave,274.17353690605165,56.82763834541338,5,reading,1,0.07000699999991866,a,for,R,D,R,D,internal
751.4721827515987,2770.389874696801,3010.797432501747,3.620693421762571,3.8978367549630772,4.262594314897783,6769.2307692307695,0.0008375545254635887,977.3149335034013,0.045,0.3358208955223881,1-0-1928-3,iy,UT_003,003,2,fave,275.20794112246097,56.26341179884027,5,routine,1,0.11004700000000867,like,cleaning,T,N,T,N,internal
598.1290631807491,2421.9196003084435,3238.9622398976962,3.4078307523448954,3.818488940630705,4.263369530515183,7128.205128205128,0.000628533543075272,977.6409505034014,0.037000000000000005,0.324561403508772,1-0-1929-2,iy,UT_003,003,2,fave,320.75047462367763,55.080427044588575,5,cleaning,1,0.09002699999996366,routine,or,L,N,L,N,internal
525.4816164675656,2581.7624668430994,2899.834017458566,3.6887962134111456,4.178821500068554,4.384383617480074,6589.74358974359,0.0016642813495738712,980.5466368344671,0.031,0.32978723404255317,1-0-1943-1,iy,UT_003,003,2,fave,223.4092253397543,52.75579660991358,5,he's,1,0.07000700000003235,yeah,showing,HH,Z,HH,Z,internal
460.22482926997054,2084.9194157664624,2340.3068878910235,2.47967533597641,3.8319309112952524,3.8195639256170226,6769.2307692307695,0.00003693071302768492,998.0486368344671,0.035,0.3365384615384616,1-0-2017-1,iy,UT_003,003,2,fave,230.8756355912722,60.58881599767058,5,readings,1,0.080016999999998,doing,just,R,D,R,D,internal
511.93286453005203,2680.243954721815,2973.9616204517197,3.865185469687063,3.2224288987893237,3.9879262559270066,6589.74358974359,0.00007212397449356805,1002.8066468344671,0.031,0.32978723404255317,1-0-2031-1,iy,UT_003,003,2,fave,240.41295092695182,58.48984426167477,5,feeds,1,0.07000700000003235,know,your,F,D,F,D,internal
422.60522208944644,2686.4968565714153,3064.493691732451,2.8097590881530556,3.942495318085543,4.166276433203481,6410.25641025641,0.0003515052364248482,1004.3686438344671,0.035,0.33653846153846156,1-0-2037-1,iy,UT_003,003,2,fave,211.2739681564133,53.68467547212402,5,people,1,0.080016999999998,help,to,P,P,P,P,internal
414.6532570651663,2462.8012682964836,2928.9431057380034,3.966136389200125,4.059869675681473,3.9801050537897162,6230.7692307692305,0.0006218235367965221,1005.9946488344672,0.027000000000000003,0.32142857142857145,1-0-2042-1,iy,UT_003,003,2,fave,272.32910776932886,59.17762396292278,5,people,1,0.05999799999995048,with,who,P,P,P,P,internal
386.0381773379588,2070.4042779739702,2365.3008204476164,2.663314477452923,3.8217255383796567,4.868235356501026,6589.74358974359,0.0049876002147903175,1014.7447651655328,0.027000000000000003,0.32142857142857145,1-0-2074-1,iy,UT_003,003,2,fave,204.28727015821784,52.17422404602236,5,readings,1,0.05999800000006417,guidance,as,R,D,R,D,internal
537.4363669353208,2531.1106720487933,3088.4974335872985,3.516798475665998,3.8352776879343327,3.9833988484781555,6589.74358974359,0.0001914319927472491,1023.2267518344671,0.031,0.32978723404255317,1-0-2116-1,iy,UT_003,003,2,fave,241.02453853742927,58.56926983859145,5,healing,1,0.07000700000003235,of,in,HH,L,HH,L,internal
408.37397177772823,2377.3651258066725,2968.1840143534937,2.082827590826436,3.856250168884598,4.3097212051083975,6410.25641025641,0.00001904739447524558,1025.6137105034015,0.025,0.33783783783783783,1-0-2125-2,iy,UT_003,003,2,fave,193.47037614178552,55.64358376129238,5,speaking,1,0.0500489999999445,"",to,P,K,P,K,internal
438.5593879976099,2477.1154248646294,2848.5787884044826,3.7380400863131804,4.031288566483242,4.086268204945275,6410.25641025641,0.0002641800605268866,1035.6867568276643,0.031,0.32978723404255317,1-0-2161-1,iy,UT_003,003,2,fave,233.89585334214132,58.41328950655718,5,people,1,0.0699459999998453,dead,"",P,P,P,P,internal
495.7047176063184,2558.704556824296,2940.862536853399,3.6422026676346397,3.933353689469277,4.278689198302137,6230.7692307692305,0.0023584276524183565,1067.633343165533,0.045,0.3358208955223881,1-0-2287-0,iy,UT_003,003,2,fave,249.02440683019051,54.467644114493424,5,even,1,0.10998500000005151,"",with,#,V,"",V,initial
462.081462112072,2251.787721785613,2703.1044726747396,2.778989781938903,4.215628169445308,3.851406850863705,6769.2307692307695,0.0004440201995732502,1098.3209388276643,0.075,0.33482142857142855,1-0-2387-1,iy,UT_003,003,2,fave,236.1010230807345,57.25295237382403,5,read,1,0.1999510000000555,intuitive,instead,R,D,R,D,internal
549.4599812920549,2890.674531326735,3713.9069591845055,4.0751635832966615,3.719718260692907,4.974547916918768,7487.179487179487,0.0013745463453343344,1099.8659155102039,0.045,0.3358208955223881,1-0-2393-1,iy,UT_003,003,2,fave,201.6166665300669,54.868564491985815,5,means,1,0.11010699999997087,card,this,M,N,M,N,internal
468.01861696241116,2401.148591196908,2509.7440573267895,3.063448945919722,3.9346984407250263,4.531046806086698,6230.7692307692305,0.0006932785634869594,1111.4489638276643,0.031,0.32978723404255317,1-0-2440-1,iy,UT_003,003,2,fave,221.9285583461628,45.48604288821526,5,reading,1,0.0699459999998453,"","",R,D,R,D,internal
512.0224144878819,2852.1403318025127,3532.275556652567,4.015885892179223,4.094020489280721,4.88070358456713,7128.205128205128,0.00419742219372388,1116.1119155102042,0.037000000000000005,0.324561403508772,1-0-2456-1,iy,UT_003,003,2,fave,242.5689787291662,59.72041656447468,5,medium,1,0.09008800000015071,a,is,M,D,M,D,internal
495.86576731657726,2623.3142073243716,3079.2097411497916,3.3362540490762504,3.8066860203362496,4.379580030202065,6769.2307692307695,0.00011243939583043303,1116.2409148412696,0.035,0.33653846153846156,1-0-2456-3,iy,UT_003,003,2,fave,236.11488586988196,55.217448562623176,5,medium,0,0.08007799999995768,a,is,D,@,D,@,internal
426.83344509460403,2316.665123543022,2393.668102449713,3.9200986630756165,3.4477048752046833,4.4186141129979895,6589.74358974359,0.0003471454246381615,1124.7663458276643,0.031,0.32978723404255317,1-0-2489-1,iy,UT_003,003,2,fave,265.36578426418924,56.80888808034122,5,readings,1,0.06994699999995646,tarot,"",R,D,R,D,internal
484.5803829680466,2102.9873628417286,2339.604762303201,3.1580295138808134,3.9835667651822404,4.246485093453504,6589.74358974359,0.0004257352785429615,1131.8163948276642,0.031,0.32978723404255317,1-0-2512-1,iy,UT_003,003,2,fave,235.0075340399324,58.561756708616294,5,reading,1,0.06994600000007267,palm,there,R,D,R,D,internal
640.4400750996602,2741.4311648143726,3401.5802400054695,3.8758002866588686,3.490468821291692,4.4700823690215,7128.205128205128,0.00012911473416896293,1153.68694815873,0.027000000000000003,0.32142857142857145,1-0-2586-1,iy,UT_003,003,2,fave,215.36914625000767,55.82263714929922,5,mediumship,1,0.059936000000107015,"","",M,D,M,D,internal
400.8211295423114,2664.844674040505,3224.008142057083,3.2801305437534123,3.801837782206204,3.991549930772501,6410.25641025641,0.00012637196867196432,1153.8069488276642,0.027000000000000003,0.32142857142857145,1-0-2586-3,iy,UT_003,003,2,fave,204.70499919844383,52.49024244026773,5,mediumship,0,0.059936000000107015,"","",D,@,D,@,internal
628.1381337744538,1924.3309379875905,2215.5619884179623,3.4359578922872442,4.0085255008600695,4.559424996588952,6948.717948717948,0.00011724871750568952,1164.6469431723356,0.027000000000000003,0.32142857142857145,1-0-2623-1,iy,UT_003,003,2,fave,186.96604442908384,53.01680500755368,5,react,0,0.06005800000002637,they'll,and,R,ae,R,ae,internal
695.2819723374828,3008.1431402751687,3307.672755102992,3.9125534607030965,3.851268793262863,4.586834593384049,8205.128205128205,0.0038933001117783562,1173.3189388276644,0.07100000000000001,0.33177570093457953,1-0-2653-1,iy,UT_003,003,2,fave,246.94195896109548,61.58046436546179,5,seen,1,0.18994199999997363,ever,[bracketed],S,N,S,N,internal
417.66360669909477,2749.079203659713,3367.217574025812,3.3116559832732806,3.3021863319827816,4.144738490394657,6769.2307692307695,0.000180652154593856,1176.12191884127,0.037,0.32456140350877194,1-0-2662-1,iy,UT_003,003,2,fave,208.04688919284038,56.87779983272517,5,medium,1,0.09008799999992334,island,"",M,D,M,D,internal
455.1692560432653,2665.388924566177,3229.645544880454,3.3108451697863575,3.5660536696700813,4.26109815626258,6410.25641025641,0.00015748522553336966,1176.2419205102042,0.037000000000000005,0.324561403508772,1-0-2662-3,iy,UT_003,003,2,fave,217.23672476185536,55.38976476235902,5,medium,0,0.09008700000003955,island,"",D,@,D,@,internal
472.88370268629336,2165.043772619876,2954.606365638996,3.2135782856759576,4.258368205228354,3.721025497445656,6410.25641025641,0.0000721730277044692,1198.7781451723354,0.025,0.33783783783783783,1-0-2763-2,iy,UT_003,003,2,fave,227.9299575115269,66.62565525997874,5,sleeper,1,0.05004900000017187,a,cell,L,P,L,P,internal
379.78855092046865,2476.6414897728637,2872.118443578333,3.5515839028072205,4.011996803889775,3.9697250567723437,6769.2307692307695,0.0006211328124815118,1235.7644275102043,0.040999999999999995,0.33064516129032256,1-0-2854-1,iy,UT_003,003,2,fave,307.6944453299871,59.5683944142447,5,week,1,0.100097999999889,a,"",W,K,W,K,internal
396.57758855609114,2249.4171876258347,2882.582926806096,2.5471743256219157,4.418617643479933,4.092434062159099,6589.74358974359,0.00007909446772569777,1245.2394908276642,0.031,0.32978723404255317,1-0-2887-5,iy,UT_003,003,2,fave,197.2597893973818,50.03783251568447,5,completely,1,0.06994600000007267,switching,"",L,T,L,T,internal
474.184898003557,2120.9240967355063,2380.155220160946,3.3898474579572673,3.53084609566715,4.346620715279045,6051.282051282051,0.0026571544493863637,1346.4290248412697,0.035,0.3365384615384616,1-0-2951-3,iy,UT_003,003,2,fave,233.33948063735536,45.0249568728819,5,cereal,0,0.08007799999995768,his,"",R,@,R,@,internal
332.2914756695639,2821.059058645,3066.639625645321,3.6412020640132696,3.9243212562283016,4.308401203001208,6769.2307692307695,0.0013738112194826711,1351.7952774965984,0.04100000000000001,0.3306451612903227,1-0-2961-1,iy,UT_003,003,2,fave,261.65750583913467,50.71444654127421,5,week,1,0.09997600000019702,last,"",W,K,W,K,internal
445.0576004903329,2231.616259802012,2474.1164124640586,3.9440739474379995,3.668837604783108,3.704607708926156,6410.25641025641,0.0001387460877445552,1366.9116854965985,0.037000000000000005,0.324561403508772,1-0-2985-1,iy,UT_003,003,2,fave,250.64451711713033,59.98000485024196,5,reading,1,0.08996600000000399,was,it,R,D,R,D,internal
396.18868497882926,2464.042209703412,2998.4806499411966,3.3676872199844157,3.6139998616194497,3.453999525931146,6410.25641025641,0.00029587320503634114,1379.9936414965985,0.04100000000000001,0.3306451612903227,1-0-3022-1,iy,UT_003,003,2,fave,114.51830787355782,46.31986292646238,5,season,1,0.09997599999996964,this,"",S,Z,S,Z,internal
460.00192782990274,3028.4356823051908,3623.0947450430663,3.393226188758933,3.7400911577825933,4.578748253910657,6769.2307692307695,0.0010415951469311675,1387.8792225034015,0.057,0.3275862068965517,1-0-3038-1,iy,UT_003,003,2,fave,218.2877713295948,56.537367093036494,5,needs,1,0.15002399999980298,crab,a,N,D,N,D,internal
447.28966390205056,1922.6873051557513,2271.6453475228745,2.85094345624939,3.7591517131859877,4.205931467163023,6410.25641025641,0.0003602397714049891,1393.0942081723356,0.027000000000000003,0.32142857142857145,1-0-3047-1,iy,UT_003,003,2,fave,209.63821341565873,55.52437509179192,5,returned,0,0.06005900000013753,william,to,R,T,R,T,internal
471.2641759987352,2977.3240449164605,3170.8641740810813,3.493826469851559,3.99391036421478,4.252119544629438,6948.717948717948,0.0010151801987357888,1429.7488218344672,0.055,0.33536585365853655,1-0-3109-1,iy,UT_003,003,2,fave,218.21287381701293,59.06060973528042,5,needs,1,0.1400149999999485,book,"",N,D,N,D,internal
444.51836269877646,2732.568733936586,3363.7963960626366,4.034088742577041,3.5860805115774683,4.143382936055686,6410.25641025641,0.0037858474833356455,1475.1814685034014,0.057,0.32758620689655177,1-0-3201-1,iy,UT_003,003,2,fave,261.6099246827238,57.651038411489765,5,geese,1,0.15002400000003036,the,"",G,S,G,S,internal
518.4968177804456,2721.8842307265563,3161.339107363775,3.963837694002338,3.483602632418297,3.9840001507481526,6589.74358974359,0.0003801426425960207,1505.4403251723356,0.031,0.32978723404255317,1-0-3248-1,iy,UT_003,003,2,fave,243.74570914911038,54.43017979076515,5,people,1,0.07006799999999203,roman,spoke,P,P,P,P,internal
466.39645884185256,2917.2278325990846,3384.245047565304,3.3533782025418155,3.5151966765237375,4.536352572111522,6589.74358974359,0.0011255617897495166,1511.9033925034014,0.057,0.32758620689655177,1-0-3260-1,iy,UT_003,003,2,fave,224.3985641004817,56.17254775665779,5,needs,1,0.15002400000003036,"",mittens,N,D,N,D,internal
470.4622780287427,2305.87572291469,2953.6841266271304,3.718265781337401,3.971579520131092,3.8262068736315356,6410.25641025641,0.0001468446378244098,1517.17031084127,0.031,0.32978723404255317,1-0-3269-2,iy,UT_003,003,2,fave,229.64455055346676,52.39431102836953,5,sleeps,1,0.07006799999999203,dog,on,L,P,L,P,internal
407.68024096263883,2671.2086447062457,2969.972862461034,3.56868872126733,4.208161908890775,4.26846314367552,6948.717948717948,0.0011978773571034733,1529.8672994965984,0.040999999999999995,0.33064516129032256,1-0-3294-1,iy,UT_003,003,2,fave,211.09888631496122,48.843097627009236,5,weekend,1,0.09997500000008586,last,"",W,K,W,K,internal
371.44135406213434,2833.512269185094,3074.4178818466758,3.6688664907602613,3.8970510658742032,4.430152067054901,6769.2307692307695,0.0003161029825698285,1535.5242398412697,0.035,0.33653846153846156,1-0-3304-1,iy,UT_003,003,2,fave,210.00169843914853,50.2164999330172,5,weekend,1,0.08007799999995768,next,"",W,K,W,K,internal
529.5399481083614,2827.9558504464467,3142.675736541068,3.2270015807383556,3.951828908727087,4.013186980143075,6230.7692307692305,0.0002520710526610339,1539.450261165533,0.047,0.3263888888888889,1-0-3308-1,iy,UT_003,003,2,fave,230.75166868416642,58.303581944210364,5,need,1,0.11999500000001717,windows,curtains,N,D,N,D,internal
772.1725600896013,1745.455553599798,2869.8352844835795,3.5340019208829285,3.7014935658493897,4.136930549220638,6589.74358974359,0.0003309630469951055,66.41854916553287,0.061000000000000006,0.6489361702127661,1-0-14-3,ey,UT_003,003,2,fave,NaN,38.35228386332507,5,female,2,0.07000000000000739,"","",M,L,M,L,internal
415.1521369014555,2470.91938331837,3084.2908237309775,3.2091663790856284,3.8708078772617913,4.505156817357148,6230.7692307692305,0.0002700192906054976,85.77054416553287,0.025,0.24038461538461545,1-0-49-1,ey,UT_003,003,2,fave,187.69991457562472,48.330349576616435,5,davis,1,0.08000200000000746,been,"",D,V,D,V,internal
622.8196181354956,2076.9247913585177,2919.5585168552543,3.3917909066486955,3.9851375409858023,4.115460015493891,6589.74358974359,0.0004275333125752988,180.02344883446713,0.025,0.09124087591240877,1-0-175-1,ey,UT_003,003,2,fave,210.38069387630853,52.050504956946135,5,base,1,0.25,force,"",B,S,B,S,internal
657.6848028667093,2087.1445739663063,2939.7094018940757,3.213092648487073,3.9587725419834885,4.429277151856888,6948.717948717948,0.00018252488861280724,191.13344983446714,0.025,0.21929824561403513,1-0-192-1,ey,UT_003,003,2,fave,275.4372575742269,60.43663964312076,5,made,1,0.08999599999998509,a,up,M,D,M,D,internal
683.711240270352,2501.26192648642,3092.1613001088976,3.7989232653816596,3.8625597675528125,4.220107227652498,6589.74358974359,0.0009292775490120054,312.9357571655329,0.07500000000000001,0.5208333333333335,1-0-470-1,ey,UT_003,003,2,fave,188.4489646729775,46.6679384476698,5,came,1,0.11999500000001717,job,"",K,M,K,M,internal
592.3875386107347,1924.8517426128694,2927.208750469564,3.281145687285408,4.145733173034914,4.247216299505187,6410.25641025641,0.0006994144123436952,314.50945116553294,0.025,0.24038461538461545,1-0-476-1,ey,UT_003,003,2,fave,108.70676990985137,43.963221039286836,5,later,1,0.07998699999996006,months,"",L,T,L,T,internal
576.2246007130274,2388.6757055448475,2970.4408703019362,3.2778723130582135,3.9735520053969218,4.005611840703424,6589.74358974359,0.0009759101100304487,350.81426083446706,0.061000000000000006,0.33152173913043487,1-0-531-1,ey,UT_003,003,2,fave,187.08039634052952,52.972423798076335,5,basic,1,0.1600040000000149,most,"",B,S,B,S,internal
615.912009649677,2351.95744589179,3114.534887320072,3.7299422033004856,3.721350928833917,4.41704094652972,6589.74358974359,0.0019931647063473916,352.86624350340134,0.025,0.10683760683760685,1-0-535-1,ey,UT_003,003,2,fave,190.8256787140148,52.216805873969605,5,made,1,0.21002200000003768,pre,wix,M,D,M,D,internal
584.1273349931084,2268.6815168146177,2995.516890201151,3.703034460520918,3.6603137357219464,4.00675846315504,6589.74358974359,0.00008675956330481492,362.2762361655329,0.025,0.2976190476190476,1-0-570-1,ey,UT_003,003,2,fave,197.59666119789009,51.59611147326494,5,making,1,0.05999700000000985,business,sure,M,K,M,K,internal
527.1530029419582,2453.727759391152,3218.3982798392894,3.602755105895341,3.867136116912704,4.418595504001855,6948.717948717948,0.003881645941592233,367.17625449659863,0.025,0.13586956521739132,1-0-584-0,ey,UT_003,003,2,fave,200.5990710683043,54.055155363901314,5,eighty,1,0.1599729999999795,"",five,#,T,"",T,initial
751.0262128715461,2744.6519431544284,3017.352680363171,3.59822698344129,3.6901339313890844,4.1589538081288575,6589.74358974359,0.00027265731951778613,402.8266381655328,0.089,0.7807017543859649,1-0-612-1,ey,UT_003,003,2,fave,198.00931070022122,50.43744794491979,5,saint,1,0.08999600000004193,to,george,S,N,S,N,internal
568.8777225860294,2234.417959512773,3067.4722419746413,3.3573139519954918,3.954638603387466,4.161135879604936,6589.74358974359,0.0005782080611772546,417.6746488344671,0.025,0.17361111111111113,1-0-664-1,ey,UT_003,003,2,fave,174.5386123325496,48.90517608304095,5,favorite,1,0.11999499999996033,"",places,F,V,F,V,internal
559.7683962065856,1993.2606589909085,3004.7364862129257,3.06694396676989,4.08467011875965,4.2780464191724965,6410.25641025641,0.0016454246911634213,418.1896531655329,0.035,0.2272727272727273,1-0-665-2,ey,UT_003,003,2,fave,151.39281296903835,43.75217563691454,5,places,1,0.1300040000000422,favorite,"",L,S,L,S,internal
764.5392764688775,2791.552031966382,3312.403976162006,3.6180062965951767,3.715235906890423,4.2854830048684125,6589.74358974359,0.0003465253186395132,432.9714491655328,0.07900000000000001,0.692982456140351,1-0-692-1,ey,UT_003,003,2,fave,185.44303444669075,44.939779348635255,5,saint,1,0.08999600000004193,say,george,S,N,S,N,internal
447.2369521771202,2438.0971231680487,2865.0005025635414,3.1765923509049654,3.9367189540269574,4.653350951461929,6589.74358974359,0.0005055946040943085,475.9195404965986,0.025,0.18656716417910452,1-0-776-3,ey,UT_003,003,2,fave,195.17977681076226,53.2411002185138,5,vacation,1,0.10998600000004899,my,i'm,K,SH,K,SH,internal
718.253485437332,2477.0494411069963,2870.9908637109575,3.1191262882007815,3.8695859353006186,4.333214716072285,6589.74358974359,0.0002848280785867534,716.2338405034013,0.099,0.7983870967741936,1-0-1172-1,ey,UT_003,003,2,fave,258.1658872896484,57.09135039315382,5,game,1,0.10003700000004301,[bracketed],of,G,M,G,M,internal
554.3996271679958,2549.1110878676736,2980.713584350409,3.35043239689852,3.781159055616932,3.929659478985817,6589.74358974359,0.000035157984648322766,726.6978291655329,0.027000000000000003,0.32142857142857145,1-0-1205-1,ey,UT_003,003,2,fave,252.20130932131815,54.06381927788825,5,came,1,0.05999800000006417,"",out,K,M,K,M,internal
626.7920310759542,2099.2925348904537,2888.1728521145783,3.6362504429210687,3.548551446145952,4.0478993577236695,6410.25641025641,0.000204833477360762,727.1868248344671,0.025,0.26595744680851063,1-0-1208-1,ey,UT_003,003,2,fave,207.13785127398444,54.15600843709425,5,maybe,1,0.07000800000002982,or,the,M,B,M,B,internal
596.1730259918214,1980.7382427910686,2137.1659781887633,3.229704513183137,4.077886900272511,4.400093315863217,6589.74358974359,0.0016502424928207572,864.3588771655328,0.025,0.12254901960784313,1-0-1547-2,ey,UT_003,003,2,fave,176.31499716010393,44.39335523555849,5,grade,1,0.17999299999996765,seventh,"",R,D,R,D,internal
526.2202152755789,2096.258052293657,2451.515998865549,3.513806031823221,4.236318462073484,3.7043816659181847,6410.25641025641,0.0018781286578286478,922.3070771655329,0.037,0.2569444444444445,1-0-1688-2,ey,UT_003,003,2,fave,208.50607805813766,55.077415144444,5,crazy,1,0.11999500000001717,be,"",R,Z,R,Z,internal
564.0791685257803,2080.2972371417586,2418.4588935126794,3.8732277565432347,3.7461831211066836,3.8315640570471756,6589.74358974359,0.00016296751898695993,930.5212311655328,0.025,0.17361111111111113,1-0-1721-2,ey,UT_003,003,2,fave,288.4708438745504,60.00750266932977,5,crazy,1,0.11999500000001717,not,here,R,Z,R,Z,internal
717.5178796530122,2419.675286433225,3005.9300920274186,3.432522144137005,4.019831695809196,3.7790097221539583,6589.74358974359,0.00019126594534359982,978.6886451655328,0.035,0.28225806451612906,1-0-1932-1,ey,UT_003,003,2,fave,282.98642531753796,56.326777690286214,5,maintenance,1,0.09997600000008333,"",and,M,N,M,N,internal
550.9130642189369,2862.5104129614538,4238.084540538685,3.939870741564399,4.1278292633171345,5.185585690778312,8205.128205128205,0.00946399107426689,992.8926495034013,0.08300000000000002,0.45108695652173925,1-0-1999-1,ey,UT_003,003,2,fave,205.63996276949163,52.72676386120402,5,came,1,0.160033999999996,that,and,K,M,K,M,internal
691.154291598016,1903.5928396723782,2813.797641951031,3.265915654697714,3.9174649500842227,3.784538001009671,6410.25641025641,0.0000808130761244852,1010.7237518344671,0.025,0.26595744680851063,1-0-2060-1,ey,UT_003,003,2,fave,207.98108036023615,58.826734547029176,5,weighing,1,0.07000700000003235,"",them,W,i,W,i,internal
597.9590942421676,2057.7635395711077,2295.2653243676195,3.400164876925527,4.066856483001084,3.9077429085105626,6051.282051282051,0.00020784288640140024,1058.7636664965985,0.031,0.2719298245614035,1-0-2257-3,ey,UT_003,003,2,fave,222.2177730232441,58.03167665609537,5,stranger,1,0.08996600000000399,a,that,R,N,R,N,internal
548.3314961177164,2036.9052636765482,2256.5459987329727,3.319071181585072,3.726620798206376,4.081370358083592,6230.7692307692305,0.00015730926698080732,1078.6733864965986,0.025,0.21929824561403513,1-0-2338-3,ey,UT_003,003,2,fave,99.1822242452449,53.26267073546107,5,stranger,1,0.0899650000001202,a,"",R,N,R,N,internal
652.4137471459362,1850.084491634659,2213.3761817670534,3.324524222144196,4.018837382211468,4.174337913393817,6230.7692307692305,0.00034333500467564714,1083.2863658276642,0.031000000000000003,0.2980769230769232,1-0-2356-2,ey,UT_003,003,2,fave,-430.7422331297991,48.48296934580952,5,great,1,0.07995600000003833,pretty,"",R,T,R,T,internal
615.5236805508547,2261.2143465275312,3178.387892908082,3.336052069051085,4.336951377837228,4.441637094552392,6589.74358974359,0.004039466457817252,1121.8433301723355,0.025,0.12254901960784315,1-0-2479-0,ey,UT_003,003,2,fave,202.51455701502948,51.97299749106669,5,aid,1,0.18005399999992733,visual,but,#,D,L,D,initial
567.025393369497,2391.5325155114238,2783.8358186338883,3.238434039955359,3.772541034631736,4.444883675338566,6230.7692307692305,0.0005608170732266736,1129.3893464965986,0.037000000000000005,0.3557692307692308,1-0-2502-5,ey,UT_003,003,2,fave,3439.367383691367,51.890832811085566,5,information,1,0.07995699999992212,the,a,M,SH,M,SH,internal
596.3737588141423,2562.73339890585,3063.882299528417,3.3960573520169364,3.70635299352776,3.743621644383834,6589.74358974359,0.000735942874182838,1144.9733318412698,0.045,0.3629032258064516,1-0-2560-2,ey,UT_003,003,2,fave,171.55533061518557,50.23273454027332,5,amazing,1,0.10009700000000521,"","",M,Z,M,Z,internal
561.8303440616082,1856.3437935645682,2189.6693275028897,3.5295747724857436,4.310632329544289,3.914077253089837,6410.25641025641,0.002513018443367585,1167.4159508344671,0.025,0.15243902439024393,1-0-2632-2,ey,UT_003,003,2,fave,171.0601330795987,48.61866407052822,5,phrase,1,0.1400149999999485,exact,word,R,Z,R,Z,internal
641.3682041344584,1881.6626992579763,2829.282120621899,3.258045445802396,3.7141390152203795,3.7736497912474567,6410.25641025641,0.0004471254270919974,1187.478201165533,0.025,0.20161290322580647,1-0-2715-2,ey,UT_003,003,2,fave,255.37168172301762,62.91671889271089,5,place,1,0.09997600000019702,that,where,L,S,L,S,internal
480.10556097758035,2194.9490429021967,2755.110523844695,3.2119758202355775,3.9371354606687063,4.144273497612647,6410.25641025641,0.000012192470840768654,1198.3501848276642,0.029,0.34523809523809523,1-0-2761-5,ey,UT_003,003,2,fave,213.49722133182004,65.76456145862063,5,activated,2,0.0599369999999908,i've,a,V,T,V,T,internal
543.5147996202395,1883.7027172953951,2870.424651818752,2.7993455293113425,4.143581056798983,4.119715893625491,6410.25641025641,0.0005846765865255266,1199.2281954965986,0.025,0.21929824561403513,1-0-2765-0,ey,UT_003,003,2,fave,422.2931101589734,58.960411076574516,5,agent,1,0.08996600000000399,cell,and,#,JH,L,JH,initial
582.3142810005163,1981.9974212386728,2337.3890143669782,3.0718670275636524,4.045224416732566,3.9679809556740304,6589.74358974359,0.00047620876192023306,1252.3484828344672,0.049,0.2987804878048781,1-0-2907-2,ey,UT_003,003,2,fave,227.05485350078246,57.75412429266277,5,great,1,0.1400149999999485,be,it,R,T,R,T,internal
625.3215655355596,2060.4570065067933,2822.416213757455,2.974808417328037,3.8042598425859815,4.087368090656311,6589.74358974359,0.0002114765778355839,1257.0564405034015,0.065,0.37356321839080464,1-0-2923-1,ey,UT_003,003,2,fave,104.39651963984923,52.36567453486076,5,base,1,0.15002400000003036,on,"",B,S,B,S,internal
648.9341519693652,2164.4939088282626,2990.0248848436845,3.1528502264942153,3.3967858547824976,3.7232992730541463,6410.25641025641,0.00015992633689600736,1369.3946508276645,0.063,0.6702127659574468,1-0-3001-1,ey,UT_003,003,2,fave,214.44415364388152,58.74258972220418,5,saying,1,0.06994600000007267,just,painting,S,i,S,i,internal
836.10868870272,2865.183338938219,2963.2142273078493,3.713299966317562,4.3406394961041554,4.283390050005419,6230.7692307692305,0.0010751734069588286,1369.7726514965984,0.07900000000000001,0.7596153846153847,1-0-3002-1,ey,UT_003,003,2,fave,194.54714821308247,51.10771787498349,5,painting,1,0.07995600000003833,saying,i,P,N,P,N,internal
668.8787084607475,2181.243107051496,3186.8455906156496,3.0172860546692704,3.655745558138262,3.2842531063967804,6410.25641025641,0.00010865144448782774,1383.4832175034014,0.025,0.13586956521739132,1-0-3028-2,ey,UT_003,003,2,fave,221.42739042365102,55.91806112583361,5,snail,1,0.160033999999996,a,"",N,L,N,L,internal
702.314890917363,3072.5878092234575,3479.10363879071,4.072541356776544,4.004996958374664,4.531026185316643,7307.692307692308,0.00108782737648475,1400.5862841655328,0.07100000000000001,0.5298507462686568,1-0-3059-4,ey,UT_003,003,2,fave,201.9591870017215,53.556287941737956,5,contain,1,0.10998499999982414,"",an,T,N,T,N,internal
709.7380436562585,1695.691437629854,2748.8399441282068,3.4463117605252345,3.822896490386536,3.7657875914074386,6410.25641025641,0.00017202261146398662,1406.4052025034011,0.149,0.8563218390804598,1-0-3070-1,ey,UT_003,003,2,fave,202.50149941920571,55.58711581170161,5,tale,1,0.15002500000014152,the,"",T,L,T,L,internal
571.9104116943665,2025.6280179132307,2268.4223489329297,3.426176754495118,3.912288459234863,3.7196716773863563,6589.74358974359,0.0001668693010299663,1431.1278254965987,0.033,0.26612903225806456,1-0-3114-4,ey,UT_003,003,2,fave,195.74010820548335,54.138612976067584,5,decoration,1,0.09997600000019702,for,"",*hr,SH,*hr,SH,internal
580.8113404906837,2262.363830603568,3035.6271364143363,3.3691430203583717,3.792313670470494,3.8285813480691546,6769.2307692307695,0.00044873796222431135,1440.9302628276644,0.029,0.14215686274509806,1-0-3129-1,ey,UT_003,003,2,fave,212.08075258406745,56.68494780749574,5,made,1,0.1799319999997806,is,with,M,D,M,D,internal
628.7202065619822,1681.3040640089823,2865.8848378337907,3.168733113377396,3.7872468622453845,3.760309010484384,6410.25641025641,0.00017559483245396348,1441.605279165533,0.119,0.826388888888889,1-0-3131-1,ey,UT_003,003,2,fave,211.30896108304117,55.76852445013091,5,kale,1,0.11999500000001717,with,from,K,L,K,L,internal
648.0613029826098,1819.7152195042058,2724.9134526458392,3.532772607427771,3.757498334500357,3.6582811780334055,6410.25641025641,0.0004921506134458502,1452.1702075034013,0.16899999999999998,0.8711340206185567,1-0-3150-0,ey,UT_003,003,2,fave,195.05914834208528,52.3862804430333,5,ale,1,0.17004399999996167,"","",#,L,"",L,initial
453.9981703532051,2209.781977113879,2892.8226077362,3.162258887051469,3.962003104494857,4.284266942229626,6410.25641025641,0.0005356884690965282,1458.2382111655331,0.025,0.18656716417910452,1-0-3164-1,ey,UT_003,003,2,fave,186.76030676905296,54.19823316013645,5,safely,1,0.10998499999982414,"","",S,F,S,F,internal
688.6066477591612,1982.4406801826526,3072.663498369771,3.1739430509250997,3.727976165920088,3.5598282290000713,6589.74358974359,0.0004397324640968157,1490.8554151723354,0.025,0.12254901960784315,1-0-3222-2,ey,UT_003,003,2,fave,226.96957810615905,60.96477459359009,5,plays,1,0.1800540000001547,"",the,L,Z,L,Z,internal
646.0168314193719,2823.30426598076,3196.206244502527,3.803774098015503,4.347605552682333,4.380292325633543,6948.717948717948,0.0019695519927839487,1506.8292988344672,0.089,0.5426829268292682,1-0-3253-0,ey,UT_003,003,2,fave,216.4238308657966,50.848386604122815,5,ancient,1,0.1400149999999485,"",times,#,N,"",N,initial
641.4568867888337,1655.2747477856612,2750.707217787532,3.174038542499172,3.981513550747821,4.000262357034747,6589.74358974359,0.0002705773712925818,1517.839372489796,0.14900000000000002,0.8563218390804598,1-0-3272-2,ey,UT_003,003,2,fave,214.42811400470737,57.14985064825675,5,trail,1,0.1499029999999948,the,during,R,L,R,L,internal
620.7900979789116,2466.6721706175895,3044.4741111929243,3.8656827505016143,3.5438638460852534,3.7213345434138567,6589.74358974359,0.00018860373142638075,1521.2493504965987,0.049,0.47115384615384615,1-0-3278-1,ey,UT_003,003,2,fave,263.2298878069682,58.54082610833682,5,table,1,0.07995599999981096,my,was,T,B,T,B,internal
654.9914310578356,1707.5065823286275,2911.281090222979,3.2133844469494233,3.6358562686993947,3.4332891163698624,6589.74358974359,0.0000958925134237877,1522.8743145034014,0.159,0.8641304347826088,1-0-3282-1,ey,UT_003,003,2,fave,222.1013751335616,58.69844982869737,5,mail,1,0.160033999999996,with,"",M,L,M,L,internal
653.5383009915722,1667.901343216345,2875.3006244939565,3.3520165766369865,3.5791742617111715,3.6677238102160157,6589.74358974359,0.00017796350453312676,1534.896290834467,0.13899999999999998,0.8475609756097561,1-0-3302-1,ey,UT_003,003,2,fave,210.06327295229767,56.88150069656295,5,sale,1,0.1400149999999485,the,next,S,L,S,L,internal
565.4200153365523,2105.6731159421165,2524.8103577129473,2.9588623824292117,4.093778425296164,3.5667761895098886,6051.282051282051,0.0002457062701159014,76.86154816553288,0.027000000000000003,0.32142857142857145,1-0-18-1,iyr,UT_003,003,2,fave,269.58174518062026,56.994532018809174,5,syracuse,1,0.05999799999999311,"","",S,R,S,R,internal
554.4379355365973,1958.003771254216,2925.888309132791,3.5379726446730175,3.638859871011265,4.448029195342992,5871.794871794871,0.000042039995028161206,110.44385183446711,0.027000000000000003,0.32142857142857145,1-0-63-1,iyr,UT_003,003,2,fave,214.652496670378,52.41311360003753,5,syracuse,1,0.05999800000000732,for,and,S,R,S,R,internal
455.006193398012,2396.758336050078,2752.780380343874,2.7883347998595993,3.814305218580654,4.179735951259657,6769.2307692307695,0.00031887280596708386,115.44585183446712,0.031,0.32978723404255317,1-0-75-1,iyr,UT_003,003,2,fave,447.8420398925751,42.69779399367548,5,years,1,0.07000000000000739,"","",Y,R,Y,R,internal
396.3096311210927,2587.8203069019164,2942.002342247581,3.3361250042447166,3.871254454925652,3.896350778392965,5871.794871794871,0.001073284656516052,743.6561391723357,0.067,0.3284313725490196,1-0-1265-1,iyr,UT_003,003,2,fave,198.57011608109414,54.028132139810864,5,reread,1,0.18005399999992733,like,"",R,R,R,R,internal
661.1413190828633,2461.81638062112,2762.550804290939,3.4010834338466696,4.186216280462504,4.407553255766905,6410.25641025641,0.003154149774681587,830.7397411655329,0.040999999999999995,0.33064516129032256,1-0-1474-1,iyr,UT_003,003,2,fave,289.18080434322474,52.11214570830068,5,years,1,0.09997600000008333,15,since,Y,R,Y,R,internal
421.01572057228054,2564.18620854888,2864.6989091047835,3.5455916718635105,4.014154316232793,4.09641423242484,6589.74358974359,0.0004319080123863497,930.8422281655329,0.047,0.3263888888888889,1-0-1722-1,iyr,UT_003,003,2,fave,190.82442448744044,57.84236535533954,5,here,1,0.11999600000001465,crazy,"",HH,R,HH,R,internal
403.61134213508166,2308.1500908377407,3042.2993920164245,3.46615737159765,3.607871106922762,4.0598267319990775,6230.7692307692305,0.00016234964628520032,1346.25506315873,0.027000000000000003,0.32142857142857145,1-0-2951-1,iyr,UT_003,003,2,fave,105.29243045375844,47.99554038843888,5,cereal,1,0.0599369999999908,his,"",S,R,S,R,internal
561.5984247898407,2776.063325571461,2959.467666067659,3.604263013184619,3.758696656665452,4.489891923243214,6589.74358974359,0.0006646845327656185,1457.1392318344672,0.047,0.3263888888888889,1-0-3160-1,iyr,UT_003,003,2,fave,215.03344995501584,56.05406576282949,5,near,1,0.11999500000001717,landed,the,N,R,N,R,internal
558.6436316649988,1710.280320754892,2022.259292428012,3.154454886837865,3.8893356511067694,3.1914434066419655,6051.282051282051,0.0001150823752931644,76.99154516553288,0.027000000000000003,0.32142857142857145,1-0-18-3,@,UT_003,003,2,fave,286.41567126387986,49.30512733544959,5,syracuse,0,0.060005999999987125,"","",R,K,R,K,internal
705.5543411073318,1872.087426383885,2092.07186142028,3.6019116788100285,3.629929576468701,4.089781433435645,5692.3076923076915,0.000015544830470104874,81.50054816553288,0.025,0.33783783783783783,1-0-28-0,@,UT_003,003,2,fave,212.28236810754822,51.75317607783238,5,until,0,0.050002999999989584,there,i,#,N,R,N,initial
581.2360418712589,1688.2521420933533,2733.7266994945103,3.563649085042843,3.8656278715000694,4.007544561909744,6051.282051282051,0.00009169475971190839,81.92154616553287,0.027000000000000003,0.32142857142857145,1-0-30-1,@,UT_003,003,2,fave,191.67729137772787,44.39061528497064,5,was,0,0.05999700000000985,i,"",W,Z,W,Z,internal
757.0371849869839,1921.9763163365067,3115.6399969701615,3.5686917490171166,3.4808085077750706,3.7044432326209042,6230.7692307692305,0.00002679798144391702,82.78154616553287,0.027000000000000003,0.32142857142857145,1-0-33-0,@,UT_003,003,2,fave,203.24630016497665,47.505963787635984,5,and,0,0.05999800000000732,fifteen,then,#,N,N,N,initial
671.9579686809832,1893.992304360371,3065.365594559395,3.3280161597510016,3.450047476114863,3.755522055356338,6230.7692307692305,0.00011546066551215542,84.31554516553288,0.035,0.3365384615384616,1-0-43-5,@,UT_003,003,2,fave,203.1983724864959,44.61917428322287,5,clinton,0,0.08000199999999325,in,"",T,N,T,N,internal
704.8358765367384,1748.5287972988585,2710.8165633691146,3.4327625765886487,3.598973140139008,3.768895491482354,6051.282051282051,0.0001278190942545188,85.54354916553287,0.031,0.32978723404255317,1-0-48-1,@,UT_003,003,2,fave,190.02432228228193,44.97719322315649,5,been,0,0.06999900000000991,always,davis,B,N,B,N,internal
550.7816350711671,2000.5882340619535,2815.964092750829,3.647708037625372,3.587452654985199,3.5178188300374615,6230.7692307692305,0.00015057955220945245,85.92154616553287,0.027000000000000003,0.32142857142857145,1-0-49-3,@,UT_003,003,2,fave,1184.1116331447295,43.41539468246399,5,davis,0,0.05999700000000985,been,"",V,S,V,S,internal
653.9833499615726,1796.0200618267393,2936.4991701421422,3.327193811247195,2.950323803055388,3.7083266957841032,6230.7692307692305,0.00013493083199945502,111.01885183446713,0.037000000000000005,0.324561403508772,1-0-64-0,@,UT_003,003,2,fave,226.07066488723856,46.86224020381669,5,and,0,0.09000399999999331,syracuse,then,#,N,Z,N,initial
639.1920690569814,1784.3218396456502,2868.6009025067797,3.185100049150692,2.964142253218964,3.5570304142729086,6230.7692307692305,7.015329856591582e-6,116.50284983446713,0.025,0.33783783783783783,1-0-78-5,@,UT_003,003,2,fave,231.68111462193602,42.437253725812276,5,clinton,0,0.050002999999989584,in,"",T,N,T,N,internal
695.729998571909,1522.90196408919,3153.0406612027637,3.6175434457849382,3.963780546826447,4.14609856695029,6051.282051282051,0.000039065790954599566,136.12174683446713,0.025,0.33783783783783783,1-0-89-1,@,UT_003,003,2,fave,260.4857968049793,49.949067958250254,5,to,0,0.050003000000003794,tried,learn,T,#,T,L,final
699.5410747186751,1903.8384963148642,2929.436139303193,3.153295675184992,3.5777765342545873,3.7458646198121035,6051.282051282051,0.00007173028567393148,138.3647461655329,0.031,0.32978723404255317,1-0-97-0,@,UT_003,003,2,fave,228.6315710230672,45.250083352255224,5,an,0,0.07000700000000393,"",auditory,#,N,"",N,initial
568.5691149320487,1755.2096194076685,2977.663545255487,3.8031450531596813,3.6533623231190053,4.077672392626365,6051.282051282051,0.00002530456801290939,150.10175783446712,0.025,0.33783783783783783,1-0-122-1,@,UT_003,003,2,fave,217.9724554010545,51.58038002191372,5,to,0,0.050003000000003794,count,three,T,#,T,TH,final
489.8118697817177,2045.2426332597047,2533.6049457754534,2.926287116484095,3.691874569196472,3.7535844963364453,6410.25641025641,0.00006027246051146786,170.0723421655329,0.031,0.32978723404255317,1-0-138-0,@,UT_003,003,2,fave,229.9361604188117,54.746844331495886,5,and,0,0.07000700000000393,work,"",#,N,K,N,initial
775.1155941504547,1295.7727718614142,2678.87056313885,4.147072233036385,3.929285057898189,4.319919049277139,5512.820512820513,0.000569728780266892,183.78445316553285,0.027000000000000003,0.32142857142857145,1-0-181-0,@,UT_003,003,2,fave,201.63735623589562,49.157000340687965,5,a,0,0.05999800000000732,i'm,budget,#,#,M,B,coextensive
688.3332782566805,1170.349575333749,2454.9920703509733,4.205692173677214,3.4953917891489286,4.972017040628073,5512.820512820513,0.0047108482137610316,184.3464511655329,0.031,0.32978723404255317,1-0-183-2,@,UT_003,003,2,fave,NaN,39.787875027256604,5,analyst,0,0.06999200000001338,budget,"",N,L,N,L,internal
726.147656969083,1638.4948993810312,2913.0548123856797,3.0170275771216746,3.4419462711798463,3.927594627424308,6230.7692307692305,0.000735868833445072,184.48644583446713,0.051000000000000004,0.3311688311688312,1-0-183-4,@,UT_003,003,2,fave,NaN,44.2797259039542,5,analyst,0,0.13000500000001125,budget,"",L,S,L,S,internal
550.7243744340014,1483.0369425284293,2666.901569907881,3.4529605940605124,3.5667864032058936,3.99233732490947,6230.7692307692305,0.00011131359054896358,190.51444916553285,0.027000000000000003,0.32142857142857145,1-0-188-0,@,UT_003,003,2,fave,-362.03867196751236,45.25023607370789,5,a,0,0.05999700000000985,it's,"",#,#,S,"",coextensive
526.867904021375,1553.2095458317572,3197.5425712312317,3.412115854471643,3.56896024062134,4.001952540616488,6230.7692307692305,0.000025211184422372003,193.40444816553287,0.027000000000000003,0.32142857142857145,1-0-200-3,@,UT_003,003,2,fave,217.47214606320077,53.413899824848244,5,doesn't,0,0.0599979999999789,it,"",Z,N,Z,N,internal
460.4187243977222,2015.1658016468532,3147.6103793363027,3.0293841086492357,4.05639389567259,4.049831192703953,6051.282051282051,0.000016051599418490856,195.71344616553287,0.025,0.33783783783783783,1-0-207-1,@,UT_003,003,2,fave,202.7877670070908,51.32528606815625,5,to,0,0.050003000000003794,much,do,T,#,T,D,final
675.2712684164419,1697.3820439578722,2833.231352450569,3.5704564888001533,3.7899535562562434,4.101733756649418,5871.794871794871,0.00008016668044538754,196.32344616553289,0.025,0.33783783783783783,1-0-211-0,@,UT_003,003,2,fave,185.43659906983805,47.26100414104462,5,a,0,0.05000400000000127,being,budget,#,#,NG,B,coextensive
708.6682375237074,1341.1629014631276,2044.8175653223902,3.7106638476940312,3.9602413121271454,4.51797499698169,4615.384615384615,0.00036153428107296986,196.8384468344671,0.035,0.3365384615384616,1-0-213-2,@,UT_003,003,2,fave,192.9226285550332,46.70789136097233,5,analyst,0,0.08000200000000746,budget,"",N,L,N,L,internal
748.146761028471,1475.3793182574746,3151.7509400865265,3.300437997668296,3.405439675281093,3.776602924494853,6230.7692307692305,0.0006505249313436065,196.97444616553287,0.047,0.3263888888888889,1-0-213-4,@,UT_003,003,2,fave,211.8976021995351,51.020342359814805,5,analyst,0,0.11999500000001717,budget,"",L,S,L,S,internal
541.264632280564,1674.2923742668652,3133.0742085434977,3.420202505854119,3.4236802832747464,4.58862309027422,6051.282051282051,0.00009023923732225746,218.2927461655329,0.025,0.33783783783783783,1-0-248-0,@,UT_003,003,2,fave,247.39949425245499,52.09179984436338,5,of,0,0.050003000000003794,proud,accomplishing,#,V,D,V,initial
706.1553410981894,1271.2091635409868,2750.7451524212647,3.681555135721032,3.878658911203358,4.2835999402470835,5871.794871794871,0.00030528704715996073,221.02874783446714,0.037,0.32456140350877194,1-0-251-4,@,UT_003,003,2,fave,289.9939141229939,58.011433421990574,5,probably,0,0.09001100000000406,"",starting,B,B,B,B,internal
777.7452932140512,1881.980545970563,2971.178463864984,3.355617332934965,3.315549252836178,3.7446559485414976,6230.7692307692305,0.001038683067726503,222.50574816553288,0.07100000000000001,0.33177570093457953,1-0-254-4,@,UT_003,003,2,fave,206.92358911089676,49.333916725796584,5,business,0,0.19000299999999015,my,"",N,S,N,S,internal
707.8651137772068,1700.1083029243034,2803.628172009569,3.3110291243198433,3.3644516677468648,3.8480303244646725,6230.7692307692305,0.000021006637689226434,223.85374316553288,0.027000000000000003,0.32142857142857145,1-0-258-0,@,UT_003,003,2,fave,210.2284348981467,50.76410756702711,5,a,0,0.0599979999999789,am,psychic,#,#,M,S,coextensive
735.0199007088543,1977.2150927534462,3035.1287626486123,3.1173493407819746,3.491271795495178,3.961853876234901,6589.74358974359,0.0002577879665849068,224.5507461655329,0.040999999999999995,0.33064516129032256,1-0-260-4,@,UT_003,003,2,fave,181.84172385184735,45.12986561158565,5,medium,0,0.10000600000000759,psychic,"",iy,M,iy,M,internal
683.4635434965813,1714.5657805451588,3135.0188521549608,3.5771207114274657,3.4795967395215883,3.5451381258474304,6051.282051282051,0.0008993466268888692,227.88134916553287,0.035,0.3365384615384616,1-0-272-4,@,UT_003,003,2,fave,99.93307281240322,42.50569938425518,5,business,0,0.08000200000000746,my,and,N,S,N,S,internal
480.7252540463134,1521.218268883241,2778.742552624366,3.521766442936993,3.4886932680733733,3.5530478856924015,6051.282051282051,0.0000327286021433589,243.47734583446714,0.027000000000000003,0.32142857142857145,1-0-311-1,@,UT_003,003,2,fave,212.81425013857677,50.67737998062962,5,was,0,0.0600120000000004,it,probably,W,Z,W,Z,internal
652.6152285134121,1274.3754405209581,2781.523916746154,3.037940067542978,3.124781443166167,3.486504036559727,6051.282051282051,0.0002072196348649623,243.93235216553288,0.037000000000000005,0.324561403508772,1-0-312-4,@,UT_003,003,2,fave,212.34738366040858,54.663471658908406,5,probably,0,0.08999600000001351,was,"",B,B,B,B,internal
518.44813469003,773.8694465058161,2638.940268587039,3.724349576211625,3.9382610892629817,4.463063959152099,5871.794871794871,0.022344472828295533,246.2683508344671,0.129,0.33593749999999994,1-0-316-1,@,UT_003,003,2,fave,92.55910079214334,40.39881930029369,5,that,0,0.3600010000000111,"","",DH,#,DH,"",final
513.3759850604303,1718.1662907215202,2616.463671601232,2.209545286574694,3.658729431051386,3.9502108073099182,6230.7692307692305,0.0002554019256886254,253.20634683446713,0.045,0.3358208955223881,1-0-337-0,@,UT_003,003,2,fave,176.11359837720929,45.351284370005025,5,and,0,0.11000000000001364,"",it,#,N,"",N,initial
596.2333438143417,1067.8960518902475,2664.79923127884,3.5391197572248387,3.6349953270664708,4.520910589538801,6589.74358974359,0.0006565649540288363,254.2593541655329,0.031,0.32978723404255317,1-0-341-4,@,UT_003,003,2,fave,NaN,48.844965282274586,5,spiraled,0,0.06999200000001338,of,from,R,L,R,L,internal
698.3509780543169,1786.9128221685708,3047.3662381517966,3.6800386028045313,3.657707800017943,3.4190919493343386,6051.282051282051,0.00047196569867319333,281.4842448344672,0.035,0.33653846153846156,1-0-363-1,@,UT_003,003,2,fave,263.14993438844056,50.930256221447515,5,the,0,0.080016999999998,"",most,DH,#,DH,M,final
596.0250872234394,1670.2752851918258,2963.529175292008,3.423994830758934,3.02148404833667,3.8814011676872457,6230.7692307692305,0.00013238330703542911,282.66426216553293,0.035,0.3365384615384616,1-0-367-1,@,UT_003,003,2,fave,196.2335967758113,49.21477670098863,5,was,0,0.07998599999996259,one,"",W,Z,W,Z,internal
754.1950118855641,1892.198557717435,2553.4948466760384,3.7376771477548187,3.8703806272681733,4.467305448853332,6051.282051282051,0.0003052350179576233,284.82424083446716,0.035,0.33653846153846156,1-0-374-2,@,UT_003,003,2,fave,194.4384241304506,44.678126293745535,5,current,0,0.080016999999998,my,job,*hr,N,*hr,N,internal
773.8274133502965,1487.1105715649815,2712.229449853899,2.985851668839065,3.760205232809887,3.706191614173127,6051.282051282051,0.0003849812572349158,289.3552455034013,0.037000000000000005,0.324561403508772,1-0-383-0,@,UT_003,003,2,fave,230.28122687866494,53.368462814073474,5,apply,0,0.09002700000002051,"",for,#,P,"",P,initial
775.8079987082738,1736.7020759237,2854.6377196452017,2.9916207687595744,3.4340913088800686,3.9138372839650635,6589.74358974359,0.0004959122885460465,291.4652501655329,0.037,0.32456140350877194,1-0-386-0,@,UT_003,003,2,fave,231.95248367895607,51.98361030309026,5,a,0,0.08999599999998509,"",different,#,#,"",D,coextensive
529.5171290561484,1805.7766401275794,2792.539863815233,3.519655710771935,3.6407562040561867,3.550980856051412,6230.7692307692305,0.00019562173672861072,291.92224683446716,0.031,0.32978723404255317,1-0-388-1,@,UT_003,003,2,fave,251.48589167051767,56.47330478668302,5,position,0,0.0700069999999755,different,that,P,Z,P,Z,internal
704.4646100566072,1613.1891407805613,3010.30710303091,3.218894863332344,3.2095488390195683,3.9923576550638935,6230.7692307692305,0.00005671218855684839,295.1602621655329,0.027000000000000003,0.32142857142857145,1-0-396-1,@,UT_003,003,2,fave,NaN,49.66062129645323,5,than,0,0.059996999999953005,pay,the,DH,N,DH,N,internal
537.3916154498532,1846.5802693693724,3039.8183884075174,3.4287623919995136,3.588865311140457,3.5627535133899864,6230.7692307692305,0.000013718462794595415,301.3217668344671,0.027000000000000003,0.32142857142857145,1-0-426-0,@,UT_003,003,2,fave,222.827998859506,57.52149990579063,5,and,0,0.05999700000000985,hawed,wiffled,#,N,D,N,initial
577.7891729282705,1126.476379540385,3228.2211439122675,3.525661048200301,3.410919630316909,3.385712683393737,6230.7692307692305,0.00007990493734985291,301.77575450340134,0.035,0.3365384615384616,1-0-428-0,@,UT_003,003,2,fave,214.74167745358142,57.23577103365467,5,and,0,0.080016999999998,wiffled,<unk>,#,N,spn,N,initial
582.413841345168,1816.4481290780284,3045.364583786169,3.701375136915057,3.169908315474158,3.449326612488313,6410.25641025641,0.0000711177220161249,304.5917501655329,0.027000000000000003,0.32142857142857145,1-0-437-1,@,UT_003,003,2,fave,193.16377951813107,54.109594746851066,5,the,0,0.059996999999953005,missed,deadline,DH,#,DH,D,final
720.4208408516903,1692.9763065501018,2879.241794542061,3.0654533293325334,3.5159081567416197,3.828959012697617,6410.25641025641,0.0007659930974249321,311.9667461655329,0.097,0.3299319727891156,1-0-465-1,@,UT_003,003,2,fave,277.4804337571442,51.94268450364791,5,the,0,0.2699890000000096,that,"",DH,#,DH,"",final
757.5018564352811,1588.330331637883,2951.794478570636,2.8432249197628305,3.3091555603377265,4.26830501197435,6230.7692307692305,0.0002047202606379696,312.3157511655329,0.035,0.3365384615384616,1-0-467-1,@,UT_003,003,2,fave,NaN,55.067081417004694,5,the,0,0.0799870000000169,"",other,DH,#,DH,ʌ,final
646.8730932152674,1808.3941748332027,2832.7832364282344,3.4572236311878033,3.533285503924235,3.7459490771867823,6230.7692307692305,0.0001604128298026717,360.1342478344671,0.04100000000000001,0.3306451612903227,1-0-562-1,@,UT_003,003,2,fave,200.872068409413,55.569805854577645,5,to,0,0.10000600000000759,how,get,T,#,T,G,final
709.1898340289438,1840.4974739552524,3064.1156402480533,3.3645945968825473,2.7349132482232865,3.40146327071706,6230.7692307692305,0.00003700797762595773,360.8612531655329,0.035,0.3365384615384616,1-0-565-4,@,UT_003,003,2,fave,205.19245276855634,55.13794131874827,5,business,0,0.07998600000001943,your,on,N,S,N,S,internal
758.6697465445002,1943.5328278482436,3112.123786345905,3.265008509259816,3.393151679059581,3.426825634100955,6230.7692307692305,0.0011022190651057463,361.9162521655329,0.085,0.3346456692913386,1-0-569-4,@,UT_003,003,2,fave,195.69888331412207,50.80469653374859,5,business,0,0.229979999999955,google,making,N,S,N,S,internal
714.8910894319737,1756.9036990034895,2883.967741620375,3.2398111807085668,3.42534527944648,3.7535993321746397,6230.7692307692305,0.0007044045814189021,401.21764450340135,0.131,0.33248730964467005,1-0-603-1,@,UT_003,003,2,fave,194.170419467163,57.71372554728794,5,to,0,0.37002599999999575,going,"",T,#,T,"",final
655.0422928108035,2238.8904473130656,2753.2494782510516,3.6679769666172275,3.813499162638986,3.991615448531248,5871.794871794871,0.0001835133555592996,405.8526618344671,0.04100000000000001,0.3306451612903227,1-0-621-4,@,UT_003,003,2,fave,189.81051977747902,49.716148433596956,5,canyon,0,0.10000600000000759,snow,and,Y,N,Y,N,internal
697.6103591116093,2012.9517105328669,3003.649921085923,3.4252235742956763,3.6562811456840976,3.7341215125501774,6051.282051282051,0.00002886513255229883,405.9996501655329,0.035,0.3365384615384616,1-0-622-0,@,UT_003,003,2,fave,182.01825814707766,45.288357364718536,5,and,0,0.0799870000000169,canyon,going,#,N,N,N,initial
510.7175803930517,1067.1779378994574,2692.9384354212207,3.25741624645989,2.987291303947189,3.971208706411156,6051.282051282051,7.333497166353809e-6,407.7856591655329,0.027000000000000003,0.32142857142857145,1-0-630-4,@,UT_003,003,2,fave,218.08215038699788,51.96328532483423,5,probably,0,0.05999700000000985,so,there,B,B,B,B,internal
651.4386106524331,2321.4071980508556,2963.1319504841913,3.574136319770863,3.9093524602483725,3.8636049348348975,6230.7692307692305,0.00011399841477758171,412.2976438344671,0.031,0.32978723404255317,1-0-643-4,@,UT_003,003,2,fave,191.26421580143358,46.92355480583083,5,canyon,0,0.07000700000003235,weaver,it,Y,N,Y,N,internal
619.926730619708,1492.9977189653862,2766.3449831252206,3.4617687434948126,3.4645685171074123,3.1077261191502275,5871.794871794871,0.00002581929209487066,412.5656571655329,0.027000000000000003,0.32142857142857145,1-0-645-1,@,UT_003,003,2,fave,194.7762678731439,47.55314149158701,5,was,0,0.05999800000000732,it,called,W,Z,W,Z,internal
660.5616964739246,1624.651467305803,2847.041714906687,3.317120875584261,4.118427815533473,4.874517120502013,7128.205128205128,0.0021964236951055134,414.70965350340134,0.035,0.3365384615384616,1-0-653-0,@,UT_003,003,2,fave,185.2715078533018,49.82052274980994,5,a,0,0.080016999999998,there,lot,#,#,R,L,coextensive
609.7893450943347,1565.5081043121015,1850.4980946597761,3.218188000617372,3.9407221113582103,3.9698855818276435,5692.3076923076915,0.002536353065422142,417.9126598344671,0.040999999999999995,0.33064516129032256,1-0-664-4,@,UT_003,003,2,fave,NaN,42.809793383726905,5,favorite,0,0.10000600000000759,"",places,R,T,R,T,internal
590.8009585759434,2031.3828666404227,2862.2472572153297,3.585377944247327,3.5244560623406858,3.658197957793163,6230.7692307692305,0.0003075421530364027,420.4656511655329,0.027000000000000003,0.32142857142857145,1-0-673-3,@,UT_003,003,2,fave,212.78703082755112,53.16601865812651,5,because,0,0.05999800000000732,just,we,K,Z,K,Z,internal
666.8710333962521,1123.5899694394352,2744.6812807123497,3.357958709655453,3.2927617609955484,4.150067159485064,5871.794871794871,0.001240093830331075,440.0504451655329,0.057,0.3275862068965517,1-0-710-0,@,UT_003,003,2,fave,210.6184950326587,58.274951814386505,5,of,0,0.1499939999999924,"",of,#,V,"",V,initial
691.056509876001,1708.2107100252072,2766.5725867681226,3.099017649103635,3.3490998848535924,3.981858091837925,6230.7692307692305,0.00003732428000253879,440.3154441655329,0.027000000000000003,0.32142857142857145,1-0-711-0,@,UT_003,003,2,fave,180.94386893571604,49.48161494845062,5,of,0,0.05999700000000985,of,her,#,V,V,V,initial
573.7827686520287,1889.776151600688,2058.394850278776,3.3536344039620776,3.8639713240485953,4.08715805928832,6051.282051282051,0.0005381058422022984,440.53744516553286,0.031,0.32978723404255317,1-0-713-0,@,UT_003,003,2,fave,183.19043315247146,48.92932953239124,5,and,0,0.0700069999999755,her,spending,#,N,*hr,N,initial
551.348881868053,1924.240849868979,2859.035372592461,3.624577825647406,3.852705725293898,4.415575109331202,6051.282051282051,0.1330150419175872,442.52244683446713,0.32100000000000006,0.33298755186721996,1-0-720-1,@,UT_003,003,2,fave,165.4135919374646,45.12905160820805,5,that,0,0.9400029999999902,"","",DH,#,DH,"",final
719.5782038800771,2105.8983262947986,2856.506668387205,3.1945694417685164,3.6712847919303275,3.6947273959897506,6051.282051282051,0.00010148790201920636,443.57444983446715,0.045,0.3358208955223881,1-0-723-0,@,UT_003,003,2,fave,184.23242639287494,48.821478253250696,5,and,0,0.11001600000003009,way,"",#,N,eyF,N,initial
693.1376133440228,1665.661634052512,2847.591707167319,3.5153624006006945,3.693322077766565,3.909410408568569,6051.282051282051,0.018503177332727674,444.74244483446716,0.141,0.33254716981132065,1-0-725-1,@,UT_003,003,2,fave,197.1939402062099,46.82486942736742,5,the,0,0.3999939999999924,"","",DH,#,DH,"",final
573.7073901740089,1769.9446291049794,3362.2913193705094,3.8100120589215303,3.495737032610724,5.239525093108108,7128.205128205128,0.028094787025654634,446.02544616553286,0.067,0.32843137254901966,1-0-731-0,@,UT_003,003,2,fave,193.78692369340362,49.428986082221996,5,and,0,0.1799930000000245,sister,my,#,N,*hr,N,initial
623.3665604156804,1119.1495880968519,2635.340024910092,3.4791805241778713,3.5891768257634977,4.13810763791015,5512.820512820513,0.00016629642183522346,449.9794471655329,0.035,0.3365384615384616,1-0-740-4,@,UT_003,003,2,fave,196.07261144666487,50.54992424734501,5,probably,0,0.0799870000000169,that's,it,B,B,B,B,internal
508.2081844781091,2025.9908485686587,2899.7076259501646,3.5590702462342243,4.036581175262651,3.8083531637672072,6410.25641025641,0.00029247636591905256,466.24255983446716,0.031,0.32978723404255317,1-0-745-3,@,UT_003,003,2,fave,290.3927310884244,58.6032352811849,5,usually,0,0.0700069999999755,"",we,ZH,L,ZH,L,internal
608.5086383916473,1991.9108430614544,2800.483209728466,3.2207686388440764,3.4751230651321006,4.036280235812487,6051.282051282051,0.0006398479090432735,469.1075448344671,0.040999999999999995,0.33064516129032256,1-0-753-3,@,UT_003,003,2,fave,210.11149178396525,55.47210384273986,5,because,0,0.10000600000000759,it's,it's,K,Z,K,Z,internal
541.4035721464343,1876.7923449495368,2775.3541393762976,3.510488949447251,3.786056515699739,4.131063524180766,6051.282051282051,0.00008930104837282066,470.4105428344671,0.027000000000000003,0.32142857142857145,1-0-757-1,@,UT_003,003,2,fave,251.93670191581035,56.29751924176373,5,to,0,0.05999700000000985,"",go,T,#,T,G,final
597.7892900319479,1957.6720130301042,2778.0547962267965,3.3725764468048722,3.648581970001249,3.9639832960190042,5871.794871794871,0.00012678225193748954,476.1325438344671,0.031,0.32978723404255317,1-0-776-5,@,UT_003,003,2,fave,234.8248121688691,55.51063912240433,5,vacation,0,0.07000700000003235,my,i'm,SH,N,SH,N,internal
496.82624351467143,1857.9220212180376,2848.275111612645,3.2932799706842766,4.075178990298411,4.399218685574129,6230.7692307692305,0.00017741266101033962,477.2745521655329,0.035,0.3365384615384616,1-0-782-3,@,UT_003,003,2,fave,182.29950366525281,51.63789039121226,5,logan,0,0.0799870000000169,to,it's,G,N,G,N,internal
452.4812993039458,1689.7712303172611,2768.711230457535,3.777110732327589,3.92424212415331,4.191810008323527,6410.25641025641,0.027327618036352072,479.6052378344671,0.11500000000000002,0.3343023255813954,1-0-790-0,@,UT_003,003,2,fave,272.14532348528536,52.57011345267033,5,unnecessary,0,0.3200080000000298,"",to,#,N,"",N,initial
396.6982235295022,1689.3237137772876,3122.5872964597056,4.159483308798487,3.2997957111555642,4.0048847425872545,6230.7692307692305,0.00003193561164985933,480.2202418344671,0.025,0.33783783783783783,1-0-790-5,@,UT_003,003,2,fave,291.7062363225986,54.84026251543627,5,unnecessary,0,0.05001799999996592,"",to,S,S,S,S,internal
678.7353780471475,1684.6757040907733,2708.4785866134507,3.1355634581274727,3.818086574939526,4.235311913786237,6410.25641025641,0.000013502801002701942,481.0112508344671,0.027000000000000003,0.32142857142857145,1-0-793-0,@,UT_003,003,2,fave,218.73600794586926,59.43499883239204,5,a,0,0.05999700000000985,get,hotel,#,#,T,HH,coextensive
549.0139530427266,1595.325190599319,2964.3247658426885,3.28095260398335,3.3039376960892795,3.698063631791524,6410.25641025641,0.0005158555802847768,483.5782478344671,0.04100000000000001,0.3306451612903227,1-0-802-0,@,UT_003,003,2,fave,435.36868065443707,51.93230739070026,5,an,0,0.10000600000000759,just,excuse,#,N,T,N,initial
614.939791272292,1724.4751160713763,2878.9207553798155,3.2355114421161133,3.588001180443352,3.9573693056151495,6230.7692307692305,0.001523771320215103,484.2762408344671,0.07700000000000001,0.3290598290598291,1-0-804-1,@,UT_003,003,2,fave,174.49487103490867,50.23147413521409,5,to,0,0.21002200000003768,excuse,"",T,#,T,"",final
688.0183314055922,1979.9632917236497,2922.7168872985926,3.169711686831455,3.9772454250209797,4.059915382417029,6230.7692307692305,0.00004171307759467654,496.6712481655329,0.027000000000000003,0.32142857142857145,1-0-828-3,@,UT_003,003,2,fave,341.2649511994668,59.53788590512568,5,usually,0,0.05999799999995048,[bracketed],i,ZH,L,ZH,L,internal
512.5971588786631,1666.3489688653485,2837.932041925615,3.3785743390978413,3.867276448955053,3.7759597909915876,6051.282051282051,0.00007819968909068318,499.76325083446716,0.031,0.32978723404255317,1-0-840-1,@,UT_003,003,2,fave,228.0975009218531,57.4098921707701,5,was,0,0.0700069999999755,"",going,W,Z,W,Z,internal
661.7982621104329,1832.7175995539144,3256.445566793884,3.7491468063806423,4.282914078841216,4.233740408942317,7128.205128205128,0.0014354029276377014,500.6862581655329,0.037000000000000005,0.324561403508772,1-0-845-0,@,UT_003,003,2,fave,228.26956419627717,52.03026794302227,5,and,0,0.08999599999998509,hiking,"",#,N,NG,N,initial
731.185931285742,1233.0143971438129,2874.9085214615,4.057749614036897,4.280845149850713,4.496407409028881,6230.7692307692305,0.07041697269298178,502.9082378344671,0.221,0.33283132530120474,1-0-854-1,@,UT_003,003,2,fave,302.3930673220133,49.48466678513054,5,the,0,0.6400150000000053,like,"",DH,#,DH,"",final
646.4533121955698,1340.0019338399518,3188.930260640869,3.2187042698410036,2.806868200742503,4.205530680137887,6230.7692307692305,7.897898715600418e-6,505.7412561655329,0.027000000000000003,0.32142857142857145,1-0-862-2,@,UT_003,003,2,fave,214.17481392849697,59.50827241431564,5,it'll,0,0.05999700000000985,"",involve,T,L,T,L,internal
553.0245542395775,1956.3079301274008,2827.146169131295,3.435523093365322,3.8098219264073556,3.905905210347746,6589.74358974359,0.0002021144608807517,517.3570454965987,0.04100000000000001,0.3306451612903227,1-0-885-3,@,UT_003,003,2,fave,206.3086738555844,55.575227141517985,5,ogden,0,0.09997499999997217,in,going,D,N,D,N,internal
740.2581892175609,2189.305802843638,2896.4225617105544,3.6337133219612525,3.758372674850677,4.210765006983318,6051.282051282051,0.00001315667247434639,518.7700341655329,0.027000000000000003,0.32142857142857145,1-0-891-4,@,UT_003,003,2,fave,190.6800060402779,48.767693215784355,5,canyon,0,0.059996999999953005,waterfall,"",Y,N,Y,N,internal
598.7056625428996,1290.1455841334778,1668.193701443549,3.762165116049389,3.9280052742792178,4.228066251770395,6230.7692307692305,0.0008791004358024643,521.2800488344672,0.027000000000000003,0.32142857142857145,1-0-895-3,@,UT_003,003,2,fave,202.7046355428887,54.464812422769185,5,terrible,0,0.05999799999995048,"",and,R,B,R,B,internal
721.1639115388484,1624.0665695408672,2947.5105477938273,2.8587269777066777,3.5347042319371744,4.477472470408244,6410.25641025641,0.0002124551860342334,533.1990375034013,0.025,0.33783783783783783,1-0-937-0,@,UT_003,003,2,fave,179.8338322275736,50.218962181307134,5,of,0,0.0500489999999445,definition,a,#,V,N,V,initial
696.4649658916196,1469.3831381058387,3091.5405313734736,3.0324564701541803,3.5778252354810784,3.581342994958833,6230.7692307692305,0.00012746836046189592,569.336177165533,0.04100000000000001,0.3306451612903227,1-0-963-0,@,UT_003,003,2,fave,234.31837736851335,58.22303924850076,5,a,0,0.09997499999997217,at,lot,#,#,T,L,coextensive
634.1853809721049,1772.616922565143,2691.718774926441,3.1844903482445037,3.145439990230257,3.9048992859140865,6230.7692307692305,0.00010844299530731111,569.9191431655329,0.027000000000000003,0.32142857142857145,1-0-966-4,@,UT_003,003,2,fave,NaN,54.75338640153327,5,different,0,0.059996999999953005,of,things,R,N,R,N,internal
701.0475150214435,1493.737009602674,2859.222841898277,3.305838082894688,3.7508136347373977,4.360438143031525,6948.717948717948,0.00011408103992625014,570.5031715034013,0.035,0.3365384615384616,1-0-969-0,@,UT_003,003,2,fave,199.8413393851855,59.12540247181014,5,i'm,0,0.080016999999998,but,not,#,M,T,M,initial
834.267928708103,1691.3073591806442,2773.583420661895,3.2210536295503593,3.170974468685022,3.631981213602605,6410.25641025641,0.0013634972831715192,572.1541684965986,0.057,0.3275862068965517,1-0-974-0,@,UT_003,003,2,fave,NaN,44.845437143844045,5,a,0,0.14996400000006815,"",savant,#,#,"",S,coextensive
588.2857612447674,1738.4927736926622,2978.014994315565,3.2528724928035895,3.281723015559299,3.372197868143771,6051.282051282051,0.00034784894724599653,572.4441564965987,0.037,0.32456140350877194,1-0-975-1,@,UT_003,003,2,fave,107858.53286829003,46.87915327243091,5,savant,0,0.08996600000000399,a,"",S,V,S,V,internal
799.6349627669216,1571.3109717436519,2599.284496787191,3.186284359347042,3.4671457282192772,3.700554934587294,6410.25641025641,0.00018507899328877535,584.9596418344672,0.07100000000000001,0.3317757009345795,1-0-984-0,@,UT_003,003,2,fave,201.21718884336602,58.387338808702374,5,a,0,0.1900029999999333,like,hobby,#,#,K,HH,coextensive
537.1306753231378,1954.2341262945645,2823.546304614463,3.439160064187563,3.8847945711049796,4.09302408664635,6051.282051282051,0.0001798524614716108,620.0843544965986,0.037,0.32456140350877194,1-0-1012-4,@,UT_003,003,2,fave,218.07349117481968,51.94996055683326,5,fiction,0,0.08996600000000399,"","",SH,N,SH,N,internal
694.5909571929693,1880.6253387456838,2842.5134484839955,3.4042906210312176,3.5507619190850646,3.7703428197613635,6051.282051282051,0.00011034263622885375,626.7319538344672,0.027000000000000003,0.32142857142857145,1-0-1029-4,@,UT_003,003,2,fave,158.4967069672185,42.09410711004602,5,fantasy,0,0.059996999999953005,high,"",T,S,T,S,internal
669.2097684457449,1752.9123802780236,2899.404393617253,3.0900770524575547,3.608024538251246,3.6996164870963635,6051.282051282051,0.007477573854398811,660.8658608344672,0.23500000000000001,0.33380681818181823,1-0-1099-1,@,UT_003,003,2,fave,225.62905340071558,52.46200438403436,5,the,0,0.6799929999999677,"","",DH,#,DH,"",final
534.2857896132251,1995.3239287815732,3256.0633173367582,3.2803708064666988,3.673294138396861,3.5452612790991993,6051.282051282051,0.00001480330734954993,666.2718651655329,0.027000000000000003,0.32142857142857145,1-0-1108-3,@,UT_003,003,2,fave,242.6096457424151,57.94256889855331,5,legends,0,0.05999700000006669,"",and,JH,N,JH,N,internal
586.0626070947063,1644.0489852394583,2790.8357728739725,3.375687230404055,3.1497623368236343,3.465724268414863,5871.794871794871,0.00006551983215905035,670.5618431655329,0.027000000000000003,0.32142857142857145,1-0-1122-1,@,UT_003,003,2,fave,211.8791515719589,54.67243581098904,5,was,0,0.05999700000006669,one,that,W,Z,W,Z,internal
677.8867771676089,1981.3983982497036,2992.368315091417,3.707989756779962,3.7102697405891636,3.3713416309754116,6230.7692307692305,0.00009918419159894985,674.2818798344672,0.027000000000000003,0.32142857142857145,1-0-1133-3,@,UT_003,003,2,fave,182.76071080039705,46.3960989360083,5,fantasy,0,0.05999799999995048,"","",N,S,N,S,internal
612.225114997268,1927.6200538313747,2936.4828316659514,3.2727593748382118,3.581797513596955,3.7837748332715995,6051.282051282051,0.010776386781768954,681.2589551655329,0.191,0.3327526132404181,1-0-1143-1,@,UT_003,003,2,fave,202.2581444966235,52.6449941089975,5,the,0,0.5499879999999848,bought,"",DH,#,DH,"",final
684.4525092076108,1554.03329235542,2945.2459785074307,3.118942098152584,3.09814304511438,3.4885260105027984,6230.7692307692305,2.474853411867469e-6,682.7569721655329,0.027000000000000003,0.32142857142857145,1-0-1147-1,@,UT_003,003,2,fave,217.4680631540818,57.58089206340983,5,the,0,0.05999799999995048,"",library,DH,#,DH,L,final
571.0617243856047,1677.0569928029229,2496.9433293066472,2.7061135045585054,4.10537028311259,4.0521550084865705,5871.794871794871,0.01680308348296531,687.2589751655329,0.151,0.33259911894273125,1-0-1158-1,@,UT_003,003,2,fave,120.42207735717079,47.1678487143165,5,that,0,0.4299919999999702,"","",DH,#,DH,"",final
622.8441939215497,1605.0254726881935,2163.663973405761,3.563480212594873,3.2269850490108793,3.943490963018156,6230.7692307692305,0.00003861515194792268,719.8598688344671,0.031,0.32978723404255317,1-0-1178-5,@,UT_003,003,2,fave,237.7152078116857,57.30791457986754,5,desperately,0,0.07000800000002982,"","",R,T,R,T,internal
639.9830153342391,1802.7736755328644,2845.6050702577745,3.1771736700521367,3.4493964760385047,3.7403974117196688,6230.7692307692305,0.0013142798094101652,721.2338305034015,0.119,0.33615819209039544,1-0-1180-1,@,UT_003,003,2,fave,275.69992406984926,56.70583208521956,5,to,0,0.330016999999998,"","",T,#,T,"",final
687.2132980927623,1740.4038820414096,2984.7848875742225,3.3246155264433535,3.1755980999286093,3.8166689208097577,6230.7692307692305,0.0011873232731451058,725.7618624965986,0.075,0.33482142857142855,1-0-1201-1,@,UT_003,003,2,fave,162.54168778336063,54.23724165264831,5,the,0,0.1999510000000555,before,"",DH,#,DH,"",final
508.6875057172844,2025.8514094133025,2986.945006578016,3.3837382111690473,3.5202712190085617,3.7528528474579685,6769.2307692307695,3.4336190655900534e-6,738.7278581655329,0.027000000000000003,0.32142857142857145,1-0-1243-0,@,UT_003,003,2,fave,223.73549071066037,61.43315575034581,5,and,0,0.05999799999995048,started,it,#,N,D,N,initial
620.7930583191795,1638.110073719972,2902.1388635358585,3.32740442545268,3.2128203986892867,3.9194651364587,6230.7692307692305,0.00004283768643896193,744.8761741655329,0.027000000000000003,0.32142857142857145,1-0-1267-1,@,UT_003,003,2,fave,277.03891818250094,60.728644334259464,5,the,0,0.059996999999953005,"",first,DH,#,DH,F,final
634.2512681799951,1998.50640979261,2851.4262298666904,3.3763809558128446,3.391710836076689,3.7727331061976344,6230.7692307692305,0.00045381355455328617,755.7345654965987,0.07899999999999999,0.3376068376068376,1-0-1292-3,@,UT_003,003,2,fave,211.3570743817082,58.08338339569597,5,because,0,0.20996099999990747,knew,"",K,Z,K,Z,internal
675.4271286653873,2307.1276793638976,3010.103782925668,3.490181753863532,3.8295970783778808,4.118041923050297,6410.25641025641,0.0002600953251412884,757.1305598344671,0.031,0.32978723404255317,1-0-1299-0,@,UT_003,003,2,fave,173.10562214364882,53.644702830751235,5,attention,0,0.07000699999991866,my,"",#,T,ay,T,initial
626.9974644470839,1913.8704154231743,2722.926636837362,3.6261318152345883,3.863943442730334,4.380432743303815,6230.7692307692305,0.0003858975160660301,757.5105491655329,0.051000000000000004,0.3311688311688312,1-0-1299-5,@,UT_003,003,2,fave,205.9485798881756,54.05927367099138,5,attention,0,0.13000500000009652,my,"",SH,N,SH,N,internal
528.0992851842813,1730.4882554227497,3011.1133334191168,2.9390307713146715,3.5494945839885057,3.9056431026744156,6230.7692307692305,0.00006391584562665307,758.8585351655329,0.027000000000000003,0.32142857142857145,1-0-1304-1,@,UT_003,003,2,fave,243.7980920063715,62.16177844110237,5,the,0,0.059996999999953005,watched,show,DH,#,DH,SH,final
580.6190209948463,1864.0589129628577,2865.873467235088,3.303820798461111,3.4226711917086314,3.586028726521923,6230.7692307692305,0.0002874424014344514,760.3575704965987,0.065,0.33505154639175255,1-0-1312-1,@,UT_003,003,2,fave,194.92600135272963,56.45353583305608,5,was,0,0.169983000000002,it,"",W,Z,W,Z,internal
654.8319651220972,2124.1076193257686,2816.022304496453,3.198046129309573,3.5356460014151545,3.642012867513533,6051.282051282051,0.00020790337946913464,763.5377558276645,0.035,0.3365384615384616,1-0-1324-3,@,UT_003,003,2,fave,236.13994513826148,58.64057697954436,5,because,0,0.07995599999992464,is,normally,K,Z,K,Z,internal
552.9972569418366,1174.3855419432862,3560.363733330854,4.091174648508214,3.5225309784166923,4.814962671720114,7307.692307692308,0.00013480841180395944,763.9637648344672,0.027000000000000003,0.32142857142857145,1-0-1325-4,@,UT_003,003,2,fave,284.5585983302337,56.86052438743149,5,normally,0,0.05999799999995048,because,"",M,L,M,L,internal
270.8518275187625,891.7164218753351,2096.8138006312774,3.565331924674282,4.174799741783347,4.29928718810751,5153.846153846154,0.0002488862489537909,769.1937458344671,0.027000000000000003,0.32142857142857145,1-0-1348-3,@,UT_003,003,2,fave,225.50059938907074,55.50384721230567,5,couldn't,0,0.05999700000006669,i,get,D,N,D,N,internal
449.2444600668188,1809.503651742826,2982.0976159774855,1.9250216409206904,3.521136423861653,3.4847337305543795,6230.7692307692305,7.127261621071803e-6,770.1837301655329,0.027000000000000003,0.32142857142857145,1-0-1353-0,@,UT_003,003,2,fave,221.79868899073836,59.20281057133173,5,a,0,0.059996999999953005,as,tv,#,#,Z,spn,coextensive
574.6322331111347,1593.4799601637437,2873.054508385812,3.467200162474484,3.6776618404265635,3.270206925993874,6230.7692307692305,8.48774544127973e-6,772.0527365034013,0.025,0.33783783783783783,1-0-1358-1,@,UT_003,003,2,fave,217.96048280409164,58.505916638368745,5,the,0,0.0500489999999445,watch,first,DH,#,DH,F,final
677.3387949380256,1422.9637428669357,3171.3059871513815,3.827631503463297,3.797370955791364,4.0034320717626795,6230.7692307692305,0.000495032344201445,775.4737691655329,0.027000000000000003,0.32142857142857145,1-0-1368-0,@,UT_003,003,2,fave,237.58937992160898,48.93649496764574,5,a,0,0.05999800000006417,"",month,#,#,"",M,coextensive
490.8724525802796,1108.5445369684371,1588.2477092528172,3.648464262657734,3.9373314861215216,3.727793755949861,6051.282051282051,0.00010591325322092832,779.4827351723357,0.025,0.33783783783783783,1-0-1383-0,@,UT_003,003,2,fave,198.0744207079016,53.65608134568067,5,about,0,0.050049000000058186,for,30,#,B,*hr,B,initial
501.2890146992938,2230.2255271206036,2867.636589734838,3.3744652626221003,3.8409190624912455,3.973989805008748,6230.7692307692305,0.000013004384286139981,780.4227315034013,0.025,0.33783783783783783,1-0-1385-3,@,UT_003,003,2,fave,204.87948586493602,52.48884979809328,5,seconds,0,0.0500489999999445,30,and,K,N,K,N,internal
515.3249358738042,1853.5204927064617,3063.736050137816,3.4569212010476593,3.6178250782555805,3.991252257416486,6051.282051282051,0.0002468925587916682,782.3537741655329,0.027000000000000003,0.32142857142857145,1-0-1395-0,@,UT_003,003,2,fave,319.65195536736917,54.36876846890184,5,and,0,0.05999700000006669,"",then,#,N,"",N,initial
656.8631300878221,1981.0762008644992,2929.926701263219,3.7171888987433874,4.01265017019412,4.387225551920486,6769.2307692307695,0.009379837774788548,784.0747471655328,0.149,0.33558558558558554,1-0-1404-3,@,UT_003,003,2,fave,188.5398989082162,52.105132616241995,5,minute,0,0.419983000000002,another,and,N,T,N,T,internal
473.54801646386426,1897.5967575641957,3642.4261751548006,3.620607430689055,4.434044739633134,5.092904830399766,6410.25641025641,0.003132073098194262,784.4637648344672,0.027000000000000003,0.32142857142857145,1-0-1405-0,@,UT_003,003,2,fave,204.61943828055033,49.858086338429175,5,and,0,0.05999799999995048,minute,"",#,N,T,N,initial
701.9077897652102,1014.4489941280199,1791.835623279613,3.5467116528536407,3.6242482319998266,4.472813429379588,5333.333333333333,0.00722394743667869,796.0151511655329,0.027000000000000003,0.32142857142857145,1-0-1419-4,@,UT_003,003,2,fave,332.93187221874075,58.18072897912434,5,normally,0,0.05999700000006669,and,i'll,M,L,M,L,internal
696.5704944426482,1776.08658210666,2932.3620827537197,3.6471307291475354,3.246573964107972,3.3926128787606467,6051.282051282051,0.00010270599073485912,803.7541425034013,0.045,0.3358208955223881,1-0-1448-3,@,UT_003,003,2,fave,198.22607519997092,51.86527878601157,5,reason,0,0.11004699999989498,some,"",Z,N,Z,N,internal
573.8687351861738,1564.6113891180337,2747.0549256143363,3.465483742769463,3.365882806495769,3.3971658244333804,6051.282051282051,0.0000600282630779502,834.0867285034013,0.035,0.3365384615384616,1-0-1487-1,@,UT_003,003,2,fave,210.69076406144947,57.119735717832526,5,was,0,0.080016999999998,it,"",W,Z,W,Z,internal
712.1020780280778,1684.8959797678704,2922.760476219916,3.151957546830188,3.309107401492308,4.046536090902109,6410.25641025641,0.0004641792563302409,837.3627361655329,0.047,0.3263888888888889,1-0-1501-0,@,UT_003,003,2,fave,101.8801707332313,52.06332022519201,5,a,0,0.11999500000001717,"",chapter,#,#,"",CH,coextensive
682.1004466838857,1326.6165579610592,2930.166524040948,3.206782559007142,3.558511216803336,3.2208520250063115,6051.282051282051,0.00019306704226548885,853.8498681655329,0.027000000000000003,0.32142857142857145,1-0-1515-4,@,UT_003,003,2,fave,321.9149983430827,56.3370247733756,5,probably,0,0.059996999999953005,"","",B,B,B,B,internal
615.109800034001,1214.5591402501213,2837.0102982589,3.0332763410076806,2.546686975660091,3.5348815595040697,6230.7692307692305,0.000029895140391860495,857.7998191655329,0.027000000000000003,0.32142857142857145,1-0-1518-4,@,UT_003,003,2,fave,292.3467515344826,60.41258805666986,5,probably,0,0.05999700000006669,it,used,B,B,B,B,internal
568.5638358838293,1668.3946525475515,1897.8032856329075,3.6601876562677975,4.198305351760285,3.534603947780774,4615.384615384615,0.00012970956927438833,861.5098468344671,0.027000000000000003,0.32142857142857145,1-0-1532-3,@,UT_003,003,2,fave,190.23943083934546,49.21607707314709,5,into,0,0.05999700000006669,me,reading,T,#,T,R,final
751.2357677087849,1443.6955132569024,3091.5479314335844,3.770165087041934,3.2456359898789313,4.232419371554792,6051.282051282051,0.00016684657098380956,863.6098771655329,0.027000000000000003,0.32142857142857145,1-0-1545-0,@,UT_003,003,2,fave,96.99784559508174,47.4797563670052,5,until,0,0.05999799999995048,"",seventh,#,N,"",N,initial
411.7696636958185,909.7676922496395,1895.454767474522,3.850076826146985,4.017875056434332,3.9703865012941892,4256.410256410256,0.0004480434559298611,872.8400351723357,0.025,0.33783783783783783,1-0-1582-1,@,UT_003,003,2,fave,0.0,40.784164981887095,5,to,0,0.05004800000006071,nostalgic,me,T,#,T,M,final
663.1679888648354,1999.9976608929453,2868.4356502231444,3.212735358674778,3.31857651066942,3.963394167280713,6230.7692307692305,0.0009224943092286746,905.4839395034013,0.097,0.3299319727891156,1-0-1610-3,@,UT_003,003,2,fave,226.98128076481697,60.0944632900273,5,because,0,0.2700190000000475,"","",K,Z,K,Z,internal
754.0169376863626,1721.1657509442498,3072.2156904802596,3.4635993681703083,3.4717515082726127,4.293825771011964,6230.7692307692305,0.0012688625431234828,909.3079451655329,0.085,0.3346456692913386,1-0-1627-3,@,UT_003,003,2,fave,330.11602969419624,53.327069665583736,5,gonna,0,0.229979999999955,i'm,"",N,#,N,"",final
655.1643492391125,1759.7906845996401,2651.736374638863,2.834271973695565,3.2672577707532544,3.7559530198879423,6230.7692307692305,0.00040932548356209693,911.6489358344671,0.047,0.3263888888888889,1-0-1639-3,@,UT_003,003,2,fave,196.94497374393652,54.86992134715777,5,happens,0,0.11999500000001717,what,"",P,N,P,N,internal
583.6021013240729,1981.1824619932966,2678.915602317399,2.565174289207982,4.004181200605447,3.857262683155752,5871.794871794871,6.572488637746936e-6,914.0610431723356,0.025,0.33783783783783783,1-0-1647-0,@,UT_003,003,2,fave,277.969841225169,62.41139771186998,5,of,0,0.050049000000058186,kind,grew,#,V,D,V,initial
650.3908515940551,1815.107616927508,2362.174291487723,3.0568969781917463,3.2913592507552605,4.184581637141821,6230.7692307692305,0.00006597906573230854,914.904058834467,0.031,0.32978723404255317,1-0-1651-0,@,UT_003,003,2,fave,222.4031822849064,60.71473024466167,5,and,0,0.07000700000003235,there,then,#,N,R,N,initial
657.2829532309161,2023.1658534619298,2893.803603483284,3.189117871506881,3.4658231010295304,3.6748969892719785,6230.7692307692305,0.000017772312941888615,944.6022481655328,0.027000000000000003,0.32142857142857145,1-0-1775-0,@,UT_003,003,2,fave,232.63684633384227,55.54329595845266,5,and,0,0.05999800000006417,me,"",#,N,iyF,N,initial
528.6565352639826,1490.1848288364902,2500.561593151887,3.5734324458221867,3.7240340119756894,4.219268974295013,5692.3076923076915,0.00015322566266561452,949.9622331655329,0.027000000000000003,0.32142857142857145,1-0-1799-0,@,UT_003,003,2,fave,213.76514968073914,52.710041734501445,5,a,0,0.05999799999995048,like,rosebush,#,#,K,R,coextensive
656.6974744497752,1663.003976169605,3032.227456073945,3.1318807232257817,3.166613482451492,3.316725432955699,6051.282051282051,0.0000199144850427766,959.585952165533,0.027000000000000003,0.32142857142857145,1-0-1847-1,@,UT_003,003,2,fave,238.00399429593287,55.28270869021175,5,was,0,0.059996999999953005,i,like,W,Z,W,Z,internal
590.5673473821727,2344.901096651939,2965.9216888451756,3.7315034568661534,4.030994614592786,3.720922753530839,6230.7692307692305,0.00014380319206445542,967.8559711655329,0.027000000000000003,0.32142857142857145,1-0-1890-0,@,UT_003,003,2,fave,272.39482728129605,54.02135688031536,5,and,0,0.05999800000006417,okay,then,#,N,eyF,N,initial
831.822044933976,1458.99375715663,3187.662610872698,3.640341666792371,3.981501224336508,3.7555764210370777,6230.7692307692305,0.0013651226758524678,968.472956165533,0.04100000000000001,0.3306451612903227,1-0-1893-0,@,UT_003,003,2,fave,258.3111807476505,53.59409053713693,5,i'm,0,0.09997599999996964,"",like,#,M,"",M,initial
799.3052644850924,1169.7008241036822,2594.321153223055,3.179259848264453,3.6363140003714634,3.850322932704196,5871.794871794871,0.00023613162064965878,969.959952834467,0.035,0.3365384615384616,1-0-1898-5,@,UT_003,003,2,fave,283.0184013358539,61.17841079416762,5,grandpa's,0,0.080016999999998,now,showing,P,Z,P,Z,internal
552.872799519012,1787.5985044220472,2759.393126469941,3.2531746273150484,3.5064011715167482,3.8483005576775384,6230.7692307692305,0.0003475566984943733,974.9949761655329,0.045,0.3358208955223881,1-0-1917-1,@,UT_003,003,2,fave,244.59556151970023,63.78139748486788,5,was,0,0.10998500000005151,it,"",W,Z,W,Z,internal
709.2023610235786,1848.6199055936436,2578.6571250356474,3.4368029242060407,3.115835823144639,3.7873911724813363,6230.7692307692305,0.00029959125245400685,976.4579428344672,0.051000000000000004,0.3311688311688312,1-0-1923-3,@,UT_003,003,2,fave,179.70578265027635,57.03661613133348,5,service,0,0.13000499999998283,get,it,V,S,V,S,internal
754.0983854301315,1956.944371284616,3109.0296163130015,3.4729632476328516,3.185317191741456,3.6172449971853817,6230.7692307692305,0.00014284697570854707,978.9096614965986,0.057,0.3275862068965517,1-0-1932-5,@,UT_003,003,2,fave,193.445028739395,53.4846916628122,5,maintenance,0,0.14996400000006815,"",and,N,N,N,N,internal
685.9188616472808,1898.1662598720613,2922.5018960381944,3.0631285366537613,2.939420421701563,3.5878897987398264,6230.7692307692305,0.0011088914225126374,981.1496595034014,0.07700000000000001,0.3290598290598291,1-0-1946-1,@,UT_003,003,2,fave,237.39760130671382,55.287919806100795,5,the,0,0.21002199999998084,me,"",DH,#,DH,"",final
624.7060184205832,1681.6234941641992,3047.4924255471774,3.1788057896659465,3.427592365318899,3.624324959928685,6230.7692307692305,0.0024229342679344067,989.6596595034014,0.097,0.3299319727891156,1-0-1985-1,@,UT_003,003,2,fave,138.06940677509462,49.52132157840976,5,the,0,0.27001899999993384,was,"",DH,#,DH,"",final
649.9956741015163,1790.7754411255005,2964.043341991892,3.3530270339044885,3.4991678878000796,3.717023050528386,6230.7692307692305,0.006076004169706486,990.6716524965985,0.101,0.3322368421052631,1-0-1987-1,@,UT_003,003,2,fave,131.8845167003389,51.85992674297046,5,the,0,0.2799680000000535,"","",DH,#,DH,"",final
693.1105016343024,1985.3053379582786,2306.197565256556,3.532232930524754,3.733214263446833,4.294624245466609,6230.7692307692305,0.001141904446530039,995.6266438344672,0.051000000000000004,0.3311688311688312,1-0-2012-0,@,UT_003,003,2,fave,202.8766429082498,52.98711524092047,5,and,0,0.13000499999998283,there,"",#,N,R,N,initial
651.9067758688005,1717.3038379262098,2863.7699516204484,3.508780369712171,3.6720488011295487,3.8795772453155304,6410.25641025641,0.007191807348191356,1004.9146581655328,0.087,0.32954545454545453,1-0-2038-1,@,UT_003,003,2,fave,120.83386894199903,51.158520800211576,5,to,0,0.23999000000003434,people,"",T,#,T,"",final
491.8834136935281,1421.583189948167,2784.4880739606533,3.589991035686513,4.054067299574188,4.701796896310008,6230.7692307692305,0.00024286245319745568,1022.806763165533,0.031,0.32978723404255317,1-0-2113-0,@,UT_003,003,2,fave,244.57659391656722,55.73643262105467,5,a,0,0.07000700000003235,there's,lot,#,#,Z,L,coextensive
624.1912649440087,1736.9884084033072,2955.7856430577212,2.9941449039279266,3.126271910990712,3.7408064883044316,6230.7692307692305,0.0007305887788919239,1031.251774489796,0.101,0.3322368421052631,1-0-2146-1,@,UT_003,003,2,fave,202.88913513902247,56.30731154381772,5,the,0,0.27990700000009383,at,"",DH,#,DH,"",final
597.46029788767,1784.3545249943757,2186.9795603768916,3.620328895780509,3.3496269697792314,4.61656351932648,6051.282051282051,0.000016964801484227953,1032.3937451723355,0.025,0.33783783783783783,1-0-2150-0,@,UT_003,003,2,fave,203.43731687999704,52.65235103279615,5,and,0,0.0500489999999445,store,i,#,N,R,N,initial
550.9399926229128,1636.0998113980227,2679.8353888448355,3.520165935098733,3.4678115160409124,3.933987430902089,6051.282051282051,0.00003705793872805425,1032.64675084127,0.031,0.32978723404255317,1-0-2152-1,@,UT_003,003,2,fave,202.20296578757888,52.87589168444467,5,was,0,0.07006899999987581,i,like,W,Z,W,Z,internal
533.326277988657,1901.1151608999353,2848.8513020507517,3.8349380963157667,3.351993378112571,3.739151863885044,6230.7692307692305,0.0000102599507079519,1035.4037551723354,0.025,0.33783783783783783,1-0-2159-1,@,UT_003,003,2,fave,281.7951570238231,59.578078180230655,5,to,0,0.0500489999999445,talk,dead,T,#,T,D,final
633.3733125867062,1694.2501496953641,2866.7928631622344,3.3214923270881322,3.435510167172869,3.7403979467616275,6051.282051282051,2.888284205009081e-6,1036.6206685034015,0.025,0.33783783783783783,1-0-2165-3,@,UT_003,003,2,fave,307.16232345781657,58.12077717262624,5,wanna,0,0.0500489999999445,you,talk,N,#,N,T,final
644.2405076345138,1678.453753410995,2840.652594876932,3.144293850706432,3.5240576794585556,3.7025087151248894,6230.7692307692305,0.0008662279082185915,1037.0056318276645,0.075,0.3348214285714286,1-0-2167-1,@,UT_003,003,2,fave,308.25876593588663,60.579188503175615,5,to,0,0.19995099999982813,talk,someone,T,#,T,S,final
485.35708230462154,2027.9506380570488,2899.4009557191634,4.00673773534989,3.7392708589465173,3.8455360514224415,6589.74358974359,0.0007732386782012407,1038.7716651587302,0.027000000000000003,0.32142857142857145,1-0-2174-5,@,UT_003,003,2,fave,274.5654250211593,59.22235425722842,5,committed,0,0.05993599999987964,"",suicide,T,D,T,D,internal
660.3479408969331,1644.9466839196552,3050.558386160941,3.4006910777831685,3.1548651975366835,4.057819162337249,6051.282051282051,7.9440462901687e-6,1041.3006005034015,0.025,0.33783783783783783,1-0-2182-0,@,UT_003,003,2,fave,210.04163964491602,54.05336425809689,5,of,0,0.0500489999999445,kind,looked,#,V,D,V,initial
641.2267521967658,1558.7429465091498,2625.3092058754223,3.6105886126400493,3.7200416144839283,3.7016219639232295,5871.794871794871,0.00007171901058220526,1042.4016748276642,0.027000000000000003,0.32142857142857145,1-0-2191-0,@,UT_003,003,2,fave,300.18017721859525,55.29825767395473,5,i'm,0,0.0599369999999908,"",open,#,M,"",M,initial
590.8309049725077,1686.080968301844,2878.6578917593533,3.6812306440919627,3.644389533010531,4.209935426080709,6230.7692307692305,0.00001783246879463454,1045.7306601723355,0.025,0.33783783783783783,1-0-2208-2,@,UT_003,003,2,fave,260.86489250512403,55.91713012476772,5,specific,0,0.05004799999983334,more,and,P,S,P,S,internal
500.7803877311459,2043.3211862870126,2551.3927350270087,3.369311526164843,3.9154067106553985,4.237559121949539,5512.820512820513,0.0014999599060507816,1046.3366408412699,0.037000000000000005,0.324561403508772,1-0-2209-0,@,UT_003,003,2,fave,221.68541352366427,51.82479206475711,5,and,0,0.09008799999992334,specific,"",#,N,K,N,initial
488.4007577003054,1433.1309385638215,2724.0997167215896,2.9377146170629196,3.633499146882565,4.021797769309231,6051.282051282051,0.00010707664142268687,1047.7536508276642,0.031,0.32978723404255317,1-0-2213-1,@,UT_003,003,2,fave,112.61342893861706,52.7708042068624,5,was,0,0.06994600000007267,"",like,W,Z,W,Z,internal
778.7775240891791,1530.295742495727,3083.6094011537543,3.603034334556429,3.9710423180283576,3.8951960308068254,5871.794871794871,0.0023444802927465327,1050.3916471655327,0.087,0.32954545454545453,1-0-2221-0,@,UT_003,003,2,fave,294.004169160782,57.09812323099103,5,and,0,0.23999099999991813,one,"",#,N,N,N,initial
724.3330236803978,1769.6438884875083,2912.9048799888515,3.008775136729939,3.0621135427354345,3.714179215295889,6230.7692307692305,0.0002000627781792385,1054.2406431655331,0.045,0.3358208955223881,1-0-2239-0,@,UT_003,003,2,fave,89.00555262686416,53.46161399217821,5,of,0,0.10998499999982414,kind,"",#,V,D,V,initial
612.6761282648973,1626.6018395851977,2397.067897052892,3.2418658337597144,3.5084890476987045,4.339724297345909,6051.282051282051,0.0001356360679015118,1055.2036301723356,0.031,0.32978723404255317,1-0-2244-0,@,UT_003,003,2,fave,201.74759112992743,55.568461395391836,5,a,0,0.07006900000010319,her,little,#,#,*hr,L,coextensive
645.1402251802211,1993.565442831984,2821.7113601492365,3.659178544551518,3.7346354854982207,3.5733252170382754,6051.282051282051,0.0008707717944258982,1055.8206275102038,0.045,0.3358208955223881,1-0-2247-0,@,UT_003,003,2,fave,197.51891563432952,50.77287204336463,5,and,0,0.11010699999997087,bit,"",#,N,T,N,initial
527.2954509336477,1882.9545140188843,2797.020223478878,3.4555350694894424,2.9902552352618037,3.631139469561885,6051.282051282051,0.00006728596922132707,1063.9843451723357,0.027000000000000003,0.32142857142857145,1-0-2276-3,@,UT_003,003,2,fave,206.68157374356727,55.84032044461876,5,could've,0,0.060058999999910156,i,guessed,D,V,D,V,internal
764.4548359162408,1352.5713367017256,2872.3391510677498,3.111908350308007,3.6229756033050675,4.092042468850174,6051.282051282051,0.00014850702969398472,1073.7483268276644,0.035,0.3365384615384616,1-0-2316-0,@,UT_003,003,2,fave,213.42844110775343,62.56587941814859,5,i'm,0,0.07995600000003833,still,like,#,M,L,M,initial
639.4119992849555,1575.2252882646815,2687.382927306988,3.160561587356118,3.3604800028483788,3.8857814475597676,6051.282051282051,0.00020807613227155294,1093.9709884965987,0.035,0.33653846153846156,1-0-2368-0,@,UT_003,003,2,fave,235.7241126441684,58.69152694142438,5,and,0,0.07995600000003833,tarot,i've,#,N,owF,N,initial
566.1428784400842,1621.099469839527,2979.536850771964,3.1974077259621594,3.8009201962872314,4.071175009885533,6051.282051282051,0.00006099144515893878,1095.37191884127,0.037000000000000005,0.324561403508772,1-0-2374-0,@,UT_003,003,2,fave,243.60719747294021,60.42393230996517,5,of,0,0.09008799999992334,out,tarot,#,V,T,V,initial
539.3898274184033,1645.1271393402467,3140.223622863308,3.6584876050662443,3.476837444669982,4.611301040780715,6230.7692307692305,0.0001570556594013206,1097.5459671723354,0.025,0.33783783783783783,1-0-2385-0,@,UT_003,003,2,fave,206.35111104867465,55.72509138461405,5,an,0,0.0500489999999445,of,intuitive,#,N,V,N,initial
647.7754906676654,1744.3445945555134,2904.821027610508,3.1228436211249693,3.568305981762929,4.218600974498208,6230.7692307692305,0.00006233705813368718,1098.9919205102042,0.037,0.32456140350877194,1-0-2389-0,@,UT_003,003,2,fave,191.80402890712122,56.61508675573994,5,of,0,0.09008700000003955,instead,like,#,V,D,V,initial
703.6984176155522,1899.2727511721228,2832.3969283720544,3.516374531205658,3.1304333466692147,3.938846768965039,6051.282051282051,0.000028827653425806803,1102.4789984965987,0.031,0.32978723404255317,1-0-2399-0,@,UT_003,003,2,fave,189.61556471071182,55.16808982015432,5,of,0,0.0699459999998453,kind,look,#,V,D,V,initial
631.3975468669146,2292.3990799771605,3088.6619227157594,3.4128111324433172,4.0672633452041,4.404571255058329,6051.282051282051,0.00017779199047894483,1104.20696715873,0.027000000000000003,0.32142857142857145,1-0-2404-0,@,UT_003,003,2,fave,92.96284699764699,49.41437885068272,5,and,0,0.0599369999999908,imagery,see,#,N,iyF,N,initial
634.6024193461535,1401.2351736940675,1844.5828257087417,3.5673515546410384,3.727793470141774,3.573572853266048,5512.820512820513,0.00037426780928561185,1106.70696715873,0.027000000000000003,0.32142857142857145,1-0-2415-0,@,UT_003,003,2,fave,206.23506041034454,56.824092314950526,5,of,0,0.0599369999999908,more,like,#,V,R,V,initial
713.7546626154062,1791.3661492949295,2853.6086956674285,2.880208319238784,3.558440887951663,3.7983916185601165,6589.74358974359,0.0006833631271241091,1107.0369111655327,0.087,0.32954545454545453,1-0-2417-0,@,UT_003,003,2,fave,194.452819479574,53.126588548212915,5,a,0,0.23999000000003434,like,"",#,#,K,"",coextensive
652.9195345796147,1857.9878423495607,2937.814877173906,3.337783326928041,3.556628114378084,3.747746323947108,6230.7692307692305,0.00021520710175907968,1107.2789538412699,0.031,0.32978723404255317,1-0-2419-0,@,UT_003,003,2,fave,225.16744639163224,48.94628811856092,5,a,0,0.07006799999999203,"",tool,#,#,"",T,coextensive
651.9001769897969,1807.3400190203613,2854.034179479446,3.3716565364057423,3.935226957470786,3.9693985320765117,5871.794871794871,0.01067277565202517,1109.3509734965987,0.075,0.3348214285714286,1-0-2428-0,@,UT_003,003,2,fave,126.64816089140773,49.32714908896171,5,a,0,0.1999519999999393,like,"",#,#,K,"",coextensive
627.9962882190105,1591.2132383306039,2693.6477954298907,3.0901434827261354,3.7879458004715345,4.145214798059532,6410.25641025641,0.0024888221737827867,1109.625924510204,0.045,0.3358208955223881,1-0-2430-0,@,UT_003,003,2,fave,275.1723076245252,47.45596949000607,5,a,0,0.11010800000008203,"",deck,#,#,"",D,coextensive
578.8834376622027,1712.472877562929,2614.4087790640297,3.223647572566581,4.066331877285584,3.993135777624222,5692.3076923076915,0.00002860205574973526,1111.0159325034015,0.025,0.33783783783783783,1-0-2437-0,@,UT_003,003,2,fave,99.3868592053368,46.788232445245654,5,a,0,0.0500489999999445,do,tarot,#,#,Tuw,T,coextensive
776.1451552226464,1660.9434466902087,2959.9889607768678,2.8842479980415363,3.466782577918616,3.814444401090401,6410.25641025641,0.0021633961919424716,1114.549004165533,0.171,0.3326848249027238,1-0-2451-0,@,UT_003,003,2,fave,213.82994126791414,54.964973899352685,5,a,0,0.48998999999980697,of,"",#,#,V,"",coextensive
516.3859737417241,1694.7630212986548,2911.594023932676,3.8227941435736423,3.733732729021258,4.327962334314635,6230.7692307692305,0.010564001740706173,1115.9239394965985,0.040999999999999995,0.33064516129032256,1-0-2455-0,@,UT_003,003,2,fave,-1018.1485001482171,50.00141748024963,5,a,0,0.09997599999996964,guess,medium,#,#,S,M,coextensive
696.2433874133573,2026.234357551214,2975.672117337124,2.8684936847138403,3.242027696476618,3.8025823672033954,6230.7692307692305,0.00013366711367072766,1116.3219644965984,0.037000000000000005,0.324561403508772,1-0-2456-4,@,UT_003,003,2,fave,236.52831605507356,57.694191083479815,5,medium,0,0.0899650000001202,a,is,iy,M,iy,M,internal
435.5497287061589,1799.9351101308846,2533.6838580805875,3.299298478003524,4.012418799654892,4.561774365748163,6410.25641025641,0.0003615022762261751,1121.6543608276643,0.027000000000000003,0.32142857142857145,1-0-2478-3,@,UT_003,003,2,fave,207.90878764946441,56.86599036332469,5,visual,0,0.0599369999999908,the,aid,ZH,W,ZH,W,internal
620.180004340245,1779.025120242003,3235.2645231961096,3.1957628298778635,3.360743922337465,3.965862971926767,6230.7692307692305,0.00005883942489832838,1122.6143501723357,0.027000000000000003,0.32142857142857145,1-0-2483-0,@,UT_003,003,2,fave,256.00986458060527,59.63437091955354,5,an,0,0.060058999999910156,is,"",#,N,Z,N,initial
577.7396911619687,1992.621798022371,2984.084051985401,3.4770854535804574,3.483839755299519,3.800772231781711,5871.794871794871,0.00018791039857304207,1129.5843211723356,0.027000000000000003,0.32142857142857145,1-0-2502-7,@,UT_003,003,2,fave,NaN,52.49724788357192,5,information,0,0.06005800000002637,the,a,SH,N,SH,N,internal
699.650976674456,1440.8697923655157,2421.4716414196146,3.8580235068641633,4.267099565621703,4.679826815991403,4435.897435897436,0.004922908590753666,1129.6763808276642,0.031,0.32978723404255317,1-0-2503-0,@,UT_003,003,2,fave,391.9237036398656,61.07704743246852,5,a,0,0.06994600000007267,information,little,#,#,N,L,coextensive
529.3401067375574,1952.9088451340524,3005.9112775509834,3.678097938364885,3.573954361807128,3.4417959510146003,6230.7692307692305,0.00001851500302587379,1132.8633445034015,0.025,0.33783783783783783,1-0-2517-1,@,UT_003,003,2,fave,199.58863113727637,51.94050079526572,5,to,0,0.0500489999999445,artistry,that,T,#,T,DH,final
622.3706399656845,1703.325532660122,2709.232607882338,3.7168417677092536,4.274847491536028,3.7495525611153497,5333.333333333333,0.001046691701203985,1139.8863464965987,0.031,0.32978723404255317,1-0-2544-0,@,UT_003,003,2,fave,185.71767465301014,51.336391961687056,5,and,0,0.06994699999995646,day,don't,#,N,eyF,N,initial
763.0652513420788,1766.0029104879193,3028.0674834052384,3.3583982657866214,3.4480293837331573,3.7578563570728787,6230.7692307692305,0.00011373262868262103,1144.8463301723357,0.031,0.32978723404255317,1-0-2560-0,@,UT_003,003,2,fave,243.10268374480756,48.76630227009131,5,amazing,0,0.07006899999987581,"","",#,M,"",M,initial
632.4179127652329,1330.559326540247,2521.195463818013,3.4387153683733533,3.6589139941003173,4.803431211431048,6051.282051282051,0.00726347120880242,1145.9562891655328,0.051000000000000004,0.3311688311688312,1-0-2564-0,@,UT_003,003,2,fave,255.77586476172831,59.871421838640885,5,i'm,0,0.13000499999998283,"",like,#,M,"",M,initial
664.5741723390464,1330.7944353919634,2735.918890309132,3.4535424679623095,3.8444081990156334,4.103220958168107,6051.282051282051,0.0019439484860002752,1154.2689381723355,0.031,0.32978723404255317,1-0-2588-0,@,UT_003,003,2,fave,221.38396862268254,52.87587323764126,5,i'm,0,0.07006799999999203,"",like,#,M,"",M,initial
682.9932695997035,1874.9046499259882,3002.8402139964537,3.256881362643421,2.9691734536022674,3.6964836603825333,6230.7692307692305,0.000012353772953611822,1155.2769481723356,0.027000000000000003,0.32142857142857145,1-0-2594-0,@,UT_003,003,2,fave,262.50181771777153,65.53819533798675,5,a,0,0.06005800000002637,just,knowing,#,#,T,N,coextensive
561.257233219604,1731.8134704808997,2818.021587496391,3.120776629764438,3.3391714407989834,4.047237170678639,6230.7692307692305,6.805612892049054e-6,1160.73691484127,0.027000000000000003,0.32142857142857145,1-0-2609-1,@,UT_003,003,2,fave,248.4112679118468,58.74567318191739,5,that,0,0.06005800000002637,"",that,DH,T,DH,T,internal
603.9175650957586,1959.4503065443002,2867.7929019310473,3.238655687390412,3.345573255452213,3.698602267940059,6230.7692307692305,0.00006563676876939061,1162.8269678276642,0.027000000000000003,0.32142857142857145,1-0-2617-1,@,UT_003,003,2,fave,244.2754097907632,59.80076149559092,5,to,0,0.0599369999999908,thing,say,T,#,T,S,final
628.3154670701934,1662.4124231814048,3178.4132142793314,3.26584311861647,3.7676780267182903,3.7320532134196824,6230.7692307692305,0.00003209271355844905,1175.9269438276642,0.027000000000000003,0.32142857142857145,1-0-2661-2,@,UT_003,003,2,fave,203.65301108379512,54.2352179227853,5,island,0,0.0599369999999908,long,medium,L,N,L,N,internal
678.653863864402,1937.5681694269124,2820.5310613489123,2.813745637321482,3.6251802823691035,3.6763188709175076,6051.282051282051,0.00005151941282122975,1176.3309734965987,0.035,0.33653846153846156,1-0-2662-4,@,UT_003,003,2,fave,230.76383356070392,56.52943997849648,5,medium,0,0.07995600000003833,island,"",iy,M,iy,M,internal
634.8626308187436,1577.0133989657056,3051.0463142888116,3.531636335043338,3.5880494823763573,4.110834499472369,6410.25641025641,0.017849124238796636,1179.1961374965988,0.08100000000000002,0.3319672131147542,1-0-2675-1,@,UT_003,003,2,fave,206.98063449810127,52.54995547500464,5,the,0,0.21996999999987565,s,"",DH,#,DH,"",final
564.7073805165571,1437.5311658181731,2542.2980225561346,3.515593290278773,3.4729683005106495,4.016349965383053,6230.7692307692305,0.0000950124789191194,1183.31915015873,0.027000000000000003,0.32142857142857145,1-0-2693-1,@,UT_003,003,2,fave,309.20842787695153,64.61904217809153,5,was,0,0.059936000000107015,i,always,W,Z,W,Z,internal
644.2858824147428,1928.1447242996885,2815.0296526420184,3.2591610763445824,3.2456441309894917,3.3682611865139145,6230.7692307692305,8.981601876484185e-6,1193.3681055034015,0.025,0.33783783783783783,1-0-2743-3,@,UT_003,003,2,fave,235.06436580997735,57.54716065315941,5,gonna,0,0.05004900000017187,was,say,N,#,N,S,final
544.1635943449097,1817.4364203469463,2603.840763722857,3.6457113075824927,3.784863183210058,3.56550568227014,6230.7692307692305,0.00002208704609107442,1195.6681545034016,0.025,0.33783783783783783,1-0-2753-4,@,UT_003,003,2,fave,198.358095160079,57.2571732368817,5,dragonfly,0,0.05004799999983334,say,"",G,N,G,N,internal
520.5198792022164,1849.6037694421225,2895.0353177587344,3.7670250650627324,3.136862437684041,3.307880725983073,6230.7692307692305,0.00004012831833533085,1198.5581741723354,0.025,0.33783783783783783,1-0-2762-0,@,UT_003,003,2,fave,204.24902298696946,62.10396532697102,5,a,0,0.0500489999999445,activated,sleeper,#,#,D,S,coextensive
563.6736677242803,1950.1411767686182,2697.44474307663,3.840484088471554,3.808870021642431,4.058216163391345,5692.3076923076915,0.0005947927540016201,1199.3931358412697,0.035,0.33653846153846156,1-0-2765-2,@,UT_003,003,2,fave,205.16662042601178,68.74652168772073,5,agent,0,0.08007799999995768,cell,and,JH,N,JH,N,internal
716.3822125843562,1910.094513081761,3029.7697399114477,3.189406623562757,3.5572537841938954,3.3604936519039836,6230.7692307692305,0.00016893885644525522,1224.7479678344673,0.055,0.33536585365853655,1-0-2815-4,@,UT_003,003,2,fave,252.3183301981569,60.774946189703925,5,business,0,0.14001399999983732,the,"",N,S,N,S,internal
540.9995894819857,1756.0580518953245,2908.1170575053943,3.3010921773084148,3.3769797906810313,3.8600687133735065,6230.7692307692305,0.00004267160458438809,1228.1159614965986,0.031,0.32978723404255317,1-0-2828-5,@,UT_003,003,2,fave,246.50593007819447,66.33843282519895,5,eventually,0,0.06994600000007267,"",[bracketed],SH,L,SH,L,internal
596.3971728441348,1437.8111564428145,2799.287444922588,3.0510097517279644,3.629795536140746,3.5025748444404403,6230.7692307692305,0.000035199767188186825,1235.6374211723357,0.027000000000000003,0.32142857142857145,1-0-2853-0,@,UT_003,003,2,fave,274.86303546025067,61.178341808888305,5,a,0,0.060058999999910156,"",week,#,#,"",W,coextensive
724.9828415017172,1842.6633282107878,2984.3020757493377,3.76929021423104,3.328596780448613,3.4623083495119866,6051.282051282051,0.0023985727465858394,1239.5914524965988,0.075,0.33482142857142855,1-0-2863-3,@,UT_003,003,2,fave,206.36972003848177,50.77591669314467,5,gonna,0,0.1999510000000555,know,"",N,#,N,"",final
723.0398694046988,1677.6959240634292,3200.4247175474825,3.1561280460251173,3.0535846580131323,3.974329144199737,6230.7692307692305,0.00029340029156514933,1240.8524814965986,0.037000000000000005,0.324561403508772,1-0-2868-0,@,UT_003,003,2,fave,240.27258966220523,56.04861587325699,5,and,0,0.08996600000000399,"",then,#,N,"",N,initial
478.885214608143,2092.622833845364,2787.4059849571595,2.9760848803631115,3.751492660870626,3.8800681175485434,6051.282051282051,0.0007395741203193817,1256.6664311723357,0.065,0.3350515463917526,1-0-2921-1,@,UT_003,003,2,fave,230.27539013493728,50.15288171506601,5,to,0,0.17004399999996167,up,on,T,#,T,o,final
620.0605662404183,2125.93078769352,2989.3808835260597,3.0808207948955424,3.5289768272155704,3.6233945186504775,6051.282051282051,0.0002354652384815671,1265.943477834467,0.051000000000000004,0.3311688311688312,1-0-2930-5,@,UT_003,003,2,fave,209.28428296941345,57.949228311203974,5,passionate,0,0.13000399999987167,not,about,N,T,N,T,internal
726.9938159631803,1740.2437118993105,2720.3408868929037,2.8550825898847316,3.3698898362357426,3.8012153814086562,6051.282051282051,0.00002372459445185316,1266.0914948276643,0.027000000000000003,0.32142857142857145,1-0-2931-0,@,UT_003,003,2,fave,211.63294172006047,59.42450373385223,5,about,0,0.05993599999987964,passionate,accounting,#,B,T,B,initial
732.8900422911407,1772.933774787301,2817.42279435616,3.6162591660455985,3.8060285297425476,3.47230669669642,6051.282051282051,0.000017744774795785413,1266.3804401723355,0.025,0.33783783783783783,1-0-2932-0,@,UT_003,003,2,fave,199.28788668403814,51.93869463652004,5,accounting,0,0.0500489999999445,about,"",#,K,T,K,initial
668.4924449600503,1789.163535184884,2955.4370840955085,3.314724823793717,2.6872404709380167,3.331625659937182,6230.7692307692305,0.00005241166998595066,1268.1454218276644,0.035,0.3365384615384616,1-0-2935-5,@,UT_003,003,2,fave,218.90832226123734,60.03098968372308,5,passionate,0,0.07995600000003833,i'm,about,N,T,N,T,internal
546.928916438396,1810.1191413747956,2900.3140070010763,3.355695722752448,3.553753527071337,3.822715560024829,5692.3076923076915,0.0006231623969352234,1346.5090688276644,0.035,0.3365384615384616,1-0-2951-4,@,UT_003,003,2,fave,-2962.5901921501018,46.829384272448216,5,cereal,0,0.07995600000003833,his,"",iy,L,iy,L,internal
534.784642268499,1837.4194777036466,3106.1088381605837,3.1376617842803483,3.3462043212545405,3.3397042753594444,6230.7692307692305,0.000012793043867030889,1349.2572655034016,0.025,0.33783783783783783,1-0-2953-1,@,UT_003,003,2,fave,223.86635956558945,54.3856214130382,5,the,0,0.0500489999999445,"",children,DH,#,DH,CH,final
612.2819369292512,1826.6894733958723,2180.9532607201972,3.3598825238091505,3.5851792165280782,4.520125851182029,5333.333333333333,0.000011356947361638093,1349.7272421723355,0.025,0.33783783783783783,1-0-2954-5,@,UT_003,003,2,fave,239.53791731837094,56.92193866628868,5,children,0,0.05004799999983334,the,sang,R,N,R,N,internal
618.0576662429654,1687.8628197983498,2848.2349854394374,3.364401501398838,3.5607561834094565,3.5575464770746517,6230.7692307692305,0.00007164637136138964,1354.9166898276642,0.027000000000000003,0.32142857142857145,1-0-2963-1,@,UT_003,003,2,fave,225.42108928726964,55.15183207392653,5,the,0,0.0599369999999908,"",kids,DH,#,DH,K,final
712.1397978020852,1768.795895760206,2830.322208436751,3.0545032545946245,3.576254474205916,3.6423391636910627,6589.74358974359,0.00028678705433191114,1355.6956275102038,0.045,0.3358208955223881,1-0-2966-0,@,UT_003,003,2,fave,102.54724536873012,53.906290538097856,5,an,0,0.11010699999997087,saw,"",#,N,o,N,initial
684.3300331278745,1845.3627772227103,3042.0380326745303,3.1635992688744174,3.110104080049651,3.4680401311145572,6230.7692307692305,5.945779867435605e-6,1382.7132031723354,0.025,0.33783783783783783,1-0-3025-3,@,UT_003,003,2,fave,230.7068432596261,58.30725844433652,5,woman,0,0.0500489999999445,the,saw,M,N,M,N,internal
669.618848623288,1668.8499490975175,2913.633929373948,3.0268148730480684,3.0941265848260144,3.5439708843024755,6230.7692307692305,0.00019558091306656544,1383.1362528412699,0.031,0.32978723404255317,1-0-3027-0,@,UT_003,003,2,fave,201.22878369799446,53.96969968655401,5,a,0,0.07006900000010319,saw,snail,#,#,o,S,coextensive
662.2284442247335,1684.0787865706336,2902.311011245518,2.92719115901515,3.3647713170165248,3.920920817940624,6230.7692307692305,0.00009991957925139875,1386.8992344965984,0.037000000000000005,0.324561403508772,1-0-3035-1,@,UT_003,003,2,fave,213.62758516379378,57.30405710736058,5,the,0,0.08996600000000399,"",hermit,DH,#,DH,HH,final
677.7924998517886,1857.5310374770195,2757.663223341255,3.2529108436124092,3.4852691782501237,4.025786691475925,6230.7692307692305,5.330128055850117e-6,1387.2532375034016,0.025,0.33783783783783783,1-0-3036-3,@,UT_003,003,2,fave,240.44098495544762,56.21530231500054,5,hermit,0,0.05004800000006071,the,crab,M,T,M,T,internal
548.0857090190739,1828.6164491025906,3015.9347390782377,3.1619480271691147,3.282527220732894,3.641639011359677,6410.25641025641,0.0004424862077715833,1388.1462344965985,0.031,0.32978723404255317,1-0-3039-0,@,UT_003,003,2,fave,255.86775510709603,48.53776789356423,5,a,0,0.06994600000007267,needs,new,#,#,Z,N,coextensive
680.7609653712761,2026.9968464290205,2992.1753002191917,2.6938954539681177,3.3056574965103045,3.6786703522816837,6230.7692307692305,0.00005416249192544068,1392.8382984965988,0.035,0.33653846153846156,1-0-3046-4,@,UT_003,003,2,fave,228.64683463941594,60.301392382742286,5,william,0,0.07995600000003833,prince,returned,Y,M,Y,M,internal
706.3331993767438,2328.1222299900323,3123.2363527793214,3.563132095607943,3.8062035858439587,3.314249832125554,6230.7692307692305,0.00010127131791820272,1400.71620884127,0.031,0.32978723404255317,1-0-3060-0,@,UT_003,003,2,fave,195.72880051541856,51.44623896150506,5,an,0,0.07006900000010319,contain,"",#,N,N,N,initial
508.4099272196062,1569.9042408338712,2676.6697061674254,3.1310015057341287,3.7926232066666037,4.291172684194409,6589.74358974359,0.00009332561955569847,1405.0062431723356,0.031,0.32978723404255317,1-0-3066-1,@,UT_003,003,2,fave,221.52185253953502,57.56263850230368,5,the,0,0.07006799999999203,"",reporter,DH,#,DH,R,final
752.6305036642027,1557.8580682530992,2979.423510550837,2.9492169479655224,3.5851114116541836,3.9434003683664898,6230.7692307692305,0.00006116059602767495,1406.6962778276643,0.031,0.32978723404255317,1-0-3072-0,@,UT_003,003,2,fave,223.80978100273936,55.9832393943423,5,about,0,0.0699459999998453,"",bigfoot,#,B,"",B,initial
615.3900923324401,1977.7213188136807,2952.454298421964,3.207102867658139,3.618292338440095,3.5019637787044253,6589.74358974359,0.00009280260367527848,1418.193890165533,0.045,0.3358208955223881,1-0-3090-3,@,UT_003,003,2,fave,189.95428314523465,57.5780971596735,5,button,0,0.10998500000005151,a,"",T,N,T,N,internal
666.1790940892124,1859.221930606652,2424.3897650268154,3.187647847588142,2.9615401640879324,3.66825714149931,5692.3076923076915,0.000011152562305027388,1423.2848538276642,0.027000000000000003,0.32142857142857145,1-0-3098-3,@,UT_003,003,2,fave,228.30748749614636,57.09673471133278,5,baroness,0,0.05993700000021818,the,"",R,N,R,N,internal
683.6398261196704,1678.9600840167775,2536.5323847815966,2.9942583004815564,3.3431797436568393,4.061677195449698,6230.7692307692305,0.001257787941501512,1425.7998765034013,0.057,0.32758620689655177,1-0-3105-3,@,UT_003,003,2,fave,NaN,43.13512289860567,5,service,0,0.15002500000014152,"","",V,S,V,S,internal
579.5612637183808,1654.4155223835126,2873.334405351055,3.163743232397173,3.3567999521650824,3.742324562465282,6230.7692307692305,2.528367322580147e-6,1429.2538475034016,0.025,0.33783783783783783,1-0-3107-1,@,UT_003,003,2,fave,229.36720610600005,58.536932844496896,5,the,0,0.0500489999999445,"",book,DH,#,DH,B,final
724.2863830959765,1670.6284159798165,2880.369576388626,3.1081146556752484,3.4497094357601705,3.9170443531018675,6230.7692307692305,0.00061259644041414,1430.063885165533,0.045,0.3358208955223881,1-0-3111-0,@,UT_003,003,2,fave,240.62835618382726,58.03080629533671,5,a,0,0.10998500000005151,"",belt,#,#,"",B,coextensive
640.6080795838539,1850.1590115407985,2891.825319298317,3.167409402012924,3.112953868758473,3.877312827222469,6051.282051282051,0.000013551284653963652,1431.3548281723356,0.027000000000000003,0.32142857142857145,1-0-3114-6,@,UT_003,003,2,fave,308.93726998658957,52.27197315516249,5,decoration,0,0.06005900000013753,for,"",SH,N,SH,N,internal
601.5779707912503,1758.9855672060621,2991.522138275069,3.4442679528640534,3.1757407113473293,3.2911431504772413,6051.282051282051,0.0001283174985064667,1434.3348091723356,0.027000000000000003,0.32142857142857145,1-0-3116-1,@,UT_003,003,2,fave,221.5444213672449,55.72927770243634,5,the,0,0.06005900000013753,"",student,DH,#,DH,S,final
606.1624668610491,1641.4598472820883,3001.2137964711706,3.350217576450785,3.2143206131436965,3.245205913118773,6051.282051282051,0.00010650635717891253,1435.3048738276643,0.027000000000000003,0.32142857142857145,1-0-3119-1,@,UT_003,003,2,fave,200.31066114056557,51.62670602499308,5,the,0,0.05993599999987964,saw,cell,DH,#,DH,S,final
504.32285439977016,1442.1420394013026,2828.079045411017,2.8480276863736025,3.6294624086213902,3.649455376900182,5871.794871794871,0.00028661945540640383,1445.75124384127,0.031,0.32978723404255317,1-0-3136-1,@,UT_003,003,2,fave,234.75438676968713,59.04751445856885,5,the,0,0.07006799999999203,"",woman,DH,#,DH,W,final
611.2263489668675,1968.2427815851372,2918.6065770054047,3.632476654701218,3.36726656632528,3.8460205440864828,6051.282051282051,0.00004138976299694843,1447.0082415034015,0.025,0.33783783783783783,1-0-3140-3,@,UT_003,003,2,fave,219.9626347064622,55.4880064413461,5,cotton,0,0.05004900000017187,the,"",T,N,T,N,internal
637.5796652436629,1737.3462042043082,2848.5173534857777,3.395433856685222,3.08152236724978,3.495488292373446,6230.7692307692305,7.071319697218748e-6,1450.5282671723355,0.025,0.33783783783783783,1-0-3144-1,@,UT_003,003,2,fave,216.95423940442188,55.739753590180726,5,the,0,0.0500489999999445,"",vikings,DH,#,DH,V,final
741.8933446230582,1715.4850995995887,2744.939575798308,3.125385845125432,3.370115315549668,4.384758385082779,6769.2307692307695,0.0005535491454375698,1455.798260165533,0.045,0.3358208955223881,1-0-3156-1,@,UT_003,003,2,fave,-83694.37793159024,47.97342670127245,5,the,0,0.10998500000005151,"",acrobat,DH,#,DH,ae,final
686.111859241627,1768.6550615075782,2796.734802211926,3.262287405534279,3.4800422472658115,3.800193272948544,6051.282051282051,8.256267941576121e-6,1457.3882465034014,0.025,0.33783783783783783,1-0-3161-1,@,UT_003,003,2,fave,198.6830988811043,53.2896396428245,5,the,0,0.05004900000017187,near,helm,DH,#,DH,HH,final
720.6094241328123,1866.4542999488758,2316.442147440798,3.214328348321099,3.6712150852071446,4.101390719236781,6051.282051282051,0.000015966704579868546,1460.9692081723356,0.027000000000000003,0.32142857142857145,1-0-3167-5,@,UT_003,003,2,fave,259.25335149901224,59.022459775062,5,children,0,0.06005900000013753,the,wear,R,N,R,N,internal
534.1057201170908,1499.0978740660114,2860.4896506881455,3.434520636767101,3.6112943414335064,4.17598607727695,6051.282051282051,0.00019178705864723194,1461.7132928276644,0.035,0.3365384615384616,1-0-3170-1,@,UT_003,003,2,fave,209.16047477977102,57.0168448443112,5,the,0,0.07995600000003833,"",whistles,DH,#,DH,W,final
537.6398353119208,1334.5999049453344,3010.3854597822155,3.452055033088076,3.598783738517668,4.188473228273962,6051.282051282051,0.002108036832640404,1462.13124884127,0.031,0.32978723404255317,1-0-3171-3,@,UT_003,003,2,fave,244.21244357523886,56.013217417952106,5,whistles,0,0.07006799999999203,the,"",S,L,S,L,internal
486.6968216994733,1221.8929944920492,2796.235964220765,3.667480790363928,3.9448208514364,4.276361126051139,6230.7692307692305,0.17624378876018337,1470.767423834467,0.309,0.33441558441558433,1-0-3188-1,@,UT_003,003,2,fave,244.62645915164316,58.01107643800452,5,the,0,0.900023999999803,"","",DH,#,DH,"",final
343.09462681736784,823.4294974667474,1813.9001468013312,3.806977759736739,4.009934751823184,3.7769662234088397,3897.4358974358975,0.057907618439343514,1472.4304428344672,0.095,0.33450704225352107,1-0-3196-1,@,UT_003,003,2,fave,219.3818261565167,49.179219485838,5,the,0,0.26001000000019303,down,"",DH,#,DH,"",final
699.0986372580118,1340.7412686776638,2867.964397555814,3.509052381782289,3.7730831872764248,4.251159663724749,5692.3076923076915,0.0001894062985437816,1476.0664698276644,0.027000000000000003,0.32142857142857145,1-0-3204-1,@,UT_003,003,2,fave,244.985991631206,56.863865104045686,5,to,0,0.0599369999999908,like,waddle,T,#,T,W,final
552.6920704707064,1642.2098448517725,2844.037108754476,3.433844011413086,3.629367758656746,4.295845521921081,5871.794871794871,0.00010775128310056787,1481.7864408276644,0.027000000000000003,0.32142857142857145,1-0-3216-1,@,UT_003,003,2,fave,94.08721979473664,50.01351435659502,5,the,0,0.0599369999999908,onto,roof,DH,#,DH,R,final
725.0144522976207,1891.7730746934287,2888.0648322630022,2.6793443092955,3.291791276971461,3.8731312073021944,6230.7692307692305,0.0003668677216007765,1489.786442165533,0.047,0.3263888888888889,1-0-3220-2,@,UT_003,003,2,fave,239.4935973857137,65.93415533376955,5,violinist,0,0.11999500000001717,the,"",ay,L,ay,L,internal
698.7542068043552,1998.6685395100335,3078.2812629716555,3.4014139629992646,3.677666219360884,3.6832145563773473,6230.7692307692305,0.00020924042154428653,1490.123436510204,0.040999999999999995,0.33064516129032256,1-0-3220-6,@,UT_003,003,2,fave,291.58989503003744,58.00560066431343,5,violinist,0,0.10009800000011637,the,"",N,S,N,S,internal
652.2345054366846,1433.4297033150733,2750.7556773287947,3.173423812212232,3.899657127241467,3.965269026659377,5692.3076923076915,0.0004602474036705406,1501.2433504965986,0.037000000000000005,0.324561403508772,1-0-3242-0,@,UT_003,003,2,fave,200.9292016169872,53.84296938825069,5,a,0,0.08996600000000399,"",writer,#,#,"",R,coextensive
583.6951188587449,1643.4452333650013,2899.442243442791,3.431168843124801,3.5815247153747807,4.311431093616937,6410.25641025641,0.00006791068101099879,1504.80031584127,0.031,0.32978723404255317,1-0-3246-1,@,UT_003,003,2,fave,218.78647936297847,56.64480195330958,5,the,0,0.07006799999999203,"",roman,DH,#,DH,R,final
656.0320185686815,1861.645002757751,3068.1359980715447,3.3460600041973847,3.4188358411441477,3.311414033059636,6230.7692307692305,0.000016568647737835775,1505.17031084127,0.031,0.32978723404255317,1-0-3247-3,@,UT_003,003,2,fave,256.1965503723063,56.43728485029549,5,roman,0,0.07006799999999203,the,people,M,N,M,N,internal
675.9113071562858,2066.796580306663,3068.8523695903523,3.0657488033516387,3.621196969832345,3.598342500293726,6230.7692307692305,0.00006462186593686429,1506.3923754965988,0.035,0.33653846153846156,1-0-3250-3,@,UT_003,003,2,fave,234.5575045535091,57.30683982891337,5,latin,0,0.07995600000003833,spoke,in,T,N,T,N,internal
658.0317600403835,2017.2964714565612,3088.4404456762495,3.3580433978506763,3.750315214981036,3.452896630090321,6230.7692307692305,2.411990620778382e-6,1507.1073625034014,0.025,0.33783783783783783,1-0-3253-3,@,UT_003,003,2,fave,223.52132539530024,53.74831108569088,5,ancient,0,0.05004900000017187,"",times,SH,N,SH,N,internal
565.8783244703759,1793.623035961635,2297.076021122029,3.3762427579194867,4.24157321740344,3.725747625579968,5692.3076923076915,4.911389488422728e-6,1510.9383251723357,0.027000000000000003,0.32142857142857145,1-0-3257-5,@,UT_003,003,2,fave,251.9041452769044,60.64196944363335,5,children's,0,0.06005800000002637,the,hands,R,N,R,N,internal
607.6518819220859,2199.9303335626287,3089.388883487774,3.2996595851653803,3.7395824669893685,3.679670798927438,6230.7692307692305,0.000012996933989158905,1512.42832084127,0.027000000000000003,0.32142857142857145,1-0-3261-3,@,UT_003,003,2,fave,123.92992272098788,55.03389043002769,5,mittens,0,0.06005800000002637,needs,"",T,N,T,N,internal
607.5297417895921,1431.8394038562392,2874.217257532746,3.277413102798871,3.545592417317665,3.7738776906363425,6230.7692307692305,0.00006799919097752937,1521.6183498276644,0.027000000000000003,0.32142857142857145,1-0-3279-1,@,UT_003,003,2,fave,232.88820352579475,57.16295756077576,5,was,0,0.0599369999999908,table,covered,W,Z,W,Z,internal
571.0282008570289,1744.4751541114003,2949.8299077538927,3.3944189463917196,3.210281504770876,3.672840319985456,6230.7692307692305,0.000028395147722971813,1527.4602688276643,0.027000000000000003,0.32142857142857145,1-0-3287-1,@,UT_003,003,2,fave,222.05293112623755,59.00210252145207,5,the,0,0.0599369999999908,"",backpacker,DH,#,DH,spn,final
546.9415128252633,1661.6988837435192,3006.844868052173,3.3023464232353845,3.0237048184783024,3.634970469059448,6230.7692307692305,0.00008593462762236263,1532.9902041723356,0.027000000000000003,0.32142857142857145,1-0-3296-1,@,UT_003,003,2,fave,224.758998469798,53.815499217512496,5,the,0,0.06005900000013753,"",stone,DH,#,DH,S,final
598.8453454925458,1853.4408673680052,2936.7657660095115,3.6753530846351996,2.940305638552815,3.549541766448158,6230.7692307692305,0.000584073031202402,1534.6002781587301,0.027000000000000003,0.32142857142857145,1-0-3301-1,@,UT_003,003,2,fave,199.45876045356255,52.15955851724387,5,the,0,0.059936000000107015,for,sale,DH,#,DH,S,final
606.712186432659,1512.4851151125397,2990.116972629106,3.2597757442078996,3.391617190926254,3.81388886935895,6230.7692307692305,0.00004276732043753929,1538.7622241723357,0.031,0.32978723404255317,1-0-3306-1,@,UT_003,003,2,fave,225.114882446356,58.50339403037097,5,the,0,0.07006799999999203,"",windows,DH,#,DH,W,final
599.5342723910867,2066.5922675183892,2654.121342831409,3.3813746552644313,3.648475368438884,3.641326670822732,6051.282051282051,0.00008094471389325777,1539.9052164965985,0.037,0.32456140350877194,1-0-3309-3,@,UT_003,003,2,fave,231.0946245274509,58.62901068536986,5,curtains,0,0.08996499999989283,need,"",T,N,T,N,internal
728.8888074006376,1761.4673186014095,2841.3323373642456,3.4915127647289728,3.88568435405837,4.125467236954016,5692.3076923076915,0.006632666483480506,1540.3942348412697,0.035,0.33653846153846156,1-0-3311-1,@,UT_003,003,2,fave,962.1262674639149,43.89451891855729,5,to,0,0.08007799999995768,"","",T,#,T,"",final
583.4693583289666,1724.2433007766701,2860.029069969597,3.823729184236263,3.60665395589406,3.5790128257882845,6051.282051282051,0.0006209305242357566,1540.9192581723355,0.025,0.33783783783783783,1-0-3314-1,@,UT_003,003,2,fave,215.07044825123586,52.29468497745959,5,the,0,0.0500489999999445,block,sun,DH,#,DH,S,final
571.8397201741143,1645.736332063277,2986.7086417374953,3.55821727743394,3.5778040086932865,4.615365334720442,6230.7692307692305,0.00003863374242422354,1545.9092425034016,0.025,0.33783783783783783,1-0-3324-1,@,UT_003,003,2,fave,189.88609425198592,50.110104289663184,5,the,0,0.0500489999999445,over,ridge,DH,#,DH,R,final
643.248318931004,1675.3353831614597,2835.0639231115215,2.7848035208603488,3.1819656576556308,3.710743919264847,6230.7692307692305,0.0003994433351476507,1550.5972851655329,0.04100000000000001,0.3306451612903227,1-0-3331-0,@,UT_003,003,2,fave,276.50807538985396,51.151863444480604,5,a,0,0.09997599999996964,"",new,#,#,"",N,coextensive
475.6739697319176,1883.6014837671007,2770.1599687310572,3.5991626825328225,3.8173524241082353,3.031304256887331,6051.282051282051,0.00005695730746320319,77.30355116553287,0.031,0.32978723404255317,1-0-18-6,uw,UT_003,003,2,fave,310.69685387587856,53.10123882095083,5,syracuse,2,0.06999900000000991,"","",Y,Z,Y,Z,internal
410.1993882928655,1871.8061808082139,2789.077126175016,3.0132838433886704,4.0570350111295586,3.634268578705779,5871.794871794871,5.577378676840378e-6,110.90285183446713,0.025,0.33783783783783783,1-0-63-6,uw,UT_003,003,2,fave,199.1128399746074,49.96206264947496,5,syracuse,2,0.050002999999989584,for,and,Y,Z,Y,Z,internal
480.0603421376222,2156.306548882383,2705.8724587108145,3.487942043335692,4.1207964781232285,4.179845052081414,6410.25641025641,0.004917943162626833,140.35175316553287,0.085,0.3346456692913386,1-0-101-2,uw,UT_003,003,2,fave,249.20338097417033,49.89619254211638,5,issue,0,0.2299950000000024,"","",SH,#,SH,"",final
401.2318813442948,1664.1212651816163,2793.417933981639,3.0225191695489477,3.4846789634685504,3.321401649721174,6051.282051282051,0.000040955598025429724,361.31924983446714,0.031,0.32978723404255317,1-0-568-1,uw,UT_003,003,2,fave,188.70184565427542,52.62369257018384,5,google,1,0.07000800000002982,to,business,G,G,G,G,internal
325.57734810053927,1456.2599107690562,2711.7299505329934,3.3043544063181787,3.6828117207038553,3.7691468123498524,6230.7692307692305,0.0005273859349901127,466.06956116553283,0.045,0.3358208955223881,1-0-745-1,uw,UT_003,003,2,fave,298.17559007669036,63.96321444932784,5,usually,1,0.10998499999999467,"",we,Y,ZH,Y,ZH,internal
449.67223550808876,2299.075428855642,2793.7133597901548,3.3417327381997,3.964346931141363,3.6224987151743853,6051.282051282051,0.00001689764144611811,482.7012528344671,0.027000000000000003,0.32142857142857145,1-0-798-1,uw,UT_003,003,2,fave,212.79846664587114,54.800030199801654,5,you,1,0.05999800000000732,"",know,Y,#,Y,N,final
437.6666894492323,1982.2875446309456,2660.1127649587743,3.565344139464901,4.113005184724934,3.725516357706688,6051.282051282051,0.0004184904075136682,496.4962561655329,0.037000000000000005,0.324561403508772,1-0-828-1,uw,UT_003,003,2,fave,315.66961354493657,59.20336155959077,5,usually,1,0.08999599999998509,[bracketed],i,Y,ZH,Y,ZH,internal
426.3481797705836,1846.7481677249953,2694.1337930147424,2.889344039530258,4.1747438263029375,4.761827136678831,6051.282051282051,0.00012597542085028614,531.3500511655329,0.027000000000000003,0.32142857142857145,1-0-932-1,uw,UT_003,003,2,fave,211.59544285532013,56.66686151681895,5,you,1,0.059996999999953005,if,want,Y,#,Y,W,final
504.75073420557175,2416.206460287961,2674.781239454402,3.3432515165945285,4.130505040267349,3.8635052163098904,6051.282051282051,0.00004445046237008365,574.2111268344671,0.031,0.32978723404255317,1-0-980-1,uw,UT_003,003,2,fave,220.5439826609845,54.46194508276324,5,you,1,0.07000700000003235,"",know,Y,#,Y,N,final
420.48371787450833,2149.529440602318,2758.3171718423955,3.4846149232340595,4.053062000450496,3.5620630887940705,6051.282051282051,0.00018126338813905456,649.036260834467,0.031,0.32978723404255317,1-0-1062-1,uw,UT_003,003,2,fave,341.7598720736343,67.8395639741312,5,used,1,0.07000700000003235,i,to,Y,Z,Y,Z,internal
485.1068922795056,1636.3642093207482,2788.723978798955,3.2237832970089775,3.6417053040857494,4.027670203404539,5871.794871794871,0.0008503344341643554,755.387554165533,0.045,0.3358208955223881,1-0-1291-2,uw,UT_003,003,2,fave,236.7604357497374,58.14873349874251,5,knew,1,0.10998499999993783,i,because,Y,#,Y,B,final
484.2875899432675,1823.8258646603806,2619.629881860162,3.5196885156715028,4.1510878556082496,3.0679591023804957,5871.794871794871,0.000065425851329202,925.5722361723356,0.027000000000000003,0.32142857142857145,1-0-1702-1,uw,UT_003,003,2,fave,237.52046361377967,56.48935940572945,5,you,1,0.06005799999991268,believe,cause,Y,#,Y,K,final
463.69258511161775,1786.9838159558954,2646.349593254418,2.0997999327795274,3.256517970865756,3.6600003668122327,6051.282051282051,0.000013651751462779937,927.0822281655329,0.027000000000000003,0.32142857142857145,1-0-1710-1,uw,UT_003,003,2,fave,228.21484139347632,63.54577028934662,5,you,1,0.05999799999995048,support,and,Y,#,Y,@,final
474.6152866651857,1884.48982448573,2820.3681549956686,3.7976361600029875,4.214158233416064,4.313732903129757,5512.820512820513,0.00206390354650978,937.0922438344671,0.027000000000000003,0.32142857142857145,1-0-1745-1,uw,UT_003,003,2,fave,248.69214786924198,54.44319600462549,5,you,1,0.05999800000006417,giving,roses,Y,#,Y,R,final
536.7810154209346,2004.3615406751032,2849.0800124150946,3.993456081086574,4.042487001297701,3.5287537749616167,6051.282051282051,0.0032795945457333026,961.3849315034013,0.065,0.3350515463917526,1-0-1854-1,uw,UT_003,003,2,fave,260.5293357469335,57.705237416950304,5,you,1,0.17004399999996167,like,fixed,Y,#,Y,F,final
500.49853740311386,1989.0147383452029,2788.9869933205127,3.5656116089978833,4.071265881742004,3.6085965421976622,6051.282051282051,0.000049690467410995034,1020.6247701655329,0.027000000000000003,0.32142857142857145,1-0-2106-1,uw,UT_003,003,2,fave,244.0167399344416,55.41503145260246,5,you,1,0.05999799999995048,get,there,Y,#,Y,DH,final
638.310183991897,1823.7755264470234,2781.170920572343,3.6718366821271013,3.971277155501329,3.635558147425207,6051.282051282051,0.004149000803946821,1037.6056138344672,0.095,0.33450704225352107,1-0-2169-1,uw,UT_003,003,2,fave,281.48827187156417,55.061913561590366,5,who,1,0.26000999999996566,someone,"",HH,#,HH,"",final
561.2502994361823,2133.3273831700308,3545.7534390334276,4.145038768629441,4.511942889363544,4.269902457442504,7487.179487179487,0.02997808505645086,1053.7266274965984,0.037,0.32456140350877194,1-0-2235-1,uw,UT_003,003,2,fave,NaN,39.45224648514485,5,you,1,0.08996600000000399,"","",Y,#,Y,"",final
511.615921620239,2555.525397711334,3134.3952694754516,3.681905800581205,4.048235545558233,3.8217858789147914,6051.282051282051,0.00006736424278666564,1067.0643948276643,0.027000000000000003,0.32142857142857145,1-0-2284-1,uw,UT_003,003,2,fave,214.50705604987849,53.36994365621632,5,you,1,0.0599369999999908,"",know,Y,#,Y,N,final
409.6948485358804,2019.8813423515253,2848.195318355331,3.03876058271454,4.500964456977554,3.8833203209625675,5871.794871794871,0.000011980136016167886,1069.9833451723355,0.025,0.33783783783783783,1-0-2298-2,uw,UT_003,003,2,fave,208.95185329308626,57.436016199576265,5,knew,1,0.0500489999999445,i,that,Y,#,Y,DH,final
526.8680166541063,1689.7610932080977,2668.3457556558865,3.3829342235336664,4.362443872658934,4.3758487707960985,5333.333333333333,0.005059549593161176,1077.4863238344672,0.051000000000000004,0.3311688311688312,1-0-2332-1,uw,UT_003,003,2,fave,101.46238576180613,49.07978717153529,5,you,1,0.13000499999998283,when,"",Y,#,Y,"",final
501.8941591741039,1628.5868722691118,2716.3736621565004,3.337990308599627,3.728696536449388,4.0877656883395455,5871.794871794871,0.0003573949122257779,1080.44931184127,0.037000000000000005,0.324561403508772,1-0-2347-1,uw,UT_003,003,2,fave,247.69189532372212,53.8611338510467,5,you,1,0.09008799999992334,who,are,Y,#,Y,ahr,final
412.69784259763344,2085.1266071501873,2854.413238247677,2.7743014119910647,3.886239353393994,3.42511679649376,5871.794871794871,0.00004996456516934692,1108.7939344965985,0.040999999999999995,0.33064516129032256,1-0-2425-1,uw,UT_003,003,2,fave,204.65451172626715,55.52864398598506,5,use,1,0.09997599999996964,technically,"",Y,Z,Y,Z,internal
447.28723167267793,1734.3557322226313,2655.1324978807124,2.4139259632282957,4.038005235829522,3.989884572870617,5692.3076923076915,0.000057082521566481885,1116.7759481723353,0.025,0.33783783783783783,1-0-2459-1,uw,UT_003,003,2,fave,223.5589490144221,55.636013364410516,5,you'd,1,0.05004800000006071,what,call,Y,D,Y,D,internal
454.0160837593726,1677.9290621516807,2718.302681412105,3.2764213180995627,4.348713222420357,4.30849356904405,5333.333333333333,0.0005719944663586396,1138.9043608276643,0.027000000000000003,0.32142857142857145,1-0-2538-1,uw,UT_003,003,2,fave,233.83619533735728,58.571838114644564,5,you,1,0.0599369999999908,oh,were,Y,#,Y,W,final
411.6747892824723,1723.8181193548223,2694.827034735008,2.7498156979446393,4.25459421189227,4.082044701377598,5512.820512820513,0.00010661373418722166,1200.2381061723354,0.025,0.33783783783783783,1-0-2770-1,uw,UT_003,003,2,fave,192.7013693273457,53.967098213451145,5,you,1,0.0500489999999445,like,were,Y,#,Y,W,final
468.5625031088309,1699.4504052392608,2817.0446598178105,3.274008667195737,3.92897456567079,3.841362535026777,5871.794871794871,9.08096281229195e-6,1225.8029251723353,0.025,0.33783783783783783,1-0-2819-2,uw,UT_003,003,2,fave,212.27031788552267,57.155121079124875,5,new,1,0.05004900000017187,that,clients,Y,#,Y,K,final
439.67808932764973,2139.5386475039672,2862.926275765284,3.146422176223206,4.221510354798592,3.7351756260636946,6051.282051282051,0.00018377760255798475,1345.125065165533,0.047,0.3263888888888889,1-0-2947-1,uw,UT_003,003,2,fave,213.6501219472317,53.801429543097484,5,used,1,0.11999500000001717,grandpa,water,Y,Z,Y,Z,internal
421.40692146473714,1566.8898299909592,2850.9269970728706,3.2806511816705,4.435634162657587,4.166156202471635,5692.3076923076915,0.0012796456222829613,1388.3592238412698,0.037000000000000005,0.324561403508772,1-0-3040-2,uw,UT_003,003,2,fave,207.31709387114304,54.52418586191397,5,new,1,0.09008800000015071,a,shell,Y,#,Y,SH,final
420.8405629296809,1928.1027815783941,2820.275044484416,3.485582463559804,3.7866503039915558,3.4158555426251613,5871.794871794871,0.002313253385246302,1411.993816165533,0.045,0.3358208955223881,1-0-3077-1,uw,UT_003,003,2,fave,217.51792872082822,53.55964505859367,5,used,1,0.10998600000016268,pharmacist,"",Y,Z,Y,Z,internal
478.90853661786554,1629.5843801084698,2856.7301659974896,2.9710704832477717,3.8967546699724562,3.635377920163052,5871.794871794871,0.0003064647824294736,1550.9122481723357,0.031,0.32978723404255317,1-0-3332-2,uw,UT_003,003,2,fave,232.08391640595644,57.45344012398181,5,new,1,0.07006899999987581,a,fountain,Y,#,Y,F,final
732.236906211601,1312.4669884992088,2837.1453267800644,3.425770647649762,3.3765912770030275,4.081260299175703,6230.7692307692305,0.0002666438742073951,85.20654516553287,0.037,0.32456140350877194,1-0-47-0,o,UT_003,003,2,fave,203.69444434299123,52.78795341236362,5,always,1,0.09000399999999331,it's,been,#,L,S,L,initial
620.5546418144047,1964.0743478328661,2854.57570571945,3.3914151733428386,3.947645448722438,3.8826652179561574,6051.282051282051,0.0012723020369730254,108.54085183446713,0.08099999999999999,0.3319672131147541,1-0-58-1,o,UT_003,003,2,fave,222.33002261360252,55.24188467895437,5,was,1,0.22000099999999634,it,"",W,Z,W,Z,internal
798.6337107955251,1349.7060696138544,3063.334139899773,3.4421269009403788,2.878025823709868,4.340912043679922,6230.7692307692305,0.000023427720350011152,113.91785383446712,0.035,0.33653846153846156,1-0-72-0,o,UT_003,003,2,fave,188.98080671940573,54.18317808486623,5,on,1,0.08000199999999325,going,twenty,#,N,N,N,initial
749.5117977412195,1518.9159597101097,3104.401130913315,3.7767873086791446,3.322307060437398,4.630665070251108,5692.3076923076915,0.0007111570831168927,134.18675316553288,0.035,0.3365384615384616,1-0-82-1,o,UT_003,003,2,fave,215.86417742382284,52.804940906386,5,not,1,0.0799870000000169,do,speak,N,T,N,T,internal
802.9642382836199,1243.4818706830863,2356.27049065048,3.312187290488669,3.589181945764397,4.183282365821958,6051.282051282051,0.00020023842380697873,139.1947481655329,0.031,0.32978723404255317,1-0-99-2,o,UT_003,003,2,fave,16744.288578497446,43.78231328863895,5,processing,1,0.06999200000001338,auditory,"",R,S,R,S,internal
831.5464107940394,1102.5541829238787,2899.313963630332,3.8377420591969216,3.3192534305876,4.263501199437716,6410.25641025641,0.003273411512944756,141.71175316553285,0.085,0.3346456692913386,1-0-105-1,o,UT_003,003,2,fave,174.18637849188949,49.24631702879447,5,not,1,0.22999599999999987,i'm,"",N,T,N,T,internal
770.5017388278675,1398.499041238681,2678.1790311663717,3.753515670850822,3.1132849285560993,4.42773433347431,6230.7692307692305,0.00019841516381882744,171.60534683446713,0.037000000000000005,0.324561403508772,1-0-142-1,o,UT_003,003,2,fave,225.6094287592483,55.97181144427903,5,not,1,0.09001100000000406,home,much,N,T,N,T,internal
785.542792556419,1789.0697025129948,2524.048296894766,3.284758714446786,3.4935903949413927,3.976635613169297,6051.282051282051,0.0000568516642698505,173.8164521655329,0.031,0.32978723404255317,1-0-153-1,o,UT_003,003,2,fave,202.16260238802437,51.19185129688651,5,got,1,0.06999200000001338,i've,pets,G,T,G,T,internal
741.9748725572749,1506.3261092447524,2630.3811749338406,3.021140234574927,3.910135821579193,4.030254340125658,5692.3076923076915,0.0007072918922155559,175.63345016553288,0.045,0.3358208955223881,1-0-159-1,o,UT_003,003,2,fave,183.27983710477923,46.5391570310856,5,got,1,0.10999999999998522,i've,"",G,T,G,T,internal
765.3323207672828,1449.4932637530683,2518.0963750267597,3.1047147465392175,3.5254414894588004,4.338445742469446,6051.282051282051,0.0006862867504109375,176.74945016553286,0.057,0.3275862068965517,1-0-163-1,o,UT_003,003,2,fave,195.34644556861804,48.41311108819571,5,dogs,1,0.14999400000002083,two,and,D,G,D,G,internal
756.2911100214067,1407.9673498182856,2690.2235106837375,3.3972529839764904,3.5360629335959732,4.290555551909114,6051.282051282051,0.0003905715120218129,179.22144616553288,0.040999999999999995,0.33064516129032256,1-0-171-0,o,UT_003,003,2,fave,205.12222976100838,50.79830641466158,5,on,1,0.10000600000000759,work,hill,#,N,K,N,initial
735.2381683666093,1301.6061838369174,2564.760721507356,2.968527886339397,3.6720051555291917,4.142716526325127,6051.282051282051,0.000035099939781498834,220.9057518344671,0.031,0.32978723404255317,1-0-251-2,o,UT_003,003,2,fave,250.01648925164278,63.290215124680294,5,probably,1,0.0700080000000014,"",starting,R,B,R,B,internal
663.2958996043646,1117.4010826290819,2000.3451309457525,3.7864940728117777,3.5947201642228976,4.328112052941808,4615.384615384615,0.003968753387608016,224.8387541655329,0.037000000000000005,0.324561403508772,1-0-262-0,o,UT_003,003,2,fave,249.54221007903593,44.046015313780664,5,on,1,0.08999699999998256,"",my,#,N,"",N,initial
649.1736417387232,1641.193990126551,2611.981622137631,3.2913356163954965,3.495492684921043,3.552672163010157,5871.794871794871,0.00003301115623680057,239.90634716553288,0.025,0.33783783783783783,1-0-294-0,o,UT_003,003,2,fave,198.98210763683423,52.02942690494303,5,always,1,0.05000400000000127,we,would,#,L,iyF,L,initial
741.3146113947134,1364.8665853376006,2305.4960704942596,3.187860772473046,3.870753670044211,3.8053550290412654,6051.282051282051,0.00011244530225781453,243.81234683446715,0.037,0.32456140350877194,1-0-312-2,o,UT_003,003,2,fave,216.37240539626052,58.14785252998022,5,probably,1,0.09001199999997311,was,"",R,B,R,B,internal
767.6348059310707,1333.9133383447156,2782.591164247569,3.2188930707264714,3.389078225685323,3.9086191435840147,5871.794871794871,0.0008522841841317253,252.39635416553287,0.085,0.3346456692913386,1-0-335-5,o,UT_003,003,2,fave,201.44518781639988,53.2759621696323,5,grandpa,2,0.22999599999999987,and,"",P,#,P,"",final
771.5936418791571,1405.105594178712,2597.8745936418927,3.4446909742519063,3.3864215249120555,4.039711460325757,6051.282051282051,0.000019859200168400478,284.3322508344672,0.031,0.32978723404255317,1-0-372-1,o,UT_003,003,2,fave,199.43762996057092,51.574899178631576,5,got,1,0.0700069999999755,"",my,G,T,G,T,internal
796.2470384463007,1316.6034142868036,2404.0458031866915,3.101213991690076,3.3762198785874378,4.147555778198037,6230.7692307692305,0.0010617188264970157,285.11725516553287,0.08100000000000002,0.3319672131147542,1-0-375-1,o,UT_003,003,2,fave,112.4102545501634,49.811567159946904,5,job,1,0.22000100000002476,current,"",JH,B,JH,B,internal
641.0953036640628,1807.9920720243435,2969.417438456285,3.2669207635913686,3.5573970262470227,3.7560978715998874,6410.25641025641,0.0039052120166598423,286.53624816553287,0.119,0.3361581920903954,1-0-378-1,o,UT_003,003,2,fave,198.31012183816128,53.33355731700287,5,was,1,0.3299870000000169,i,"",W,Z,W,Z,internal
775.8275660284979,1192.6353970449743,2649.256566751117,3.169519733269849,3.771364353989281,3.943641107203407,6230.7692307692305,0.0023223300118388364,297.1587471655328,0.04100000000000001,0.3306451612903227,1-0-408-1,o,UT_003,003,2,fave,206.33372416347294,53.22301861678732,5,boss,1,0.10000700000000506,my,was,B,S,B,S,internal
720.7785178402883,1408.9020198620663,2408.0318509578087,3.057499773668997,3.6400280941995367,4.42207682717029,6230.7692307692305,0.0006362241560267272,312.6307434965986,0.045,0.3358208955223881,1-0-469-1,o,UT_003,003,2,fave,-633.5676759431466,52.328233868852834,5,job,1,0.10998499999999467,other,came,JH,B,JH,B,internal
597.7272934487128,1673.9047328939432,2836.4190611680237,3.210277722914702,3.676025864891319,3.7403880537229317,6051.282051282051,0.0003356239160240453,316.29044016553286,0.047,0.3263888888888889,1-0-481-1,o,UT_003,003,2,fave,192.62206759729415,48.652315387752616,5,was,1,0.11999500000001717,it,"",W,Z,W,Z,internal
648.8771134878244,1534.9679955365302,2942.684648811165,3.4282294983979407,3.3307285174846424,4.6002687703844,6051.282051282051,0.000040476941395592634,340.9304398344671,0.027000000000000003,0.32142857142857145,1-0-503-1,o,UT_003,003,2,fave,254.20448679421528,59.66839592611994,5,not,1,0.060027999999988424,i'm,"",N,T,N,T,internal
812.0233420150247,1437.7827429925621,3021.4946913854,3.2522899613400083,3.4838818364718063,4.125848515701968,6051.282051282051,0.00021523858137122387,361.0212514965986,0.035,0.33653846153846156,1-0-566-0,o,UT_003,003,2,fave,204.19249782448637,53.34121270694003,5,on,1,0.07998600000001943,business,to,#,N,S,N,initial
784.6288267233704,1286.7894553650704,2064.253518803957,3.2811184303685517,3.8693271035535566,3.838320182277433,5692.3076923076915,0.00011055097186147425,411.0756371655329,0.027000000000000003,0.32142857142857145,1-0-640-2,o,UT_003,003,2,fave,205.33316816915104,54.481307767377345,5,property,1,0.05999700000000985,private,down,R,P,R,P,internal
773.5471518490717,1261.7800775574055,2916.8133948959407,3.0943520186080224,3.278811002452549,3.7581604510219715,6051.282051282051,0.00005001024169990529,414.84065183446705,0.037,0.32456140350877194,1-0-654-1,o,UT_003,003,2,fave,183.46445090043485,53.35029086426261,5,lot,1,0.0899970000000394,a,camping,L,T,L,T,internal
716.2720892950764,1073.4360974082813,3081.886469960179,3.9706174014292155,3.4328012308777542,4.448270143328923,6769.2307692307695,0.0021546103238603044,437.6944558344671,0.085,0.3346456692913386,1-0-702-1,o,UT_003,003,2,fave,176.76279194549235,49.80743161264873,5,mom,1,0.23001099999999042,my,"",M,M,M,M,internal
696.9026496191202,1469.9764345392432,2763.3895059638207,3.3589822855823903,3.4590365814466666,4.239793503812932,6230.7692307692305,0.0015818333148201005,439.0024471655329,0.08100000000000002,0.3319672131147542,1-0-706-1,o,UT_003,003,2,fave,180.25844406827235,52.13053703371255,5,fond,1,0.2200019999999654,it's,"",F,N,F,N,internal
741.1533370231199,1337.2384063987236,2959.3488378836637,3.143454214078459,3.5845393499853797,4.037108975800208,6051.282051282051,0.0005322264703719515,487.72524183446717,0.035,0.33653846153846156,1-0-817-0,o,UT_003,003,2,fave,250.77105412123834,54.78652575382771,5,all,1,0.080016999999998,it's,pretty,#,L,S,L,initial
725.1845089257589,1178.8873300621854,2935.101042415162,3.1848022095231094,3.266283396993947,4.356011654618239,6230.7692307692305,0.0005235492854521204,506.1062468344671,0.037000000000000005,0.324561403508772,1-0-863-3,o,UT_003,003,2,fave,185.48651628118733,58.848426855602824,5,involve,1,0.08999599999998509,it'll,some,V,L,V,L,internal
805.2816857922948,1231.5804217093123,2809.256666765677,3.2311188105090696,3.2123321936871507,4.158188402380273,6230.7692307692305,0.0014621542388352892,517.0700631655329,0.067,0.3284313725490196,1-0-885-0,o,UT_003,003,2,fave,197.6994613184695,56.22995684648794,5,ogden,1,0.17999299999996765,in,going,#,G,N,G,initial
688.002537851931,1060.5392654448417,2622.8912538432924,3.079972089066106,3.224136790743584,3.9757393335555222,6230.7692307692305,0.00007759757717882349,518.0820368344671,0.031,0.32978723404255317,1-0-890-1,o,UT_003,003,2,fave,175.2971281918528,55.76314125112288,5,waterfall,1,0.07000800000002982,the,canyon,W,T,W,T,internal
766.3971310043866,1154.5722250411236,2549.4268375407655,3.1590898852584695,2.9141440117383426,4.347278830983732,6589.74358974359,0.0001625496747885301,521.6640448344671,0.055,0.3353658536585366,1-0-898-0,o,UT_003,003,2,fave,186.95485347430179,57.936741557515724,5,awful,1,0.140013999999951,"",on,#,F,"",F,initial
779.8813006427142,1099.4423288313726,3107.9675194814163,3.4194831206215985,3.7011907441476226,4.522077068615174,6948.717948717948,0.00021258813516235436,521.9650475034014,0.037,0.32456140350877194,1-0-899-0,o,UT_003,003,2,fave,188.795017569716,51.29798924250512,5,on,1,0.09002700000007735,awful,my,#,N,L,N,initial
756.5771806600103,1163.253050756303,2710.3427346952026,3.6300417643060396,3.466956320139227,4.687315253578088,6230.7692307692305,0.0009534770028029216,531.4700361655329,0.047,0.3263888888888889,1-0-933-1,o,UT_003,003,2,fave,187.50998233592796,54.53129189108801,5,want,1,0.11999500000001717,you,"",W,N,W,N,internal
787.7236198323282,1228.9311904015822,2982.889192069619,2.9882004098720083,3.2143451651367023,4.150599471076736,6051.282051282051,0.0001387583896184565,569.5261295034013,0.040999999999999995,0.33064516129032256,1-0-964-1,o,UT_003,003,2,fave,202.5682245084779,60.70920775101042,5,lot,1,0.10003700000004301,a,of,L,T,L,T,internal
823.6567918280341,1339.333457174245,3191.285309679431,3.800474875336708,3.4826992589407992,4.370658022526761,6948.717948717948,0.0009561543829084648,570.7701401655329,0.10899999999999999,0.3364197530864197,1-0-970-1,o,UT_003,003,2,fave,185.63677644765144,53.99332250925438,5,not,1,0.2999880000000985,i'm,"",N,T,N,T,internal
834.0987008581916,1270.9319471136942,2658.824372464603,3.403516853363248,3.643966644617134,3.6636153593265957,6230.7692307692305,0.00007808163534599162,585.219665165533,0.031,0.32978723404255317,1-0-985-1,o,UT_003,003,2,fave,263.91306766321344,58.9338616822321,5,hobby,1,0.07000799999991614,a,"",HH,B,HH,B,internal
770.1361451097494,1149.029115810017,3033.9744230843253,3.133880566585468,3.258263722149334,4.323069178545536,6051.282051282051,0.000253129507690686,611.8193301655328,0.067,0.3284313725490196,1-0-1001-1,o,UT_003,003,2,fave,139.14664756562894,52.684106676670595,5,lot,1,0.17999300000008134,a,"",L,T,L,T,internal
795.1769781461892,1506.4302867622719,2978.9914256903103,3.6071828340334298,3.514159954335127,4.642995638628232,6230.7692307692305,0.0002699045218216959,621.1763375034013,0.04100000000000001,0.3306451612903227,1-0-1017-1,o,UT_003,003,2,fave,196.71440518510713,49.48424667217195,5,not,1,0.10003600000004553,do,want,N,T,N,T,internal
797.0598860267974,1109.8577106349157,2087.781130071547,3.5315754171244773,3.4029354506606655,4.461594706793023,4974.358974358975,0.0006179311812132206,621.4043514965987,0.057,0.32758620689655177,1-0-1018-1,o,UT_003,003,2,fave,197.0132906198326,52.21660701991666,5,want,1,0.14996399999995447,not,"",W,N,W,N,internal
765.1219519462203,1163.6766302991432,2541.5409859529004,3.1476186381963296,3.4473977694197706,4.316774486364663,6051.282051282051,0.00010049565819926647,629.3139708344671,0.031,0.32978723404255317,1-0-1037-1,o,UT_003,003,2,fave,82.32785382950756,53.192912741831556,5,potter,1,0.07000700000003235,harry,kind,P,T,P,T,internal
727.8096761505178,1501.1859056217972,3303.482252246951,2.811721037952388,3.5402926604781997,4.431922859421338,7128.205128205128,0.01916634214856015,642.8209431723357,0.125,0.33422459893048123,1-0-1052-1,o,UT_003,003,2,fave,362.47481040563207,53.037192522586665,5,not,1,0.35003599999993185,"","",N,T,N,T,internal
705.8059870180817,1254.8141702822118,3003.897776176586,3.1511562720002466,3.5694887141967615,4.4026972311914765,6589.74358974359,0.0009722361644922564,652.8032594965987,0.045,0.3358208955223881,1-0-1076-0,o,UT_003,003,2,fave,212.61478141744064,58.00015730191127,5,all,1,0.10998499999993783,it's,just,#,L,S,L,initial
660.9610524031834,1831.5255519909647,2840.248165354601,3.187817074083165,3.164402620326773,4.047755755329973,6230.7692307692305,0.0015742897765522793,657.7708771655329,0.125,0.33422459893048123,1-0-1097-1,o,UT_003,003,2,fave,193.18716814798879,55.69192034780768,5,was,1,0.34997499999997217,read,"",W,Z,W,Z,internal
682.6138330770823,1101.998085992867,2737.4184926992957,3.1081699533812954,3.124206255347946,4.316644621936437,5871.794871794871,0.00024551363901050233,662.5268594965986,0.037000000000000005,0.324561403508772,1-0-1106-1,o,UT_003,003,2,fave,94.92911146705576,49.8965626040164,5,called,1,0.08996500000000651,it,"",K,L,K,L,internal
861.57334607145,1295.985965051589,2626.6230322648457,3.365593769152437,3.2815320864262763,3.9765326971048194,6230.7692307692305,0.00004063432592811224,675.3609538344671,0.035,0.33653846153846156,1-0-1137-1,o,UT_003,003,2,fave,76.33413578234412,56.15138671141636,5,coffee,1,0.080016999999998,"",shop,K,F,K,F,internal
850.0172652705461,1354.983605173212,2542.783392154618,3.1436025900406857,3.514967282202228,4.019933727216005,6051.282051282051,0.0007368807666429043,675.7939325034014,0.08100000000000002,0.3319672131147542,1-0-1138-1,o,UT_003,003,2,fave,86.47329304922323,51.81147438327169,5,shop,1,0.22003200000006018,coffee,"",SH,P,SH,P,internal
736.3464549057261,1186.8947049731275,2806.0093540593757,3.2539014653420377,3.5130156984734464,3.8630577389056477,6051.282051282051,0.0007537491572484816,680.8269658344672,0.067,0.32843137254901966,1-0-1142-1,o,UT_003,003,2,fave,220.88927158210265,58.786106913099665,5,bought,1,0.17999299999996765,just,the,B,T,B,T,internal
808.6955534704848,1332.6108435316937,3033.332872669602,3.9074088882163154,3.311420109480579,4.646892686980706,6410.25641025641,0.0026210814682160848,735.4098468344672,0.051000000000000004,0.3311688311688312,1-0-1233-1,o,UT_003,003,2,fave,221.3142409280064,59.660997945755746,5,not,1,0.13000499999998283,could,get,N,T,N,T,internal
758.1629065942647,1367.5300452813658,2537.616217065268,3.1021404389361797,3.3450270116783063,3.7425894980311156,6051.282051282051,0.00006584761055669027,738.1718554965987,0.035,0.33653846153846156,1-0-1241-1,o,UT_003,003,2,fave,191.018833312291,63.73975731648883,5,got,1,0.07995599999992464,but,started,G,T,G,T,internal
762.5918716547117,1617.8946583855338,2897.594523714939,3.2822049910442628,3.3331095094590744,4.660952145936297,6769.2307692307695,0.000420577028178725,749.4081478344671,0.031,0.32978723404255317,1-0-1279-1,o,UT_003,003,2,fave,11318.44003771981,49.72887900572807,5,not,1,0.07000700000003235,could,get,N,T,N,T,internal
708.5565193974151,1124.2200629776864,2637.1542482455793,3.1413714919147036,3.1604886452898557,4.033361738064423,6230.7692307692305,0.0007009617749875056,758.4875415034013,0.045,0.3358208955223881,1-0-1303-1,o,UT_003,003,2,fave,276.11163814843394,63.90906344805052,5,watched,1,0.11004600000001119,never,the,W,CH,W,CH,internal
885.8557280350446,1563.8060809195392,2858.269349562624,3.602645978544144,3.22265161181797,4.353641620761153,6230.7692307692305,0.00031536927200738235,767.247732834467,0.035,0.33653846153846156,1-0-1337-1,o,UT_003,003,2,fave,6557.498452715123,57.63267406961533,5,not,1,0.08001799999999548,could,get,N,T,N,T,internal
678.4527429765199,1129.0725582990717,2451.677964660867,3.4846304117526365,3.3708371475985954,4.160988047866289,6230.7692307692305,0.000939523306263702,768.517752834467,0.035,0.33653846153846156,1-0-1345-1,o,UT_003,003,2,fave,227.28498046406952,61.60013063178025,5,walking,1,0.080016999999998,the,dead,W,K,W,K,internal
772.8473481118589,1140.522131189176,2607.1865389662994,3.211861708834201,3.3529845153736964,4.173198958978677,6230.7692307692305,0.0004056016890834005,771.7587485034014,0.037,0.32456140350877194,1-0-1357-1,o,UT_003,003,2,fave,219.34375239578088,65.66457817286563,5,watch,1,0.09002699999996366,"",the,W,CH,W,CH,internal
694.1626919009726,1068.7402735345202,2696.933148841926,3.2060445355466642,3.6415841129807363,4.213816155968978,6230.7692307692305,0.0012375464586083318,776.5507704965987,0.040999999999999995,0.33064516129032256,1-0-1374-1,o,UT_003,003,2,fave,174.2800914404472,50.21866398441328,5,watch,1,0.09997599999996964,to,the,W,CH,W,CH,internal
784.1901200037665,1189.5497742780215,2507.317360943003,2.98238853193847,3.347383236126203,4.000781572298306,5871.794871794871,0.00019198858065770137,779.0187528344671,0.037,0.32456140350877194,1-0-1380-1,o,UT_003,003,2,fave,185.0946691247782,59.78167900988255,5,watch,1,0.09002699999996366,i'd,it,W,CH,W,CH,internal
797.5880001789033,1152.786473478036,3068.0125845839907,3.9201081732776815,3.923958055429613,4.464510642756715,5692.3076923076915,0.004211203751729694,781.675720165533,0.031,0.32978723404255317,1-0-1393-0,o,UT_003,003,2,fave,298.1313898003504,55.37401992395427,5,off,1,0.07000699999991866,"","",#,F,"",F,initial
755.156943281812,1380.363830842742,3025.097418138851,3.8362400834641326,3.609383261223662,4.468278260338664,6230.7692307692305,0.0006786470637158657,783.2487385034013,0.037,0.32456140350877194,1-0-1401-0,o,UT_003,003,2,fave,218.0790823743787,60.13571594859168,5,on,1,0.09002700000007735,back,for,#,N,K,N,initial
1023.5260828874448,1282.4456848596592,2943.6657605952455,4.350440050438887,3.7119672613230787,4.8207623443784176,5871.794871794871,0.03719647608244182,801.5391568344671,0.075,0.3348214285714286,1-0-1442-1,o,UT_003,003,2,fave,287.8702901928083,52.96341231446233,5,not,1,0.20001200000001518,or,"",N,T,N,T,internal
760.0901639578505,1327.071727558264,2906.6864326651494,4.019089307869226,3.5821836045264575,4.324598363549874,6230.7692307692305,0.001679987239545469,802.9191618344671,0.075,0.33482142857142855,1-0-1445-1,o,UT_003,003,2,fave,197.70146425342355,52.09685487075033,5,not,1,0.20001200000001518,could,for,N,T,N,T,internal
661.2428215591367,1364.8002758400032,2439.7529611401233,3.194224843886976,3.403161662774373,4.313567931165173,6230.7692307692305,0.0004728843486802531,838.2067618276644,0.035,0.3365384615384616,1-0-1505-1,o,UT_003,003,2,fave,45.254833995939045,46.947336886148825,5,was,1,0.07995600000003833,and,like,W,Z,W,Z,internal
497.8687829317393,1287.7910106786826,2610.067280265076,3.75767726710152,3.451252483815651,4.124290162214197,6589.74358974359,0.0008909021094310595,853.6768694965987,0.04100000000000001,0.3306451612903227,1-0-1515-2,o,UT_003,003,2,fave,313.14436408951565,49.46728583644555,5,probably,1,0.09997600000008333,"","",R,B,R,B,internal
752.2139532881635,1203.501019030505,2811.36715837323,2.7979329369949952,3.0841945888423594,4.100748662689399,6230.7692307692305,0.00004405686327168617,858.9738574965986,0.035,0.33653846153846156,1-0-1524-1,o,UT_003,003,2,fave,186.36252009033595,53.92984427978138,5,potter,1,0.07995600000003833,harry,books,P,T,P,T,internal
791.114056633387,1409.5459856241905,2613.541434151806,3.1272384913183893,3.4216961591066704,3.7277495369067473,6230.7692307692305,0.00011392733441112447,860.9598431655329,0.047,0.3263888888888889,1-0-1530-1,o,UT_003,003,2,fave,211.12408445415355,60.326002577926936,5,got,1,0.11999500000001717,what,me,G,T,G,T,internal
886.1398825869707,1503.549608745477,3004.1458971240313,4.141636301530086,3.7638083153139603,4.294977607440903,6051.282051282051,0.0002939549327133942,862.3638714965987,0.035,0.33653846153846156,1-0-1537-1,o,UT_003,003,2,fave,292.1024262942016,65.89926080433065,5,not,1,0.07995600000003833,did,like,N,T,N,T,internal
760.4733707224316,1176.8895620106905,2330.79331710205,3.2616386176310006,3.5333224249673814,4.337631370403574,6230.7692307692305,0.0016452651422141737,868.8780485034015,0.061000000000000006,0.3315217391304348,1-0-1572-0,o,UT_003,003,2,fave,-7748.476108242188,50.808014366163555,5,on,1,0.160033999999996,hand,"",#,N,D,N,initial
806.781339367974,1425.9453116119903,2673.5290800878447,2.9462424213286496,3.4131564545153767,3.6482405837636582,6230.7692307692305,0.00019251391560669778,906.5849684965987,0.07899999999999999,0.3376068376068376,1-0-1614-1,o,UT_003,003,2,fave,223.13027864235573,63.66332533194677,5,got,1,0.20996100000002116,first,"",G,T,G,T,internal
820.1514066883794,1235.3384571687936,3096.3128071284864,3.7068806323130317,2.9550381310665474,3.590017981028761,6051.282051282051,0.0001284732891612648,916.1920381723355,0.047,0.3263888888888889,1-0-1658-1,o,UT_003,003,2,fave,209.02112788050445,59.84628419277742,5,mom,1,0.12005599999997685,my,and,M,M,M,M,internal
784.766626670459,1653.029380613671,2588.6425164012057,3.1416185194313013,3.9473250283705053,4.146784562857573,5871.794871794871,0.0003870659240781408,917.8090771655329,0.04100000000000001,0.3306451612903227,1-0-1667-1,o,UT_003,003,2,fave,221.17342368328877,58.01188204574265,5,talk,1,0.09997599999996964,can,to,T,K,T,K,internal
787.2556273969699,1364.9706691070287,2737.477684748011,3.683139816090529,3.8218909924597053,3.692698731757701,5512.820512820513,0.004824129656710035,918.7590644965986,0.08100000000000002,0.3319672131147542,1-0-1671-5,o,UT_003,003,2,fave,270.5594079313591,51.349562237473265,5,grandpa,2,0.21996999999998934,and,"",P,#,P,"",final
585.5370736084923,1833.582969196844,2676.8675728674657,3.337454611243146,2.955198990995249,3.744854258582934,6051.282051282051,0.00003122759948760979,925.7022241655329,0.027000000000000003,0.32142857142857145,1-0-1703-1,o,UT_003,003,2,fave,255.20654457335388,61.553644071543246,5,cause,1,0.059996999999953005,you,"",K,Z,K,Z,internal
765.1809046201026,1489.72323170167,2562.794168999896,3.0706016369940348,3.4983518067176655,3.8504746521760884,6230.7692307692305,0.0002243099290601934,926.3212644965987,0.045,0.3358208955223881,1-0-1707-1,o,UT_003,003,2,fave,252.21283549044333,65.77477377933756,5,daughter,1,0.10998499999993783,my,i,D,T,D,T,internal
831.6757351311745,1343.278769022983,2658.41909648174,3.4328071011543235,3.471009676004494,3.5799372772673066,6230.7692307692305,0.0009306277547593714,929.0142721655329,0.051000000000000004,0.3311688311688312,1-0-1716-1,o,UT_003,003,2,fave,243.4271594527216,63.8032171748878,5,not,1,0.13000499999998283,i'm,sure,N,T,N,T,internal
808.1141692834559,1318.0067624331657,2681.4731741319642,3.3235360411166086,3.35332127440171,4.144280797831883,6230.7692307692305,0.0007155937740950295,930.2072694965987,0.057,0.3275862068965517,1-0-1720-1,o,UT_003,003,2,fave,205.91715829527064,62.30649536973252,5,not,1,0.149962999999957,i'm,crazy,N,T,N,T,internal
826.6130114271189,1225.6151846175194,2927.612708818702,3.6163481867678757,3.7709986025306494,4.257061454052865,5871.794871794871,0.00005185964864639851,936.6522361655329,0.027000000000000003,0.32142857142857145,1-0-1743-4,o,UT_003,003,2,fave,295.235633312976,59.89858121507935,5,grandma's,2,0.059996999999953005,"",giving,M,Z,M,Z,internal
830.7976527980176,1178.587681446847,2703.702451790946,4.319592565298235,3.3200781775731603,4.3031621201225745,6051.282051282051,0.014131243073434186,949.3622481655328,0.047,0.3263888888888889,1-0-1796-0,o,UT_003,003,2,fave,203.46445633950813,51.604130841603435,5,honor,1,0.11999500000001717,her,"",#,N,*hr,N,initial
742.8129706894472,1157.6885801739122,2706.2859700286544,3.153369991710492,3.142411361485332,3.9224318551993655,6230.7692307692305,0.0001253511206123522,962.9059491655329,0.047,0.3263888888888889,1-0-1863-1,o,UT_003,003,2,fave,250.9769136495932,62.031053841630204,5,water,1,0.11999500000001717,the,"",W,T,W,T,internal
727.1093749703513,1289.2780422809535,2113.3642764578203,4.096321980331238,3.642877402035084,4.861865731707242,5153.846153846154,0.0030838193983957745,964.5829435034015,0.061000000000000006,0.33152173913043487,1-0-1874-1,o,UT_003,003,2,fave,264.08319272778925,52.09008623637992,5,pond,1,0.160033999999996,your,or,P,N,P,N,internal
744.0500038229818,1235.2639021775633,3225.9709032754085,3.3454393659449098,3.6738230109094503,3.986687155897835,7128.205128205128,0.005328521422343509,966.5609598344671,0.097,0.3299319727891156,1-0-1884-1,o,UT_003,003,2,fave,319.13267768623035,55.59752820529131,5,pond,1,0.270020000000045,my,"",P,N,P,N,internal
801.5504496881167,1220.8850231657982,2698.1263234970943,2.7604635034460987,3.8838403841879368,3.5036073735113886,5871.794871794871,0.00010478477526585507,971.279959834467,0.035,0.3365384615384616,1-0-1902-6,o,UT_003,003,2,fave,265.40848119491955,65.20363098667913,5,grandfather,2,0.080016999999998,your,clock,F,DH,F,DH,internal
735.0455188374028,1213.8355886856402,2650.495177943876,3.474037545052643,3.5429897689153136,3.716632555561252,6051.282051282051,0.00436371666733979,971.6499505034013,0.055,0.3353658536585366,1-0-1903-2,o,UT_003,003,2,fave,266.06385958036367,58.06914577721786,5,clock,1,0.1400149999999485,grandfather,you,L,K,L,K,internal
699.1518806929588,1244.0868718797624,2602.4151539122086,2.963832747671088,3.8912589526971915,3.9599117899653997,6230.7692307692305,0.00013856102151535364,972.0199498344671,0.035,0.33653846153846156,1-0-1905-1,o,UT_003,003,2,fave,239.77626755907082,64.33245477506058,5,got,1,0.080016999999998,you,it,G,T,G,T,internal
730.2656783348032,1530.1321131896973,2812.0681293910256,3.619993804280524,3.3244980543598053,3.5921911584569837,6051.282051282051,0.0009134636070203642,989.1196338344671,0.057,0.32758620689655177,1-0-1982-1,o,UT_003,003,2,fave,256.536267871582,52.08829776058207,5,was,1,0.15002500000002783,it,it,W,Z,W,Z,internal
771.9548419162866,1389.5763463311332,3039.184438571139,3.9364470512314997,3.7679291748753587,4.934384315246006,5871.794871794871,0.0011815461887644573,992.1246538344672,0.027000000000000003,0.32142857142857145,1-0-1995-1,o,UT_003,003,2,fave,209.3372660003959,55.54309959884302,5,not,1,0.059996999999953005,business,the,N,T,N,T,internal
738.6613459378426,1258.0004829793104,3075.1467330847163,3.068035663774222,3.549060598952505,4.0693788642844355,6410.25641025641,0.002138608593471326,1022.9217424965987,0.04100000000000001,0.3306451612903227,1-0-2114-1,o,UT_003,003,2,fave,255.76123382519728,64.31710505696856,5,lot,1,0.09997600000008333,a,of,L,T,L,T,internal
881.075433501339,1549.099557069607,3048.436917749604,3.4268295275816594,3.929692296865816,4.6751198273576,5871.794871794871,0.0021385597987033586,1036.7666664965984,0.037000000000000005,0.324561403508772,1-0-2166-1,o,UT_003,003,2,fave,315.03401022069994,59.39910888044953,5,talk,1,0.08996600000000399,wanna,to,T,K,T,K,internal
806.8435498050341,1245.5831751888916,2501.8222382612653,3.3239228736659916,3.573781015701685,4.183791143666299,6230.7692307692305,0.00041568924609641827,1054.8256308412697,0.035,0.3365384615384616,1-0-2241-1,o,UT_003,003,2,fave,208.13747259479885,56.003782521040286,5,talked,1,0.08007799999995768,"",to,T,K,T,K,internal
756.3315015234007,1096.1713820000243,3028.9564866059663,3.0611699674433273,3.066947470649186,3.5169778949712023,6051.282051282051,0.0008285317861623875,1064.6613345034016,0.141,0.33254716981132065,1-0-2279-0,o,UT_003,003,2,fave,229.30005543849293,61.07108814911044,5,all,1,0.40002499999991414,"",of,#,L,"",L,initial
638.3909312977506,1129.9359364173733,2795.768488524432,3.6621608916653265,3.3166640881796745,3.7538176153456377,5871.794871794871,0.0003106428627714434,1116.9809984965989,0.035,0.3365384615384616,1-0-2460-1,o,UT_003,003,2,fave,214.18400843419442,53.275594251024785,5,call,1,0.07995599999981096,you'd,it,K,L,K,L,internal
755.0172668366276,1486.504732022436,2651.007149090424,3.0497051618286575,3.4788324231059735,3.8193307589952887,6230.7692307692305,0.00085662178083945,1119.483318165533,0.045,0.3358208955223881,1-0-2470-0,o,UT_003,003,2,fave,251.43604751989596,58.94647130357942,5,also,1,0.1099859999999353,i,do,#,L,ay,L,initial
832.8166926728113,1143.7504430954846,3121.967481464153,3.9314461518414734,3.556243202935697,4.3297387512983185,6410.25641025641,0.00541319750244776,1121.044377165533,0.047,0.3263888888888889,1-0-2476-1,o,UT_003,003,2,fave,177.82703475345977,48.48380540250451,5,want,1,0.11999500000001717,who,the,W,N,W,N,internal
729.3018914700913,1590.612847106126,2749.7463687209797,3.039901103095899,3.505850230951412,4.105865066828818,6051.282051282051,0.0006776209393040944,1133.9813124965985,0.04100000000000001,0.3306451612903227,1-0-2523-0,o,UT_003,003,2,fave,0.0,51.80663488648035,5,also,1,0.09997599999996964,i,don't,#,L,ay,L,initial
633.4957238223642,1354.6941125251244,3129.9641136935884,3.9179896852250367,3.690907893442285,4.298482922053698,6410.25641025641,0.00028030756525618337,1139.2963758276642,0.031,0.32978723404255317,1-0-2541-0,o,UT_003,003,2,fave,219.63979468945155,60.084511111866014,5,on,1,0.06994600000007267,born,this,#,N,N,N,initial
572.7335917449276,1600.4862360174345,2815.895501073078,3.1238028914500595,3.9029206219766603,3.8418114751772134,6410.25641025641,0.0005797645066848521,1161.1659375034014,0.065,0.3350515463917526,1-0-2611-1,o,UT_003,003,2,fave,231.6455306030571,63.132031102774455,5,was,1,0.17004399999996167,that,"",W,Z,W,Z,internal
654.6160356816271,1455.199642136827,2996.660498439649,2.6625127173064667,3.3116003524722375,4.4809824113426,6410.25641025641,0.00002166987611312514,1183.4081501723354,0.025,0.33783783783783783,1-0-2694-0,o,UT_003,003,2,fave,328.1580320114725,70.81690775425788,5,always,1,0.05004900000017187,was,like,#,L,Z,L,initial
769.085295915898,1289.8745496323843,2545.7081093417337,3.296170274015619,3.6278165229674104,4.164072660697674,5871.794871794871,0.0011212165884941258,1184.5261195034013,0.061000000000000006,0.33152173913043487,1-0-2700-1,o,UT_003,003,2,fave,302.18680335438154,63.50472077211513,5,shocked,1,0.16003500000010717,she,she's,SH,K,SH,K,internal
899.7918952563354,1451.5174788492604,2982.0251054862883,3.865273853057107,3.4918307461381275,4.068465613718265,6230.7692307692305,0.0007028266901122189,1189.419138834467,0.047,0.3263888888888889,1-0-2727-1,o,UT_003,003,2,fave,210.12622238695178,58.41226200406425,5,not,1,0.11999500000001717,and,know,N,T,N,T,internal
786.4940069032042,1338.0793668307442,2846.6850089911395,3.137768840779808,3.5691321478311484,3.5780212142534626,6051.282051282051,0.0009245203664332167,1191.179143165533,0.047,0.3263888888888889,1-0-2735-1,o,UT_003,003,2,fave,276.68276440326645,61.06011197740834,5,socks,1,0.1199949999997898,your,off,S,K,S,K,internal
795.0226333300304,1284.8326580540684,2717.269383549791,2.8440600161299483,3.220034992476218,3.757798243795828,6230.7692307692305,0.0007865489360455998,1191.458152165533,0.085,0.3346456692913386,1-0-2736-0,o,UT_003,003,2,fave,118.88634973507942,57.3836737580254,5,off,1,0.22998099999995247,socks,"",#,F,S,F,initial
750.6081394980592,1423.0716389577706,2381.965597342385,3.136345186274091,3.659212415527824,4.092386357549321,6230.7692307692305,0.0008081178105617024,1219.2459678344671,0.051000000000000004,0.3311688311688312,1-0-2796-1,o,UT_003,003,2,fave,NaN,50.877665955111006,5,job,1,0.13000499999998283,a,"",JH,B,JH,B,internal
702.1196667849547,1363.3600652319608,2448.1135573328315,3.808914109159414,3.5806763346559602,4.672692246133876,5871.794871794871,0.003762021751477627,1223.0699265102041,0.07899999999999999,0.3376068376068376,1-0-2810-0,o,UT_003,003,2,fave,221.22173144069447,59.305899474348536,5,on,1,0.21008300000016789,working,building,#,N,NG,N,initial
753.5247186783334,1358.3205082523687,2806.5720775382656,3.130424706817481,3.184154472221938,4.198845175048314,6051.282051282051,0.00004267570515757461,1231.8574858276643,0.027000000000000003,0.32142857142857145,1-0-2836-0,o,UT_003,003,2,fave,243.61275413443477,68.03165659272764,5,all,1,0.0599369999999908,once,my,#,L,S,L,initial
772.942947976254,1248.2121628249954,2919.9675854833367,3.125264483108293,3.286952075319334,4.029826599593366,6051.282051282051,0.00018194714423704558,1232.3314568276644,0.035,0.3365384615384616,1-0-2838-2,o,UT_003,003,2,fave,253.11732724140555,64.6909167149923,5,slots,1,0.07995600000003833,my,are,L,T,L,T,internal
611.135960808911,1549.118507437097,3086.1482239072975,3.496154078320115,4.138147874524514,4.764378745447433,6589.74358974359,0.011338385536463387,1250.3644795034013,0.101,0.3322368421052631,1-0-2899-1,o,UT_003,003,2,fave,-1284.5149858772709,47.64763631152989,5,cause,1,0.2800290000000132,"","",K,Z,K,Z,internal
761.1353193903049,1383.535526873822,2919.3446589100695,3.712395896560654,3.3869775199737275,4.508151507496438,6051.282051282051,0.0011127472740787706,1255.546429165533,0.045,0.3358208955223881,1-0-2917-1,o,UT_003,003,2,fave,184.85787293749257,53.38323027040468,5,nonsense,1,0.10998500000005151,whatever,i'm,N,N,N,N,internal
629.4475363366829,1111.5147680803975,2674.338660943035,3.07420970307214,3.140349263608442,4.085592111641227,6051.282051282051,0.0005631129956617919,1256.8224524965985,0.037,0.32456140350877194,1-0-2922-0,o,UT_003,003,2,fave,61.68071169211507,51.14706942549573,5,on,1,0.08996600000000399,to,base,#,N,@,N,initial
752.7148991793398,1545.088588168191,2925.65316766911,3.0843458190904944,2.5958150721418756,3.999755199617794,6410.25641025641,0.0007075553945361046,1265.268428165533,0.040999999999999995,0.33064516129032256,1-0-2929-1,o,UT_003,003,2,fave,368.7289295087093,66.16639364998066,5,not,1,0.09997499999985848,i'm,passionate,N,T,N,T,internal
794.2934135348471,1303.7111330194098,2679.0215230940676,3.162072850106559,3.3062596151796795,3.45855598579527,6230.7692307692305,0.000151368512762786,1344.7300468344672,0.057,0.32758620689655177,1-0-2946-5,o,UT_003,003,2,fave,263.504657393855,60.01097788504052,5,grandpa,2,0.15002400000003036,my,used,P,#,P,Y,final
712.4292464298744,1035.190190720628,2811.5194897865235,3.102843642594172,3.1838662359362075,3.722332606812097,6230.7692307692305,0.00015011293281672752,1345.477046834467,0.051000000000000004,0.3311688311688312,1-0-2948-1,o,UT_003,003,2,fave,201.10923922655937,61.91101768958974,5,water,1,0.13000499999998283,used,for,W,T,W,T,internal
781.008818832951,1274.9075866047249,2658.0139186062092,3.358077017462683,3.4457331793412944,3.8099149517157596,6051.282051282051,0.0015103662158473634,1355.5016324965984,0.07700000000000001,0.3290598290598291,1-0-2965-1,o,UT_003,003,2,fave,219.50542478100024,61.63945278900726,5,saw,1,0.20996100000002116,kids,an,S,#,S,@,final
809.6848352348404,1397.0543011332516,2676.8978597806995,3.2109585744582496,3.5315974422256233,4.018158750318692,6051.282051282051,0.00038020503068346407,1382.9662778276645,0.07100000000000001,0.33177570093457953,1-0-3026-1,o,UT_003,003,2,fave,187.17089026279032,58.69099559652797,5,saw,1,0.18994099999986247,woman,a,S,#,S,@,final
818.5786246645637,1244.2978740691417,2480.9607178940855,3.386117366784496,3.3228322589094765,3.8636389004823988,6230.7692307692305,3.624977607731255e-6,1413.9648141723355,0.027000000000000003,0.32142857142857145,1-0-3083-1,o,UT_003,003,2,fave,203.35443943433873,60.414331653999675,5,cough,1,0.06005800000002637,the,drops,K,F,K,F,internal
765.8462092217569,1283.200521101334,2197.991221466042,3.3032927208154583,4.062912810266183,4.018045993269225,5512.820512820513,0.0020687407278133,1414.2838494965986,0.045,0.3358208955223881,1-0-3084-2,o,UT_003,003,2,fave,230.0470051678283,51.213454418144,5,drops,1,0.10998600000016268,cough,"",R,P,R,P,internal
806.1672457512905,1303.753591256194,2588.0226717607843,3.215017483223906,3.6361511037017595,4.251025628447034,6230.7692307692305,0.000556403776241527,1417.4038525034016,0.065,0.3350515463917526,1-0-3087-1,o,UT_003,003,2,fave,228.1778650588358,63.52209475804001,5,dog,1,0.17004399999996167,the,saw,D,G,D,G,internal
723.1814661024328,1232.2151329244684,2640.6400531832046,3.0489935430459822,3.5022898317297404,3.9763164591765054,6051.282051282051,0.0003756192188514253,1417.7638431723356,0.065,0.3350515463917526,1-0-3088-1,o,UT_003,003,2,fave,218.63453949086463,61.6004828005195,5,saw,1,0.17004400000018904,dog,a,S,#,S,@,final
696.4579272667639,1177.0754244182433,2716.8773045979783,3.2753631183501555,3.552324267795772,4.310339550247852,6230.7692307692305,0.0005608486194766737,1435.0418404965988,0.08099999999999999,0.3319672131147541,1-0-3118-1,o,UT_003,003,2,fave,217.11943936922648,59.17201364724017,5,saw,1,0.21996999999987565,student,the,S,#,S,DH,final
739.7879403955917,1214.248218854648,2459.379887077904,3.355675794683499,3.587900997050951,4.160172830882994,5871.794871794871,0.0007983700837510665,1446.371186165533,0.091,0.33211678832116787,1-0-3138-1,o,UT_003,003,2,fave,216.3901848930997,61.5837269423589,5,saw,1,0.25,woman,the,S,#,S,DH,final
786.2383046037294,1228.1517196937677,2355.8165183268425,3.311529920045271,3.4606916849273377,4.252657829050249,6051.282051282051,0.00023780485261091307,1446.8642345102041,0.037000000000000005,0.324561403508772,1-0-3140-1,o,UT_003,003,2,fave,211.6854964658015,59.10692038125702,5,cotton,1,0.09008800000015071,the,"",K,T,K,T,internal
769.4234962647539,1066.7567833294313,2669.416940872003,3.089329522512705,3.600061450599291,3.719486851149467,5692.3076923076915,0.00018654484767803908,1476.3304868344674,0.055,0.33536585365853655,1-0-3205-1,o,UT_003,003,2,fave,206.51769529768362,59.75985178906051,5,waddle,1,0.1400149999999485,to,down,W,D,W,D,internal
828.461083057193,1153.167677370468,2709.788809264852,3.930455390903638,3.3653133923631087,4.89345616399502,6589.74358974359,0.003174448896301936,1477.2354891587302,0.065,0.3350515463917526,1-0-3208-1,o,UT_003,003,2,fave,233.19206098179058,56.06362509574766,5,pond,1,0.16992200000004232,the,"",P,N,P,N,internal
623.445767429167,1137.8625063110123,2304.8289460343776,4.175045553014031,3.655687678553374,4.8146022415924765,6589.74358974359,0.00025060521288469527,1481.3784351723357,0.031,0.32978723404255317,1-0-3215-0,o,UT_003,003,2,fave,221.89875610432279,54.417996179834255,5,onto,1,0.07006799999999203,ladder,the,#,N,*hr,N,initial
681.1447843130401,1109.3875142737045,2863.716973514996,2.699971507427017,3.054862650005177,3.664672785456952,6051.282051282051,0.00006791944845720247,1500.960322834467,0.051000000000000004,0.3311688311688312,1-0-3240-1,o,UT_003,003,2,fave,225.40644201249904,61.534486839866716,5,called,1,0.1300050000002102,is,"",K,L,K,L,internal
782.6157329595436,1329.2910682453626,2621.042688862262,3.2237649691900723,3.2933261527581927,3.982678152795551,6230.7692307692305,0.0002671814555669304,1516.7083251723357,0.067,0.3284313725490196,1-0-3268-1,o,UT_003,003,2,fave,225.20332876011713,64.43193779903672,5,dog,1,0.18005300000004354,the,sleeps,D,G,D,G,internal
710.3012599416178,1380.1862882349897,2819.7688658436005,3.239865896818338,3.8375850941717813,4.201932282369854,6410.25641025641,0.00009793884476648357,1517.3823598276645,0.035,0.33653846153846156,1-0-3270-0,o,UT_003,003,2,fave,229.74986643893484,57.08065088943931,5,on,1,0.07995600000003833,sleeps,the,#,N,S,N,initial
843.8313879383933,1173.8336986436684,2645.579182098297,2.8536703645255312,3.7352735683460976,3.951454379282292,5692.3076923076915,0.00006474000928077344,1540.64523484127,0.037000000000000005,0.324561403508772,1-0-3313-2,o,UT_003,003,2,fave,222.13659406543076,64.53689140605843,5,block,1,0.09008799999992334,"",the,L,K,L,K,internal
762.0164219359508,1233.563580871934,3026.704169062267,3.38215637014981,3.507935230099573,4.206766618716911,6051.282051282051,0.0004034514260599732,1544.727257489796,0.061000000000000006,0.3315217391304348,1-0-3319-1,o,UT_003,003,2,fave,217.6533905376801,60.13425921497665,5,saw,1,0.15991199999984929,children,the,S,#,S,DH,final
751.7560053535626,1186.5493940850413,2559.492862943813,3.2594269522291435,3.4570425348222154,3.6008945623723503,6230.7692307692305,0.000320169115946348,1550.2522888276644,0.07100000000000001,0.3317757009345795,1-0-3329-2,o,UT_003,003,2,fave,197.47508648380168,61.094571346586896,5,brought,1,0.18994100000008984,lawyer,"",R,T,R,T,internal
678.9222594211049,1989.4752134327673,2675.651325546731,3.1897232349452325,3.774416779080612,3.5224103102309736,5692.3076923076915,0.000016768173256264762,86.48054316553288,0.025,0.33783783783783783,1-0-51-1,aw,UT_003,003,2,fave,NaN,43.877944594783436,5,county,1,0.050002999999989584,"","",K,N,K,N,internal
753.6097223463714,1812.9584481193372,2506.735569945578,3.464915510220309,3.8404522848074794,4.1869145389107825,5512.820512820513,0.0003930644467291497,149.85175216553287,0.025,0.21929824561403513,1-0-121-1,aw,UT_003,003,2,fave,215.56668275066522,53.34789680329375,5,count,1,0.08999600000001351,"",to,K,N,K,N,internal
727.0279979942591,1562.1796139383341,2644.167629066286,2.7807278416577086,3.420898330531264,4.4813948694964,6051.282051282051,0.00018333880518756925,152.7067478344671,0.035,0.3070175438596492,1-0-128-2,aw,UT_003,003,2,fave,303.7430974314004,56.75657808785895,5,about,1,0.09001200000000154,that's,it,B,T,B,T,internal
717.6741464385263,1646.2878292194205,2639.7211543832072,3.668311593807286,3.685917564909713,4.078021589420936,5692.3076923076915,0.001629731603541009,218.10574916553287,0.051000000000000004,0.2931034482758621,1-0-247-2,aw,UT_003,003,2,fave,217.76091331492088,49.76044787610131,5,proud,1,0.1499939999999924,i,of,R,D,R,D,internal
674.0609402833703,1876.4030587266604,2761.758329189255,3.1201895192667832,3.5456516247323737,4.003405896478309,6230.7692307692305,0.000604456158121978,225.17975116553285,0.03900000000000001,0.3750000000000001,1-0-264-1,aw,UT_003,003,2,fave,NaN,45.51578132147635,5,down,1,0.08000100000000998,my,time,D,N,D,N,internal
813.5212174622318,1708.6852609941463,2579.7434053155935,3.223272687996516,3.7071363896471756,4.565894636265465,6230.7692307692305,0.0016114003395416069,310.4877398344671,0.039,0.20103092783505155,1-0-462-0,aw,UT_003,003,2,fave,179.0450599907686,50.07260083311507,5,out,1,0.1700129999999831,"","",#,T,"",T,initial
787.0583056582802,1684.1963315584562,2203.3075368766404,3.301873542196426,3.6500788465943352,3.9764140015441436,5871.794871794871,0.00048092945797802004,359.77823616553286,0.029,0.18831168831168832,1-0-560-0,aw,UT_003,003,2,fave,177.7171806445595,57.40812488990986,5,out,1,0.13000499999998283,figure,how,#,T,*hr,T,initial
776.781133243868,1574.819614743147,2818.062309614771,3.5276487209778504,3.5498196661694474,3.8296495027700486,6410.25641025641,0.00012394270741944468,360.0262361655329,0.025,0.26595744680851063,1-0-561-1,aw,UT_003,003,2,fave,222.73134736207308,57.24178481311292,5,how,1,0.07000700000003235,out,to,HH,#,HH,T,final
762.0861019094992,1814.8022615177965,2763.43462844477,3.457562475628208,3.692900461058318,4.096320877661348,6051.282051282051,0.0001843423386919202,406.8646508344671,0.025,0.21929824561403513,1-0-626-1,aw,UT_003,003,2,fave,190.38813732779565,49.46538194273981,5,down,1,0.08999699999998256,hikes,there,D,N,D,N,internal
709.7104455696096,1994.1810663017504,2758.928400694524,2.9124092976023546,3.7251136102246107,4.260623736553763,6051.282051282051,0.0003797612017280543,411.49665016553286,0.029,0.21641791044776124,1-0-641-1,aw,UT_003,003,2,fave,184.29781297361006,50.541969991798325,5,down,1,0.10998499999999467,property,weaver,D,N,D,N,internal
673.4329033034023,1430.4819628702605,1798.5058345783214,3.302485266852862,3.883745665586871,3.64120259528623,6230.7692307692305,0.002086552802571617,442.0044518344671,0.025,0.07961783439490445,1-0-718-0,aw,UT_003,003,2,fave,183.08157329115855,50.371416308067204,5,out,1,0.29000899999999774,"","",#,#,"","",coextensive
825.5356437163372,1559.322233065399,2672.9860070049035,3.1141686447896344,3.365957203060905,3.9708872154076893,6230.7692307692305,0.0014863413282047038,477.9345461655328,0.055,0.20072992700729925,1-0-786-0,aw,UT_003,003,2,fave,213.23401025368386,61.63276914851594,5,hour,1,0.25,whole,"",#,R,L,R,initial
776.202991825153,1328.7150276299926,2531.701606423165,3.2930118916014104,3.617633395672573,4.181893973059921,5512.820512820513,0.006497454963980975,486.1002468344671,0.025,0.15243902439024393,1-0-810-1,aw,UT_003,003,2,fave,219.6021131748903,46.99322051852871,5,house,1,0.14001500000000533,the,"",HH,S,HH,S,internal
763.3427429450571,1680.8539615667685,2357.6994125088213,3.0541080087618084,3.7124760375226376,4.4244423795275045,5692.3076923076915,0.00040080823366731,488.92324816553287,0.031000000000000003,0.25000000000000006,1-0-824-0,aw,UT_003,003,2,fave,131.18562791713077,47.124983078898836,5,out,1,0.10000599999995075,get,more,#,T,T,T,initial
850.3914643024343,1628.7777233446136,3272.1462487651884,3.50753028829362,3.476383091971573,4.516776522510949,7666.666666666666,0.00023871012578140975,506.8332521655328,0.031,0.23134328358208958,1-0-868-0,aw,UT_003,003,2,fave,147.1992744990379,52.669363813878356,5,outdoor,1,0.10998499999999467,"",activity,#,T,"",T,initial
834.6451679116994,1809.6184326465836,2639.664938970973,3.778240547283194,3.607360967402609,3.9316198864157097,6769.2307692307695,0.005007567690254127,652.4442634965986,0.067,0.2863247863247863,1-0-1074-1,aw,UT_003,003,2,fave,284.16593063043433,56.52939343483918,5,now,1,0.20996100000002116,like,it's,N,#,N,i,final
725.7330100198456,1759.8263753142014,2657.477201762442,3.482578082061053,3.313965173986665,4.097154506165704,5871.794871794871,0.0006606522964679507,726.8338398344671,0.03900000000000001,0.1666666666666667,1-0-1206-0,aw,UT_003,003,2,fave,236.8976462151068,56.77746569563019,5,out,1,0.21002199999998084,came,or,#,#,M,*hr,coextensive
720.8345083951153,1620.302398325313,2739.9600874467706,3.3335757938848767,3.5726903082557357,3.7954243312374185,6051.282051282051,0.0009305317964958745,728.5168738344671,0.08499999999999999,0.3102189781021898,1-0-1214-0,aw,UT_003,003,2,fave,237.68727349431228,54.72920340272762,5,out,1,0.25,coming,"",#,T,NG,T,initial
764.6932228880755,1623.2684315538038,2419.597211950416,3.1209203138434627,3.788653667734926,4.158815196192414,6230.7692307692305,0.000083135390171216,779.5927641655328,0.025,0.21929824561403513,1-0-1383-2,aw,UT_003,003,2,fave,176.33890847226672,55.29598706897966,5,about,1,0.08996600000000399,for,30,B,T,B,T,internal
789.4421262572523,1890.359807886341,2578.3828926760625,3.3277117617980467,3.6733391968282754,4.204316354911765,5692.3076923076915,0.0023720600291076365,969.3539578344671,0.063,0.1779661016949152,1-0-1897-1,aw,UT_003,003,2,fave,275.44705652129363,60.8897773499467,5,now,1,0.330016999999998,and,grandpa's,N,#,N,G,final
795.7581734173366,1570.2095747496187,2630.6929338343552,2.9178381300584904,3.469753619763256,3.8771221321029063,6230.7692307692305,0.00026279912006909993,1008.3637544965986,0.025,0.21929824561403513,1-0-2050-2,aw,UT_003,003,2,fave,302.78523790669504,62.27339599903495,5,about,1,0.08996600000000399,talketalk,things,B,T,B,T,internal
770.43403418475,1853.7315398888663,2703.6632364922157,3.5521423566220296,3.7021817199045133,3.9069680296377136,6230.7692307692305,0.0072314585270963,1011.1877395034013,0.11299999999999999,0.3104395604395604,1-0-2062-1,aw,UT_003,003,2,fave,193.94474060553085,51.547249072050334,5,down,1,0.34002699999996366,them,"",D,N,D,N,internal
860.9128844086299,1478.3610681763441,2431.661393960286,3.177911320240868,3.624911148906693,4.2889709038292185,6230.7692307692305,0.00006044184142311671,1020.0437531655328,0.025,0.2976190476190476,1-0-2102-1,aw,UT_003,003,2,fave,97.75727983024399,58.08464046782645,5,how,1,0.059996999999953005,go,do,HH,#,HH,D,final
884.1951196111588,1612.359998530898,2631.2706520241445,3.4188933228066483,3.419149495325851,3.781043059400874,6230.7692307692305,0.00159020081178875,1095.0819791655329,0.037000000000000005,0.14015151515151517,1-0-2373-0,aw,UT_003,003,2,fave,216.67085675383353,60.85999770256809,5,out,1,0.23999099999991813,"",of,#,T,"",T,initial
713.7523300582601,1353.406645601573,2408.0691395201634,3.6375664920373425,3.8228837875434802,4.149152932908167,6410.25641025641,0.014885871172547077,1141.9053245034013,0.149,0.45987654320987653,1-0-2548-1,aw,UT_003,003,2,fave,226.58545493324127,61.55688347290307,5,how,1,0.3000489999999445,"",to,HH,#,HH,T,final
861.9838140731125,1686.2000684909294,2862.6316490448567,3.636397462921847,3.9992500303484886,4.071117549760197,6589.74358974359,0.0044289192719905186,1148.0413501587302,0.061,0.3144329896907217,1-0-2570-1,aw,UT_003,003,2,fave,309.55492368434085,54.840464638133184,5,wow,1,0.16992200000004232,"","",W,#,W,"",final
818.1796727501026,1793.499833434647,2717.172153910212,3.777466909257722,3.4337471346194266,3.855809827504771,6589.74358974359,0.0006111538366767961,1186.772118165533,0.033,0.2142857142857143,1-0-2711-1,aw,UT_003,003,2,fave,273.5965981785075,65.7065614294694,5,now,1,0.13000499999998283,like,i'm,N,#,N,ay,final
693.2982006316549,1690.1882299374506,2912.617318013622,4.008278321034204,4.136023321887393,4.567941148494156,5512.820512820513,0.016367173088982254,1199.669138834467,0.047,0.3263888888888889,1-0-2767-1,aw,UT_003,003,2,fave,277.72804913760154,64.1345022187873,5,now,1,0.11999500000001717,and,it's,N,#,N,i,final
748.6658292473223,1983.3821614718402,2647.2705843390713,3.229682484010531,3.428000172760212,3.819719015251276,6410.25641025641,0.0009743960111799032,1222.3719685034014,0.063,0.3247422680412371,1-0-2807-1,aw,UT_003,003,2,fave,245.25887945534166,67.84761726935166,5,now,1,0.17004399999996167,right,we're,N,#,N,W,final
755.8385078312174,1629.3868687739305,2485.472394402326,2.892739822612511,3.187667076373908,3.97061908775804,6230.7692307692305,0.0016190645212446925,1235.1534311723358,0.03900000000000001,0.1911764705882353,1-0-2851-0,aw,UT_003,003,2,fave,206.04862027713216,61.74040415891723,5,hours,1,0.18005399999992733,five,"",#,*hr,V,*hr,initial
770.3742808204875,1672.591705591118,2725.2429908530453,3.449843555210116,3.622810635859283,3.789067523957255,6230.7692307692305,0.0023483345796116127,1266.210501165533,0.025,0.17361111111111113,1-0-2931-2,aw,UT_003,003,2,fave,227.89654743636518,59.37748662888188,5,about,1,0.11999500000001717,passionate,accounting,B,T,B,T,internal
743.3268727216242,1894.0873102665655,2875.041909502783,2.978946016409742,3.674413749175871,4.16240522408658,5692.3076923076915,0.00005242920723321153,1266.5704748276646,0.025,0.2976190476190476,1-0-2932-2,aw,UT_003,003,2,fave,358.60251079047686,76.28857975884407,5,accounting,1,0.0599369999999908,about,"",K,N,K,N,internal
790.3858320150987,1629.5208251332267,2559.2413217165567,3.012493506900954,3.645630818312486,3.8990455932650394,6230.7692307692305,0.00019262334513682337,1268.3464778208615,0.037000000000000005,0.24025974025974028,1-0-2936-2,aw,UT_003,003,2,fave,187.25535391876977,58.45923237943905,5,about,1,0.12988300000006348,passionate,helping,B,T,B,T,internal
807.8055429444643,1800.2418171945765,2550.46225227873,3.184679933891528,3.5789404152783995,4.123351833808184,6230.7692307692305,0.00023942516251270065,1367.256662834467,0.047,0.3051948051948052,1-0-2987-0,aw,UT_003,003,2,fave,261.0360253519632,62.038976605531936,5,out,1,0.13000499999998283,it,loud,#,T,T,T,initial
764.4777819377147,1496.9373826928531,2785.3199683051903,3.0986544180918516,3.8026927290414574,3.9926857900491872,6410.25641025641,0.0015749445226345123,1367.4846551723354,0.043000000000000003,0.22164948453608252,1-0-2988-1,aw,UT_003,003,2,fave,257.67027432379086,62.25280310674241,5,loud,1,0.17004400000018904,out,that's,L,D,L,D,internal
766.6577045638788,1660.714343055383,2647.0142481336097,2.9935237705114193,3.592168979599475,3.976650494567665,6230.7692307692305,0.00019271349737621282,1406.8262941655328,0.031,0.2152777777777778,1-0-3072-2,aw,UT_003,003,2,fave,90.21839303985205,55.92400944519161,5,about,1,0.11999500000001717,"",bigfoot,B,T,B,T,internal
799.1015640188833,1664.5492259728476,2701.439346590554,3.260298435281354,3.8224290733146637,4.040360881649153,6051.282051282051,0.0005870967201666026,1452.5382658344672,0.025,0.16233766233766234,1-0-3152-0,aw,UT_003,003,2,fave,217.79792499653402,55.59231802136997,5,out,1,0.13000499999998283,"",of,#,T,"",T,initial
754.2191158327375,1829.566262046847,2856.623083675578,3.588832677912359,3.7811229752543576,4.474644603087441,7128.205128205128,0.0017363239905996367,1476.842491165533,0.059000000000000004,0.40972222222222227,1-0-3206-1,aw,UT_003,003,2,fave,211.40129510782313,58.473419325806574,5,down,1,0.11999500000001717,waddle,the,D,N,D,N,internal
656.9821124165389,1731.6133644258705,2985.637134813797,3.5729809132392494,3.5013116039650964,4.374502299970027,7128.205128205128,0.000326713967503724,1529.1422078344672,0.051000000000000004,0.35416666666666674,1-0-3292-1,aw,UT_003,003,2,fave,210.96046296971912,55.14587133438705,5,mountains,1,0.11999500000001717,the,last,M,N,M,N,internal
696.0003127216919,1828.807451536604,2849.6122825516563,3.5718078665943476,3.832082357413952,3.8225983487965327,7307.692307692308,0.0004217577078474103,1551.1692278344672,0.065,0.4220779220779221,1-0-3333-1,aw,UT_003,003,2,fave,223.35780029687004,57.79602644973968,5,fountain,1,0.13000399999987167,new,from,F,N,F,N,internal
630.2608880011268,1554.695868338449,2545.8440646792424,3.1137255548082705,3.985668252127758,4.5188764892081235,5692.3076923076915,0.0002853052631038679,113.34585383446712,0.031,0.32978723404255317,1-0-69-1,ʌ,UT_003,003,2,fave,202.78356974121073,53.347320891138004,5,just,1,0.07000000000000739,"","",JH,S,JH,S,internal
679.3251086235541,1676.4245110928832,2565.867469985332,3.211954727811871,3.3876972039124835,3.6628993356341026,6230.7692307692305,2.7416871484266483e-6,134.5517481655329,0.025,0.33783783783783783,1-0-84-0,ʌ,UT_003,003,2,fave,213.4002071303158,55.25926532911463,5,other,1,0.05000399999997285,speak,languages,#,DH,K,DH,initial
714.1451662300217,1593.017201907789,2849.612707006714,2.986987401466196,3.3075972678759915,4.097420003315575,6589.74358974359,0.0006485035730713038,171.8223531655329,0.07100000000000001,0.3317757009345795,1-0-143-1,ʌ,UT_003,003,2,fave,214.9014276031468,53.9613326086078,5,much,1,0.18998700000000213,not,"",M,CH,M,CH,internal
748.3233441114027,1427.2202834067189,2717.3071893055035,3.114779733312253,3.597056603596442,3.7720050536311818,6051.282051282051,0.00011905173196001333,183.94444783446713,0.027000000000000003,0.32142857142857145,1-0-182-1,ʌ,UT_003,003,2,fave,195.13414564321,51.82634520912359,5,budget,1,0.05999700000000985,a,analyst,B,JH,B,JH,internal
578.6536802154378,2051.922142851049,2866.0606304381326,3.3100421712527783,3.364182649653874,3.9664557413251225,6410.25641025641,0.0000353645400403975,191.30444783446714,0.027000000000000003,0.32142857142857145,1-0-193-0,ʌ,UT_003,003,2,fave,297.0129515111204,62.049614291137985,5,up,1,0.05999800000000732,made,job,#,P,D,P,initial
670.0231405646543,1738.5808497635317,2967.4461114019387,3.1392018016919647,3.717612462329621,3.855252323724274,6051.282051282051,0.000035640505731521484,193.2864531655329,0.031,0.32978723404255317,1-0-200-1,ʌ,UT_003,003,2,fave,222.35595424382416,54.522218130665365,5,doesn't,1,0.06999200000001338,it,"",D,Z,D,Z,internal
759.9090167959538,1649.0094711459242,2734.414172195925,3.3219210263228747,3.607428903739626,4.098805935755318,6230.7692307692305,8.875060718887846e-6,195.46444616553285,0.027000000000000003,0.32142857142857145,1-0-206-1,ʌ,UT_003,003,2,fave,193.82004204567824,52.07987424954887,5,much,1,0.05999700000000985,too,to,M,CH,M,CH,internal
685.871755581734,1580.7144983175276,2731.654769443345,3.2712960080207956,3.7136065651517995,4.225153716435614,5871.794871794871,0.000023577075607812696,196.46344616553287,0.025,0.33783783783783783,1-0-212-1,ʌ,UT_003,003,2,fave,195.0216377026887,50.384509812977406,5,budget,1,0.050003000000003794,a,analyst,B,JH,B,JH,internal
582.1825843436708,1383.8814526927242,2762.9756190292564,3.2526720610570785,3.597065654292222,3.9257382529200506,6230.7692307692305,0.000014211156479932507,199.95274916553288,0.025,0.33783783783783783,1-0-222-1,ʌ,UT_003,003,2,fave,234.13363564135324,45.215276233134276,5,but,1,0.050003000000003794,"",yeah,B,T,B,T,internal
519.9293941632639,1125.4028506436457,2746.5487949978333,3.2007095585893204,3.063616817228714,3.8728658500228486,5871.794871794871,0.00006070892162604771,217.59374916553287,0.027000000000000003,0.32142857142857145,1-0-243-2,ʌ,UT_003,003,2,fave,233.5305305350307,48.19202973297727,5,what,1,0.059996999999981426,"",am,W,T,W,T,internal
762.9639231160418,1716.98633609974,2897.1243462701664,2.9422316509097852,3.436224800066722,3.6688376765248023,6410.25641025641,0.0004083539490722802,242.56435216553288,0.08099999999999999,0.3319672131147541,1-0-307-1,ʌ,UT_003,003,2,fave,191.98787147315406,54.86164469059177,5,but,1,0.2200019999999938,"",[bracketed],B,T,B,T,internal
734.7090757318479,1700.4533104406921,2950.6066520335876,3.2805003676225946,2.9582386842335047,3.6194410961142562,6230.7692307692305,0.001129248828478259,253.68234783446712,0.057,0.32758620689655177,1-0-340-0,ʌ,UT_003,003,2,fave,149.11342628525176,49.89924036649002,5,of,1,0.15000900000001138,kind,spiraled,#,V,D,V,initial
810.942917175145,1156.3186480054585,3080.533075283609,3.846798796594178,3.5708790452034145,3.5135699985432316,6769.2307692307695,0.009322888128243837,282.3842474965987,0.055,0.33536585365853655,1-0-366-1,ʌ,UT_003,003,2,fave,202.47086653142304,50.596099247607064,5,one,1,0.1399839999999699,recent,was,W,N,W,N,internal
692.8606852589202,1217.4216888684787,2903.9688590556566,3.6592252802372753,3.555226907739609,4.222196698133982,6051.282051282051,0.00023819999290127064,318.71443883446716,0.035,0.33653846153846156,1-0-492-1,ʌ,UT_003,003,2,fave,210.2886369530359,51.71826644784005,5,one,1,0.080016999999998,that,"",W,N,W,N,internal
630.138129082576,1360.0526782081254,3032.928599018896,3.2776204600124883,3.526821217292428,4.03115938467472,6230.7692307692305,0.0006689636658312153,346.8592488344671,0.051000000000000004,0.3311688311688312,1-0-517-1,ʌ,UT_003,003,2,fave,180.68607792006696,53.44693707250202,5,was,1,0.13000499999998283,website,nightmarish,W,Z,W,Z,internal
714.8254776083826,1595.5423670899418,2757.044552558261,3.112556868160764,3.408503092468528,3.852433455985434,6230.7692307692305,0.00034416965446277154,369.8242351655329,0.061000000000000006,0.33152173913043487,1-0-592-1,ʌ,UT_003,003,2,fave,206.1185702172765,56.38331793557565,5,but,1,0.1600029999999606,correct,we're,B,T,B,T,internal
777.1547428589552,1691.4398904748657,2795.473519777218,2.9854658718775315,3.240077818643017,3.813554919639735,6230.7692307692305,0.00005652222534437711,409.8846551655329,0.045,0.3358208955223881,1-0-636-0,ʌ,UT_003,003,2,fave,188.72199037343577,54.30625051805935,5,up,1,0.10998499999999467,growing,we,#,P,NG,P,initial
717.7867646800703,1694.4665633979282,2664.8572866346103,3.3783735435187667,3.731733821875891,3.9450020491250424,5871.794871794871,0.0003589624217987381,419.87564650340136,0.067,0.32843137254901966,1-0-671-0,ʌ,UT_003,003,2,fave,223.5610607089389,54.92570904061326,5,of,1,0.18002400000000307,think,just,#,V,K,V,initial
732.3799237791804,1817.492980352105,2914.210324635635,3.6076947585675034,3.688750916211319,3.982153695951654,6051.282051282051,0.007885403890147167,426.8404541655329,0.057,0.3275862068965517,1-0-683-1,ʌ,UT_003,003,2,fave,237.603395970199,46.99325992420703,5,just,1,0.14999299999999494,"",one,JH,S,JH,S,internal
862.0916784636274,1446.0638405459238,3364.7017005213497,4.252924214299143,3.5063004459195373,4.030600579491558,6230.7692307692305,0.0014985845828644475,427.3004451655329,0.057,0.3275862068965517,1-0-684-1,ʌ,UT_003,003,2,fave,199.42930400637073,46.582268454760246,5,one,1,0.1499939999999924,just,"",W,N,W,N,internal
758.3633180696115,1665.7412797625625,2913.3900201198667,2.8391036670641805,3.5666478311748286,4.114336693989662,6589.74358974359,0.0005768233369313353,482.21325816553286,0.091,0.33211678832116787,1-0-796-1,ʌ,UT_003,003,2,fave,185.7500860335773,58.89701748365268,5,but,1,0.25,"","",B,T,B,T,internal
749.5778828973419,1564.6303175003384,3060.747637199525,3.0831124894777413,3.3681582350988464,4.718092115191095,6410.25641025641,0.00033701607735442553,517.7000261655329,0.027000000000000003,0.32142857142857145,1-0-887-0,ʌ,UT_003,003,2,fave,273.92725263185196,51.66534988294939,5,up,1,0.05999799999995048,going,to,#,P,N,P,initial
626.7464032119999,1227.718105139416,2975.4377391249755,3.434235502348012,3.4115836260179426,4.570525828828372,6230.7692307692305,0.000021119428440131882,517.9490375034013,0.025,0.33783783783783783,1-0-889-1,ʌ,UT_003,003,2,fave,189.32768675464632,52.491496706041204,5,the,1,0.0500489999999445,to,waterfall,DH,#,DH,W,final
714.3923734950729,1680.9988027958293,2827.9048448315075,2.6931796449466017,3.399335067028748,3.8508000361771098,6589.74358974359,0.0008937623539047995,522.8190531655329,0.085,0.3346456692913386,1-0-902-1,ʌ,UT_003,003,2,fave,227.94899552389364,49.74609043891914,5,but,1,0.22998100000006616,joints,"",B,T,B,T,internal
678.2145967812403,1968.8590297787014,2532.2003360382705,3.1658616356707023,3.7004379766925863,4.393905193282512,6230.7692307692305,0.00007061822198385531,526.2340618344671,0.035,0.33653846153846156,1-0-918-1,ʌ,UT_003,003,2,fave,189.50654044564035,55.403450518421536,5,younger,1,0.080016999999998,were,so,Y,NG,Y,NG,internal
733.1604205879767,1141.487952774327,2802.4581422313845,3.436375438964593,3.534233713710066,3.315811321233937,5871.794871794871,0.00004273804854495894,563.6291641655329,0.027000000000000003,0.32142857142857145,1-0-945-2,ʌ,UT_003,003,2,fave,284.5829049443488,58.84181082850495,5,what,1,0.05999800000006417,"",am,W,T,W,T,internal
843.0035053769905,1353.580284258865,2868.8871708983747,3.6427802994424736,3.793941171880547,4.318953002254418,6589.74358974359,0.012700820012935703,643.7839538344671,0.131,0.33248730964467005,1-0-1054-2,ʌ,UT_003,003,2,fave,279.8519826908712,58.843659856492835,5,one,1,0.36999500000001717,"",that,W,N,W,N,internal
865.5159504943539,1576.671167585243,2739.2961183435036,3.466163383794379,3.2392573744466384,4.314477962546584,6230.7692307692305,0.00027941540573864416,650.2112395034014,0.061000000000000006,0.3315217391304348,1-0-1065-0,ʌ,UT_003,003,2,fave,228.10349072787872,61.10265801115708,5,up,1,0.160033999999996,growing,i,#,P,NG,P,initial
753.5889902911462,1370.3482139827136,2677.4653314297825,3.0652086965984067,3.3260895581196803,3.9472792524678044,6230.7692307692305,0.00023621431284474197,671.4738728344672,0.051000000000000004,0.3311688311688312,1-0-1126-1,ʌ,UT_003,003,2,fave,159727.1409867208,56.68071504667667,5,fun,1,0.13000499999998283,was,"",F,N,F,N,internal
739.8470653013758,1752.0600805718584,2829.337498570237,2.812827185200385,3.874227468697575,4.010832980631463,6051.282051282051,0.0003123280423321512,680.5059564965986,0.045,0.3358208955223881,1-0-1141-1,ʌ,UT_003,003,2,fave,250.81371116906936,59.34637771593362,5,just,1,0.10998600000004899,i,bought,JH,S,JH,S,internal
749.0114749085294,1250.0383167015668,2891.5829495517364,3.473423708184407,3.969888249775324,4.05690069816563,5871.794871794871,0.007502095355646672,683.630962834467,0.055,0.3353658536585366,1-0-1149-1,ʌ,UT_003,003,2,fave,257.0760969089285,47.03075210095997,5,one,1,0.14001500000006217,library,"",W,N,W,N,internal
652.3460974057673,1709.336938304935,2704.2924427455746,3.2204608254089226,3.352364530675457,4.1680499157980755,6230.7692307692305,0.00023423039696422181,727.9748434965987,0.040999999999999995,0.33064516129032256,1-0-1212-1,ʌ,UT_003,003,2,fave,190.34599089065216,55.47948868449955,5,just,1,0.09997499999997217,was,coming,JH,S,JH,S,internal
532.3141739015589,1836.523661942739,2676.922872088742,3.14851544775821,3.4113037216709046,4.1099198229907845,6230.7692307692305,0.00006022643952471906,756.3725555034013,0.035,0.3365384615384616,1-0-1295-1,ʌ,UT_003,003,2,fave,232.58645621725873,61.85521211558307,5,just,1,0.080016999999998,it,couldn't,JH,S,JH,S,internal
770.617670155192,1235.1373204856545,3279.1994557697385,3.5650341591740093,3.403578451409583,3.9552997458647585,6230.7692307692305,9.833723316076389e-6,775.6437521655329,0.027000000000000003,0.32142857142857145,1-0-1369-1,ʌ,UT_003,003,2,fave,194.43507928253425,53.04249473937259,5,month,1,0.05999700000006669,a,and,M,N,M,N,internal
751.6784561638906,1676.1640630880725,2917.2843934209413,3.410307053547911,3.143353622011414,3.764799319101359,6230.7692307692305,0.000013814957767730173,783.6057628276644,0.031,0.32978723404255317,1-0-1403-2,ʌ,UT_003,003,2,fave,207.3465302098049,61.64668253556218,5,another,1,0.06994600000007267,for,minute,N,DH,N,DH,internal
716.2024864407565,1538.1632795022626,2730.4484528156663,3.3644552522264526,4.01689993850742,4.565400891169053,6230.7692307692305,0.0007031508152305152,803.4171638276645,0.031,0.32978723404255317,1-0-1447-1,ʌ,UT_003,003,2,fave,192.50523639884477,52.48731292517347,5,some,1,0.06994699999995646,for,reason,S,M,S,M,internal
667.8853199672806,1554.5329957092317,2735.1510181582253,3.1154719696079076,3.4979694344892085,4.026823665605895,6051.282051282051,0.0007682579176919884,833.1577604965986,0.07700000000000001,0.3290598290598291,1-0-1482-1,ʌ,UT_003,003,2,fave,191.49944088137966,58.52199527804902,5,but,1,0.20996000000002368,"",yeah,B,T,B,T,internal
753.1285207400185,1674.538403919152,2883.3769911571844,2.9874526910033268,3.5627852010886345,3.9434975214671404,6230.7692307692305,0.0002466156153076219,835.0747638344671,0.051000000000000004,0.3311688311688312,1-0-1494-0,ʌ,UT_003,003,2,fave,204.31410863557505,59.093036977752476,5,up,1,0.13000500000009652,it,and,#,P,T,P,initial
671.6615224517298,1657.6773216737686,2957.8401891739363,3.0319903642979456,3.044108970232345,3.922031359096771,6230.7692307692305,0.000506232260943329,836.0547448344672,0.051000000000000004,0.3311688311688312,1-0-1499-1,ʌ,UT_003,003,2,fave,97.15492437188911,55.572634276223454,5,just,1,0.13000499999998283,"","",JH,S,JH,S,internal
796.7023959033129,1672.533958320005,2826.2304457426117,3.0264946785527,3.5422650933450974,3.7454099936571006,6230.7692307692305,0.00029813357246271234,931.9342418344672,0.091,0.3321167883211679,1-0-1724-1,ʌ,UT_003,003,2,fave,220.16414728236938,64.31969452569963,5,but,1,0.25,"",[bracketed],B,T,B,T,internal
740.9787099817441,1628.3059464031212,2703.067609102107,3.001214329106434,3.43601786885633,3.768580971582981,6230.7692307692305,0.00017425371838405485,948.0112721655329,0.045,0.3358208955223881,1-0-1788-4,ʌ,UT_003,003,2,fave,5611.599415496442,56.96819293503352,5,discussed,1,0.10998600000004899,we,if,K,S,K,S,internal
777.2740656938346,1059.6265186448916,3184.7138394317435,3.9646090724493437,3.6635522003907273,4.2407316452029535,6051.282051282051,0.0051280965993298205,948.926260834467,0.035,0.33653846153846156,1-0-1793-1,ʌ,UT_003,003,2,fave,195.9965258550437,51.70539115300789,5,one,1,0.080016999999998,plant,in,W,N,W,N,internal
766.4736773655569,1590.426167953818,2869.5330992839126,3.329638203999417,3.64102735142524,4.240094213369811,6051.282051282051,0.00009480914378153809,955.1579648344671,0.031,0.32978723404255317,1-0-1824-2,ʌ,UT_003,003,2,fave,182.7438718394309,52.45224270368546,5,stuff,1,0.07000700000003235,like,after,T,F,T,F,internal
826.9789752442871,1530.3330266357646,2696.693643100455,3.2883980780972197,3.7385347641319897,4.1558316934288335,6230.7692307692305,0.0003826507683560281,955.7109528344671,0.037000000000000005,0.324561403508772,1-0-1826-2,ʌ,UT_003,003,2,fave,NaN,49.215748503300425,5,stuff,1,0.09002700000007735,after,just,T,F,T,F,internal
789.043420916304,1643.4688284622032,2948.9112553545833,3.828263536695867,3.469269416266937,4.026763196940537,6051.282051282051,0.0017700359731421423,956.5499528276644,0.055,0.3353658536585366,1-0-1830-0,ʌ,UT_003,003,2,fave,196.15926389670918,46.77413859896436,5,up,1,0.13995299999999133,coming,and,#,P,NG,P,initial
638.3513542848884,1610.0153516319356,3074.4430400921074,3.495385147951467,3.6131378497084365,3.7388189584673226,6230.7692307692305,0.000013560795086777296,961.9359271655329,0.027000000000000003,0.32142857142857145,1-0-1856-1,ʌ,UT_003,003,2,fave,309.48027788713176,60.63173497732381,5,some,1,0.05999799999995048,fixed,"",S,M,S,M,internal
684.1695804795993,1518.127068952366,3058.9002451400147,3.502752437998468,2.871401256434746,3.518953884628668,6051.282051282051,0.00007644027839559472,992.4186318344671,0.035,0.33653846153846156,1-0-1997-1,ʌ,UT_003,003,2,fave,213.00366095530723,55.16714754182825,5,sons,1,0.080016999999998,the,that,S,N,S,N,internal
713.7953024812986,1425.372303676186,3212.9808994490977,3.570221075299512,3.9751267326293367,4.138312433168138,7487.179487179487,0.002266586276431097,1018.2647241655329,0.027000000000000003,0.32142857142857145,1-0-2092-1,ʌ,UT_003,003,2,fave,231.6167742257487,61.26146707792433,5,come,1,0.059996999999953005,you've,from,K,M,K,M,internal
896.5015717950878,1400.2817558457357,2954.3935134388466,3.465166481162725,3.4818938605336838,4.075033635875608,5692.3076923076915,0.0019649755094087056,1018.5647531655329,0.067,0.3284313725490196,1-0-2093-2,ʌ,UT_003,003,2,fave,197.91783611628222,55.27038967063326,5,from,1,0.17999299999996765,come,"",R,M,R,M,internal
784.8743059010235,1652.5598793819734,2913.5494897754834,3.0188433868013136,3.532385853683941,3.914743892650514,6589.74358974359,0.0007099998380604491,1021.8387631655329,0.095,0.33450704225352107,1-0-2109-1,ʌ,UT_003,003,2,fave,151.0895595862202,53.12179208601304,5,but,1,0.2600089999999682,"",[bracketed],B,T,B,T,internal
688.7261478628117,1289.3168291198135,2965.847913957232,3.546405239289532,3.5945348449579915,3.909403931783391,6230.7692307692305,0.0002135781599713135,1026.9967211723356,0.031,0.32978723404255317,1-0-2132-1,ʌ,UT_003,003,2,fave,115.99585484905695,45.086627062316104,5,ones,1,0.07006799999999203,loved,"",W,N,W,N,internal
568.740142583219,978.721071103122,2551.8691406685098,3.024747687294085,2.7784432547052362,4.011942678101743,6230.7692307692305,0.0019772980193209075,1030.3617175102042,0.040999999999999995,0.33064516129032256,1-0-2142-0,ʌ,UT_003,003,2,fave,270.3896755286923,70.73838001147524,5,up,1,0.100097999999889,walked,to,#,P,T,P,initial
863.0137262117312,1281.0328007501728,2922.4138972919923,3.3651971413812776,3.4298514197534615,4.274201523013029,6230.7692307692305,0.0051801018663342425,1044.4786345034013,0.061000000000000006,0.3315217391304348,1-0-2201-2,ʌ,UT_003,003,2,fave,277.19685328376283,68.10936200043824,5,one,1,0.160033999999996,"",so,W,N,W,N,internal
813.5835666837253,1495.2514004099064,2665.4570960206706,2.8968474702993388,3.5128996585755985,4.326050787012419,6230.7692307692305,0.001202923456359129,1065.884343165533,0.047,0.3263888888888889,1-0-2282-2,ʌ,UT_003,003,2,fave,220.6769043986938,54.36476048965985,5,stuff,1,0.11999500000001717,this,"",T,F,T,F,internal
769.2890287544719,1422.7123082506555,2868.7099167567835,2.9880759638170127,3.528853057237639,3.873659646357819,6230.7692307692305,3.4208358744172207e-6,1104.7459181723355,0.025,0.33783783783783783,1-0-2407-1,ʌ,UT_003,003,2,fave,187.92073926569174,55.29124737056528,5,comes,1,0.0500489999999445,what,through,K,M,K,M,internal
738.4319393100947,1628.664396946992,2866.939163577603,2.9648930851325224,3.5591885171967528,3.9614683880363892,6230.7692307692305,0.00013145556740196015,1114.22696715873,0.067,0.32843137254901966,1-0-2450-0,ʌ,UT_003,003,2,fave,232.7779301694089,64.29388872755065,5,of,1,0.17993200000000797,more,a,#,V,R,V,initial
593.5316832786779,1898.8848422598214,2772.605102172706,3.204670737261593,3.886245249488996,4.2148907879845945,6051.282051282051,0.00004841778683857477,1118.1389331723356,0.031,0.32978723404255317,1-0-2465-1,ʌ,UT_003,003,2,fave,202.58161736463998,58.14821110194899,5,just,1,0.07006799999999203,i,connect,JH,S,JH,S,internal
678.5568293975257,1396.8880307505244,2649.807483360148,3.096705313570323,3.748178585616209,3.7117843494398,5871.794871794871,0.00004704855643515514,1119.3043848276643,0.027000000000000003,0.32142857142857145,1-0-2468-1,ʌ,UT_003,003,2,fave,217.61702884835907,64.89163889832857,5,but,1,0.0599369999999908,"",i,B,T,B,T,internal
674.6935360941987,1614.6163702895074,2878.02149820037,2.8634715455060835,3.0381176507148044,3.9379749584171693,6230.7692307692305,0.00005966699169177593,1122.1763808276642,0.031,0.32978723404255317,1-0-2480-1,ʌ,UT_003,003,2,fave,214.59179254591652,61.052254358716496,5,but,1,0.06994600000007267,aid,there,B,T,B,T,internal
724.5375998245391,1740.1399420187663,2890.1900856405246,2.993081129084718,3.737679190937331,3.8028422866981333,6769.2307692307695,0.0005632373473180864,1126.9644011655328,0.087,0.32954545454545453,1-0-2495-3,ʌ,UT_003,003,2,fave,212.33367465615714,62.89756488207561,5,because,1,0.23999099999991813,have,"",K,Z,K,Z,internal
730.5485533565818,1254.0521753752912,2990.92396829819,3.495451287903643,3.30862529197346,4.002324344685406,6051.282051282051,0.0001771805353317868,1143.0163458276643,0.031,0.32978723404255317,1-0-2554-1,ʌ,UT_003,003,2,fave,213.6343673345292,60.73304608084609,5,one,1,0.06994699999995646,had,"",W,N,W,N,internal
876.8211929730555,1468.575572448384,2765.1660646290916,3.28465960558567,3.330182291811794,3.914010611810094,6230.7692307692305,0.00004897691347256469,1143.5093424965985,0.037000000000000005,0.324561403508772,1-0-2556-1,ʌ,UT_003,003,2,fave,186.3577460744805,60.57637064522887,5,done,1,0.0899650000001202,"",for,D,N,D,N,internal
662.7049476596218,1658.4990164234002,2795.4479457611747,2.8580382987720916,3.3182638213458966,3.760431191027163,6051.282051282051,0.0003786302329737727,1150.9209465034014,0.055,0.3353658536585366,1-0-2577-1,ʌ,UT_003,003,2,fave,224.40400058435654,52.499365864902366,5,but,1,0.1400149999999485,"","",B,T,B,T,internal
633.3304331078274,1824.6219787586745,2975.31738938162,3.1716951103625357,3.335625766618966,3.390301414266355,6051.282051282051,0.0001168281205436254,1152.8119544965984,0.037,0.32456140350877194,1-0-2584-1,ʌ,UT_003,003,2,fave,209.07401027312787,51.93692350932947,5,just,1,0.08996600000000399,it's,"",JH,S,JH,S,internal
584.2584887388288,1929.1407029412594,2843.7440864067567,3.271435116914588,3.3172873342097255,3.518254254860437,6769.2307692307695,0.000013836000093048234,1157.2569281723356,0.027000000000000003,0.32142857142857145,1-0-2599-1,ʌ,UT_003,003,2,fave,298.81958665276824,65.44278622906097,5,just,1,0.060058999999910156,i,sometimes,JH,S,JH,S,internal
767.9884359429007,1717.9374941911171,2947.1403983604814,3.001164737416268,3.47091622447077,3.875287348616822,6230.7692307692305,0.00004473792436420346,1158.43694815873,0.027000000000000003,0.32142857142857145,1-0-2603-1,ʌ,UT_003,003,2,fave,262.4782512413207,59.91584893742537,5,something,1,0.059936000000107015,say,and,S,M,S,M,internal
624.5808214266974,1639.598648927193,2684.3779009110226,2.916540592868461,3.191222546184991,3.750074322651435,6230.7692307692305,5.305987445740325e-6,1163.3759231723354,0.025,0.33783783783783783,1-0-2619-1,ʌ,UT_003,003,2,fave,582.495072394076,61.73790025271387,5,but,1,0.0500489999999445,say,then,B,T,B,T,internal
713.1570850898314,1585.8593990999786,2553.7463326364496,3.410332979306631,3.6935517553971935,3.9939510896843045,5692.3076923076915,0.0004447346437173456,1168.5209438412696,0.035,0.33653846153846156,1-0-2637-1,ʌ,UT_003,003,2,fave,192.65243725408408,54.05692639425685,5,just,1,0.08007799999995768,"",this,JH,S,JH,S,internal
654.0021053638034,1276.098922578344,3074.78012261972,3.341219960690928,3.3380996600968347,3.6937441853077524,5871.794871794871,0.00008164162881293162,1175.4289438276642,0.031,0.32978723404255317,1-0-2659-1,ʌ,UT_003,003,2,fave,213.1625751772796,60.012759260739884,5,the,1,0.06994600000007267,show,long,DH,#,DH,L,final
765.5254263204972,1773.4688948181483,2890.340781549468,2.7090597007265615,3.0317832262886326,3.992743665912357,6230.7692307692305,0.0000611646920621271,1177.9931118412696,0.035,0.3365384615384616,1-0-2670-1,ʌ,UT_003,003,2,fave,249.30095394574224,59.38797673987417,5,something,1,0.08007799999995768,say,"",S,M,S,M,internal
962.9420615406513,1588.0496433646433,2568.9064952171652,3.7956230263808903,4.221279676398086,3.9513815652639694,5692.3076923076915,0.0018650072920080572,1181.888103165533,0.045,0.3358208955223881,1-0-2688-1,ʌ,UT_003,003,2,fave,286.5553333629434,60.49717117519119,5,shut,1,0.1099859999999353,"","",SH,T,SH,T,internal
1055.6038452669245,1536.5156855409562,2862.843053463554,3.4695707813459333,4.1529121056955836,3.827932190503476,5512.820512820513,0.0035938078092195794,1182.1761174965986,0.08100000000000002,0.3319672131147542,1-0-2690-0,ʌ,UT_003,003,2,fave,NaN,62.73935637366067,5,up,1,0.21997099999998682,"","",#,P,"",P,initial
690.1320311637879,1362.4989157195853,2569.5227023751895,2.8127287235614986,3.487778819908497,4.261685859996116,6230.7692307692305,0.000017945644591377594,1193.6911508276642,0.031,0.32978723404255317,1-0-2745-1,ʌ,UT_003,003,2,fave,230.69155109800064,64.11358141062135,5,butterfly,1,0.06994600000007267,say,"",B,T,B,T,internal
637.2022305730682,1595.7290736731222,2794.2299743768963,2.862451319771325,3.310397861021996,3.8435055308277737,6230.7692307692305,0.000028252418600143,1194.4691798276642,0.027000000000000003,0.32142857142857145,1-0-2747-1,ʌ,UT_003,003,2,fave,205.60224460680485,59.06132648329673,5,but,1,0.0599369999999908,"",instead,B,T,B,T,internal
778.8510322222411,1372.1069558353067,2861.2556032350294,3.0856732749155893,3.5022405583824185,4.237701728668987,6230.7692307692305,0.0000910891577387876,1218.0739238344672,0.047,0.3263888888888889,1-0-2788-1,ʌ,UT_003,003,2,fave,233.33343894563572,63.62654344763961,5,love,1,0.11999500000001717,"",to,L,V,L,V,internal
818.1509245829311,1656.640154190527,2644.4420812421686,3.2156432291380668,3.231271367982488,3.7271056223487724,6051.282051282051,0.00015298226928727387,1223.8029005034016,0.065,0.3350515463917526,1-0-2812-0,ʌ,UT_003,003,2,fave,198.17170530040465,59.11183887565597,5,up,1,0.17004399999996167,building,"",#,P,NG,P,initial
787.7296194318617,1682.4013702048971,2941.807433617683,3.3215991711761728,3.788202803175542,4.031368881027816,6230.7692307692305,0.001277094917673801,1240.4774618276642,0.067,0.32843137254901966,1-0-2866-0,ʌ,UT_003,003,2,fave,210.3266913389225,54.15276549676673,5,up,1,0.17993100000012419,add,"",#,P,D,P,initial
791.7754859764514,1629.3445628887787,2904.4501958440596,3.420062770920148,3.309903139483818,3.8146178932611736,6051.282051282051,0.0015153284338247231,1246.2094418276645,0.07100000000000001,0.33177570093457953,1-0-2889-1,ʌ,UT_003,003,2,fave,193.16052912628604,47.096622759202035,5,but,1,0.18994099999986247,"","",B,T,B,T,internal
669.1431317476633,1218.697859159235,2830.858457365595,2.915465806615449,3.507352289080955,3.470596135335377,6230.7692307692305,7.3430488906229884e-6,1255.1864701723355,0.025,0.33783783783783783,1-0-2916-2,ʌ,UT_003,003,2,fave,214.9971613869136,64.63353872278232,5,whatever,2,0.0500489999999445,"",nonsense,W,T,W,T,internal
731.7154704133385,1695.5644115190796,2708.4352688522,3.1383691663595243,3.3802442078275305,3.793257895955591,6230.7692307692305,0.000024323691402811706,1256.39743684127,0.027000000000000003,0.32142857142857145,1-0-2920-0,ʌ,UT_003,003,2,fave,127.93563584964221,54.7409794584646,5,up,1,0.060058999999910156,giving,to,#,P,NG,P,initial
817.6661813451051,1520.8752217539286,2807.4809175444793,3.3170597999869575,3.6186507502715552,3.818737531972177,6230.7692307692305,0.0008295852039355037,1355.968623834467,0.051000000000000004,0.3311688311688312,1-0-2968-0,ʌ,UT_003,003,2,fave,228.9145617625106,59.30093699925706,5,udder,1,0.13000499999998283,"","",#,D,"",D,initial
711.3959064603478,1515.904892949032,3036.481796938851,3.903487434889536,3.2356617389278486,3.516106840360593,5512.820512820513,0.000016069189852799814,1364.1166408276642,0.027000000000000003,0.32142857142857145,1-0-2980-1,ʌ,UT_003,003,2,fave,232.09749090496948,45.56151746716002,5,funny,1,0.0599369999999908,painting,"",F,N,F,N,internal
705.467193496173,1475.8567506604986,2696.42834625337,2.749609798772609,3.358393660634321,3.6617223592900943,6230.7692307692305,0.00011880868256002192,1418.0698884965984,0.037000000000000005,0.324561403508772,1-0-3090-1,ʌ,UT_003,003,2,fave,209.95710839818204,61.88888443359976,5,button,1,0.08996600000000399,a,"",B,T,B,T,internal
528.7907743939876,1302.3298516468371,2976.4299908052926,3.3516553879105744,3.395899313768113,4.621191839273496,6051.282051282051,0.00004339190963880006,1464.4782181723353,0.025,0.33783783783783783,1-0-3176-1,ʌ,UT_003,003,2,fave,105.08010739973142,52.554958464655904,5,the,1,0.05004900000017187,yes,whistles,DH,#,DH,W,final
736.2319073017194,1372.9282943926155,2871.203148050607,3.3315565695864797,3.183496466617759,3.819716120859282,6051.282051282051,0.00008360109962053569,1480.7904464965989,0.035,0.33653846153846156,1-0-3213-1,ʌ,UT_003,003,2,fave,195.61570451604896,58.20635169683299,5,the,1,0.07995599999981096,climbed,ladder,DH,#,DH,L,final
692.8063200484872,1392.2229247750538,2537.0506737443475,2.761317553068578,3.277952802788313,3.625047429622702,6230.7692307692305,0.00003187898788422256,1494.8604208412696,0.035,0.3365384615384616,1-0-3229-2,ʌ,UT_003,003,2,fave,235.54297719061643,63.12640199474802,5,brother,1,0.08007799999995768,my,"",R,DH,R,DH,internal
745.7067123470201,1450.2776569826094,2723.714100665956,3.2184689652811076,3.4080218543272416,3.9258098200880838,6051.282051282051,0.00003148827050134211,1501.8683498276644,0.027000000000000003,0.32142857142857145,1-0-3244-1,ʌ,UT_003,003,2,fave,100.90922872393531,49.30706264766752,5,sometimes,1,0.0599369999999908,writer,"",S,M,S,M,internal
759.9366021476009,1434.8966485108115,2806.4054550441992,2.8197158015074986,3.292753297848882,3.5944893672146785,6230.7692307692305,3.939093429772959e-6,1521.9683541723357,0.027000000000000003,0.32142857142857145,1-0-3280-1,ʌ,UT_003,003,2,fave,237.48977123385257,63.87490565950968,5,covered,1,0.06005800000002637,was,with,K,V,K,V,internal
745.0500386221364,1507.064288811848,2548.3165559955964,3.71674175115909,3.742303031600713,4.241233437553492,6051.282051282051,0.00023316983826395185,1523.4653214965986,0.04100000000000001,0.3306451612903227,1-0-3284-2,ʌ,UT_003,003,2,fave,209.27872241283637,54.37899094773735,5,from,1,0.09997599999996964,"",yesterday,R,M,R,M,internal
764.8334191049616,1490.9883703825894,2602.5119443233616,2.998502704015135,3.4290154788830085,3.8202433191845384,6051.282051282051,0.0005554083833223314,1541.1422091723355,0.07100000000000001,0.33177570093457953,1-0-3315-1,ʌ,UT_003,003,2,fave,204.59831124628198,56.95400858059171,5,sun,1,0.19006400000012036,the,"",S,N,S,N,internal
607.4869353138353,1267.295768796697,3046.008184772759,3.497598356413715,3.2854695781004026,3.8098324907632684,5692.3076923076915,0.000015405675041910227,1544.9292625034016,0.025,0.33783783783783783,1-0-3320-1,ʌ,UT_003,003,2,fave,213.75627887029654,57.9959463973649,5,the,1,0.0500489999999445,saw,wells,DH,#,DH,W,final
647.7448090269144,1470.8885223736818,3139.307086771569,3.3629734666031896,3.2795299323340523,3.8364436846053214,6230.7692307692305,0.00012611003993781371,1549.1822468344672,0.051000000000000004,0.3311688311688312,1-0-3327-1,ʌ,UT_003,003,2,fave,221.16385289451947,60.012012263619184,5,the,1,0.13000499999998283,"",lawyer,DH,#,DH,L,final
491.3940421976032,2476.57390708544,2781.405687592484,3.775890660898509,4.153601340426376,4.183004821480325,5512.820512820513,0.00033702441115984364,134.06174883446712,0.025,0.2976190476190476,1-0-81-1,Tuw,UT_003,003,2,fave,239.21146772940665,53.503423599409146,5,do,1,0.05999800000000732,i,not,D,#,D,N,final
430.68204910179094,2276.771880534817,3046.378061675709,3.179465704171261,3.964410338593915,4.137753425191784,6051.282051282051,0.00018840857360893454,180.61344583446714,0.025,0.18656716417910452,1-0-177-1,Tuw,UT_003,003,2,fave,201.98072110257095,50.289505219370234,5,doing,1,0.10999999999998522,"",[bracketed],D,i,D,i,internal
442.7048255309576,2200.6511124999943,3033.5959404355453,3.177304851847405,4.105165597871279,4.283852735070137,5871.794871794871,0.00028960069203044336,195.83344683446714,0.025,0.20161290322580647,1-0-208-1,Tuw,UT_003,003,2,fave,196.9289131940852,51.62580416157555,5,do,1,0.10000600000000759,to,with,D,#,D,W,final
430.32606130842134,2186.0259591888007,2569.602351971132,3.612771483745747,3.741057561325732,3.9260930713947015,5333.333333333333,0.0011496809006617868,202.21274416553288,0.025,0.24038461538461536,1-0-231-1,Tuw,UT_003,003,2,fave,222.2533848540665,66.72259215307211,5,do,1,0.08000200000000746,i,"",D,#,D,"",final
422.28946866468686,2508.24083917136,2857.842993916753,3.0557263783772886,3.6176652257383597,3.830606032051476,5692.3076923076915,0.016309536216686484,288.65926216553294,0.025,0.04280821917808219,1-0-381-1,Tuw,UT_003,003,2,fave,201.84500607940606,50.01115211522054,5,to,1,0.559996999999953,going,"",T,#,T,"",final
461.55446686715504,2168.8884441122736,2722.986700012795,3.350117306834735,3.781988182156772,3.606246223665209,5692.3076923076915,0.000856284349021343,303.01073883446713,0.025,0.11160714285714286,1-0-431-1,Tuw,UT_003,003,2,fave,217.12184768200012,56.51594988532997,5,too,1,0.20001199999995833,"",long,T,#,T,L,final
354.11493971961033,1631.2421625554339,2659.6879473815957,3.925255041632277,4.317020009499814,4.8430390115812685,6410.25641025641,0.06131080459333537,341.5994528344671,0.025,0.16233766233766234,1-0-505-1,Tuw,UT_003,003,2,fave,228.0903870150287,59.019352747955004,5,super,1,0.13000499999998283,"","",S,P,S,P,internal
395.16329858275526,2370.5480731752687,2847.753177374227,2.8712818265877917,4.190865185990358,3.6788846694260737,6230.7692307692305,0.00017710698905750713,354.6262421655329,0.025,0.21929824561403513,1-0-538-1,Tuw,UT_003,003,2,fave,178.90220428712425,51.834210888609434,5,to,1,0.08999599999998509,website,exist,T,#,T,i,final
366.26752956367494,2426.270059854786,2818.766966121236,3.1380368206985416,4.4055393553733175,4.062703329959343,5692.3076923076915,0.00631419839191265,416.4946501655329,0.025,0.08223684210526315,1-0-662-1,Tuw,UT_003,003,2,fave,112.51871657468146,41.87365273290235,5,two,1,0.2799990000000321,"","",T,#,T,"",final
425.5065044868738,1914.4796319547022,2782.311061764236,3.8870289605784913,3.8112287977304087,3.5442462947218076,5871.794871794871,0.00020309741233742783,497.9802518344671,0.025,0.2976190476190476,1-0-833-1,Tuw,UT_003,003,2,fave,245.8780630877807,54.392322511614566,5,too,1,0.05999700000000985,it's,cold,T,#,T,K,final
416.7388412723129,1045.333442304612,2482.932554817181,3.38825598787361,4.022545881248942,4.095999908013213,4615.384615384615,0.05219844330867031,525.1690581655328,0.025,0.04355400696864111,1-0-913-1,Tuw,UT_003,003,2,fave,310.3351071269131,51.06291622551595,5,do,1,0.5499879999999848,to,"",D,#,D,"",final
461.0970656639337,2343.8510531292436,2726.7865374777193,3.2280306754456864,3.9130137434859846,4.157212782428723,6051.282051282051,0.0001788695184950416,611.5983351723356,0.025,0.18656716417910452,1-0-999-1,Tuw,UT_003,003,2,fave,106.54493134983643,45.10739363787411,5,do,1,0.11004700000000867,i,a,D,#,D,@,final
426.48896767911907,2264.4980668670337,2759.77233875785,3.191090739304583,4.262257163091973,3.82142126757516,5871.794871794871,0.00021861860857612074,621.0283608276644,0.025,0.24038461538461545,1-0-1016-1,Tuw,UT_003,003,2,fave,209.09735531272946,52.20946908108618,5,do,1,0.07995600000003833,"",not,D,#,D,N,final
542.396517192306,2231.9347247908995,2803.0208011811915,3.746142597413889,3.6486680815577555,3.832039384180426,5871.794871794871,0.03350261871299472,649.3132401723357,0.025,0.05506607929515419,1-0-1063-1,Tuw,UT_003,003,2,fave,312.32714411112215,59.57000216523761,5,to,1,0.430054000000041,used,growing,T,#,T,G,final
496.1848531211924,1395.1384317753482,1951.1497774807808,3.539447488436453,4.047439376128868,3.807195481188937,6230.7692307692305,0.000146103922487799,914.2510281655328,0.025,0.2976190476190476,1-0-1648-2,Tuw,UT_003,003,2,fave,252.8460927561933,57.33638331433891,5,grew,1,0.05999799999995048,of,from,R,#,R,F,final
521.533824920333,1808.4570829892918,2728.631368159249,3.8033306992764775,3.9280800018791076,3.3476614364212023,5692.3076923076915,0.00030390444892749145,933.5012664965986,0.025,0.20161290322580647,1-0-1732-1,Tuw,UT_003,003,2,fave,268.9076020079865,56.30339601483042,5,do,1,0.09997599999996964,oh,a,D,#,D,@,final
447.62401929406826,1407.1523898699068,1962.2605872628806,2.5250148294508454,3.3287695928612746,3.489941252332693,5512.820512820513,0.0002010129717076648,953.8349464965987,0.025,0.20161290322580647,1-0-1817-2,Tuw,UT_003,003,2,fave,219.74525665668025,60.67320188960279,5,grew,1,0.09997499999997217,just,from,R,#,R,F,final
540.2456733647149,2213.131758156223,2683.09955114998,3.775527954358788,4.0097371126017025,3.9329801104481192,5871.794871794871,0.00031711723084173424,958.7049471655328,0.025,0.2976190476190476,1-0-1841-1,Tuw,UT_003,003,2,fave,260.8154882263104,60.19369635759647,5,do,1,0.05999700000006669,try,one,D,#,D,W,final
527.5901310167606,2190.346578521603,2954.056606451142,3.4952478323011946,3.7691892100003845,3.5903698200464476,6051.282051282051,0.00020197478051403332,996.5436311655328,0.025,0.17361111111111113,1-0-2014-1,Tuw,UT_003,003,2,fave,243.60971325908272,62.93664733910354,5,doing,1,0.11999500000001717,"","",D,i,D,i,internal
547.8213813365628,2190.8179384261957,2929.6460160366,4.067392109231748,3.8180352947608376,3.8152219453054563,5871.794871794871,0.0003520416774640781,997.7136638276644,0.025,0.24038461538461545,1-0-2016-1,Tuw,UT_003,003,2,fave,282.5010880104552,62.25857982012483,5,doing,1,0.07995600000003833,"",readings,D,i,D,i,internal
519.9875702124133,2365.372553769944,2967.721747660491,3.0388619210218497,4.064464825375127,3.952193359755869,6230.7692307692305,0.0009784318930580675,1013.8637601655328,0.025,0.18656716417910452,1-0-2071-1,Tuw,UT_003,003,2,fave,223.24501797257074,54.294941548545566,5,do,1,0.10998600000004899,to,life,D,#,D,L,final
592.5810551692578,1536.5734034054292,2874.2963390411037,3.4109370405869295,3.759872328093225,3.988647857621189,5871.794871794871,9.58569667332174e-6,1020.1437451723357,0.025,0.33783783783783783,1-0-2103-1,Tuw,UT_003,003,2,fave,189.3441779260489,55.0629164301392,5,do,1,0.0500489999999445,how,we,D,#,D,W,final
496.4499365521671,1520.3891779551038,2801.5096486677676,3.687686415521365,3.951346035354345,3.814428724183438,5871.794871794871,0.000061152044859599,1038.9806601723355,0.025,0.2976190476190476,1-0-2175-1,Tuw,UT_003,003,2,fave,326.23905957040233,53.45344051773446,5,suicide,1,0.060057999999798994,committed,and,S,@,S,@,internal
507.4794485637943,1534.6730580842716,2848.2309504304894,3.572489798567257,3.69065389654346,3.6433905780159517,5871.794871794871,0.00019821459817282824,1042.8806558276644,0.025,0.26595744680851063,1-0-2193-1,Tuw,UT_003,003,2,fave,255.55548183893347,58.71933585995606,5,to,1,0.06994600000007267,open,it,T,#,T,i,final
436.58228126584675,2071.8171255246175,2797.958952742152,2.2745103163006606,3.7831030368523724,4.060912167382541,5871.794871794871,0.00019300247374736925,1078.09333584127,0.025,0.21929824561403513,1-0-2334-1,Tuw,UT_003,003,2,fave,214.00551598605279,60.157897427196744,5,do,1,0.09008799999992334,"",it,D,#,D,i,final
472.79810438739304,2259.518210721423,2983.7350861396826,3.83459375712032,4.414706695613079,3.642909843971463,5871.794871794871,0.0022965167178183527,1096.305965834467,0.025,0.16233766233766234,1-0-2379-1,Tuw,UT_003,003,2,fave,251.26367812052638,56.28202484568291,5,do,1,0.13000499999998283,still,tarot,D,#,D,T,final
487.4391046343312,1577.0707095987118,2911.82615492662,2.3768392408936707,3.5943696693273584,3.6040717896206016,5871.794871794871,0.00002661780820239164,1097.9159621723354,0.025,0.2976190476190476,1-0-2386-3,Tuw,UT_003,003,2,fave,229.30755779482465,57.95116438188662,5,intuitive,1,0.06005900000013753,an,read,T,@,T,@,internal
605.9483698767885,1688.9716908595572,1860.6665713887805,3.621822857348916,3.8354407057872124,3.9241844754268045,5333.333333333333,0.05943430231762685,1105.105892834467,0.025,0.0880281690140845,1-0-2408-2,Tuw,UT_003,003,2,fave,200.51210051835525,52.37082024270101,5,through,1,0.26000900000008187,comes,"",R,#,R,"",final
459.0535321786572,2314.8307904290887,2904.0043512324487,3.1819559440725147,4.109393592947856,3.7284416185337124,5692.3076923076915,0.0008843601163667424,1110.9359538276644,0.025,0.24038461538461545,1-0-2436-1,Tuw,UT_003,003,2,fave,543.0580079512686,44.63223814015766,5,do,1,0.07995600000003833,to,a,D,#,D,@,final
408.90504566817515,2396.4999762004218,3128.538734016321,2.8163524299387075,4.457308872118397,4.346128370539387,6230.7692307692305,0.013091059561716772,1119.863333165533,0.025,0.16233766233766234,1-0-2471-1,Tuw,UT_003,003,2,fave,195.5477307644288,52.66371762751212,5,do,1,0.13000499999998283,also,tarot,D,#,D,T,final
341.48123933124435,991.9301484662708,1973.4215952965794,3.4246998012272933,4.13630193974915,4.599087957141057,4794.871794871795,0.02351649567114215,1123.9233694897957,0.025,0.05896226415094338,1-0-2487-1,Tuw,UT_003,003,2,fave,263.371073175749,56.095351619090465,5,to,1,0.399902000000111,"",tarot,T,#,T,T,final
345.1467878586944,1981.0031598516255,2670.892441691491,3.534474779514805,4.168948325338233,4.187251380244159,5871.794871794871,0.0004575206205728273,1131.3433301723355,0.025,0.26595744680851063,1-0-2510-1,Tuw,UT_003,003,2,fave,292.964331201299,62.910655257854486,5,do,1,0.07006899999987581,don't,palm,D,#,D,P,final
441.9827343188909,2250.0644120140646,2874.015350236877,2.764807512405446,3.5559908664535183,3.7343401188941345,6051.282051282051,0.0028588250652271966,1134.7533424965986,0.025,0.052742616033755275,1-0-2525-1,Tuw,UT_003,003,2,fave,212.95791140178713,55.06174863186636,5,do,1,0.4499510000000555,don't,"",D,#,D,"",final
436.22704657340665,2032.4810628669015,2832.1117682375457,2.863518212113008,3.3015251862760002,3.5600575764666864,6230.7692307692305,0.000034128392143005624,1142.2933758276645,0.025,0.26595744680851063,1-0-2550-1,Tuw,UT_003,003,2,fave,223.21683634841685,63.98110132807765,5,do,1,0.06994600000007267,to,i,D,#,D,ay,final
443.04809454127593,2099.93209626244,2667.85990284712,2.6914030369456197,4.29246937670517,3.6306248947005266,5333.333333333333,0.00011263569829237388,1218.4229258412697,0.025,0.24038461538461536,1-0-2790-1,Tuw,UT_003,003,2,fave,220.4295594812083,56.0504381491627,5,do,1,0.08007800000018506,to,it,D,#,D,i,final
434.10983827168343,1897.9345789570784,2716.418419924868,3.5255244509303165,3.4918280233886048,3.073754370155099,5692.3076923076915,0.000052541673751654406,1393.8032628276646,0.025,0.2976190476190476,1-0-3048-1,Tuw,UT_003,003,2,fave,212.11092717190755,53.13725746539241,5,to,1,0.0599369999999908,returned,britain,T,#,T,B,final
428.37507781098986,2412.144010344523,2962.71330516211,2.5855293756333357,3.7143707896820675,3.509775912275533,5871.794871794871,0.0001322595839488587,1419.0838205102039,0.025,0.20161290322580647,1-0-3093-1,Tuw,UT_003,003,2,fave,210.32349504063444,56.106337465125186,5,to,1,0.10009800000011637,next,its,T,#,T,i,final
508.0922910781859,2195.268618856717,2931.8433442151468,3.4265986541528504,3.6779191701025478,3.3603352020257025,5871.794871794871,0.00006296677470625944,1434.5838091723354,0.025,0.26595744680851063,1-0-3117-2,Tuw,UT_003,003,2,fave,239.6013887204936,57.496916831408335,5,student,1,0.07006799999999203,the,saw,T,D,T,D,internal
489.9916873773546,1955.5405655557365,2849.2960056057836,3.1524347170418867,4.254931823422458,3.70677274734291,5871.794871794871,0.00013570892578601893,1481.6354508412699,0.025,0.24038461538461545,1-0-3215-3,Tuw,UT_003,003,2,fave,216.83015694201805,55.10386581039344,5,onto,0,0.08007799999995768,ladder,the,T,#,T,DH,final
467.85477932477727,1455.662621173723,1987.317014698773,3.293026948256746,3.578292748683875,3.6179165870778864,5692.3076923076915,0.0019567170638125804,1481.955496165533,0.025,0.17361111111111113,1-0-3217-1,Tuw,UT_003,003,2,fave,249.88138107025966,55.92171142769257,5,roof,1,0.11999500000001717,the,"",R,F,R,F,internal
840.3451546807356,1606.6247368405716,2529.5878268347738,3.261329184558469,3.8103768437823966,4.012252943737684,6230.7692307692305,0.0008661843537635274,137.87774616553287,0.057,0.3275862068965517,1-0-95-1,ae,UT_003,003,2,fave,202.69935230035804,49.741097550999065,5,have,1,0.14999400000002083,i,"",HH,V,HH,V,internal
793.5096393501838,1693.7242581744335,2488.497102689356,3.052026280892287,3.7165915128158216,4.523307957060747,6410.25641025641,0.0005831594008922742,142.59474716553285,0.051000000000000004,0.3311688311688312,1-0-108-0,ae,UT_003,003,2,fave,168.26509050155317,50.3285705171855,5,at,1,0.13000500000001125,good,it,#,T,D,T,initial
776.2129291968005,1949.8174787586015,2664.283527217614,3.3810662929234923,3.7528898844088308,4.32657666126147,6589.74358974359,0.0007315075269115573,142.99474683446715,0.051000000000000004,0.3311688311688312,1-0-111-0,ae,UT_003,003,2,fave,181.51534742585824,44.744338190930556,5,at,1,0.13000499999998283,"",all,#,T,"",T,initial
652.8795726066195,1613.1277813956544,2926.7317088764194,2.9565571068847856,2.8543839333187226,3.539651172771945,6410.25641025641,0.00014372663095470696,152.45474783446713,0.031,0.32978723404255317,1-0-127-1,ae,UT_003,003,2,fave,238.420966395008,54.04745467248497,5,that's,1,0.0700080000000014,"",about,DH,T,DH,T,internal
876.7328497613472,1490.6349415551047,2868.232885387356,3.6627866619344815,3.7955893637413958,4.499720868630292,6051.282051282051,0.000549750950350256,172.4453478344671,0.057,0.32758620689655177,1-0-147-1,ae,UT_003,003,2,fave,209.61382734404648,53.9822932278272,5,have,1,0.15001000000000886,don't,kids,HH,V,HH,V,internal
830.4924422581736,1753.3666156332595,2486.696187433984,3.388135755493947,3.792146154553786,4.520686865696771,5871.794871794871,0.0022582036404698094,177.27344516553285,0.085,0.3346456692913386,1-0-166-1,ae,UT_003,003,2,fave,203.24905673507308,48.36726258522531,5,cat,1,0.2299950000000024,a,"",K,T,K,T,internal
739.3045066484073,2370.804719149135,3210.6890084698352,3.188993068979889,3.968148762553025,3.976167870238962,6230.7692307692305,0.0001752255355297394,184.2084511655329,0.035,0.3365384615384616,1-0-183-0,ae,UT_003,003,2,fave,185.9999902938637,44.4244829322827,5,analyst,1,0.08000199999997903,budget,"",#,N,T,N,initial
863.0401659719433,1704.1839578194408,2618.1484069435137,3.133225199152407,3.677519608491687,4.054087558642779,6051.282051282051,0.00021230561539470902,194.99445016553287,0.047,0.3263888888888889,1-0-204-1,ae,UT_003,003,2,fave,195.4516726227471,53.34362853656357,5,have,1,0.11999500000001717,"",too,HH,V,HH,V,internal
732.3324227283722,2384.2666170236216,3061.598408353052,4.124798774685491,4.217773255255404,4.268216586595339,6230.7692307692305,0.0018286652111866083,196.7084511655329,0.035,0.3365384615384616,1-0-213-0,ae,UT_003,003,2,fave,195.9428245503933,46.66834464788379,5,analyst,1,0.08000199999997903,budget,"",#,N,T,N,initial
721.0620826791667,1830.7396128746782,2771.9596481048734,3.239706213802617,3.9603357182561276,4.340209550953859,6230.7692307692305,0.003452555399603313,200.15575216553287,0.051000000000000004,0.3311688311688312,1-0-223-1,ae,UT_003,003,2,fave,2399592.317800672,44.15601305304277,5,yeah,1,0.12998999999999228,but,"",Y,#,Y,"",final
561.096399171673,2422.2225216812694,2999.116622574651,3.229093152178911,3.920370783616016,4.071982875926298,6410.25641025641,0.0014906707556272582,223.57074616553288,0.08099999999999999,0.3319672131147541,1-0-257-0,ae,UT_003,003,2,fave,184.90419415857045,47.378144133579,5,am,1,0.22000099999999634,i,a,#,M,ay,M,initial
800.5230499244549,1734.5052152713956,2978.8783173140077,3.6152195665675655,3.492455496380844,3.9036029303431814,6589.74358974359,0.00038109086701861445,229.49634916553288,0.045,0.3358208955223881,1-0-277-1,ae,UT_003,003,2,fave,184.32552547527033,45.11879963458612,5,that,1,0.11000100000001112,building,this,DH,T,DH,T,internal
808.3693381537571,1506.8368777736835,2478.25823403397,3.580225148628921,3.845591148421829,3.826225081439957,6230.7692307692305,0.0012141672771408029,241.8163471655329,0.065,0.33505154639175255,1-0-305-1,ae,UT_003,003,2,fave,215.15546404742062,49.33699317114031,5,have,1,0.16999799999999254,we,"",HH,V,HH,V,internal
515.1068968931851,2647.6557409771985,2835.532703282769,3.4525930509368346,3.79542238614837,3.9134397220922685,6589.74358974359,0.002762055764120883,250.4763521655329,0.125,0.33422459893048123,1-0-329-1,ae,UT_003,003,2,fave,231.9770285066028,56.37588648120732,5,can,1,0.34999100000001704,i,"",K,N,K,N,internal
749.3559854993399,1687.9994303723731,2076.488373806456,3.4888299612709086,4.086908644796579,4.146656499213735,5871.794871794871,7.324588674533405e-6,251.8163511655329,0.025,0.33783783783783783,1-0-333-2,ae,UT_003,003,2,fave,279.0309374708597,55.20447113887299,5,grandma,1,0.050003000000003794,to,and,R,M,R,M,internal
636.8618426401334,1645.961291174522,2012.113347090592,2.8889975461917503,3.838106519244327,4.090712626118978,6410.25641025641,0.0003648571236341992,252.1493531655329,0.031,0.32978723404255317,1-0-335-2,ae,UT_003,003,2,fave,331.04596691220496,54.60690053235284,5,grandpa,1,0.06999200000001338,and,"",R,M,R,M,internal
634.863778427052,1807.0309723062833,3092.6645201936776,3.2968188372302207,4.03649428616587,4.425951442254253,6410.25641025641,0.00044427870316573635,296.82376116553286,0.031,0.32978723404255317,1-0-406-0,ae,UT_003,003,2,fave,247.27637296818563,52.33896211498091,5,and,1,0.0699769999999944,"",my,#,N,"",N,initial
711.0587537631044,2069.521531189298,3000.669602108616,3.064585379680595,3.721411315640726,3.938999163440784,6410.25641025641,0.0004105039712247422,299.9367461655329,0.037,0.32456140350877194,1-0-421-0,ae,UT_003,003,2,fave,253.8728888594367,54.22746588116191,5,and,1,0.08999699999998256,"",i,#,N,"",N,initial
707.7515626777592,2122.517368230775,2837.9047030519646,3.2634855869175605,3.7559652093555838,3.783817084202011,6230.7692307692305,0.00031866635952593523,303.9917498344671,0.027000000000000003,0.32142857142857145,1-0-434-0,ae,UT_003,003,2,fave,234.29099209020424,50.86032264677291,5,and,1,0.05999700000000985,"",i,#,N,"",N,initial
758.9586876518622,2213.2012505072903,3100.1117858230573,3.120770518753254,3.6289728009077913,3.764980375464549,6410.25641025641,0.00030396705226426674,305.8687458344671,0.101,0.3322368421052631,1-0-443-1,ae,UT_003,003,2,fave,251.84559082672502,57.16576142195237,5,man,1,0.27999899999997524,like,i,M,N,M,N,internal
564.3832126040824,1687.5081112898665,2832.640983356777,3.1653221315470823,3.5778984418560795,4.19920329537555,6410.25641025641,0.00027925996984307425,307.75375983446713,0.031,0.32978723404255317,1-0-449-1,ae,UT_003,003,2,fave,185.80948676288384,52.63494409097193,5,that,1,0.07000700000003235,believe,i've,DH,T,DH,T,internal
779.5843651987369,1622.266823398453,2766.0782270063332,2.8175506645493695,3.731268359775926,4.203624018282317,6230.7692307692305,0.0002029283084324856,309.42574283446714,0.035,0.33653846153846156,1-0-456-1,ae,UT_003,003,2,fave,198.54000597936718,49.56343488984222,5,that,1,0.080016999999998,missed,deadline,DH,T,DH,T,internal
633.0847802987369,1741.6241413758692,2788.4707156860914,3.195564131846151,3.402546188681839,3.6138292537978374,6410.25641025641,0.00008975531464154196,311.7517541655329,0.027000000000000003,0.32142857142857145,1-0-464-1,ae,UT_003,003,2,fave,NaN,51.67830357847021,5,that,1,0.05999700000000985,"",the,DH,T,DH,T,internal
603.2537536000088,1592.4412155273073,2902.264992395219,3.097033149763613,3.2032232905738427,3.662126610748666,6230.7692307692305,8.817201561126617e-6,317.4394498344671,0.025,0.33783783783783783,1-0-485-1,ae,UT_003,003,2,fave,214.40345488616373,58.50163757076712,5,that,1,0.050018000000022766,"",i,DH,T,DH,T,internal
809.0207635106445,1575.3353808001375,2899.368446873304,3.1061674956197067,3.499919679171069,4.084196640257667,6230.7692307692305,0.00010331707026224343,318.5154568344671,0.037000000000000005,0.324561403508772,1-0-491-1,ae,UT_003,003,2,fave,181.82147514940146,49.134810350899585,5,that,1,0.08999599999998509,to,one,DH,T,DH,T,internal
775.6565942323452,1955.9337671969456,2786.175069342068,2.7224294829478115,3.538748371402706,4.0514839991093305,6230.7692307692305,0.00014535630426521564,342.9454441655329,0.037,0.32456140350877194,1-0-509-1,ae,UT_003,003,2,fave,303.5807180329633,54.580807320433216,5,savvy,1,0.08999599999998509,"",i've,S,V,S,V,internal
729.1124588213482,1851.0024440780505,2920.5884019822433,3.4731159205361952,3.52865619116859,4.191071928894447,6589.74358974359,0.0004896637004900071,349.6922391655329,0.037,0.32456140350877194,1-0-526-0,ae,UT_003,003,2,fave,226.92100875674976,54.945900311302424,5,and,1,0.08999699999998256,"",i,#,N,"",N,initial
874.4409133317018,1596.5934481487836,2560.4070714499876,3.2437277609950104,3.4803753960199497,3.7724601142456775,6410.25641025641,0.00018313670735874374,350.0712408344672,0.055,0.3353658536585366,1-0-528-1,ae,UT_003,003,2,fave,191.50926799085556,57.47504123800958,5,have,1,0.140013999999951,i,the,HH,V,HH,V,internal
698.8540747571348,1974.0537395115107,3195.2575927276152,3.4788955802501977,3.7863632442853716,4.3567819640357,6410.25641025641,0.001610475576092597,356.0522461655329,0.057,0.3275862068965517,1-0-541-0,ae,UT_003,003,2,fave,NaN,47.72841565385176,5,and,1,0.14999299999999494,"",it,#,N,"",N,initial
751.814071259589,1831.3272847660041,2591.0413470929248,3.1544659360032883,3.5120115358144313,4.044800726721717,6230.7692307692305,0.0019411210490871153,358.1922601655329,0.057,0.3275862068965517,1-0-553-1,ae,UT_003,003,2,fave,330.11121275831,45.59712393340009,5,yeah,1,0.1499939999999924,"","",Y,#,Y,"",final
600.0650424959433,1874.6932564651954,3064.682205272302,3.554578471365421,3.5882051629780087,3.5238665794234136,5512.820512820513,0.004992458338213917,403.73464549659866,0.065,0.33505154639175255,1-0-615-0,ae,UT_003,003,2,fave,199.46639030740013,47.388836062324124,5,and,1,0.169983000000002,"",spend,#,N,"",N,initial
604.2138173960916,2668.359318209407,3113.268539412172,3.8491784634106763,3.938122269409851,4.079159543573085,6410.25641025641,0.0002875202297940127,405.62465650340135,0.045,0.3358208955223881,1-0-621-1,ae,UT_003,003,2,fave,200.73921799839124,51.867294668649464,5,canyon,1,0.11001599999997325,snow,and,K,N,K,N,internal
828.7143005401169,1672.4886785633007,2516.33940217331,3.1305285553252182,3.717948068225076,3.9812324010768427,6410.25641025641,0.0007612186823550003,410.2976534965986,0.051000000000000004,0.3311688311688312,1-0-638-1,ae,UT_003,003,2,fave,197.38966430139394,54.33868750965685,5,had,1,0.12997400000000425,we,private,HH,D,HH,D,internal
763.0653623988864,2208.4146511286303,2990.282938409973,3.666857301812218,3.699208076081693,3.790534670012319,6230.7692307692305,0.00250432530137384,412.0806371655329,0.037,0.32456140350877194,1-0-643-1,ae,UT_003,003,2,fave,198.77980245122868,47.856910157640755,5,canyon,1,0.08999599999998509,weaver,it,K,N,K,N,internal
627.3916318235609,2441.9096991155784,2877.681297270334,3.6814167435937835,3.712989192809104,4.0559909457281895,6230.7692307692305,0.00015793452270504167,415.11765083446716,0.031,0.32978723404255317,1-0-655-1,ae,UT_003,003,2,fave,194.06336397022108,46.90249209538563,5,camping,1,0.07000799999997298,lot,"",K,M,K,M,internal
713.5420459627351,1940.6512777783778,2957.252328485685,3.328864607713541,3.860534090300162,3.9013303874788305,6051.282051282051,0.000943444917619736,422.4944528344671,0.065,0.33505154639175255,1-0-681-1,ae,UT_003,003,2,fave,191.23491720711093,43.29519480253215,5,yeah,1,0.17001399999998057,"","",Y,#,Y,"",final
848.5101139126829,1675.6973560178308,2786.780149533533,3.4887405560323126,3.407714509503218,4.071144263939873,6769.2307692307695,0.000214231808085838,436.7504418344671,0.037000000000000005,0.324561403508772,1-0-696-1,ae,UT_003,003,2,fave,339.692021405151,59.5732601518736,5,that's,1,0.08999699999998256,because,where,DH,T,DH,T,internal
562.6353938388671,1925.0499855022558,2736.120393394158,3.678659808383033,4.133909571322914,4.419115501252815,6230.7692307692305,0.029114376094835297,446.4024431655329,0.141,0.3325471698113207,1-0-733-0,ae,UT_003,003,2,fave,188.27405513200628,45.287640558106524,5,aunts,1,0.39999299999999494,my,and,#,N,ay,N,initial
693.627231275882,2220.8507050537214,2826.05182203971,3.759167075746867,4.254560701463716,3.939630424310726,6230.7692307692305,0.0006914887953359626,487.35524683446715,0.035,0.33653846153846156,1-0-814-1,ae,UT_003,003,2,fave,217.2222019240919,42.7351013612466,5,yeah,1,0.080016999999998,"","",Y,#,Y,"",final
665.9555276518155,1872.7543066942364,2917.2450692678963,3.1572918803953423,3.86039672957048,4.499036637098805,6410.25641025641,0.00008087595178638986,504.9962561655329,0.037,0.32456140350877194,1-0-859-1,ae,UT_003,003,2,fave,211.917977658395,59.673910645759086,5,yeah,1,0.08999599999998509,so,usually,Y,#,Y,Y,final
735.5308557218199,1570.4831869429472,1931.4896529200382,3.1671526760592776,4.136176093715999,4.165160073288372,6051.282051282051,0.0004581650023276275,507.26325083446716,0.031,0.32978723404255317,1-0-869-0,ae,UT_003,003,2,fave,NaN,45.86679144676076,5,activity,0,0.0700069999999755,outdoor,"",#,K,R,K,initial
753.6295429929595,2477.7813496142053,3065.4912808000327,3.1758830319198332,3.728458554651785,4.050841172918513,6230.7692307692305,0.00014434060847375724,509.4832418344671,0.051000000000000004,0.3311688311688312,1-0-874-1,ae,UT_003,003,2,fave,185.48275264723642,46.449181204991255,5,camping,1,0.13000499999998283,"","",K,M,K,M,internal
706.3404362742053,1679.8152801670421,2810.7984229081626,3.6904994615853477,3.5271108683590144,3.9187545729990565,6051.282051282051,0.0008669151800809661,510.92024383446716,0.045,0.3358208955223881,1-0-879-1,ae,UT_003,003,2,fave,106.38498877440271,40.55297218796338,5,that,1,0.11001599999997325,like,"",DH,T,DH,T,internal
596.0860031468989,2396.0588343124755,3056.0064776536697,3.5631742111261606,3.6859711289223975,4.192952771606916,6410.25641025641,0.00019631383940052553,518.5640618276644,0.035,0.33653846153846156,1-0-891-1,ae,UT_003,003,2,fave,187.81547339913075,48.13227348808853,5,canyon,1,0.07995599999992464,waterfall,"",K,N,K,N,internal
748.0492968972803,1383.5021792097375,2461.241296626842,3.1654711397661663,3.3832525633670403,4.032570840772856,6410.25641025641,0.00019185859389018003,523.8770644965987,0.04100000000000001,0.3306451612903227,1-0-906-2,ae,UT_003,003,2,fave,536.8615661449045,45.539963125802494,5,classic,1,0.09997599999996964,a,and,L,S,L,S,internal
770.7681114925629,1492.4322466378444,2869.597518977695,3.2470833750473385,3.391547935703199,4.51477704121093,6410.25641025641,0.0000486558886301814,524.4300681655329,0.027000000000000003,0.32142857142857145,1-0-908-1,ae,UT_003,003,2,fave,226.06959729556004,50.4778856307083,5,that's,1,0.059996999999953005,and,one,DH,T,DH,T,internal
653.3236487587789,1572.033807382487,2769.35155645897,3.1153487394452175,3.5823951107591165,4.010045816909552,6230.7692307692305,0.0002101446842270359,527.2590751655329,0.045,0.3358208955223881,1-0-922-1,ae,UT_003,003,2,fave,213.1037028165044,54.52391474401388,5,that,1,0.10998500000005151,like,is,DH,T,DH,T,internal
892.0702953774659,1674.5894314772538,2780.253670296596,3.2718333510419173,3.7198312679554957,4.32554099124676,6230.7692307692305,0.00023195721200800734,529.6490405034012,0.045,0.3358208955223881,1-0-928-2,ae,UT_003,003,2,fave,191.73042395911222,55.62167977548246,5,classic,1,0.11004600000001119,the,"",L,S,L,S,internal
708.1247710123491,1999.7568882160692,2835.4368046351465,2.8248194199437724,3.9005316695066896,3.8858153259620867,6230.7692307692305,0.000054516825312982416,564.6411628276644,0.031,0.32978723404255317,1-0-950-0,ae,UT_003,003,2,fave,174.11266520324372,51.16058766105298,5,at,1,0.06994700000007015,good,"",#,T,D,T,initial
703.0878722384952,1766.265822442651,2767.474222517585,2.9431669827283375,3.650862678956932,3.8048757908982913,6051.282051282051,0.00008115847350482542,569.223135834467,0.035,0.33653846153846156,1-0-962-0,ae,UT_003,003,2,fave,331.85122509757673,60.846839902799324,5,at,1,0.080016999999998,good,a,#,T,D,T,initial
751.4404756597293,1773.0969269452314,3048.302862899101,3.3747040470458973,3.4741209396676056,4.130780824277559,6410.25641025641,0.0005745788181147726,573.2511558344672,0.051000000000000004,0.3311688311688312,1-0-977-0,ae,UT_003,003,2,fave,183.1996350875726,46.55761878205085,5,at,1,0.13000499999998283,"",anything,#,T,"",T,initial
670.4263748024272,2078.324919473598,3095.9613845557396,3.5443023429994143,3.5742291869024894,3.7969236906553427,6589.74358974359,0.0008658062417205004,624.6029551655329,0.129,0.33593749999999994,1-0-1024-0,ae,UT_003,003,2,fave,204.71821004267002,54.06010755185274,5,and,1,0.3599849999999378,"",i,#,N,"",N,initial
632.48164840104,2286.089776098477,2773.5146128911997,3.1830444706973133,3.836363753663127,4.282985482139881,6230.7692307692305,0.0002750281222675621,626.595938834467,0.035,0.33653846153846156,1-0-1029-1,ae,UT_003,003,2,fave,180.75986501624936,45.136917933339255,5,fantasy,1,0.080016999999998,high,"",F,N,F,N,internal
900.5293044425628,1810.6628048621933,2622.9888898960676,3.4106558813971537,3.828504946761095,4.686925686520635,6769.2307692307695,0.005847476389010684,648.2482181655329,0.155,0.334051724137931,1-0-1059-1,ae,UT_003,003,2,fave,271.1606207011758,63.79065473862298,5,yeah,1,0.4400029999999333,"","",Y,#,Y,"",final
679.480052647608,1731.7323383949567,2351.302671755588,3.607319559448848,3.695912231756638,3.609122616374756,6230.7692307692305,0.00005975940106075628,650.956243834467,0.031,0.32978723404255317,1-0-1069-1,ae,UT_003,003,2,fave,194.04266821945657,57.66619811497144,5,ranked,1,0.07000700000003235,have,everything,R,NG,R,NG,internal
842.7051631611529,1565.6760983915244,2669.2418533297796,3.0330748679149075,3.6113679210855385,4.491818778491227,6230.7692307692305,0.0002784719173005182,654.7612375034014,0.04100000000000001,0.3306451612903227,1-0-1083-1,ae,UT_003,003,2,fave,207.73558321194272,58.708614919789575,5,that,1,0.10003599999993185,read,and,DH,T,DH,T,internal
893.8087484398594,1644.6203942321117,3037.554438608437,3.620298262060126,3.150531337933126,3.7423078804632146,6410.25641025641,8.823542702863656e-6,668.4808431723357,0.025,0.33783783783783783,1-0-1113-1,ae,UT_003,003,2,fave,201.13846698092368,55.9672544961178,5,that,1,0.05004800000006071,and,one,DH,T,DH,T,internal
686.1682611844195,1552.7055098853282,2939.803533745104,3.1924184715928883,3.1397324644515323,3.8712979413921236,6230.7692307692305,1.3495313441971102e-6,670.9208451723357,0.025,0.33783783783783783,1-0-1123-1,ae,UT_003,003,2,fave,215.5862576886515,61.447080560849464,5,that,1,0.0500489999999445,was,one,DH,T,DH,T,internal
693.3052311376377,2308.1220429028313,2960.1722736569673,3.406237378507792,3.884171305624828,3.9923284208211802,6410.25641025641,0.00029496966665698966,674.1208471723355,0.045,0.3358208955223881,1-0-1133-1,ae,UT_003,003,2,fave,190.0916579938013,49.95990003692404,5,fantasy,1,0.11004700000000867,"","",F,N,F,N,internal
830.1224441273994,1773.6900709456554,2473.915679307847,2.8834756067240996,3.861533207906263,4.367175309588898,6230.7692307692305,0.00018159524941595935,723.9978738344671,0.047,0.3263888888888889,1-0-1192-1,ae,UT_003,003,2,fave,223.74408623905222,65.8266771058373,5,back,1,0.11999500000001717,is,when,B,K,B,K,internal
761.612556980031,2089.910566438312,3075.012137037788,3.8471585041258187,3.5223959196396333,4.059985744834207,6051.282051282051,0.012126639378427777,729.754834834467,0.141,0.33254716981132065,1-0-1216-0,ae,UT_003,003,2,fave,202.8773205194172,51.47294187511515,5,and,1,0.40002400000003036,"","",#,N,"",N,initial
883.2267881273856,1609.5124712635964,2380.9143774012737,3.2368337281636426,3.511290248543696,4.113921941394288,6230.7692307692305,0.00008875275477512596,735.9128454965986,0.037000000000000005,0.324561403508772,1-0-1235-1,ae,UT_003,003,2,fave,180.04306651300317,55.47177377189034,5,past,1,0.08996600000000399,get,the,P,S,P,S,internal
798.7021419591362,1607.5409625935333,2376.321458701544,3.13662590560242,3.5841532969177305,4.046817152039722,6410.25641025641,0.0004780408660050627,736.6048474965987,0.04100000000000001,0.3306451612903227,1-0-1238-1,ae,UT_003,003,2,fave,NaN,46.4340822353055,5,chapter,1,0.09997599999996964,first,"",CH,P,CH,P,internal
786.6221346621428,1542.2802241735765,2157.40739044489,3.0929211805476835,4.060230833506337,4.331906554831332,6589.74358974359,0.001016938566435279,741.1648454965987,0.04100000000000001,0.3306451612903227,1-0-1255-1,ae,UT_003,003,2,fave,187.53510169955243,54.32004292832724,5,chapter,1,0.09997600000008333,first,that,CH,P,CH,P,internal
703.684481318125,1838.5910871750687,2880.5356014228837,3.1886954078143956,3.417278209820346,3.9040824210825447,6410.25641025641,0.0005259991237845183,741.5598718344672,0.051000000000000004,0.3311688311688312,1-0-1256-1,ae,UT_003,003,2,fave,514.007982330036,54.74105979612857,5,that,1,0.13000499999998283,chapter,"",DH,T,DH,T,internal
739.2053499936046,1954.8870530122406,2923.3959997810975,3.3442902401363086,3.65348765499459,4.005972558768211,6589.74358974359,0.00011390677267691281,742.5561718344671,0.027000000000000003,0.32142857142857145,1-0-1259-1,ae,UT_003,003,2,fave,205.49290788832272,56.979061758480064,5,had,1,0.05999799999995048,i,to,HH,D,HH,D,internal
781.8482551811579,1706.7245054573189,2515.259180143887,2.919735741304475,3.7852609210589705,4.19958112878587,6410.25641025641,0.0003356515037554107,743.0151351723356,0.045,0.3358208955223881,1-0-1262-1,ae,UT_003,003,2,fave,187.25014230423074,54.939630874432204,5,back,1,0.1100459999998975,come,and,B,K,B,K,internal
782.2555180389057,1824.6946817107578,2601.8160327599785,2.9998259434805292,3.5732315112245097,4.22104534380952,6410.25641025641,0.0006303707799736605,745.2551634965987,0.045,0.3358208955223881,1-0-1269-1,ae,UT_003,003,2,fave,256.32190100491863,61.26018365103967,5,chapter,1,0.10998499999993783,first,"",CH,P,CH,P,internal
751.1633398784097,1673.1892489548957,2109.3770750901026,3.115537403824952,3.9026261976924204,4.059867981992233,6410.25641025641,0.0000391604347655323,756.9125335034013,0.035,0.3365384615384616,1-0-1297-2,ae,UT_003,003,2,fave,197.70235491808728,58.88053816589242,5,grab,1,0.080016999999998,couldn't,my,R,B,R,B,internal
773.7929491462046,1800.4501811262994,2616.6233224238727,3.174599161177642,3.5397132996599856,4.057952312825887,6230.7692307692305,0.0003811144705504363,764.7357238344671,0.031,0.32978723404255317,1-0-1329-1,ae,UT_003,003,2,fave,353.31240424263336,69.41035194795954,5,that's,1,0.07000700000003235,like,my,DH,T,DH,T,internal
800.87813746154,1746.8443141578355,2873.3745177715555,3.1976466813881466,3.48728556011072,3.8115564981751717,6410.25641025641,0.000022706817597992868,765.7137648344672,0.027000000000000003,0.32142857142857145,1-0-1332-1,ae,UT_003,003,2,fave,291.1094611826292,62.190323883367036,5,that's,1,0.05999799999995048,"",my,DH,T,DH,T,internal
699.1886899320435,2238.213745094943,2983.9739358470993,3.799755116828596,3.5882674428117354,4.036809956975784,7307.692307692308,0.0013620635646338047,766.0927521723355,0.085,0.3346456692913386,1-0-1334-1,ae,UT_003,003,2,fave,181.21800909712482,56.33148826908859,5,jam,1,0.23004100000002836,my,"",JH,M,JH,M,internal
816.9310578526724,1619.1665885716804,2597.322447776053,3.2464695876343415,3.60946975847013,4.242885170388806,6230.7692307692305,0.00017134179004065728,769.9327315034013,0.045,0.3358208955223881,1-0-1351-1,ae,UT_003,003,2,fave,191.46786940387184,55.585974975961136,5,that,1,0.11004700000000867,into,as,DH,T,DH,T,internal
752.6316272505729,1741.3425349841386,2771.2606555384605,3.146245206594434,3.4209604007001047,3.802194762443219,6410.25641025641,0.00018809650683649168,770.0757451655329,0.031,0.32978723404255317,1-0-1352-0,ae,UT_003,003,2,fave,212.9452252305112,56.47323404308111,5,as,1,0.07000700000003235,that,a,#,Z,T,Z,initial
798.4261869781283,1651.006026824814,2903.9175089332666,3.7773623454005167,3.793144977145543,4.235200565932015,6410.25641025641,0.0023178319613852806,776.1187684965986,0.057,0.3275862068965517,1-0-1372-1,ae,UT_003,003,2,fave,171.00430474834627,46.269172618315245,5,half,1,0.14996300000007068,a,to,HH,F,HH,F,internal
791.1916527119336,1703.5200409963036,2568.0879706843,3.2636839690256165,3.41834097855972,4.052723543279224,6230.7692307692305,0.0003668963841662394,783.067740834467,0.035,0.33653846153846156,1-0-1400-1,ae,UT_003,003,2,fave,211.80992637027242,63.33065642079574,5,back,1,0.080016999999998,it,on,B,K,B,K,internal
822.1493006211407,1684.363408680044,2338.74688025784,3.143040553036493,3.994210129417143,4.223722273917951,6051.282051282051,0.0006387165871773551,799.2891588276644,0.035,0.3365384615384616,1-0-1430-1,ae,UT_003,003,2,fave,208.38232120451664,53.835403935324265,5,chapters,1,0.07995599999992464,"",of,CH,P,CH,P,internal
572.0326079827752,1983.0112761705448,2830.08600431647,3.3981451709766266,3.6425415661545455,4.196633888254695,6589.74358974359,0.004765348463494474,815.0651291655329,0.047,0.3263888888888889,1-0-1459-1,ae,UT_003,003,2,fave,307.12235166463404,55.04503509906564,5,yeah,1,0.11999500000001717,"","",Y,#,Y,"",final
679.6991325055131,1739.9833653975186,2558.0372107468406,3.1816475581412598,3.608035884653646,3.7981762754202193,6230.7692307692305,0.00022689243543850917,816.7827361723355,0.047,0.3263888888888889,1-0-1462-1,ae,UT_003,003,2,fave,223.37739381685924,53.09662107111642,5,yeah,1,0.12005599999997685,yeah,"",Y,#,Y,"",final
787.1748845799661,2053.788391978056,3002.0975767226473,3.455655310450282,3.695981859375503,4.0045702131251755,6410.25641025641,0.0004285950638269763,828.324768165533,0.031,0.32978723404255317,1-0-1467-0,ae,UT_003,003,2,fave,NaN,39.84231984493761,5,and,1,0.07000699999991866,"",i,#,N,"",N,initial
1008.1854452101127,1750.3275394455395,2733.2240116392236,4.147978214698885,3.654528495529163,4.015562378805308,6051.282051282051,0.0120118859891162,829.0117611655329,0.045,0.3358208955223881,1-0-1471-1,ae,UT_003,003,2,fave,307.5949806258737,51.24621679475858,5,has,1,0.10998500000005151,it,been,HH,Z,HH,Z,internal
736.0890251824835,1827.565736684598,2597.2077229066576,3.0539971648019937,3.4397780687857877,4.14208577806115,6230.7692307692305,0.00018955210393682963,833.5497405034015,0.061000000000000006,0.3315217391304348,1-0-1483-1,ae,UT_003,003,2,fave,201.2123464276582,62.563471897449844,5,yeah,1,0.160033999999996,but,i,Y,#,Y,ay,final
681.3391266389565,1917.2358044696205,2552.925803472582,2.8627556661466724,3.797611254587922,4.207865021558452,6410.25641025641,0.0007047133574428378,837.6117361655329,0.045,0.3358208955223881,1-0-1502-1,ae,UT_003,003,2,fave,6730298.9118760545,52.153728389874985,5,chapter,1,0.10998600000004899,a,"",CH,P,CH,P,internal
809.5178864052066,1682.587745285065,2824.274317177925,2.972327455995351,3.5127079404386,3.9073740490924154,7128.205128205128,0.00013938243648954803,860.536860165533,0.04100000000000001,0.3306451612903227,1-0-1528-1,ae,UT_003,003,2,fave,265.60752362546606,66.18958892583863,5,that's,1,0.09997599999996964,well,what,DH,T,DH,T,internal
913.3136893366056,1731.0944520566807,2717.992847898284,3.6259603249543715,3.5080018861275946,4.341190141609529,6589.74358974359,0.0007458331781764497,863.1148624965987,0.057,0.3275862068965517,1-0-1541-0,ae,UT_003,003,2,fave,168.59132272582792,50.783184598069184,5,at,1,0.149962999999957,"","",#,T,"",T,initial
693.8041808091364,2182.5113330247923,2993.5513583964607,3.374761356501182,3.52590794969161,4.092815228992789,6230.7692307692305,0.00037775513681327747,868.6880384965987,0.040999999999999995,0.33064516129032256,1-0-1571-1,ae,UT_003,003,2,fave,NaN,42.76266653643472,5,hand,1,0.09997600000008333,my,on,HH,N,HH,N,internal
763.4502515054497,1476.068272087543,2652.1028449703545,3.5225696471115286,4.230105259148718,4.554461194041349,6230.7692307692305,0.005480472922449492,872.4180365034014,0.04100000000000001,0.3306451612903227,1-0-1581-4,ae,UT_003,003,2,fave,NaN,48.36088457757642,5,nostalgic,1,0.10003599999993185,very,to,T,L,T,L,internal
733.5081425133194,1344.3862762860447,2894.9117029092927,3.2664132314209273,3.556004268020927,3.9407521299079855,5512.820512820513,0.0013018510278310228,877.5060278344671,0.097,0.3299319727891156,1-0-1596-1,ae,UT_003,003,2,fave,159.00866887208517,50.11356782072724,5,yeah,1,0.270020000000045,"","",Y,#,Y,"",final
790.9161157849181,1655.5232809584404,2700.488018492751,3.350617750942696,3.9133981067986823,4.2856241891846105,6589.74358974359,0.002718215604548939,901.1909748344672,0.051000000000000004,0.3311688311688312,1-0-1598-1,ae,UT_003,003,2,fave,324.0509841769432,62.32218119845805,5,yeah,1,0.13000499999998283,"","",Y,#,Y,"",final
827.4167419648383,1464.231033124012,2497.002733816831,3.0474161135546063,3.3481015268067,3.854837275713325,6410.25641025641,0.000011056792199543529,911.4889671655329,0.027000000000000003,0.32142857142857145,1-0-1639-1,ae,UT_003,003,2,fave,8221.351696558793,58.343629333361015,5,happens,1,0.059996999999953005,what,"",HH,P,HH,P,internal
776.0220613243919,1952.4885903988816,2970.1667565709045,3.3530340636897855,3.4956675240059605,3.957206472470094,6948.717948717948,0.0012725094884215899,912.5720481655329,0.127,0.3307291666666667,1-0-1641-0,ae,UT_003,003,2,fave,249.65795400409058,65.66671080332108,5,and,1,0.3599850000000515,"","",#,N,"",N,initial
639.0762947397948,1606.7641902540972,2097.748978861598,3.2465379314901495,4.260029231323152,4.111344908885481,6230.7692307692305,0.00003883615349926335,918.1620678344672,0.027000000000000003,0.32142857142857145,1-0-1669-2,ae,UT_003,003,2,fave,234.35644660290794,57.45278681238728,5,grandma,1,0.05999799999995048,to,and,R,M,R,M,internal
636.6310719635873,1778.973695671587,2097.4906873274895,3.3325100628772963,3.869294540017074,4.198490844109673,6589.74358974359,0.00012453730886709106,918.5440728344671,0.031,0.32978723404255317,1-0-1671-2,ae,UT_003,003,2,fave,222.98212650463734,54.88521969032481,5,grandpa,1,0.07000800000002982,and,"",R,M,R,M,internal
777.9695218523609,1721.0719797026547,2174.7002128157883,3.281149025681612,3.8232702131270435,4.276303458471665,6230.7692307692305,6.846176713852522e-6,936.4922688344672,0.027000000000000003,0.32142857142857145,1-0-1743-2,ae,UT_003,003,2,fave,274.2864511092428,64.54195749176914,5,grandma's,1,0.059996999999953005,"",giving,R,M,R,M,internal
744.1910658521397,1791.8094895672907,2804.7458162121166,3.3103122763423443,3.409443165820954,3.624596303609605,6230.7692307692305,0.00012911482546328523,938.5762305034013,0.035,0.3365384615384616,1-0-1748-0,ae,UT_003,003,2,fave,263.28109438703024,64.06284798808808,5,and,1,0.080016999999998,"","",#,N,"",N,initial
609.5758073862912,2549.5923600504343,2939.78632055487,3.541995246641572,3.9202092148409173,4.2804171052940525,6589.74358974359,0.0033599195550143967,942.1972608344671,0.07700000000000001,0.3290598290598291,1-0-1762-0,ae,UT_003,003,2,fave,191.32597069214177,53.27525322676209,5,aunt,1,0.21002199999998084,my,my,#,N,ay,N,initial
734.8014287692055,2158.221015338113,2861.2080392156604,3.755846326598134,3.764657854467459,3.901425334361808,6230.7692307692305,0.00010121766020270104,942.5292425034013,0.04100000000000001,0.3306451612903227,1-0-1764-0,ae,UT_003,003,2,fave,203.5318561318813,55.824456730919735,5,aunt,1,0.10003700000004301,my,looks,#,N,ay,N,initial
835.5851181013302,1726.5214330529557,2903.0828636519213,3.7378205505560813,3.47202248939254,4.2238255557621205,6230.7692307692305,0.00015158769406826555,948.7342588344671,0.031,0.32978723404255317,1-0-1792-2,ae,UT_003,003,2,fave,208.56868517859454,55.62631365111521,5,plant,1,0.07000699999991866,should,one,L,N,L,N,internal
746.1190884695109,1505.6721684448537,2748.0635220934378,3.1076448503207383,3.8229961462358615,4.130703130344536,6410.25641025641,0.0000605687506188786,955.3259421655329,0.027000000000000003,0.32142857142857145,1-0-1825-0,ae,UT_003,003,2,fave,NaN,48.53777614107852,5,after,1,0.05999700000006669,stuff,stuff,#,F,F,F,initial
608.6715335126992,2245.1376909744017,3000.25859502886,3.4501641154843887,3.987345332659724,3.848389133872497,6410.25641025641,0.002581245118613931,957.8349364965986,0.045,0.3358208955223881,1-0-1836-0,ae,UT_003,003,2,fave,142.22882781461723,47.7881676846663,5,aunt,1,0.10998500000005151,my,she's,#,N,ay,N,initial
721.0059070735944,2367.9569028224328,2963.961413672632,3.499727185377305,3.939582736851402,3.9709510276188005,6410.25641025641,0.00004117386811362972,959.3479668344671,0.031,0.32978723404255317,1-0-1845-0,ae,UT_003,003,2,fave,203.1668430621374,52.60122187874389,5,and,1,0.07000800000002982,me,i,#,N,iyF,N,initial
686.1850875128229,1890.1552095623297,3247.763737232779,3.5526713018285245,3.5674597919745725,3.631865202951294,6230.7692307692305,0.000010987531771681905,969.1849441723357,0.025,0.33783783783783783,1-0-1896-0,ae,UT_003,003,2,fave,131.66258263502826,53.629260291811235,5,and,1,0.0500489999999445,"",now,#,N,"",N,initial
746.7455252623038,1630.5203654606994,1962.052452343082,3.356600692069845,3.934756035833678,3.9486096607110657,5512.820512820513,0.000029671288717904633,969.7959741655329,0.027000000000000003,0.32142857142857145,1-0-1898-2,ae,UT_003,003,2,fave,280.4193255571551,62.861331142061914,5,grandpa's,1,0.059996999999953005,now,showing,R,N,R,N,internal
761.3897728389676,1746.5808943813718,2129.3243084153737,3.2962035989850706,4.132626525815534,3.607500493245187,5692.3076923076915,0.000038163346754919626,971.0579278344671,0.031,0.32978723404255317,1-0-1902-2,ae,UT_003,003,2,fave,272.5721263937323,65.16008473671276,5,grandfather,1,0.07000799999991614,your,clock,R,N,R,N,internal
687.1855210927081,1900.5453119691247,2703.209975791739,3.744693565301815,3.464686615307323,4.138833827446396,6230.7692307692305,0.003880812647332848,973.9509285034013,0.07700000000000001,0.3290598290598291,1-0-1912-1,ae,UT_003,003,2,fave,318.5045589417683,55.14236831449558,5,yeah,1,0.21002200000009452,like,"",Y,#,Y,"",final
648.7395240575636,2034.7884945697595,2703.978970769118,3.850908322200554,3.72238503709899,4.290280035979626,5692.3076923076915,0.0010619337039222405,980.4296475034014,0.037000000000000005,0.324561403508772,1-0-1942-1,ae,UT_003,003,2,fave,320.6283578554289,45.76631882189841,5,yeah,1,0.09002699999996366,like,he's,Y,#,Y,HH,final
711.1707070260078,2612.7066993985236,3155.7754728811346,3.5093066941263364,4.111578528612939,3.6154450814100367,6410.25641025641,0.0011749095541592148,982.1236361723355,0.085,0.3346456692913386,1-0-1950-1,ae,UT_003,003,2,fave,244.43483174372935,57.87184557010461,5,hands,1,0.23004100000002836,guy's,he,HH,N,HH,N,internal
699.8638945024865,1933.3963464923943,2672.9427431498057,3.106584886973725,3.6050692066922534,3.8938674350518028,6230.7692307692305,0.0001427849361286666,982.5486368344671,0.035,0.33653846153846156,1-0-1952-1,ae,UT_003,003,2,fave,227.03271367794045,57.564572661189594,5,had,1,0.080016999999998,he,those,HH,D,HH,D,internal
615.76326356666,2398.681892797208,3129.4612080057395,3.804423888163857,3.8223434604666258,3.932662148759721,6230.7692307692305,0.0006577557359427059,983.3236444965986,0.045,0.3358208955223881,1-0-1955-1,ae,UT_003,003,2,fave,199.72409770034525,52.66741687059837,5,hands,1,0.10998600000004899,worker's,he,HH,N,HH,N,internal
791.3969857483555,1650.0102834144202,2755.5100096336078,3.582904654302811,3.7344364968323394,4.771985073377425,6230.7692307692305,0.00039384270303596895,984.1546771655329,0.027000000000000003,0.32142857142857145,1-0-1960-1,ae,UT_003,003,2,fave,45.81516149276146,48.74995841490301,5,that,1,0.05999799999995048,taken,clock,DH,T,DH,T,internal
724.4165802967013,1545.0203538454243,2265.8834762321217,3.1100678661522054,3.9497114325424114,4.391254469599864,6230.7692307692305,0.0011402251394843279,985.0786658344671,0.035,0.33653846153846156,1-0-1966-1,ae,UT_003,003,2,fave,NaN,49.24628875644296,5,back,1,0.080016999999998,it,together,B,K,B,K,internal
863.327946229039,1489.6121753041916,2606.56230468437,3.794989169794158,4.169650137354963,4.663278584048642,6230.7692307692305,0.009267139751325423,986.8046311655329,0.047,0.3263888888888889,1-0-1972-2,ae,UT_003,003,2,fave,193143.60982484985,48.909707771822866,5,flat,1,0.11999500000001717,seconds,"",L,T,L,T,internal
729.1347185228803,1779.6529418582277,2709.1958653731594,2.9268263580022706,4.0769987678684965,4.605524396200271,6769.2307692307695,0.0013359334133470119,991.1316495034015,0.061000000000000006,0.3315217391304348,1-0-1990-1,ae,UT_003,003,2,fave,224.43835655134322,64.72142015536218,5,dad,1,0.160033999999996,the,that,D,D,D,D,internal
906.7908581255031,1623.9989725630892,2487.5833290039727,3.230612826354001,3.7677821777216787,4.074808584894603,6230.7692307692305,0.000266138668447125,1006.5536664965987,0.085,0.3346456692913386,1-0-2045-1,ae,UT_003,003,2,fave,225.38884025295795,60.79078607864231,5,passed,1,0.22998099999995247,have,and,P,S,P,S,internal
660.604974486193,1879.6870877435895,2989.5393814128256,3.1107175266728495,3.389186331028639,3.5768628015361887,6410.25641025641,0.00018404558536521288,1008.8337721655329,0.065,0.33505154639175255,1-0-2052-1,ae,UT_003,003,2,fave,238.69818415140753,59.30425504085546,5,that,1,0.169983000000002,things,"",DH,T,DH,T,internal
775.3558742644855,1550.4161514424002,2555.479522409282,3.5229334248123014,3.594230109747068,3.9182939968736985,6051.282051282051,0.0008643250672362848,1016.8817425034013,0.121,0.33241758241758235,1-0-2086-0,ae,UT_003,003,2,fave,217.0948738128779,52.972304910557526,5,at,1,0.34002700000007735,you're,"",#,T,R,T,initial
868.4913019879286,1645.2112751988755,2635.3696129813247,3.712452861805829,3.654068244190036,4.527695960352442,6230.7692307692305,0.004031965489949663,1024.2117624965988,0.08099999999999999,0.3319672131147541,1-0-2120-1,ae,UT_003,003,2,fave,193.7567325941408,51.13892783410964,5,that,1,0.21996999999987565,in,"",DH,T,DH,T,internal
726.6365854976782,2249.0327457617855,3104.923373585238,3.2271506862878048,3.592202517099872,3.944112424413258,6230.7692307692305,0.0003761372805844782,1024.4937958276644,0.065,0.3350515463917526,1-0-2122-0,ae,UT_003,003,2,fave,195.87529489412063,50.44291394662153,5,and,1,0.16992099999993115,"",in,#,N,"",N,initial
704.0172612108847,1908.2848804569232,3038.476124993806,3.3051308542220377,3.0770780202089414,3.60146873532917,6410.25641025641,0.000059669386296698474,1031.0347601723356,0.027000000000000003,0.32142857142857145,1-0-2145-0,ae,UT_003,003,2,fave,211.27948055922624,57.805986965810426,5,at,1,0.06005900000013753,someone,the,#,T,N,T,initial
979.0327756153221,1610.2933454192962,2644.5271535953557,3.696838966111713,4.09769681517506,4.441573583751799,6410.25641025641,0.0057402380172574576,1042.1186295034013,0.101,0.3322368421052631,1-0-2189-1,ae,UT_003,003,2,fave,295.6692882787923,55.63449068536198,5,yeah,1,0.2800290000000132,like,"",Y,#,Y,"",final
690.4100193418875,1650.1956646757933,2559.7140590618105,3.5158613938932954,3.7658081323765376,4.211086480238995,6410.25641025641,0.0029827775897513726,1052.600628165533,0.045,0.3358208955223881,1-0-2231-1,ae,UT_003,003,2,fave,207.10442117389434,53.661525427749964,5,that,1,0.10998500000005151,who,is,DH,T,DH,T,internal
614.367707708829,1908.3360150200251,2875.225221108367,3.699792767032906,3.544705781077684,3.9538186479193427,6230.7692307692305,0.003204715969506461,1056.531682165533,0.047,0.3263888888888889,1-0-2249-0,ae,UT_003,003,2,fave,210.27666464747418,49.95789911348107,5,and,1,0.11999500000001717,"",it's,#,N,"",N,initial
612.5358847081984,2203.342138619905,2791.010910023842,3.3608961859776287,3.6821921635660915,3.768636517203298,6230.7692307692305,0.0003767402458770495,1068.6283388344673,0.055,0.33536585365853655,1-0-2291-1,ae,UT_003,003,2,fave,201.1032642795318,52.16941269907923,5,family,1,0.1400149999999485,my,it's,F,M,F,M,internal
827.1654741524525,1762.3603143768105,2992.530847515348,3.8217359696134254,3.1045969134011515,4.097713763040967,6410.25641025641,2.903450952609909e-6,1070.6933005034016,0.025,0.33783783783783783,1-0-2303-2,ae,UT_003,003,2,fave,191.2326337901299,51.49186780253,5,plant,1,0.0500489999999445,gonna,a,L,N,L,N,internal
661.4541035826633,1791.8573107701643,2833.0782358661845,3.218666354718524,3.188995590021383,3.720818420734186,6230.7692307692305,0.00034419822464145674,1071.7033841587302,0.065,0.3350515463917526,1-0-2307-1,ae,UT_003,003,2,fave,183.3876586544027,52.25308772294912,5,that,1,0.16992200000004232,or,"",DH,T,DH,T,internal
825.5865211443847,1587.3712583755917,2597.96879578781,3.026049048410314,3.7066840585887775,4.287973645428611,6230.7692307692305,0.0007497932048993784,1073.0013124965988,0.08099999999999999,0.3319672131147541,1-0-2313-1,ae,UT_003,003,2,fave,193.01548944811677,57.527291322846295,5,that,1,0.21997099999998682,or,but,DH,T,DH,T,internal
514.9436001575499,2404.1863412336593,2920.2422242470934,3.287333399980169,3.675860271809958,4.312797593695201,6230.7692307692305,0.001141382098661425,1074.6093188344673,0.057,0.32758620689655177,1-0-2320-1,ae,UT_003,003,2,fave,237.20858971184583,60.86190654608083,5,family,1,0.15002499999991414,my,"",F,M,F,M,internal
814.3565724286761,1676.3473466935143,2747.0047727346564,2.866850715514647,3.3803134665919568,3.928477307130308,6230.7692307692305,0.000030011718817251264,1079.8163948276642,0.031,0.32978723404255317,1-0-2343-1,ae,UT_003,003,2,fave,210.16558653691027,59.38202246259049,5,have,1,0.06994600000007267,like,no,HH,V,HH,V,internal
781.7568514050514,1774.2316942664872,2763.6225565887785,3.3428030419729016,3.4351567610374487,3.965975419494047,6230.7692307692305,0.000991221354446872,1082.1033225102042,0.085,0.3346456692913386,1-0-2352-1,ae,UT_003,003,2,fave,-10080.631303351263,44.32748109665462,5,yeah,1,0.23010199999998804,"","",Y,#,Y,"",final
592.2113797134689,2207.865308320839,2809.757774147494,3.446736754139941,4.429630990931399,4.423165922222049,6230.7692307692305,5.566068815139832e-6,1124.4533161723355,0.025,0.33783783783783783,1-0-2488-1,ae,UT_003,003,2,fave,306.6693112747599,60.8585359010272,5,tarot,2,0.0500489999999445,to,readings,T,R,T,R,internal
822.6266144088729,1626.8234263457637,2777.683992597166,3.56315347792755,3.5468291105438126,3.8755242478703744,6410.25641025641,0.0003753042080541772,1126.4133735034015,0.065,0.3350515463917526,1-0-2494-1,ae,UT_003,003,2,fave,208.60915402891396,61.361532989016695,5,have,1,0.17004399999996167,don't,because,HH,V,HH,V,internal
624.4307225691143,1974.7514899093862,2924.3203985328664,3.000896783042202,3.1300136219987613,3.5971080703648424,6230.7692307692305,3.4719957885146224e-6,1128.6133445034015,0.025,0.33783783783783783,1-0-2499-0,ae,UT_003,003,2,fave,222.98511946260174,58.547149216199664,5,am,1,0.0500489999999445,"",getting,#,M,"",M,initial
803.4921330167617,1611.9808927880117,2922.8871110274977,3.5198067091685084,3.468844800600779,4.5290955511232465,6230.7692307692305,0.0005863621792358981,1132.9863238344672,0.051000000000000004,0.3311688311688312,1-0-2518-1,ae,UT_003,003,2,fave,198.5661790308463,55.267869710023305,5,that,1,0.13000499999998283,to,as,DH,T,DH,T,internal
720.6411757221668,1749.791095590283,2855.6693873231166,3.266866678664611,3.1234873187818266,3.57315912544802,6230.7692307692305,0.00011789935873534338,1133.1463508276643,0.031,0.32978723404255317,1-0-2519-0,ae,UT_003,003,2,fave,106.9765118189204,52.93042252651952,5,as,1,0.06994699999995646,that,well,#,Z,T,Z,initial
963.9661233347176,1809.1510219075233,2629.768043429702,3.939282281305422,3.7701481933945424,4.130312749861188,6769.2307692307695,0.0015224009279876406,1142.563396165533,0.045,0.3358208955223881,1-0-2552-1,ae,UT_003,003,2,fave,294.54845632656156,63.57607416736213,5,have,1,0.1099859999999353,i,had,HH,V,HH,V,internal
829.5457973487311,1653.3825419032435,2467.9299226710546,3.0483113335182037,3.499816102664829,4.387362703467713,6589.74358974359,0.00010990131943084312,1142.7983814965987,0.035,0.33653846153846156,1-0-2553-1,ae,UT_003,003,2,fave,241.53686704314876,66.39793433652909,5,had,1,0.07995600000003833,have,one,HH,D,HH,D,internal
622.9684068845718,2007.3512926983008,2766.4437401061546,3.1602320312727565,4.010809186659538,3.8352521884786146,6230.7692307692305,2.193542741248683e-6,1151.2859515034015,0.025,0.33783783783783783,1-0-2579-1,ae,UT_003,003,2,fave,306.19739793853597,50.54672865715899,5,yeah,1,0.0500489999999445,"","",Y,#,Y,"",final
764.3849500700412,1658.7846620103526,2609.4377753904278,3.2220475490005263,3.7401807544911994,3.8687458808741,6410.25641025641,0.00013604987234532755,1160.8909118344673,0.055,0.3353658536585366,1-0-2610-1,ae,UT_003,003,2,fave,231.2489664539126,63.52847267356925,5,that,1,0.1400149999999485,that,was,DH,T,DH,T,internal
820.5502943108695,1717.0822496644705,2587.815905541317,3.1135810840669724,3.7632005766670096,4.385132549613227,6410.25641025641,0.0007701140755632696,1164.7189841655327,0.051000000000000004,0.3311688311688312,1-0-2623-2,ae,UT_003,003,2,fave,267.7532332366797,52.90197157169732,5,react,1,0.13000499999998283,they'll,and,iy,K,iy,K,internal
875.4901231313568,1555.1158140782281,2475.0866089909523,3.5217737869600927,3.7165765936873068,4.184640068726555,6230.7692307692305,0.0018025677238417432,1166.3819018344673,0.057,0.32758620689655177,1-0-2630-1,ae,UT_003,003,2,fave,193.81341470007783,51.63690975820696,5,that,1,0.15002499999991414,said,exact,DH,T,DH,T,internal
807.0837447188756,1580.2000846086653,2632.8323709930837,3.396602348478254,3.6461411572503373,4.329069284675816,6410.25641025641,0.0021269165315287277,1166.966984165533,0.047,0.3263888888888889,1-0-2631-3,ae,UT_003,003,2,fave,190.69046291824242,56.7908362247747,5,exact,1,0.11999500000001717,that,phrase,Z,K,Z,K,internal
787.9374807255978,1781.9472180540438,2862.7423982891687,3.1680143021152634,3.7230767373585314,3.8668953045610746,6589.74358974359,0.000060034491316469505,1174.6119155102042,0.037000000000000005,0.324561403508772,1-0-2656-1,ae,UT_003,003,2,fave,208.68018145243175,61.79101892174427,5,that,1,0.09008800000015071,"",tv,DH,T,DH,T,internal
650.080965967998,1913.172474041163,2879.8678170920634,3.1091199837469508,3.5058086552100742,3.885204006880015,6410.25641025641,0.000027629690794240423,1177.1591501723356,0.027000000000000003,0.32142857142857145,1-0-2666-0,ae,UT_003,003,2,fave,125.1740415124518,58.80613848280713,5,and,1,0.06005800000002637,"",she,#,N,"",N,initial
700.4065660878374,1673.6123974714612,2848.764430462605,2.937898241272962,3.2007235136772314,4.295547385348776,6769.2307692307695,0.000022654613215847028,1186.2581251723354,0.025,0.33783783783783783,1-0-2708-0,ae,UT_003,003,2,fave,258.11729485738795,63.39330963010881,5,and,1,0.0500489999999445,"",i'm,#,N,"",N,initial
791.544278889676,1616.7473392890538,2791.6654857179465,3.460236889146856,3.245747798186256,3.770678291865006,6410.25641025641,0.00008219375724027899,1187.2261854965984,0.04100000000000001,0.3306451612903227,1-0-2714-1,ae,UT_003,003,2,fave,228.81337216490405,65.6970781316577,5,that,1,0.09997599999996964,in,place,DH,T,DH,T,internal
680.5890400234034,1691.1971624163,2255.132551227792,3.263527479963514,4.020815344523827,4.1881205254246305,6589.74358974359,0.0004758893265276505,1195.5110991655326,0.051000000000000004,0.3311688311688312,1-0-2753-2,ae,UT_003,003,2,fave,221.94993166888463,61.69272025061608,5,dragonfly,1,0.13000400000009904,say,"",R,G,R,G,internal
876.685486562633,1548.388720016812,2500.978203957228,3.0241927688595385,3.867173053755233,4.3670466118365034,6230.7692307692305,0.0007857591926013969,1195.9911798276644,0.07100000000000001,0.3317757009345795,1-0-2755-0,ae,UT_003,003,2,fave,213.027995496577,56.82415544376908,5,and,1,0.18994199999997363,"",that,#,N,"",N,initial
796.9838277251297,1644.8606123682705,2844.6365696839584,3.780701374970431,3.7190966878260894,4.270626836246878,6051.282051282051,0.003964665687410933,1196.3281551723355,0.10500000000000001,0.3343949044585987,1-0-2756-1,ae,UT_003,003,2,fave,193.0818789424151,57.01163435599729,5,that,1,0.2900390000002062,and,"",DH,T,DH,T,internal
853.5260347298894,1786.1610212529495,2533.2777755495586,3.022555414687026,3.713406153761076,3.9338684045181966,6410.25641025641,0.00027672168699349525,1198.068157165533,0.045,0.3358208955223881,1-0-2761-0,ae,UT_003,003,2,fave,225.35961709431936,70.22786925620997,5,activated,1,0.10998600000016268,i've,a,#,K,V,K,initial
682.695036404864,1633.8231061587344,2733.2073118044827,3.1813406843787724,3.6163951934840117,3.776992181989659,6230.7692307692305,0.000032541751429382665,1220.04592084127,0.031,0.32978723404255317,1-0-2798-1,ae,UT_003,003,2,fave,218.62069989327654,58.189883785101124,5,that,1,0.07006900000010319,"",is,DH,T,DH,T,internal
665.370942046859,1842.0133812248503,3006.026960720943,3.364203049776097,3.537081301915873,3.7141460899269587,6769.2307692307695,0.00002058979515444122,1227.2839061723357,0.027000000000000003,0.32142857142857145,1-0-2825-0,ae,UT_003,003,2,fave,210.66205099210404,56.12183680856729,5,and,1,0.06005800000002637,"",then,#,N,"",N,initial
820.1346811560996,1560.5350262733375,2468.251607794014,3.0119806992912026,3.5662187852240788,4.08010315936149,6410.25641025641,0.000119742841272321,1234.216473165533,0.045,0.3358208955223881,1-0-2846-1,ae,UT_003,003,2,fave,192.99097893906597,61.063319353595894,5,back,1,0.10998500000005151,pull,at,B,K,B,K,internal
789.0751256597439,1553.3284652837917,3028.102404732544,3.3383599892484197,3.085576680822305,3.95681986330562,6410.25641025641,0.000052366913256559026,1237.4214284965988,0.035,0.33653846153846156,1-0-2859-1,ae,UT_003,003,2,fave,213.74199618099047,63.25273435001714,5,that's,1,0.07995600000003833,so,"",DH,T,DH,T,internal
899.8075827236019,1651.6837666805002,2594.1803774138016,3.657391931413655,3.8167354808143683,4.083331472529961,6410.25641025641,0.000884076384464572,1240.2644015034014,0.061000000000000006,0.33152173913043487,1-0-2865-0,ae,UT_003,003,2,fave,237.54840155632272,60.3580944645068,5,add,1,0.160033999999996,"",up,#,D,"",D,initial
615.065234965256,1936.5212557272903,2793.0709828536765,2.8118577047832214,3.701051717004973,4.061256189752112,6410.25641025641,0.00015945783364856094,1242.759395834467,0.051000000000000004,0.3311688311688312,1-0-2879-0,ae,UT_003,003,2,fave,201.56132035130497,56.80426498383779,5,at,1,0.13000399999987167,look,"",#,T,K,T,initial
735.0617401050047,1532.0929906130932,3029.0208619864625,3.3201108123943404,3.3426113161221056,3.4358770901624442,6410.25641025641,0.0012957310974588765,1251.0924714965986,0.037000000000000005,0.324561403508772,1-0-2901-1,ae,UT_003,003,2,fave,249.90298987829064,66.17163435790823,5,that,1,0.08996600000000399,"",would,DH,T,DH,T,internal
723.223333775452,1748.0339224351237,2837.1445806308084,3.3342183707500626,3.625357101094356,3.6351124483847705,6410.25641025641,0.000056293780975838305,1251.8494758276643,0.031,0.32978723404255317,1-0-2904-1,ae,UT_003,003,2,fave,236.68232619070665,62.45007085710022,5,that,1,0.06994699999995646,be,would,DH,T,DH,T,internal
760.1315976478444,1789.9660236697243,3104.296456234972,3.347076939734735,3.3790913667929106,3.9730293163950847,6230.7692307692305,0.000290507822882277,1254.0244375102043,0.040999999999999995,0.33064516129032256,1-0-2914-1,ae,UT_003,003,2,fave,189.86458286953723,53.43606243575598,5,than,1,0.100097999999889,fulfilling,"",DH,N,DH,N,internal
554.6327219215066,1694.7554057337074,2784.8673153980008,4.08596532613731,4.521757669034651,4.525583518232454,6230.7692307692305,0.04407662588011728,1263.657398834467,0.13899999999999998,0.33574879227053134,1-0-2925-1,ae,UT_003,003,2,fave,236.99776077307445,51.67840856204801,5,yeah,1,0.3900149999999485,"","",Y,#,Y,"",final
704.8155383527943,1936.2592684675935,2521.0509066727077,2.812261566447701,3.6678355249614616,3.773872024711532,6230.7692307692305,0.00005446907569105753,1265.0634648276641,0.031,0.32978723404255317,1-0-2927-1,ae,UT_003,003,2,fave,242.25440486118603,63.89985106776562,5,yeah,1,0.06994700000018383,"",i'm,Y,#,Y,ay,final
836.5974070650738,1697.2784974782353,2502.6702037705827,3.3056719865650326,3.890997779475142,3.8119519632221057,5871.794871794871,0.0003012407134988275,1265.6354458412698,0.035,0.3365384615384616,1-0-2930-1,ae,UT_003,003,2,fave,274.436243748264,61.74551096922979,5,passionate,1,0.08007799999995768,not,about,P,SH,P,SH,internal
855.4650650436095,1529.480280170073,2391.8154426761494,3.221669211420407,3.89903194922798,4.037033165633794,5871.794871794871,0.00029773857958609117,1267.811467165533,0.047,0.3263888888888889,1-0-2935-1,ae,UT_003,003,2,fave,289.44683920518895,63.38755541450029,5,passionate,1,0.11999500000001717,i'm,about,P,SH,P,SH,internal
704.2077988599783,1966.5867063093817,2390.5590276797275,3.147919076833706,3.863047524000525,4.276591167386235,6230.7692307692305,0.00019946273366420612,1344.4890488276644,0.035,0.3365384615384616,1-0-2946-2,ae,UT_003,003,2,fave,252.0619742737432,61.34554285121051,5,grandpa,1,0.07995699999992212,my,used,R,M,R,M,internal
668.6899975428904,2239.266295945487,3153.587793575784,3.431960845668579,3.5770987133703196,3.718614022473547,6410.25641025641,0.00015826289367526253,1350.0372755034016,0.065,0.3350515463917526,1-0-2955-1,ae,UT_003,003,2,fave,211.67995335370225,55.96684709272302,5,sang,1,0.17004399999996167,children,"",S,NG,S,NG,internal
841.6572526726986,1674.551050236057,2722.3844130008806,3.4838235960412756,3.7380791082312315,4.005398308105453,6230.7692307692305,0.001237858641113397,1350.627239165533,0.045,0.3358208955223881,1-0-2957-0,ae,UT_003,003,2,fave,216.6213279841193,54.11524699547569,5,at,1,0.10998600000016268,"",the,#,T,"",T,initial
936.8225804814718,1635.8956632256736,2456.314681456534,2.885506786440971,3.4868828661990467,3.9898233161005456,5871.794871794871,0.0004318348902937844,1351.0022398344672,0.055,0.3353658536585366,1-0-2959-1,ae,UT_003,003,2,fave,188.26787127033336,59.21106693111376,5,battle,1,0.1400149999999485,the,last,B,T,B,T,internal
882.0730425023085,1606.9766767583706,2522.179446554821,3.0427641922022124,3.5339578253145945,4.307974108649651,6230.7692307692305,0.00018431928173994125,1351.4383038344672,0.047,0.3263888888888889,1-0-2960-1,ae,UT_003,003,2,fave,185.09916408853272,58.81224405159315,5,last,1,0.11999500000001717,battle,week,L,S,L,S,internal
724.3470348988,1599.4376365163298,2789.230086761929,2.6853225699606913,3.1883221914269484,4.134448593310892,6410.25641025641,0.00002193912451035697,1367.7966948276642,0.027000000000000003,0.32142857142857145,1-0-2989-1,ae,UT_003,003,2,fave,118.22566056293864,59.41441965089371,5,that's,1,0.05993700000021818,loud,how,DH,T,DH,T,internal
784.4272691236964,1661.6518745634912,2390.546392181785,3.2967266314162456,4.100353536799216,3.977093304617997,6230.7692307692305,0.000682174918029738,1387.5312465034012,0.061000000000000006,0.3315217391304348,1-0-3037-2,ae,UT_003,003,2,fave,218.13430825456203,57.17072121265362,5,crab,1,0.160033999999996,hermit,needs,R,B,R,B,internal
875.9086501727262,1610.9081895943668,2657.6573890853224,3.4563406702079655,3.823549757944582,4.016947870995995,6230.7692307692305,0.0015662171017037222,1394.5532594965987,0.045,0.3358208955223881,1-0-3051-0,ae,UT_003,003,2,fave,211.4342306963305,56.917518642087494,5,after,1,0.10998500000005151,"",his,#,F,"",F,initial
694.5911961320289,2300.3732430194036,2943.1171171070127,3.4687465155246326,3.5769800803941987,3.7885579835109637,6410.25641025641,0.000062468361825103,1399.3312884965985,0.04100000000000001,0.3306451612903227,1-0-3056-1,ae,UT_003,003,2,fave,223.9142474562182,55.827927042463415,5,fantasy,1,0.09997499999985848,many,books,F,N,F,N,internal
656.2514706433806,2052.27070527193,2800.5980884679757,3.1629155696198343,3.5079099103641584,3.9941040196571236,6230.7692307692305,0.0000874450714216582,1424.063885165533,0.045,0.3358208955223881,1-0-3100-1,ae,UT_003,003,2,fave,216.3869776576672,57.59133394083831,5,rang,1,0.10998500000005151,"",a,R,NG,R,NG,internal
898.4675827704576,1585.5755595185522,2700.110106121601,3.6912549820871075,3.5409863252799605,4.263141627186191,6589.74358974359,0.0008196874854337439,1455.906245165533,0.040999999999999995,0.33064516129032256,1-0-3157-0,ae,UT_003,003,2,fave,234.30834968861762,60.42928856083867,5,acrobat,1,0.09997599999996964,the,"",#,K,@,K,initial
740.800172136912,1553.7890807537015,2440.0735883964767,3.16575051312383,3.7425182025642925,4.2719110774952,6410.25641025641,0.0006345433757176692,1456.2692381723357,0.067,0.3284313725490196,1-0-3157-5,ae,UT_003,003,2,fave,219.85434173601672,56.83105375472662,5,acrobat,2,0.18005300000004354,the,"",B,T,B,T,internal
672.6780347733818,2056.782491656699,3005.020853614161,3.1705978488863384,3.684780871242815,4.07118835529999,6230.7692307692305,0.00013954027430920462,1456.6392318344672,0.047,0.3263888888888889,1-0-3159-1,ae,UT_003,003,2,fave,228.25947140660952,59.059526922532854,5,landed,1,0.11999500000001717,"",near,L,N,L,N,internal
778.1708455130843,1742.4759372208382,2595.467190789388,3.4477643783645107,3.47632517662161,4.010140784420016,6410.25641025641,0.0006711192158808053,1479.9814904965986,0.07700000000000001,0.3290598290598291,1-0-3211-1,ae,UT_003,003,2,fave,215.11731358043468,59.93999594554483,5,dad,1,0.20996100000002116,my,climbed,D,D,D,D,internal
940.7536323046505,1624.8937236308798,2540.4594944606083,3.2943938491838685,3.873234984735972,4.3106348310553155,6410.25641025641,0.0011312416462949848,1480.970473489796,0.055,0.33536585365853655,1-0-3214-1,ae,UT_003,003,2,fave,195.37785242958245,59.124769380861686,5,ladder,1,0.13989300000002913,the,onto,L,D,L,D,internal
664.7840884439777,1973.5278218814583,3132.828567649727,3.126212488090054,3.4590077105096677,3.990443370190943,6230.7692307692305,0.0010001607683857447,1499.8453264965985,0.040999999999999995,0.33064516129032256,1-0-3237-0,ae,UT_003,003,2,fave,249.9285606511254,52.92334182435797,5,an,1,0.09997599999996964,"",author,#,N,"",N,initial
907.5121284401317,1742.838482643672,2591.1233755329113,3.5272385547860616,3.7294274735093893,3.863292543741556,6948.717948717948,0.0001607624525321681,1506.2233328344673,0.057,0.32758620689655177,1-0-3250-1,ae,UT_003,003,2,fave,204.28069300081296,58.537534940659455,5,latin,1,0.15002399999980298,spoke,in,L,T,L,T,internal
676.5544761469789,2410.9460670407666,3067.2468476197364,3.0450827147490447,3.8262380769942825,3.602765781345624,6230.7692307692305,0.00032547165194057864,1511.2533358276644,0.07700000000000001,0.3290598290598291,1-0-3258-1,ae,UT_003,003,2,fave,233.1426032491413,57.43004248678691,5,hands,1,0.20996100000002116,children's,"",HH,N,HH,N,internal
780.5829856799714,1565.246640756303,2680.806524339908,3.1627233936748596,3.455480617750587,4.011436255558996,6230.7692307692305,0.0000801093507887411,1529.579266165533,0.045,0.3358208955223881,1-0-3293-1,ae,UT_003,003,2,fave,212.29431152398354,59.23285006886282,5,last,1,0.10998500000005151,mountains,weekend,L,S,L,S,internal
846.9798831173186,1477.595567856483,2712.059194125454,3.691102686918227,3.713259364549606,4.436465280413841,6230.7692307692305,0.016404439094214105,138.49774683446714,0.057,0.32758620689655177,1-0-98-0,oh,UT_003,003,2,fave,124.73138211353188,43.24317196663071,5,auditory,1,0.15000899999998296,an,processing,#,D,N,D,initial
703.1411034515919,1212.3398478992883,2896.7491373776156,3.570572405275037,3.360166796933549,4.55206337551299,6589.74358974359,0.003809513685461482,301.0517431655329,0.087,0.32954545454545453,1-0-425-1,oh,UT_003,003,2,fave,218.9509671171445,58.96576815920826,5,hawed,1,0.23999000000003434,and,and,HH,D,HH,D,internal
791.9391958455633,1114.6012329843568,2960.439282253093,3.240356729777665,3.157439713192516,4.107446193830166,6230.7692307692305,0.0006119865400960019,303.3837658344671,0.091,0.3321167883211679,1-0-432-1,oh,UT_003,003,2,fave,153.54538148496744,57.359227816469804,5,long,1,0.25,too,"",L,NG,L,NG,internal
858.1588095030789,1210.0919494833176,3088.3179788725806,3.3977418984982566,3.2194842144439,3.9591982676689064,5871.794871794871,0.0002556589473087129,739.5338328344671,0.07899999999999999,0.3376068376068376,1-0-1248-1,oh,UT_003,003,2,fave,212.7027230436378,61.47797732764544,5,long,1,0.21002199999998084,so,to,L,NG,L,NG,internal
718.9168918913733,1114.8615174336253,3165.572169555769,3.3210658783479503,3.026209356006296,4.1960564965989064,5871.794871794871,0.00014323247174890903,1175.5819734965985,0.037000000000000005,0.324561403508772,1-0-2660-1,oh,UT_003,003,2,fave,225.77467113919684,63.287876086786746,5,long,1,0.08996600000000399,the,island,L,NG,L,NG,internal
594.1965724221599,1996.9326193356126,2968.723855373829,3.9282394172052366,4.320989234839653,4.616558454260475,7128.205128205128,0.014218717255352691,1375.4836395034013,0.061000000000000006,0.33152173913043487,1-0-3012-0,oh,UT_003,003,2,fave,246.0468080784556,51.84490679085491,5,alright,2,0.160033999999996,"","",#,L,"",L,initial
658.9060764128858,1500.101500655184,2950.6838107653316,3.5730303849078973,3.3257191140108957,4.003201711530955,6230.7692307692305,0.007684955963221284,1500.0383761655328,0.087,0.32954545454545453,1-0-3238-0,oh,UT_003,003,2,fave,260.32528295888613,53.0634396823417,5,author,1,0.23999000000003434,an,is,#,TH,N,TH,initial
493.7104098159497,863.8599060617641,3261.4400376088106,2.8492769490458274,2.909721403179686,3.7790749681823335,5692.3076923076915,0.00043354287452743824,1549.4452554965985,0.037000000000000005,0.324561403508772,1-0-3328-1,oh,UT_003,003,2,fave,234.1561030374726,62.90524495026191,5,lawyer,1,0.08996499999989283,the,brought,L,Y,L,Y,internal
667.027794072034,1549.9746427056039,2847.3720750871958,3.2937455182216997,3.3693365717384145,4.081390480024179,6051.282051282051,0.0001582469052983917,141.2817441655329,0.025,0.24038461538461545,1-0-103-1,owF,UT_003,003,2,fave,205.58946775712454,55.696029994061725,5,so,1,0.08000199999997903,"",i'm,S,#,S,ay,final
680.8666556069412,1340.8297639891425,2719.1556448492715,3.182005972017107,3.6557939293120283,4.186258848579199,5871.794871794871,0.0022202426582910535,175.20444883446712,0.10700000000000001,0.3767605633802817,1-0-156-1,owF,UT_003,003,2,fave,130.7307617752971,44.69453592716762,5,so,1,0.2600099999999941,"","",S,#,S,"",final
704.0126817523397,1206.906329736138,2872.204060035501,3.579200444136943,3.7963556639235945,4.351323936110361,5871.794871794871,0.009347870782970403,199.52774316553288,0.095,0.4439252336448598,1-0-220-1,owF,UT_003,003,2,fave,NaN,40.03893938033667,5,so,1,0.19000199999999268,"","",S,#,S,"",final
727.9171648230316,1493.3186452976329,3155.2632978866573,3.605088849777095,3.8906026540062877,4.026906453586673,6230.7692307692305,0.03967402866458472,215.4697481655329,0.219,0.2319915254237288,1-0-241-0,owF,UT_003,003,2,fave,318.90658515146004,53.78500128519533,5,oh,1,0.9199979999999925,"","",#,#,"","",coextensive
732.9123452013603,1581.1004450250684,2863.1849115428413,3.247608431062131,3.2536267222210498,4.1042922983997485,5871.794871794871,0.004736911382080078,226.10634983446712,0.025,0.08503401360544217,1-0-267-1,owF,UT_003,003,2,fave,-55.179706055801304,41.719349112670336,5,so,1,0.2700049999999976,"","",S,#,S,"",final
666.9075596070724,1486.2865033668747,2615.5389601240613,2.9751271360256215,3.550513717026105,3.8725806168347607,5692.3076923076915,0.00018188393239881612,240.5363521655329,0.025,0.20161290322580647,1-0-298-0,owF,UT_003,003,2,fave,127.4480377396944,52.59557205119402,5,oh,1,0.09999099999998862,"",it's,#,#,"",i,coextensive
664.7254985355767,1265.0494131796897,2578.47586509721,3.1089050800358637,3.6598185227259243,3.8010453654857472,6051.282051282051,0.003843688384868487,248.65634716553288,0.025,0.14367816091954022,1-0-324-0,owF,UT_003,003,2,fave,286.1009972464458,53.918875683007776,5,oh,1,0.14999400000002083,"","",#,#,"","",coextensive
690.9224487108852,1299.2054510865305,2661.4073754259744,3.2785437492197684,3.3566089306157023,4.173489785125275,6051.282051282051,0.02737703299244485,255.1333458344671,0.119,0.4507575757575757,1-0-345-1,owF,UT_003,003,2,fave,80.01020530484479,44.083994535604845,5,so,1,0.24000600000002237,"","",S,#,S,"",final
755.9649618895446,1552.8168295166104,2522.495207705204,3.6141281382850794,3.9420545168921914,4.616983873525749,5871.794871794871,0.011098530797734235,308.7147561655329,0.07300000000000001,0.4195402298850575,1-0-453-1,owF,UT_003,003,2,fave,166.3056622967244,42.96045273741836,5,know,1,0.14999400000004925,you,"",N,#,N,"",final
712.6163985054534,1172.3665559196572,2674.359346014466,3.189907928920039,3.3679684488692927,3.981654381424752,5871.794871794871,0.02145324607672776,315.7044561655329,0.155,0.46407185628742503,1-0-478-1,owF,UT_003,003,2,fave,-0.5774590290695805,46.61214159632782,5,so,1,0.3099980000000073,"","",S,#,S,"",final
709.1465988697796,1712.9559681824414,2986.452255828419,3.1032551170480756,3.352505581001151,4.016710392498894,6230.7692307692305,0.000755250508078427,345.35324316553294,0.03900000000000001,0.1666666666666667,1-0-513-1,owF,UT_003,003,2,fave,195.1386268279994,62.16641656696505,5,so,1,0.20999199999999973,"",building,S,#,S,B,final
838.4579045064218,928.7618109043979,1403.805260215239,3.5399198442324358,3.1911735369956498,4.073786741171765,3538.4615384615386,0.008537777484271368,357.0262418344671,0.025,0.12254901960784315,1-0-545-1,owF,UT_003,003,2,fave,269.6579635042793,40.96159497308913,5,so,1,0.1800230000000056,me,"",S,#,S,"",final
705.2594143083613,1591.8105633654184,2859.141197552965,3.5230441115881885,3.6110082380194313,4.062804788743196,5871.794871794871,0.03738298146442077,358.6062588344671,0.025,0.11682242990654207,1-0-555-1,owF,UT_003,003,2,fave,NaN,44.360173158944725,5,so,1,0.19000199999999268,"","",S,#,S,"",final
641.6121777718123,1437.6638814262153,2649.384898927738,3.3687798175050045,3.3484340492725506,3.8590524764052683,6051.282051282051,0.0008125255398722722,402.0046544965986,0.025,0.16233766233766234,1-0-607-1,owF,UT_003,003,2,fave,198.5915480507192,56.319314123147706,5,go,1,0.12997400000000425,would,twice,G,#,G,T,final
666.7246795384998,1769.0045507570069,2926.8237725532845,3.6068363925803237,3.5550629779238987,4.0857868797705725,5871.794871794871,0.00013901236145051184,405.4046541655329,0.025,0.24038461538461536,1-0-620-2,owF,UT_003,003,2,fave,193.57083899554775,52.72687405545001,5,snow,1,0.07998600000001943,"",canyon,N,#,N,K,final
601.8123067428397,1470.699987737139,2776.370778481094,3.4197488353954615,3.4775332258091614,4.156703787783531,6051.282051282051,0.00042950082586721216,407.4346588344671,0.025,0.20161290322580647,1-0-629-1,owF,UT_003,003,2,fave,198.24831381463738,49.17652262169695,5,so,1,0.10000600000000759,"",probably,S,#,S,P,final
618.0895461849647,1526.5309551147209,2715.784294755984,3.4010225584152307,3.6465418979880355,3.953574573212006,5692.3076923076915,0.00042491507722415924,414.4146388344671,0.025,0.18656716417910452,1-0-651-1,owF,UT_003,003,2,fave,196.46806662625255,48.090000598242916,5,go,1,0.11001600000003009,would,there,G,#,G,DH,final
777.2053926498096,1295.5573220903736,3205.5810646780164,3.652406217216825,3.26537515600445,3.8413180141244823,6589.74358974359,0.024080402943157806,430.0244408344671,0.025,0.03453038674033149,1-0-686-0,owF,UT_003,003,2,fave,267.13328856371584,55.75099309462051,5,oh,1,0.7000120000000152,"","",#,#,"","",coextensive
606.3211697392351,1256.9677089330787,2692.9297312224257,3.4510282747725523,3.3667109455189856,3.6936996336029937,5871.794871794871,0.00006804656653162591,437.2344571655329,0.025,0.26595744680851063,1-0-699-1,owF,UT_003,003,2,fave,234.50810295674918,59.89439338190195,5,go,1,0.06997700000005125,i'd,with,G,#,G,W,final
722.7417474909626,1707.013074417158,2964.066084673613,3.0975374216011864,3.5676772419453116,4.393436852492797,6410.25641025641,0.0004721041913732427,445.4474491655328,0.031000000000000003,0.2980769230769232,1-0-728-1,owF,UT_003,003,2,fave,179.43372532341513,46.52432894874023,5,know,1,0.07998600000001943,you,my,N,#,N,M,final
655.3353631215698,1305.1043882385993,2640.3113309718524,3.4204016627798204,3.368781981214572,4.035915239095591,5512.820512820513,0.019883141376060825,448.3114561655329,0.119,0.4507575757575757,1-0-737-1,owF,UT_003,003,2,fave,3265.649930891422,47.51638594246443,5,so,1,0.2399899999999775,[bracketed],"",S,#,S,"",final
681.6456058896893,1614.8689373689776,2720.0775565171407,3.428639809487952,3.6008430102988545,4.1883710184190726,6410.25641025641,0.04656192568513772,470.5595568344672,0.045,0.13081395348837208,1-0-758-1,owF,UT_003,003,2,fave,182.2941688015058,53.04571504896364,5,go,1,0.320007999999973,to,"",G,#,G,"",final
698.3140283633502,1406.4719012032633,2899.336431684553,3.2329287866643,3.7573674526605116,4.290523540793742,6230.7692307692305,0.03263040426611647,472.25454516553293,0.13499999999999998,0.45918367346938765,1-0-763-1,owF,UT_003,003,2,fave,178.95543426307864,49.23861063647587,5,so,1,0.2699890000000096,"","",S,#,S,"",final
725.9593177948483,1146.4447294543836,1713.026344907956,3.3895995548783007,4.033613765191464,4.081128739709899,4076.923076923077,0.009127476191572744,482.8242421655329,0.033,0.14102564102564102,1-0-799-1,owF,UT_003,003,2,fave,157.04447320591723,50.955549080116214,5,know,1,0.20999199999999973,you,"",N,#,N,"",final
716.8444852529497,1238.6360578211338,3080.9891173222545,3.498583302385858,3.967516351762336,4.1299695295760905,6051.282051282051,0.018669933976169163,486.77024183446713,0.125,0.45620437956204385,1-0-812-1,owF,UT_003,003,2,fave,242.5401655033745,43.0330424176303,5,so,1,0.25,"","",S,#,S,"",final
719.3026415295687,1476.1175919385464,2674.5582537158725,2.820402459817573,3.6414602176349606,3.674767361509304,5692.3076923076915,0.0007096491758941612,497.0902621655329,0.025,0.21929824561403513,1-0-830-1,owF,UT_003,003,2,fave,241.08258552131485,58.39111978527348,5,go,1,0.08999599999998509,i,hiking,G,#,G,HH,final
763.3647737346116,1431.431330050798,2897.7374842247636,3.498871348455665,3.8235722116825026,4.148437914918531,5871.794871794871,0.025396397286573606,498.9072601655329,0.099,0.44196428571428575,1-0-836-1,owF,UT_003,003,2,fave,205.33550567740863,42.36825116865975,5,though,1,0.19998200000003408,"","",DH,#,DH,"",final
702.5802819556515,1466.152348621777,2578.1501393897506,3.136894093914242,3.518008419616927,3.9520391483503556,6051.282051282051,0.00016013139340618094,500.1972428344671,0.03900000000000001,0.37500000000000006,1-0-843-1,owF,UT_003,003,2,fave,246.4957906177117,60.21303985684509,5,go,1,0.080016999999998,to,hiking,G,#,G,HH,final
665.114592088034,1631.086014341239,3035.3602632822744,3.3647732203395844,3.1774809441113456,4.335221554878497,6230.7692307692305,0.0018109650236573707,504.6572648344671,0.039,0.1598360655737705,1-0-858-1,owF,UT_003,003,2,fave,229.3410145352429,60.43517362408067,5,so,1,0.22000099999996792,"",yeah,S,#,S,Y,final
605.5462910291501,1604.6663570657236,3089.84930285014,3.3663839628255716,3.846662794798992,4.810382465726478,6230.7692307692305,0.0007032538982339557,526.6890285034013,0.025,0.24038461538461545,1-0-919-1,owF,UT_003,003,2,fave,7839.390429138144,51.23139662192647,5,so,1,0.080016999999998,younger,it's,S,#,S,i,final
781.5291019258641,1843.2511461380868,2768.880305995745,3.3509467730939995,3.375954898441984,4.138601975113473,5512.820512820513,0.02710798465701232,574.3281771655328,0.025,0.07961783439490447,1-0-981-1,owF,UT_003,003,2,fave,199.54720143814149,51.594800332096604,5,know,1,0.28997800000001916,you,"",N,#,N,"",final
791.2425247049644,1294.2672644507943,2742.5150163284534,3.531364912629902,3.6301155972834764,4.568835462705479,6051.282051282051,0.012518271944501986,631.4029488344672,0.129,0.454225352112676,1-0-1042-1,owF,UT_003,003,2,fave,127.82570538617398,41.87607833658258,5,so,1,0.26000999999996566,"","",S,#,S,"",final
434.2554337020363,1288.1992907516274,2843.323760228863,3.524008768641064,3.7292545192751296,4.029385368060461,5333.333333333333,0.0026203919673161626,661.9268338344672,0.037,0.17289719626168223,1-0-1103-0,owF,UT_003,003,2,fave,228.08484558700866,52.88264292158911,5,oh,1,0.19000199999993583,"",what's,#,#,"",W,coextensive
689.2904212443275,1595.0587772792794,2815.7221648637806,3.2546990573222248,3.397686883487029,3.9000037592569257,6051.282051282051,0.00029140596230430146,671.9648671655328,0.033,0.15420560747663553,1-0-1128-1,owF,UT_003,003,2,fave,122.72968472153102,54.21429482638726,5,so,1,0.1900029999999333,"",just,S,#,S,JH,final
708.1860618991396,1695.8181765031682,2596.021631141086,3.3391268641750487,3.3025034623821576,4.207523258033965,5692.3076923076915,0.012716150769280963,726.1948248344672,0.041,0.10148514851485146,1-0-1203-1,owF,UT_003,003,2,fave,179.39095768578164,50.13772496332275,5,show,1,0.38000499999998283,"","",SH,#,SH,"",final
633.0103820061616,1753.9755831281832,2602.4419470374164,3.4367493596845216,3.645750031892631,3.714206697838684,5692.3076923076915,0.00017637383051440414,727.5778398344671,0.027,0.25961538461538464,1-0-1210-1,owF,UT_003,003,2,fave,197.9733460095331,53.21289351670113,5,show,1,0.080016999999998,the,was,SH,#,SH,W,final
649.6386566666812,1660.7903806874112,2991.2321287151603,3.330518680984527,3.3789108447764304,4.4214292634981875,5871.794871794871,0.001780866513759724,734.2128391655328,0.037000000000000005,0.18137254901960786,1-0-1229-1,owF,UT_003,003,2,fave,210.21114204850534,57.58097519580034,5,so,1,0.17999200000008386,"",hard,S,#,S,HH,final
697.4798817649591,1673.06873272252,2828.5846294031858,3.327829005858838,3.4125829751354,3.898328982970481,5871.794871794871,0.0006069257662941478,739.3268341655328,0.025,0.18656716417910452,1-0-1247-1,owF,UT_003,003,2,fave,222.589659901427,60.906133027600156,5,so,1,0.10998500000005151,me,long,S,#,S,L,final
692.1333240362047,1450.9632448793284,3060.4713173304312,3.5222737922915894,3.18785256324413,4.342881851915478,6051.282051282051,0.0002872545571413524,754.615535165533,0.041,0.28472222222222227,1-0-1287-1,owF,UT_003,003,2,fave,218.66764212146612,60.972725597187726,5,know,1,0.11999500000001717,don't,i,N,#,N,ay,final
688.9449202543121,1716.8764030822247,2652.3912454970746,3.1405903973955227,3.4029090228901655,4.172761273508798,6051.282051282051,0.0032803931572844263,759.0795514965987,0.049,0.1560509554140127,1-0-1305-1,owF,UT_003,003,2,fave,216.95524281622772,62.04637869651517,5,show,1,0.28997800000001916,the,so,SH,#,SH,S,final
724.9645020419931,1512.43861419448,2914.6879796409535,3.527011931735001,3.537200347335057,3.9577271810701204,5871.794871794871,0.00032475517851535406,759.8675555034013,0.025,0.14367816091954025,1-0-1309-1,owF,UT_003,003,2,fave,208.54835679704874,59.87542606219096,5,know,1,0.15002500000002783,don't,if,N,#,N,i,final
797.4492745166904,1350.2118000864239,3108.655051469106,3.8771290315462346,4.066864634857217,4.234516592642581,6230.7692307692305,0.04124410918920079,762.3877798344671,0.095,0.44392523364485986,1-0-1316-1,owF,UT_003,003,2,fave,189.19292035543396,44.92323950506725,5,know,1,0.19000200000004952,you,"",N,#,N,"",final
776.2328123781958,1322.0199851522243,2901.392291499117,3.9336860563854166,3.5465257760142217,4.537865247169563,6769.2307692307695,0.00036035975539609906,762.9527491655329,0.025,0.2976190476190476,1-0-1320-1,owF,UT_003,003,2,fave,288.7569859995157,59.550510042765524,5,know,1,0.05999799999995048,don't,what,N,#,N,W,final
601.7270306546068,1305.5326095891048,2800.6764862836394,3.649782086701343,3.7402567285005395,4.090930184091987,5871.794871794871,0.04913699869430491,770.6877521655329,0.11499999999999999,0.452755905511811,1-0-1355-1,owF,UT_003,003,2,fave,222.60169437830598,50.83549240551019,5,show,1,0.22998000000006869,tv,"",SH,#,SH,"",final
751.4265546252927,1520.016926901068,2770.220660049023,3.5854307422946947,3.2188221247969326,4.1411701760776145,5871.794871794871,0.0005712530275145228,833.8217568276644,0.025,0.15243902439024393,1-0-1485-1,owF,UT_003,003,2,fave,190.5865031215508,56.160750145297406,5,know,1,0.1399539999999888,i,it,N,#,N,i,final
696.0077547846,1585.9768104365605,2907.773782939375,3.147278144294131,3.5561497373580426,4.168381585729849,6410.25641025641,0.0018730417593594893,870.3180491655329,0.041,0.14963503649635035,1-0-1574-1,owF,UT_003,003,2,fave,159.47918174554522,55.21223458619352,5,so,1,0.25,"","",S,#,S,"",final
786.3659330221869,1692.245909479182,2975.1156189877493,3.278864228486607,3.5188632681787237,4.237177605563145,6051.282051282051,0.04683871655457793,873.350032834467,0.025,0.08503401360544217,1-0-1585-1,owF,UT_003,003,2,fave,91.22129254128268,51.994268062532655,5,though,1,0.270020000000045,even,"",DH,#,DH,"",final
507.6118353901952,1497.6167417982972,2473.3629917436097,3.319198627630624,4.045162170484659,4.2061718318943955,5871.794871794871,0.007614514549546201,876.7810521655329,0.087,0.3175182481751824,1-0-1594-1,owF,UT_003,003,2,fave,121.28156331531636,49.27421176205314,5,so,1,0.25,"","",S,#,S,"",final
656.1970281786411,1221.0886323829166,1927.6385595149986,3.3637873696422815,3.33268446676946,4.090070037873101,6230.7692307692305,0.00005354997833009384,907.8979401655328,0.025,0.2976190476190476,1-0-1618-3,owF,UT_003,003,2,fave,200.75591902384207,56.05111996632146,5,tarot,1,0.05999700000006669,"",cards,R,#,R,K,final
702.1426143384341,1178.5986766955705,2907.9517350566557,3.5027867488951308,3.254241205511364,3.7264055409086416,5871.794871794871,0.00015851801653396315,909.0309508344671,0.031000000000000003,0.2980769230769232,1-0-1625-0,owF,UT_003,003,2,fave,148.54294078099713,57.67570642601586,5,oh,1,0.080016999999998,"",i'm,#,#,"",@,coextensive
553.3492740106727,1158.5300634952912,2018.2326424042653,2.9432522260190144,3.59014067192037,3.9032390506179735,6051.282051282051,0.0000690760347611977,919.7410181655328,0.025,0.26595744680851063,1-0-1675-3,owF,UT_003,003,2,fave,248.82317536300394,57.35063374472846,5,tarot,1,0.07000800000002982,these,cards,R,#,R,K,final
606.9109580228325,1373.235450168075,2931.959613538952,3.4332188631213585,3.500562993624308,4.06191691461328,6410.25641025641,0.00011213932479805299,920.4970295034013,0.037000000000000005,0.2983870967741936,1-0-1678-1,owF,UT_003,003,2,fave,269.8354275371533,62.01265335124894,5,so,1,0.10003700000004301,"",i'm,S,#,S,@,final
843.3055105056525,1720.4348555121478,2673.70585090416,2.3653353984094125,2.850580104826871,3.784385773116681,6051.282051282051,0.00007323186164574915,923.9112518344671,0.025,0.24038461538461536,1-0-1695-1,owF,UT_003,003,2,fave,431.6221160595105,65.29848200019853,5,no,1,0.080016999999998,like,no,N,#,N,N,final
741.7084111671556,1794.223620166646,2968.130150606105,3.703522830046695,3.096134890986634,4.041376230584915,7487.179487179487,0.000010915674598467456,924.0212311655328,0.025,0.2976190476190476,1-0-1696-1,owF,UT_003,003,2,fave,284.582023398666,58.34538607174311,5,no,1,0.05999700000006669,no,no,N,#,N,N,final
725.5368696313066,1634.9687091905685,2607.333425881488,3.2868308715674086,3.4109015919702736,4.291847869944716,6410.25641025641,0.0017390717606222462,924.1112581655328,0.025,0.17361111111111113,1-0-1697-1,owF,UT_003,003,2,fave,176.7542266134998,57.3939877978072,5,no,1,0.11999500000001717,no,like,N,#,N,L,final
639.5226301718986,1292.2817823571045,2840.214098478794,3.241376443639833,3.469694375486861,3.6410091660692165,6051.282051282051,0.0022252526723484157,933.301265834467,0.025,0.16233766233766234,1-0-1731-0,owF,UT_003,003,2,fave,310.5695527335542,59.474256868965796,5,oh,1,0.13000499999998283,"",do,#,#,"",D,coextensive
641.2810409982666,1192.399157591265,2841.6805115458856,3.2463815394521953,3.297088056535559,3.8067505544384814,5871.794871794871,0.000045881344538273986,951.0742248344671,0.031,0.32978723404255317,1-0-1806-0,owF,UT_003,003,2,fave,311.1065851973428,58.05673877119509,5,oh,1,0.07000699999991866,"","",#,#,"","",coextensive
712.4845155361849,1180.4545497774136,3115.4066205030376,3.6010370481184304,3.997514022624576,4.411692199788015,6230.7692307692305,0.013753268522958773,979.885655834467,0.16899999999999998,0.4642857142857142,1-0-1938-0,owF,UT_003,003,2,fave,215.4372088091284,51.261646519736225,5,oh,1,0.34002700000007735,"","",#,#,"","",coextensive
685.9280073625753,1630.671689096907,2898.804093918027,3.6413762717263465,3.3567953393688796,4.047811566667571,6769.2307692307695,0.03154816860597428,1000.0036474965987,0.025,0.04432624113475177,1-0-2022-1,owF,UT_003,003,2,fave,276.6002484057193,61.760491752015824,5,so,1,0.5399780000000192,"","",S,#,S,"",final
674.9797564041744,1377.0202365603996,2986.307729226966,3.6678272289864626,3.976566473135263,4.980434808897918,6589.74358974359,0.0030314190952372465,1002.5376325034015,0.033,0.2894736842105263,1-0-2030-1,owF,UT_003,003,2,fave,179.27206146457092,49.241615331468815,5,know,1,0.09002699999996366,don't,feeds,N,#,N,F,final
757.4720137990954,1173.8929911477453,2853.455673986428,3.693474593448524,4.243083257091137,4.642265912086617,6948.717948717948,0.07550575235770975,1009.6587701655329,0.095,0.4439252336448598,1-0-2055-1,owF,UT_003,003,2,fave,9399.15412585843,44.210053066774044,5,know,1,0.19000199999993583,you,"",N,#,N,"",final
721.2633747300149,1619.5156537776952,2664.1953343985715,3.2014813246153095,3.6263044796205204,4.21039258003773,5871.794871794871,0.0014798350985762599,1019.7197418344672,0.037000000000000005,0.16517857142857148,1-0-2101-1,owF,UT_003,003,2,fave,191.96477573153825,56.85541861158917,5,go,1,0.2000119999999015,to,how,G,#,G,HH,final
617.0705990663607,1643.546868979717,2822.7729895404623,3.5790100919863144,4.080020134296932,4.370062179523017,6230.7692307692305,0.006313033151317465,1027.4177368276644,0.033,0.1473214285714286,1-0-2134-1,owF,UT_003,003,2,fave,103.01661170935989,49.30825721455422,5,so,1,0.1999510000000555,"","",S,#,S,"",final
685.8474798360608,1463.6853022451721,3113.9946673400323,3.802120057050257,4.29551040907925,4.330301502400221,6589.74358974359,0.028163602663397975,1028.6517261723354,0.08100000000000002,0.3785046728971964,1-0-2137-1,owF,UT_003,003,2,fave,175.74861846499869,43.17266640954618,5,know,1,0.1900630000000092,you,"",N,#,N,"",final
614.7427172652219,1318.4630627079723,2996.477978499911,3.9737371249289195,4.141572463189977,4.434932747411214,6230.7692307692305,0.09839922848047099,1038.0506664965985,0.10500000000000001,0.4487179487179488,1-0-2172-1,owF,UT_003,003,2,fave,251.20562262781115,49.100975313327226,5,know,1,0.20996100000002116,you,"",N,#,N,"",final
684.6183328533982,1635.933720156734,2880.32610798397,3.030663813861032,3.1688841657673943,3.5837852517525692,6051.282051282051,0.0007813572554487121,1061.8933564965987,0.025,0.06684491978609625,1-0-2267-1,owF,UT_003,003,2,fave,228.2663552735037,62.66674006960702,5,so,1,0.34997599999996964,"",it's,S,#,S,i,final
763.3866527766185,1706.887414058613,2812.1805794048296,2.8192021731544075,3.626672830586767,3.8578273930701625,5692.3076923076915,0.000277099906824069,1063.3333098344672,0.025,0.17361111111111113,1-0-2273-1,owF,UT_003,003,2,fave,258.69107885839446,65.49878715396703,5,no,1,0.11999500000001717,there's,way,N,#,N,W,final
778.1516492276919,1349.3134504510085,3079.945934844871,3.3711808198245734,3.7150512474451487,4.1766496592059,6410.25641025641,0.02195727351472276,1067.2334011655328,0.125,0.45620437956204374,1-0-2285-1,owF,UT_003,003,2,fave,100.21160844338131,45.60250054191379,5,know,1,0.25,you,"",N,#,N,"",final
754.2915993541242,1489.5208234001636,3021.147151907234,2.8260029108451237,3.4193551891746914,4.2064150588452645,6051.282051282051,0.00006684262284855617,1069.5133401587302,0.025,0.2976190476190476,1-0-2295-1,owF,UT_003,003,2,fave,237.6108771578878,61.473399233886035,5,no,1,0.0599369999999908,there's,way,N,#,N,W,final
651.1524115204527,1649.2484302596986,2972.819323483354,3.0472232111229185,3.60268375249847,4.2578207119076605,6589.74358974359,0.00008017905781922556,1075.7633514965987,0.025,0.21929824561403513,1-0-2322-1,owF,UT_003,003,2,fave,292.06761529883187,67.81442659746182,5,so,1,0.08996600000000399,"",it,S,#,S,i,final
686.1203899657257,1363.483139189235,2675.0657901830054,3.4418203077006124,3.437890380428779,3.966055886451997,5871.794871794871,0.000011452002579521572,1076.5633948276645,0.025,0.2976190476190476,1-0-2327-1,owF,UT_003,003,2,fave,202.92526008076922,59.11086097840618,5,know,1,0.0599369999999908,don't,it,N,#,N,i,final
714.7243135615224,1665.9067606218946,2720.917562877895,3.379705408156873,3.6820152585154626,4.139581543410571,5692.3076923076915,0.0006885135664944333,1080.0033424965986,0.025,0.21929824561403513,1-0-2344-1,owF,UT_003,003,2,fave,185.04695296552282,51.698463974738516,5,no,1,0.0899650000001202,have,clue,N,#,N,K,final
721.3029501557091,1219.3386341198484,2996.7365712290584,3.3107655671140095,3.695876623732574,4.284803061000068,6230.7692307692305,0.02320542896126688,1081.5503495034013,0.13899999999999998,0.45723684210526305,1-0-2350-1,owF,UT_003,003,2,fave,207.2424538510822,46.542347399513886,5,so,1,0.2800290000000132,"","",S,#,S,"",final
815.9946228748345,1455.6742586938958,2776.8464905296537,2.9189481193531437,3.5310358522385443,3.7701557295562536,5692.3076923076915,0.003754913373105276,1091.8849288412698,0.043,0.18376068376068375,1-0-2362-1,owF,UT_003,003,2,fave,289.4590520992532,64.26907188158076,5,so,1,0.2100829999999405,"","",S,#,S,"",final
692.1249459240863,1306.9769011624503,2165.440631285383,3.0532956083234546,3.4880913147198527,3.9639551382456317,6230.7692307692305,0.0024259787187920993,1093.7459238412698,0.025,0.10245901639344263,1-0-2367-3,owF,UT_003,003,2,fave,254.7714929358869,62.20505930777609,5,tarot,1,0.22009299999990617,with,and,R,#,R,@,final
633.0465935579465,1297.181279788141,2204.916494946122,2.9688691896894204,3.3039622192731017,3.7712965833224703,6051.282051282051,0.0004063243089532861,1096.7559168344671,0.025,0.16233766233766234,1-0-2380-3,owF,UT_003,003,2,fave,220.825675960561,58.69819008024959,5,tarot,1,0.13000499999998283,do,but,R,#,R,B,final
663.9316408021174,1183.6876860019413,1688.7283326470015,3.311324438548028,4.056178225595449,3.9859998142970317,4435.897435897436,0.00010136498130705062,1111.2959671723354,0.025,0.33783783783783783,1-0-2438-3,owF,UT_003,003,2,fave,236.0536405268748,43.217568052162996,5,tarot,1,0.0500489999999445,a,"",R,#,R,"",final
721.0838128736166,1743.7418065505838,2952.1768663555927,2.8713775496787184,3.1132078267371295,4.243263986918482,6410.25641025641,0.0008724313827940754,1112.9760041655331,0.025,0.0984251968503937,1-0-2444-1,owF,UT_003,003,2,fave,227.10705536720593,64.88412230775562,5,so,1,0.2299799999998413,"","",S,#,S,"",final
527.5787404562614,1543.9219525589467,3015.8613323738828,3.330352474575516,3.707515388968934,4.105265093047076,5871.794871794871,0.00007078057406981267,1119.7333451723355,0.025,0.2976190476190476,1-0-2470-3,owF,UT_003,003,2,fave,207.3879394862917,55.439782816866234,5,also,0,0.060058999999910156,i,do,S,#,S,D,final
642.1405785304743,1329.6013653305463,2161.3202189131785,3.6418284886363055,3.299958330188563,3.5204175737959273,5871.794871794871,0.00017147480906498657,1120.3043904965987,0.027000000000000003,0.23684210526315794,1-0-2472-3,owF,UT_003,003,2,fave,209.9712200179475,64.93092078728766,5,tarot,1,0.08996600000000399,do,for,R,#,R,F,final
564.3486550157231,1142.2030685058178,1807.0504102787738,3.1839141005232796,3.4193334215962943,4.320352800741383,5871.794871794871,0.0007737940127273761,1124.59333584127,0.025,0.21929824561403513,1-0-2488-3,owF,UT_003,003,2,fave,268.69149194730755,61.75488124340837,5,tarot,1,0.09008799999992334,to,readings,R,#,R,R,final
620.3055746556497,1399.1668896363606,3106.4350260182528,2.855978535356328,3.703743878599646,3.7632333341070363,6051.282051282051,0.00004012687300073576,1134.2533368276645,0.025,0.26595744680851063,1-0-2523-3,owF,UT_003,003,2,fave,241.25360413471853,59.752230560708654,5,also,0,0.06994600000007267,i,don't,S,#,S,D,final
638.3723471729722,1683.962246017161,2663.258998071962,3.668295467053996,4.091078746105162,4.441489430731837,5871.794871794871,0.007138723531477104,1138.666387834467,0.031,0.1781609195402299,1-0-2537-0,owF,UT_003,003,2,fave,324.6222949900265,61.266028764041444,5,oh,1,0.15002400000003036,"",you,#,#,"",Y,coextensive
590.8459447630343,1562.1249249382606,2884.1462164731615,3.463563326832241,4.439781287986927,4.198843112547342,6410.25641025641,0.0017861785635855116,1140.5073595034012,0.033,0.18965517241379312,1-0-2546-1,owF,UT_003,003,2,fave,232.5912751741325,52.87997083606456,5,know,1,0.15002400000003036,don't,"",N,#,N,"",final
769.8117728694473,1343.6697385810935,2628.2571647781215,3.2944739932089573,3.258285224686171,4.00231491882016,5871.794871794871,0.0026764091801081843,1146.363333165533,0.025,0.16233766233766234,1-0-2566-0,owF,UT_003,003,2,fave,-185.61007166526494,59.34133186084752,5,oh,1,0.13000499999998283,like,"",#,#,K,"",coextensive
676.5091041803477,1575.5208147143,2505.7147943327323,3.06386892507395,3.5337624321613323,4.157792950939389,6051.282051282051,0.044969400673372115,1147.2843501587301,0.047,0.1450617283950617,1-0-2568-0,owF,UT_003,003,2,fave,232.5118315338596,59.74030495261981,5,oh,1,0.29992700000002515,"","",#,#,"","",coextensive
705.1112049878361,1614.6198537995474,2814.479146123968,3.1639854991693546,3.3858136049826295,3.9354763435155937,6230.7692307692305,0.0058900061930761225,1149.1349188412698,0.063,0.16844919786096257,1-0-2572-1,owF,UT_003,003,2,fave,184.4718595550532,57.48557048988735,5,so,1,0.350097999999889,"","",S,#,S,"",final
689.338312814418,1655.3516933570781,3123.904407616754,3.8165163327820046,3.8449815890773285,4.435869006494474,6948.717948717948,0.035696339340023545,1150.5599615034012,0.053,0.3045977011494253,1-0-2575-1,owF,UT_003,003,2,fave,60386.19819587065,43.56476667679163,5,know,1,0.15002500000014152,you,"",N,#,N,"",final
590.5868593177946,1022.4115587019785,2767.710441370692,3.4732071638048585,3.580035127892495,4.193414031511024,5512.820512820513,0.01539563262575277,1169.6959565034015,0.085,0.4381443298969073,1-0-2643-0,owF,UT_003,003,2,fave,225.9241755519872,50.80519484192873,5,oh,1,0.17004399999996167,like,"",#,#,K,"",coextensive
586.6669234183327,1225.1501646297854,2460.7238535124193,3.680899883123122,3.9350076243932612,4.220891450530774,5333.333333333333,0.0515330410699502,1170.6209154965986,0.235,0.47570850202429144,1-0-2645-0,owF,UT_003,003,2,fave,327.2670237129231,45.75713621309903,5,oh,1,0.4699709999999868,"","",#,#,"","",coextensive
741.3408286985772,1518.6479469658864,2789.955368745482,3.271458408870154,3.117288469287743,3.8047332383598667,6051.282051282051,0.0003171474194081638,1172.178960834467,0.031,0.18902439024390247,1-0-2647-1,owF,UT_003,003,2,fave,277.7723241304729,71.83402312255323,5,so,1,0.1400149999999485,"",i,S,#,S,ay,final
604.4365416607646,1901.0140905395706,2737.1944153726467,3.238063585358843,3.418933692264778,3.937502395408284,5692.3076923076915,0.0007477953982513042,1175.2289871587304,0.031,0.1781609195402299,1-0-2658-1,owF,UT_003,003,2,fave,220.6793099059183,61.926350959117954,5,show,1,0.14990199999988363,tv,the,SH,#,SH,DH,final
715.6912886442435,1553.6947919578772,2705.801403795435,3.302990639947744,3.4201771620281076,4.357582688223529,6230.7692307692305,0.0010754214778014588,1188.018118165533,0.025,0.17361111111111113,1-0-2719-1,owF,UT_003,003,2,fave,331.3678781884138,67.31477194310828,5,no,1,0.11999500000001717,like,i'd,N,#,N,ay,final
715.1694255048045,1646.1854323114148,2816.8634314951655,3.134918412925273,3.250353261556528,4.145346057302415,6051.282051282051,0.009869894344832382,1189.68814515873,0.025,0.05387931034482759,1-0-2728-1,owF,UT_003,003,2,fave,237.98815433768715,57.40491544376921,5,know,1,0.43994100000008984,not,"",N,#,N,"",final
672.9493648491987,1342.9946488355006,2631.4846432697736,3.1187911975439,3.7263182298998188,4.118165273143454,5512.820512820513,0.004702301417388368,1201.028133834467,0.025,0.15243902439024393,1-0-2776-0,owF,UT_003,003,2,fave,285.20685647309034,57.89933630751318,5,oh,1,0.14001500000017586,like,"",#,#,K,"",coextensive
686.8545957829514,1319.2661420402098,2714.703592504537,3.459910502844664,3.8630950733901774,4.353846805646022,5692.3076923076915,0.02944511638557614,1203.0701551723355,0.089,0.4362745098039215,1-0-2780-1,owF,UT_003,003,2,fave,42.96339090640356,50.12340026330393,5,so,1,0.18005300000004354,"","",S,#,S,"",final
752.4075752891367,1513.2718917100674,2747.4102041403626,3.25255173695695,3.171415413291865,3.960928918019914,5871.794871794871,0.004110759937683745,1221.5929471655331,0.025,0.06345177664974619,1-0-2804-1,owF,UT_003,003,2,fave,243.14104499833843,58.32091717467693,5,so,1,0.3699949999997898,"","",S,#,S,"",final
662.3256534958709,1682.4396567505692,2891.6039238928497,3.054859345456343,3.2540182659616588,3.852288738490784,6051.282051282051,0.00003660866454977632,1225.3629614965987,0.025,0.21929824561403513,1-0-2817-1,owF,UT_003,003,2,fave,222.94018550988832,59.354847570396714,5,so,1,0.08996600000000399,"",that,S,#,S,DH,final
746.8772032068656,1758.2809951000443,2701.9328457702404,3.2616598586686227,3.169778580784646,3.9481840534580503,6051.282051282051,0.0002576303645515126,1237.0984871655328,0.029,0.20138888888888892,1-0-2857-1,owF,UT_003,003,2,fave,179.14200370483638,59.726037998060946,5,know,1,0.11999500000001717,you,so,N,#,N,S,final
639.8167635032919,1753.5341137448547,2870.1673806258414,3.8269277890802336,3.824687850692449,4.10725296073426,5692.3076923076915,0.0004735787472550338,1239.300432496599,0.033,0.2894736842105263,1-0-2862-1,owF,UT_003,003,2,fave,200.61192513432454,50.02646151850337,5,know,1,0.08996600000000399,you,gonna,N,#,N,G,final
721.4611787374197,1406.3246474728887,2825.663911569828,3.181236094391495,3.4476433866528895,4.17632139562324,5871.794871794871,0.00555593067426541,1463.3782431723355,0.025,0.12254901960784313,1-0-3173-0,owF,UT_003,003,2,fave,155.90647417370477,54.27705072527187,5,oh,1,0.18005300000004354,"","",#,#,"","",coextensive
738.9454867611066,1395.6128520183727,3072.6093832817223,3.399129493273615,4.523680703966323,4.548519771018171,6051.282051282051,0.0011023245934866654,1466.0782878276646,0.025,0.24038461538461545,1-0-3181-1,owF,UT_003,003,2,fave,233.55112636165208,54.32246111779568,5,no,1,0.07995600000003833,"",the,N,#,N,DH,final
787.2353959197897,1698.3562751984737,3065.814451006338,3.3699068115634314,3.4432217703989503,4.281354785715138,5871.794871794871,0.013855123010214654,1513.6273541587302,0.025,0.0748502994011976,1-0-3265-2,owF,UT_003,003,2,fave,203.07172810645207,53.08240652522209,5,snow,1,0.3099369999999908,the,"",N,#,N,"",final
500.53718230012265,1595.7159343191925,2741.6252595432984,3.408419288755568,3.4905808541319474,3.6474023191840694,6230.7692307692305,0.0007034259739115373,142.4497481655329,0.04100000000000001,0.3306451612903227,1-0-107-1,u,UT_003,003,2,fave,188.13042462328727,47.78337971755483,5,good,1,0.10000600000000759,"",at,G,D,G,D,internal
551.9490617929837,1695.769664574701,2772.527269374261,3.3621511623528475,3.81681175207486,3.948397966529345,6230.7692307692305,0.00041953186927806734,564.4791301655329,0.047,0.3263888888888889,1-0-949-1,u,UT_003,003,2,fave,190.06139003821966,53.179592639563054,5,good,1,0.11999500000001717,really,at,G,D,G,D,internal
585.2631523446746,1933.1527682875735,2517.3488249696147,3.1438491763299283,3.601664533523494,3.318711420773532,6230.7692307692305,0.00002671881270644641,569.1191608344672,0.027000000000000003,0.32142857142857145,1-0-961-1,u,UT_003,003,2,fave,326.87190358048235,60.57742823734482,5,good,1,0.059996999999953005,i'm,at,G,D,G,D,internal
595.386802850492,1173.8146739742203,2906.205261630122,3.0414913682312203,2.703001678278111,3.9339366144363113,6230.7692307692305,0.00007486948030004938,724.5118328344671,0.035,0.33653846153846156,1-0-1195-1,u,UT_003,003,2,fave,192.5978106885198,57.98740226356852,5,books,1,0.080016999999998,the,were,B,K,B,K,internal
591.9399793308022,1579.770287219016,2901.757183154413,3.194810228646247,3.4571131615791035,3.572798342367648,6230.7692307692305,0.00014748683276736348,735.1828654965987,0.037000000000000005,0.324561403508772,1-0-1232-1,u,UT_003,003,2,fave,230.49069071998315,60.337482987321714,5,could,1,0.08996500000000651,"",not,K,D,K,D,internal
562.4775671611875,1707.1030691606559,2770.492087366236,3.6114376196174525,3.888384212003397,3.64539940543058,6051.282051282051,0.0000247787988845916,739.0068385034014,0.025,0.33783783783783783,1-0-1245-1,u,UT_003,003,2,fave,269.6161694826562,59.97533502343316,5,took,1,0.050047999999947024,it,me,T,K,T,K,internal
641.3659543976481,1721.2626539043722,2811.266418366115,3.598445941557419,3.224004569959234,3.9465433028254333,6230.7692307692305,0.00009380294456933297,773.1837301655329,0.027000000000000003,0.32142857142857145,1-0-1363-1,u,UT_003,003,2,fave,268.3359855036138,62.80100506955294,5,took,1,0.059996999999953005,it,me,T,K,T,K,internal
555.2253213329983,1169.3612369076773,2848.1667200668808,3.4241072109706954,3.190825493331844,3.7096832295346345,6230.7692307692305,0.0007006066006485351,799.8721375034013,0.04100000000000001,0.3306451612903227,1-0-1433-1,u,UT_003,003,2,fave,203.81527486781425,54.08291815654904,5,book,1,0.10003700000004301,a,before,B,K,B,K,internal
530.122435453806,1786.7118820595338,2745.702126351539,3.354183019008225,3.6667397959412904,3.831231500727681,6230.7692307692305,0.00020035450731578893,802.6791355034013,0.035,0.3365384615384616,1-0-1444-1,u,UT_003,003,2,fave,212.83112994110024,52.5958032858116,5,could,1,0.080016999999998,"",not,K,D,K,D,internal
650.330422697314,1154.4967297914063,2826.745227341834,2.825353228373171,3.224150296927473,3.799693887349205,6230.7692307692305,0.0004608280777161007,859.2668425034014,0.061000000000000006,0.3315217391304348,1-0-1525-1,u,UT_003,003,2,fave,-1600.9320090182214,48.70340973123944,5,books,1,0.160033999999996,potter,"",B,K,B,K,internal
661.8086059850746,1264.7731767313987,2559.5685068277153,2.9689736114443734,3.452959014420925,3.9195083875335803,6230.7692307692305,0.0004983047673391357,866.0148525034014,0.037,0.32456140350877194,1-0-1555-1,u,UT_003,003,2,fave,-3519.08066515112,51.85807048074471,5,books,1,0.09002700000007735,potter,"",B,K,B,K,internal
676.6674754200483,1398.10289997615,2517.2554299212266,3.006914752839858,3.4527726518142616,3.7976873548994274,6230.7692307692305,0.00033435771837161574,867.9450598344671,0.035,0.33653846153846156,1-0-1566-1,u,UT_003,003,2,fave,169.2966006633202,55.88446044339564,5,book,1,0.080016999999998,every,i,B,K,B,K,internal
492.84933077774537,1115.15670055497,2881.6545143439057,3.6214819753394165,3.3643663784225337,3.70533762345887,6230.7692307692305,0.000034052794794469204,941.7922501655329,0.027000000000000003,0.32142857142857145,1-0-1759-1,u,UT_003,003,2,fave,213.8015195256321,57.344622509283106,5,looks,1,0.05999799999995048,she,at,L,K,L,K,internal
624.6344236977176,1501.5150744883758,2841.3685210802405,3.433928100992426,3.487563466295322,3.6239525711854137,6230.7692307692305,0.0000837495459056964,942.7222488344671,0.027000000000000003,0.32142857142857145,1-0-1765-1,u,UT_003,003,2,fave,209.4419126294295,57.61679405788412,5,looks,1,0.05999800000006417,aunt,at,L,K,L,K,internal
578.32409637061,1315.4724079849852,2575.5984021589943,2.965140343827726,3.5124605588667794,3.941600447741743,6230.7692307692305,0.0003563837510128797,950.3592424965987,0.040999999999999995,0.33064516129032256,1-0-1800-4,u,UT_003,003,2,fave,-21366.645607113907,46.05154730660462,5,rosebush,2,0.09997600000008333,a,and,B,SH,B,SH,internal
660.4618083085585,1643.2611551773118,2933.3033873946906,3.5772612436768294,4.009148107348919,4.0201518572751915,6230.7692307692305,0.0012864747076218922,1071.2183061723358,0.075,0.3348214285714286,1-0-2305-4,u,UT_003,003,2,fave,249.7754104850545,52.31162334370102,5,rosebush,2,0.20007299999997485,a,or,B,SH,B,SH,internal
599.9892190626563,1180.7424805593976,2995.3175232110084,3.423428350979797,3.144331791087042,3.671374196182194,6230.7692307692305,0.0000794771747794804,1103.3969431723356,0.027000000000000003,0.32142857142857145,1-0-2400-1,u,UT_003,003,2,fave,207.02547293054283,60.99095691479424,5,look,1,0.06005800000002637,of,at,L,K,L,K,internal
477.02126374207535,1481.7245420157328,2763.0753824182366,2.1268797292250436,3.61286796367042,3.7589342369937886,6230.7692307692305,0.00001707907076407762,1177.4981105034014,0.025,0.33783783783783783,1-0-2668-1,u,UT_003,003,2,fave,228.95889871827993,65.85570979718959,5,would,1,0.05004800000006071,she,say,W,D,W,D,internal
434.88162656143487,1566.550408927016,2715.9089378761632,2.856364957410657,3.8921819419830688,3.7127097000223843,6230.7692307692305,0.00005977392362017861,1180.6381301723354,0.025,0.33783783783783783,1-0-2683-1,u,UT_003,003,2,fave,206.1246089942115,59.51818810117009,5,would,1,0.0500489999999445,she,just,W,D,W,D,internal
576.6872248702948,1292.611563487999,2759.437371213794,3.241388056155852,3.5268780217100524,4.052132688007128,6410.25641025641,0.0009047446184953152,1217.4609274965985,0.04100000000000001,0.3306451612903227,1-0-2786-1,u,UT_003,003,2,fave,263.3760440474779,61.91725265777629,5,would,1,0.09997499999985848,i,"",W,D,W,D,internal
532.2752773491931,925.4835240521568,2983.3034008843915,3.2273902892129662,2.6904923067338538,3.9230424190687683,6230.7692307692305,0.00019574105044174706,1232.7594908276644,0.07100000000000001,0.3317757009345795,1-0-2840-1,u,UT_003,003,2,fave,234.1095481308777,63.43250710693245,5,full,1,0.18994100000008984,are,"",F,L,F,L,internal
527.3301059829332,828.5204305745858,3173.380609752507,3.335833657723021,3.197366351305528,3.5923926575324048,6230.7692307692305,0.00025054357984660746,1241.869502834467,0.051000000000000004,0.3311688311688312,1-0-2873-1,u,UT_003,003,2,fave,197.10148977438695,56.66145435938059,5,full,1,0.13000499999998283,are,then,F,L,F,L,internal
644.6005642012866,1282.4359543417863,2985.0490005933516,3.278059653036115,3.4935868543156547,4.401142138478368,6230.7692307692305,0.0004996335253008367,1242.5874658276643,0.027000000000000003,0.32142857142857145,1-0-2878-1,u,UT_003,003,2,fave,NaN,52.48984549132009,5,look,1,0.0599369999999908,"",at,L,K,L,K,internal
533.2175860601848,1253.4215808271301,2812.4156562671237,2.633723367424005,3.5536745322682814,3.9973323627761363,6230.7692307692305,0.0002788164535884946,1251.24941284127,0.031,0.32978723404255317,1-0-2902-1,u,UT_003,003,2,fave,259.5619070804748,65.83265187163005,5,would,1,0.07006799999999203,that,be,W,D,W,D,internal
485.7784322254166,1383.6900524447608,2718.9374970170466,2.7093619756117024,3.470478403024153,3.9217074622553962,6230.7692307692305,7.171854819176209e-6,1251.9964071723355,0.025,0.33783783783783783,1-0-2905-1,u,UT_003,003,2,fave,225.4724865768211,62.43977472432727,5,would,1,0.05004800000006071,that,be,W,D,W,D,internal
503.00526105911865,926.1935031149995,3113.071110835968,3.244655234738519,3.0698827453425066,3.874003119876245,6230.7692307692305,0.0003059505973966799,1382.5782828276645,0.035,0.3365384615384616,1-0-3025-1,u,UT_003,003,2,fave,239.4432579889352,61.84921611442485,5,woman,1,0.07995600000003833,the,saw,W,M,W,M,internal
619.9349459325497,1323.1768751949112,2785.9443053009004,3.44035474825497,3.4149616071161675,3.7374102312474697,6230.7692307692305,0.00011310687351200761,1399.8132741655331,0.045,0.3358208955223881,1-0-3057-1,u,UT_003,003,2,fave,221.47902374826367,55.77564316462342,5,books,1,0.1099859999999353,fantasy,"",B,K,B,K,internal
542.9216926258168,1356.1283745376193,2789.3315105162706,3.1803999096150166,3.0169976809887475,3.547352240393493,6230.7692307692305,0.00027678697896600456,1429.403851165533,0.045,0.3358208955223881,1-0-3108-1,u,UT_003,003,2,fave,226.9677270046877,58.877000169776096,5,book,1,0.10998500000005151,the,needs,B,K,B,K,internal
488.8519035809331,880.0270336371163,2947.882686212847,2.752542669015439,3.2829246192039805,3.6407713338370153,6230.7692307692305,0.00008945633921478683,1445.9042394965986,0.037000000000000005,0.324561403508772,1-0-3137-1,u,UT_003,003,2,fave,248.98613548534757,63.948420286290784,5,woman,1,0.08996600000000399,the,saw,W,M,W,M,internal
470.5063727554192,989.8961282368699,2750.5762772467497,2.9725119808891325,3.1236396253606404,4.118172863806039,6230.7692307692305,0.0007715361950095974,189.36444516553289,0.047,0.3263888888888889,1-0-185-1,uwr,UT_003,003,2,fave,224.3848681862387,52.69438225530368,5,sure,1,0.11999499999998875,"","",SH,R,SH,R,internal
540.5590918153549,978.982013255169,2140.684718278846,3.65111533348774,2.991221793998335,3.9945030158263095,6051.282051282051,0.0009307282536432155,368.2792571655329,0.051000000000000004,0.3311688311688312,1-0-587-1,uwr,UT_003,003,2,fave,191.65163812362698,58.857913066333545,5,sure,1,0.13000399999998535,percent,"",SH,R,SH,R,internal
533.1967985033418,950.2569588203115,2458.3730618607447,3.8289260555395894,3.328460065042595,3.9680289893505987,5692.3076923076915,0.001205243448811783,904.612957834467,0.055,0.33536585365853655,1-0-1608-1,uwr,UT_003,003,2,fave,177.0563339056575,51.883162972772226,5,sure,1,0.14001500000006217,for,"",SH,R,SH,R,internal
519.5102008827178,967.8455178081407,2331.554751299678,3.395021512847105,2.7988885797655887,3.5870750795430855,6051.282051282051,0.0009532142661454171,929.3362248344671,0.055,0.3353658536585366,1-0-1717-1,uwr,UT_003,003,2,fave,213.4437489290481,66.78055143645344,5,sure,1,0.140013999999951,not,"",SH,R,SH,R,internal
483.5407444691784,1891.0516790205972,2197.2174233326655,3.065266560061651,3.794076229983497,3.452435311777183,5512.820512820513,0.00008055494668412202,970.517944165533,0.031,0.32978723404255317,1-0-1901-1,uwr,UT_003,003,2,fave,236.93796085852412,58.0765385635693,5,your,1,0.07000800000002982,me,grandfather,Y,R,Y,R,internal
493.78250700199897,1838.6553911531093,2245.5898594549503,3.3015887476075165,3.983873622974268,3.514419032042262,5692.3076923076915,0.00014413577844887805,1026.0947908276644,0.027000000000000003,0.32142857142857145,1-0-2127-1,uwr,UT_003,003,2,fave,112.01608302019389,47.96525920516557,5,your,1,0.05993599999987964,to,"",Y,R,Y,R,internal
585.0629508676,2018.2920414033172,2443.0290177271786,3.6761278671729087,3.7455853554711016,4.028211566648132,5692.3076923076915,0.00008750220593131336,1058.3916658276644,0.027000000000000003,0.32142857142857145,1-0-2255-1,uwr,UT_003,003,2,fave,260.0589184054548,61.90665573939208,5,you're,1,0.05993599999987964,"",a,Y,R,Y,R,internal
740.6585814436907,1621.7691421892914,2749.087141668418,3.1391554545164864,3.5382066562755976,4.056809392628828,6230.7692307692305,0.000021133314095586816,191.76045416553285,0.039,0.4148936170212766,1-0-195-1,ay0,UT_003,003,2,fave,209.99083506689024,59.57850152733377,5,like,1,0.06999200000001338,job,"",L,K,L,K,internal
757.8549231229138,1635.563288536196,2560.2216494445906,3.091963759775173,4.301117866308069,4.424492025422585,6410.25641025641,0.0003614208972250641,197.96274416553288,0.025,0.21929824561403513,1-0-218-1,ay0,UT_003,003,2,fave,173.66603003114324,44.501379291206504,5,title,1,0.08999600000001351,my,"",T,T,T,T,internal
628.1853758364039,1924.8056429535502,2930.1047106433016,3.1002620755680588,3.3389494340400416,3.8356784445229195,6410.25641025641,0.00019198042407294347,224.01774716553288,0.035,0.3365384615384616,1-0-259-1,ay0,UT_003,003,2,fave,99.10447384131554,48.082921536496144,5,psychic,1,0.08000200000000746,a,medium,S,K,S,K,internal
795.2201825560011,1499.9471609681348,3091.307758168822,3.0399724658995058,3.459634109774963,4.2103744807682295,6230.7692307692305,0.0002343581887589806,240.35434583446713,0.061,0.3719512195121951,1-0-296-1,ay0,UT_003,003,2,fave,195.28840268474727,49.73776124287057,5,like,1,0.14000000000001478,would,"",L,K,L,K,internal
761.497113407444,1801.7919610598378,3034.462340239356,3.256173342235577,3.4833798796297586,3.8797812147310053,6410.25641025641,0.0005392166212522568,248.44635183446712,0.045000000000000005,0.31250000000000006,1-0-322-1,ay0,UT_003,003,2,fave,195.03575594867934,48.61272818490652,5,like,1,0.11999500000001717,was,"",L,K,L,K,internal
749.9809971612535,1559.0787188095667,3255.0889491548246,2.902703774578148,3.6168433044340134,3.734835173266412,6410.25641025641,0.00013303427023524518,297.5307578344671,0.025,0.20161290322580647,1-0-410-1,ay0,UT_003,003,2,fave,252.68217225167862,53.514840853882745,5,like,1,0.10000600000000759,was,hey,L,K,L,K,internal
716.1612816344234,1600.3437891283747,3144.44824111021,3.1727709522811884,3.589593604566059,3.9458493704514748,6410.25641025641,0.0004664021328692703,298.02075450340135,0.025,0.18656716417910452,1-0-412-1,ay0,UT_003,003,2,fave,218.67018489654598,52.77620441700574,5,like,1,0.11001500000003261,hey,let's,L,K,L,K,internal
724.3882967456952,1684.7077612425417,2961.3872559068514,3.326016942533994,3.615355121052698,4.311293429837683,6410.25641025641,0.0009483673420102378,305.5557468344672,0.035,0.3070175438596492,1-0-442-1,ay0,UT_003,003,2,fave,193.96298211600842,50.499758221112344,5,like,1,0.08999699999998256,was,man,L,K,L,K,internal
775.4862014415639,1384.3025608328956,3290.9026849984516,3.242118087406351,3.885625253055695,4.096988365465694,6230.7692307692305,0.0010914310350304377,313.3507544965986,0.025,0.13586956521739132,1-0-472-1,ay0,UT_003,003,2,fave,191.8282418968845,47.70430874792614,5,like,1,0.15997300000003634,"","",L,K,L,K,internal
844.2962879862779,1759.8065100879694,2936.410931743444,3.4257356113608948,3.767040822599486,4.260914115352361,6589.74358974359,0.0004620756890318208,347.25623716553287,0.045000000000000005,0.31250000000000006,1-0-518-1,ay0,UT_003,003,2,fave,170.25516171433685,50.237296926882365,5,nightmarish,1,0.11999499999996033,was,"",N,T,N,T,internal
728.8420876419283,1730.223298083319,2969.357286244278,3.2106296911579335,3.2589526123953476,3.8914863316195762,6589.74358974359,0.00035815997277487843,352.2832418344671,0.039,0.29104477611940305,1-0-533-1,ay0,UT_003,003,2,fave,751.9557119078544,52.86868034387795,5,like,1,0.11001600000003009,"",pre,L,K,L,K,internal
726.63215197958,1935.5919640202685,2644.2470479971207,3.3004130354656356,4.027500007659873,4.035157679211325,5692.3076923076915,0.001109559573870665,363.82626083446706,0.08499999999999999,0.36324786324786323,1-0-577-1,ay0,UT_003,003,2,fave,193.64908348638883,50.58510170376446,5,right,1,0.20999199999999973,paperwork,"",R,T,R,T,internal
824.8369143706528,1694.8089000483258,2982.1122397802887,3.034722216105723,3.6651964327455855,3.968666563237003,6769.2307692307695,0.00017033709125316882,400.52463916553285,0.045000000000000005,0.31250000000000006,1-0-601-1,ay0,UT_003,003,2,fave,303.4283650018266,61.32637777027906,5,like,1,0.11999500000001717,i,going,L,K,L,K,internal
686.564071711866,1625.5677448919962,2518.2837382866596,3.4641328129921827,3.7221518034989067,3.897888155293979,6410.25641025641,0.00007535780164215284,402.27464916553294,0.025,0.26595744680851063,1-0-608-2,ay0,UT_003,003,2,fave,190.33010844995545,53.493577383445306,5,twice,1,0.0700069999999755,go,a,W,S,W,S,internal
723.1320400717802,2147.409506763112,2803.8085667586106,3.067407394986562,3.86361846428024,4.099760205607044,6230.7692307692305,0.0001141898955214172,406.5746428344671,0.025,0.26595744680851063,1-0-625-1,ay0,UT_003,003,2,fave,173.35776919124828,48.792655386015554,5,hikes,1,0.0700069999999755,on,down,HH,K,HH,K,internal
755.0907581038936,1765.428959251347,3002.450161979501,3.2138994558030287,3.491457384552443,3.8535145133309103,6589.74358974359,0.000632924914085398,474.53255783446707,0.051000000000000004,0.2771739130434783,1-0-771-1,ay0,UT_003,003,2,fave,195.23559606044677,54.173476182960236,5,like,1,0.1600040000000149,"","",L,K,L,K,internal
686.9837875331247,1945.7348527896697,2793.6982395327364,3.1771649287757646,3.816988092316944,3.8732015591877724,6589.74358974359,0.0006055379752173417,497.2902488344671,0.025,0.21929824561403513,1-0-831-1,ay0,UT_003,003,2,fave,214.90608800519888,55.40752796515331,5,hiking,1,0.0899970000000394,go,it's,HH,K,HH,K,internal
860.6553853589231,1502.9980892999872,2231.8933723720775,3.536533426474731,4.13257295823415,4.243040713685145,6410.25641025641,0.03284104777289967,500.3122531655329,0.049,0.28160919540229884,1-0-844-1,ay0,UT_003,003,2,fave,246.72943519703287,58.1801148403496,5,hiking,1,0.1499939999999924,go,and,HH,K,HH,K,internal
838.3070721315325,1895.3824890470723,2605.769999068932,3.3716446446280797,4.014592971447881,4.174494164336842,6230.7692307692305,0.0017235888958374288,508.0202541655329,0.025,0.17361111111111113,1-0-871-1,ay0,UT_003,003,2,fave,NaN,43.398846075397465,5,hiking,1,0.11999500000001717,"",or,HH,K,HH,K,internal
704.064336276513,1717.2345179227327,3011.7208918863375,3.446027528844749,4.251698851476144,4.103059278281253,6051.282051282051,0.0003130533879641733,510.71025149659863,0.025,0.26595744680851063,1-0-878-1,ay0,UT_003,003,2,fave,216.91443942300054,41.654755122330954,5,like,1,0.0699769999999944,something,that,L,K,L,K,internal
675.2514895793367,1426.8079216071244,2949.16583319389,3.2400216102488373,3.600877507783152,4.213059129676242,6410.25641025641,0.000584648594293952,526.989070834467,0.025,0.17361111111111113,1-0-921-1,ay0,UT_003,003,2,fave,98.26345025875793,51.24190240439791,5,like,1,0.11999500000001717,it's,that,L,K,L,K,internal
733.8256282591824,1557.744257760836,3244.6097777663294,3.419123349130088,3.684174564795028,4.137792898472351,6410.25641025641,0.00020748858947644712,528.9090424965987,0.025,0.20161290322580647,1-0-925-1,ay0,UT_003,003,2,fave,185.5931350235782,49.893786802632924,5,like,1,0.09997599999996964,"","",L,K,L,K,internal
843.3362923612603,1839.07042629336,2635.8835282911627,3.0141265872232847,3.9410825824186744,4.504814472229333,6589.74358974359,0.0005190105648596981,530.7190461655327,0.025,0.17361111111111113,1-0-930-1,ay0,UT_003,003,2,fave,185976.45144947927,48.93422871837519,5,hike,1,0.11999500000001717,"",if,HH,K,HH,K,internal
771.8343401048646,1615.7094674074467,2735.628263980997,3.070928782638212,4.095435540822834,4.603527835195719,6410.25641025641,0.0007111533943947681,533.4690404965986,0.025,0.18656716417910452,1-0-939-1,ay0,UT_003,003,2,fave,197.78036485092449,46.40317633721631,5,hike,1,0.10998500000005151,a,"",HH,K,HH,K,internal
793.3401268986966,1570.9552242205305,3165.8464963989823,3.599978584694636,3.5590260107290312,3.4815774468449088,6410.25641025641,0.0012057682945833257,571.8181671655328,0.025,0.1288659793814433,1-0-972-1,ay0,UT_003,003,2,fave,186.06464419086325,45.08313540824487,5,like,1,0.169983000000002,"","",L,K,L,K,internal
728.5265482280213,1648.7056291709462,3117.0888669441238,2.8952863631404298,3.3687734197818076,3.8336250619731214,6589.74358974359,0.00022942647772932978,584.796627834467,0.025,0.24038461538461536,1-0-983-1,ay0,UT_003,003,2,fave,233.25012619828414,58.160977035080116,5,like,1,0.080016999999998,"",a,L,K,L,K,internal
736.980255424672,1749.1524418390566,2911.5848679974547,3.04199200347786,3.588491368676228,3.790361888441001,6410.25641025641,0.0010941332976416522,625.7479538344671,0.059000000000000004,0.2757009345794393,1-0-1027-1,ay0,UT_003,003,2,fave,182.60722039947316,49.810571075650515,5,like,1,0.19000199999993583,typically,high,L,K,L,K,internal
858.6040852545065,1341.2758060842984,3544.8543142348353,3.498479157314064,3.5659464583872666,4.505136331939195,7128.205128205128,0.0012816613774885163,652.1632658344671,0.025,0.17361111111111113,1-0-1073-1,ay0,UT_003,003,2,fave,153.28411476667708,53.41009182451928,5,like,1,0.11999499999990348,i'm,now,L,K,L,K,internal
746.299779519217,1752.3863626197706,2993.2079815954307,3.2271560991244965,3.3882783064831483,4.215526275193145,6948.717948717948,0.0004113851168907407,653.231247165533,0.061000000000000006,0.42361111111111116,1-0-1078-1,ay0,UT_003,003,2,fave,342181.7490566773,50.23487417481329,5,like,1,0.11999600000001465,just,[bracketed],L,K,L,K,internal
760.5106921081181,1641.752256421617,3080.717276164635,3.033553211277773,3.531565200184515,4.080039336234625,6410.25641025641,0.0003783139835291445,740.2098348344672,0.051000000000000004,0.2931034482758621,1-0-1250-1,ay0,UT_003,003,2,fave,177.93700118051527,56.805836302106044,5,like,1,0.15002400000003036,to,"",L,K,L,K,internal
733.7530539317953,1766.6381722035358,3072.297291626833,3.1594476053205627,3.614713350985096,4.133650847314662,6410.25641025641,0.00008327851045820381,743.3451498344671,0.025,0.26595744680851063,1-0-1264-1,ay0,UT_003,003,2,fave,172.55557857990837,52.41567819907532,5,like,1,0.07000800000002982,and,reread,L,K,L,K,internal
788.345763631078,1928.3060052378087,3058.5758103406606,3.4682870219279085,3.8243825432757097,3.8759280066682895,6230.7692307692305,0.0005358420183229994,775.0747408344671,0.049,0.3402777777777778,1-0-1366-1,ay0,UT_003,003,2,fave,193.31513696342546,50.73942471799917,5,like,1,0.11999500000001717,"","",L,K,L,K,internal
667.3456065676125,1614.3822836642053,2986.940902537727,3.176484882280008,3.6233341748825607,4.067532912047197,6589.74358974359,0.00019236109002593757,796.809134834467,0.035,0.3070175438596492,1-0-1422-1,ay0,UT_003,003,2,fave,212.02119404622246,56.62343937124907,5,like,1,0.09002699999996366,read,the,L,K,L,K,internal
716.55029710077,1739.4202115674832,2955.3516332721315,3.1869574878342397,3.9363267939309705,4.114285738572987,6410.25641025641,0.0009261475109500738,801.1301375034013,0.057,0.42537313432835827,1-0-1439-1,ay0,UT_003,003,2,fave,179.42343721070722,49.44292524117917,5,like,1,0.11004700000000867,i,it,L,K,L,K,internal
686.7177527699582,1689.384463954019,3104.8484936827726,3.0131524882541925,3.169029982176892,3.80845197550327,6410.25641025641,0.0007664331236018306,838.4137355034013,0.049,0.36567164179104483,1-0-1506-1,ay0,UT_003,003,2,fave,-187.97079575999476,47.48570999948027,5,like,1,0.11004600000001119,was,never,L,K,L,K,internal
740.856101829534,1403.8640904863726,2734.75038749554,2.9999820822228584,3.5446291908092555,4.258979309015721,6769.2307692307695,0.00032529785184633165,862.5588405034013,0.025,0.18656716417910452,1-0-1538-1,ay0,UT_003,003,2,fave,173.0827910142873,53.65798537834827,5,like,1,0.11004600000001119,not,reading,L,K,L,K,internal
722.0101297572659,1651.3495757866344,3111.0849431284037,3.441016892106105,3.5055613084613726,3.9344772088858475,6410.25641025641,0.00027892995737747203,908.8259288344672,0.040999999999999995,0.39423076923076916,1-0-1623-1,ay0,UT_003,003,2,fave,228.67334313340254,54.981141197680245,5,like,1,0.080016999999998,was,"",L,K,L,K,internal
775.3321074549275,1634.235307151119,3038.632253567936,2.9353965929610606,3.6191756780581903,4.032823200111436,6410.25641025641,0.0004685425313520685,916.6250694965986,0.053,0.30459770114942525,1-0-1661-1,ay0,UT_003,003,2,fave,261.7115537544702,56.09795785612601,5,like,1,0.149962999999957,was,"",L,K,L,K,internal
777.7929773026335,1627.3668983824098,3054.3182154501364,2.989611153516886,3.2716040306775707,3.9911365145853184,6769.2307692307695,0.00024722524874759734,921.3570594965986,0.037000000000000005,0.324561403508772,1-0-1682-1,ay0,UT_003,003,2,fave,247.0405747858607,61.541894445168055,5,like,1,0.08996600000000399,kinda,i,L,K,L,K,internal
798.2886154476637,1680.484876848935,2752.5396429055545,2.935013462658235,3.653363767504181,4.1640460280468545,6589.74358974359,0.00013685609732447935,921.9270608276644,0.037000000000000005,0.3557692307692309,1-0-1686-1,ay0,UT_003,003,2,fave,246.0713113279468,62.05483699542406,5,might,1,0.07995600000003833,i,be,M,T,M,T,internal
760.0074224936789,1584.5591644468334,3106.855505160517,3.1650775189433924,3.5891772417615666,4.057080405224006,6410.25641025641,0.0004618446037989394,924.2812468344671,0.025,0.17361111111111113,1-0-1698-1,ay0,UT_003,003,2,fave,267.0572367760443,54.57341892963823,5,like,1,0.11999500000001717,no,"",L,K,L,K,internal
752.5255935985493,1663.3284610380729,3006.066075952504,3.579618159342425,3.5172880566862736,4.036921099088913,6410.25641025641,0.0003000476561143069,927.3592538344672,0.041,0.3596491228070176,1-0-1713-1,ay0,UT_003,003,2,fave,273.6407862429245,58.40051176339493,5,like,1,0.09002700000007735,i'm,"",L,K,L,K,internal
736.3088103265706,1531.6325096046469,3165.256973174051,3.2335231976201,3.428088263324252,3.905938560503758,6230.7692307692305,0.00008626086345778333,933.1672461655329,0.037000000000000005,0.3936170212765958,1-0-1729-1,ay0,UT_003,003,2,fave,258.6998288152976,62.97026028314179,5,like,1,0.07000700000003235,was,"",L,K,L,K,internal
781.8986318862942,1644.6615113129308,3158.451037689885,3.518190542031868,3.7515889530651227,4.023431577746568,6410.25641025641,0.00019250936207566524,934.7252488344672,0.033,0.35106382978723405,1-0-1740-1,ay0,UT_003,003,2,fave,271.8285690497008,54.510904520810016,5,like,1,0.07000700000003235,i'm,okay,L,K,L,K,internal
697.5427865946979,1678.3883429126847,3054.228181389213,3.1655494090287806,3.445556171604142,3.961543312945437,6410.25641025641,0.00021136138586062435,945.2462574965987,0.035,0.3070175438596492,1-0-1778-1,ay0,UT_003,003,2,fave,103.15007584497181,51.07340830435567,5,like,1,0.08996500000000651,they're,while,L,K,L,K,internal
717.0655343507592,1607.7621401919716,3064.237464458653,3.1463095237512704,3.4167305901843052,4.01755682586129,6230.7692307692305,0.00004998462883235601,949.8512481655328,0.025,0.2976190476190476,1-0-1798-1,ay0,UT_003,003,2,fave,132.74924875750906,52.317816182544064,5,like,1,0.05999800000006417,"",a,L,K,L,K,internal
662.9538659133956,1492.056040644229,3096.2221923165826,3.467421998046253,3.5262702321521386,3.584097896436451,6230.7692307692305,0.00012155803919130609,952.2649441655328,0.025,0.26595744680851063,1-0-1810-1,ay0,UT_003,003,2,fave,204.97166634282277,56.27306430495989,5,like,1,0.07000800000002982,was,okay,L,K,L,K,internal
726.0484634622853,1585.7904862100709,3081.254486930789,3.1709675243853406,3.22664362396535,3.842029741197854,6410.25641025641,0.000269902980408479,954.8449554965987,0.025,0.24038461538461536,1-0-1823-1,ay0,UT_003,003,2,fave,136.56243922969892,51.96165558465684,5,like,1,0.07995599999992464,was,stuff,L,K,L,K,internal
739.6347948826286,1793.5487264722815,3105.060563149429,3.582252776741289,3.5045428892836563,4.074702503344622,6410.25641025641,0.0000644108731459962,958.2479251655329,0.031,0.369047619047619,1-0-1838-1,ay0,UT_003,003,2,fave,214.07769435818244,56.514501945459266,5,like,1,0.05999700000006669,she's,well,L,K,L,K,internal
745.3911251554247,1507.7655505155865,3272.379057900492,3.2481112102186325,3.520861719006187,3.6853971786895747,6051.282051282051,0.0006217570975607448,959.7249604965987,0.025,0.21929824561403513,1-0-1848-1,ay0,UT_003,003,2,fave,243.98478576651323,57.68260094441294,5,like,1,0.08996600000000399,was,well,L,K,L,K,internal
738.2172139921047,1588.5658633062508,3121.9741993189787,3.02094935912073,3.6345992254577926,3.480338845921994,6230.7692307692305,0.0001960729941627513,961.0249541655328,0.025,0.18656716417910452,1-0-1853-1,ay0,UT_003,003,2,fave,250.35537687910383,59.251217308006225,5,like,1,0.10998500000005151,was,you,L,K,L,K,internal
763.5827981412262,1784.544366100233,3015.141753001966,3.611889073649667,3.694778227934364,3.929415345558411,6589.74358974359,0.0006739288150308439,963.5569684965988,0.049,0.3951612903225807,1-0-1866-1,ay0,UT_003,003,2,fave,173.11088542335798,53.02149774849037,5,like,1,0.09997499999997217,i'm,i,L,K,L,K,internal
654.2331670830713,1701.6880688791375,3040.181367075417,3.6501661012364286,3.6005349258774224,3.6420270002129453,6230.7692307692305,0.00006196822931447958,967.4989308344672,0.033,0.35106382978723405,1-0-1888-1,ay0,UT_003,003,2,fave,208.96511815487904,52.76906537677991,5,like,1,0.07000700000003235,was,okay,L,K,L,K,internal
772.2057340241502,1696.9930943023037,3183.047317372101,3.0150739039076364,3.8203856337838036,3.9073051679164355,6051.282051282051,0.00037896939875335027,968.6609534965986,0.037,0.32456140350877194,1-0-1894-1,ay0,UT_003,003,2,fave,260.1042296873382,58.21171899993492,5,like,1,0.08996600000000399,i'm,"",L,K,L,K,internal
673.1635167269508,1772.349481418598,3073.697122363928,3.6101217334052444,3.5380472654854014,3.7452179616158716,6230.7692307692305,0.0006961534551739416,973.7399604965987,0.055,0.4104477611940299,1-0-1911-1,ay0,UT_003,003,2,fave,194.86953335947356,51.126937099656175,5,like,1,0.10998600000004899,she's,yeah,L,K,L,K,internal
691.3013400940813,1678.4197760486334,2988.4743737692042,3.474291723634395,3.4751252797984504,3.762291138620813,6410.25641025641,0.00009974221380974918,976.9749661655328,0.025,0.2976190476190476,1-0-1927-1,ay0,UT_003,003,2,fave,226.53686893313332,60.40968801416857,5,like,1,0.05999799999995048,just,routine,L,K,L,K,internal
761.8055255815187,1469.7514771797216,3122.626171012,2.7315563788767743,3.5692483448585106,3.6460677044192766,6410.25641025641,0.00002779597197513791,979.6576771655328,0.033,0.39285714285714285,1-0-1936-1,ay0,UT_003,003,2,fave,260.0633207423179,53.52062690715924,5,like,1,0.05999799999995048,was,"",L,K,L,K,internal
743.6199698154225,1518.4353909094475,3183.13431740464,3.436004634598059,3.9629772607036093,4.201232453474604,5871.794871794871,0.00013152414010460389,980.2786721655328,0.035,0.4166666666666667,1-0-1941-1,ay0,UT_003,003,2,fave,267.2806905243854,46.45666102036964,5,like,1,0.05999799999995048,i'm,yeah,L,K,L,K,internal
764.0614008661045,1697.4547479887426,3201.1485209420966,2.7648833028295488,3.575876628895776,3.9612501263882978,6410.25641025641,0.0002021961466620279,985.7836325034013,0.025,0.24038461538461545,1-0-1969-1,ay0,UT_003,003,2,fave,-1448.1546878700494,47.16220151101261,5,like,1,0.080016999999998,in,five,L,K,L,K,internal
678.5905669012318,1632.0631367846067,2998.903623394826,3.377308208954015,3.633053015836715,3.839271294850917,6410.25641025641,0.0010466820552252364,993.4396508344671,0.037000000000000005,0.3936170212765958,1-0-2003-1,ay0,UT_003,003,2,fave,NaN,46.049136864480566,5,like,1,0.07000800000002982,was,"",L,K,L,K,internal
773.6689315483503,1637.553267268505,2792.6716117588335,3.1674276112555826,3.371039071899675,4.0828861656660935,6410.25641025641,0.0006519556243449867,1003.6956565034013,0.049,0.2987804878048781,1-0-2035-1,ay0,UT_003,003,2,fave,114.05298232398152,55.5114072046628,5,like,1,0.14001500000006217,to,help,L,K,L,K,internal
787.0504947301785,1711.903118266969,3131.1371580106547,3.0046319070518566,3.3278757412229076,3.6766693178792385,6410.25641025641,0.0001434225839763017,1007.0236664965987,0.025,0.20161290322580647,1-0-2047-1,ay0,UT_003,003,2,fave,193.7182395414807,51.93300388460074,5,like,1,0.09997599999996964,and,"",L,K,L,K,internal
711.6910827423889,1542.4714966868173,2954.268722131063,2.9876577700718383,3.3983632635578003,4.084930251162266,6589.74358974359,0.00015770236091151342,1013.6137715034013,0.025,0.24038461538461545,1-0-2069-1,ay0,UT_003,003,2,fave,363.1747030092247,60.04832764032943,5,like,1,0.080016999999998,i,to,L,K,L,K,internal
776.0332159869629,1486.1143972284226,3027.7683261388997,3.0480244708599145,3.611691122666504,4.073826502321146,6410.25641025641,0.0004854893349551657,1014.0437531655328,0.025,0.18656716417910452,1-0-2072-1,ay0,UT_003,003,2,fave,194.09036074081195,56.802570020194,5,life,1,0.10998499999993783,do,guidance,L,F,L,F,internal
749.0909535425402,1615.1591237172072,2959.5783244970235,2.9709133729702266,3.4608658094836464,3.9429387841719956,6410.25641025641,0.00036809734307187154,1015.9637475034014,0.025,0.20161290322580647,1-0-2080-1,ay0,UT_003,003,2,fave,99.11232167567002,50.70111292950186,5,like,1,0.10003599999993185,it's,hey,L,K,L,K,internal
703.0849441545373,1753.736409107485,2999.7644613253706,3.4352196773559514,3.750856803869963,3.872858152049511,6230.7692307692305,0.0016443803339076745,1032.8807105034014,0.059000000000000004,0.3041237113402062,1-0-2153-1,ay0,UT_003,003,2,fave,202.27048567249474,50.05681609965004,5,like,1,0.17004399999996167,was,"",L,K,L,K,internal
655.5766225411645,1661.1004096978363,2978.749186918637,3.245867754784115,3.5796058576252356,3.698434111512786,6410.25641025641,0.0001685565009034732,1047.9596074965987,0.043,0.34677419354838707,1-0-2214-1,ay0,UT_003,003,2,fave,113.6825950775082,53.43414012422404,5,like,1,0.09997599999996964,was,well,L,K,L,K,internal
871.886928966496,1891.4298474039933,2972.1662082563093,3.200594444440834,3.602817434981659,3.4497669888603784,6410.25641025641,0.00011088821463384629,1051.29868415873,0.041,0.4880952380952381,1-0-2226-1,ay0,UT_003,003,2,fave,443.85293376131034,43.656087808455915,5,like,1,0.0599369999999908,was,"",L,K,L,K,internal
613.6262567155941,2105.1011278639794,2988.7237850555475,3.404203231740695,3.7998040335740333,3.9336032006971875,6410.25641025641,0.001410871030764392,1057.2696545034016,0.10300000000000001,0.5597826086956523,1-0-2252-1,ay0,UT_003,003,2,fave,195.21306536416378,48.800852475717285,5,like,1,0.160033999999996,just,okay,L,K,L,K,internal
711.1236280853735,1655.0767976470172,2992.452331449028,3.209375164138359,3.5072939571202766,3.756218715191715,6410.25641025641,0.00035917056133326624,1062.460304834467,0.03900000000000001,0.2532467532467533,1-0-2269-1,ay0,UT_003,003,2,fave,204.3988514928926,59.12563576005558,5,like,1,0.13000499999998283,it's,okay,L,K,L,K,internal
700.4018799254754,1793.311830427926,3017.0988636474385,2.9942335630393195,3.6119538429643026,4.027648268566195,6410.25641025641,0.0005868228364837279,1068.113333165533,0.025,0.17361111111111113,1-0-2289-1,ay0,UT_003,003,2,fave,204.2328602359811,57.73154780257737,5,like,1,0.11999500000001717,with,my,L,K,L,K,internal
743.0662339300623,1571.8769986543803,3041.246702667023,2.962015598876309,3.7269414599236823,4.276023449966388,6948.717948717948,0.0024493662658994215,1073.962299165533,0.043000000000000003,0.29861111111111116,1-0-2317-1,ay0,UT_003,003,2,fave,234.42952804577538,61.353604686248254,5,like,1,0.11999500000001717,i'm,they're,L,K,L,K,internal
753.518525605356,1610.686950991933,2853.847359536729,2.853751186278487,3.630244651090286,4.3767572476412875,6230.7692307692305,0.0003127688824792284,1079.3403325102042,0.03900000000000001,0.3145161290322581,1-0-2342-1,ay0,UT_003,003,2,fave,2810.598735388853,57.631878881975055,5,like,1,0.10009700000000521,you're,have,L,K,L,K,internal
724.1199856443118,1644.3524997667466,3059.025039030714,2.9822381394043442,3.678731138791641,4.339334710627244,6769.2307692307695,0.00013022162294580274,1099.1839551655328,0.040999999999999995,0.33064516129032256,1-0-2390-1,ay0,UT_003,003,2,fave,177.0850137331449,55.21414897905246,5,like,1,0.09997599999996964,of,the,L,K,L,K,internal
741.4829502566829,1583.891952964926,3081.0659680052527,3.1193580042710636,3.7569195557155384,3.8892056798056776,6410.25641025641,0.0002947283302763889,1106.8629155102042,0.039,0.34210526315789475,1-0-2416-1,ay0,UT_003,003,2,fave,192.03300655402742,55.57707107411818,5,like,1,0.09008800000015071,of,a,L,K,L,K,internal
680.3278291860458,1730.2165473170412,3103.960280398673,3.1834923532671198,3.826712315469479,3.9903710703400095,6230.7692307692305,0.00024082824167888313,1109.1699338276644,0.033,0.3173076923076924,1-0-2427-1,ay0,UT_003,003,2,fave,203.7939235861114,50.41342737232456,5,like,1,0.07995600000003833,"",a,L,K,L,K,internal
776.0776322637071,1661.6941849954112,3127.8443471666637,3.3531776383968226,3.527622444996482,4.139709205223505,6410.25641025641,0.00015508301848171036,1138.013357165533,0.025,0.18656716417910452,1-0-2533-1,ay0,UT_003,003,2,fave,187.84858725858703,55.118997403144085,5,like,1,0.1099859999999353,and,being,L,K,L,K,internal
817.3554443755855,1660.2477885046435,3082.0185559625024,3.4683369687377343,3.4633204302740848,3.671899841383129,6410.25641025641,0.0001973891659051426,1138.493328165533,0.045,0.3358208955223881,1-0-2535-1,ay0,UT_003,003,2,fave,203.67162588867743,59.8373106021264,5,like,1,0.10998500000005151,being,"",L,K,L,K,internal
778.8231508630687,1472.6974651237308,2961.3542292872885,3.3751853381545613,3.4631494203051703,3.8328637051575716,6410.25641025641,0.00027064371526355096,1146.164372165533,0.047,0.3790322580645161,1-0-2565-1,ay0,UT_003,003,2,fave,205.84154907754967,63.01151393212835,5,like,1,0.09997599999996964,i'm,oh,L,K,L,K,internal
744.5761406313993,1675.458273367021,2996.202805580496,3.0461091577830466,3.233993214184444,4.220956683234288,6589.74358974359,0.000026981085060263423,1154.4349438276645,0.043000000000000003,0.5119047619047619,1-0-2589-1,ay0,UT_003,003,2,fave,294.01185177813556,60.033901068861404,5,like,1,0.0599369999999908,i'm,i'm,L,K,L,K,internal
749.9508291317945,1701.29927057678,2974.9901513747836,3.1696107152743807,3.744051291731658,3.9635902521141535,6589.74358974359,0.0001092609887545382,1154.7559281723354,0.025,0.2976190476190476,1-0-2591-1,ay0,UT_003,003,2,fave,258.8702201637994,64.49998930247973,5,like,1,0.060058999999910156,i'm,it's,L,K,L,K,internal
646.5438369309347,1596.7712768388662,3018.6443070408177,3.2101244452325415,3.6287875729919787,3.8280594946500712,6230.7692307692305,0.0005397400847798971,1161.934955165533,0.043000000000000003,0.3208955223880598,1-0-2613-1,ay0,UT_003,003,2,fave,206.58846654815667,57.7539792686879,5,like,1,0.10998500000005151,"",the,L,K,L,K,internal
792.5720185255863,1615.5756642692522,3083.2881383402882,3.0607018002710804,3.3349035236275872,3.832759520497227,6410.25641025641,0.0006573755078544804,1165.2319998344672,0.057,0.37012987012987014,1-0-2626-1,ay0,UT_003,003,2,fave,-35.7832823960416,52.64717906228016,5,like,1,0.13000499999998283,be,"",L,K,L,K,internal
850.6583465421492,1299.4565585694963,3246.736673816292,3.557909142254711,3.7535638066450665,4.314757653792683,6051.282051282051,0.002671685296502726,1169.455984165533,0.025,0.16233766233766234,1-0-2642-1,ay0,UT_003,003,2,fave,197.77315951419396,46.02453599066194,5,like,1,0.13000499999998283,i'm,oh,L,K,L,K,internal
769.1864820675233,1842.7991698490325,3022.1383453584253,3.079541680104241,3.4191559643806366,4.004386904770424,6410.25641025641,0.0007213012488014162,1181.0431324965987,0.035,0.33653846153846156,1-0-2686-1,ay0,UT_003,003,2,fave,199.14600140109417,58.326972148735614,5,like,1,0.07995600000003833,be,"",L,K,L,K,internal
835.4684515891747,1729.6818114067685,3180.64212069325,2.5694777476469284,3.8819806361398355,4.357745793455052,6051.282051282051,0.00043325787280794223,1183.6681318276646,0.025,0.26595744680851063,1-0-2695-1,ay0,UT_003,003,2,fave,399.099126192425,65.83706199059141,5,like,1,0.0699459999998453,always,why,L,K,L,K,internal
801.4664523320987,1355.9460451569141,3069.616595043596,2.9870881253019546,3.342819897105154,3.9248555290390046,6589.74358974359,0.00033189974449439325,1186.5621571655329,0.033,0.24626865671641796,1-0-2710-1,ay0,UT_003,003,2,fave,248.51137334951474,66.15510166560581,5,like,1,0.10998600000016268,i'm,now,L,K,L,K,internal
736.0183744441576,1664.185838720527,2868.1206606414644,2.956630909809039,3.3272002606524613,3.99413496131341,6410.25641025641,0.00005201889091705239,1187.8381748276645,0.025,0.26595744680851063,1-0-2718-1,ay0,UT_003,003,2,fave,216.70579808472078,63.686276587619425,5,like,1,0.06994699999995646,i'm,no,L,K,L,K,internal
674.380279819296,1736.9661001091533,2973.8735188118426,3.2106655443257806,3.4839170803585193,3.9295361407726226,6589.74358974359,0.00041494248448616555,1192.7711195034012,0.051000000000000004,0.2931034482758621,1-0-2739-1,ay0,UT_003,003,2,fave,203.49140838015492,57.30966035432271,5,like,1,0.15002499999991414,so,"",L,K,L,K,internal
706.4022052722427,1648.0311777457437,3030.88404520819,3.1990624525377354,3.4670246725974176,3.9801416649750463,6410.25641025641,0.0006600671662712863,1197.517136510204,0.043,0.34677419354838707,1-0-2759-1,ay0,UT_003,003,2,fave,213.9749759277376,65.21766959118172,5,like,1,0.100097999999889,is,i've,L,K,L,K,internal
623.1437658348839,1584.7423097200942,2998.5465293178186,3.098652754417407,3.3731796590438226,3.7866581309065555,6410.25641025641,0.000334834478682985,1199.9681854965986,0.025,0.21929824561403513,1-0-2769-1,ay0,UT_003,003,2,fave,139.89143694321658,57.70601801899664,5,like,1,0.08996600000000399,it's,you,L,K,L,K,internal
572.5516899169615,1585.679864115175,2832.1844837501762,3.4618467284863703,3.438579463819135,4.009687420111254,6230.7692307692305,0.00001254791080062456,1200.9341691723357,0.037000000000000005,0.5,1-0-2775-1,ay0,UT_003,003,2,fave,198.95336243237784,55.345505987071334,5,like,1,0.0500489999999445,it's,oh,L,K,L,K,internal
656.7151555939093,1871.7310732072103,2309.175285803246,2.8893046248002725,3.8532041094590204,4.230448363994151,7128.205128205128,0.00043983999210831935,1222.1729258412697,0.025,0.20161290322580647,1-0-2806-1,ay0,UT_003,003,2,fave,332.950418780052,69.8440103915441,5,right,1,0.10009800000011637,"",now,R,T,R,T,internal
747.4302514679606,1666.2767280467926,3051.2765838302485,2.972631063359949,3.6236766732390926,3.716520677847047,6230.7692307692305,0.000230739591493417,1363.1076374965987,0.029,0.27884615384615385,1-0-2976-1,ay0,UT_003,003,2,fave,244.28858177749908,53.290562079186785,5,like,1,0.07995599999981096,feel,i,L,K,L,K,internal
787.6566103254005,1694.7896992070316,2616.00074920468,2.832551007631991,3.6041253219488647,4.012283709430524,6230.7692307692305,0.0005696764287578137,1375.7676458276642,0.069,0.3224299065420561,1-0-3012-3,ay0,UT_003,003,2,fave,254.1580482390991,58.29614319736149,5,alright,1,0.18994199999997363,"","",R,T,R,T,internal
737.230511891356,1731.0698228733263,2489.4698992779886,2.8022311756966123,3.5757279061113056,4.184478698440004,6410.25641025641,0.000030640663639332634,1436.6238481723353,0.025,0.2976190476190476,1-0-3124-1,ay0,UT_003,003,2,fave,185.64388872678083,56.19199799097529,5,microscope,1,0.06005900000013753,the,"",M,K,M,K,internal
766.8612621769607,1559.7787179124753,2485.8730527710677,3.2112162207935637,3.758250333029317,4.34427575765291,6410.25641025641,0.0005323463770096559,1450.6902798344672,0.049,0.3181818181818182,1-0-3145-1,ay0,UT_003,003,2,fave,212.77266931303416,59.17079645776428,5,vikings,1,0.13000499999998283,the,"",V,K,V,K,internal
801.6264577884241,1669.7353007368383,2826.6336888182173,3.11176205681267,3.6505263704110344,4.098406357586753,6410.25641025641,0.00022340778696967092,1475.800462165533,0.035,0.28225806451612906,1-0-3203-1,ay0,UT_003,003,2,fave,202.89441416285268,58.82799716748228,5,like,1,0.09997499999985848,"",to,L,K,L,K,internal
749.3483701706758,1625.550512491515,2236.5167092171214,3.1686901844212407,4.059657232638324,4.164128800431755,6589.74358974359,0.0005912223498166257,1501.465327165533,0.041,0.28472222222222227,1-0-3243-1,ay0,UT_003,003,2,fave,210.5753933434437,57.797119815027266,5,writer,1,0.11999500000001717,a,sometimes,R,T,R,T,internal
874.9715375643136,1798.3237254090925,2582.074165726411,2.993452925368565,3.8888174241328946,4.062707173359431,6589.74358974359,0.0005706395301789492,1528.5392418344672,0.025,0.16233766233766234,1-0-3289-1,ay0,UT_003,003,2,fave,231.30603014899248,60.10465159130227,5,hiked,1,0.13000499999998283,backpacker,in,HH,K,HH,K,internal
625.368657050275,1368.2544748918242,2620.854883679059,3.2612394114731247,3.9621885920433555,4.306164440930546,6410.25641025641,0.004678339998898995,201.29275216553287,0.10500000000000001,0.33439490445859876,1-0-226-3,oy,UT_003,003,2,fave,224.76788833637963,57.23833676845495,5,enjoy,1,0.2899940000000072,i,i,JH,#,JH,ay,final
499.4200959830408,1492.8327382378593,2488.672979130983,3.363755599349612,3.5750696429424824,4.1797477496107405,5692.3076923076915,0.00014259017777465776,201.76575283446712,0.031,0.32978723404255317,1-0-228-3,oy,UT_003,003,2,fave,218.92328812864054,52.21645386109799,5,enjoy,1,0.07000700000000393,i,what,JH,#,JH,W,final
831.9950966241413,1122.7451741386585,3071.3098421043146,3.797867716767516,4.265398978948345,4.3549042358732954,7307.692307692308,0.003997579279784034,522.3460325034014,0.07899999999999999,0.3376068376068376,1-0-901-1,oy,UT_003,003,2,fave,183.9658574204713,47.51612566719198,5,joints,1,0.21002199999998084,my,but,JH,N,JH,N,internal
613.3668339741517,1155.2700142099357,2109.151673852612,3.192177799328013,3.7665472762929912,4.219369771332014,5692.3076923076915,0.00158506202611754,655.2362628344672,0.051000000000000004,0.3311688311688312,1-0-1086-3,oy,UT_003,003,2,fave,270.4809471182103,51.28783151567738,5,enjoyed,1,0.13000499999998283,i,it,JH,D,JH,D,internal
700.158762880158,2532.7929579098213,2808.2590656693865,3.0765400590685434,3.8503434192202453,4.047014472690529,6410.25641025641,0.0007802962860131968,250.1433501655329,0.119,0.826388888888889,1-0-326-1,eyF,UT_003,003,2,fave,284.6080329468591,50.43013711931201,5,hey,1,0.11999499999998875,"","",HH,#,HH,"",final
644.0873342735393,2391.589107586404,3149.286154105125,3.7866623499974446,4.392633593515319,4.284662744139954,6410.25641025641,0.00473560548494301,294.8892478344671,0.025,0.11682242990654207,1-0-395-1,eyF,UT_003,003,2,fave,144.8144541144279,49.41430654034244,5,pay,1,0.190003000000047,"",than,P,#,P,DH,final
656.7633468527441,1726.22101447356,3206.2260457421758,3.7591784662420613,4.469911117781048,4.542173978675734,6948.717948717948,0.00658961507644949,297.8727564965986,0.18899999999999997,0.883177570093458,1-0-411-1,eyF,UT_003,003,2,fave,355.59035567865845,53.90390894671012,5,hey,1,0.18997200000001158,like,like,HH,#,HH,L,final
729.6569093105783,1795.1099087474163,2733.3061493376945,3.127887948578183,3.998019131183662,3.8902965062315666,6410.25641025641,0.009026232086294567,349.0362518344671,0.025,0.0984251968503937,1-0-524-1,eyF,UT_003,003,2,fave,144.35945051678576,45.69630290087982,5,way,1,0.23001099999999042,single,"",W,#,W,"",final
638.4589768245614,1812.9125385261366,2760.405903336154,3.450176213198358,3.981325987860005,3.959402967327357,6589.74358974359,0.0005532261293735403,443.3944611655329,0.025,0.1288659793814433,1-0-722-1,eyF,UT_003,003,2,fave,199.2001233334381,51.55065068369663,5,way,1,0.169983000000002,"",and,W,#,W,@,final
619.4763496275642,2299.0190598684653,3026.14035055813,3.2868391845363956,3.6931346744479496,3.8826161055927844,6589.74358974359,0.0005642373948949832,466.9605408344671,0.067,0.27459016393442626,1-0-747-2,eyF,UT_003,003,2,fave,240.53087973136374,67.34696053729358,5,stay,1,0.22000200000002224,we,pretty,T,#,T,P,final
678.7531343195774,2058.2921893908388,2837.371274567289,3.5014453925566755,3.563623754736974,3.9422274068028176,6410.25641025641,0.00014205865783938168,731.6768598276644,0.025,0.26595744680851063,1-0-1223-0,eyF,UT_003,003,2,fave,199.7585848133102,55.02462272717899,5,a,1,0.06994599999995899,by,friend,#,#,ay,F,coextensive
731.8699061953519,2345.359553849314,3015.287342072213,3.646989528595509,3.6443895641365005,3.330537838704757,6230.7692307692305,0.00031830830564486825,874.1940441655328,0.053000000000000005,0.5638297872340426,1-0-1587-1,eyF,UT_003,003,2,fave,197.82229761630214,52.4690466687344,5,they,1,0.07000800000002982,"",don't,DH,#,DH,D,final
579.7523997051771,2294.212626544898,2857.7150818438336,3.590758713248067,4.154661676390404,3.711697503311056,6230.7692307692305,0.0017161371680626378,935.0232325034013,0.049,0.266304347826087,1-0-1741-2,eyF,UT_003,003,2,fave,288.20517825307945,49.82871775372351,5,okay,1,0.160033999999996,like,"",K,#,K,"",final
683.0356953975291,2038.882968764489,2901.8514108321206,3.2702013539166006,3.939811138562277,4.194124341561408,6589.74358974359,0.004378707669044017,946.9112461655328,0.025,0.0748502994011976,1-0-1785-3,eyF,UT_003,003,2,fave,150.3521237997692,49.40021487704081,5,today,1,0.309996999999953,here,"",D,#,D,"",final
740.2337001293133,2031.3641663894255,2750.1071044172327,3.2717841485584884,3.9106721927707833,3.910847152548498,6589.74358974359,0.0007828140013289202,952.5849578344671,0.025,0.10683760683760683,1-0-1811-2,eyF,UT_003,003,2,fave,205.71050652183283,58.70349316426278,5,okay,1,0.21002199999998084,like,"",K,#,K,"",final
753.5665556780061,2177.1683607132254,2913.9171796772894,3.5698702445485035,3.762728833466149,3.8755130129145745,6589.74358974359,0.0001180591387960204,967.7669465034014,0.049,0.3951612903225807,1-0-1889-2,eyF,UT_003,003,2,fave,274.55322863450766,59.09671906947184,5,okay,1,0.10003599999993185,like,and,K,#,K,@,final
599.2605643956687,2687.329053451852,3959.9675432717872,3.586199403240172,3.835367998660632,4.953171044596547,7666.666666666666,0.00038923856835068404,1016.1807638344671,0.039,0.46428571428571425,1-0-2081-1,eyF,UT_003,003,2,fave,310.79276892947547,52.72741623117223,5,hey,1,0.059996999999953005,like,this,HH,#,HH,DH,final
713.8532896035313,2164.530959565798,2799.1752700292777,3.2241967210718636,4.028125272684492,4.057559704079086,6230.7692307692305,0.006836004264819407,1057.7556501723357,0.095,0.4241071428571429,1-0-2253-2,eyF,UT_003,003,2,fave,335.2834003069647,43.35273581754804,5,okay,1,0.20007299999997485,like,"",K,#,K,"",final
796.9370335272708,1803.005019857048,2464.0005858137993,2.7894477561529425,3.5679454475406933,3.898406506897773,6410.25641025641,0.0010998511625293773,1062.8663288344671,0.051000000000000004,0.3109756097560976,1-0-2270-2,eyF,UT_003,003,2,fave,371.9424019208297,51.654116263388914,5,okay,1,0.1400149999999485,like,"",K,#,K,"",final
706.3854831665062,1948.189717897216,2615.5428215419024,2.862773581279905,3.976892557271188,3.7351020994693913,6230.7692307692305,0.00018900798008284736,1063.610373489796,0.13899999999999998,0.8475609756097561,1-0-2274-1,eyF,UT_003,003,2,fave,227.3750045284437,64.16680991420286,5,way,1,0.13989300000002913,no,i,W,#,W,ay,final
648.7762010705887,2464.5410087342725,2872.6354632309803,3.050085229579864,4.136678813224189,4.289820225611375,6410.25641025641,0.0011176312665946472,1069.6553621655328,0.049,0.3402777777777778,1-0-2296-1,eyF,UT_003,003,2,fave,208.69062354916872,58.5250306581162,5,way,1,0.11999500000001717,no,i,W,#,W,ay,final
517.2610637227782,2070.0491589553417,2906.1013035639166,3.3483185054977107,4.058969364531041,4.325883122322074,6230.7692307692305,0.0007978529931223008,1070.2133261723354,0.025,0.24038461538461536,1-0-2300-1,eyF,UT_003,003,2,fave,202.2092264053304,57.029375106291255,5,they,1,0.08007799999995768,that,were,DH,#,DH,W,final
582.7339165264942,2101.3303633342807,2947.234065819825,3.51634041981913,4.0204655910009555,4.132153319190347,6230.7692307692305,0.0008282987946162368,1139.7133205034015,0.025,0.1288659793814433,1-0-2543-1,eyF,UT_003,003,2,fave,188.1048730664212,52.608321718350574,5,day,1,0.17004300000007788,this,and,D,#,D,@,final
516.6694553273893,2089.5474741972976,2842.2407640715205,2.8003866295399633,4.064753962883512,3.896684372566802,6589.74358974359,0.000189308158498231,1158.2129841655328,0.03900000000000001,0.2532467532467533,1-0-2602-1,eyF,UT_003,003,2,fave,230.50425952798588,60.36687928838091,5,say,1,0.13000499999998283,i'll,something,S,#,S,S,final
665.2636091892163,2124.3115863172766,2822.344716824702,3.0737645382523806,4.040523688504796,4.04631751447842,6769.2307692307695,0.0019718588514400573,1163.0319091723354,0.11699999999999999,0.3726114649681528,1-0-2618-1,eyF,UT_003,003,2,fave,219.89787745814428,60.94712018871621,5,say,1,0.29003899999997884,to,but,S,#,S,B,final
593.4015045990009,2315.49328750153,3055.5182851701047,3.1998120211213776,3.74592428967081,4.094654847508232,7487.179487179487,0.00039044846146714255,1177.7530948344672,0.055,0.33536585365853655,1-0-2669-1,eyF,UT_003,003,2,fave,217.19223075772473,57.34616386852111,5,say,1,0.1400140000000647,would,something,S,#,S,S,final
630.5422645322162,2050.532558930045,2996.091648801106,3.3987893094644845,3.970464509226737,4.593005781170238,7487.179487179487,0.001732899401765682,1189.0110991655326,0.051000000000000004,0.3311688311688312,1-0-2724-1,eyF,UT_003,003,2,fave,243.48881773371556,58.80371552494799,5,say,1,0.13000400000009904,just,it,S,#,S,i,final
530.6631529681664,2112.532275402879,2857.7479363646835,3.118519897212899,3.375753924957399,3.86298818312018,6769.2307692307695,0.00046139938921678877,1193.4981218412697,0.025,0.21929824561403513,1-0-2744-1,eyF,UT_003,003,2,fave,224.20549712672465,61.02561030623977,5,say,1,0.09008700000003955,gonna,butterfly,S,#,S,B,final
580.7574774923863,2240.671665125816,3037.133394008232,3.1876876237099916,3.891803934512919,4.140688527976461,6589.74358974359,0.0002639810755810131,1195.2931324965987,0.035,0.3070175438596492,1-0-2752-1,eyF,UT_003,003,2,fave,202.11936290598197,56.25529671282604,5,say,1,0.0899650000001202,i,dragonfly,S,#,S,D,final
702.9315539507334,2085.5417961324997,2928.1157562100525,3.0289537408543348,3.97938423338147,4.341328414316836,6410.25641025641,0.0014131035116478085,1374.1426791723356,0.059000000000000004,0.3041237113402062,1-0-3010-1,eyF,UT_003,003,2,fave,230.93094957675785,59.25897800954379,5,kay,1,0.17004399999996167,"","",K,#,K,"",final
758.2342842940424,2191.15625942902,2810.3516489627796,3.2732207514295197,4.154008344798583,4.01995119609575,6769.2307692307695,0.009660469906340927,1389.350201834467,0.279,0.9177631578947368,1-0-3043-3,eyF,UT_003,003,2,fave,-101707.50454610065,42.9100685409701,5,today,1,0.28003000000012435,"","",D,#,D,"",final
695.0182878591685,2216.5449286442677,2978.7561021729853,3.2948418612185173,3.7318524102660655,3.701118793701973,6410.25641025641,0.0004937507936574844,1424.2638575034016,0.025,0.14367816091954025,1-0-3101-0,eyF,UT_003,003,2,fave,165.4701233549231,48.240872128113615,5,a,1,0.15002400000003036,rang,bell,#,#,NG,B,coextensive
788.6868815342294,2228.630858335679,2724.75500194632,3.3703662358122637,4.085359569538745,4.226017237079026,6589.74358974359,0.007338028190030405,1447.925289165533,0.23900000000000002,0.9053030303030303,1-0-3142-6,eyF,UT_003,003,2,fave,-328061.08627715317,44.670824254175955,5,yesterday,2,0.23999000000003434,"","",D,#,D,"",final
617.2369078691625,2248.3790137382744,3028.5454149656343,3.525653368058533,4.047568516696045,3.9964818791657035,6769.2307692307695,0.02699760276233189,1518.6343398276642,0.079,0.22316384180790955,1-0-3275-1,eyF,UT_003,003,2,fave,265.699053162496,54.695534433486074,5,day,1,0.3299570000001495,the,"",D,#,D,"",final
622.2937173834284,2153.971300544877,2754.2921658109058,3.405801259426261,4.0046984014011615,4.1543756425728775,6589.74358974359,0.001876544186471514,1524.2273358276645,0.025,0.11160714285714288,1-0-3285-6,eyF,UT_003,003,2,fave,249.86789242300824,54.30135649055886,5,yesterday,2,0.1999510000000555,from,"",D,#,D,"",final
441.5644627682116,811.7038739403763,2877.651020524935,3.372845111693856,3.0116116509985087,4.308643422062583,5871.794871794871,0.0002832349528423176,290.12024983446713,0.047,0.3263888888888889,1-0-384-1,owr,UT_003,003,2,fave,199.04242769585304,48.81823119708979,5,for,1,0.11999500000001717,apply,"",F,R,F,R,internal
538.4022615913091,1027.6106769002968,2254.0463662738857,3.5929726583648303,3.5620946484781104,4.384922704220728,5871.794871794871,0.00021814125564620045,403.04964383446713,0.035,0.3365384615384616,1-0-613-1,owr,UT_003,003,2,fave,178.37680191990708,48.83708827680369,5,george,1,0.08001700000005485,saint,"",JH,R,JH,R,internal
563.1482405293759,1242.5395495906591,2395.0451393847707,3.467098436255111,3.7077711224267964,4.25399726611271,6051.282051282051,0.0008368899707640277,433.1804658344671,0.037,0.32456140350877194,1-0-693-1,owr,UT_003,003,2,fave,184.6299600385469,43.15512531590679,5,george,1,0.08999599999998509,saint,"",JH,R,JH,R,internal
593.7166327528714,1046.0574562412,2156.49214654108,3.1624105952012638,3.1862355567181777,4.162894195415467,5512.820512820513,0.0001139608895315231,507.1112511655329,0.027000000000000003,0.32142857142857145,1-0-868-3,owr,UT_003,003,2,fave,NaN,45.48618657959614,5,outdoor,2,0.05999700000000985,"",activity,D,R,D,R,internal
584.676014173301,1101.0862310438347,2807.49556084149,3.5530379795924567,3.805567683989315,4.687111790196318,5512.820512820513,0.0000974409361992235,510.0302398344671,0.025,0.33783783783783783,1-0-876-0,owr,UT_003,003,2,fave,214.1158665926247,41.56112214789922,5,or,1,0.05001799999996592,"",something,#,R,"",R,initial
460.93522750689175,787.0910825496045,2706.297398597198,3.6518143482108982,3.165625359301316,4.440006774967127,6410.25641025641,0.00009495427172102533,780.9537491655329,0.027000000000000003,0.32142857142857145,1-0-1388-1,owr,UT_003,003,2,fave,183.761283986011,51.5313019434365,5,bored,1,0.05999799999995048,get,and,B,R,B,R,internal
621.616967895528,3359.221654664849,5329.854372879211,3.349033560634059,4.690319748082038,5.0483651029261205,9102.564102564102,0.005598155191478521,1011.7547551655329,0.067,0.32843137254901966,1-0-2064-0,owr,UT_003,003,2,fave,208.04264987976595,49.92071481324696,5,or,1,0.17999299999996765,"","",#,R,"",R,initial
582.2986507137072,1242.3732492085362,2600.9141674933517,3.5213741664770275,3.3423016156631093,4.0642259263213285,5333.333333333333,0.0001290727685484168,1032.2268014965987,0.031,0.32978723404255317,1-0-2149-2,owr,UT_003,003,2,fave,202.69283403545637,55.05430800910838,5,store,1,0.0699459999998453,thrift,and,T,R,T,R,internal
570.6499035089666,872.3824655620742,2468.6024473358766,3.308060792083698,2.8325913276276697,4.547373641270459,6230.7692307692305,8.925641341607109e-6,1045.4606401723354,0.025,0.33783783783783783,1-0-2207-1,owr,UT_003,003,2,fave,287.26730131512545,58.2169437200865,5,more,1,0.0500489999999445,be,specific,M,R,M,R,internal
464.1060810994023,857.1354359577873,2901.3622351264526,3.0948505462370854,2.795014541800966,4.130965530333455,6051.282051282051,0.00033795968957637135,1060.7466464965985,0.037,0.32456140350877194,1-0-2265-3,owr,UT_003,003,2,fave,217.66215337052864,58.84882855584148,5,before,1,0.08996600000000399,met,"",F,R,F,R,internal
611.89609508903,944.9500797408712,2067.1927791289427,4.124836909675493,3.651187983581786,4.229767348906876,4794.871794871795,0.00003483835278688889,1097.3269678276642,0.027000000000000003,0.32142857142857145,1-0-2383-1,owr,UT_003,003,2,fave,199.7312348711537,54.25957154894396,5,more,1,0.0599369999999908,it's,of,M,R,M,R,internal
536.6257321416406,896.8485013405601,2185.0729901337486,2.774194991914332,3.462503831797089,4.560350249371281,4974.358974358975,0.00028129831834476074,1113.946965165533,0.047,0.3263888888888889,1-0-2449-1,owr,UT_003,003,2,fave,280.3956072850914,64.03433649647447,5,more,1,0.11999500000001717,i'm,of,M,R,M,R,internal
507.59079246773405,907.1898463630152,2445.9815380464397,3.6124170774064956,3.3951783889305234,4.173837748500782,5153.846153846154,0.00004440877112663909,1139.1333691723355,0.025,0.33783783783783783,1-0-2540-1,owr,UT_003,003,2,fave,225.5030123829182,65.83453519352645,5,born,1,0.0500489999999445,were,on,B,R,B,R,internal
467.5104993727776,853.8150880029386,2777.7670117968987,2.770919992986306,2.551986579914076,3.878156213722347,5333.333333333333,0.00008091264477102188,1413.5688884965987,0.035,0.3365384615384616,1-0-3081-1,owr,UT_003,003,2,fave,218.7791070451291,59.53455093922184,5,for,1,0.07995700000014949,"",the,F,R,F,R,internal
445.67945308735574,827.8907063567534,2840.3849410020543,3.3931427091470274,2.979092394633782,4.1702927305890976,5692.3076923076915,0.00015183431804882648,1424.9988488412696,0.035,0.33653846153846156,1-0-3103-1,owr,UT_003,003,2,fave,105.86237510580303,52.43539344205202,5,for,1,0.08007800000018506,bell,"",F,R,F,R,internal
499.3429014044808,851.5672688213544,2748.7676942831586,3.010094930057043,2.73880349884179,3.9701760851823185,5692.3076923076915,0.0004596503892819081,1430.6498454965986,0.037000000000000005,0.324561403508772,1-0-3113-1,owr,UT_003,003,2,fave,222.9847294194829,57.675013192494966,5,for,1,0.08996499999989283,belt,decoration,F,R,F,R,internal
535.2839894796919,724.1464888753452,2249.2372080097803,4.056478971122272,3.6757040340887492,4.6195310848277815,5871.794871794871,0.0008622835265422486,1453.0042154965986,0.037000000000000005,0.324561403508772,1-0-3154-1,owr,UT_003,003,2,fave,216.86521713286427,57.07426856285096,5,horns,1,0.08996499999989283,of,"",HH,R,HH,R,internal
499.57834953611246,841.3287009644735,2769.6976400447975,3.0517296986916485,2.640762571845923,3.781479500973267,5692.3076923076915,0.00007768811256680308,1496.6564641723357,0.027000000000000003,0.32142857142857145,1-0-3234-1,owr,UT_003,003,2,fave,224.05129708857118,58.0893648870546,5,for,1,0.060058999999910156,"",<unk>,F,R,F,R,internal
542.6686451085646,1026.7496358530839,2557.8840140803695,3.232223956514799,3.042386810543752,3.9627606887608997,6051.282051282051,0.0014233015947452217,1552.540231834467,0.047,0.3263888888888889,1-0-3338-0,owr,UT_003,003,2,fave,243.5497743009358,56.19713870091696,5,or,1,0.11999600000012833,"","",#,R,"",R,initial
761.0975766665856,1126.9917871353825,2472.5500570206623,3.60262050308052,3.383723990533655,4.355808986971745,6230.7692307692305,0.00010157838903423932,734.5118328344671,0.035,0.33653846153846156,1-0-1230-1,ahr,UT_003,003,2,fave,194.4511500076975,56.18367144882639,5,hard,1,0.080016999999998,so,"",HH,R,HH,R,internal
781.6756386328809,1513.3622843157411,2948.5848975092294,3.4062084103131243,4.0383097474449094,4.650139820992522,5692.3076923076915,0.00020445244857439433,1034.35671184127,0.031,0.32978723404255317,1-0-2155-1,ahr,UT_003,003,2,fave,305.45814539797675,64.75869225538118,5,sorry,1,0.07006899999987581,"",hi,S,R,S,R,internal
726.6132635837645,1230.4441200231083,2439.0074570824263,2.962658502701288,3.3508412778982466,4.2020819486376535,5512.820512820513,0.0005055585357733667,1080.5393714965985,0.037,0.32456140350877194,1-0-2348-0,ahr,UT_003,003,2,fave,184.38468650874327,49.27556042730872,5,are,1,0.08996600000000399,you,"",#,R,uw,R,initial
615.7784759603128,1426.8488059626395,2285.2477402181466,2.972972097775117,3.3084918630673283,3.6767210896015587,6410.25641025641,0.00001751242288813082,1092.5259481723353,0.025,0.33783783783783783,1-0-2365-2,ahr,UT_003,003,2,fave,288.8419372960946,66.93308437747721,5,started,1,0.05004800000006071,i,with,T,R,T,R,internal
667.0551721768059,1107.9530280764327,2251.8581902473734,3.2824274161821085,3.01033687286184,3.8985874406476504,6051.282051282051,0.000019483339501851345,1122.8633445034015,0.025,0.33783783783783783,1-0-2485-0,ahr,UT_003,003,2,fave,183.80573958167022,62.42909214046178,5,artistry,1,0.0500489999999445,"","",#,R,"",R,initial
