F1,F2,F3,B1,B2,B3,max_formant,smooth_error,time,rel_time,prop_time,id,label,file_name,group,speaker_num,point_heuristic,f0,intensity,optimized,word,stress,dur,pre_word,fol_word,pre_seg,fol_seg,abs_pre_seg,abs_fol_seg,context
459.1296066316903,1597.8602027517445,2421.4620966358284,3.0615664907312548,3.6014218480123086,4.05714463123283,4435.897435897436,0.00008737090432013037,3.16154716553288,0.027000000000000003,0.32142857142857145,0-0-3-1,ae,UT_015,intvr,1,fave,156.09013198936,46.98061802168134,8,thank,1,0.06000000000000005,"",you,TH,NG,TH,NG,internal
601.1576096164782,1937.8256917810102,2978.7989168113672,3.6433314529737806,3.6949573084312,4.651254051649621,6589.74358974359,0.003485701931855497,14.68614716553288,0.08100000000000002,0.3319672131147542,0-0-41-0,ae,UT_015,intvr,1,fave,243.2242711590807,43.820042225335364,8,ask,1,0.21999999999999886,i,"",#,S,ay,S,initial
686.3912664342338,1345.2541636717783,2513.158173613518,3.3202604948181116,3.752529006046073,4.3108389289564615,5692.3076923076915,0.0006815093209068922,17.62414716553288,0.037,0.32456140350877194,0-0-47-0,ae,UT_015,intvr,1,fave,103.54070810426126,41.668407647096174,8,ask,1,0.08999999999999986,"",for,#,S,"",S,initial
763.2578697462319,1526.2105126576478,2378.663590408295,3.236385437107389,4.04938104310252,4.641976590027758,5871.794871794871,0.0023412560551098463,24.89614716553288,0.061000000000000006,0.3315217391304348,0-0-67-1,ae,UT_015,intvr,1,fave,396.97999643210136,38.10232979552352,8,task,1,0.16000000000000014,"","",T,S,T,S,internal
522.6833036764665,1581.4047876588213,2610.9286366823358,3.2272048066533316,3.909317413984616,4.011797256625515,4974.358974358975,0.0008745773017518599,30.91914816553288,0.047,0.3263888888888889,0-0-79-0,ae,UT_015,intvr,1,fave,96.37370360750077,35.44775783304742,8,and,1,0.11999899999999997,"","",#,N,"",N,initial
642.271349364465,1496.050311859356,3111.7200966298956,3.1866732860070255,4.026819004037988,5.030514287079971,6230.7692307692305,0.0007482297842651942,32.604747165532885,0.027000000000000003,0.32142857142857145,0-0-83-1,ae,UT_015,intvr,1,fave,96.08846502704486,41.823106262460236,8,have,1,0.06000099999999975,just,you,HH,V,HH,V,internal
721.8684149043231,1543.4723040064232,2569.0860676549228,3.5008805801266996,4.192540455097996,4.334296893450885,5512.820512820513,0.003474863292751873,33.526746165532884,0.051000000000000004,0.3311688311688312,0-0-88-0,ae,UT_015,intvr,1,fave,265.64496692810684,58.43436649136965,8,at,1,0.1300019999999975,"","",#,T,"",T,initial
475.69509351160656,1832.5212244239299,2697.6956451750866,2.828472730364706,4.148977522276461,4.387957774244385,4794.871794871795,0.0007487198888350479,44.832850834467116,0.037000000000000005,0.324561403508772,0-0-108-0,ae,UT_015,intvr,1,fave,116.6877272886668,38.6234681369732,8,and,1,0.09000100000000089,"",what,#,N,"",N,initial
566.2224670445871,1696.843140865656,2657.881437104878,3.099849602502154,3.7170020488650835,4.189607006960962,4794.871794871795,0.0009214802955994272,62.95824516553288,0.035,0.33653846153846156,0-0-139-0,ae,UT_015,intvr,1,fave,113.76101224950862,32.62350178354418,8,and,1,0.08000200000000035,"",fr,#,N,"",N,initial
448.26052526789675,1644.9913261128727,2547.265099272555,3.048158982131613,3.6613310383440973,3.9522985749629522,5692.3076923076915,0.000026119828203340183,109.20705083446713,0.025,0.33783783783783783,0-0-165-1,ae,UT_015,intvr,1,fave,140.4011639248447,41.07675749496357,8,thank,1,0.050002999999989584,awesome,you,TH,NG,TH,NG,internal
680.1733867380817,1650.9255151992115,2699.011516487114,3.4109715356654693,3.6737628216580354,4.637550477378515,6769.2307692307695,0.0027215868301601587,136.8470458344671,0.067,0.32843137254901966,0-0-201-0,ae,UT_015,intvr,1,fave,-24.270007468415393,39.61373253732526,8,ask,1,0.18000800000001504,wanna,you,#,S,@,S,initial
447.3233620959653,1683.6290818357497,3085.5409515474644,3.183662321049147,3.1406616290833154,4.314406718009698,6589.74358974359,0.00006853895014881912,138.17705283446713,0.027000000000000003,0.32142857142857145,0-0-207-1,ae,UT_015,intvr,1,fave,106.0025931399027,44.06389917054712,8,that,1,0.05999700000000985,something,you,DH,T,DH,T,internal
524.4892659599277,1710.924484067715,2480.524487122189,2.904274998657078,3.6029586239924387,4.634930518501629,5153.846153846154,0.0018578096677607206,183.69914816553288,0.051000000000000004,0.3311688311688312,0-0-232-1,ae,UT_015,intvr,1,fave,97.74752941119417,42.36518625245736,8,yeah,1,0.13000499999998283,"","",Y,#,Y,"",final
695.0825571520613,1623.2126222760755,2928.7331966979,3.3980148099188296,4.005415346390654,4.662058982244356,6589.74358974359,0.007503025200801778,188.38954916553288,0.11500000000000002,0.3343023255813954,0-0-242-0,ae,UT_015,intvr,1,fave,289.2962665784641,36.1815741579111,8,ask,1,0.31999199999998496,to,"",#,S,@,S,initial
536.0215270997923,1419.8597722120794,2952.4809477378058,3.5671782494219237,4.287796820342396,4.978105883337436,6051.282051282051,0.0007587362206866807,192.18455183446713,0.025,0.33783783783783783,0-0-251-1,ae,UT_015,intvr,1,fave,95.91069168141071,40.06676782588347,8,languages,1,0.050003000000003794,other,"",L,NG,L,NG,internal
523.144619200967,1591.1238867388786,2253.1742340947167,2.7350767838827865,4.14202869711432,4.023866806055576,4794.871794871795,0.0010486212911573402,212.91375250340135,0.027000000000000003,0.32142857142857145,0-0-270-1,ae,UT_015,intvr,1,fave,129.98046909375157,43.25120016606829,8,thank,1,0.060012999999997874,awesome,you,TH,NG,TH,NG,internal
468.4468864861495,1429.3428980376018,2638.8734952847767,2.9381683889825045,3.2550819644860836,4.409772664060157,5871.794871794871,0.0002604116565858938,222.34145083446714,0.027000000000000003,0.32142857142857145,0-0-276-1,ae,UT_015,intvr,1,fave,90.50966799187809,46.64531709309934,8,that,1,0.05999700000000985,cool,you,DH,T,DH,T,internal
623.0309251491965,1445.4673317079828,2663.9020382792983,2.7202623761076286,3.2297135757861724,4.719202785570468,5871.794871794871,0.0014219419241786463,225.14045316553288,0.045,0.3358208955223881,0-0-282-1,ae,UT_015,intvr,1,fave,93.72337071599614,43.11675252986818,8,that,1,0.11000100000001112,found,niche,DH,T,DH,T,internal
601.0224833445512,1679.9339094047982,2375.607015840797,3.2315455876031085,3.9728151723440326,4.5799483665684235,5871.794871794871,0.0030811016531900118,237.82205316553288,0.061000000000000006,0.3315217391304348,0-0-290-1,ae,UT_015,intvr,1,fave,-249.2359554229681,42.53913388636988,8,yeah,1,0.15998799999999846,"","",Y,#,Y,"",final
501.92381254311584,1646.147431620614,2684.768865209811,2.6552225579090876,3.3077145947522033,4.349746211466615,5333.333333333333,0.0022381085789615913,240.63004583446713,0.07700000000000001,0.3290598290598291,0-0-296-0,ae,UT_015,intvr,1,fave,227.30542414767206,46.09553198568316,8,and,1,0.21000699999999028,"","",#,N,"",N,initial
589.9407052781553,1206.4653934753774,2220.741326348105,3.192320336462385,3.6657652358112567,4.48591550234375,5871.794871794871,0.0008256331687835413,242.83004783446714,0.037,0.32456140350877194,0-0-301-0,ae,UT_015,intvr,1,fave,118.38267014797324,49.99223297091802,8,at,1,0.09001100000000406,you,in,#,T,uw,T,initial
521.9565531358971,1735.6565166013022,2814.5177323472108,3.2240009522955635,3.7865845964459033,4.518679628672636,6410.25641025641,0.0027100877251206162,266.3242511655328,0.065,0.33505154639175255,0-0-324-0,ae,UT_015,intvr,1,fave,354.92391378381296,38.51618571115457,8,at,1,0.169983000000002,"",like,#,T,"",T,initial
639.8015430931063,1428.7464977078691,2794.750192359386,2.7390986410367484,3.841631914672878,4.660111011351975,6410.25641025641,0.0010025805943724416,267.9392561655329,0.035,0.3365384615384616,0-0-329-0,ae,UT_015,intvr,1,fave,91.78365908649788,43.19657074180601,8,at,1,0.07998599999996259,or,a,#,T,*hr,T,initial
608.4709943296945,1526.9947087876699,2654.49268741663,2.963987336115839,3.9598943600143137,4.600753206462492,6230.7692307692305,0.005175654708704714,297.2045518344671,0.095,0.33450704225352107,0-0-352-1,ae,UT_015,intvr,1,fave,201.24325330126558,46.47570427748701,8,yeah,1,0.2600100000000225,"","",Y,#,Y,"",final
555.9766249659785,1487.9152519706997,2763.1225599439626,2.587572504452471,3.495580559214095,4.230481831068887,5512.820512820513,0.00046513872621845416,313.3793431655329,0.037000000000000005,0.324561403508772,0-0-363-1,ae,UT_015,intvr,1,fave,106.90431707128756,45.37188466614789,8,that's,1,0.08999599999998509,"",happened,DH,T,DH,T,internal
711.0988094058982,1384.5080190960416,2775.8319633266824,3.4032480070389335,4.218352321474981,4.2289845218839694,5871.794871794871,0.002499093589797532,313.7743571655329,0.047,0.3263888888888889,0-0-364-1,ae,UT_015,intvr,1,fave,209.1110871206667,41.72366799118509,8,happened,1,0.11999500000001717,that's,in,HH,P,HH,P,internal
553.6966642940733,1534.808868071288,2693.434723230258,2.5777093793406864,2.841451866581675,4.019114319771006,5692.3076923076915,0.00014408001631861997,314.9083468344672,0.035,0.3365384615384616,0-0-369-1,ae,UT_015,intvr,1,fave,322.06435991924377,47.19905290827106,8,that's,1,0.08001799999999548,"",turned,DH,T,DH,T,internal
622.4856719481089,1371.3070197058441,2699.3516274033964,3.0143893310375436,3.159195075066327,4.473701970775767,5871.794871794871,0.00035147720318203424,344.67164783446714,0.045,0.3358208955223881,0-0-377-1,ae,UT_015,intvr,1,fave,107.37976373548143,48.767884551890965,8,that's,1,0.11001600000003009,"",a,DH,T,DH,T,internal
572.7660025423509,1667.5604498907826,3352.8903256341932,2.7714365586318475,4.378718563598863,4.718850173550937,6589.74358974359,0.0028383880440559584,348.0357401655329,0.047,0.3263888888888889,0-0-383-1,ae,UT_015,intvr,1,fave,283.4806685365113,41.2847142325614,8,yeah,1,0.1199959999999578,"",that,Y,#,Y,DH,final
535.8394838585307,1381.2898462972914,2653.4503224932446,2.078844490907789,3.595163672887743,3.9496114840057834,5871.794871794871,0.000020855914537971045,348.22575883446706,0.027000000000000003,0.32142857142857145,0-0-384-1,ae,UT_015,intvr,1,fave,109.13560368297769,49.40257820168355,8,that,1,0.05999700000000985,yeah,definitely,DH,T,DH,T,internal
719.8312527219462,1182.7396680369532,2359.272058644467,3.0237923989333564,3.60762012688092,4.44547523256519,5692.3076923076915,0.0019278201687883078,371.0674398344671,0.051000000000000004,0.3311688311688312,0-0-403-2,ae,UT_015,intvr,1,fave,1863.9928611288155,38.25261188783054,8,class,1,0.13000499999998283,favorite,"",L,S,L,S,internal
598.8540064393765,1525.1462281177442,2350.4763546203635,2.642560824348153,3.4147499186190333,4.354478446722845,5871.794871794871,0.0008385010808636283,403.4851428344671,0.057,0.32758620689655177,0-0-410-1,ae,UT_015,intvr,1,fave,250.49825887443563,44.652197709019184,8,yeah,1,0.15002500000002783,"",that's,Y,#,Y,DH,final
623.9572354633392,1520.7047262259412,3087.5952416979553,3.1610172616918817,3.9880813188353543,4.576378671732207,7307.692307692308,0.0064683274624606005,412.9085458344671,0.065,0.33505154639175255,0-0-426-1,ae,UT_015,intvr,1,fave,153.27365290290467,43.04201291157858,8,had,1,0.1700140000000374,you,to,HH,D,HH,D,internal
500.3993758283256,1461.8558925736806,2764.282974014146,2.524058132518896,3.1613049105992213,4.500505295327087,6051.282051282051,0.0004477901155212954,414.61154783446716,0.031,0.32978723404255317,0-0-434-1,ae,UT_015,intvr,1,fave,117.53213960479961,41.15937246191649,8,that,1,0.0700069999999755,"",is,DH,T,DH,T,internal
483.28886149289406,1677.8165946094853,2769.253312641539,2.59006488557523,3.5734236831638375,4.644409955720931,5153.846153846154,0.0003023506882746376,421.27124583446715,0.031,0.32978723404255317,0-0-444-0,ae,UT_015,intvr,1,fave,112.76955494564486,40.02756355134787,8,and,1,0.0700069999999755,"",why,#,N,"",N,initial
542.5432293375594,1460.3107852496641,2668.3871298482586,2.5664086276659432,3.035203548010552,4.562152894647373,5871.794871794871,0.00012969052421265707,466.46335383446717,0.031,0.32978723404255317,0-0-477-1,ae,UT_015,intvr,1,fave,107.49509563791638,50.38350764588934,8,that,1,0.07000799999997298,mentioned,you,DH,T,DH,T,internal
566.100119895096,1509.6080792093242,3347.2599922740073,2.167806619796156,3.7325466063533006,4.864426584280458,6769.2307692307695,0.0007895010322205687,470.73634283446705,0.037000000000000005,0.324561403508772,0-0-491-0,ae,UT_015,intvr,1,fave,148.16099910270563,53.42343381304585,8,at,1,0.0899970000000394,good,that,#,T,D,T,initial
623.1161355178655,1276.2747037372155,2624.48415377731,2.8443358353273704,4.150491465437063,4.670719511116072,5333.333333333333,0.04377870448781581,470.9723501655329,0.10899999999999999,0.33641975308641964,0-0-492-1,ae,UT_015,intvr,1,fave,199.24347620628478,47.17432964549655,8,that,1,0.29998699999998735,at,or,DH,#,DH,owr,final
555.2656204476748,1558.1481405654936,2817.892720466962,2.841605588943714,3.6168291930807746,4.2923610412122,6230.7692307692305,0.0008247761174114449,475.9683538344671,0.04100000000000001,0.3306451612903227,0-0-508-0,ae,UT_015,intvr,1,fave,477.6816571213738,39.27773427767491,8,at,1,0.10000600000000759,good,"",#,T,D,T,initial
548.1640380277652,1620.3016828657865,2936.1861912785243,3.4603431478539273,3.9562698943356436,4.685338302159,6589.74358974359,0.00575508083739888,500.4695458344671,0.075,0.33482142857142855,0-0-510-1,ae,UT_015,intvr,1,fave,-323.213221532147,44.27175148020217,8,yeah,1,0.20001199999995833,"","",Y,#,Y,"",final
618.684362988849,1389.8054390133113,1908.2541678049133,2.687978186086269,3.9478181742245133,4.2748663774581255,5512.820512820513,0.0007669212998063687,504.4205411655329,0.037000000000000005,0.324561403508772,0-0-520-6,ae,UT_015,intvr,1,fave,370.3275606656739,40.55425312573661,8,photograph,2,0.08999699999998256,"","",R,F,R,F,internal
553.8954261184289,1709.849435763766,2411.75610867913,2.844431448326708,3.422005363234422,4.339540675819522,5153.846153846154,0.00006274216763577934,512.4276261655328,0.027000000000000003,0.32142857142857145,0-0-523-1,ae,UT_015,intvr,1,fave,116.80181124424672,51.25812899843777,8,yeah,1,0.05999800000006417,oh,can,Y,#,Y,K,final
570.9694649364372,1322.26004565069,3120.5129565133443,2.7079478260079117,3.584888229657002,4.868092638730139,6051.282051282051,0.0013453925436375984,514.9946355034014,0.040999999999999995,0.33064516129032256,0-0-533-1,ae,UT_015,intvr,1,fave,193.59767457321516,46.48618898401213,8,that,1,0.10003699999992932,about,"",DH,T,DH,T,internal
413.0558511744827,1412.1510369312352,2479.7706076531044,2.728555107981299,4.050176132273648,4.137313099036254,6051.282051282051,0.00019716596732881824,586.4583271655329,0.027000000000000003,0.32142857142857145,0-0-591-1,ae,UT_015,intvr,1,fave,431.8961337131146,52.72872047337221,8,have,1,0.05999800000006417,you,a,HH,V,HH,V,internal
619.5594767293658,1887.3300869615948,3055.368373356865,2.92163372309183,3.8725203076557717,4.35146821902618,6410.25641025641,0.00022009834979995084,587.0523598344671,0.035,0.33653846153846156,0-0-594-1,ae,UT_015,intvr,1,fave,270.1175012684389,47.26702091825577,8,camera,1,0.080016999999998,favorite,to,K,M,K,M,internal
641.1590593355745,1712.0615718646063,2370.023409484708,3.549550514222883,3.757855438118492,4.452087867055598,4974.358974358975,0.0009326748926165529,589.222956165533,0.040999999999999995,0.33064516129032256,0-0-599-1,ae,UT_015,intvr,1,fave,326.79802906642936,55.442928265530526,8,canon,1,0.09997599999996964,a,"",K,N,K,N,internal
595.5074762239227,1711.5426478990976,2693.7008286915857,2.9180401775965876,3.7327440530205647,4.197028028228937,6230.7692307692305,0.0005984968775966191,613.3103681655329,0.047,0.3263888888888889,0-0-605-1,ae,UT_015,intvr,1,fave,137.88999452114356,46.05224211950152,8,camera,1,0.11999500000001717,digital,or,K,M,K,M,internal
576.5648195342144,1245.319742999643,2669.330086002191,2.0901687333872596,3.5809144414445173,4.3904141935054675,5153.846153846154,0.00012132990561059989,623.2049618344671,0.031,0.32978723404255317,0-0-620-1,ae,UT_015,intvr,1,fave,115.19919986538191,50.467578052167276,8,that,1,0.07000700000003235,used,one,DH,T,DH,T,internal
579.9958780660725,1655.84878502277,2435.655807496824,3.1620283001202694,3.5729129031931346,4.380635032383752,4974.358974358975,0.003434925568382753,634.1940778344672,0.07100000000000001,0.33177570093457953,0-0-628-1,ae,UT_015,intvr,1,fave,320.33622684476745,47.23543657029194,8,yeah,1,0.190003000000047,"","",Y,#,Y,"",final
536.5243092801818,1609.6859844935193,2224.3015269243333,3.3885467569325787,3.8229108195357933,4.649888474456192,6051.282051282051,0.0003862346312594664,691.2662325034013,0.035,0.3365384615384616,0-0-673-0,ae,UT_015,intvr,1,fave,105.24939065409328,41.79734073087982,8,answering,1,0.080016999999998,for,all,#,N,*hr,N,initial
636.5066157948264,1551.735510289332,2370.790589340155,3.526056186262881,3.7659296039326153,4.530234620291125,5333.333333333333,0.004753136276650826,697.1212424965986,0.065,0.33505154639175255,0-0-691-1,ae,UT_015,intvr,1,fave,NaN,28.875561668624886,8,task,1,0.169983000000002,reading,"",T,S,T,S,internal
494.2649966348169,1768.2832510060011,2804.578242628109,3.0175974767989606,4.195600475382719,4.4848456228458575,4974.358974358975,0.00021309601153622358,698.1322771655329,0.027000000000000003,0.32142857142857145,0-0-693-0,ae,UT_015,intvr,1,fave,95.7772859577382,37.46710610609964,8,and,1,0.05999800000006417,"",in,#,N,"",N,initial
552.8047490648383,1581.0456413698394,2579.628655821474,3.5976140152689444,3.955914740377665,4.699481587109912,6410.25641025641,0.004203492804102427,698.8292644965986,0.061000000000000006,0.33152173913043487,0-0-697-1,ae,UT_015,intvr,1,fave,127.31782603005877,40.90900534626251,8,task,1,0.15997299999992265,reading,"",T,S,T,S,internal
665.103955830376,1446.2491308264898,2223.840377425937,2.5826709990563304,3.931989610464803,4.540291501414891,5153.846153846154,0.0026553241415952908,704.0212631655329,0.085,0.3346456692913386,0-0-716-1,ae,UT_015,intvr,1,fave,119.93479788944856,49.19527042805043,8,fast,1,0.229979999999955,too,not,F,S,F,S,internal
590.8973790075913,1412.2063255736766,2670.9963853865397,2.3694345199971996,3.353469295204853,4.624955996653478,6051.282051282051,0.0022973295590399457,715.5112415034014,0.057,0.32758620689655177,0-0-754-1,ae,UT_015,intvr,1,fave,177.89746590547207,47.01791936945379,8,that,1,0.15002400000003036,start,"",DH,T,DH,T,internal
557.5096660443605,1553.6645215432281,2782.655020009733,2.7336635582215414,4.109172036738485,4.421235401576058,5871.794871794871,0.0005724224312143556,722.3202428344671,0.035,0.3365384615384616,0-0-774-0,ae,UT_015,intvr,1,fave,187.32035190350848,43.28577698785311,8,and,1,0.080016999999998,"",then,#,N,"",N,initial
520.4043912857431,1913.642959276735,3022.1660435682284,3.2459104694722622,3.6896804577459172,4.317104007038154,5692.3076923076915,0.003259254570699137,725.5152471723355,0.065,0.3350515463917526,0-0-782-0,ae,UT_015,intvr,1,fave,119.04505702763336,45.63605746657544,8,and,1,0.17004399999996167,"",when,#,N,"",N,initial
574.1367619184505,1807.5233496798166,2708.18575975697,3.3314273300173594,3.831055184859468,4.55949915183302,5153.846153846154,0.0016727582284057352,728.1512508344671,0.057,0.32758620689655177,0-0-791-0,ae,UT_015,intvr,1,fave,266.66989607947687,44.87013084062551,8,and,1,0.15002400000003036,ahead,start,#,N,D,N,initial
487.2111265072576,938.0546987590793,1306.8491269012438,3.525424720957307,3.818864123261059,4.524291202948518,3717.948717948718,0.0025503485089899366,3.52054716553288,0.025,0.21929824561403513,0-0-5-1,owF,UT_015,intvr,1,fave,151.07068733773625,45.080951004479815,8,so,1,0.08999999999999986,you,much,S,#,S,M,final
415.14942700123424,643.8082903375827,1100.4841337573666,2.999876030187329,3.2709705380602734,3.7756736537678064,3179.4871794871797,0.0002578490662115038,109.50705383446711,0.025,0.26595744680851063,0-0-167-1,owF,UT_015,intvr,1,fave,158.52854781763978,44.59849396472236,8,so,1,0.07000000000000739,you,much,S,#,S,M,final
474.4975528143109,1232.487924282307,2799.198507815667,3.159715488428803,3.7778116861301685,4.429656877745334,4435.897435897436,0.02047836495336248,134.21604583446714,0.025,0.07716049382716049,0-0-194-1,owF,UT_015,intvr,1,fave,232.95592337196473,41.67624855283082,8,so,1,0.3000030000000038,"","",S,#,S,"",final
490.6322348259042,903.7446601517387,2406.4386612540884,3.192875646223552,3.7684346030821554,4.502866444290583,4615.384615384615,0.015290619514675469,186.8945521655329,0.025,0.08503401360544217,0-0-236-0,owF,UT_015,intvr,1,fave,326.7979207392529,40.05131904371563,8,oh,1,0.26998899999998116,"","",#,#,"","",coextensive
467.80656458586185,1281.5962690830697,2176.771533348194,3.3068270064500944,3.8709769459819183,4.402556419633237,4974.358974358975,0.00717166636686697,189.78954783446713,0.05500000000000001,0.15988372093023254,0-0-246-1,owF,UT_015,intvr,1,fave,136.4911247747867,44.095104554007364,8,know,1,0.3200070000000039,you,"",N,#,N,"",final
614.5889338838613,1160.4444520754303,2861.7502727994224,3.384279616757329,3.775854295346976,4.433129748707907,5333.333333333333,0.019947571745366967,279.7885461655329,0.039,0.11676646706586824,0-0-341-0,owF,UT_015,intvr,1,fave,265.3153876707789,41.60585356985194,8,oh,1,0.30999700000000985,"","",#,#,"","",coextensive
434.30627928138034,1421.095430466766,3092.6340187284713,2.802172149336616,3.8151842576843533,4.715275370094277,5333.333333333333,0.0007413889569483573,280.48155816553293,0.025,0.24038461538461536,0-0-344-1,owF,UT_015,intvr,1,fave,401.6040332007586,46.57716922790298,8,so,1,0.07998699999996006,okay,<unk>,S,#,S,spn,final
442.7801114199317,896.1942573297332,2414.364102740434,3.0902926016439887,3.4818839107712236,3.9952172982928196,4974.358974358975,0.0299496362026949,308.2033484965986,0.22499999999999998,0.4746835443037974,0-0-358-1,owF,UT_015,intvr,1,fave,187.48869933564293,47.87549118196695,8,so,1,0.4499810000000366,"","",S,#,S,"",final
429.0245052914495,829.8947489130094,1472.9289988016747,3.081379108856706,3.810249848644296,4.6372241312116165,3897.4358974358975,0.04471000170470939,408.97554483446714,0.13899999999999998,0.45723684210526305,0-0-417-1,owF,UT_015,intvr,1,fave,160.46865901723297,41.86391710917232,8,so,1,0.27999899999997524,"","",S,#,S,"",final
451.3452919403597,1162.8965491591373,2727.2598557615165,2.3199976785023226,3.757579067721354,4.042562082514133,4974.358974358975,0.00035971162637145045,412.2085424965986,0.025,0.18656716417910452,0-0-423-1,owF,UT_015,intvr,1,fave,414.35043159722863,47.016705437963886,8,so,1,0.10998499999999467,"",if,S,#,S,i,final
610.5999792359837,1221.7974269957047,3183.9588940795843,2.7077664537193673,3.5086224360170886,4.432643547366731,6410.25641025641,0.0005271885477600585,512.2666474965987,0.025,0.20161290322580647,0-0-522-0,owF,UT_015,intvr,1,fave,563.7368910996852,52.13942663479031,8,oh,1,0.09997599999996964,"",yeah,#,#,"",Y,coextensive
593.5751985106668,1238.7233699957192,2777.2621522955933,3.263317923894796,3.48015685766109,4.743115598274854,5512.820512820513,0.004727580872643769,622.0919654965986,0.025,0.13586956521739132,0-0-614-0,owF,UT_015,intvr,1,fave,274.9892783903532,42.40483014671427,8,oh,1,0.15997300000003634,"",fun,#,#,"",F,coextensive
683.0769762213588,1504.482199790372,1952.3160613091857,3.724131321424683,3.8162056881843904,4.585743312688392,4794.871794871795,0.004094755851195012,635.6375584965987,0.025,0.1524390243902439,0-0-630-1,owF,UT_015,intvr,1,fave,118.60097668823336,43.432092824942515,8,no,1,0.1399539999999888,"",that,N,#,N,DH,final
446.4262128473612,1103.8578915186254,2655.966549557997,3.046220514551957,3.2249831078140114,4.167501412976445,4974.358974358975,0.002748912171629033,641.9634425034013,0.025,0.20161290322580647,0-0-635-1,owF,UT_015,intvr,1,fave,157.48255979698723,45.539844079766816,8,so,1,0.10003599999993185,"",if,S,#,S,i,final
407.77167120359337,939.2263590386978,2410.072527252677,2.8014614052876405,3.4935137558201577,4.48781401300931,5153.846153846154,0.008879755059252988,689.841236834467,0.16499999999999998,0.46610169491525405,0-0-666-1,owF,UT_015,intvr,1,fave,129.69077361731135,43.354887825559906,8,so,1,0.330016999999998,"","",S,#,S,"",final
462.5156046778786,965.5081547796418,1959.2186510994409,3.242946646614069,3.2835818896489855,4.32428457478412,4435.897435897436,0.00048800883994392556,690.846243834467,0.035,0.37234042553191493,0-0-670-1,owF,UT_015,intvr,1,fave,122.07816332329867,43.85508943858528,8,so,1,0.07000800000002982,you,much,S,#,S,M,final
451.3356238097084,1143.8585662851983,3125.2932327461876,1.8593355594969623,3.5823986473949505,4.430430796335776,5512.820512820513,0.0002827112638806829,693.9012418344671,0.025,0.26595744680851063,0-0-680-1,owF,UT_015,intvr,1,fave,427.96680031664266,53.94166372398532,8,so,1,0.07000699999991866,"",this,S,#,S,DH,final
573.6138884184028,1327.3194958490508,2567.791247326374,3.2694264756481086,3.8788772639808426,4.688705858272611,5153.846153846154,0.004757855240711379,699.3312281655328,0.025,0.17361111111111113,0-0-700-1,owF,UT_015,intvr,1,fave,83.40911298075734,37.48316113579485,8,know,1,0.11999600000001465,you,just,N,#,N,JH,final
534.0267449427265,1159.1077410422297,2461.0677427160804,2.6728168331737905,2.937518459583776,3.791127943954465,4974.358974358975,0.00371349096268773,704.9432638344671,0.18899999999999997,0.4678217821782177,0-0-719-2,owF,UT_015,intvr,1,fave,144.50567096074104,49.47903510343872,8,slow,1,0.38000499999998283,too,"",L,#,L,"",final
599.229048010003,1146.2940015090069,2855.4144195161566,2.9639607640270724,3.6253758114406294,4.411336075232198,6051.282051282051,0.0013048508098899474,706.5912495034013,0.025,0.20161290322580647,0-0-724-1,owF,UT_015,intvr,1,fave,147.07635850034563,48.62357526419994,8,know,1,0.10003700000004301,you,nice,N,#,N,N,final
500.24884246473056,1214.233725213221,2736.769629570502,2.9893698800725383,3.3351321160780145,4.4712870438449155,5153.846153846154,0.0005906087231843434,723.625240834467,0.025,0.26595744680851063,0-0-777-1,owF,UT_015,intvr,1,fave,104.18340640265083,44.079685603831464,8,so,1,0.07000700000003235,"",here's,S,#,S,HH,final
441.56298546878423,802.861566191126,2279.825133346125,2.86913233052009,3.749432923117401,4.013027158895915,4974.358974358975,0.000830838027661206,727.5972571655328,0.049,0.3951612903225807,0-0-789-1,owF,UT_015,intvr,1,fave,173.9177202273389,48.42167411760481,8,go,1,0.09997500000008586,just,ahead,G,#,G,@,final
446.5924638208871,786.1785986059174,1155.4842944562772,3.203388836551915,3.1245670708933835,3.439968755227584,3179.4871794871797,0.0019723465946911846,3.66854716553288,0.04100000000000001,0.3306451612903227,0-0-6-1,ʌ,UT_015,intvr,1,fave,-1701.6693870075937,45.127225394120416,8,much,1,0.09999999999999964,so,for,M,CH,M,CH,internal
572.0956493797205,1416.364558469944,2865.748944168054,2.514563162068642,3.8988657909523,4.379828608211031,4794.871794871795,0.0019648410228363207,6.67054716553288,0.045,0.3358208955223881,0-0-14-2,ʌ,UT_015,intvr,1,fave,553.5867710974168,42.25662533820379,8,study,1,0.10999999999999943,this,"",T,D,T,D,internal
656.6243648760977,1142.192118713052,2661.5775864454977,2.989259983908032,3.9169601946808044,4.444484541492723,5692.3076923076915,0.00480631211189904,38.37935283446711,0.07899999999999999,0.3376068376068376,0-0-102-2,ʌ,UT_015,intvr,1,fave,109.3195031746503,43.09165740199825,8,what,1,0.20999900000000338,"","",W,T,W,T,internal
626.7679486446759,1240.5680963645818,2941.1106830068884,2.973062895065036,4.245350148900536,4.257611483677146,5871.794871794871,0.0026511158394089533,109.63205116553289,0.035,0.33653846153846156,0-0-168-1,ʌ,UT_015,intvr,1,fave,316.87073262945637,42.835388118263594,8,much,1,0.07999399999999923,so,"",M,CH,M,CH,internal
492.4256154620278,1038.0468882542111,2419.1509529510395,3.068618147483789,4.054229358638825,4.176640072368954,5692.3076923076915,0.00032562994411167515,113.31004883446712,0.031,0.32978723404255317,0-0-177-1,ʌ,UT_015,intvr,1,fave,94.38505893661477,45.79835492486992,8,what,1,0.0700080000000014,me,your,W,T,W,T,internal
456.8677949709404,1033.9966907332387,2727.186882318197,3.2202037799422825,3.155367219774334,5.186265751033844,5871.794871794871,0.0004762619807158723,137.4990541655329,0.031,0.32978723404255317,0-0-204-1,ʌ,UT_015,intvr,1,fave,208.94318112432848,44.20414328898033,8,what,1,0.06999200000001338,is,is,W,T,W,T,internal
543.9839687199081,1028.2409090496228,2319.774886540075,3.265628093224135,3.683061879177433,4.828147177987905,4974.358974358975,0.0003871553897570857,137.79704783446715,0.027000000000000003,0.32142857142857145,0-0-206-1,ʌ,UT_015,intvr,1,fave,135.26524494536577,43.05965147143354,8,something,1,0.0600120000000004,is,that,S,M,S,M,internal
558.6687067419149,1303.5338537779649,2759.4432525844945,2.819227012537761,3.423246411089062,4.636255282511589,5692.3076923076915,0.0015548913193269842,140.83405183446715,0.061000000000000006,0.3315217391304348,0-0-212-0,ʌ,UT_015,intvr,1,fave,101.55654141217435,43.78922332293855,8,of,1,0.1600039999999865,proud,accomplishing,#,V,D,V,initial
584.0647721654597,1171.843190587776,2834.211772497351,2.6808429196596686,3.645686381717825,4.431619005744894,5692.3076923076915,0.00022933431928369717,191.87955383446712,0.035,0.3365384615384616,0-0-250-0,ʌ,UT_015,intvr,1,fave,114.3496559090954,44.52571039691941,8,other,1,0.08000199999997903,"",languages,#,DH,"",DH,initial
481.11015015184176,1111.4350655364588,2823.0381081407977,2.9974457915594748,3.2474654793622735,4.564838417557798,5153.846153846154,0.0015752729116879345,311.6993558344671,0.037,0.32456140350877194,0-0-360-2,ʌ,UT_015,intvr,1,fave,207.11462813193785,49.888263817047054,8,what's,1,0.08999599999998509,"",something,W,T,W,T,internal
577.7995856210399,1225.8686628274997,2613.109224707864,2.9573646369437996,3.8572730494200655,4.467879919632819,5333.333333333333,0.001970591941836065,312.2493381655329,0.037,0.32456140350877194,0-0-361-1,ʌ,UT_015,intvr,1,fave,149.09129794760656,49.95005060454237,8,something,1,0.08999599999998509,what's,"",S,M,S,M,internal
531.6084032195124,1360.7777150490067,2855.3890006481565,2.77453944305708,3.4313962932874826,4.611605260473357,5153.846153846154,0.000205794203362549,347.65775083446715,0.031,0.32978723404255317,0-0-381-1,ʌ,UT_015,intvr,1,fave,89.33153398281506,41.943023678193114,8,but,1,0.07000799999997298,"","",B,T,B,T,internal
526.2599641480441,1235.521228144994,3194.47526038318,2.816060194947373,3.588021492439709,4.704469980282629,6589.74358974359,0.005194385889524705,369.4324458344671,0.08100000000000002,0.3319672131147542,0-0-398-2,ʌ,UT_015,intvr,1,fave,188.35932143166727,48.918642003662235,8,what's,1,0.22000100000002476,"",what's,W,T,W,T,internal
574.5089630933097,1138.315152200851,2906.9235777832537,2.8389269529854206,3.8223546679746163,4.633796120269878,5512.820512820513,0.004820459253145078,410.5165618344671,0.061000000000000006,0.3315217391304348,0-0-419-2,ʌ,UT_015,intvr,1,fave,175.08415232614033,47.8053852408023,8,what,1,0.16000399999995807,"","",W,T,W,T,internal
618.6482343194972,1675.9945953197696,3861.150240178216,3.1662898548137233,5.109265955203019,4.704330633719863,8564.102564102563,0.004095405521170088,531.9303344965987,0.045,0.3358208955223881,0-0-539-1,ʌ,UT_015,intvr,1,fave,198.2062408850619,45.70295005333972,8,fun,1,0.10998499999993783,really,"",F,N,F,N,internal
455.8947243201037,1001.0881647156777,2335.2482683104945,2.8578916909953898,3.38758993641881,3.713514876916636,5512.820512820513,0.00019574371520577103,534.6502278344672,0.027000000000000003,0.32142857142857145,0-0-541-2,ʌ,UT_015,intvr,1,fave,415.9440070994136,52.0322692046528,8,what,1,0.059996999999953005,"",do,W,T,W,T,internal
452.09876309608865,971.5152739753191,2408.6091285570833,3.390685363122173,3.87171436988027,4.903013465581661,5871.794871794871,0.0003940590212217498,536.7902361655329,0.027000000000000003,0.32142857142857145,0-0-547-2,ʌ,UT_015,intvr,1,fave,115.82495988195005,43.12910963140847,8,one,1,0.05999800000006417,is,of,W,N,W,N,internal
557.0341514223614,997.2648411904381,2670.314792523774,2.817146114148127,3.7614530382926303,4.697141004832343,5692.3076923076915,0.0005552327176812478,622.3749448344671,0.031,0.32978723404255317,0-0-615-1,ʌ,UT_015,intvr,1,fave,135.20246904066178,44.239695633217586,8,fun,1,0.07000700000003235,oh,have,F,N,F,N,internal
551.3395826377146,1263.9026890329108,2699.286341108239,2.8917029617156875,3.6790799056279266,4.721806410021848,5512.820512820513,0.0010889768634054975,643.2314515034013,0.04100000000000001,0.3306451612903227,0-0-641-1,ʌ,UT_015,intvr,1,fave,555.564635893032,44.91063843471565,8,someone,1,0.10003700000004301,teach,"",S,M,S,M,internal
572.6009162128777,927.5788649695122,2479.539258346273,2.9536809574360396,3.7102741293508195,4.862731144352878,5871.794871794871,0.0035692228239357173,643.5114644965987,0.040999999999999995,0.33064516129032256,0-0-641-4,ʌ,UT_015,intvr,1,fave,93.2472097421571,42.47459690360636,8,someone,2,0.09997499999997217,teach,"",W,N,W,N,internal
596.7194069817178,1120.9670897972628,2692.8144747601054,2.6286971231016754,3.532454781811842,4.849663058725308,5692.3076923076915,0.0009036595429938518,684.3956714965987,0.035,0.33653846153846156,0-0-661-1,ʌ,UT_015,intvr,1,fave,301.53907447405265,41.354846405928,8,fun,1,0.07995600000003833,really,"",F,N,F,N,internal
555.8164238165301,1071.0771260716183,2282.993760442325,3.3761224607157105,3.806071539880378,4.560375732480927,5512.820512820513,0.0015828369941077265,690.9692445034013,0.04100000000000001,0.3306451612903227,0-0-671-1,ʌ,UT_015,intvr,1,fave,116.62175947613422,44.890320131121065,8,much,1,0.10003700000004301,so,for,M,CH,M,CH,internal
401.63143006090473,784.6140300647486,2181.5050082644325,2.2829310429851533,3.1699465862364145,3.987827490001708,4615.384615384615,0.0005986522665688729,4.126547165532879,0.037000000000000005,0.324561403508772,0-0-7-1,owr,UT_015,intvr,1,fave,128.77560052294743,48.187828970731175,8,for,1,0.08999999999999986,much,"",F,R,F,R,internal
425.93757945839883,743.7747252142303,1976.6633828649885,1.7381366957393392,4.006657067329926,4.009367463680437,4435.897435897436,0.000024713223507649345,28.04814716553288,0.025,0.33783783783783783,0-0-74-1,owr,UT_015,intvr,1,fave,144.02283265686034,50.80709496832834,8,forty,1,0.05000000000000071,[bracketed],sentences,F,R,F,R,internal
361.05917036692347,1048.630962476027,2152.7141923591244,1.9514031377819228,3.36255696096184,3.9891968649358,4794.871794871795,0.00024565148425402284,39.41535383446711,0.031,0.32978723404255317,0-0-105-1,owr,UT_015,intvr,1,fave,116.16406291786716,51.447248974015714,8,your,1,0.07000000000000028,is,age,Y,R,Y,R,internal
392.90965352094446,848.4219072402518,2103.9521730736637,2.0409689348203277,3.580191170394296,3.9363770560123847,4974.358974358975,0.0047887278734126135,113.59205083446713,0.075,0.33482142857142855,0-0-178-1,owr,UT_015,intvr,1,fave,97.97128105649007,47.38852135753008,8,your,1,0.20000499999999022,what,"",Y,R,Y,R,internal
500.41567212509887,935.2736876482508,1496.1162157634335,2.7377618835718436,3.722257903513605,4.062784535080059,3358.974358974359,0.0001282268442400228,262.72424550340133,0.025,0.33783783783783783,0-0-310-1,owr,UT_015,intvr,1,fave,105.74093747724454,45.23372498487849,8,more,1,0.050018000000022766,three,years,M,R,M,R,internal
413.6908515727127,713.7535321907864,1987.3973965139808,1.982390019086481,3.084970235083546,4.624555930999241,4615.384615384615,0.002169889807969905,268.63925816553285,0.055,0.3353658536585366,0-0-332-0,owr,UT_015,intvr,1,fave,139.18365354028688,45.408308116703225,8,or,1,0.1399839999999699,hospital,something,#,R,L,R,initial
394.88968116172276,691.0817859117701,2136.657280675549,2.2890518903929546,2.922884365272331,4.378079842833642,4256.410256410256,0.011860663654919543,281.34154083446714,0.10500000000000001,0.3343949044585987,0-0-347-0,owr,UT_015,intvr,1,fave,98.61004241269029,46.52603240051585,8,or,1,0.29000800000000027,"","",#,R,"",R,initial
475.7752496292963,1091.6216412059596,2323.7920567487145,2.725625008544244,3.766458347043621,4.445430919984434,4974.358974358975,0.006603368806017768,471.26034283446705,0.085,0.3346456692913386,0-0-493-0,owr,UT_015,intvr,1,fave,300.3221473921322,40.76376513543459,8,or,1,0.23001100000004726,that,"",#,R,ae,R,initial
404.1491822537639,784.7831614308487,2192.6466295992477,2.4829407981827583,2.9319616571341465,4.448277277779605,4974.358974358975,0.0003646002274660413,694.7542608276644,0.031,0.32978723404255317,0-0-683-1,owr,UT_015,intvr,1,fave,122.8134622486659,48.88639440851554,8,portion,1,0.06994700000007015,next,like,P,R,P,R,internal
431.17420634931517,1623.1206086256275,2534.989960995699,1.513839664530939,3.330201318327795,4.256503021668221,4435.897435897436,0.000051318379384955227,717.5462351723355,0.027000000000000003,0.32142857142857145,0-0-764-1,owr,UT_015,intvr,1,fave,433.5975960776413,54.59196959965831,8,forty,1,0.06005800000002637,"",sentences,F,R,F,R,internal
614.3202830126063,1631.2476552359765,2701.870594773656,3.577983642494754,3.962942276739249,4.4025937595783935,5333.333333333333,0.0037036998385271682,4.896547165532879,0.037,0.32456140350877194,0-0-9-0,@,UT_015,intvr,1,fave,399.4411944446765,37.75507297107192,8,agreeing,0,0.09000000000000075,"",to,#,G,"",G,initial
491.58959213785784,1525.2055411991641,2836.2345377110505,3.1549261621214986,3.9817709057819215,4.544269622276003,4974.358974358975,0.000362222174955002,13.72114716553288,0.031,0.32978723404255317,0-0-36-0,@,UT_015,intvr,1,fave,150.67635276959646,41.30506079923028,8,an,0,0.07000000000000028,is,interview,#,N,Z,N,initial
576.9685949524502,1441.1737601921354,2748.3748233020556,2.841758941343147,4.129651264661431,4.076386781201499,4794.871794871795,0.00041971246824239823,20.88114716553288,0.031,0.32978723404255317,0-0-55-0,@,UT_015,intvr,1,fave,39.22716972912566,39.66696592813806,8,and,0,0.07000000000000028,"",then,#,N,"",N,initial
425.5871228662278,1493.3666330456317,2797.0387182137215,2.0453581281836186,3.54882658830859,3.68355509959647,4974.358974358975,0.00004541077624238427,21.31914816553288,0.027000000000000003,0.32142857142857145,0-0-57-1,@,UT_015,intvr,1,fave,411.37416046065516,48.9707995330886,8,the,0,0.059999000000001246,then,second,DH,#,DH,S,final
493.1087766575823,1657.5899540601856,2634.877498993947,3.2640907570432027,3.8065796748757803,4.330632729431526,5333.333333333333,0.0015717046690801885,22.09414616553288,0.037,0.32456140350877194,0-0-59-4,@,UT_015,intvr,1,fave,111.40492850149569,41.54976061365422,8,portion,0,0.09000100000000089,second,is,SH,N,SH,N,internal
419.24914741276666,1272.8463924405519,2590.3284147252048,2.479446584099658,2.6840794441210467,4.034759839210176,4794.871794871795,0.0006641724860333755,28.67614616553288,0.04100000000000001,0.3306451612903227,0-0-75-7,@,UT_015,intvr,1,fave,141.68630166795464,43.54988968764964,8,sentences,0,0.10000100000000245,forty,"",S,Z,S,Z,internal
586.3528023079999,1222.8539373310011,2204.7884539041947,2.5709345159661567,3.1949560978067457,4.415408339897033,4256.410256410256,0.00012659120070390983,33.05874716553288,0.035,0.33653846153846156,0-0-86-1,@,UT_015,intvr,1,fave,99.70834313405953,45.241245813145056,8,them,0,0.07999800000000334,read,"",DH,M,DH,M,internal
580.6843075534309,1549.9103466255344,2652.1435729326513,2.562079091802795,3.5872626268824614,3.3951229593478627,4794.871794871795,0.0017991251245885148,33.869747165532885,0.057,0.3275862068965517,0-0-90-0,@,UT_015,intvr,1,fave,179.34475425083784,46.8390395236952,8,a,0,0.15000099999999605,"",nice,#,#,"",N,coextensive
390.90016270872616,1568.214183094552,2560.0429247409143,1.8680256528843358,3.933119810872047,4.448701117919481,4435.897435897436,0.0003618733043918138,37.24335183446712,0.027000000000000003,0.32142857142857145,0-0-97-1,@,UT_015,intvr,1,fave,392.3534382798832,46.88862365780153,8,to,0,0.06000099999999975,"",start,T,#,T,S,final
419.87991899845355,1087.243200494523,2097.4882331218987,2.355136496935036,3.7478953143386775,4.548547627776538,4076.923076923077,0.0003168390276823786,103.13174983446712,0.031,0.32978723404255317,0-0-156-0,@,UT_015,intvr,1,fave,102.12802576050483,47.181401280139085,8,of,0,0.07000000000000739,both,those,#,V,TH,V,initial
474.0566540674029,1028.7920317797632,2243.806877025324,2.7008399346305563,3.521119938656027,4.414276112318164,4794.871794871795,0.00011170200615770944,131.14605383446712,0.025,0.33783783783783783,0-0-188-2,@,UT_015,intvr,1,fave,87.47984770574772,40.89344630945445,8,awesome,0,0.050003000000003794,"",thank,S,M,S,M,internal
458.56631233833696,1250.2697605085152,2286.0905790289644,3.0592071031896353,3.5574266820990763,3.7672608876090665,4794.871794871795,0.0003246388488413013,141.04904783446713,0.031,0.32978723404255317,0-0-213-0,@,UT_015,intvr,1,fave,101.22897727291856,41.4612618477737,8,accomplishing,0,0.07000700000000393,of,"",#,K,V,K,initial
409.98174428262183,1405.622683404511,2519.6331025165564,2.0668584203987326,2.748485847021258,4.250372099082541,4794.871794871795,0.0004985665893185167,163.6627441655329,0.037,0.32456140350877194,0-0-218-1,@,UT_015,intvr,1,fave,387.7393064444024,49.97378185632878,8,that,0,0.08999699999998256,it,you're,DH,T,DH,T,internal
408.60338925367904,1123.5738689647255,2244.9138183676787,3.1583651557817296,3.9048105812270912,4.67296765065237,4794.871794871795,0.00023236293237052975,185.8151461655329,0.025,0.33783783783783783,0-0-234-2,@,UT_015,intvr,1,fave,171.1379193609211,34.19691516777055,8,awesome,0,0.050003000000003794,"","",S,M,S,M,internal
470.2409455927931,1618.396253220287,2750.6763686930144,3.443400313442514,3.7243541525218347,4.047989448391872,5153.846153846154,0.00579521948772638,188.20255183446713,0.061000000000000006,0.3315217391304348,0-0-241-1,@,UT_015,intvr,1,fave,481.67550840610295,38.999126561223086,8,to,0,0.16000300000001744,forgot,ask,T,#,T,ae,final
380.41437853027713,1191.2758570865124,2477.0515085024335,2.5168697572514676,3.908582991352478,4.59124160620266,4615.384615384615,0.00008297031587893884,212.65374616553285,0.027000000000000003,0.32142857142857145,0-0-269-2,@,UT_015,intvr,1,fave,372.2012468097337,34.77775393967929,8,awesome,0,0.05999800000000732,"",thank,S,M,S,M,internal
270.26266591551314,732.475874854719,1277.9981329713687,3.1260871402953243,3.598935071582963,3.9114639536698306,3179.4871794871797,0.035196582595672384,225.89344583446712,0.171,0.3326848249027238,0-0-285-0,@,UT_015,intvr,1,fave,295.4272113564096,58.00462780185346,8,of,0,0.49000599999999395,"",doing,#,V,"",V,initial
520.8805837815189,1139.658407470031,2379.2962732205633,2.6398361047861214,3.483857729867575,4.025119169642291,4435.897435897436,0.002898110886100074,262.31525116553286,0.047,0.3263888888888889,0-0-308-0,@,UT_015,intvr,1,fave,363.65310428648127,51.21883819936121,8,about,0,0.11999500000001717,"",three,#,B,"",B,initial
427.7775832945908,1692.7057493806294,2281.066059432272,2.107433344330758,3.5365942673524096,3.962952892702944,4794.871794871795,0.0005279289880614646,266.6672418344672,0.031,0.32978723404255317,0-0-326-0,@,UT_015,intvr,1,fave,410.37755847904344,40.3346806027157,8,a,0,0.07000799999997298,like,clinic,#,#,K,K,coextensive
620.5667637792787,1255.0639206856777,2434.840556195747,3.0252690836574345,3.0251000261681282,3.986443595070904,4974.358974358975,0.00030091126673726125,268.05525116553287,0.027000000000000003,0.32142857142857145,0-0-330-0,@,UT_015,intvr,1,fave,NaN,41.82109963711978,8,a,0,0.05999700000000985,at,hospital,#,#,T,HH,coextensive
485.5899972758307,1600.9211272836524,2665.9543292017606,3.5204823010639488,3.7890402834258285,3.4624243321633337,4794.871794871795,0.0001702573070975094,316.0743551655329,0.027000000000000003,0.32142857142857145,0-0-373-1,@,UT_015,intvr,1,fave,96.63611860826647,35.659777412737846,8,than,0,0.05999700000000985,better,you,DH,N,DH,N,internal
459.96152994743886,1547.1695268209387,2546.3320226569135,2.9311111258914497,2.8060057481116316,3.726910719911308,4794.871794871795,0.0003169440670582276,351.9157608344671,0.027000000000000003,0.32142857142857145,0-0-392-1,@,UT_015,intvr,1,fave,258.02574962703494,42.23328284006804,8,than,0,0.05999799999995048,better,you,DH,N,DH,N,internal
457.05177766832867,1052.0574858989537,2174.110685507704,2.956579505443171,3.978006948037898,4.623065121535951,4794.871794871795,0.0005553139453121995,367.42946016553293,0.035,0.33653846153846156,0-0-396-2,@,UT_015,intvr,1,fave,88.79189452046995,41.17216680967075,8,awesome,0,0.07998599999996259,"","",S,M,S,M,internal
384.44995222867243,1620.4499198965236,2600.5629201075394,3.223039180062538,3.0776049850131852,3.8519380898621245,4794.871794871795,0.0005587103859309789,413.1835491655329,0.035,0.33653846153846156,0-0-427-1,@,UT_015,intvr,1,fave,153.92571637515388,41.130660391031995,8,to,0,0.0799870000000169,had,name,T,#,T,N,final
458.10707642285263,1241.8800195065667,2258.9206605429163,2.7314022423585986,3.285723370207847,4.430682023348555,4794.871794871795,0.0003066406360775618,413.4995561655329,0.027000000000000003,0.32142857142857145,0-0-429-0,@,UT_015,intvr,1,fave,124.24531999765179,44.161919832091165,8,a,0,0.05999800000000732,name,place,#,#,M,P,coextensive
412.9338882210601,1452.4186618884544,2674.885316112302,2.8453913898978245,3.7819852150460047,4.991964706516897,5333.333333333333,0.00007558747501025489,445.03814950340137,0.025,0.33783783783783783,0-0-453-1,@,UT_015,intvr,1,fave,377.53660548455986,40.35258392737084,8,to,0,0.05001799999996592,down,saint,T,#,T,S,final
463.92469007419476,1280.6760138898876,2221.155322543713,3.5325756072880754,4.2838580536137245,4.428167049269017,4615.384615384615,0.04085849145477416,453.53613783446707,0.195,0.33390410958904104,0-0-461-1,@,UT_015,intvr,1,fave,213.9717104333068,60.026682690000875,8,the,0,0.5600280000000453,of,"",DH,#,DH,"",final
520.2490793629522,960.1308309678636,2422.0298017355794,2.8945782963761593,3.4360016264282787,4.760172708426175,4974.358974358975,0.002219230506341127,458.1817581655328,0.040999999999999995,0.33064516129032256,0-0-468-2,@,UT_015,intvr,1,fave,93.25126468008341,43.35538643484192,8,awesome,0,0.09997500000002901,"","",S,M,S,M,internal
478.1912433518335,1291.5576217267771,2426.9902297276335,2.6849006127887476,3.2412686704816323,4.718221876741289,5153.846153846154,0.0038949086721371813,473.8163598344671,0.037,0.32456140350877194,0-0-500-1,@,UT_015,intvr,1,fave,103.12155570050352,44.1360464885907,8,that,0,0.08999699999998256,else,you,DH,T,DH,T,internal
399.82224111614283,1568.481946209104,2432.9101980897995,2.2042732063900017,2.954357377848809,4.389135526628712,4615.384615384615,0.00019616368431469276,540.0422418344671,0.031,0.32978723404255317,0-0-559-5,@,UT_015,intvr,1,fave,87.69390196309318,45.02934564204457,8,started,0,0.07000800000002982,get,in,T,D,T,D,internal
623.0561446390086,1498.6336574502916,2464.0577886597403,3.4002834640087993,3.634105567524771,4.438040958991426,4435.897435897436,0.0029340407287240544,576.041546834467,0.055,0.33536585365853655,0-0-563-3,@,UT_015,intvr,1,fave,NaN,31.421605126675967,8,gotcha,0,0.14001500000006217,"","",CH,#,CH,"",final
398.1689620166209,1333.0850064839224,2865.029811121262,2.9950316203579526,3.6945715078578223,4.749003492826524,5153.846153846154,0.00041168697030367896,578.0358478344672,0.027000000000000003,0.32142857142857145,0-0-568-0,@,UT_015,intvr,1,fave,114.47210998209638,48.0718390864144,8,a,0,0.059996999999953005,there's,lot,#,#,Z,L,coextensive
629.5172855956922,1901.8721728300018,2880.578715739885,3.870594289221184,4.0546058558617375,4.432708100644505,5512.820512820513,0.10195912254651462,583.6623258344672,0.575,0.33352668213457076,0-0-581-1,@,UT_015,intvr,1,fave,274.02609047180334,52.13546353390329,8,that,0,1.7000119999999015,was,"",DH,#,DH,"",final
551.863422825384,1572.9516034084832,2595.3732900132204,3.115846162650689,3.307149644283292,4.6769253326997005,4615.384615384615,0.0015749957400054964,588.9809604965986,0.037,0.32456140350877194,0-0-598-0,@,UT_015,intvr,1,fave,460.28765275869864,49.26774815684797,8,a,0,0.08996600000000399,"",canon,#,#,"",K,coextensive
575.4872924733397,1465.2676720216925,2524.9080033635896,3.0563707969656195,3.9701054231686204,4.900756255180545,4794.871794871795,0.010382165011729172,589.3749315034013,0.045,0.3358208955223881,0-0-599-3,@,UT_015,intvr,1,fave,129.08186578815395,44.55172534606361,8,canon,0,0.11004600000001119,a,"",N,N,N,N,internal
476.11705896903754,1423.8920721696193,2360.2186683725267,2.7286070057734837,3.22973223932198,4.138262087569984,4794.871794871795,0.0019000821802528964,612.5693581655329,0.085,0.3346456692913386,0-0-603-0,@,UT_015,intvr,1,fave,104.59186879087306,47.851521135986,8,a,0,0.22998099999995247,it,digital,#,#,T,D,coextensive
439.57269115319497,1374.5540684467594,2218.197106717314,2.346651577736153,3.4617098811192126,4.080148350391972,4794.871794871795,0.0001704409146629736,613.0553624965986,0.037,0.32456140350877194,0-0-604-5,@,UT_015,intvr,1,fave,145.88644079791086,46.3923270766103,8,digital,0,0.08996600000000399,a,camera,T,L,T,L,internal
347.7045482980642,700.0140912393392,1454.7010835592996,3.318959241048182,3.4649649103716884,3.8144448190696036,3358.974358974359,0.031139328321892316,613.5493405034014,0.10500000000000001,0.3343949044585987,0-0-605-4,@,UT_015,intvr,1,fave,193.57625547885533,49.44759327357297,8,camera,0,0.29003899999997884,digital,or,*hr,#,*hr,*hr,final
432.4976968222194,1090.4759740276436,2149.3408583565656,2.816377149263818,3.4425256155288855,4.639966175690003,4794.871794871795,0.000030615382550246984,615.8807395034013,0.025,0.33783783783783783,0-0-612-5,@,UT_015,intvr,1,fave,128.79632105973474,47.883997217560704,8,digital,0,0.050049000000058186,"","",T,L,T,L,internal
557.7305988995813,1527.919793540308,2353.9157555186916,2.5343793263027354,3.8415828319125813,4.2047780301389075,4435.897435897436,0.0006821130939827233,695.0622601655328,0.047,0.3263888888888889,0-0-683-4,@,UT_015,intvr,1,fave,93.78743926444015,42.77937213099461,8,portion,0,0.11999500000001717,next,like,SH,N,SH,N,internal
428.47566960683247,1664.2331723825573,2285.77891226097,2.768446292663368,4.004730586885122,4.218808706580099,4435.897435897436,0.003219218244758148,695.8372338344672,0.037,0.32456140350877194,0-0-686-4,@,UT_015,intvr,1,fave,119.41333846042315,44.29285862083701,8,mentioned,0,0.09002699999996366,i,is,SH,N,SH,N,internal
620.9312391745035,1416.9857329673246,3043.2262348358026,2.8747090583597257,3.9621794308524634,4.855841107106675,5153.846153846154,0.001037593145912582,701.0042608276644,0.031,0.32978723404255317,0-0-706-0,@,UT_015,intvr,1,fave,394.03926496072535,35.37776483289241,8,aloud,0,0.06994700000007015,nice,"",#,L,S,L,initial
479.4737811722001,1507.5606795455938,2507.271809790533,2.838874825359326,3.369226306495827,3.892482141183044,4974.358974358975,0.000031261035613175316,712.3922261655329,0.027000000000000003,0.32142857142857145,0-0-747-1,@,UT_015,intvr,1,fave,96.72744701713226,44.84489718733041,8,to,0,0.05999800000006417,free,stop,T,#,T,S,final
449.1911018118558,1236.160499351217,3069.576718257557,2.6950574904325957,4.054946155064433,4.844013352042541,5153.846153846154,0.002809074554603895,718.7112464965986,0.037,0.32456140350877194,0-0-765-7,@,UT_015,intvr,1,fave,178.41929274648624,46.28453785878065,8,sentences,0,0.08996600000000399,forty,"",S,Z,S,Z,internal
584.3955265149198,1368.53321838678,2408.131572974155,2.507542440561835,3.4488181172782966,4.076651196124494,4974.358974358975,0.00044581572269078494,727.6882378344671,0.031,0.32978723404255317,0-0-790-0,@,UT_015,intvr,1,fave,98.10029732251046,48.77140388721818,8,ahead,0,0.07000799999991614,go,and,#,HH,owF,HH,initial
422.29524450714536,2069.707063828073,2909.292958461002,3.1651233318403755,3.4512034855573166,3.8675765460884413,7307.692307692308,0.001007114521569549,5.85054716553288,0.025,0.14367816091954022,0-0-11-8,ey,UT_015,intvr,1,fave,249.48926362980313,45.750387887619155,8,participate,2,0.15000000000000036,to,in,P,T,P,T,internal
372.41703700327474,2149.5954910993037,3581.727694084687,3.0643130540304595,3.656337424933034,4.440672499909198,7307.692307692308,0.00017942017196969035,11.17054716553288,0.025,0.24038461538461536,0-0-26-1,ey,UT_015,intvr,1,fave,347.80612347755397,44.53551713278224,8,takes,1,0.08000000000000007,study,place,T,K,T,K,internal
472.3648574822649,1825.7662193948984,3415.0013370600473,2.9069394446817682,4.145205646429912,4.471042127895398,7487.179487179487,0.0005199335599745216,11.69054716553288,0.025,0.24038461538461545,0-0-27-2,ey,UT_015,intvr,1,fave,108.51916084121757,46.58790645052593,8,place,1,0.08000000000000007,takes,in,L,S,L,S,internal
478.20969079345235,1953.6471400341916,2887.9735470255364,3.708011730611912,3.601004569085209,3.8906032602536595,6769.2307692307695,0.0018714860000974647,39.632350834467125,0.025,0.10245901639344263,0-0-106-0,ey,UT_015,intvr,1,fave,256.9551051271673,37.661165161717165,8,age,1,0.2200019999999938,your,"",#,JH,R,JH,initial
409.1097040083356,2122.455729894557,2992.5172690502077,2.9345661809307266,3.6544271568599864,3.993443879899911,7128.205128205128,0.0011915414123823973,114.52704983446712,0.025,0.14367816091954025,0-0-180-1,ey,UT_015,intvr,1,fave,105.54506867108415,50.040581769130206,8,daily,1,0.15000200000000063,"",routine,D,L,D,L,internal
501.8733757249255,2011.997453362418,2863.0283461492068,3.5068147511773153,3.269912148583671,4.266911168674657,7307.692307692308,0.0008898045020201799,200.21705283446713,0.025,0.18656716417910452,0-0-261-1,ey,UT_015,intvr,1,fave,84.59889784481676,39.23269469635065,8,basic,1,0.11000100000001112,probably,fluency,B,S,B,S,internal
722.0416009560681,2156.0441534552847,3575.8177758181428,3.5693580347422436,3.976229357985961,4.508367941231413,7307.692307692308,0.00043049291149167417,238.86905016553288,0.035,0.37234042553191493,0-0-293-1,ey,UT_015,intvr,1,fave,155.3717671749935,41.25437374912014,8,makes,1,0.06999199999998496,that,sense,M,K,M,K,internal
455.7389276481234,2037.0882531361965,3027.5374018031416,3.1737036418685873,3.3937544208513493,4.195869952525228,7307.692307692308,0.0002162261384399792,370.67944583446706,0.07500000000000001,0.6048387096774195,0-0-402-1,ey,UT_015,intvr,1,fave,187.8153210481832,47.123794429830745,8,favorite,1,0.10000600000000759,your,class,F,V,F,V,internal
452.3028105157312,1865.2537345290991,3549.577792514698,3.251735422948934,3.912091020190257,4.527521869944009,7487.179487179487,0.0009365910125422843,413.3285488344671,0.025,0.20161290322580647,0-0-428-1,ey,UT_015,intvr,1,fave,129.3616021746006,43.52237673941724,8,name,1,0.10000600000000759,to,a,N,M,N,M,internal
418.07685605307796,1749.0649777164062,3600.862702594288,3.1192391057542244,3.966866431447852,4.704312475732934,7487.179487179487,0.0005956633031819328,413.7185524965986,0.025,0.26595744680851063,0-0-430-2,ey,UT_015,intvr,1,fave,115.6867728290323,48.75196076383887,8,place,1,0.06997599999999693,a,in,L,S,L,S,internal
442.4020888164944,1913.512318249367,3330.0410367326444,2.668175797438739,3.716869195315568,4.470869020155054,7307.692307692308,0.001491974640484953,415.1805448344671,0.049,0.36567164179104483,0-0-437-1,ey,UT_015,intvr,1,fave,417.9064096987353,40.26100713538114,8,favorite,1,0.11001599999997325,your,"",F,V,F,V,internal
525.1584718058286,2011.3202112954802,3587.550654289154,3.8663509434545906,4.057755697704461,4.890557942050728,7307.692307692308,0.000576034638283328,445.20215649659866,0.053,0.5638297872340425,0-0-454-1,ey,UT_015,intvr,1,fave,-116.35816699101197,39.78906621036965,8,saint,1,0.0699769999999944,to,george,S,N,S,N,internal
430.38183042236494,2004.7917402099265,3215.0840923786077,3.389945176323871,3.6267068167722476,4.424588492315181,7666.666666666666,0.00046318838240302576,503.1435541655329,0.083,0.619402985074627,0-0-516-1,ey,UT_015,intvr,1,fave,115.16836612574876,48.16483775896666,8,favorite,1,0.10998499999999467,"",thing,F,V,F,V,internal
544.4577600661145,2041.1988944368372,3071.531473133153,3.68575233701856,3.659530993906822,4.2781240751849365,7307.692307692308,0.0019567098054510176,703.0472444965986,0.037000000000000005,0.2983870967741936,0-0-712-1,ey,UT_015,intvr,1,fave,462.5825147228043,34.70899805498855,8,pace,1,0.09997599999996964,comfortable,"",P,S,P,S,internal
474.42912820855014,1888.357714783035,3095.6124925756944,3.1526705186216732,3.453255989529739,4.024113126202769,7307.692307692308,0.0007553412667455222,721.255245834467,0.025,0.15243902439024393,0-0-772-1,ey,UT_015,intvr,1,fave,138.81478864848148,45.34001011206762,8,page,1,0.1400140000000647,each,"",P,JH,P,JH,internal
509.5667580861242,2268.327742004316,3481.9328967556776,3.565312791038662,4.33956260581634,4.806765023342513,7307.692307692308,0.002598229639353141,6.0365471655328795,0.037000000000000005,0.324561403508772,0-0-12-0,i,UT_015,intvr,1,fave,226.99525410905463,36.226925152458655,8,in,0,0.08999999999999986,participate,this,#,N,T,N,initial
511.38945918599285,1546.3951512480783,2844.943633182811,2.804098015727509,3.863946527611014,4.95680160825552,6230.7692307692305,0.0003429134822723279,6.27354716553288,0.031,0.32978723404255317,0-0-13-1,i,UT_015,intvr,1,fave,106.58180876510802,40.48162443797415,8,this,1,0.07000000000000028,in,study,DH,S,DH,S,internal
461.07203582791243,1689.732824632946,2545.4449279503124,3.021021328894822,4.043942260243216,4.402382151786022,5333.333333333333,0.0001298492326903601,11.87054716553288,0.025,0.33783783783783783,0-0-28-0,i,UT_015,intvr,1,fave,98.74900585219069,41.15414592100652,8,in,0,0.05000000000000071,place,two,#,N,S,N,initial
408.98967380590227,1476.7271649120248,2783.4010535960447,2.7628726571506723,4.068115586696605,5.018452823728713,6589.74358974359,0.000021712694401783055,13.588147165532881,0.025,0.33783783783783783,0-0-35-0,i,UT_015,intvr,1,fave,121.80877165288014,47.971798369239664,8,is,0,0.05000000000000071,part,an,#,Z,T,Z,initial
470.24906191030664,1876.408615257659,2964.267681908673,2.9346483831139936,3.979886110660846,4.440358931761245,5153.846153846154,0.0002610581312543201,13.841147165532881,0.031,0.32978723404255317,0-0-37-0,i,UT_015,intvr,1,fave,124.78591221676851,44.97928345966842,8,interview,1,0.07000000000000028,an,"",#,N,N,N,initial
458.394852346919,1596.8504877153082,2623.9161750183202,2.60497122989256,3.8153024895152208,4.351507850465925,4974.358974358975,0.0013749737061992872,18.70614716553288,0.08100000000000002,0.3319672131147542,0-0-51-5,i,UT_015,intvr,1,fave,134.10265609095987,49.02483355373692,8,narratives,0,0.2200009999999999,personal,"",T,V,T,V,internal
469.7491278224151,1785.9847802886286,2722.698645134934,2.718624133951108,4.0765241404278125,4.185916956796104,4974.358974358975,0.0007082491292380777,22.33414616553288,0.037000000000000005,0.324561403508772,0-0-60-0,i,UT_015,intvr,1,fave,408.1997938817516,38.19813418821346,8,is,1,0.08999999999999986,portion,gonna,#,Z,N,Z,initial
526.0428660265416,1466.2379372380303,3204.643909146518,2.963351192994846,3.9255374145781716,4.642479196586357,6230.7692307692305,0.0013199223972982412,37.86735483446712,0.035,0.33653846153846156,0-0-100-1,i,UT_015,intvr,1,fave,211.7891662558087,42.83985603500103,8,with,1,0.07999800000000334,off,"",W,TH,W,TH,internal
360.7712259316586,2565.659482736972,3935.3534632083342,3.3087055983777507,3.9519722780586184,4.453246919544282,7846.153846153846,0.002813044668501256,39.10035183446711,0.061000000000000006,0.3315217391304348,0-0-104-0,i,UT_015,intvr,1,fave,204.01421622604582,41.3087612899851,8,is,1,0.1600000000000037,"",your,#,Z,"",Z,initial
393.31617563361186,1596.7239491353919,2686.8176535589782,2.3639496579832238,3.7842673806725604,3.931261013084266,5871.794871794871,0.00008569761948483051,45.25984616553288,0.031,0.32978723404255317,0-0-110-0,i,UT_015,intvr,1,fave,125.63568764669347,47.24655283309842,8,is,0,0.06999900000000281,what,your,#,Z,T,Z,initial
410.59462889159147,1280.0366284448216,2830.2824925136224,2.7955852828545575,4.293781342178419,4.53207998550718,5692.3076923076915,0.00018441192151029878,62.314246165532886,0.027000000000000003,0.32142857142857145,0-0-136-1,i,UT_015,intvr,1,fave,90.70646289490406,43.159631612610504,8,lived,1,0.06000099999999975,have,in,L,V,L,V,internal
539.7055956688424,1575.1193694671829,2646.2170027549832,2.8290013381904022,4.188346193333424,3.868244343848106,4794.871794871795,0.00016520857188851982,62.50624816553288,0.031,0.32978723404255317,0-0-137-0,i,UT_015,intvr,1,fave,113.44226248408339,41.843810794458086,8,in,1,0.07000000000000028,lived,"",#,N,D,N,initial
416.7811970345349,1582.8499803017335,2761.3543042508877,2.252352735599194,4.2613370477469985,4.4847899006660334,5871.794871794871,0.00007650023552199653,112.38705083446712,0.025,0.33783783783783783,0-0-174-1,i,UT_015,intvr,1,fave,403.794244193613,44.36279681402515,8,describe,0,0.050003000000003794,"",to,D,S,D,S,internal
424.9610149242422,1562.2132158112845,2749.5150909777426,2.487412221663994,3.7480600526519483,4.574907672784578,5333.333333333333,0.0035336135686963974,137.59905083446714,0.031,0.32978723404255317,0-0-205-0,i,UT_015,intvr,1,fave,204.74705450290892,46.56499216729739,8,is,0,0.0700069999999755,what,something,#,Z,T,Z,initial
445.7784758985232,1404.8774022230737,2851.34518488553,2.728551917911391,3.5035187449471006,4.493257992767783,5871.794871794871,0.00007285587488945248,163.39775583446715,0.027000000000000003,0.32142857142857145,0-0-216-0,i,UT_015,intvr,1,fave,145.34563211768588,47.19718581619459,8,is,0,0.059996999999981426,what,it,#,Z,T,Z,initial
443.34572369147065,1364.2089722328362,2759.4298631764727,2.554753541347242,3.122610477819289,4.341167819941319,5692.3076923076915,0.00019631908353816304,163.51975083446712,0.031,0.32978723404255317,0-0-217-0,i,UT_015,intvr,1,fave,146.26033725361802,44.615033542271355,8,it,0,0.07000700000000393,is,that,#,T,Z,T,initial
364.4968352627967,1793.446655737294,2659.652159757226,2.5498146540275015,3.214731459477335,4.269597564699948,6051.282051282051,0.00012161806942664229,164.44975883446713,0.031,0.32978723404255317,0-0-221-1,i,UT_015,intvr,1,fave,349.65714900420596,44.856115929108846,8,to,0,0.06999199999998496,wanting,do,T,#,T,D,final
450.8384335403142,1619.8530857963642,2555.9896191579455,3.114405002309056,3.81186711939373,4.3819067764009345,5153.846153846154,0.0010800672251905308,192.48055983446713,0.037,0.32456140350877194,0-0-251-7,i,UT_015,intvr,1,fave,-412045.263533025,30.92506808249474,8,languages,0,0.08999700000001098,other,"",JH,Z,JH,Z,internal
443.82479350383784,1601.396569647162,2310.2543627677073,2.3474724576527333,3.6554595472775326,3.643532012348628,5512.820512820513,0.0006286256196141529,200.4350541655329,0.04100000000000001,0.3306451612903227,0-0-261-3,i,UT_015,intvr,1,fave,100.3318492965653,41.552793682058756,8,basic,0,0.09998999999999114,probably,fluency,S,K,S,K,internal
410.41932890088015,2273.824905711353,3014.651592561087,3.1267111439982838,3.5230706521905923,4.481903335416061,6051.282051282051,0.004663230037802178,225.38544983446712,0.055,0.3353658536585366,0-0-283-1,i,UT_015,intvr,1,fave,90.59183646687531,39.090832174510645,8,niche,1,0.13999899999998888,that,"",N,CH,N,CH,internal
416.2936944239156,2100.2959730277335,3401.88700197351,4.230420587926943,3.723631090386587,4.047272638282516,7846.153846153846,0.009187194632674636,226.5414528344671,0.047,0.3263888888888889,0-0-286-2,i,UT_015,intvr,1,fave,91.79599423764165,38.78734415094215,8,doing,0,0.11999500000001717,of,"",Tuw,NG,Tuw,NG,internal
408.3009677443608,1615.5064826416437,2666.0955036800196,2.8282942815277767,3.774937613333933,4.232107724363531,6051.282051282051,0.000018107000199571308,242.95405183446712,0.025,0.33783783783783783,0-0-302-0,i,UT_015,intvr,1,fave,189.31379716475487,44.72561917831571,8,in,0,0.050003000000003794,at,your,#,N,T,N,initial
429.25718610292796,2017.6097510640463,2956.759467527122,3.5056462149482592,4.350699231947383,4.484844886454675,6230.7692307692305,0.00012906575262017325,265.5442468344671,0.025,0.33783783783783783,0-0-320-3,i,UT_015,intvr,1,fave,135.16482869109774,47.72189097812653,8,hoping,0,0.05001799999996592,you,to,P,NG,P,NG,internal
589.3495386124865,1586.3350060027283,3731.9428668035175,3.387679303421654,4.864050073777761,4.934225617838526,7128.205128205128,0.006260984232633734,266.94724083446715,0.031,0.32978723404255317,0-0-327-2,i,UT_015,intvr,1,fave,162.83777018329417,46.048787106004056,8,clinic,1,0.0700069999999755,a,or,L,N,L,N,internal
623.6857812323885,2326.3771756371484,3593.866810151039,3.128497128083851,4.147487177820116,4.228645344159282,6948.717948717948,0.004381540518182222,267.1372391655329,0.091,0.3321167883211679,0-0-327-4,i,UT_015,intvr,1,fave,162.4526678609337,44.061855378817256,8,clinic,0,0.25,a,or,N,K,N,K,internal
432.5882413017792,1052.4819565777973,2943.0324447840626,2.3808559114012873,2.896074052235335,4.380943679816655,5692.3076923076915,0.00014026170717323507,268.4452408344671,0.027000000000000003,0.32142857142857145,0-0-331-4,i,UT_015,intvr,1,fave,412.9085278534509,45.22560455685885,8,hospital,2,0.05999800000000732,a,or,P,T,P,T,internal
482.24208799189427,1568.5734156473575,3401.1596718023798,2.9629807585755406,3.98967629082158,4.899903092271827,6230.7692307692305,0.0002444305865995935,312.52433716553287,0.027000000000000003,0.32142857142857145,0-0-361-4,i,UT_015,intvr,1,fave,142.5919193096993,46.701263747799,8,something,0,0.05999700000000985,what's,"",TH,NG,TH,NG,internal
378.2212350493544,1636.5039769326788,2630.590515018501,1.948543723625643,4.39485401567102,4.003038309733195,4794.871794871795,0.00029060334378810867,314.06435083446706,0.027000000000000003,0.32142857142857145,0-0-365-0,i,UT_015,intvr,1,fave,356.4709881233737,49.63040481747984,8,in,0,0.05999800000000732,happened,your,#,N,D,N,initial
452.5348375016458,1386.1752540352754,2640.703709998518,3.274248049363181,3.8087058635169084,4.202713286986372,5692.3076923076915,0.0002411210216605905,316.3343341655329,0.027000000000000003,0.32142857142857145,0-0-375-0,i,UT_015,intvr,1,fave,90.33096644713213,38.66643462078012,8,expected,0,0.05999800000000732,you,"",#,K,uw,K,initial
478.35001997488854,1696.1758960800605,2751.381087721201,3.201589184931131,3.8885569816913974,4.452410790260709,5871.794871794871,0.001304996617813156,316.81934516553287,0.037,0.32456140350877194,0-0-375-7,i,UT_015,intvr,1,fave,10183.46193009448,30.841776614214687,8,expected,0,0.08999600000004193,you,"",T,D,T,D,internal
399.17914726762535,1806.567981021818,2908.2298297242173,2.9648062237956707,3.9263903525181503,4.8269983357531165,6589.74358974359,0.0009544727650029356,349.0197554965986,0.035,0.33653846153846156,0-0-388-0,i,UT_015,intvr,1,fave,92.9996719077978,40.404461157486075,8,it's,0,0.0799870000000169,like,"",#,T,K,T,initial
444.3516781790148,1748.7693728577442,2855.3382946967276,2.7442814402227262,3.38942438662812,4.718026646450776,6051.282051282051,0.004915034529030779,410.9215531655329,0.191,0.3327526132404181,0-0-421-0,i,UT_015,intvr,1,fave,149.45368271946808,41.71292712675477,8,is,0,0.5499869999999873,"","",#,Z,"",Z,initial
389.6468492471146,1573.098635003499,2607.680007838724,2.277262141672661,3.57351072640697,3.9804775366296865,6051.282051282051,0.0004326123195400269,412.3265388344671,0.040999999999999995,0.33064516129032256,0-0-424-0,i,UT_015,intvr,1,fave,378.6205078360973,45.23824225167614,8,if,1,0.10000600000000759,so,you,#,F,owF,F,initial
426.1200221074348,1610.0491302896946,2741.7977621318882,2.547674241309552,3.5166666614331614,4.916194884614523,5871.794871794871,0.0004574274346234226,414.7315428344672,0.031,0.32978723404255317,0-0-435-0,i,UT_015,intvr,1,fave,106.99172356249883,40.42274793022885,8,is,0,0.0700069999999755,that,your,#,Z,T,Z,initial
404.32125382117164,1508.7296687670603,2857.1074232240344,2.322212809700566,2.967566656423623,4.3542848781479515,6051.282051282051,0.00003726037596241437,416.7395471655329,0.027000000000000003,0.32142857142857145,0-0-441-0,i,UT_015,intvr,1,fave,385.88254171444794,49.565997207648394,8,it,1,0.05999700000000985,would,be,#,T,D,T,initial
440.7598100662565,1836.660224700717,3203.6708838151,3.213245644700033,3.7722376300220715,4.7234821784707055,6948.717948717948,0.0007458505374802052,474.1463411655329,0.037000000000000005,0.324561403508772,0-0-502-1,i,UT_015,intvr,1,fave,99.65377251946295,41.628198602456706,8,think,1,0.08999599999998509,you,that,TH,NG,TH,NG,internal
369.8262546282438,1822.6474517137704,2658.756288911158,2.5304874742400525,3.433040018623417,4.305026969584638,6051.282051282051,0.004118493816350105,535.774261165533,0.195,0.33390410958904115,0-0-546-0,i,UT_015,intvr,1,fave,133.84008428449633,43.25333478723402,8,is,0,0.559996999999953,"",one,#,Z,"",Z,initial
425.0374390997603,1885.8539409785665,3034.360596860353,2.9589768865390003,3.8319403357873583,4.446911425362071,6769.2307692307695,0.0008740646189778353,537.124258834467,0.035,0.3365384615384616,0-0-550-1,i,UT_015,intvr,1,fave,133.32368131103743,43.6683368688591,8,biggest,1,0.080016999999998,the,challenges,B,G,B,G,internal
411.3135702467573,1531.8689884768949,2620.457022533647,1.8879712216197526,3.798509693976962,3.999318427637123,5512.820512820513,0.0002746394046526924,537.7822318344671,0.031,0.32978723404255317,0-0-551-6,i,UT_015,intvr,1,fave,405.22475327990674,43.42257396621883,8,challenges,0,0.07000800000002982,biggest,for,JH,Z,JH,Z,internal
391.30273753616257,1551.5513045534399,3562.1239212712117,3.4762289806357938,3.2739492084097774,4.390650920789574,7128.205128205128,0.0009457939845122519,586.782339834467,0.035,0.33653846153846156,0-0-593-4,i,UT_015,intvr,1,fave,368.33813241319933,43.92102941940447,8,favorite,0,0.080016999999998,a,camera,*hr,T,*hr,T,internal
551.3417119288616,1675.4188270085897,3278.083085163396,3.2361211266858603,3.753865593521864,4.730936754467817,6410.25641025641,0.004976619729736158,612.0843638344671,0.11500000000000002,0.3343023255813954,0-0-601-0,i,UT_015,intvr,1,fave,201.923555879269,40.72443919762224,8,is,0,0.3200080000000298,"",it,#,Z,"",Z,initial
416.32204753369393,1557.703179991094,2830.527651525619,2.405014876156052,3.343862491665001,4.4831248260636976,6051.282051282051,0.00029152522053709764,612.442327834467,0.031,0.32978723404255317,0-0-602-0,i,UT_015,intvr,1,fave,110.17336930451228,47.91569567529871,8,it,1,0.07000700000003235,is,a,#,T,Z,T,initial
386.71904246671596,1636.3526912447412,2658.337609021004,3.5105115317849824,3.561578471527616,4.589635267984424,5153.846153846154,0.0021789307040994176,613.8643548276644,0.035,0.33653846153846156,0-0-607-0,i,UT_015,intvr,1,fave,205.39897238767767,60.62269704719151,8,is,1,0.07995599999992464,or,it,#,Z,*hr,Z,initial
403.12611900442977,1621.5735717325135,2583.4763802119405,3.506241062832148,3.833404573411687,4.572667110541018,5153.846153846154,0.0006171582661795234,613.9793511655329,0.045,0.3358208955223881,0-0-608-0,i,UT_015,intvr,1,fave,196.9151398381602,53.78240137433553,8,it,0,0.10998500000005151,is,a,#,T,Z,T,initial
442.80654799085926,1536.544037443501,2374.9251575291273,2.513323542840934,3.8661946902376707,4.616142358650566,5692.3076923076915,0.00018712301068052678,614.2743505034013,0.035,0.33653846153846156,0-0-610-1,i,UT_015,intvr,1,fave,96.87447668410933,43.40401857849145,8,film,1,0.080016999999998,a,"",F,L,F,L,internal
430.50793350449356,1640.6281914535052,2521.267826768192,2.410051942306424,3.357610992079331,4.387004553134274,5512.820512820513,0.0003004300185113484,615.6587414965987,0.040999999999999995,0.33064516129032256,0-0-612-1,i,UT_015,intvr,1,fave,107.59173841304342,50.13346322323965,8,digital,1,0.09997599999996964,"","",D,JH,D,JH,internal
397.9251428677081,1617.145464504929,2596.3999194784137,3.2435935666913234,3.6558076286273993,4.016479596894765,5871.794871794871,0.00017005253595923377,642.0664671655329,0.031,0.32978723404255317,0-0-636-0,i,UT_015,intvr,1,fave,145.03806988964837,43.79648036455082,8,if,1,0.07000800000002982,so,you,#,F,owF,F,initial
384.30308268722683,1271.9380610733617,2694.096071729185,2.054780505946616,3.269846188630881,4.183618000062598,6051.282051282051,0.00010500721366944864,694.0422501655329,0.027000000000000003,0.32142857142857145,0-0-681-1,i,UT_015,intvr,1,fave,362.9333151074938,52.9672907530726,8,this,1,0.05999799999995048,so,next,DH,S,DH,S,internal
399.7912045975721,1755.089946524963,2421.0516045010504,2.0907707320305935,3.723521857702389,4.0518220600156125,4794.871794871795,0.0006599486325594567,696.0292325034014,0.061000000000000006,0.33152173913043487,0-0-687-0,i,UT_015,intvr,1,fave,226.65933600246314,44.58900603080104,8,is,1,0.160033999999996,mentioned,a,#,Z,D,Z,initial
410.09393040057915,1780.6909305102001,3306.4494133322987,2.4879958405414335,3.972868788040878,4.481995556871623,6410.25641025641,0.00011469141377063821,698.2622268344671,0.027000000000000003,0.32142857142857145,0-0-694-0,i,UT_015,intvr,1,fave,126.35194808284871,49.885176291433524,8,in,0,0.05999800000006417,and,this,#,N,D,N,initial
403.1118015501896,2193.4508015304295,3794.4670120572378,3.7060522706785317,3.5099038465306975,4.955695455196101,7487.179487179487,0.002158188301039585,698.6362658276644,0.035,0.3365384615384616,0-0-696-3,i,UT_015,intvr,1,fave,142.7844762366324,41.31801118285913,8,reading,0,0.07995600000003833,this,task,D,NG,D,NG,internal
405.75001278798436,1671.643005629585,2686.9398207196587,1.904417753896368,3.293798370028868,3.9010775565344025,6051.282051282051,0.00003308631473425142,700.4422751655329,0.027000000000000003,0.32142857142857145,0-0-704-0,i,UT_015,intvr,1,fave,389.35424003776893,49.49881662593938,8,it,0,0.059996999999953005,read,nice,#,T,D,T,initial
400.1889649401875,1952.2957399078232,2807.7224887473,2.7161606214858156,4.537328832244282,4.299043936797921,6230.7692307692305,0.001788971445800344,701.9762545034013,0.035,0.3365384615384616,0-0-708-0,i,UT_015,intvr,1,fave,397.2696127151758,37.056622990747925,8,in,0,0.080016999999998,"",a,#,N,"",N,initial
388.14984382301674,2077.362248700388,2913.415966001652,2.553266254716456,3.61010994001069,4.187170168473681,6410.25641025641,0.0014610327282955399,708.6022381655329,0.047,0.3263888888888889,0-0-731-0,i,UT_015,intvr,1,fave,383.183225566026,42.54895260358416,8,if,1,0.11999500000001717,"",you,#,F,"",F,initial
547.1687524486174,1398.839158010937,2857.6261061102045,3.132890037268268,3.5865793256268645,4.818698932137828,6410.25641025641,0.006070622710186059,724.4012508344671,0.057,0.32758620689655177,0-0-780-1,i,UT_015,intvr,1,fave,8612.831456800313,49.2583450217481,8,list,1,0.15002400000003036,the,"",L,S,L,S,internal
335.76140426641587,2373.424468202527,3542.83492068359,3.9132203566648154,4.1194990373807405,4.801807198198911,8025.641025641025,0.013424665470597104,6.8555471655328795,0.075,0.3348214285714286,0-0-14-4,iyF,UT_015,intvr,1,fave,232.36669474184535,35.23157941436881,8,study,0,0.20000000000000018,this,"",D,#,D,"",final
370.47931688112743,1864.4485624961928,2522.1289615371243,2.6383460598210773,3.9770452652597967,4.229306240544231,6051.282051282051,0.000039878686499061834,11.02154716553288,0.027000000000000003,0.32142857142857145,0-0-25-4,iyF,UT_015,intvr,1,fave,122.2245498694548,44.64175190653289,8,study,0,0.0600000000000005,the,takes,D,#,D,T,final
309.26250794209045,2166.446430616713,2922.008477424968,3.44910941461594,4.2264459792750495,3.7658237204778784,6589.74358974359,0.005974901204762154,22.905147165532878,0.13899999999999998,0.3357487922705313,0-0-62-1,iyF,UT_015,intvr,1,fave,91.93954371238286,36.78163263368451,8,be,0,0.38999899999999954,gonna,"",B,#,B,"",final
402.5285582320373,1673.001787563614,2688.703635380202,2.9526102933800336,4.3598251436182505,4.478999981808683,5692.3076923076915,0.002646222378305178,102.19475583446712,0.037000000000000005,0.324561403508772,0-0-153-3,iyF,UT_015,intvr,1,fave,99.58075074372765,39.70462880191909,8,valley,0,0.0899959999999993,west,"",L,#,L,"",final
396.0754464144097,2762.8310605573465,3856.7983544041854,3.8199008292189567,3.9378408343133677,4.488489430921244,8384.615384615383,0.0016908152903545848,113.06804883446712,0.047,0.3263888888888889,0-0-176-1,iyF,UT_015,intvr,1,fave,113.15712646226415,44.5141136747426,8,me,1,0.12000299999999697,to,what,M,#,M,W,final
339.71573976806957,2129.4380452848513,2836.1275852854587,2.9141129892873052,3.8029518535601263,4.326310405287939,6589.74358974359,0.0005175631605703588,114.72305283446713,0.037000000000000005,0.324561403508772,0-0-180-3,iyF,UT_015,intvr,1,fave,106.39431968507033,42.9248600293353,8,daily,0,0.0899959999999993,"",routine,L,#,L,R,final
468.9216052251586,2668.6213941538135,3903.4422773599103,3.533623231170772,3.8368586144050054,4.001161638429626,7666.666666666666,0.011250416828860027,190.3955451655329,0.167,0.3313492063492064,0-0-248-2,iyF,UT_015,intvr,1,fave,127.4635931403497,41.76031849073531,8,any,0,0.47999599999999987,"","",N,#,N,"",final
382.32444736072136,1828.3902928142222,2557.184848669341,2.936298802980818,3.5159257222841576,4.326137204598773,5692.3076923076915,0.0014458489490134828,201.05305416553287,0.057,0.32758620689655177,0-0-262-6,iyF,UT_015,intvr,1,fave,217.61533410501332,33.54371751320908,8,fluency,0,0.14999400000002083,basic,or,S,#,S,*hr,final
360.6022366730066,1657.493680468054,3065.5378719650253,2.6837405259871696,4.240173506193768,4.7599042094151125,6410.25641025641,0.0006734044999850571,264.2472588344672,0.031,0.32978723404255317,0-0-314-3,iyF,UT_015,intvr,1,fave,185.9510983341512,43.59558193603251,8,really,0,0.07000799999997298,that's,"",L,#,L,"",final
441.7138624178871,2176.1903298419734,3892.4245024249567,3.7364644853787974,4.344849973003498,4.792367749502709,8025.641025641025,0.001780556371095949,416.9295391655329,0.047,0.3263888888888889,0-0-442-1,iyF,UT_015,intvr,1,fave,360.09695772543506,36.60214939198916,8,be,0,0.11999499999996033,it,"",B,#,B,"",final
375.35844190211077,1723.2411661264578,3507.9501488212236,2.83967026538077,3.4107985275948933,4.113699386910075,7307.692307692308,0.00005968936811270948,457.1863541655329,0.027000000000000003,0.32142857142857145,0-0-465-2,iyF,UT_015,intvr,1,fave,119.955988962905,46.87510186675629,8,three,1,0.05999799999995048,"",times,R,#,R,T,final
404.9567540711982,2208.748086611833,3020.869219458856,3.09498296347035,3.8663727597403637,4.650923629451146,6051.282051282051,0.00009309302280390128,466.9413648344671,0.027000000000000003,0.32142857142857145,0-0-479-3,iyF,UT_015,intvr,1,fave,89.40277652574213,40.08847775165816,8,really,0,0.05999800000000732,you,enjoyed,L,#,L,i,final
434.92191989836266,1834.49314124917,3350.4051433222394,3.3089995114848714,3.48268464798366,3.880706755946185,6769.2307692307695,0.0008322886170006088,468.0183418344671,0.040999999999999995,0.33064516129032256,0-0-481-8,iyF,UT_015,intvr,1,fave,417.2246263394197,34.24432729208128,8,photography,0,0.10000600000000759,enjoyed,"",F,#,F,"",final
504.05787124679836,1971.8916706605996,3567.9048451190547,3.794461842260291,3.995485374381919,4.363017594479617,6769.2307692307695,0.005359108951397605,540.8422638276643,0.051000000000000004,0.3311688311688312,0-0-561-8,iyF,UT_015,intvr,1,fave,444.8865776470745,31.077133812091095,8,photography,0,0.12994400000002315,in,"",F,#,F,"",final
386.759137390287,2135.7495843112065,3402.2467575195283,3.8240347263138776,3.9594449508004566,4.058814889818949,6948.717948717948,0.003965313285961101,647.2794295034014,0.057,0.32758620689655177,0-0-649-8,iyF,UT_015,intvr,1,fave,127.42339801555372,32.989113991573234,8,photography,0,0.15002500000002783,doing,"",F,#,F,"",final
455.793360468135,2146.292343137795,3240.557839098968,3.2942833811228445,3.9738709658789895,4.048065772246235,6589.74358974359,0.00012813095085348152,711.1022481655328,0.027000000000000003,0.32142857142857145,0-0-740-2,iyF,UT_015,intvr,1,fave,107.97933423193301,44.075142347334555,8,any,0,0.05999800000006417,over,of,N,#,N,@,final
414.9294876310332,2452.608642059892,3870.7571574905373,2.985133523302936,4.01177605440753,3.902307285691642,8384.615384615383,0.0005230598859199567,720.7612458344671,0.037,0.32456140350877194,0-0-769-4,iyF,UT_015,intvr,1,fave,126.29936953744642,48.78793537813275,8,twenty,0,0.09002700000007735,approximantly,on,N,#,N,o,final
368.8202052602866,1303.6712337567512,2283.109244358453,3.1116169432338174,4.3505720349259365,4.313090346927651,3897.4358974358975,0.009076430173324525,726.8412585034014,0.057,0.32758620689655177,0-0-786-3,iyF,UT_015,intvr,1,fave,291.3952845584196,44.12460139864231,8,ready,0,0.15002400000003036,are,"",D,#,D,"",final
485.4006829925716,1602.5205613035168,2720.3250478319496,2.2605356995091337,3.709279458376945,4.077295105862331,5512.820512820513,0.0022780431439038385,8.78554716553288,0.135,0.3341584158415842,0-0-18-0,e,UT_015,intvr,1,fave,127.86571070884715,49.9696663989798,8,as,1,0.379999999999999,"","",#,Z,"",Z,initial
599.0405529097127,1576.2056867508213,2700.9996214773055,2.439650301432674,3.726844512543147,4.082438416716396,6230.7692307692305,0.0024988202855224092,10.043547165532878,0.091,0.33211678832116787,0-0-21-1,e,UT_015,intvr,1,fave,147.50023499294778,48.02376480068742,8,read,1,0.25,you,"",R,D,R,D,internal
531.6890928223129,1572.154202798299,2753.008608844532,3.3215734425402936,4.172191111335195,3.955015185799195,6589.74358974359,0.0005624332880932993,18.44414716553288,0.037,0.32456140350877194,0-0-51-1,e,UT_015,intvr,1,fave,124.84912141535101,43.70055244963059,8,narratives,1,0.08999999999999986,personal,"",N,R,N,R,internal
521.9888738418622,1454.7927804786498,2649.383690526092,2.262341327788656,4.034949430356012,3.6502509899278524,6230.7692307692305,0.0007726155612457462,21.061147165532883,0.07100000000000001,0.33177570093457953,0-0-56-1,e,UT_015,intvr,1,fave,105.03648369007887,49.27418771322276,8,then,1,0.19000099999999875,and,the,DH,N,DH,N,internal
615.6393155741747,1600.2775897254032,2766.612194912651,3.529728765479238,3.775131462995087,4.3681282588795565,6051.282051282051,0.00012418785943678752,21.52914716553288,0.027000000000000003,0.32142857142857145,0-0-58-1,e,UT_015,intvr,1,fave,160.38744657632128,43.65506767618906,8,second,1,0.059999000000001246,the,portion,S,K,S,K,internal
451.6253161756655,1138.1464196051686,1655.969896041136,2.702291129132686,3.4582012155363295,4.131471429543768,5153.846153846154,0.00032957034357291486,25.91114616553288,0.031,0.32978723404255317,0-0-70-1,e,UT_015,intvr,1,fave,102.56612127245069,46.52391992361837,8,where,1,0.07000199999999879,[bracketed],there's,W,R,W,R,internal
495.59093230002554,1436.0141014406527,2842.8256491102693,2.8936799343071216,3.579204723181519,4.707140754460127,5692.3076923076915,0.000289168563826234,28.39114816553288,0.031,0.32978723404255317,0-0-75-1,e,UT_015,intvr,1,fave,138.74554716997093,47.984567629604186,8,sentences,1,0.06999899999999926,forty,"",S,N,S,N,internal
432.0970227124119,1622.2126931943483,2899.4175522595688,2.47711694514418,3.5432751532217326,4.333621995516374,5692.3076923076915,0.001051205208921643,100.86475383446712,0.037000000000000005,0.324561403508772,0-0-148-1,e,UT_015,intvr,1,fave,118.02011814515605,47.46480897108494,8,said,1,0.0899959999999993,you,roy,S,D,S,D,internal
562.8660226334874,2053.800566866382,2757.484884638341,3.0943311733303487,4.152185552854205,4.267211164253185,5512.820512820513,0.0029277076575432892,190.1355481655329,0.047,0.3263888888888889,0-0-248-0,e,UT_015,intvr,1,fave,244.06632891844157,39.127708887599006,8,any,1,0.11999499999998875,"","",#,N,"",N,initial
519.2945047712569,1308.3434596289478,2100.364786740874,2.7600632360551836,3.666780896439295,4.120265003666642,5512.820512820513,0.0004255221134781534,196.37004683446713,0.031,0.32978723404255317,0-0-253-3,e,UT_015,intvr,1,fave,502.7130008999812,42.216766186919706,8,perfect,1,0.07000700000000393,"","",F,K,F,K,internal
553.9881941567407,1344.4615682070653,2364.6153038506905,3.028967619814464,3.524626290712714,4.370219527186028,5692.3076923076915,0.00022558393957981658,239.06705283446712,0.031,0.32978723404255317,0-0-294-1,e,UT_015,intvr,1,fave,NaN,41.386741515162605,8,sense,1,0.07000700000000393,makes,"",S,N,S,N,internal
408.4667000887073,1238.270571231786,2045.2672206823459,2.1817832109314246,3.3296917479536416,4.169111933246933,5692.3076923076915,0.00006001225625502356,242.43504216553285,0.027000000000000003,0.32142857142857145,0-0-298-2,e,UT_015,intvr,1,fave,134.23911133190973,52.5908040586452,8,where,1,0.05999800000000732,"",are,W,R,W,R,internal
590.7384881098116,1545.018412534139,2583.3215301391697,2.0475524819552176,3.2140542332798367,3.8103257002376334,6051.282051282051,0.00014461600528892205,315.77135149659864,0.04100000000000001,0.3306451612903227,0-0-372-1,e,UT_015,intvr,1,fave,199.13690587166397,45.41958115234943,8,better,1,0.09997600000002649,out,than,B,T,B,T,internal
629.3072010290687,1621.6169130478395,2837.490375821819,3.1514721822622547,3.5340941794431946,4.532564096113158,6410.25641025641,0.0011335851010202014,316.61633316553286,0.031,0.32978723404255317,0-0-375-4,e,UT_015,intvr,1,fave,193.9133785559251,36.93219453644876,8,expected,1,0.0700069999999755,you,"",P,K,P,K,internal
574.7563986474358,1396.9972092794328,2458.1559441898544,1.6379642096540434,3.265682153248695,4.0926192140185815,6230.7692307692305,5.6483196139276515e-6,351.67474550340137,0.025,0.33783783783783783,0-0-391-1,e,UT_015,intvr,1,fave,190.47146052495202,51.241422635597914,8,better,1,0.0500189999999634,working,than,B,T,B,T,internal
576.9410983215088,1564.1060808564102,3262.2897106393084,2.968965397720069,3.6233701326498067,4.424538609283885,6769.2307692307695,0.00046323292938899084,352.40074183446706,0.037000000000000005,0.324561403508772,0-0-394-4,e,UT_015,intvr,1,fave,569.9564242745092,43.7907180713089,8,expected,1,0.08999600000004193,you,"",P,K,P,K,internal
606.2204312948639,1978.8815137549977,3918.1343158967993,3.4431543095220487,4.155356587392609,4.793348929068981,7307.692307692308,0.00771161162371864,452.2861468344671,0.11500000000000002,0.3343023255813954,0-0-458-0,e,UT_015,intvr,1,fave,317.4508758220766,50.885184323243394,8,anywhere,1,0.32000700000003235,so,south,#,N,owF,N,initial
430.54792118879914,1249.8115054535808,1589.2081395435118,3.2758549559395616,3.726397002984312,3.760694825444077,5333.333333333333,0.0006229018270459723,452.71113783446714,0.045,0.3358208955223881,0-0-458-4,e,UT_015,intvr,1,fave,105.92586993186536,48.227251371859126,8,anywhere,2,0.11001600000003009,so,south,W,R,W,R,internal
522.2524720485461,1494.3850274236881,3395.6600691993717,3.0164930314236167,3.7972423910514905,4.687925618925142,6948.717948717948,0.00009349550531011497,473.60034350340135,0.025,0.33783783783783783,0-0-499-0,e,UT_015,intvr,1,fave,122.59331507345854,47.88882376396207,8,else,1,0.05001900000002024,something,that,#,L,NG,L,initial
570.6231065255641,1566.9962984260185,3705.609403340441,3.2527521127983863,4.35680715688181,4.845564618861329,6769.2307692307695,0.00224209586826193,636.1335555034013,0.057,0.3275862068965517,0-0-633-1,e,UT_015,intvr,1,fave,141.95174872546016,40.739295188509494,8,sense,1,0.15002500000002783,makes,"",S,N,S,N,internal
560.6282294741584,1291.981229412766,2182.6765775047247,2.292420694092508,3.362195352633137,4.299021931261019,5871.794871794871,0.00006313930995113832,692.0522658344671,0.027000000000000003,0.32142857142857145,0-0-677-2,e,UT_015,intvr,1,fave,187.9264218416221,50.02615805154393,8,questions,1,0.05999800000006417,those,[bracketed],W,S,W,S,internal
578.2754464943795,1985.1450871106947,4308.158814907799,2.773199849065741,4.607164630057452,5.104779257026667,9282.051282051281,0.00035687257061335376,694.3442438344671,0.031,0.32978723404255317,0-0-682-1,e,UT_015,intvr,1,fave,292.375117794897,46.263635668553384,8,next,1,0.07000800000002982,this,portion,N,K,N,K,internal
547.7996275760884,1630.765937229376,2999.1353928896942,2.7333868356420394,4.195320280990236,4.330149549225923,6230.7692307692305,0.0001641398873447264,695.6622461655329,0.027000000000000003,0.32142857142857145,0-0-686-1,e,UT_015,intvr,1,fave,109.64309050662656,44.911232949644834,8,mentioned,1,0.059996999999953005,i,is,M,N,M,N,internal
578.6963084046919,1609.8523600921553,2879.1065293506886,3.2780232851085214,3.447163422352241,4.29943329646013,6410.25641025641,0.0003455067483028792,710.9762545034013,0.035,0.3365384615384616,0-0-740-0,e,UT_015,intvr,1,fave,550.3753833391961,40.3114599765513,8,any,1,0.080016999999998,over,of,#,N,*hr,N,initial
480.66632161356733,1523.4074899102009,2579.0118507865786,2.8076628948548445,3.540993197778085,4.231487626030022,6230.7692307692305,0.0005116745181356474,714.5882528344672,0.051000000000000004,0.3311688311688312,0-0-751-1,e,UT_015,intvr,1,fave,105.6736032897431,44.206520118811824,8,then,1,0.13000499999998283,and,"",DH,N,DH,N,internal
527.1283257346919,1612.771759120872,2684.6072667048884,2.5828124721869643,3.535014976371329,4.4709271250834,6230.7692307692305,0.0008158350200704904,722.5162371723357,0.087,0.32954545454545453,0-0-775-1,e,UT_015,intvr,1,fave,100.73848764400363,50.248925720552776,8,then,1,0.24005099999999402,and,"",DH,N,DH,N,internal
563.2119813101863,1575.4241040261409,2840.7746346807075,3.5381596839506546,3.540578551215215,4.64724643579801,6051.282051282051,0.0007812593910882074,726.7002478344671,0.035,0.33653846153846156,0-0-786-1,e,UT_015,intvr,1,fave,126.17531435588499,47.22690663823422,8,ready,1,0.080016999999998,are,"",R,D,R,D,internal
570.6872189565854,1721.396222983976,2566.8918218226454,2.522377287209717,3.622381351826042,4.000066969749329,4974.358974358975,0.0016369075461526777,727.8702628344671,0.095,0.33450704225352107,0-0-790-2,e,UT_015,intvr,1,fave,538.6205625582784,49.990787898516736,8,ahead,1,0.26001000000007934,go,and,HH,D,HH,D,internal
346.0483399232686,1671.0716664475901,2448.3610456023307,2.4276385172966126,4.237995072374304,4.568973638959133,4974.358974358975,0.0036064568139772867,12.050547165532882,0.025,0.20161290322580647,0-0-29-1,Tuw,UT_015,intvr,1,fave,153.22952379674558,47.07763880397128,8,two,1,0.09999999999999964,in,parts,T,#,T,P,final
340.2235293670242,1675.682571866448,2493.5365469943067,2.6603920537965733,3.645718201369881,4.205172438766423,4794.871794871795,0.004941858539766672,164.55675883446713,0.025,0.12254901960784315,0-0-222-1,Tuw,UT_015,intvr,1,fave,409.5700166978464,39.44380961823987,8,do,1,0.17999299999999607,to,"",D,#,D,"",final
432.1662974690291,1104.2714347092103,2354.0435586855638,2.8863938139376684,3.9789799706113884,3.798271716231136,4435.897435897436,0.0016296557731028077,200.72704683446713,0.025,0.18656716417910452,0-0-262-2,Tuw,UT_015,intvr,1,fave,290.8186878737811,36.05711225668711,8,fluency,1,0.11000100000001112,basic,or,L,@,L,@,internal
421.1994200083357,1613.8457934103901,2507.7856539490163,2.1105161485057384,3.386959202901226,3.829298314792664,5153.846153846154,0.0007361305017040255,226.40044783446714,0.025,0.16233766233766234,0-0-286-1,Tuw,UT_015,intvr,1,fave,102.87083191886798,48.46813349608877,8,doing,1,0.13000499999998283,of,"",D,i,D,i,internal
446.6222419750334,1424.067551602449,2300.0228737606544,2.5117808772725563,3.6600574967364907,4.169797477630736,4794.871794871795,0.002709223952662516,503.6145598344671,0.025,0.06345177664974619,0-0-518-1,Tuw,UT_015,intvr,1,fave,96.74111764115595,41.24563744886977,8,to,1,0.36999500000001717,thing,"",T,#,T,"",final
359.06511519586644,1669.3119696545423,2236.4528631742987,2.7115222545456166,4.045433583981858,4.314805113075826,4076.923076923077,0.01518387114809301,644.7534701655328,0.025,0.04355400696864111,0-0-645-1,Tuw,UT_015,intvr,1,fave,98.02962208578967,39.00921660452275,8,to,1,0.5499869999999873,"","",T,#,T,"",final
413.29973214365964,1664.659094160969,2383.6474261880157,1.9718362408960113,3.5440149987867295,4.052836168947127,5512.820512820513,0.00009434023037061158,646.5934408344671,0.025,0.24038461538461536,0-0-648-1,Tuw,UT_015,intvr,1,fave,99.76886597399697,46.61656565482951,8,doing,1,0.08001799999999548,start,photography,D,i,D,i,internal
327.9789814141306,1735.2689120070904,2556.6948764099366,1.8214821206648837,3.5590987501293787,3.803319332826689,4435.897435897436,0.00018079189229263347,647.9934601655328,0.025,0.20161290322580647,0-0-654-1,Tuw,UT_015,intvr,1,fave,369.33001797276137,44.055500918125496,8,do,1,0.09997499999997217,oyu,that,D,#,D,DH,final
389.1106103563293,1746.5991412779676,3081.4933731122674,2.0250961300975603,3.813287979234216,4.620607914259215,5692.3076923076915,0.0003192135421007444,703.8212361723357,0.025,0.2976190476190476,0-0-715-1,Tuw,UT_015,intvr,1,fave,373.48045879595907,43.74181493035216,8,too,1,0.06005799999991268,not,fast,T,#,T,F,final
354.97743574548537,1523.4230603930732,2515.8425214575623,2.3048440758445263,3.84713104621781,4.230886556508093,5333.333333333333,0.000129819271152762,704.591243834467,0.025,0.2976190476190476,0-0-718-1,Tuw,UT_015,intvr,1,fave,173.0041873478842,35.5172330830393,8,too,1,0.05999800000006417,not,slow,T,#,T,S,final
413.499679237913,1140.0915308312549,1633.1827604028676,2.8386210734277117,3.4702326002537522,3.472131350552987,4974.358974358975,0.00013306302673464325,13.231147165532882,0.031,0.32978723404255317,0-0-33-1,*hr,UT_015,intvr,1,fave,115.24926643834836,45.86824769802114,8,first,1,0.06999999999999851,the,part,F,S,F,S,internal
560.2434501093412,1368.4447489124564,3298.226929888657,3.952687282908154,3.592514593107319,4.855841099244655,6589.74358974359,0.0017196712772431057,18.09114616553288,0.031,0.32978723404255317,0-0-50-1,*hr,UT_015,intvr,1,fave,90.07290587199793,38.751854915343486,8,personal,1,0.07000199999999879,some,narratives,P,S,P,S,internal
475.93170195912916,1558.2713368380082,2933.872727806109,3.020796388169085,4.049868378427556,4.138532796767775,5871.794871794871,0.0038762269288608532,45.82184916553288,0.055,0.33536585365853655,0-0-112-4,*hr,UT_015,intvr,1,fave,209.90709253406993,38.12904154154845,8,gender,0,0.139998999999996,your,"",D,#,D,"",final
416.45828426010337,1161.2299904429922,1532.606387164164,2.8920294008582372,3.548945171822113,4.622615654089932,4794.871794871795,0.0005505721350139113,103.46975383446711,0.027000000000000003,0.32142857142857145,0-0-158-1,*hr,UT_015,intvr,1,fave,386.933088562885,45.69156288589041,8,were,0,0.05999799999999311,those,for,W,#,W,F,final
440.02994845288134,1114.789283970031,2837.4836544020363,3.1238020276386655,3.4991863906247542,4.822644935892712,6230.7692307692305,0.002240464073573799,103.62175383446711,0.051000000000000004,0.3311688311688312,0-0-159-1,*hr,UT_015,intvr,1,fave,119.8481272008325,41.902170904556655,8,for,0,0.12999700000000303,were,about,F,#,F,@,final
503.558586993754,1692.5164986608252,3300.325152929022,3.498030258647959,3.6709955862733827,4.537708708694729,6051.282051282051,0.008673162883738659,168.33664016553288,0.061000000000000006,0.3315217391304348,0-0-226-1,*hr,UT_015,intvr,1,fave,227.8078976949316,40.51206907692922,8,nurse,1,0.1600040000000149,pediatric,cool,N,S,N,S,internal
435.24276606373684,1402.0302152579318,2170.9576566060045,2.5220838407376607,3.460552686980354,4.049284392693468,4615.384615384615,0.0006482094599380681,192.01755316553286,0.051000000000000004,0.3311688311688312,0-0-250-2,*hr,UT_015,intvr,1,fave,108.74258218709193,44.220407996670396,8,other,0,0.12998999999999228,"",languages,DH,#,DH,L,final
503.89008108107464,1284.2950413206572,3464.3029787520263,3.4871417186281826,3.928793428877022,4.76060008452368,6948.717948717948,0.0022479601648832167,196.19505383446713,0.04100000000000001,0.3306451612903227,0-0-253-1,*hr,UT_015,intvr,1,fave,187.85255924561727,45.79827123726765,8,perfect,0,0.10000599999997917,"","",P,F,P,F,internal
442.98596255790136,1612.0038214387687,1989.1565724064724,2.850912667750451,3.47616266947568,4.6320280883432545,5692.3076923076915,0.002151352180914755,201.20305383446714,0.057,0.3275862068965517,0-0-263-0,*hr,UT_015,intvr,1,fave,99.47266481124383,39.60857525661466,8,or,0,0.1499939999999924,fluency,like,#,#,iyF,L,coextensive
489.92656770988646,1304.2862245067174,1560.1507799477474,2.9967199499518267,3.7545082089842805,3.4215155517174125,4435.897435897436,0.00004852901567877368,242.58505683446714,0.027000000000000003,0.32142857142857145,0-0-299-0,*hr,UT_015,intvr,1,fave,142.8630801037238,42.9869443450056,8,are,0,0.05999800000000732,where,you,#,#,R,Y,coextensive
378.5817388513816,1028.45049904009,1457.4731867052062,2.689953098487114,3.1518128758544015,3.2988141771769284,4615.384615384615,0.0009076035780417705,265.82725549659864,0.051000000000000004,0.3311688311688312,0-0-322-1,*hr,UT_015,intvr,1,fave,115.16226873208774,47.544461146617756,8,work,1,0.12997400000000425,to,"",W,K,W,K,internal
423.7467992693437,763.1259814685499,1690.0952069169202,2.6453714054498856,3.198506412054885,4.194319156804871,3897.4358974358975,0.009606796956569373,267.53426083446715,0.165,0.33400809716599184,0-0-328-0,*hr,UT_015,intvr,1,fave,184.25311310588862,41.72459146650067,8,or,0,0.47000100000002476,clinic,at,#,#,K,ae,coextensive
446.9990123261802,1620.167111598394,2554.2417041420395,3.305529987312889,3.321006914882075,4.394762898499478,5871.794871794871,0.0022727878475201175,315.9243568344671,0.047,0.3263888888888889,0-0-372-3,*hr,UT_015,intvr,1,fave,105.54712934172275,40.05101129035707,8,better,0,0.11999500000001717,out,than,T,#,T,DH,final
421.0233388039459,1003.800738776923,1553.1702249474315,2.3883979568683555,3.5528322138319357,3.4272853418172935,3717.948717948718,0.00020752095550347736,351.3657371655329,0.027000000000000003,0.32142857142857145,0-0-390-1,*hr,UT_015,intvr,1,fave,405.5928629697891,45.83237501812012,8,working,1,0.05999700000000985,"",better,W,K,W,K,internal
348.31613712934234,1759.8546090736445,3236.6070579032807,2.290041207715481,2.783347345148218,4.207152080897355,7128.205128205128,0.0001821268546066864,470.2463471655329,0.037000000000000005,0.324561403508772,0-0-489-1,*hr,UT_015,intvr,1,fave,357.07542106487443,49.27477392390721,8,yourself,0,0.08999599999998509,consider,good,Y,S,Y,S,internal
421.2593069976057,1254.0046436395112,3558.5263359177957,3.457531178590428,3.282183982111182,4.50854068477085,6769.2307692307695,0.0015351267581542928,539.4542644965986,0.035,0.3365384615384616,0-0-557-1,*hr,UT_015,intvr,1,fave,195.04869941124295,46.61039845786032,8,first,1,0.07995600000003833,they,get,F,S,F,S,internal
488.581814824332,1436.2823453854844,3292.3534519806485,3.819571636249538,3.6005353477946747,5.054268940415144,8205.128205128205,0.0006455143249612628,582.730347165533,0.031,0.32978723404255317,0-0-577-3,*hr,UT_015,intvr,1,fave,105.77817081659934,47.62136949002667,8,never,0,0.07000700000003235,i,realized,V,#,V,R,final
567.8010172802454,1390.611034717315,2926.567645359004,2.939704785984711,3.505519342123833,4.606084619744138,5692.3076923076915,0.00025864994001596433,587.2383561655329,0.027000000000000003,0.32142857142857145,0-0-594-3,*hr,UT_015,intvr,1,fave,119.26124337469008,45.887171065544806,8,camera,0,0.05999800000006417,favorite,to,M,@,M,@,internal
255.7476220489059,1142.2186067016428,1710.766122402425,3.182231081635937,4.1856828269463024,3.924600427267285,4076.923076923077,0.0009652952010751194,613.8003681655329,0.027000000000000003,0.32142857142857145,0-0-606-0,*hr,UT_015,intvr,1,fave,205.61257595289558,58.91093581631707,8,or,0,0.05999800000006417,camera,is,#,#,@,i,coextensive
422.8398911130447,1449.7602181212146,3315.2556683394387,3.69106108910627,3.002228095508515,4.8540359315849235,7128.205128205128,0.00020417903706223932,622.8229511655329,0.027000000000000003,0.32142857142857145,0-0-618-2,*hr,UT_015,intvr,1,fave,104.2336946786474,43.08907479715595,8,ever,0,0.05999799999995048,you,used,V,#,V,Y,final
402.16757023002833,1081.4728333953583,1561.4997158931974,3.882618379092467,3.763545468532578,3.5657507763151766,4974.358974358975,0.0005542923216716998,642.3664608344671,0.031,0.32978723404255317,0-0-638-1,*hr,UT_015,intvr,1,fave,286.13750972142657,38.69973549880254,8,were,0,0.07000699999991866,you,to,W,#,W,T,final
434.62137246153964,1147.1647958436595,1529.3015864425945,2.843985640256782,3.584006499355226,3.585073703389106,4256.410256410256,0.0004919902113726287,710.9042418344671,0.031,0.32978723404255317,0-0-739-2,*hr,UT_015,intvr,1,fave,429.4464406254982,41.52961568527136,8,over,0,0.07000699999991866,"",any,V,#,V,e,final
461.16996580094064,1391.887092086982,3557.5625607885586,3.3290975286805207,3.228170381002619,4.804493670996466,7307.692307692308,0.002488630369413546,711.4512751655329,0.045,0.3358208955223881,0-0-743-1,*hr,UT_015,intvr,1,fave,424.63929144680304,46.38171817776796,8,words,1,0.10998499999993783,the,"",W,D,W,D,internal
514.8650345777922,1154.0014001089282,3151.8897604391286,3.500384537658466,3.6119495147494716,4.676171624628224,6589.74358974359,0.002659352842351914,716.4412435034014,0.037,0.32456140350877194,0-0-757-2,*hr,UT_015,intvr,1,fave,436.4308841624214,36.96281365937564,8,over,0,0.09002699999996366,sentence,again,V,#,V,@,final
451.8619930572465,1980.6635306955413,3076.3177105899895,3.6631259454729115,4.394929833593338,4.630164987022081,6230.7692307692305,0.007843797671954908,14.14914716553288,0.047,0.3263888888888889,0-0-37-6,uw,UT_015,intvr,1,fave,-7171.749555659199,44.08682464504093,8,interview,2,0.11999999999999922,an,"",Y,#,Y,"",final
389.9968294452199,1736.232137947607,2464.8325954185957,2.920774532097408,4.247458801376499,4.2340501341045105,4615.384615384615,0.004165822415699582,58.90424816553288,0.047,0.3263888888888889,0-0-125-1,uw,UT_015,intvr,1,fave,195.4998072372627,37.961643144846924,8,you,1,0.11999899999999997,can,"",Y,#,Y,"",final
411.4106148306229,1184.425046759058,2346.484440503665,3.458648500649808,4.078779635789258,4.541776592187758,4974.358974358975,0.029447462992412604,111.85805383446713,0.087,0.32954545454545453,0-0-172-1,uw,UT_015,intvr,1,fave,237.11665960425972,48.406848769463494,8,you,1,0.23999700000000246,can,"",Y,#,Y,"",final
527.7712500973194,1219.4434100414053,2030.7064785741404,3.324308859408116,3.917315465555064,4.2631241440413294,4435.897435897436,0.00978408458810542,131.61605083446713,0.065,0.33505154639175255,0-0-190-1,uw,UT_015,intvr,1,fave,81.21024819118651,37.15213447052939,8,you,1,0.16999799999999254,thank,"",Y,#,Y,"",final
355.2316067988656,1736.6073071721291,2334.0160565357783,2.723896765234323,4.059165216159106,4.254279206286437,5153.846153846154,0.0008567052596587815,137.2110508344671,0.035,0.3365384615384616,0-0-202-1,uw,UT_015,intvr,1,fave,104.63127385296853,43.87105403740116,8,you,1,0.08000200000000746,ask,is,Y,#,Y,i,final
349.4915548132216,1038.9137761066986,2103.6996227928576,2.628771530515065,3.5024493027444277,4.368371727852469,4256.410256410256,0.005301882912637347,138.49705583446712,0.067,0.32843137254901966,0-0-208-1,uw,UT_015,intvr,1,fave,220.46192635643968,39.59526899099608,8,you,1,0.1799919999999986,that,are,Y,#,Y,ahr,final
323.4968251779965,1615.995329586741,2231.749365044099,2.795914045929328,4.154173620107737,4.008691921322744,4974.358974358975,0.00019601909016150036,189.5495518344671,0.035,0.33653846153846156,0-0-245-1,uw,UT_015,intvr,1,fave,154.98507180612134,37.41990404238705,8,you,1,0.08000200000000746,do,know,Y,#,Y,N,final
378.18133849130254,2103.14826278261,2871.828413872051,3.341303397978633,3.932490052547672,4.890962068810299,6051.282051282051,0.0008370770107991082,213.26575283446712,0.031,0.32978723404255317,0-0-271-1,uw,UT_015,intvr,1,fave,357.4053050591472,33.7815806228355,8,you,1,0.07000700000000393,thank,"",Y,#,Y,"",final
304.0893896411381,1154.2334018645336,2229.844631378805,2.633101798807318,3.8096082405656375,3.790460550805096,4435.897435897436,0.011971955687986698,222.5784568344671,0.08099999999999999,0.3319672131147541,0-0-277-1,uw,UT_015,intvr,1,fave,102.77963032668622,42.434338870284854,8,you,1,0.22000200000002224,that,"",Y,#,Y,"",final
392.1719737955394,1244.8696407246166,2073.9434048408934,2.2289075151268203,3.690887948386406,3.8897308397131756,4256.410256410256,0.000638478382967588,242.74004516553288,0.037000000000000005,0.324561403508772,0-0-300-1,uw,UT_015,intvr,1,fave,127.26521263892603,49.24429667422957,8,you,1,0.08999700000001098,are,at,Y,#,Y,ae,final
399.8341906126912,1644.5503231945286,2249.0220820759732,2.4804942594448023,3.747821758324799,3.6458074607181827,4974.358974358975,0.00039930539841849164,265.31725549659865,0.031,0.32978723404255317,0-0-319-1,uw,UT_015,intvr,1,fave,405.98238868290696,50.650071415334196,8,you,1,0.06997599999999693,are,hoping,Y,#,Y,HH,final
423.02254019150126,983.6640147952625,2201.8250130055203,2.68181870567488,4.420510275342201,4.564247319469138,5333.333333333333,0.0018624104386546414,274.6718648344671,0.027000000000000003,0.32142857142857145,0-0-339-1,uw,UT_015,intvr,1,fave,419.78357938920345,46.54055942551812,8,cool,1,0.05999700000000985,really,"",K,L,K,L,internal
376.5127593310378,1283.8141556523583,1860.7667998150011,3.157176366184015,3.8410563599545253,4.159871780346216,4615.384615384615,0.000478160219914107,298.7745521655329,0.035,0.33653846153846156,0-0-356-1,uw,UT_015,intvr,1,fave,158.55208981415885,43.1637119761697,8,cool,1,0.0799870000000169,really,"",K,L,K,L,internal
417.67736303702657,1167.582030563827,1763.0220869623388,2.5459536823795137,3.8852485066323967,3.6396832927896186,3897.4358974358975,0.0001584674895828798,316.27433716553287,0.027000000000000003,0.32142857142857145,0-0-374-1,uw,UT_015,intvr,1,fave,415.0697081111438,38.04679595519315,8,you,1,0.05999700000000985,than,expected,Y,#,Y,i,final
352.155825711379,1569.7851836769382,2325.7662524231296,2.2063603017604176,3.837045026697268,4.210793897779936,4794.871794871795,0.0004989239023019177,412.5935531655329,0.035,0.33653846153846156,0-0-425-1,uw,UT_015,intvr,1,fave,206.74180859576117,46.43983854835765,8,you,1,0.07998600000001943,if,had,Y,#,Y,HH,final
432.3770104431334,891.3845385154146,2320.437212269644,2.9249292970934957,4.154237786785173,4.6501719071342045,5333.333333333333,0.0008468578277346962,459.5887611655329,0.035,0.33653846153846156,0-0-472-1,uw,UT_015,intvr,1,fave,157.32358545771936,43.41912764185394,8,cool,1,0.0799870000000169,really,"",K,L,K,L,internal
429.8105936053292,688.6058367795011,1031.4554500979532,2.4261049762100577,3.5145567128550153,3.5071537007346403,3000.0,0.009244957056666114,464.5653561655329,0.095,0.33450704225352107,0-0-474-1,uw,UT_015,intvr,1,fave,139.1752446457087,43.27453722381979,8,you,1,0.2599789999999871,"","",Y,#,Y,"",final
356.79275972814696,1665.5901473218448,2285.2880247672742,2.294885777062899,3.9051727140648476,3.7340574544054266,4974.358974358975,0.00020182504126685537,469.83134316553287,0.027000000000000003,0.32142857142857145,0-0-487-1,uw,UT_015,intvr,1,fave,116.80375765702544,39.8439244827765,8,you,1,0.05999800000000732,"",consider,Y,#,Y,K,final
389.05340215513155,1576.8999918403792,2719.264822209623,3.608471295915752,4.159283408215778,4.666887445648774,5692.3076923076915,0.012267765525487837,474.8033418344671,0.11100000000000002,0.3323353293413174,0-0-504-1,uw,UT_015,intvr,1,fave,166.18430495786401,36.53536054273339,8,you,1,0.3099980000000073,that,"",Y,#,Y,"",final
496.7435450637124,2001.069248912251,3000.802020840408,4.234567614074902,4.146302851668692,4.656226965709668,6589.74358974359,0.08649292978238425,512.9026538344672,0.057,0.32758620689655177,0-0-525-1,uw,UT_015,intvr,1,fave,240.18547535629853,41.26223182113359,8,you,1,0.15002499999991414,can,"",Y,#,Y,"",final
370.1109585861171,1792.2114561339597,2563.1227838171385,2.447719259415902,4.024583601982182,4.401764289811258,4794.871794871795,0.0016765945897257758,587.5783731655329,0.047,0.3263888888888889,0-0-596-1,uw,UT_015,intvr,1,fave,390.2849368682114,45.92682302151298,8,use,1,0.11999600000001465,to,"",Y,Z,Y,Z,internal
389.71437015701525,1466.4702486914073,2054.196300994153,1.654811055707731,4.139425093887883,3.520965314707603,4076.923076923077,0.0000341361983204813,642.2634351723357,0.025,0.33783783783783783,0-0-637-1,uw,UT_015,intvr,1,fave,199.19920909611596,51.70820743706327,8,you,1,0.0500489999999445,if,were,Y,#,Y,W,final
355.4300927701124,1635.2609205801334,2320.7522545070437,2.9997733519649357,3.522169626626832,3.658306468809633,4794.871794871795,0.0002927136825192693,708.9562298344671,0.035,0.3365384615384616,0-0-732-1,uw,UT_015,intvr,1,fave,119.11422435942434,40.688544976700584,8,you,1,0.080016999999998,if,feel,Y,#,Y,F,final
341.6535932732517,1275.6223668909497,2336.530063112139,3.0443562464274185,3.7483409742407443,4.036822088627544,4974.358974358975,0.013788901479706149,709.6592524965987,0.121,0.33241758241758235,0-0-735-1,uw,UT_015,intvr,1,fave,144.49117057584274,41.21795703453981,8,you,1,0.339966000000004,like,"",Y,#,Y,"",final
287.70035029615104,905.5092683517593,1961.2870687335276,2.5676673890431703,3.6403165645473248,4.467585615098998,4076.923076923077,0.014829687423212726,726.1382308344672,0.07100000000000001,0.33177570093457953,0-0-784-1,uw,UT_015,intvr,1,fave,314.58916326572927,50.88781896664194,8,you,1,0.19000199999993583,when,are,Y,#,Y,ahr,final
658.6814062951718,1653.726461271338,2570.408001846096,3.7380408982465996,3.367483045096359,4.4743066966024925,6410.25641025641,0.00033156233470332233,14.604147165532881,0.057,0.6063829787234043,0-0-40-0,ay,UT_015,intvr,1,fave,NaN,44.647456567842035,8,i,1,0.07000000000000028,where,ask,#,#,R,ae,coextensive
599.2027930053075,1494.3372445160724,1897.1652037709853,3.070297376014354,3.614031822860669,3.9573134961771954,4435.897435897436,0.0013783637484364908,112.70705016553288,0.045,0.3358208955223881,0-0-174-5,ay,UT_015,intvr,1,fave,128.72660647813433,43.93299139088058,8,describe,1,0.1099930000000029,"",to,R,B,R,B,internal
649.3750645726898,1448.1615358476988,3210.7797666298375,2.9292069553955464,3.5563104640819874,4.422851050729203,6410.25641025641,0.00028390949146684936,136.56605183446715,0.025,0.21929824561403513,0-0-199-0,ay,UT_015,intvr,1,fave,131.65817767411022,48.453855798444444,8,i,1,0.08999599999998509,that,wanna,#,#,T,W,coextensive
722.1216944853701,1198.6824436700574,2206.246047147341,3.5939748349147242,3.897334518621284,4.094475581244942,4615.384615384615,0.005198338945564382,170.79164716553285,0.051000000000000004,0.38059701492537323,0-0-229-2,ay,UT_015,intvr,1,fave,365.42425129738996,49.012977674278915,8,why,1,0.11000000000001364,"",<unk>,W,#,W,spn,final
654.2066380736802,1286.8893661865745,2356.7556248257206,2.663792998791152,3.874076287339872,4.413969732831538,4615.384615384615,0.0003444574049518887,187.68855183446712,0.033,0.35106382978723405,0-0-239-0,ay,UT_015,intvr,1,fave,112.95475882083637,42.303177539405965,8,i,1,0.07000700000000393,[bracketed],forgot,#,#,spn,F,coextensive
689.2107924924222,1519.9739970342894,2413.83325632197,3.7588547143072084,3.916081003741301,4.482276332811941,5512.820512820513,0.03832922264345345,421.72625616553285,0.221,0.6242937853107343,0-0-445-1,ay,UT_015,intvr,1,fave,181.42571941943672,32.85949177538199,8,why,1,0.3299870000000169,and,"",W,#,W,"",final
731.3424700349183,1534.019287897496,3148.857296606277,3.552025431352575,3.883895763297477,4.75248889255868,6769.2307692307695,0.0010841230119068802,457.33135016553285,0.07700000000000001,0.620967741935484,0-0-466-1,ay,UT_015,intvr,1,fave,120.02868319906632,40.09274323192258,8,times,1,0.10000600000000759,three,"",T,M,T,M,internal
518.546772249105,1306.9415545919899,2480.6588645519187,2.9754799976002526,3.3408810033266603,4.177346172331952,5153.846153846154,0.0001849433701204246,582.987361834467,0.025,0.26595744680851063,0-0-578-4,ay,UT_015,intvr,1,fave,99.63548781917645,49.23740371926166,8,realized,2,0.07000800000002982,never,there,L,Z,L,Z,internal
398.8672620709221,1583.2019649638305,1723.735151922469,2.4821188832214114,3.377233758807825,4.387936061617284,5333.333333333333,0.0013224938438035202,15.27314716553288,0.035,0.33653846153846156,0-0-43-1,uwr,UT_015,intvr,1,fave,97.60527922452795,46.1333756200534,8,your,1,0.08000000000000007,"","",Y,R,Y,R,internal
385.7473310700299,1735.004518162247,2848.219513955528,3.0981197454672786,3.2346163996428663,4.738545138063951,6410.25641025641,0.0028124604902699884,48.86644716553288,0.031,0.32978723404255317,0-0-118-1,uwr,UT_015,intvr,1,fave,401.4458951104072,44.871088042122125,8,your,1,0.06999999999999318,say,hometown,Y,R,Y,R,internal
369.6392268561698,1553.3967903304158,1835.4134057619608,2.85748741952822,3.377822133065638,3.403765199693638,4256.410256410256,0.00007057122946305599,163.85974683446713,0.031,0.32978723404255317,0-0-219-1,uwr,UT_015,intvr,1,fave,111.45762689936666,42.742666910782006,8,you're,1,0.07000700000000393,that,wanting,Y,R,Y,R,internal
496.5574826386651,1680.1372563936116,2594.243682150412,3.4351850784424887,3.6215922874438498,4.291065279314416,5153.846153846154,5.571516466817997e-6,314.2433438344671,0.025,0.33783783783783783,0-0-366-1,uwr,UT_015,intvr,1,fave,119.46725459878176,46.585061221486605,8,your,1,0.050018000000022766,in,life,Y,R,Y,R,internal
450.80834334569965,1690.8213105430516,3220.00819512559,3.1652785040794478,3.2067122700239223,4.65363645997651,8025.641025641025,0.003302674172522094,501.86053983446715,0.057,0.32758620689655177,0-0-514-1,uwr,UT_015,intvr,1,fave,140.83607976851067,49.52330647998467,8,your,1,0.150024999999971,been,"",Y,R,Y,R,internal
441.49415992519835,1929.4496226066883,2941.062011696326,2.8647759455015915,3.6405136943202625,4.128465123141869,6410.25641025641,0.002206385023335871,23.46814716553288,0.025,0.07267441860465115,0-0-64-0,eyF,UT_015,intvr,1,fave,132.35867360947663,42.647183007785806,8,a,1,0.3200000000000003,"",reading,#,#,"",R,coextensive
428.7896657295612,1917.7210618216072,2692.6129918052534,2.7250475439550286,3.623185469465402,4.151617150601172,5871.794871794871,0.00013184816371562916,48.74044616553289,0.03900000000000001,0.37500000000000006,0-0-117-1,eyF,UT_015,intvr,1,fave,143.17235154922813,42.45181909690657,8,say,1,0.08000199999999325,you,your,S,#,S,Y,final
660.4261969869891,1449.2166428860019,2221.5931381674013,3.0897383240543634,4.028666643790313,4.14377396843944,4615.384615384615,0.008484114136480925,130.48505683446712,0.10300000000000001,0.5597826086956523,0-0-186-2,eyF,UT_015,intvr,1,fave,4230.700175789016,37.853250417567665,8,okay,1,0.16000300000001744,"","",K,#,K,"",final
549.713985420102,1717.0908785686593,2898.035818677148,3.4581666398990296,4.210417857666447,4.3447813512182405,6769.2307692307695,0.005415477436873301,199.54304683446713,0.157,0.670940170940171,0-0-259-1,eyF,UT_015,intvr,1,fave,100.26169095435004,44.99604223069609,8,say,1,0.2100070000000187,you,probably,S,#,S,P,final
688.4746958625166,1537.3807848661556,2631.2978766258443,3.6749007093880075,3.7553309491447506,4.753948271082052,5333.333333333333,0.0006964818796904828,258.9478418344671,0.025,0.26595744680851063,0-0-306-2,eyF,UT_015,intvr,1,fave,13033.392190830446,43.09208868806599,8,okay,1,0.0700069999999755,"","",K,#,K,"",final
657.7317528559191,1704.4314977711842,3146.827517634534,3.7299291977617144,4.1537189489098605,4.499128697290665,6230.7692307692305,0.0017204748401061056,273.79484550340135,0.07300000000000001,0.6403508771929826,0-0-335-2,eyF,UT_015,intvr,1,fave,94.73598652240919,41.07780981635099,8,okay,1,0.09002700000002051,"","",K,#,K,"",final
487.00548649938736,1905.3108192696075,3577.0869844444246,2.966865923752528,3.5360657220380243,4.742917977814244,7487.179487179487,0.0013556291617025824,280.3095561655329,0.061,0.45522388059701496,0-0-343-2,eyF,UT_015,intvr,1,fave,287.0744318132344,46.86556106063844,8,okay,1,0.10998499999999467,"",so,K,#,K,S,final
615.6570343046777,1880.1749154898719,3349.2205971968287,2.940814374732783,3.874930945845794,4.20553568456719,6589.74358974359,0.005225591875889409,529.7943528344672,0.133,0.46830985915492956,0-0-535-2,eyF,UT_015,intvr,1,fave,251.3262518189099,44.51410667725142,8,okay,1,0.26000999999996566,"","",K,#,K,"",final
410.4834217644,1686.8316454451365,3320.684325012076,2.8342165107553043,3.791874261028801,4.478822987531069,6410.25641025641,0.0010102395630500942,539.1292574965987,0.025,0.14367816091954022,0-0-556-1,eyF,UT_015,intvr,1,fave,95.31705621887443,39.912734486000716,8,they,1,0.149962999999957,when,first,DH,#,DH,F,final
591.5188155925622,1654.3224940534615,2353.146468425401,2.457232912368905,3.7739046486869725,3.855509203814,4974.358974358975,0.001975630891973849,626.6815448344671,0.163,0.7276785714285714,0-0-626-2,eyF,UT_015,intvr,1,fave,527.6223323636959,47.88024487284633,8,okay,1,0.20001300000001265,"","",K,#,K,"",final
466.4689034454911,1844.8055017214297,2941.5923036076065,2.4220998783776007,3.7602060101073134,4.2950731141184235,6230.7692307692305,0.0028859606374488146,696.291255834467,0.025,0.07062146892655367,0-0-688-0,eyF,UT_015,intvr,1,fave,216.3714338430366,39.8388533126652,8,a,1,0.3300179999999955,is,"",#,#,Z,"",coextensive
353.99708830352927,2045.4628445327226,2827.8012588812558,2.983252199800326,3.0070730902618,4.293635519770373,5871.794871794871,0.0011688786859617797,23.95614716553288,0.061000000000000006,0.3315217391304348,0-0-65-1,iy,UT_015,intvr,1,fave,116.60348503481585,41.15337208656094,8,reading,1,0.16000000000000014,a,"",R,D,R,D,internal
372.09252637848056,1937.5408367240677,2786.0042071704456,3.8677840926145315,2.925291872767118,4.065434460765625,6948.717948717948,0.00008530896905670992,32.90374616553288,0.025,0.33783783783783783,0-0-85-1,iy,UT_015,intvr,1,fave,98.06224227615316,39.259317291067525,8,read,1,0.05000299999999669,you,them,R,D,R,D,internal
251.64021904688585,2540.9763085655236,3876.639840388447,3.1440886112027386,3.741425854416342,4.4219264055044,7128.205128205128,0.0048229185302757415,59.326249165532886,0.131,0.33248730964467005,0-0-127-2,iy,UT_015,intvr,1,fave,163.50498306771362,40.518696605032645,8,please,1,0.36999899999999997,"","",L,Z,L,Z,internal
352.27537915952837,1875.1769028874028,2743.6877196502573,2.8331000950628775,3.699010598016176,4.0255260308034915,4974.358974358975,0.0001477379997812005,61.74624616553288,0.031,0.32978723404255317,0-0-133-3,iy,UT_015,intvr,1,fave,121.80246803965296,45.01650308262813,8,cities,0,0.07000000000000028,the,you,T,Z,T,Z,internal
416.5578142158837,2601.6594646375506,3868.637176978659,3.750912699928608,4.20814096562625,4.493750088372444,7307.692307692308,0.0009343179862128663,115.08205383446712,0.035,0.3365384615384616,0-0-181-3,iy,UT_015,intvr,1,fave,92.23705090873626,40.02026203789694,8,routine,1,0.08000099999999577,daily,"",T,N,T,N,internal
437.4347550618624,1883.3511312154403,3965.299093043667,3.225754651096555,3.745080964981836,5.101471349710439,6230.7692307692305,0.0003235699199457832,348.7157431655329,0.027000000000000003,0.32142857142857145,0-0-386-1,iy,UT_015,intvr,1,fave,107.26531339398929,44.2591106320629,8,seems,1,0.05999700000000985,definitely,like,S,M,S,M,internal
360.2161587842055,1961.9693920804975,2962.6389769226575,2.9742596012705023,3.775907961316993,3.8952703225934764,6410.25641025641,0.00018112511381906233,538.1402731655329,0.027000000000000003,0.32142857142857145,0-0-553-1,iy,UT_015,intvr,1,fave,224.77305904945288,34.35640865374641,8,people,1,0.059996999999953005,for,"",P,P,P,P,internal
310.6433542899935,2394.072210858835,3338.6693146263983,3.184843722049459,3.3368080358181507,4.870856056601566,6948.717948717948,0.0017696234287329462,642.8244671655328,0.047,0.3263888888888889,0-0-640-1,iy,UT_015,intvr,1,fave,142.07813492657783,39.99686014760519,8,teach,1,0.11999500000001717,to,someone,T,CH,T,CH,internal
369.52414655539553,1961.4515613075114,3381.391740072153,1.918626529706605,3.389208180352757,4.017718119854129,6589.74358974359,0.0003448482510424112,696.7542688344672,0.051000000000000004,0.3311688311688312,0-0-690-1,iy,UT_015,intvr,1,fave,119.02292261453691,44.87893939751152,8,reading,1,0.13000499999998283,"",task,R,D,R,D,internal
423.55140210600763,2217.6873026024514,3163.8931423927984,3.1895102198739433,3.895100903354167,3.984516813070514,6948.717948717948,0.0027548154919379655,720.9652521655329,0.045,0.3358208955223881,0-0-771-0,iy,UT_015,intvr,1,fave,232.16614370037433,44.248384100236166,8,each,1,0.10998500000005151,on,page,#,CH,N,CH,initial
701.433860878501,1642.0580779213522,2823.495407734888,3.185258328139828,3.7625629032888566,4.226002339581097,5512.820512820513,0.0005111063594534719,34.09574616553288,0.049,0.3402777777777778,0-0-91-1,ay0,UT_015,intvr,1,fave,107.86907840487046,47.592776541820655,8,nice,1,0.11999899999999997,a,comfortable,N,S,N,S,internal
620.1043361550995,1375.6989186532956,2388.8372934158233,3.5197825640135356,3.86010940616949,3.990945920056531,4615.384615384615,0.0006317272645488535,115.7570518344671,0.045,0.4787234042553191,0-0-184-1,ay0,UT_015,intvr,1,fave,-362.03867196751236,40.99444301949711,8,like,1,0.06999900000000991,looks,"",L,K,L,K,internal
520.5909738808964,1522.0731408010467,2552.490323373615,2.873483751650452,3.2132903719152637,4.32075792210625,5692.3076923076915,0.0002543126009723171,201.40004583446714,0.031,0.369047619047619,0-0-264-1,ay0,UT_015,intvr,1,fave,466.6184932169242,40.90627649694219,8,like,1,0.0600120000000004,or,"",L,K,L,K,internal
459.397371626784,1568.8655499540923,2325.200001471545,3.048008172993884,3.0671500401438974,3.8443928211324394,4435.897435897436,0.00048485382824740506,202.40705483446715,0.025,0.2976190476190476,0-0-266-1,ay0,UT_015,intvr,1,fave,87.63205796733473,40.98615561241121,8,like,1,0.0599979999999789,"",<unk>,L,K,L,K,internal
525.3379419290827,1396.2364000336804,2243.4251101011355,2.7947194770492034,3.7045491518408955,4.170132550728357,4435.897435897436,0.00013197806390045574,266.5542511655329,0.025,0.2976190476190476,0-0-325-1,ay0,UT_015,intvr,1,fave,101.78826919737389,43.01144951560246,8,like,1,0.05999700000000985,at,a,L,K,L,K,internal
633.7967698201765,1437.7187132262004,3182.175173161763,3.232632073785787,3.8981656897658783,4.421904788855484,6410.25641025641,0.003501365513800066,314.4583568344671,0.11499999999999999,0.49145299145299143,0-0-367-1,ay0,UT_015,intvr,1,fave,90.79146957885337,40.25971157368695,8,life,1,0.20999199999999973,your,"",L,F,L,F,internal
716.5207069686442,1417.7796205737484,3147.2171513625217,3.2680340567803356,3.7050154379765816,4.286649147243911,7128.205128205128,0.0012058097753120988,700.6392681655329,0.061000000000000006,0.2850467289719627,0-0-705-1,ay0,UT_015,intvr,1,fave,109.65917897309333,47.50189492141588,8,nice,1,0.19000200000004952,it,aloud,N,S,N,S,internal
587.6265117535528,691.2756142545961,1543.3010567873316,3.8632925963961093,3.5775010920650767,3.6385208030612453,3358.974358974359,0.0016479544046618078,702.2622631655329,0.067,0.5000000000000001,0-0-710-1,ay0,UT_015,intvr,1,fave,92.36611346371053,44.68214093675959,8,nice,1,0.10998499999993783,a,comfortable,N,S,N,S,internal
648.4463414687635,1387.258786344792,2523.931038712651,2.7039077197254575,4.24028857626185,4.641573926455123,5153.846153846154,0.00009518324231962823,706.7462688344671,0.035,0.4166666666666667,0-0-725-1,ay0,UT_015,intvr,1,fave,157.6377306438862,46.85423176331176,8,nice,1,0.059996999999953005,know,and,N,S,N,S,internal
522.9998194901153,1335.441273736037,2140.2745687020574,2.8857490226289406,3.7938031424860816,4.986316581427743,6051.282051282051,0.00017896841555069685,709.3312281655328,0.025,0.2976190476190476,0-0-734-1,ay0,UT_015,intvr,1,fave,176.08885090314772,49.17396862574139,8,like,1,0.05999799999995048,feel,you,L,K,L,K,internal
459.12702531181634,1569.0601066236866,2625.475199560269,3.2483303523661347,4.075957867195807,4.849658247945306,5512.820512820513,0.0016094573453314387,37.45535083446711,0.031,0.32978723404255317,0-0-98-2,ahr,UT_015,intvr,1,fave,206.70458119098717,46.6055679330404,8,start,1,0.0700040000000044,to,off,T,R,T,R,internal
586.6324700378251,826.0205155583847,2256.734927184865,2.9839694449124026,3.2360321612963068,4.3907579493693305,4794.871794871795,0.0029760725654218827,138.68904783446712,0.091,0.3321167883211679,0-0-209-0,ahr,UT_015,intvr,1,fave,165.9925866930106,43.921201367387816,8,are,1,0.25,you,"",#,R,uw,R,initial
548.1740953545699,995.8865114945079,1722.7383838571625,2.830125365931536,3.231324783894444,4.006828032066592,3897.4358974358975,0.00023484832731547647,475.6313621655329,0.027000000000000003,0.32142857142857145,0-0-506-0,ahr,UT_015,intvr,1,fave,474.63380492512294,35.97590804158026,8,are,1,0.05999700000000985,"",good,#,R,"",R,initial
528.0992013828558,874.9304703265179,2176.8783773128985,3.4784894767608856,3.1745415714494873,4.5790768525754855,4615.384615384615,0.0015001105027247393,726.3132385034013,0.04100000000000001,0.3306451612903227,0-0-785-0,ahr,UT_015,intvr,1,fave,109.45101695961901,46.92413167007094,8,are,1,0.10003700000004301,you,ready,#,R,uw,R,initial
619.8068325141162,1096.8771661872279,2527.7426980651076,2.939758343712566,3.76966244066528,4.540068855089173,5871.794871794871,0.005495860789200634,37.61735283446711,0.055,0.3353658536585366,0-0-99-0,o,UT_015,intvr,1,fave,123.82390730136571,49.13398298965903,8,off,1,0.1399990000000031,start,with,#,F,T,F,initial
570.3727164367842,989.6676914667897,2004.912267446593,3.9705842427332176,3.815528663699992,4.472282361743398,4974.358974358975,0.008527651827062006,108.76505383446711,0.04100000000000001,0.3306451612903227,0-0-164-0,o,UT_015,intvr,1,fave,102.98336592123265,33.41783415975581,8,awesome,1,0.09999800000001358,"",thank,#,S,"",S,initial
624.7829597183866,1032.2158435068075,1888.104496107637,3.407709658864696,3.4641550701254125,4.3635354552771215,3897.4358974358975,0.006014654746216732,130.94604683446713,0.045,0.3358208955223881,0-0-188-0,o,UT_015,intvr,1,fave,14720.659456176109,36.855630949329225,8,awesome,1,0.11000100000001112,"",thank,#,S,"",S,initial
688.6016490742632,1038.9146710854086,2037.5589317835108,3.1078081615376525,3.249561947135085,3.8850349533742286,4974.358974358975,0.000029500797947947835,141.21604583446714,0.025,0.33783783783783783,0-0-213-2,o,UT_015,intvr,1,fave,93.82724954943568,42.16586760395147,8,accomplishing,1,0.050003000000003794,of,"",K,M,K,M,internal
596.4989124525587,987.1364559649521,2138.749352927716,3.871496601702007,3.5151147502334585,4.418838120551048,4435.897435897436,0.02457729124910989,185.5151541655329,0.065,0.33505154639175255,0-0-234-0,o,UT_015,intvr,1,fave,178.7639973214414,34.15805438550797,8,awesome,1,0.16999799999999254,"","",#,S,"",S,initial
380.83944233976587,692.6167809956089,1552.333396969242,3.2695636341449648,3.4088726773174303,3.7780561884864032,3717.948717948718,0.000013644571374735596,187.99454883446714,0.025,0.33783783783783783,0-0-240-3,o,UT_015,intvr,1,fave,175.45793329383315,43.466024033858766,8,forgot,1,0.050003000000003794,i,to,G,T,G,T,internal
649.5065466839366,983.0512369645827,2573.709421487346,2.8622648713603542,3.165078313424859,4.352836575985831,5153.846153846154,0.00018462913977541196,268.2072508344672,0.031,0.32978723404255317,0-0-331-1,o,UT_015,intvr,1,fave,109.7579681817031,41.00141527219262,8,hospital,1,0.0700069999999755,a,or,HH,S,HH,S,internal
594.1067972332287,967.8103530832793,2794.227002637419,2.904085618596546,3.297280538934857,4.041758117833827,5333.333333333333,0.0015914621923112833,345.01265916553285,0.067,0.32843137254901966,0-0-379-1,o,UT_015,intvr,1,fave,92.06721366644386,46.17363455550295,8,lot,1,0.1799930000000245,a,"",L,T,L,T,internal
566.1499078977212,989.2395025334346,2201.7571867695874,3.3940517246889206,3.8761056280554396,4.634173119728296,5153.846153846154,0.008414261248653817,367.15445116553286,0.065,0.3350515463917526,0-0-396-0,o,UT_015,intvr,1,fave,249.27936285148786,38.510016456995274,8,awesome,1,0.169983000000002,"","",#,S,"",S,initial
642.0334951542279,1096.1494193345566,2280.079660849872,3.705228875733653,4.383781396388538,4.45759369669949,4794.871794871795,0.014792487030875927,401.48914716553287,0.045,0.3358208955223881,0-0-405-0,o,UT_015,intvr,1,fave,46902.69663104874,38.488643587094344,8,aw,1,0.10998499999999467,"","",#,#,"","",coextensive
595.3193389089469,1280.4066962762217,3268.4087885998997,3.06365310725428,3.5171277476116813,4.984869906308976,6230.7692307692305,0.0010477646348794828,444.73314583446717,0.035,0.33653846153846156,0-0-451-1,o,UT_015,intvr,1,fave,121.78878992054501,45.836803420043424,8,gone,1,0.080016999999998,you,down,G,N,G,N,internal
623.2977330976398,1037.5042682621206,2394.573124399749,2.89127754734656,3.3867785844679434,4.32819925407464,4974.358974358975,0.0009220474039508852,467.6833401655329,0.051000000000000004,0.3311688311688312,0-0-481-3,o,UT_015,intvr,1,fave,381.6554861403862,43.08803851458298,8,photography,1,0.13000499999998283,enjoyed,"",T,G,T,G,internal
644.4363988567785,1212.764023872432,2180.7947865714204,3.31331986353644,3.3642100936306654,3.9665767863076664,4974.358974358975,0.0015177682988025028,514.1526524965986,0.037,0.32456140350877194,0-0-527-1,o,UT_015,intvr,1,fave,116.53856675201361,45.408034196590506,8,talk,1,0.08996600000000399,"",a,T,K,T,K,internal
641.0962369877259,1088.023291244514,2125.6118496518184,2.9506165112033145,3.714376344851525,4.316368975041223,4974.358974358975,0.0010185864985909415,540.5072524965987,0.04100000000000001,0.3306451612903227,0-0-561-3,o,UT_015,intvr,1,fave,-8791.05892080115,40.09796016651821,8,photography,1,0.09997600000008333,in,"",T,G,T,G,internal
604.2342453802563,1400.5175518390927,2123.191619384792,3.075218839316996,3.6514409444346936,4.337235593203628,4435.897435897436,0.0018703245462179945,575.731548834467,0.055,0.33536585365853655,0-0-563-1,o,UT_015,intvr,1,fave,93.34140670175164,37.92152479971356,8,gotcha,1,0.1400149999999485,"","",G,CH,G,CH,internal
566.4212483120223,995.7485192083338,2628.6510484969886,2.5529308855088297,3.218799950336931,4.03237293148614,4974.358974358975,0.00018032896764586404,578.1478328344671,0.031,0.32978723404255317,0-0-569-1,o,UT_015,intvr,1,fave,101.35830000776653,50.51603137543056,8,lot,1,0.07000700000003235,a,that,L,T,L,T,internal
684.949655493139,1415.664006486435,2735.630999098883,3.278852702482687,3.864509830544736,4.547346597267292,4974.358974358975,0.00003618166521033843,624.7250441723356,0.025,0.33783783783783783,0-0-623-1,o,UT_015,intvr,1,fave,317.1080395229917,58.889147926685354,8,not,1,0.050049000000058186,"",yet,N,T,N,T,internal
660.5277792280543,1033.086281172575,1896.5040054437825,2.891549120921267,3.194779316748669,4.214699317245563,4974.358974358975,0.00040443177152550935,647.0044701655329,0.027000000000000003,0.32142857142857145,0-0-649-3,o,UT_015,intvr,1,fave,94.84182069012786,44.69333033582921,8,photography,1,0.059996999999953005,doing,"",T,G,T,G,internal
608.9548322172658,1183.195044449832,2209.8785098871363,3.060589310754097,3.816058800844328,4.401956399487179,4974.358974358975,0.00008826571101186705,691.5922438344671,0.027000000000000003,0.32142857142857145,0-0-674-0,o,UT_015,intvr,1,fave,97.41718311395242,44.306414585485086,8,all,1,0.05999800000006417,answering,of,#,L,NG,L,initial
633.748857472656,1337.3903945402724,2562.7448052790605,2.973007800123495,2.9394481193605624,4.263584047109964,4794.871794871795,0.0007228677039505827,703.5972495034014,0.037,0.32456140350877194,0-0-714-1,o,UT_015,intvr,1,fave,95.96198943339157,47.03410145295885,8,not,1,0.09002699999996366,"",too,N,T,N,T,internal
627.8544338412419,1147.8217245185986,2996.2231661344094,2.834868829406211,3.319631605602834,4.862056772014901,5512.820512820513,0.004570669905779028,712.6622361655329,0.047,0.3263888888888889,0-0-748-2,o,UT_015,intvr,1,fave,124.49468695210358,48.71128797919893,8,stop,1,0.11999499999990348,to,"",T,P,T,P,internal
594.4022069994314,1564.8860289071629,2694.4329459770097,2.9002068053911936,3.505848554880632,4.459722299793162,4794.871794871795,0.00007251522204665777,720.8462671655329,0.027000000000000003,0.32142857142857145,0-0-770-0,o,UT_015,intvr,1,fave,111.9649515447202,49.73376402779095,8,on,1,0.059996999999953005,twenty,each,#,N,iyF,N,initial
544.3703593145171,788.0970119189586,1967.4090399949534,2.857738791425786,3.69631453669858,4.5173383880293185,4256.410256410256,0.0013278053606713273,61.23824816553288,0.035,0.33653846153846156,0-0-130-0,oh,UT_015,intvr,1,fave,533.3118505239797,36.93303245334095,8,all,1,0.07999800000000334,list,of,#,L,T,L,initial
598.5874941538351,1126.1601966879607,2373.7609217124764,2.6844372300499737,4.12656113551209,4.33180893957027,4435.897435897436,0.006244684214668046,414.2735561655329,0.075,0.33482142857142855,0-0-432-3,oh,UT_015,intvr,1,fave,84.44003363205896,38.492412372093234,8,utah,2,0.19998199999997723,in,"",T,#,T,"",final
540.3407242500002,806.736647014382,1769.1399225901614,3.2895487444968,3.241773816651137,4.692934491266163,4256.410256410256,0.003887683657059974,444.1481498344672,0.045,0.3358208955223881,0-0-448-0,oh,UT_015,intvr,1,fave,174.42342955500112,50.105237193737324,8,often,1,0.11001599999997325,how,have,#,F,aw,F,initial
537.4515163108391,922.1315644340641,1997.3455635222333,3.9219215523866726,3.514596230885125,4.507861487581961,4615.384615384615,0.04223240617361893,457.89974916553285,0.057,0.32758620689655177,0-0-468-0,oh,UT_015,intvr,1,fave,193.31165206832176,50.46834336293724,8,awesome,1,0.14999400000004925,"","",#,S,"",S,initial
684.8110893491853,1026.5979464294671,2527.3684681959476,3.0194195748280053,3.996950259091573,4.500793384604388,5512.820512820513,0.003046006531674892,65.74324616553287,0.025,0.18656716417910452,0-0-143-1,aw,UT_015,intvr,1,fave,95.0154374719258,45.15466494217238,8,how,1,0.11000100000001112,"",long,HH,#,HH,L,final
576.1539889401379,1103.4275910204249,2214.486039801236,3.051673204873894,3.7578030980539094,4.446143536983131,5512.820512820513,0.00047431081439434453,103.82875483446712,0.025,0.21929824561403513,0-0-160-2,aw,UT_015,intvr,1,fave,312.9752370789398,50.00768719233703,8,about,1,0.0899959999999993,for,a,B,T,B,T,internal
668.4480656914345,1361.317454747173,1959.206601633634,3.6271730112947425,3.4181996689847662,4.137199747722782,5512.820512820513,0.00232996389448122,140.58905583446713,0.031,0.15979381443298968,0-0-211-2,aw,UT_015,intvr,1,fave,121.03399876080618,46.58268553627582,8,proud,1,0.16999799999999254,"",of,R,D,R,D,internal
636.7099375597023,1498.8810420700086,2364.7172371731544,2.95886345293662,3.524613494949533,4.338453204624824,5512.820512820513,0.0009468260921469177,224.95945083446713,0.043000000000000003,0.3208955223880598,0-0-281-1,aw,UT_015,intvr,1,fave,-601.2524612223147,46.864670635102236,8,found,1,0.1100009999999827,"",that,F,N,F,N,internal
570.4181584220496,1383.2153355806847,2560.2945869554915,2.9147255203858493,3.509638584335503,4.550903032665017,5512.820512820513,0.003038851132110695,315.34534983446713,0.029,0.27884615384615385,0-0-371-0,aw,UT_015,intvr,1,fave,108.28140384403447,45.024438489408695,8,out,1,0.080016999999998,turned,better,#,T,D,T,initial
621.7535068349147,1157.4863694649207,2840.498907173097,3.2303818001069473,3.9819258585960284,4.647030747970491,5871.794871794871,0.0015342001768970932,444.0651571655329,0.03900000000000001,0.37500000000000006,0-0-447-1,aw,UT_015,intvr,1,fave,143.57102758267902,50.805187620183204,8,how,1,0.0799870000000169,"",often,HH,#,HH,oh,final
575.7587469864242,1538.7605144694937,2152.4588926812226,3.061017533963047,3.483894105296414,4.8398075355277586,4794.871794871795,0.0018049167349555788,444.8891441655329,0.027000000000000003,0.23684210526315794,0-0-452-1,aw,UT_015,intvr,1,fave,120.12649163898207,44.33168572875639,8,down,1,0.08999599999998509,gone,to,D,N,D,N,internal
593.9851807067738,1209.827375488016,2807.849720718975,3.370061212282187,3.320908556555166,4.619369935069557,5692.3076923076915,0.0016775435484989024,453.19415316553284,0.031,0.23134328358208958,0-0-459-1,aw,UT_015,intvr,1,fave,141.8124644658001,48.60483156518928,8,south,1,0.10998499999999467,anywhere,of,S,TH,S,TH,internal
610.189099149682,1184.7354472457941,2207.628020225495,2.6151049357605944,3.236269868231225,4.664989671792851,5512.820512820513,0.00028571613062624126,514.8166468344671,0.025,0.26595744680851063,0-0-532-2,aw,UT_015,intvr,1,fave,423.33691775341975,47.97676516682892,8,about,1,0.07000700000003235,more,that,B,T,B,T,internal
674.1914555560521,1218.3069045844077,2294.730995656074,3.852162670085909,4.10597290633397,4.736846075526824,5153.846153846154,0.03341363429850428,581.2063634965986,0.063,0.16844919786096257,0-0-574-1,aw,UT_015,intvr,1,fave,312.9077285319385,43.44920994713454,8,wow,1,0.34997499999997217,"","",W,#,W,"",final
669.80291520923,1440.1901722310545,2436.791374441793,3.3403481487862705,3.6172864789292016,4.441273680303386,5333.333333333333,0.01661381911965495,644.167438834467,0.053000000000000005,0.12801932367149757,0-0-643-1,aw,UT_015,intvr,1,fave,113.6300609729931,43.43318284858911,8,how,1,0.3900150000000622,"","",HH,#,HH,"",final
587.8657964907919,1061.8179869405967,2205.5310897887007,3.052856606618251,3.6654509522294623,4.5305695814374705,5512.820512820513,0.000399069150839703,647.6134608344671,0.025,0.26595744680851063,0-0-651-1,aw,UT_015,intvr,1,fave,118.82756084829526,48.91649554685015,8,how,1,0.07000699999991866,"",would,HH,#,HH,W,final
713.8515775004958,1211.5258981189513,2638.9638095107443,2.6728594730868003,3.081670050399035,3.987443960020178,5512.820512820513,0.0022358237814799832,701.2152355034015,0.053,0.12211981566820275,0-0-706-2,aw,UT_015,intvr,1,fave,95.46371454811843,50.459291877419055,8,aloud,1,0.410033999999996,nice,"",L,D,L,D,internal
421.40829108645215,707.9992259144539,2145.0670951896327,2.4557280115545352,3.5954798437447066,4.029961863603861,4615.384615384615,0.0045884661785461755,101.38674883446711,0.121,0.33241758241758235,0-0-149-1,oy,UT_015,intvr,1,fave,107.60080241138239,45.76491672064725,8,roy,1,0.3400039999999933,said,"",R,#,R,"",final
416.4231196983362,967.7933053686121,2317.120650829261,2.663049986806534,3.83755149463077,4.639080163512788,5512.820512820513,0.006919460116081445,467.1913611655329,0.087,0.32954545454545453,0-0-480-3,oy,UT_015,intvr,1,fave,249.9675699376176,42.732771266317975,8,enjoyed,1,0.23999000000003434,really,photography,JH,D,JH,D,internal
516.3527626884861,780.5852919182931,2715.328031661693,2.839381050346024,3.8268964351695343,4.837480874833981,5333.333333333333,0.001953492111529003,103.01874983446712,0.025,0.24038461538461545,0-0-155-1,ow,UT_015,intvr,1,fave,104.78298761625985,48.0241670266312,8,both,1,0.08000200000000746,"",of,B,TH,B,TH,internal
427.8917228134833,891.6344042505599,2976.253743407006,2.5261179656680626,3.267280546241214,4.193786844017524,5512.820512820513,0.00007903306165960085,103.26874983446712,0.025,0.2976190476190476,0-0-157-1,ow,UT_015,intvr,1,fave,97.04048022105063,45.989812736571515,8,those,1,0.06000500000000386,of,were,DH,Z,DH,Z,internal
533.6906222041393,1064.6941496534428,2568.053810952473,3.6066213131314977,4.1845966822097775,4.3319424641060875,5333.333333333333,0.006213143330562258,130.26604883446714,0.025,0.18656716417910452,0-0-186-0,ow,UT_015,intvr,1,fave,194.30230937813602,42.21242439749838,8,okay,2,0.1100009999999827,"","",#,K,"",K,initial
467.8502618739279,1153.3100978181394,1786.8434418610207,3.023391920985291,2.8693311968119346,4.4894755049340445,5333.333333333333,0.0005130813751921151,243.28705383446712,0.031000000000000003,0.2980769230769232,0-0-304-2,ow,UT_015,intvr,1,fave,110.78796929828432,42.980829890861784,8,program,1,0.08000200000000746,your,"",R,G,R,G,internal
564.4418457911435,1102.2486133043506,2007.3048634856834,3.430063749859614,3.684367402608032,4.367157237744231,5333.333333333333,0.005084760582646084,258.7378451655329,0.025,0.16233766233766234,0-0-306-0,ow,UT_015,intvr,1,fave,190.5236749184046,46.67953162332365,8,okay,2,0.13000499999998283,"","",#,K,"",K,initial
439.66145657545155,890.7292318642451,2425.259014751157,3.421356840232349,3.2813007118412263,3.839484736947539,5333.333333333333,0.0007009468837322916,265.42624183446713,0.049,0.3951612903225807,0-0-320-1,ow,UT_015,intvr,1,fave,135.14250819756967,45.76819564169459,8,hoping,1,0.10000599999995075,you,to,HH,P,HH,P,internal
468.8282329499194,1219.934410487526,2913.26428187112,3.2654425220747973,3.922826976127933,4.389505174193466,5333.333333333333,0.003201307432527901,273.5648488344671,0.033,0.2142857142857143,0-0-335-0,ow,UT_015,intvr,1,fave,-95.71779301395982,44.18887908942391,8,okay,2,0.13000500000003967,"","",#,K,"",K,initial
558.3011314032657,1030.8772979541613,2255.0948196262734,2.8570849297880208,2.879353774045031,4.472638075609398,5333.333333333333,0.0014246349027243071,280.1215421655329,0.025,0.20161290322580647,0-0-343-0,ow,UT_015,intvr,1,fave,392.30491892113884,46.52062661796211,8,okay,2,0.10000600000000759,"",so,#,K,"",K,initial
441.2634198295744,1183.6589347901747,2255.976508146125,2.3673168095735897,3.813632066014821,4.306778335825876,5333.333333333333,0.0002754125793305967,578.4098485034013,0.035,0.3070175438596492,0-0-571-1,ow,UT_015,intvr,1,fave,315.21969509867426,49.00559920000369,8,goes,1,0.09002699999996366,that,in,G,Z,G,Z,internal
659.3672812910299,1945.4810281245716,3697.3461691487137,3.5340260226611333,4.516897266457304,4.738802201741331,6948.717948717948,0.00560135838801015,626.4125385034013,0.025,0.14367816091954025,0-0-626-0,ow,UT_015,intvr,1,fave,261.279410469786,49.57997284156068,8,okay,2,0.15002500000002783,"","",#,K,"",K,initial
452.2469371955008,1117.0268699267576,2842.477644472382,2.648240378933102,3.2576404888344253,4.696755787042661,5333.333333333333,0.00020434309539985333,691.801265834467,0.025,0.26595744680851063,0-0-676-1,ow,UT_015,intvr,1,fave,95.31900985269756,45.659541201571244,8,those,1,0.07000800000002982,of,questions,DH,Z,DH,Z,internal
500.44167659787223,1016.9940697509658,2239.1199502017066,3.258543799902036,3.7986546244666157,4.3730345326476385,4974.358974358975,0.0037762379595846583,710.726248834467,0.035,0.2430555555555556,0-0-739-0,ow,UT_015,intvr,1,fave,-26168.05043250363,34.76407425477172,8,over,1,0.11999500000001717,"",any,#,V,"",V,initial
507.9919999143719,1159.0184936743199,2588.2025483193142,3.0482789843594813,3.4312678713951574,4.824290564825159,5153.846153846154,0.0006951749256779354,716.305232834467,0.025,0.26595744680851063,0-0-757-0,ow,UT_015,intvr,1,fave,474.67444936605057,38.049151198054204,8,over,1,0.07000800000002982,sentence,again,#,V,S,V,initial
581.1891677199043,1228.7116134333735,2963.587403977495,2.9555075808255746,3.6825753796701517,4.818824446856605,5512.820512820513,0.002980878027895616,469.2163481655329,0.037000000000000005,0.324561403508772,0-0-485-1,u,UT_015,intvr,1,fave,112.52140354726414,47.65899402082311,8,would,1,0.08999699999998256,"","",W,D,W,D,internal
447.417590639004,1670.8747229414744,2787.598537508922,2.5859391552120345,3.5037845276824404,4.438513736301093,6230.7692307692305,0.0004912300087504312,470.6153478344672,0.035,0.33653846153846156,0-0-490-1,u,UT_015,intvr,1,fave,106.44887127340644,47.215029087391954,8,good,1,0.080016999999998,yourself,at,G,D,G,D,internal
441.88641322775214,1531.0829098904467,2235.2874898861764,2.627194201114645,3.1845541386262584,3.779256851237182,5333.333333333333,0.0005618638357311256,475.8463588344671,0.037000000000000005,0.324561403508772,0-0-507-1,u,UT_015,intvr,1,fave,428.822713281034,40.84724747710422,8,good,1,0.08999699999998256,are,at,G,D,G,D,internal
728.2617222817669,1635.7828075027155,2553.2536944586755,3.0921315747398137,3.832960093212195,4.14717965682043,5333.333333333333,0.000016916052282761903,33.52614816553288,0.025,0.2976190476190476,1-0-1-0,ow,UT_015,015,2,fave,255.72787723831692,59.64802827381996,5,okay,2,0.05999800000000022,"","",#,K,"",K,initial
652.2674634149063,1072.627876906162,3031.3760525672014,3.5170829817833162,3.6900161240854246,3.9997470800426793,5333.333333333333,0.00035186037667890504,123.48254816553288,0.045000000000000005,0.3947368421052632,1-0-70-1,ow,UT_015,015,2,fave,203.0414093228563,48.26944743592231,5,going,1,0.0899959999999993,then,to,G,i,G,i,internal
739.322556341095,1276.8285484669336,3432.186209386878,3.538319343119732,3.600089541100663,4.073612182938178,5692.3076923076915,0.0016269559364746737,125.55255583446713,0.025,0.18656716417910452,1-0-78-1,ow,UT_015,015,2,fave,217.32662731434624,56.09373591158418,5,home,1,0.10999999999999943,going,in,HH,M,HH,M,internal
731.5261106774802,1054.37375874302,3321.837227122953,3.3870351318131053,3.0288732376791088,3.2709029085198336,6589.74358974359,0.00022299974600922188,125.82255183446712,0.025,0.11682242990654207,1-0-80-1,ow,UT_015,015,2,fave,205.12295444752212,58.1005636858232,5,home,1,0.19000300000000436,in,"",HH,M,HH,M,internal
634.4897542794552,996.001249833103,2882.443506919917,2.7838463833756544,3.266910805119014,4.439507735043338,5512.820512820513,0.000058195231256547665,127.89754616553289,0.035,0.37234042553191493,1-0-86-1,ow,UT_015,015,2,fave,162.19768253331793,53.96134999550799,5,going,1,0.06999999999999318,"",to,G,i,G,i,internal
689.7577442131155,998.0804963010412,3313.709759840552,3.1431981152079427,3.467863964120531,4.198959659648191,6051.282051282051,0.008519695170326906,250.01084583446715,0.025,0.12254901960784315,1-0-262-1,ow,UT_015,015,2,fave,243.53615241667177,58.90429490681077,5,hopefully,1,0.18000799999998662,by,"",HH,P,HH,P,internal
750.2054338255751,1290.6210626043626,2582.566716103509,2.7704632591425185,3.26484877729263,4.269610300810672,5512.820512820513,0.0004896544069187419,255.62084583446713,0.025,0.21929824561403513,1-0-278-2,ow,UT_015,015,2,fave,180.54588126510563,57.01085753648464,5,program,1,0.09001200000000154,actual,"",R,G,R,G,internal
657.6822978853709,1160.3347142144771,3272.962170961121,3.290618449973543,3.238984186591926,3.6035129620748863,6769.2307692307695,0.0012774870948942467,331.36545050340135,0.025,0.06038647342995169,1-0-405-0,ow,UT_015,015,2,fave,221.88555371167658,60.790048553265656,5,own,1,0.39001400000000785,"",working,#,N,"",N,initial
705.0811282697516,1307.6219136990137,2878.4928890685596,3.727479205395872,3.7505314788306086,4.449561482083139,5871.794871794871,0.007153265980872713,366.3867401655329,0.025,0.11682242990654207,1-0-490-1,ow,UT_015,015,2,fave,234.04108181228,53.71247356945014,5,going,1,0.19000199999999268,on,"",G,i,G,i,internal
773.167708281397,1610.4340641245046,2157.7643101174585,2.9036795379234075,3.7409493466686903,4.806360119209022,6589.74358974359,0.001868959658520281,516.301753834467,0.025,0.15243902439024393,1-0-734-2,ow,UT_015,015,2,fave,294.6969552187763,66.88996404489309,5,growing,1,0.14001500000006217,"",up,R,i,R,i,internal
665.4387015533558,1139.5132496963377,2926.8668422630612,2.7378757986383495,2.9084047828864668,4.048290640328873,5512.820512820513,0.00011193254977724551,520.9517674965987,0.025,0.20161290322580647,1-0-746-1,ow,UT_015,015,2,fave,220.89733310248408,62.29538373292802,5,photographs,1,0.09997499999997217,"",of,F,T,F,T,internal
708.3158220637177,1376.9644349673902,2514.676448082839,3.1449474976751075,3.35792593487034,4.271298296951768,5692.3076923076915,0.0004306054517212665,528.7817405034014,0.025,0.21929824561403513,1-0-774-2,ow,UT_015,015,2,fave,NaN,49.290742950051026,5,growing,1,0.09002699999996366,"",up,R,i,R,i,internal
324.0479629387036,839.2592958947217,1809.1444241621468,3.5756653164329975,3.716107144436141,3.7394684547389354,4794.871794871795,9.01572180439092e-6,717.1412375034013,0.025,0.33783783783783783,1-0-1075-0,ow,UT_015,015,2,fave,294.50271037261626,58.10022240398712,5,okay,2,0.050049000000058186,"","",#,K,"",K,initial
618.4452390764479,1418.0809552196638,2558.9061584604065,2.6366873125252637,3.109456175009808,4.1234650202436836,5333.333333333333,0.0005483714147908923,783.8917694965986,0.025,0.20161290322580647,1-0-1212-7,ow,UT_015,015,2,fave,89061.51330400804,52.79895077844063,5,microscope,2,0.09997600000008333,the,"",K,P,K,P,internal
693.4962827147436,1256.6683030563527,2719.6536306141256,3.17926700434212,3.109850081521936,4.119435851692142,5692.3076923076915,0.000024956241733117044,827.4647475034013,0.027,0.21774193548387097,1-0-1314-1,ow,UT_015,015,2,fave,220.89378014579782,62.72730033185713,5,roman,1,0.10003599999993185,the,people,R,M,R,M,internal
659.634757214692,1259.973352295616,2778.94681303296,2.6516054636274773,2.8365206719199283,3.95159168583057,5692.3076923076915,0.00006774764272397269,828.4937594965986,0.025,0.21929824561403513,1-0-1316-2,ow,UT_015,015,2,fave,208.11385825902232,61.80518331730916,5,spoke,1,0.08996600000000399,people,latin,P,K,P,K,internal
683.9073538965299,1606.3017370930481,2647.517381014636,2.548058948668326,3.0843826412978044,3.9650009585240023,5512.820512820513,0.0005290488151897117,852.6217618344671,0.025,0.0880281690140845,1-0-1376-4,ow,UT_015,015,2,fave,249.28170651007358,61.68628092460789,5,windows,0,0.26000999999996566,the,need,D,Z,D,Z,internal
594.8876725568714,1053.7267629683247,3090.0074509795336,2.8597427031465394,2.6071506954709487,3.8176858886050047,5512.820512820513,0.0003850690921698908,858.1983278344671,0.043000000000000003,0.2621951219512196,1-0-1392-0,ow,UT_015,015,2,fave,201.64870747722082,57.357763031215384,5,over,1,0.1400140000000647,"",the,#,V,"",V,initial
468.2408464142655,2477.123007298596,4161.879410395216,4.153391914027572,3.886680725748818,4.093600816007518,8205.128205128205,0.0015380238474499285,40.94844816553288,0.031,0.32978723404255317,1-0-3-4,iyF,UT_015,015,2,fave,258.3470691066543,55.8265658381493,5,twenty,0,0.07000000000000028,"",seven,N,#,N,S,final
504.7905011288891,2569.924158808801,4174.158870931633,3.2792364951082567,3.635588050976594,4.2806473283885556,9461.538461538461,0.000403280034317604,71.92604916553289,0.035,0.3365384615384616,1-0-16-4,iyF,UT_015,015,2,fave,255.4183697200929,57.24036089805989,5,pretty,0,0.07999499999999671,"",much,T,#,T,M,final
428.0955889228594,2669.003643582163,2928.969209899959,3.199616232824192,3.9452773293936545,4.385969932646567,6051.282051282051,0.0215815459681569,81.20274983446713,0.11500000000000002,0.3343023255813954,1-0-36-2,iyF,UT_015,015,2,fave,236.0743989169397,54.906999955404416,5,three,1,0.3199989999999957,"","",R,#,R,"",final
543.8430737545581,2127.2676995412758,3096.27948580556,2.9376704459865506,3.901628144385578,4.3806100627682305,6410.25641025641,0.0003536125751885576,95.33305383446712,0.037,0.32456140350877194,1-0-54-3,iyF,UT_015,015,2,fave,226.55661445932535,49.215181811380525,5,valley,0,0.0899959999999993,"",for,L,#,L,F,final
486.75564593405886,2172.946387892297,3397.630246769891,2.9613068743693205,4.229781471166053,5.037507118442436,6589.74358974359,0.001513546505716521,142.9831401655329,0.035,0.3365384615384616,1-0-90-5,iyF,UT_015,015,2,fave,216.38711115428148,54.39095715088271,5,probably,0,0.08000200000000746,"",school,L,#,L,S,final
447.42825792785015,2314.915742720588,3360.447615982308,3.1127000266363667,3.7063811693236053,4.299755959422121,6948.717948717948,0.000012944435590880402,175.24194783446714,0.027000000000000003,0.32142857142857145,1-0-163-4,iyF,UT_015,015,2,fave,201.51202479908434,52.016760308365306,5,pretty,0,0.05999800000000732,they're,much,T,#,T,M,final
505.1517360855055,2555.8854716551023,4396.6856836516345,3.0499013105140405,3.87155063028335,4.328995979642055,9461.538461538461,0.000016085366482196155,231.89314416553287,0.035,0.3365384615384616,1-0-230-1,iyF,UT_015,015,2,fave,249.4435967641687,59.27196758009897,5,be,0,0.08000200000000746,it'll,a,B,#,B,@,final
446.28276230808854,2733.365727292462,4677.251181705563,2.8295637653367445,3.5603726744976165,4.254204853733881,9282.051282051281,0.0011520383594415345,250.68584616553287,0.17500000000000002,0.333969465648855,1-0-262-6,iyF,UT_015,015,2,fave,225.88602809019122,57.125160809525475,5,hopefully,0,0.5,by,"",L,#,L,"",final
475.67749628929516,2817.5128913480326,4113.921518707503,3.248021400526013,3.337195129256996,4.380370600646528,8564.102564102563,0.0004969596406139544,254.72885183446712,0.040999999999999995,0.33064516129032256,1-0-274-1,iyF,UT_015,015,2,fave,170.26643516048347,48.62313222639446,5,be,0,0.10000600000000759,i'll,in,B,#,B,i,final
428.6307072720356,2307.3738409774496,3725.865128307765,2.5875321431561953,4.0475332528645485,4.956766500962927,9102.564102564102,0.00008068018366406251,260.7808428344671,0.027000000000000003,0.32142857142857145,1-0-292-2,iyF,UT_015,015,2,fave,216.63743987300177,56.15659820492578,5,three,1,0.05999700000000985,"",more,R,#,R,M,final
458.71868571710024,2452.533422935111,3690.936979651477,3.160221379750825,4.365447149115751,4.767888285686685,8025.641025641025,0.000938594446066802,277.8582551655329,0.037,0.32456140350877194,1-0-324-5,iyF,UT_015,015,2,fave,130.2610486140946,45.04519409655389,5,actually,0,0.08999599999998509,i,"",L,#,L,"",final
501.2757547337844,2710.186500124321,3270.7566815525283,3.6844807249729308,4.2387494545725435,4.614933104479314,7128.205128205128,0.131626853560671,295.23056216553283,0.065,0.33505154639175255,1-0-370-8,iyF,UT_015,015,2,fave,317.38174373694926,49.6703417132173,5,definitely,0,0.169983000000002,just,"",L,#,L,"",final
311.3315470086895,2893.6996171949395,3667.543107681269,4.322300264505779,3.764531713590087,4.912860078051956,8025.641025641025,0.0331095580338864,296.4285441655329,0.061000000000000006,0.3315217391304348,1-0-373-1,iyF,UT_015,015,2,fave,431.25920447702555,42.301506038710066,5,me,1,0.1600029999999606,interested,"",M,#,M,"",final
612.8811111614617,2955.493781274231,4684.050718831661,3.089336392353166,3.7800840003233844,4.402200827949808,10000.0,0.00021033469731222438,323.96045616553283,0.055,0.33536585365853655,1-0-382-7,iyF,UT_015,015,2,fave,300.08055860234674,58.84908996555604,5,probably,0,0.13998400000002675,"",was,L,#,L,W,final
652.468475848872,2913.8198937989723,4183.991506459654,3.6394583401702825,3.1408284027158957,3.9983493161089414,8384.615384615383,0.0004223898316659115,337.3964481655329,0.067,0.3284313725490196,1-0-419-4,iyF,UT_015,015,2,fave,182.18282545287786,46.566981267507344,5,attorney,0,0.17999299999996765,of,and,N,#,N,@,final
441.52612049571496,2771.417901838255,4194.332992345965,3.102689254683062,3.874540579451543,4.262239334833978,9461.538461538461,0.000059308997266112533,355.6727391655329,0.037000000000000005,0.324561403508772,1-0-460-1,iyF,UT_015,015,2,fave,217.47664221084952,56.72161861959008,5,be,0,0.08999599999998509,"",more,B,#,B,M,final
483.74260636231384,2639.478417775598,4262.610319279882,2.9438123969771115,4.381177080008729,4.645241672196606,8743.589743589742,0.0038895743144343534,374.8400438344671,0.07100000000000001,0.33177570093457953,1-0-495-7,iyF,UT_015,015,2,fave,242.45172448161136,55.25984176321436,5,probably,0,0.19000200000004952,would,"",L,#,L,"",final
414.11675214648807,2943.4016323325613,4179.501914903956,2.4855690670362454,3.7154141507673546,4.716522078850271,8743.589743589742,0.013994833439838697,375.4300428344671,0.191,0.3327526132404181,1-0-497-1,iyF,UT_015,015,2,fave,209.16481271334902,52.77073430521019,5,be,1,0.5500179999999659,"","",B,#,B,"",final
419.1379144525359,2824.769880357593,4452.024527037099,3.553073240793558,3.522958175658317,4.82422173768414,8205.128205128205,0.008386102077468902,378.8300391655329,0.11100000000000002,0.3323353293413173,1-0-499-8,iyF,UT_015,015,2,fave,278.63466304128616,53.532013246378334,5,photography,0,0.3099980000000073,"",cause,F,#,F,K,final
468.899980665542,2222.883489156123,4239.406275293553,2.607168929690084,3.9433718569606757,4.783881756524647,8384.615384615383,5.269996942910754e-6,385.0153468344671,0.025,0.33783783783783783,1-0-520-7,iyF,UT_015,015,2,fave,235.08206037478328,59.244204023729075,5,probably,0,0.050018000000022766,"",gonna,L,#,L,G,final
417.29041647369957,2676.485555930956,4015.340809255174,2.4558592546806355,4.028291523755971,4.838270259561853,9282.051282051281,0.005338985291246055,385.38535716553287,0.045,0.3358208955223881,1-0-522-1,iyF,UT_015,015,2,fave,206.64260158862444,57.69460591044211,5,be,0,0.10998499999999467,gonna,like,B,#,B,L,final
442.3468043249001,2926.813663983294,4330.013028459976,3.395903298776666,3.4511327028559946,4.19173243767385,8923.076923076922,0.0002789886471788641,394.43034083446713,0.055,0.3353658536585366,1-0-549-3,iyF,UT_015,015,2,fave,220.22794299153378,56.39833779361536,5,baby,0,0.14001500000000533,"",all,B,#,B,o,final
445.4294538664907,2425.2949516626077,4133.54163762502,2.6404469117938545,4.3170748055033865,4.490422641398721,8025.641025641025,0.001705664177825428,425.88425616553286,0.037,0.32456140350877194,1-0-576-7,iyF,UT_015,015,2,fave,222.73693095652092,53.7247023719193,5,probably,0,0.08999600000004193,would,say,L,#,L,S,final
428.6750516365191,2478.470030588255,4032.1963419192152,2.547499215416786,4.040835282408749,4.148911974103769,8743.589743589742,0.00004690351222603123,456.11765083446716,0.031,0.32978723404255317,1-0-639-2,iyF,UT_015,015,2,fave,219.43152193725248,55.883925284033516,5,three,1,0.07000799999997298,say,times,R,#,R,T,final
400.2052343637413,2845.3609506973426,4080.2760848354897,2.5218570330749386,3.993947037995348,4.354303033343244,9282.051282051281,0.0024556626305096414,484.89163983446707,0.065,0.33505154639175255,1-0-677-8,iyF,UT_015,015,2,fave,197.2922063859261,53.57904853309364,5,photography,0,0.17001300000003994,took,i,F,#,F,ay,final
487.5552928545198,3040.41966417384,4142.201093354462,3.5248176561821625,3.3910238292759955,4.319467387279875,8025.641025641025,0.0007598960339256038,488.9036508344671,0.129,0.33593749999999994,1-0-689-1,iyF,UT_015,015,2,fave,190.58857962728658,49.80944558825187,5,me,1,0.3600160000000301,with,or,M,#,M,*hr,final
513.966694143743,1786.4350033866647,3070.795616802188,2.184242686269648,3.5923024260238328,3.7400075007754245,6589.74358974359,0.000014393887713318806,506.0897438344672,0.035,0.33653846153846156,1-0-715-7,iyF,UT_015,015,2,fave,254.61582275391962,61.912025899239886,5,probably,0,0.080016999999998,"",like,L,#,L,L,final
446.97825045395126,2825.8242814821915,4013.361606354811,2.8921069516923836,3.5009357089499837,4.763881353161575,8923.076923076922,0.0009853475545741795,517.0787348344672,0.119,0.3361581920903954,1-0-737-1,iyF,UT_015,015,2,fave,230.43273407133623,60.6997398477347,5,we,1,0.330016999999998,"",had,W,#,W,HH,final
404.36072830298065,2985.352681566631,3728.579470847668,2.87219577878391,3.711337295525418,4.089867417218262,8205.128205128205,0.006803863846276291,522.4587298344671,0.13899999999999998,0.33574879227053134,1-0-750-1,iyF,UT_015,015,2,fave,193.9395578024145,50.578383700520476,5,he,1,0.3900150000000622,that,"",HH,#,HH,"",final
431.5315573599043,2894.8374011669903,4165.6937178264625,3.229462837931429,3.4257100029814462,3.780069434463034,9102.564102564102,0.0015069657725287908,545.1314638344671,0.155,0.334051724137931,1-0-785-7,iyF,UT_015,015,2,fave,227.89357841323974,55.500651174083,5,definitely,0,0.44000199999993583,there's,"",L,#,L,"",final
458.4335271253058,2539.0860891706943,3114.536812118561,3.0543621457552854,3.6364538378876867,4.321446272321788,7307.692307692308,0.000021896967062076335,566.6313621655329,0.027000000000000003,0.32142857142857145,1-0-831-4,iyF,UT_015,015,2,fave,235.50181219192794,60.94518306003905,5,pretty,0,0.059996999999953005,[bracketed],much,T,#,T,M,final
453.72501225507114,2894.1812153942305,4349.692514905357,2.865632485406422,3.9619917993671194,3.7963358293016505,8743.589743589742,0.0004666070625916798,592.4477498344671,0.07700000000000001,0.3290598290598291,1-0-869-4,iyF,UT_015,015,2,fave,217.89390715868015,57.80115597097374,5,actually,0,0.21002199999998084,i'm,using,L,#,L,Y,final
383.1844172475028,2911.2370276370593,3958.5836746093914,2.781182416441513,3.7812412684377286,4.660780859881256,8384.615384615383,0.017258866609765555,598.1247391655329,0.191,0.33275261324041816,1-0-885-8,iyF,UT_015,015,2,fave,110.08660832234867,53.691746235621444,5,definitely,0,0.5499869999999873,it's,"",L,#,L,"",final
456.4297195950821,2258.5305240319576,3451.3112010351647,2.8188905938427276,3.6149866916133693,4.819000253193945,8205.128205128205,0.00027517120483599316,616.8427541655329,0.045,0.3358208955223881,1-0-924-1,iyF,UT_015,015,2,fave,229.80242854083525,65.8382014788389,5,we,1,0.1099859999999353,"",also,W,#,W,o,final
502.50663165243446,2169.186172777611,2975.019517288953,2.3026772336788306,3.552013138014564,4.026262833788284,6589.74358974359,0.00015974535043042555,652.4102228344672,0.057,0.32758620689655177,1-0-985-7,iyF,UT_015,015,2,fave,247.75356540909854,62.90225251495558,5,probably,0,0.15002399999991667,"",like,L,#,L,L,final
457.3687229975494,2950.823168633173,4160.265850822912,3.500048961467837,3.2498464191886605,4.240370445910879,9641.02564102564,0.00037805887007766,757.460256165533,0.051000000000000004,0.3311688311688312,1-0-1147-3,iyF,UT_015,015,2,fave,265.99447419995056,61.659711627982475,5,many,0,0.13000499999998283,"",fantasy,N,#,N,F,final
456.8161471638457,3028.1450331413685,4157.61702698508,2.9960635154861106,3.350420434150213,4.169622145215061,8564.102564102563,0.0005188095445561862,758.5222398344671,0.095,0.33450704225352107,1-0-1148-6,iyF,UT_015,015,2,fave,222.91043602700913,60.11210109820604,5,fantasy,0,0.26001000000007934,many,books,S,#,S,B,final
443.49881329647496,2796.84276733968,4103.95595939984,3.3084421014833794,3.8202999119568526,4.526722803896026,8205.128205128205,0.0019921339997913375,801.5563771655329,0.045,0.3358208955223881,1-0-1255-4,iyF,UT_015,015,2,fave,108.72209301720281,43.72737719344248,5,safely,0,0.1099859999999353,helm,"",L,#,L,"",final
458.3125552961588,2731.7451144608226,3926.7252005101195,2.4986267757001324,3.7194624344127933,4.535060922371172,8564.102564102563,0.00040752159255084063,850.0197644965987,0.040999999999999995,0.33064516129032256,1-0-1368-3,iyF,UT_015,015,2,fave,229.8295434369697,62.90832916141538,5,ready,0,0.09997600000008333,is,for,D,#,D,F,final
469.1489026681124,2581.285438604624,3474.922162626598,2.4789747832016102,4.2300706843117215,4.869954318207587,7487.179487179487,0.000926819390455381,880.9594681655329,0.04100000000000001,0.3306451612903227,1-0-1446-1,iyF,UT_015,015,2,fave,234.99830174013954,64.49117537172214,5,she,1,0.09997499999997217,"",will,SH,#,SH,W,final
705.04744627855,1896.5108980703023,3500.571220988468,2.609320456733292,3.668003314433624,4.166457069996415,6410.25641025641,0.000026147128017756486,41.14844916553288,0.031,0.32978723404255317,1-0-4-1,e,UT_015,015,2,fave,231.24086794529535,57.0899876604628,5,seven,1,0.07000000000000028,twenty,"",S,V,S,V,internal
684.0296657819467,1992.466592301864,3185.0486602054707,3.1388559230230872,3.3935638510385604,3.902175645655998,5871.794871794871,0.0009526462991718297,74.64804716553289,0.13899999999999998,0.33574879227053134,1-0-24-1,e,UT_015,015,2,fave,205.44436244034316,52.88597642219589,5,then,1,0.39000000000000057,and,"",DH,N,DH,N,internal
714.3430791008278,1561.2312825890415,2911.097379573606,3.1159773378646163,4.025028065580281,4.319892831005867,6410.25641025641,0.0003413879273211853,83.96575283446711,0.04100000000000001,0.3306451612903227,1-0-38-1,e,UT_015,015,2,fave,233.75361819966452,59.55788511244295,5,west,1,0.09999800000001358,"",jordan,W,S,W,S,internal
727.955829192316,1495.8234840453172,2915.893650517197,3.1405819340083814,4.462144199185919,4.6562186735694855,6948.717948717948,0.0009257847258108745,94.50305183446712,0.037,0.32456140350877194,1-0-52-1,e,UT_015,015,2,fave,206.42331900081703,53.89877355870689,5,west,1,0.09000400000000752,and,"",W,S,W,S,internal
772.5152801865031,1880.2563270608382,3149.908411167571,3.103805227198255,3.927790224405083,4.429292781630317,6230.7692307692305,2.039359105043961e-6,123.32255183446712,0.025,0.33783783783783783,1-0-69-1,e,UT_015,015,2,fave,198.3314042874745,48.101998906818515,5,then,1,0.050003000000003794,"",going,DH,N,DH,N,internal
745.3381433920936,1733.952387034545,2960.440472443143,3.1085275969032966,3.6379089580649193,4.276263689740349,6051.282051282051,0.00035600277325723766,125.02754916553288,0.055,0.33536585365853655,1-0-76-1,e,UT_015,015,2,fave,216.62948503149283,58.071819705874844,5,then,1,0.1399990000000031,"",going,DH,N,DH,N,internal
718.4833907367735,1935.872054286318,3005.8838380373472,2.8542867351188135,3.9521843859101797,3.7534900065442063,6051.282051282051,0.0003199986216913747,128.14054983446712,0.040999999999999995,0.33064516129032256,1-0-88-1,e,UT_015,015,2,fave,107.62120302497236,46.84965715878434,5,bed,1,0.10000600000000759,to,"",B,D,B,D,internal
601.39016041691,1384.0558103790406,4022.6833810165103,3.5446350347559816,4.166934917475285,4.318431127678901,8205.128205128205,0.000018778276411147533,145.3819491655329,0.025,0.33783783783783783,1-0-97-1,e,UT_015,015,2,fave,210.076938635161,57.601735298783424,5,where,1,0.050003000000003794,to,i,W,R,W,R,internal
769.856104470149,1738.0220172934592,3093.444502086484,2.9900364528220282,4.120939823187764,4.0810174366788745,6589.74358974359,0.0007139190433324641,161.48545783446713,0.037000000000000005,0.324561403508772,1-0-142-1,e,UT_015,015,2,fave,158.16674984231483,45.05691046685201,5,best,1,0.08999700000001098,the,for,B,S,B,S,internal
555.8568335945458,1899.5087846227786,3279.055813596276,3.3425076678280585,3.955382870381976,3.984406279467042,6589.74358974359,2.535833938780776e-6,174.82094983446714,0.025,0.33783783783783783,1-0-162-1,e,UT_015,015,2,fave,208.84129990243008,55.56718664298947,5,they're,1,0.050003000000003794,"",pretty,DH,R,DH,R,internal
690.8269243717681,1844.1518939802882,3029.2901552094113,2.6531163926358836,3.722435417166574,3.818991905330573,5871.794871794871,0.000014775695623261203,177.39195116553287,0.027000000000000003,0.32142857142857145,1-0-170-0,e,UT_015,015,2,fave,184.27307646853248,54.154789522856426,5,anyways,1,0.0599979999999789,us,and,#,N,S,N,initial
757.5614162995162,1306.829626616157,3614.038607427041,2.8256899824462653,3.712061268673056,3.963267575052932,7128.205128205128,0.0004240487914130486,178.92894583446713,0.061000000000000006,0.3315217391304348,1-0-174-1,e,UT_015,015,2,fave,189.8892978488899,55.891265388502745,5,them,1,0.1600040000000149,helping,"",DH,M,DH,M,internal
729.6253518404187,1910.7294470908232,3069.0069142369666,2.598879166993392,3.8066635767204593,3.607758842431536,6410.25641025641,0.000014168975176406872,182.41194583446713,0.027000000000000003,0.32142857142857145,1-0-185-1,e,UT_015,015,2,fave,177.4303536888631,54.21226904831237,5,best,1,0.060012999999997874,"",i,B,S,B,S,internal
847.2542801472557,1794.5002868364718,2877.1515205518826,3.0345211232696605,4.248118008373418,4.426234948553436,6769.2307692307695,0.006459093078350949,204.37455016553287,0.11500000000000002,0.3343023255813954,1-0-200-1,e,UT_015,015,2,fave,337.41042294607036,57.8830872062234,5,yes,1,0.3199920000000134,"","",Y,S,Y,S,internal
763.9205305867888,1644.484039122103,3275.4131400772876,3.01240210010179,3.842312863651833,3.9381042462386002,6589.74358974359,0.0003886178833209838,236.21815683446712,0.045,0.3358208955223881,1-0-245-1,e,UT_015,015,2,fave,201.15397189224575,56.256904548268416,5,best,1,0.11000100000001112,the,in,B,S,B,S,internal
661.8505240789079,2305.609798830321,2962.274094808896,3.5401232982585307,3.9611659750916943,4.043407012919456,6230.7692307692305,0.006360565665903342,245.65184016553286,0.087,0.32954545454545453,1-0-252-1,e,UT_015,015,2,fave,264.2062918484956,39.905418796398735,5,am,1,0.24000599999999395,i,still,ey,M,ey,M,internal
712.2519398004613,2039.3894624972759,3199.541990544819,3.3185725524836163,3.6513938754693176,4.554432998952047,6589.74358974359,0.0004709725432814897,246.7818491655329,0.047,0.3263888888888889,1-0-256-1,e,UT_015,015,2,fave,225.76803508792975,59.96596618363545,5,generals,1,0.11999599999998622,the,or,JH,N,JH,N,internal
723.8447545232802,1576.2120972233956,3221.275592010666,3.089429225178473,4.297183657519374,4.560080057660637,5871.794871794871,0.0006707869519291883,271.72825016553287,0.037,0.32456140350877194,1-0-311-0,e,UT_015,015,2,fave,217.63139445486124,51.44752385179013,5,as,1,0.0899970000000394,"",best,#,Z,"",Z,initial
564.9064017795602,1408.7904503435577,3067.066991560229,2.8512091104375097,3.6975744115041635,4.354876908766716,5692.3076923076915,0.000032211041990031556,271.9232435034014,0.027000000000000003,0.32142857142857145,1-0-312-1,e,UT_015,015,2,fave,174.01808997457232,54.66040180057822,5,best,1,0.060027999999988424,as,i,B,S,B,S,internal
681.0233523129511,1859.7972925190693,3189.2320532681247,2.8101300947153507,4.045567683071597,4.473746889725155,6589.74358974359,0.00009811314090428505,294.8085581655328,0.040999999999999995,0.33064516129032256,1-0-370-1,e,UT_015,015,2,fave,213.90569833044685,64.2965196427862,5,definitely,1,0.09997600000002649,just,"",D,F,D,F,internal
643.0063755142509,1805.4737974688985,3223.7339046375237,3.2472911456125657,3.6438741349491717,4.453444235582436,5871.794871794871,0.003849808548760094,339.75346083446715,0.08099999999999999,0.3319672131147541,1-0-429-0,e,UT_015,015,2,fave,169.60340049694892,49.83559706997967,5,everything,1,0.22000099999996792,"","",#,V,"",V,initial
701.0554721066462,1642.8451231734973,2908.1288000007253,2.8379957558652538,3.712317325746875,3.9837301873627684,5871.794871794871,0.00006513595500316481,341.94846183446714,0.031,0.32978723404255317,1-0-435-1,e,UT_015,015,2,fave,188.63728401001575,54.09946349774413,5,best,1,0.07000700000003235,what's,for,B,S,B,S,internal
644.7609775680178,1959.788175076274,3104.0032590285687,3.069457670965012,4.155496929931604,4.134329099269357,6410.25641025641,0.0003142875076130786,360.8027441655329,0.037,0.32456140350877194,1-0-472-0,e,UT_015,015,2,fave,196.30693965828172,53.262984966420795,5,anything,1,0.08999599999998509,do,"",#,N,Tuw,N,initial
751.2524605672213,1640.8719471108925,3119.823369044626,2.909446201617809,3.7028938443264363,3.943466652640581,6410.25641025641,0.0004360488348487768,383.4503541655329,0.055,0.33536585365853655,1-0-518-3,e,UT_015,015,2,fave,244.80491326674175,59.479256761707404,5,semester's,1,0.13998499999996739,this,"",M,S,M,S,internal
650.9822531766093,1534.0392593237825,2973.371900596289,2.708788803818308,3.9305635928125624,4.581876553577087,5871.794871794871,0.00004275148995702944,392.41834083446713,0.031,0.32978723404255317,1-0-545-3,e,UT_015,015,2,fave,197.46832488726616,62.95407937511374,5,development,1,0.07000700000003235,whole,"",V,L,V,L,internal
642.24221313185,1594.3404263330328,3072.0194381472875,2.9426302182515673,4.1132354047933175,4.5709419248460135,6589.74358974359,0.0003480699720170271,398.76834683446714,0.031,0.32978723404255317,1-0-564-3,e,UT_015,015,2,fave,185.78298015673877,53.89648928936253,5,development,1,0.07000700000003235,"",is,V,L,V,L,internal
524.509373093363,2164.3779536395045,3870.6592640139415,3.4854992835699568,4.149490958160946,4.300327258428891,7128.205128205128,0.0001850217105634607,427.39124083446717,0.031,0.32978723404255317,1-0-581-0,e,UT_015,015,2,fave,210.43200253219717,52.60847227020286,5,area,1,0.07000799999997298,george,"",#,R,JH,R,initial
712.094436524904,2382.368158894655,3127.141815684011,2.7574776067302875,4.372442534369607,4.2901210419198215,6948.717948717948,0.00762300500242598,436.0862548344671,0.08099999999999999,0.3319672131147541,1-0-603-0,e,UT_015,015,2,fave,225.63947811086607,53.8191682751621,5,air,1,0.22000100000002476,"","",#,R,"",R,initial
740.9150377020765,1786.1573156054578,3283.2791767825242,2.2457744844133973,3.8566766201346985,4.362859140385769,6410.25641025641,0.00003845955896564022,437.8592371655329,0.027000000000000003,0.32142857142857145,1-0-609-1,e,UT_015,015,2,fave,189.33994759562293,56.8655588704131,5,better,1,0.05999700000000985,bit,for,B,T,B,T,internal
674.8765462109154,1731.4829023678242,2784.5557157062394,2.853197312396838,3.464101827557213,4.025440739977611,5692.3076923076915,0.00009762835344307557,450.1996621655329,0.035,0.3365384615384616,1-0-625-0,e,UT_015,015,2,fave,126.50285328403133,54.98251578928148,5,anyways,1,0.0799870000000169,south,"",#,N,TH,N,initial
696.0057756460659,1876.1460747525077,3087.919408166462,2.9707901223796354,3.858822494039841,3.9939793159162917,6230.7692307692305,0.0001051896482230249,450.90765983446715,0.031,0.32978723404255317,1-0-627-0,e,UT_015,015,2,fave,178.34923996490437,48.67314631781051,5,anywhere,1,0.0700069999999755,"","",#,N,"",N,initial
623.2294787063718,1838.3609985396474,3344.0999112635022,3.0397180216287207,3.4904339111387603,4.82601175870621,8205.128205128205,0.0012435464474357114,451.16965416553285,0.055,0.33536585365853655,1-0-627-4,e,UT_015,015,2,fave,202.27522314841278,54.70316735461766,5,anywhere,2,0.1399839999999699,"","",W,R,W,R,internal
726.5897151427968,1616.1407274092464,3193.9708833225422,2.706926944764076,3.5410566641250334,4.474584987396322,6230.7692307692305,0.0002862136938495088,481.0476528344671,0.037000000000000005,0.324561403508772,1-0-664-3,e,UT_015,015,2,fave,190.227985652085,54.619099785250214,5,whatever,1,0.08999599999998509,of,"",T,V,T,V,internal
646.0060496106767,1623.1716077236001,2884.5239240478218,2.8026188455598664,3.757569526866011,4.48567737336263,5153.846153846154,8.225578424226805e-6,497.6458581655329,0.027000000000000003,0.32142857142857145,1-0-704-1,e,UT_015,015,2,fave,-90.50966799187809,55.48955930415984,5,they're,1,0.05999700000000985,how,"",DH,R,DH,R,internal
470.98616012756446,1768.7906361973282,2820.1742443630033,3.745450145383126,3.319856476025084,4.250561550103723,5153.846153846154,0.0005381139997280917,499.6658528344671,0.027000000000000003,0.32142857142857145,1-0-713-0,e,UT_015,015,2,fave,191.48339434953797,46.533930388454614,5,everything,1,0.05999700000000985,and,"",#,V,D,V,initial
702.2433603158981,2079.3334397561366,2961.942766495814,2.660873796569112,4.169491415804793,4.2901967899009925,6051.282051282051,0.00006559398903673301,526.7547668344671,0.031,0.32978723404255317,1-0-765-0,e,UT_015,015,2,fave,183.99457261761486,52.65783304102697,5,ended,1,0.07000700000003235,i,up,#,N,ay,N,initial
774.9805741071481,1582.449375287466,3264.7937927063513,2.676052475147838,3.7683317046150164,3.980078859815065,6589.74358974359,0.0001649958915767549,528.3347228344671,0.031,0.32978723404255317,1-0-772-1,e,UT_015,015,2,fave,393.58758466782115,53.63885345156405,5,well,1,0.07000699999991866,"","",W,L,W,L,internal
735.2001549511994,1790.2504637873553,3148.5682567752765,2.6390232459797427,3.8027810459228166,4.5583456760004974,6589.74358974359,0.0010852784756661981,544.4714618276644,0.055,0.3353658536585366,1-0-785-1,e,UT_015,015,2,fave,241.3549797857197,61.559545355181974,5,definitely,1,0.13995299999999133,there's,"",D,F,D,F,internal
598.3814295949521,1708.8105786846602,3235.3908275950544,2.8226889686051897,4.2240273361633065,4.095594680411396,7128.205128205128,0.0001009554223802994,549.179448834467,0.031,0.32978723404255317,1-0-790-1,e,UT_015,015,2,fave,201.34725350951217,54.16147942576402,5,there's,1,0.07000800000002982,cameras,different,DH,R,DH,R,internal
653.6247153087179,2002.9897891766993,3022.005913892726,2.833844898385582,4.078248067103084,4.693675322428393,6410.25641025641,0.002591885964801724,567.973318165533,0.051000000000000004,0.3311688311688312,1-0-837-1,e,UT_015,015,2,fave,192.86759440017568,59.54106881657605,5,general,1,0.13000499999998283,in,like,JH,N,JH,N,internal
603.2317125612767,1229.1751057369513,3529.7262054945572,2.7499064038103294,3.4442216745758247,4.4348193197685575,7846.153846153846,0.00035225606463229746,595.8427261655329,0.027000000000000003,0.32142857142857145,1-0-881-1,e,UT_015,015,2,fave,444.05426890204177,57.46811988329983,5,well,1,0.05999799999995048,as,so,W,L,W,L,internal
723.337586591647,1804.1475546241854,2851.0517781572316,2.9435731244503973,3.8114554996019563,4.9769652680087875,6410.25641025641,0.0006340231776272014,597.4027751655328,0.047,0.3263888888888889,1-0-885-1,e,UT_015,015,2,fave,209.22158215840184,64.14568314858111,5,definitely,1,0.11999500000001717,it's,"",D,F,D,F,internal
752.3049103645897,1530.3410265960188,3761.8135259603737,3.0901515678126787,4.041802768064822,4.316327976263058,7666.666666666666,0.0010531727757428558,602.7747701655329,0.051000000000000004,0.3311688311688312,1-0-893-1,e,UT_015,015,2,fave,186.51292020205548,59.20584742339919,5,well,1,0.13000499999998283,as,"",W,L,W,L,internal
787.0668530495501,1664.3002333857962,3244.1187640062644,3.08078973594917,4.45959070282208,4.3093458380835905,7487.179487179487,0.000498864746377887,610.5417405034013,0.045,0.3358208955223881,1-0-910-0,e,UT_015,015,2,fave,207.7673075606623,53.312532736183385,5,everything,1,0.1100459999998975,"",like,#,V,"",V,initial
677.9338574063961,1171.610962446841,3227.7599892175317,2.9859056724532125,3.4466930461264833,4.382848658896003,6051.282051282051,0.000014031691010592745,620.4827351723357,0.025,0.33783783783783783,1-0-937-1,e,UT_015,015,2,fave,149.27123140872567,50.34108191396762,5,well,1,0.050049000000058186,as,"",W,L,W,L,internal
598.1025993568932,2241.414990806708,2960.7549242510977,3.138662836241462,4.016280048422169,4.467749659129445,6051.282051282051,0.01363968030334765,625.4821378344672,0.225,0.3338278931750741,1-0-946-1,e,UT_015,015,2,fave,240.72832638131814,59.156046247285005,5,yet,1,0.6500240000000304,not,"",Y,#,Y,"",final
812.6031243587585,1802.0045968726733,2979.6894160817874,2.8604812713814596,3.8287294054237893,4.195571678708833,6948.717948717948,0.0005030739092293608,655.9392518344671,0.055,0.33536585365853655,1-0-995-1,e,UT_015,015,2,fave,203.78547948236036,65.07577130256942,5,best,1,0.1400149999999485,of,ways,B,S,B,S,internal
716.0306494414656,1434.0759617435606,3279.8054980872625,2.8047146243372385,3.9496494116330445,4.096762650796623,6051.282051282051,8.613798966290943e-6,666.5352368344671,0.027000000000000003,0.32142857142857145,1-0-1022-1,e,UT_015,015,2,fave,192.99960824618188,52.698736925122674,5,them,1,0.05999800000006417,show,"",DH,M,DH,M,internal
708.1220205938384,1985.7942471419321,3348.2031167263917,2.9817841433586176,3.7697158648723192,3.8118855225833457,6589.74358974359,0.00031779336559828946,668.0242731655329,0.045,0.3358208955223881,1-0-1028-1,e,UT_015,015,2,fave,187.35488448646237,55.26330704576339,5,then,1,0.10998499999993783,and,they,DH,N,DH,N,internal
802.3387391864314,1774.6423823224532,3185.321154007317,2.8605878255149007,3.6815874358247824,4.213344952535547,6589.74358974359,0.00021291543105975402,671.9622751655329,0.040999999999999995,0.33064516129032256,1-0-1040-1,e,UT_015,015,2,fave,165.98132934113397,55.33485240349259,5,best,1,0.09997600000008333,what's,for,B,S,B,S,internal
712.2865118823895,1414.3420805284552,3078.753361124943,2.7542709195142643,3.5741833632980953,4.370774229786957,6769.2307692307695,0.00008665051769436064,672.7072638276644,0.031,0.32978723404255317,1-0-1042-4,e,UT_015,015,2,fave,-139.29282305068313,52.113505390675265,5,themselves,1,0.06994700000007015,for,as,S,L,S,L,internal
603.1034031330967,1449.5109450790387,3191.6009895606967,3.172977701130358,3.4348731777508283,3.7596688661296835,6051.282051282051,0.0003129008642612026,673.0722554965987,0.04100000000000001,0.3306451612903227,1-0-1043-0,e,UT_015,015,2,fave,-3925.433954750424,46.63376332312615,5,as,1,0.09997499999997217,themselves,well,#,Z,Z,Z,initial
644.24591417967,1064.0482049488623,3167.47738586513,2.9368699316079887,3.1445307165655123,4.203439864091457,6589.74358974359,0.00004486644398549396,673.377263834467,0.031,0.32978723404255317,1-0-1044-1,e,UT_015,015,2,fave,143.5331621991008,51.171006977901484,5,well,1,0.07000800000002982,as,"",W,L,W,L,internal
727.6302501172539,1890.5601558196754,3164.1194447212997,3.0859250098915245,3.9105854282984165,4.2146752167919725,6230.7692307692305,0.000043665359616868574,746.8832605034014,0.037,0.32456140350877194,1-0-1122-1,e,UT_015,015,2,fave,215.3195368692284,58.92069161063257,5,next,1,0.09002699999996366,snail,to,N,K,N,K,internal
690.5995540878782,1633.5943309713332,2929.105833669858,2.80164807530096,3.6910670180059357,4.860409274436688,5871.794871794871,0.00011630101045268108,751.2902278344671,0.031,0.32978723404255317,1-0-1135-1,e,UT_015,015,2,fave,200.81255465911454,60.8494834416573,5,shell,1,0.07000699999991866,new,today,SH,L,SH,L,internal
697.2605226764928,1870.428798053771,3195.462725355212,2.5191622219522762,3.712940282399316,3.674751297030122,6410.25641025641,3.3198428395930874e-6,757.3382768344671,0.027000000000000003,0.32142857142857145,1-0-1147-1,e,UT_015,015,2,fave,231.22334132139673,64.99079424974967,5,many,1,0.059996999999953005,"",fantasy,M,N,M,N,internal
844.9165551580062,1535.1371978094692,3004.6420010537404,3.2667169826206504,3.6843880272507827,4.63331757060009,5692.3076923076915,0.00003295297890891674,759.9282371655329,0.027000000000000003,0.32142857142857145,1-0-1153-0,e,UT_015,015,2,fave,204.2768052376332,53.334182983732966,5,elf,1,0.059996999999953005,"",in,#,L,"",L,initial
806.4623763695027,1421.7963907224043,2980.883802193735,3.241305318699053,3.877574268094642,3.9939858669356787,6589.74358974359,0.00007933112069873238,766.9172441723357,0.025,0.33783783783783783,1-0-1169-0,e,UT_015,015,2,fave,218.35894827470244,59.8798280887728,5,elm,1,0.0500489999999445,"",for,#,L,"",L,initial
772.0274047311287,2049.47413460675,3084.2565964423716,2.7232059599292455,3.976998211893091,4.206366531335303,6410.25641025641,0.000028678211850643906,771.3087518276644,0.035,0.33653846153846156,1-0-1180-1,e,UT_015,015,2,fave,187.99573735768277,54.92136611417798,5,next,1,0.07995600000003833,button,to,N,K,N,K,internal
638.8932584754136,1915.4950286340631,2873.020054654586,2.82254921607829,3.7780263140865356,4.814457228391332,6769.2307692307695,0.00002976721135487797,773.4527731655329,0.027000000000000003,0.32142857142857145,1-0-1186-1,e,UT_015,015,2,fave,212.76233355290952,66.39246714067352,5,baroness,1,0.059996999999953005,the,"",B,R,B,R,internal
725.173385759373,1680.9407050467712,2936.8264788956435,2.774417161415055,3.7724971197177384,4.056891659519926,6230.7692307692305,0.00010802211215806974,774.9227341655329,0.047,0.3263888888888889,1-0-1190-1,e,UT_015,015,2,fave,199.3815521744837,61.89334126562605,5,bell,1,0.11999500000001717,a,for,B,L,B,L,internal
654.4674028042917,1513.9510782830218,2963.6249107697035,2.8161973175943924,3.87704548932857,4.040325430620736,6230.7692307692305,0.00006526802035139911,778.7967505034013,0.035,0.3365384615384616,1-0-1200-1,e,UT_015,015,2,fave,205.09252569794245,63.87298464718012,5,belt,1,0.080016999999998,a,for,B,L,B,L,internal
678.1870664838664,1826.180836958646,3760.331390757637,3.056288521911273,3.762452589785347,4.352673434109482,7846.153846153846,0.00007150579307142129,779.424744165533,0.031,0.32978723404255317,1-0-1202-1,e,UT_015,015,2,fave,199.04405064648606,57.868203837920476,5,decoration,2,0.07000700000003235,for,"",D,K,D,K,internal
740.8265365471439,1665.966740803937,3107.0812721735756,2.892060787909111,3.365399730353502,4.170347950877817,6230.7692307692305,0.00006479569781608919,782.5817624965987,0.045,0.3358208955223881,1-0-1208-1,e,UT_015,015,2,fave,203.1981982113911,62.857564098872054,5,cell,1,0.10998499999993783,the,"",S,L,S,L,internal
723.1202510375979,2029.525027377346,2960.104100130731,3.0325674580230677,3.92769308793724,3.8866215572318423,5871.794871794871,0.0004572809581820096,791.6697455034014,0.04100000000000001,0.3306451612903227,1-0-1233-1,e,UT_015,015,2,fave,152.10077190496148,52.54890494118548,5,yesterday,1,0.10003599999993185,cotton,"",Y,S,Y,S,internal
846.5755965780027,1645.8843921459588,3000.4931557379173,2.7836929098056302,3.8128423363433246,4.069682291068857,5871.794871794871,0.00017968566277073018,799.499334834467,0.031,0.32978723404255317,1-0-1252-0,e,UT_015,015,2,fave,218.31868936769436,60.87035649269975,5,elm,1,0.07000700000003235,"","",#,L,"",L,initial
638.3428548299551,2244.9303421119266,3618.4828812446362,3.2917127946398637,3.868204892522283,4.740585333287792,8564.102564102563,0.0037091617855207143,803.5393291655328,0.11100000000000002,0.3323353293413174,1-0-1259-1,e,UT_015,015,2,fave,215.31833604756898,60.77861903642345,5,wear,1,0.3099970000000667,children,"",W,R,W,R,internal
694.0020877190257,1314.302599674405,2993.2577591913487,2.4634207525070986,3.2477238729682503,4.27804406521402,6589.74358974359,0.00012497365972840917,818.0813575034013,0.035,0.3365384615384616,1-0-1295-1,e,UT_015,015,2,fave,79.35759950540488,57.87232690194723,5,well,1,0.080016999999998,fiddle,"",W,L,W,L,internal
765.4897622151424,1548.294497039931,3161.5845061341784,3.0997047245006315,3.3872440272018,4.420574723172539,6410.25641025641,0.00012166224035069267,820.0963551655329,0.045,0.3358208955223881,1-0-1299-3,e,UT_015,015,2,fave,223.86482940847924,61.8138964330852,5,collects,1,0.1099859999999353,brother,bottles,L,K,L,K,internal
692.9418383925766,1958.1759639258207,2927.3349049939134,2.86612823015008,4.255245938736624,4.26542313537551,6230.7692307692305,0.00006901547400660717,843.574768165533,0.031,0.32978723404255317,1-0-1353-1,e,UT_015,015,2,fave,177.22688976407906,53.850510949672376,5,yesterday,1,0.07000699999991866,from,"",Y,S,Y,S,internal
666.5863455250853,2297.282342984341,3850.950402206625,3.1676190891464153,3.977765434660944,4.354995126972142,7846.153846153846,0.001312303101748546,848.0167588276644,0.035,0.3365384615384616,1-0-1363-3,e,UT_015,015,2,fave,NaN,47.33624675697252,5,weekend,2,0.07995600000003833,last,"",K,N,K,N,internal
692.5139328893006,1914.697517836623,3517.364760563877,3.0611356494147737,3.8784605082340473,4.395566560649943,7666.666666666666,0.00004736774675262311,849.8867604965986,0.035,0.3365384615384616,1-0-1368-1,e,UT_015,015,2,fave,224.89109814505295,63.44053413825651,5,ready,1,0.07995600000003833,is,for,R,D,R,D,internal
735.0161937886577,1896.771745692542,3129.596871652256,2.7737337629938867,3.419882503048239,3.8072979265451403,6230.7692307692305,0.00003931798790533208,850.9047241655329,0.031,0.32978723404255317,1-0-1372-1,e,UT_015,015,2,fave,170.3606938953991,51.069744665698515,5,next,1,0.07000700000003235,sale,weekend,N,K,N,K,internal
756.7092552536442,2067.0370772313427,2922.4658194367535,3.082502449003905,3.7020923590408725,3.938834446862942,6230.7692307692305,0.0006800878723934035,851.3917661655329,0.045,0.3358208955223881,1-0-1373-3,e,UT_015,015,2,fave,NaN,44.7316634409742,5,weekend,2,0.10998500000005151,next,"",K,N,K,N,internal
739.9477933991927,1251.3967700461728,3037.0910873183298,2.965980738625355,3.418117224928511,4.354826952202995,6051.282051282051,0.00006676940793680502,857.7953524965986,0.037,0.32456140350877194,1-0-1390-1,e,UT_015,015,2,fave,198.3501372558831,63.08118772156233,5,wells,1,0.08996600000000399,the,"",W,L,W,L,internal
749.9927521042189,2021.2765228064109,3491.2890107508256,3.450139321901111,3.8605902947207413,4.898806234269571,8923.076923076922,0.00020062440029122106,868.0953518344671,0.037,0.32456140350877194,1-0-1417-1,e,UT_015,015,2,fave,215.05812811912608,60.78228380957979,5,parents,1,0.09002699999996366,the,found,P,R,P,R,internal
704.4958588073323,1808.429679809418,3079.3215894097075,2.536027764884792,3.3081822683455107,4.097445807766615,6410.25641025641,0.000162671013921719,881.9824318344671,0.047,0.3263888888888889,1-0-1450-1,e,UT_015,015,2,fave,227.73081123645392,66.32220377505662,5,seven,1,0.11999500000001717,need,cartoons,S,V,S,V,internal
777.2608025756325,2085.3236416727354,3145.408888942381,2.605067519436514,4.204246121920196,4.048803482918981,6589.74358974359,0.00006492970432747743,886.7664594965987,0.035,0.33653846153846156,1-0-1462-1,e,UT_015,015,2,fave,192.00068906506596,53.7612912928948,5,next,1,0.07995599999992464,kitten,door,N,K,N,K,internal
600.3938277204009,1660.7989134039128,3121.226414496313,3.2317097017937013,4.381832846875245,4.034034297387091,6051.282051282051,0.00002297893054757372,41.256446165532886,0.027000000000000003,0.32142857142857145,1-0-4-3,@,UT_015,015,2,fave,206.10267479233116,48.863298320990886,5,seven,0,0.06000099999999975,twenty,"",V,N,V,N,internal
606.5080219248227,2115.74875864011,3148.002920971675,2.7394851964939795,3.778985931787459,3.8603162276033265,6230.7692307692305,0.0005353045448181149,79.86275183446712,0.055,0.33536585365853655,1-0-33-3,@,UT_015,015,2,fave,302.982384408855,59.88512899668327,5,layton,0,0.1399990000000031,"",for,T,N,T,N,internal
535.2370735421019,2167.741171614545,3085.3051650349466,3.209538281990557,2.8900706130229614,4.264297678541455,6051.282051282051,0.00024217407787305902,84.73875483446712,0.067,0.32843137254901966,1-0-39-4,@,UT_015,015,2,fave,270.0508943750439,57.2084255793533,5,jordan,0,0.18000000000000682,west,"",D,N,D,N,internal
587.9144953695682,1894.4048407128553,3055.4447686593567,2.9685647972472156,3.4670701952161176,4.264032991463796,6230.7692307692305,0.0005550775846484817,147.20195183446714,0.045,0.3358208955223881,1-0-102-3,@,UT_015,015,2,fave,209.12587167638938,54.3766076206452,5,because,0,0.1100009999999827,"",i,K,Z,K,Z,internal
755.3745323777334,1691.2545956788322,2493.015087896235,3.1108501552605508,4.04916136416522,4.587444445966994,5512.820512820513,0.012666968241987755,148.54195416553287,0.085,0.3346456692913386,1-0-105-5,@,UT_015,015,2,fave,187.09261698257887,46.99844371905343,5,struggled,0,0.22999499999997397,i,for,G,L,G,L,internal
620.06418311312,1927.602457725403,3010.7207734640606,3.1029018132223345,4.173537835845036,4.083064841731031,5512.820512820513,0.000017069620577704935,158.92945483446712,0.025,0.33783783783783783,1-0-135-3,@,UT_015,015,2,fave,195.81307774247958,47.01676502616096,5,actually,0,0.050003000000003794,i,wanna,SH,L,SH,L,internal
733.4829602477163,2027.4789950432048,3047.755738726637,3.1203740374606195,3.9893011196160493,4.413005688411419,6051.282051282051,0.00017341060357526175,159.13445183446711,0.035,0.33653846153846156,1-0-136-3,@,UT_015,015,2,fave,191.9064771579564,48.85799764276217,5,wanna,0,0.08000199999997903,actually,do,N,#,N,D,final
684.8608355462025,1346.418087486345,3526.1350745627396,4.20031187320571,5.1814816250066205,5.015801289339209,7128.205128205128,0.012310686499649228,166.06354983446712,0.025,0.33783783783783783,1-0-149-0,@,UT_015,015,2,fave,241.12232303230988,54.76418044730557,5,a,0,0.050003000000003794,become,pediatric,#,#,M,spn,coextensive
705.4440950220721,1754.5565219628263,3199.2191574187914,2.711689805209065,3.9133630599126894,3.536539457493471,5871.794871794871,0.0001322514452824042,178.05694583446714,0.037,0.32456140350877194,1-0-171-0,@,UT_015,015,2,fave,164.34244635238588,48.32909104903588,5,and,0,0.09001100000000406,anyways,"",#,N,Z,N,initial
737.2230427113251,1630.5254034116363,2978.655908587407,2.898113657423387,4.007077524276742,4.347425680354493,6230.7692307692305,0.00021649315122632183,194.3989451655329,0.047,0.3263888888888889,1-0-193-0,@,UT_015,015,2,fave,243.16480362320448,52.61242506708632,5,a,0,0.11999499999998875,sign,little,#,#,N,L,coextensive
623.0462464492836,1552.0695569001314,3107.1266190512633,3.044405170849842,3.7504938209986247,4.067111562798655,6051.282051282051,7.990189717243281e-6,194.7579401655329,0.025,0.33783783783783783,1-0-196-0,@,UT_015,015,2,fave,214.17315659317205,54.60734043350205,5,of,0,0.05000400000000127,bit,sign,#,V,T,V,initial
591.1833901108342,1520.4186212033935,2763.5080981949895,2.9978124556141594,4.2967662611574555,4.283618553617793,6051.282051282051,0.00007465948293184067,195.2829508344671,0.035,0.33653846153846156,1-0-198-5,@,UT_015,015,2,fave,303.27216670388634,56.52916815082779,5,language,0,0.08000200000000746,sign,"",W,JH,W,JH,internal
675.8382200213679,1342.4139661907564,2874.8968522489645,3.392901935239016,3.4707924787417563,4.552633619263762,5692.3076923076915,0.00015258348470203212,205.4395511655329,0.025,0.33783783783783783,1-0-204-0,@,UT_015,015,2,fave,275.4033122619226,55.72180170563128,5,a,0,0.050003000000003794,know,few,#,#,owF,F,coextensive
508.9401548525996,1892.748382254553,2643.914406961554,2.396318204921935,3.5087273438087108,3.7755530114780296,5692.3076923076915,0.000025778238606521483,231.97314616553288,0.035,0.3365384615384616,1-0-231-0,@,UT_015,015,2,fave,245.21560765131366,60.88278291191971,5,a,0,0.08000100000000998,be,rough,#,#,iyF,R,coextensive
503.308637535159,1558.0515524172558,2851.866241825123,3.3688927752383577,3.5244255700564096,4.103875794777966,6051.282051282051,0.000027760615149482038,236.01914916553287,0.027000000000000003,0.32142857142857145,1-0-244-1,@,UT_015,015,2,fave,223.5436982522052,55.722832191491236,5,the,0,0.05999700000000985,like,best,DH,#,DH,B,final
504.22282571947983,912.7193567861237,2302.6942279290947,3.7727239905284504,3.620506064873528,4.289528396970808,5871.794871794871,8.851872773603191e-6,236.5581421655329,0.025,0.33783783783783783,1-0-247-1,@,UT_015,015,2,fave,193.86333592337616,44.545456897026696,5,the,0,0.05000299999997537,in,long,DH,#,DH,L,final
661.9349654942357,1941.157622639091,3392.812141665445,2.1285053970838796,3.446151181843116,3.724857539621629,6230.7692307692305,0.000030304259620747152,246.58085283446712,0.025,0.33783783783783783,1-0-255-1,@,UT_015,015,2,fave,327.66804587984785,58.02841315138684,5,the,0,0.050003000000003794,in,generals,DH,#,DH,JH,final
730.0130745000041,1003.2363671841546,2354.0817163286456,3.198550590803759,3.8486449469077715,4.40353638363284,6051.282051282051,0.0011067132632201439,247.21384216553287,0.051000000000000004,0.3311688311688312,1-0-256-4,@,UT_015,015,2,fave,163.8386386962635,52.19473201635418,5,generals,0,0.13000499999998283,the,or,*hr,L,*hr,L,internal
707.470239372492,1754.9936033759209,2772.73523859084,2.924007934887735,4.227434933470798,4.4434841768745015,5871.794871794871,0.0004160894684974657,251.9458538344671,0.035,0.3365384615384616,1-0-266-0,@,UT_015,015,2,fave,95.48774931812899,50.91558610540282,5,of,0,0.08000100000000998,spring,"",#,V,NG,V,initial
730.7012684532061,1652.4853120945945,3686.208323014373,3.1357133642089616,4.215583167413509,5.4272300161854465,8564.102564102563,0.00015962249582517188,252.82185783446715,0.027000000000000003,0.32142857142857145,1-0-270-0,@,UT_015,015,2,fave,94.56610512712446,50.21115138227592,5,of,0,0.0599979999999789,summer,<unk>,#,V,*hr,V,initial
740.6277875135205,1274.8364165901419,2846.52175156853,3.691874999735077,4.102713641522638,5.312088462748898,6230.7692307692305,0.0029674964208012715,255.2608401655329,0.025,0.33783783783783783,1-0-277-3,@,UT_015,015,2,fave,208.90011844469055,50.37890462337857,5,actual,0,0.05000299999997537,the,program,SH,L,SH,L,internal
513.305372768775,1224.799958019845,2667.6063339442435,3.4489680749533593,4.2727598959662085,4.275408705016714,5512.820512820513,0.0003273820900858779,259.7608481655329,0.027000000000000003,0.32142857142857145,1-0-290-0,@,UT_015,015,2,fave,215.5576287654352,51.283351093231886,5,about,0,0.05999700000000985,have,"",#,B,V,B,initial
659.4987680016445,1372.0548221920053,2231.004398449866,3.8770334596102414,4.271539906493422,4.91383547581293,5512.820512820513,0.0006585784976364423,261.52984850340135,0.025,0.33783783783783783,1-0-296-0,@,UT_015,015,2,fave,284.4170712144473,39.499779550691876,5,about,0,0.050018000000022766,"","",#,B,"",B,initial
676.2813880259924,1547.0338087863754,2772.940896438831,3.55264642421106,4.00376495678411,4.807945054747628,6051.282051282051,0.0008085072335316881,269.9172531655329,0.035,0.3365384615384616,1-0-305-1,@,UT_015,015,2,fave,238.74380841023503,55.54400853468935,5,to,0,0.07998600000001943,try,work,T,#,T,W,final
526.5839181664716,1692.2118150382666,2970.1651011853387,2.918750419635929,4.23427296941257,4.265150135913915,5512.820512820513,0.00020533171679513687,277.61723983446717,0.035,0.33653846153846156,1-0-324-3,@,UT_015,015,2,fave,215.3111135198724,53.575450148475355,5,actually,0,0.080016999999998,i,"",SH,L,SH,L,internal
522.8978288441169,1743.0917831888758,3247.482631405034,3.0589927505809604,3.6959915703518966,4.43360358683496,5871.794871794871,0.0001030709548015963,293.6235408344672,0.031,0.32978723404255317,1-0-366-0,@,UT_015,015,2,fave,174.79827894992766,49.90276763225976,5,and,0,0.0700069999999755,does,"",#,N,Z,N,initial
657.8139160309233,1711.3703612207273,3273.4265207276962,2.9795229993021715,3.5692736608420472,3.178583936380164,6230.7692307692305,1.353790693164052e-6,295.09054750340135,0.025,0.33783783783783783,1-0-370-5,@,UT_015,015,2,fave,205.2853944253923,59.579742696215334,5,definitely,0,0.05001900000002024,just,"",N,T,N,T,internal
630.0745320882784,1976.629597958162,3205.485281504109,3.632231340951302,4.174010642609499,4.146099784815698,7128.205128205128,0.00101518111169636,295.8685618344671,0.04100000000000001,0.3306451612903227,1-0-372-4,@,UT_015,015,2,fave,297.7321482633516,44.55068144152959,5,interested,0,0.10000600000000759,"",me,R,S,R,S,internal
580.4933204710735,1131.4263427475785,3173.0150417850923,2.505983148053163,3.164821037106149,3.170592853112733,5692.3076923076915,0.000208894566280373,323.67545716553286,0.045,0.3358208955223881,1-0-382-4,@,UT_015,015,2,fave,293.7389382530305,59.511759650185425,5,probably,0,0.10998499999999467,"",was,B,B,B,B,internal
544.5593202684122,1609.034802921136,2823.832915631603,2.6476345321510313,4.010055421958439,3.8388057830245956,5871.794871794871,0.0006277688319147939,324.1434581655328,0.04100000000000001,0.3306451612903227,1-0-383-1,@,UT_015,015,2,fave,255.3226724868857,58.946662667511035,5,was,0,0.09997600000002649,probably,just,W,Z,W,Z,internal
576.3874478188974,1698.5987805157097,3021.6995347185452,3.270179847166797,3.7836170326303957,3.9947345350349495,5871.794871794871,0.001290791091671168,327.3504501655329,0.035,0.33653846153846156,1-0-396-1,@,UT_015,015,2,fave,195.45273993218223,50.25547679958083,5,to,0,0.07998600000001943,go,school,T,#,T,S,final
659.1953688115217,1397.6102655503573,1980.6557441129196,2.952458391556044,3.7022072022238435,3.9504809169648065,5333.333333333333,0.000023378976566178616,336.95544650340133,0.025,0.33783783783783783,1-0-418-0,@,UT_015,015,2,fave,206.64794625598572,58.38934530655898,5,of,0,0.050018000000022766,power,attorney,#,V,*hr,V,initial
513.5602343199798,1800.7641357085809,3206.7285852010546,2.7102294603834944,4.094735724805822,4.410928012720315,5871.794871794871,0.0027323619443874137,339.31145216553284,0.07700000000000001,0.3290598290598291,1-0-427-0,@,UT_015,015,2,fave,142.9377387974236,46.03274612817205,5,and,0,0.20999199999999973,"","",#,N,"",N,initial
495.65506201512744,1299.1840370659095,2969.092319631805,3.075293938027356,4.085457242507492,4.316639492183105,5692.3076923076915,0.000025934323815455992,354.7277361655329,0.027000000000000003,0.32142857142857145,1-0-456-1,@,UT_015,015,2,fave,220.22209239665656,54.86270247686861,5,was,0,0.05999799999995048,i,gonna,W,Z,W,Z,internal
663.792465303914,1684.323452670932,3238.9242109192355,3.1696929475479014,3.6644755554366366,3.906682125503477,6051.282051282051,0.000843552531792437,354.98774716553294,0.087,0.32954545454545453,1-0-457-3,@,UT_015,015,2,fave,211.3470025619928,52.771586128780015,5,gonna,0,0.2399899999999775,was,like,N,#,N,L,final
737.7782615596175,1818.8149561625548,3114.426291697497,2.5499048099117108,3.437926001438356,3.91181093253847,6051.282051282051,0.000023995856573022632,363.11775683446706,0.027000000000000003,0.32142857142857145,1-0-476-4,@,UT_015,015,2,fave,183.94525482104623,48.73051908517165,5,kinda,0,0.05999700000000985,just,just,D,#,D,JH,final
498.9341963297332,1252.2878926034412,2991.8444864798066,2.7313465062560964,2.9243497637757554,3.6216838882608826,5692.3076923076915,9.369383829425804e-6,374.5780538344671,0.027000000000000003,0.32142857142857145,1-0-495-4,@,UT_015,015,2,fave,252.23549881121411,56.42146181517351,5,probably,0,0.05999700000000985,would,"",B,B,B,B,internal
504.3759805715377,1647.2230451415223,2887.134527789778,2.532264300006798,4.099534548683628,4.205128634816922,5692.3076923076915,0.00013888058162865732,377.8480371655329,0.027000000000000003,0.32142857142857145,1-0-499-1,@,UT_015,015,2,fave,234.57674094316832,64.3945868948757,5,photography,0,0.05999700000000985,"",cause,F,T,F,T,internal
502.27056907352136,1876.7264060332097,4089.5717302764538,3.1398752169056383,3.6736464507108044,4.5886569230639305,7666.666666666666,0.00047182329637140616,378.56005349659864,0.031,0.32978723404255317,1-0-499-6,@,UT_015,015,2,fave,258.9946038238806,56.01510541438024,5,photography,0,0.06997599999999693,"",cause,R,F,R,F,internal
640.1611896802954,1945.406044111667,2980.894679528333,3.0826386959642793,3.6421145901128296,4.166782666359608,6051.282051282051,0.0005455753807097429,385.2213531655329,0.037000000000000005,0.324561403508772,1-0-521-3,@,UT_015,015,2,fave,215.34513823471357,53.81384582474986,5,gonna,0,0.08999699999998256,probably,be,N,#,N,B,final
528.7276564910924,1813.2321940866243,2922.4750859545597,2.9799295910376915,3.883652311452163,4.311846855155901,6051.282051282051,0.00007613378648971932,385.7563621655329,0.027000000000000003,0.32142857142857145,1-0-524-1,@,UT_015,015,2,fave,101.51590937338034,53.11167039890044,5,the,0,0.05999700000000985,like,psych,DH,#,DH,S,final
631.9167346007189,1740.320546817865,3172.859305913996,3.001954062290283,3.7641776247140446,4.944631606637787,5871.794871794871,0.006165986756849288,386.76034649659863,0.055,0.33536585365853655,1-0-527-0,@,UT_015,015,2,fave,216.2446271641492,53.932653194268724,5,a,0,0.13998400000002675,"",psychotic,#,#,"",S,coextensive
774.1976915474041,1537.3913860625732,2889.5505073105205,3.1302699489675168,4.297676730834534,4.252855317707155,5871.794871794871,0.0018549068833221799,387.87335816553286,0.08099999999999999,0.3319672131147541,1-0-530-0,@,UT_015,015,2,fave,210.50459019312132,55.33077897412584,5,a,0,0.22000100000002476,"",psychological,#,#,"",S,coextensive
594.8155696792177,1485.7941641292239,2678.6213837855917,3.0697792566094937,3.750194553772927,4.446329555704553,5692.3076923076915,0.00009792204958809547,388.3983518344672,0.031,0.32978723404255317,1-0-531-3,@,UT_015,015,2,fave,109.31738047486891,55.773976885259096,5,psychological,0,0.0700069999999755,a,"",K,L,K,L,internal
611.9459298607122,1168.9079789904908,3253.1446800923063,2.6589762478449184,3.3488626125578715,3.968683103380086,5871.794871794871,0.00015050976214266886,392.60633716553286,0.027000000000000003,0.32142857142857145,1-0-545-5,@,UT_015,015,2,fave,258.17084938949694,52.240877642984,5,development,0,0.05999800000000732,whole,"",L,P,L,P,internal
622.5487644700912,2067.572558870665,3086.2990046486443,2.5301114397529876,4.024446388603465,4.056629057490197,6051.282051282051,0.00008728327523053751,392.7883511655329,0.051000000000000004,0.3311688311688312,1-0-545-8,@,UT_015,015,2,fave,207.27833188330678,57.48440009723949,5,development,0,0.13000499999998283,whole,"",M,N,M,N,internal
591.5238766932966,1658.6261957519948,3121.090698312365,2.594052576677897,3.8941123948819314,3.915802537794052,5692.3076923076915,0.000690453306511879,395.2263398344671,0.087,0.32954545454545453,1-0-553-1,@,UT_015,015,2,fave,222.17199686752684,51.832280649047675,5,to,0,0.24002000000001544,way,"",T,#,T,"",final
607.5214700977797,2071.397559371788,2941.7544023066953,2.681073673343616,4.0926671251701645,4.454189603861038,6051.282051282051,4.085657271730586e-6,396.23535350340137,0.025,0.33783783783783783,1-0-556-0,@,UT_015,015,2,fave,200.42737937617284,57.083160411521284,5,adult,0,0.0500189999999634,being,and,#,D,NG,D,initial
642.829553210597,2055.8151640809288,2988.4886578829783,3.2874326186564566,4.408254877994648,4.315887862616003,6769.2307692307695,0.00291337828839071,427.7212331655329,0.07100000000000001,0.33177570093457953,1-0-581-3,@,UT_015,015,2,fave,235.6522014198018,53.01851094262656,5,area,0,0.19000199999999268,george,"",iy,#,iy,"",final
540.5617396328718,1439.1880581073538,3259.529323014416,2.981276614547373,3.34576142133148,3.921100657235357,6051.282051282051,7.015595050914851e-6,429.2592611655329,0.027000000000000003,0.32142857142857145,1-0-585-0,@,UT_015,015,2,fave,238.4678583345578,58.21822721318456,5,of,0,0.05999700000000985,because,the,#,V,Z,V,initial
801.8660637260205,1402.3773423452235,3507.0831811578323,3.1485465806081576,3.8103117568683014,4.20840587718893,6051.282051282051,0.002130165539960471,434.07623916553285,0.08099999999999999,0.3319672131147541,1-0-596-3,@,UT_015,015,2,fave,196.61304102016197,45.20974910464453,5,asthma,0,0.22000100000002476,"","",M,#,M,"",final
503.330743954664,1980.6956968209088,3204.8488725747206,2.7535258697409706,4.028748425303465,3.9351418879004596,6051.282051282051,0.00001738994599053402,435.4392541655329,0.027000000000000003,0.32142857142857145,1-0-600-1,@,UT_015,015,2,fave,211.7507181948249,60.47647770944311,5,the,0,0.05999700000000985,"",dry,DH,#,DH,D,final
607.742917934029,1675.1251687932847,3064.6746155608994,2.59435003680632,3.712843617873649,4.022932311199441,6051.282051282051,0.000021770018889849022,440.3692518344671,0.027000000000000003,0.32142857142857145,1-0-616-1,@,UT_015,015,2,fave,199.71644579582517,57.35500687649543,5,the,0,0.05999800000000732,"",moist,DH,#,DH,M,final
753.0058812788072,1587.260538930659,3366.9942150418237,3.6180590089929083,3.890031104059828,4.580527509855903,6410.25641025641,0.000047496919388643546,477.9416468344671,0.025,0.33783783783783783,1-0-654-1,@,UT_015,015,2,fave,425.41223955366576,64.89243913131142,5,was,0,0.05001799999996592,i,good,W,Z,W,Z,internal
559.5239784586702,1651.32699288093,3170.1586470497405,3.03697797395994,3.872801433737395,4.009414893794379,5871.794871794871,0.00025139818739291565,480.7996528344671,0.04100000000000001,0.3306451612903227,1-0-663-0,@,UT_015,015,2,fave,197.40182502586458,52.98089624802969,5,of,0,0.10000599999995075,pictures,whatever,#,V,Z,V,initial
531.8148177097554,2195.730074389645,3887.7101211354798,3.4920716277179733,3.6441490370530634,4.528755474400983,8025.641025641025,0.0002811169702156131,484.6826621655329,0.027000000000000003,0.32142857142857145,1-0-677-6,@,UT_015,015,2,fave,200.87511626845162,50.57262027590032,5,photography,0,0.059996999999953005,took,i,R,F,R,F,internal
585.6040855484914,1208.2751370256726,3035.396437616189,3.1668268835490534,3.3254353987159795,4.0383348242063555,5871.794871794871,0.000029819362455317232,488.4126421655329,0.027000000000000003,0.32142857142857145,1-0-687-3,@,UT_015,015,2,fave,206.9323311004479,57.34936539906861,5,model,0,0.05999800000000732,a,with,D,L,D,L,internal
495.2245792536921,1861.9007263824592,3026.5072895833673,3.5460323307478236,3.367724690724898,3.7230432424136266,5692.3076923076915,0.000045356163569868524,499.53584783446706,0.027000000000000003,0.32142857142857145,1-0-712-0,@,UT_015,015,2,fave,194.77231330333936,51.152006982820744,5,and,0,0.05999700000000985,doing,everything,#,N,NG,N,initial
564.2374201445482,1196.8129924776647,2936.637432713923,3.1793865186702366,3.32852815261037,3.6654854622743205,5871.794871794871,0.000018121754679241007,505.84775383446714,0.031,0.32978723404255317,1-0-715-4,@,UT_015,015,2,fave,295.2837274331718,57.751490185307844,5,probably,0,0.07000700000003235,"",like,B,B,B,B,internal
603.9515560018773,2210.746136562822,3305.004418162148,3.0968644337428453,4.516509654666417,4.038684831349389,6230.7692307692305,0.0012928543816208766,506.87773816553295,0.11100000000000002,0.3323353293413173,1-0-718-4,@,UT_015,015,2,fave,189.52316489351344,52.222536919553335,5,mountains,0,0.3099979999999505,the,the,T,N,T,N,internal
598.6691495942905,1518.1412731793025,3033.2644314619047,2.7721194357587766,3.659863355506818,4.088217138535324,5692.3076923076915,0.00006233770426360968,521.7027731655329,0.027000000000000003,0.32142857142857145,1-0-747-0,@,UT_015,015,2,fave,NaN,49.900408553500824,5,of,0,0.059996999999953005,photographs,things,#,V,S,V,initial
692.5467565511218,1845.7364440771416,3553.363138165927,3.1676912932447276,4.0426009842149595,3.967806133263631,6051.282051282051,0.00018730697933330457,525.1017375034013,0.045,0.3358208955223881,1-0-756-0,@,UT_015,015,2,fave,179.8593753690393,51.39028221535857,5,and,0,0.11004700000000867,of,"",#,N,V,N,initial
813.3358957552625,1688.021460141979,3072.857215968805,3.813791337826315,4.0369672560387375,4.745819716016921,6948.717948717948,0.002620906109719085,542.931439834467,0.055,0.33536585365853655,1-0-781-4,@,UT_015,015,2,fave,1664.1947061463632,40.541384838275725,5,camera,0,0.1400140000000647,the,"",*hr,#,*hr,"",final
749.7175537085725,1895.8765125390871,3401.0883700859295,2.578509086524112,3.3510418308033385,3.8082677442005948,6051.282051282051,0.0003142853246023344,544.8244424965986,0.061000000000000006,0.33152173913043487,1-0-785-4,@,UT_015,015,2,fave,269.8130733533839,55.1148057489183,5,definitely,0,0.15997299999992265,there's,"",N,T,N,T,internal
619.1036714248794,2480.6140193699,3485.6492464813546,3.3305496242536385,4.225375882895765,4.1947090604729285,7487.179487179487,0.003633832892552815,546.6344524965987,0.16099999999999998,0.33264462809917344,1-0-787-4,@,UT_015,015,2,fave,196.79759836402695,52.67720873154446,5,different,0,0.45996100000002116,"","",R,N,R,N,internal
650.9617395383177,1583.6232555679915,3197.2870473714215,3.121472174173988,3.74834239178618,3.215464286368276,6051.282051282051,0.00011205511334453253,548.8944594965988,0.04100000000000001,0.3306451612903227,1-0-789-4,@,UT_015,015,2,fave,227.12141784953772,56.04194001941095,5,cameras,0,0.09997599999996964,"",there's,*hr,Z,*hr,Z,internal
715.7233906998506,1978.4806769794186,3152.669118383498,3.156119706898135,3.8399246533779166,4.839540786087601,7846.153846153846,0.018218511783430792,549.9664455034014,0.125,0.3342245989304813,1-0-791-4,@,UT_015,015,2,fave,193.58321302417704,51.394726090351966,5,different,0,0.35003600000004553,there's,like,R,N,R,N,internal
565.6239466414469,2300.4369850021667,3229.7061557912966,3.1324366034436992,3.7298497447454766,3.8996638900598817,6051.282051282051,0.0005655873975745497,553.158446165533,0.10899999999999999,0.33641975308641964,1-0-797-3,@,UT_015,015,2,fave,226.97993225260024,59.62007210454605,5,buttons,0,0.2999879999999848,"",and,T,N,T,N,internal
705.3364219204173,2052.05497975627,3085.161366611239,2.939165116598429,4.2648108241039715,4.166246904946847,5692.3076923076915,0.000037868882912396233,554.5474381655329,0.027000000000000003,0.32142857142857145,1-0-802-3,@,UT_015,015,2,fave,91.97289218291758,48.83663440019903,5,button,0,0.05999800000006417,each,"",T,N,T,N,internal
638.6271963171888,1584.2551978078495,2795.0972765464844,2.9294178862850613,4.023439161749729,4.269397358517182,5333.333333333333,0.0009827692201430868,560.7153238344671,0.035,0.3365384615384616,1-0-818-1,@,UT_015,015,2,fave,89.32532630800668,45.381434086078116,5,the,0,0.080016999999998,have,right,DH,#,DH,R,final
695.7295474088362,1097.964451848535,2227.0986411831364,3.2756405399593254,3.4824712838565555,4.800937204408956,4974.358974358975,0.0006663113881418304,568.3003351655329,0.045,0.3358208955223881,1-0-837-4,@,UT_015,015,2,fave,191.05560038779547,55.29143258786448,5,general,0,0.10998499999993783,in,like,*hr,L,*hr,L,internal
491.4073027458659,1597.6648367685332,3142.3133008306563,2.694855813801909,3.570447808721148,3.8776509335497096,5871.794871794871,0.000013216976074461064,569.6313621655329,0.027000000000000003,0.32142857142857145,1-0-841-1,@,UT_015,015,2,fave,234.1201890867158,58.67216624454967,5,the,0,0.059996999999953005,fast,speed,DH,#,DH,S,final
544.7803326805623,1371.7973150054406,2900.5153906932564,3.2194012612710035,3.866858155347279,4.808958149530858,5333.333333333333,0.0017190476529136685,574.2453528344671,0.035,0.3365384615384616,1-0-854-0,@,UT_015,015,2,fave,160.37724420663085,44.610709803124465,5,of,0,0.080016999999998,time,day,#,V,M,V,initial
774.2040349769654,1901.1957629329609,3044.4952671698034,2.6562331721225854,3.642228537443283,3.399969573225898,5871.794871794871,0.000040543150667762956,588.5473688344671,0.031,0.32978723404255317,1-0-862-3,@,UT_015,015,2,fave,191.83796518068155,47.8031221824026,5,canon,0,0.07000800000002982,"","",N,N,N,N,internal
747.1640750113006,1736.390731631028,2787.857764305356,3.5506448799956485,3.7560835859745088,4.465362766235807,5692.3076923076915,0.0016133507719188755,594.8767518344671,0.055,0.33536585365853655,1-0-878-4,@,UT_015,015,2,fave,121.96080547726613,42.05265933653241,5,cameras,0,0.1400149999999485,grandfather's,"",R,Z,R,Z,internal
706.8441790827459,1801.0090320137372,3290.42883211811,2.9455146639689627,3.550050476995333,3.820026697720033,6230.7692307692305,0.00018632504156920277,597.7297335034015,0.061000000000000006,0.3315217391304348,1-0-885-5,@,UT_015,015,2,fave,181.16207318343822,55.60157487203216,5,definitely,0,0.160033999999996,it's,"",N,T,N,T,internal
805.9757953344016,1744.1711023542857,3218.0923213420147,3.167099509531842,3.277210391444158,4.169596530265576,6589.74358974359,0.0000766095085579856,600.9197455034014,0.04100000000000001,0.3306451612903227,1-0-890-1,@,UT_015,015,2,fave,228.93158462858412,62.48896729920274,5,memorial,0,0.10003599999993185,"","",M,M,M,M,internal
730.5381015576074,1582.3796408327378,2792.329976723453,2.7883455154035373,3.5178230274852753,4.76642620176202,5692.3076923076915,0.0002527979158507755,601.4377474965986,0.037000000000000005,0.324561403508772,1-0-890-6,@,UT_015,015,2,fave,185.10101237315988,55.30644584476303,5,memorial,0,0.08996600000000399,"","",iy,L,iy,L,internal
576.2758643088357,1590.6549800133594,3043.620867816324,3.053069432766294,3.8576735014678647,4.4515797611300245,5871.794871794871,0.000052211042887845136,608.8947638276644,0.031,0.32978723404255317,1-0-904-0,@,UT_015,015,2,fave,209.20438754256162,56.253550506395506,5,a,0,0.06994700000007015,it's,fancy,#,#,S,F,coextensive
812.5498589171422,1455.2411387245518,3059.3943431881694,3.10864686351136,3.2794837650440494,3.9163818638218486,6410.25641025641,0.000892657016381111,609.8977518344672,0.097,0.3299319727891156,1-0-906-4,@,UT_015,015,2,fave,204.4890775431148,54.64022257652341,5,camera,0,0.2700199999999313,fancy,"",*hr,#,*hr,"",final
582.7228601817505,1557.7648740248417,3333.408618386098,2.8377970623844053,3.6707866169898162,4.236512837374154,6051.282051282051,0.00020156707280410225,615.2491494965986,0.037,0.32456140350877194,1-0-919-5,@,UT_015,015,2,fave,184.7062192295825,56.065449639251426,5,digital,0,0.08996600000000399,a,"",T,L,T,L,internal
704.5752976198474,1500.5688925381598,2563.9219402914437,2.8800486791474516,3.336617437075287,4.259345263829794,5512.820512820513,0.00023193156286186345,628.0091624965987,0.07899999999999999,0.3376068376068376,1-0-950-0,@,UT_015,015,2,fave,152.5313894884768,56.13235864581179,5,of,0,0.20996100000002116,more,"",#,V,R,V,initial
727.3207366157204,1555.0576016946761,2994.6323577209305,3.8437598593784754,3.8051755606006905,4.549384358823851,5512.820512820513,0.0006571314655639687,633.267142834467,0.035,0.33653846153846156,1-0-974-2,@,UT_015,015,2,fave,188.43335164280626,49.16715861636701,5,nowadays,0,0.080016999999998,them,"",aw,D,aw,D,internal
512.896584436164,1132.3548744913678,2777.4645265017425,2.684189189753402,3.2903117989776938,3.9568707378629173,5692.3076923076915,0.00017827342702862072,652.1742361655329,0.045,0.3358208955223881,1-0-985-4,@,UT_015,015,2,fave,242.87336157550166,63.59031085653415,5,probably,0,0.10998600000004899,"",like,B,B,B,B,internal
626.5609374684434,1471.987039606085,3237.493795130709,2.655914487749304,2.999352214203946,3.728684912823174,5871.794871794871,0.000014839424001679563,653.4072318344671,0.031,0.32978723404255317,1-0-988-1,@,UT_015,015,2,fave,211.72043806126527,59.625860495340376,5,them,0,0.07000800000002982,show,like,DH,M,DH,M,internal
746.3161197038321,1935.7299036467803,3358.5808179408914,2.932852649337135,3.4966094817892963,4.797112794740819,7666.666666666666,0.0008365231197056434,654.2612498344671,0.07899999999999999,0.3376068376068376,1-0-991-4,@,UT_015,015,2,fave,189.61332810221637,52.942294098379215,5,different,0,0.21002199999998084,the,"",R,N,R,N,internal
604.7272672483263,1518.315808600512,3088.4364172663595,3.065188960062918,3.587905285439641,4.178064009012543,5871.794871794871,0.0003947020058403858,655.5322335034014,0.04100000000000001,0.3306451612903227,1-0-994-0,@,UT_015,015,2,fave,197.9795121395118,56.87849929000782,5,of,0,0.10003599999993185,ways,best,#,V,Z,V,initial
772.271143249787,1593.5625793187119,3107.0032488475845,3.1195390396150717,3.737535396977589,3.940274117698263,6051.282051282051,0.0014142714327640634,663.6492538344671,0.095,0.33450704225352107,1-0-1012-1,@,UT_015,015,2,fave,251.2952691158304,51.54367240096967,5,to,0,0.26000999999996566,things,"",T,#,T,"",final
598.3394628549897,1408.143076685368,3053.2692652578407,2.9461412654350747,3.9474884837495328,4.500260465499824,5871.794871794871,0.00005644354848205872,669.6052391655329,0.027000000000000003,0.32142857142857145,1-0-1034-1,@,UT_015,015,2,fave,187.86425453022704,55.20774492028397,5,themselves,0,0.059996999999953005,it,to,DH,M,DH,M,internal
702.4086850138957,1400.8188483596834,3232.5348258260656,2.709816734929378,3.5590341516775643,4.054969032703092,6051.282051282051,0.00006981158471408702,672.4372618344671,0.031,0.32978723404255317,1-0-1042-1,@,UT_015,015,2,fave,149.1194685134728,50.82221570371043,5,themselves,0,0.07000700000003235,for,as,DH,M,DH,M,internal
742.2241144875164,1758.375373417911,3281.2345900823534,3.17432840404052,3.8435138323712335,4.345230921125976,6051.282051282051,0.00006589386008061041,675.5979818344672,0.027000000000000003,0.32142857142857145,1-0-1048-0,@,UT_015,015,2,fave,200.18513888579608,57.42951954683914,5,of,0,0.059996999999953005,kind,play,#,V,D,V,initial
624.2036021441413,1744.8699360185492,3112.105506546714,2.801320851902269,3.6158676686935034,3.836412449919142,5871.794871794871,0.00009532233897780815,675.9429468344672,0.037,0.32456140350877194,1-0-1050-0,@,UT_015,015,2,fave,200.56465633923614,59.435861268768996,5,along,0,0.09002699999996366,play,"",#,L,eyF,L,initial
742.5194191946612,1556.6632978546306,3152.8067681562607,2.8168870984290333,3.3467903897209172,4.496386180034697,5692.3076923076915,0.0015473814671437963,677.9269731655329,0.065,0.33505154639175255,1-0-1056-4,@,UT_015,015,2,fave,241.61302941569204,54.82198869772679,5,camera,0,0.169983000000002,the,first,*hr,#,*hr,F,final
801.919979752679,1541.346446648902,3222.1014447976736,3.5763485369077714,3.591689337714372,4.001726766662283,6230.7692307692305,0.0023880653844940408,680.5949404965986,0.08099999999999999,0.3319672131147541,1-0-1063-4,@,UT_015,015,2,fave,120.87511440086202,48.00854008546797,5,camera,0,0.21997099999998682,the,"",*hr,#,*hr,"",final
595.5689890365554,1735.8381138682728,2665.2936641734195,2.77870575633451,3.578699791781725,4.543600392644491,6230.7692307692305,0.0005281542841010234,732.5889701655329,0.045,0.3358208955223881,1-0-1084-4,@,UT_015,015,2,fave,145.11361838785868,49.855092591916964,5,cereal,0,0.10998499999993783,his,"",iy,L,iy,L,internal
500.4313603758935,1799.0579721306483,3179.3434809800474,2.9376121013006142,3.8473306096977837,3.6439628978140277,6051.282051282051,0.000020059478989126837,733.6799461655329,0.027000000000000003,0.32142857142857145,1-0-1086-1,@,UT_015,015,2,fave,224.07494237547695,63.895049575363295,5,the,0,0.059996999999953005,"",children,DH,#,DH,CH,final
562.1221057821127,1982.6740702159448,3413.9045042377415,3.6207552877910856,3.646118812905427,4.070790318345234,6410.25641025641,0.00006306855320680647,734.2519588344671,0.031,0.32978723404255317,1-0-1087-5,@,UT_015,015,2,fave,250.6089754069488,60.17534725006597,5,children,0,0.07000699999991866,the,sang,R,N,R,N,internal
573.4010170566411,1457.4752849600018,3062.841303607171,3.344401218064533,4.196736064846844,4.216345736118963,5871.794871794871,0.0012641987514073697,735.1819518344671,0.031,0.32978723404255317,1-0-1090-1,@,UT_015,015,2,fave,102.48602733811475,49.37409126609708,5,the,0,0.07000700000003235,at,"",DH,#,DH,"",final
534.9031986299813,2007.9337994693096,3087.584141319933,2.7914894609435246,4.59271112068569,4.498386797500069,5871.794871794871,0.0017349063350613177,737.491948834467,0.031,0.32978723404255317,1-0-1096-1,@,UT_015,015,2,fave,210.64890974331092,60.180138180886246,5,the,0,0.07000800000002982,"",kids,DH,#,DH,K,final
611.7084070262288,1716.9671507341573,3153.3187320665916,2.7804786398199774,3.62807970816189,4.147948761246948,6051.282051282051,5.073520287137463e-6,739.4689411723357,0.025,0.33783783783783783,1-0-1104-1,@,UT_015,015,2,fave,198.1980006160145,54.44913043606863,5,the,0,0.0500489999999445,in,paint,DH,#,DH,P,final
531.3909907401771,1838.8017117584745,3127.521155529101,3.0362501539149793,3.971315705948001,3.885705167538634,5871.794871794871,0.0005022040878518055,744.1347694965987,0.037000000000000005,0.324561403508772,1-0-1115-3,@,UT_015,015,2,fave,NaN,44.581095333900294,5,season,0,0.08996600000000399,this,"",Z,N,Z,N,internal
627.6587002410531,1390.253137195722,2952.8165241531096,3.1367662718009317,3.5524785362494113,4.101858485282105,5512.820512820513,0.00011755982823425916,745.2122604965987,0.035,0.33653846153846156,1-0-1117-1,@,UT_015,015,2,fave,215.82393540980698,62.53800916612195,5,the,0,0.07995600000003833,"",woman,DH,#,DH,W,final
670.3721496383586,1857.3845334281596,2986.990640029945,3.301607825686583,4.01450038450654,3.7922885287611954,5871.794871794871,0.000035056789114913195,745.5582421655329,0.027000000000000003,0.32142857142857145,1-0-1118-3,@,UT_015,015,2,fave,249.78674030039232,62.20691250802491,5,woman,0,0.05999700000006669,the,saw,M,N,M,N,internal
734.5656352259616,1628.0736521772521,2975.1505633604306,2.632950994538547,3.523614075572789,4.0672823824138495,6051.282051282051,0.00016729341166507396,746.1852485034013,0.040999999999999995,0.33064516129032256,1-0-1120-0,@,UT_015,015,2,fave,196.44861031317848,58.04489935588371,5,a,0,0.10003600000004553,saw,snail,#,#,o,S,coextensive
654.9309177683144,1723.1848212790096,2974.292381744343,2.946535492663416,4.219405252351946,4.4304436017310165,5871.794871794871,0.00009730420350163646,749.0902598276645,0.031,0.32978723404255317,1-0-1128-1,@,UT_015,015,2,fave,216.33572310359122,60.80577361184581,5,the,0,0.06994599999995899,"",hermit,DH,#,DH,HH,final
589.3789100063191,2011.4408413456172,3008.448853007625,3.4515811823279674,4.11618921413231,3.6812011394640165,6051.282051282051,0.00002931948401569802,749.4302428344671,0.031,0.32978723404255317,1-0-1129-3,@,UT_015,015,2,fave,265.52611965616353,59.58552110327531,5,hermit,0,0.07000700000003235,the,crab,M,T,M,T,internal
680.5746272505356,1673.3221112881497,2953.4826906518274,2.7284665465455533,4.393089471482132,4.510675351598284,5871.794871794871,0.0008631996032422325,750.6722385034013,0.035,0.33653846153846156,1-0-1133-0,@,UT_015,015,2,fave,225.83233236172615,56.34134773936871,5,a,0,0.080016999999998,"",new,#,#,"",N,coextensive
640.9182915291577,1984.4279417955113,3061.6645662652413,3.3293833283751786,3.9264277632154534,4.052216464588173,6410.25641025641,0.00009125225346887825,753.4472471655329,0.045,0.3358208955223881,1-0-1139-4,@,UT_015,015,2,fave,211.98331503787188,59.731455415917445,5,william,0,0.10998500000005151,prince,returned,Y,M,Y,M,internal
555.3504661043261,2259.684296833928,3125.5526373059356,3.15283503603758,4.342984196022874,4.118294325886324,5692.3076923076915,0.0002801941927754869,754.6552681655329,0.040999999999999995,0.33064516129032256,1-0-1142-4,@,UT_015,015,2,fave,199.99376879082294,57.17827866561046,5,britain,0,0.09997600000008333,to,after,T,N,T,N,internal
699.7555918044104,2140.4397158184406,3238.831299224142,2.8399166135403835,4.009326947742152,3.632339039090365,5871.794871794871,0.00013712889215279257,759.662222834467,0.035,0.3365384615384616,1-0-1151-0,@,UT_015,015,2,fave,154.14800466308824,53.083909415215146,5,an,0,0.080016999999998,contain,"",#,N,N,N,initial
560.6219707033852,1686.6111886909039,3016.808546370392,3.1229200157650263,3.6472529159945766,4.358513811506907,5692.3076923076915,0.00011134548918339418,761.5382278344672,0.027000000000000003,0.32142857142857145,1-0-1157-1,@,UT_015,015,2,fave,218.34999000341543,58.53332086904404,5,the,0,0.05999799999995048,"",reporter,DH,#,DH,R,final
484.5311406254265,1737.3290245138364,3271.283249442329,2.8133499741936103,3.3052267222012777,4.224617425228372,6230.7692307692305,2.2454665125958263e-6,762.7272421723357,0.025,0.33783783783783783,1-0-1160-1,@,UT_015,015,2,fave,207.85488439950737,58.829947247875914,5,the,0,0.05004800000006071,heard,tale,DH,#,DH,T,final
634.2255086006336,1264.200466445067,3209.317037379393,2.7846027340956314,2.857525064224332,3.607549158666313,5871.794871794871,4.906661272486858e-6,763.2272421723357,0.025,0.33783783783783783,1-0-1162-0,@,UT_015,015,2,fave,213.0952967336669,60.33211401375212,5,about,0,0.05004800000006071,tale,<unk>,#,B,L,B,initial
715.8340070853758,1921.9428179104139,3094.9519344197247,3.1456170117275875,3.7542890594832077,4.338791401832599,6230.7692307692305,0.000013523025529488358,765.9172441723357,0.025,0.33783783783783783,1-0-1166-4,@,UT_015,015,2,fave,246.99260618736056,61.18147011716324,5,pharmacist,0,0.0500489999999445,my,used,M,S,M,S,internal
608.2261748621511,1656.9664245746865,3005.1708508533025,2.9827573757553387,4.0174045210276095,4.57606948866077,5512.820512820513,0.0011184098516824213,767.6402648344671,0.031,0.32978723404255317,1-0-1171-1,@,UT_015,015,2,fave,191.32333088646163,57.57862235727696,5,the,0,0.07000700000003235,for,cough,DH,#,DH,K,final
503.5049943627356,1760.520377180339,3120.6450918086557,2.813625949685601,3.6702246300283554,3.6059255695670305,6230.7692307692305,0.00001777882897011567,769.7047261655329,0.027000000000000003,0.32142857142857145,1-0-1175-1,@,UT_015,015,2,fave,218.01118605809438,64.63803083866496,5,the,0,0.05999800000006417,"",dog,DH,#,DH,D,final
594.9224960540869,2057.425400051306,3185.092544060786,3.0450117061177284,3.9512702913763076,3.7074251773399514,6051.282051282051,0.000026095867099911017,771.1247701655329,0.027000000000000003,0.32142857142857145,1-0-1179-3,@,UT_015,015,2,fave,210.72170707295163,58.14105651666342,5,button,0,0.05999799999995048,a,next,T,N,T,N,internal
690.7843460615438,1642.353267214467,3102.670072963678,2.8298964829321536,3.682662660951536,4.1617798733915246,5692.3076923076915,0.00016222924214632874,774.7067618276644,0.035,0.3365384615384616,1-0-1189-0,@,UT_015,015,2,fave,181.32803605417902,55.7333802635049,5,a,0,0.07995600000003833,rang,bell,#,#,NG,B,coextensive
629.0381538362445,1837.0903240494022,2933.6012665184644,3.1727500924360768,3.8801789899961774,3.9553093278807605,5871.794871794871,0.00045854487734192553,775.7167618276644,0.055,0.3353658536585366,1-0-1192-3,@,UT_015,015,2,fave,129.34886857735,46.92856178407797,5,service,0,0.13995299999999133,for,"",V,S,V,S,internal
517.380839212934,1504.8074169999072,3141.977167735438,2.9959061709004153,3.2901472039455713,3.0251017041984656,5871.794871794871,5.802190691472323e-6,777.0527481655329,0.027000000000000003,0.32142857142857145,1-0-1194-1,@,UT_015,015,2,fave,220.89482087467474,62.472075581783635,5,the,0,0.05999800000006417,"",book,DH,#,DH,B,final
719.1276257503356,1666.379821707008,3100.2260931490764,2.8764950113179637,3.9759977915723494,4.369315405076991,5871.794871794871,0.0006077669085870718,778.5877285034014,0.037000000000000005,0.324561403508772,1-0-1199-0,@,UT_015,015,2,fave,228.55294300556798,51.68897368672851,5,a,0,0.09002699999996366,"",belt,#,#,"",B,coextensive
563.2770442855318,2036.620962129346,2993.8021395927835,2.833074187704687,3.8656319405945014,3.9159535452133074,6051.282051282051,0.00048486505664643924,780.0897285034014,0.040999999999999995,0.33064516129032256,1-0-1202-6,@,UT_015,015,2,fave,NaN,47.43449006648885,5,decoration,0,0.10003599999993185,for,"",SH,N,SH,N,internal
529.0027658800658,1766.2243603017403,3106.845071710581,3.0985094749548514,3.758032411597671,3.7919620308152573,6051.282051282051,0.00010838845269994356,781.2077674965986,0.037,0.32456140350877194,1-0-1204-1,@,UT_015,015,2,fave,216.4379509580571,61.98456246034273,5,the,0,0.08996600000000399,"",student,DH,#,DH,S,final
499.88125300170134,1926.5160401425949,2946.2473226055104,2.7746782291491385,3.5101156455003655,3.2493601864326553,5692.3076923076915,8.718346829180915e-6,781.6947688344671,0.031,0.32978723404255317,1-0-1205-4,@,UT_015,015,2,fave,247.74121834909297,62.175074586228725,5,student,0,0.07000699999991866,the,saw,D,N,D,N,internal
525.6446182516162,1593.38567941872,3252.602367290595,3.014210986840698,3.383055163608347,3.7917716440157414,6051.282051282051,0.00013959002636381034,782.3047538344671,0.031,0.32978723404255317,1-0-1207-1,@,UT_015,015,2,fave,209.99470809101365,57.39043738152206,5,the,0,0.07000800000002982,saw,cell,DH,#,DH,S,final
722.7213887478418,1646.535801110335,3936.7063580874874,3.49806328167942,4.054058326839205,4.849605709520278,7666.666666666666,0.000968774086992486,783.6647398344671,0.031,0.32978723404255317,1-0-1212-4,@,UT_015,015,2,fave,97.62836787664365,47.88117180159818,5,microscope,0,0.07000699999991866,the,"",R,S,R,S,internal
576.1747754808603,2007.1084959990505,2984.903824928081,2.713419156660873,3.83670284930892,4.104634402990725,5512.820512820513,0.00012479575989593966,788.7877405034014,0.037000000000000005,0.324561403508772,1-0-1226-4,@,UT_015,015,2,fave,564.9238648505661,50.587154583190724,5,garden,0,0.09002699999996366,the,"",D,N,D,N,internal
492.5162089579331,1435.001596817922,2863.5972475700632,2.434824406731251,3.242062138335842,4.199931642953497,5512.820512820513,0.00012744019859701024,789.9567618276644,0.035,0.3365384615384616,1-0-1228-1,@,UT_015,015,2,fave,235.37286612074618,65.01019657584057,5,the,0,0.07995600000003833,"",woman,DH,#,DH,W,final
614.0672477323621,1499.4580473251115,2981.903222512379,3.21465963349825,3.3279799163206953,4.0128634233415585,5871.794871794871,0.00003306505276700262,790.9617335034013,0.025,0.33783783783783783,1-0-1231-1,@,UT_015,015,2,fave,207.24390562134334,58.15150732672867,5,the,0,0.050047999999947024,saw,cotton,DH,#,DH,K,final
540.3958710173519,1584.0483500295925,3019.1587876536373,3.4053842631747133,3.7464735582174744,3.3047049773722534,5871.794871794871,0.00003800639565610591,793.2847348344671,0.031,0.32978723404255317,1-0-1235-1,@,UT_015,015,2,fave,223.97583360718997,61.568355587116756,5,the,0,0.07000699999991866,"",vikings,DH,#,DH,V,final
644.8925901000773,2020.2682940461707,3177.1598789473087,3.387565476804312,4.128941225552674,4.440171459990942,6769.2307692307695,0.019955889905437743,797.3993551655329,0.151,0.33259911894273125,1-0-1246-1,@,UT_015,015,2,fave,20366.122937894736,37.14131593301993,5,the,0,0.42999299999996765,"",acrobat,DH,#,DH,ae,final
583.2590951849369,1188.4954255738098,1905.8802565007684,3.052089934183034,3.566739181417138,4.468765432135223,5512.820512820513,0.00001601062193437795,798.0073438344672,0.027000000000000003,0.32142857142857145,1-0-1247-3,@,UT_015,015,2,fave,265.5161174632803,62.690186162122735,5,acrobat,0,0.05999799999995048,the,landed,R,B,R,B,internal
682.561001260354,1633.6130926059625,3013.290188750804,2.7536480431487687,3.7317382840880344,4.082874301457142,6051.282051282051,0.0019005640107696347,799.2643405034014,0.061000000000000006,0.33152173913043487,1-0-1250-1,@,UT_015,015,2,fave,200.06794044055516,53.859264258476706,5,the,0,0.160033999999996,near,"",DH,#,DH,"",final
460.9768040866286,1962.345222142336,3157.712095366774,2.6886446041392666,3.4123614805107763,3.366339642414588,5871.794871794871,0.000027205638934044935,802.7173601655329,0.027000000000000003,0.32142857142857145,1-0-1257-1,@,UT_015,015,2,fave,167.83210185531615,60.67028362515282,5,the,0,0.05999799999995048,"",children,DH,#,DH,CH,final
775.0958560486155,826.0889049421655,3396.341780980492,3.4258244493081382,3.7816935991777485,4.316885052693294,7666.666666666666,0.08178759163196914,809.0383405034014,0.10899999999999999,0.3364197530864197,1-0-1272-3,@,UT_015,015,2,fave,222.5659697244058,62.495422344565114,5,waddle,0,0.3000480000000607,swa,down,D,L,D,L,internal
487.18371721297683,1756.1325337675119,3491.431409761585,3.263426628442678,4.422796622249439,4.65230806027296,7487.179487179487,0.0006189095742461972,814.1013594965987,0.035,0.33653846153846156,1-0-1287-1,@,UT_015,015,2,fave,199.052598926117,58.40355613308237,5,the,0,0.07995600000003833,onto,roof,DH,#,DH,R,final
663.8204681186954,1512.9037290349331,3137.2392799564195,3.283643200560397,3.253842887157205,3.6571539018975954,6051.282051282051,0.00005654014654761172,815.6993468344671,0.031,0.32978723404255317,1-0-1290-1,@,UT_015,015,2,fave,221.84894346838715,61.8102018721016,5,the,0,0.07000700000003235,"",violinist,DH,#,DH,V,final
642.0424249213551,1838.7284724537878,2822.993402781647,3.2752167893486988,3.482248337067319,3.3746235478731035,6051.282051282051,0.00011566735694779381,816.0223538344671,0.037,0.32456140350877194,1-0-1291-2,@,UT_015,015,2,fave,240.85756914557845,59.87027389085425,5,violinist,0,0.09002699999996366,the,plays,ay,L,ay,L,internal
726.731536647136,1922.496466917208,3212.1589135666763,2.9995721648623825,3.610362210464472,3.6528613079421413,6230.7692307692305,0.00019146798912492608,816.6013608344671,0.055,0.33536585365853655,1-0-1291-6,@,UT_015,015,2,fave,252.16218801237918,60.20057632473195,5,violinist,0,0.1400149999999485,the,plays,N,S,N,S,internal
609.4691678348919,1465.7294325957253,3411.8225595259287,2.72424342578517,3.4610246039856825,4.428903549381623,6051.282051282051,0.00009098163376606585,817.8713355034013,0.035,0.3365384615384616,1-0-1294-3,@,UT_015,015,2,fave,204.32885553905948,61.64722882752054,5,fiddle,0,0.080016999999998,the,well,D,L,D,L,internal
622.9125952692797,1336.378018401469,3195.2321702037516,3.2189636635965817,3.106228035803457,4.081715388089596,6230.7692307692305,0.00009231936755494662,820.6773268344672,0.027000000000000003,0.32142857142857145,1-0-1300-3,@,UT_015,015,2,fave,221.62704837125423,59.42961940947355,5,bottles,0,0.05999799999995048,collects,for,T,L,T,L,internal
712.1116971544548,1461.936254240857,3566.6630825089287,3.1128302610056,4.2029099417321465,3.858304614529924,8025.641025641025,0.0007849757903001558,824.8473551655329,0.047,0.3263888888888889,1-0-1310-0,@,UT_015,015,2,fave,215.82821397559377,64.87955198388715,5,a,0,0.11999600000001465,"",writer,#,#,"",R,coextensive
515.4943271772454,1750.7978324206797,3110.470480604698,3.4454264154886833,4.526642068319319,4.70800149410361,7128.205128205128,0.0007620004993918736,827.2597694965987,0.037,0.32456140350877194,1-0-1313-1,@,UT_015,015,2,fave,226.1580134975298,61.59832793165666,5,the,0,0.08996600000000399,"",roman,DH,#,DH,R,final
692.1628062635108,1828.679657414763,2968.982661228836,3.294508703135349,3.380553097022348,3.4876289684979547,5692.3076923076915,0.00001174522652500367,827.6437451723357,0.025,0.33783783783783783,1-0-1314-3,@,UT_015,015,2,fave,270.44514631566267,60.84234134748411,5,roman,0,0.0500489999999445,the,people,M,N,M,N,internal
493.5359999465135,2747.421470030888,3305.80162578506,3.1859377179302397,4.3663553004744,4.267157947273774,6051.282051282051,0.0015477604878620208,829.106741165533,0.051000000000000004,0.3311688311688312,1-0-1317-3,@,UT_015,015,2,fave,249.45454598268446,58.66741464108254,5,latin,0,0.13000499999998283,spoke,in,T,N,T,N,internal
500.47253731364054,1881.4407707678315,3176.1311292410896,2.6765484679869114,3.785736111175086,3.4456096154942006,5692.3076923076915,0.000015532291343654988,831.8427261655329,0.027000000000000003,0.32142857142857145,1-0-1323-1,@,UT_015,015,2,fave,224.43044010384884,60.49471398173354,5,the,0,0.05999799999995048,"",children's,DH,#,DH,CH,final
551.6076418109285,1675.778128584168,3194.4898406930292,3.135274403564334,3.992245807670578,3.9082083384969635,6051.282051282051,0.00006309438843559101,836.5467505034013,0.035,0.3365384615384616,1-0-1334-1,@,UT_015,015,2,fave,216.55452269967105,64.94318075103627,5,the,0,0.080016999999998,"",dog,DH,#,DH,D,final
484.30186553301525,1707.503987222405,3047.800370528782,2.5216877937549786,3.567679497021896,3.606924734426903,5871.794871794871,0.00010170648825244788,849.2227311655329,0.027000000000000003,0.32142857142857145,1-0-1365-1,@,UT_015,015,2,fave,108.90722168573492,62.33920040202823,5,the,0,0.05999800000006417,"",store,DH,#,DH,S,final
536.8143555301884,1775.013666891383,3107.0749954861294,3.07096573553343,3.459983779501853,3.737725037873836,6051.282051282051,7.592615632617846e-6,850.3947638276644,0.031,0.32978723404255317,1-0-1370-1,@,UT_015,015,2,fave,202.52399662178993,57.65080010911334,5,the,0,0.06994700000007015,for,sale,DH,#,DH,S,final
537.3841885936326,1610.402356286008,3014.6477119373594,3.1133355192949743,3.755695071021241,3.689185717554627,6051.282051282051,0.00004016040205304898,855.3327341723356,0.027000000000000003,0.32142857142857145,1-0-1383-1,@,UT_015,015,2,fave,103.97408124466091,57.513135390633465,5,the,0,0.06005799999991268,block,sun,DH,#,DH,S,final
541.2378169343895,1745.4816713500893,2839.579854934462,3.146833609823557,3.64418184703651,3.697762862097442,5512.820512820513,0.000058811560584948595,857.1423398344671,0.031,0.32978723404255317,1-0-1387-5,@,UT_015,015,2,fave,258.42270497442814,60.9732464150911,5,children,0,0.07000700000003235,the,saw,R,N,R,N,internal
507.1982924819724,1478.710073849298,3060.347000398206,3.336860031141465,4.216967495294863,4.514598831498975,7128.205128205128,0.00023320674371153714,858.5343548344671,0.035,0.33653846153846156,1-0-1393-1,@,UT_015,015,2,fave,195.55185636378818,56.16359927662894,5,the,0,0.080016999999998,over,ridge,DH,#,DH,R,final
717.9804394471499,1707.190392721631,3037.932967902296,2.906749240354332,3.947622060969201,4.445000901430192,5512.820512820513,0.0001855255708492701,861.6053504965986,0.037,0.32456140350877194,1-0-1400-0,@,UT_015,015,2,fave,221.47908047275718,62.059827503679,5,a,0,0.08996600000000399,"",new,#,#,"",N,coextensive
612.8450609116409,2186.168253919787,3116.7553519944677,2.724779499132947,4.209072605101045,3.853074728682714,5871.794871794871,0.00013295760822734092,862.3703661655329,0.047,0.3263888888888889,1-0-1402-4,@,UT_015,015,2,fave,206.3470010656845,59.95457789724731,5,fountain,0,0.11999500000001717,new,for,T,N,T,N,internal
591.518345833702,1563.1402830170055,3068.742101609153,2.8621611049908777,3.6219975042189536,4.075488278001506,5871.794871794871,0.000057085725466061295,863.0123348344671,0.031,0.32978723404255317,1-0-1404-1,@,UT_015,015,2,fave,198.37240993566846,57.792487418626195,5,the,0,0.07000700000003235,for,firm,DH,#,DH,F,final
603.1404967942643,1757.1641151435315,2841.925189803902,3.333595189615246,3.7253846160358584,4.547448183663661,5692.3076923076915,0.00011343550122277208,864.2153468344671,0.037000000000000005,0.324561403508772,1-0-1407-1,@,UT_015,015,2,fave,226.79447892806346,60.43445194127237,5,the,0,0.09002699999996366,"",children,DH,#,DH,CH,final
651.2578394544178,1903.5863281699571,3240.764328088146,3.550805942834318,3.9918526958710845,4.0185317962166165,6410.25641025641,0.0000141216473065183,864.7823548344671,0.031,0.32978723404255317,1-0-1408-5,@,UT_015,015,2,fave,256.16763335588513,61.55025863350181,5,children,0,0.07000699999991866,the,found,R,N,R,N,internal
654.3912198128461,1483.2671841495908,3276.8457048742516,3.0830807794810173,3.5025692956392205,4.54098546266919,6589.74358974359,0.00024246187825009913,865.3253385034014,0.037,0.32456140350877194,1-0-1410-0,@,UT_015,015,2,fave,202.48671674337564,61.38630850428895,5,a,0,0.09002599999996619,found,whale,#,#,D,W,coextensive
625.9894073108554,1662.7715299237643,3106.880346278318,3.157633899256946,3.726387879267851,3.9903281787370974,6051.282051282051,0.000050500211239325864,867.8403461655329,0.027000000000000003,0.32142857142857145,1-0-1416-1,@,UT_015,015,2,fave,221.2289659224821,59.02480813989522,5,the,0,0.05999800000006417,"",parents,DH,#,DH,P,final
665.1807587859415,1959.4219128629245,2901.8683110335137,3.5010225819215615,3.6189482956310863,4.32950311660951,6948.717948717948,0.00007812402770372197,868.2803491655329,0.027000000000000003,0.32142857142857145,1-0-1417-3,@,UT_015,015,2,fave,227.82185826359898,59.149141042634476,5,parents,0,0.059996999999953005,the,found,R,N,R,N,internal
483.9475223740226,1830.724070031533,3052.409198233329,2.5925738564445497,3.8795362514058938,3.7475294498671903,5692.3076923076915,0.00001889039252119318,871.8023738344671,0.031,0.32978723404255317,1-0-1426-1,@,UT_015,015,2,fave,226.9958601589768,63.48234612010733,5,the,0,0.07000700000003235,"",train,DH,#,DH,T,final
453.99186886226084,1847.3964150202817,3090.2711382309794,2.631649559079978,3.6789608720277966,3.902384665842374,6051.282051282051,0.00003233527951542648,874.5403638344671,0.027000000000000003,0.32142857142857145,1-0-1432-1,@,UT_015,015,2,fave,212.4086049584441,59.81069394161251,5,the,0,0.05999799999995048,to,seaside,DH,#,DH,S,final
604.4591763684721,1645.9354335340781,2440.16536392856,3.155411121663213,3.95864233495882,4.710782356128564,5512.820512820513,0.000022059499808314995,876.462341165533,0.031,0.32978723404255317,1-0-1437-0,@,UT_015,015,2,fave,241.81448359861758,63.03316413678762,5,about,0,0.07000800000002982,heard,the,#,B,D,B,initial
505.7399147752932,1809.9798745859553,3101.5051193235167,3.200215214590511,3.919694909767375,3.912430555778636,6051.282051282051,9.863122021651111e-6,876.8803241655329,0.027000000000000003,0.32142857142857145,1-0-1438-1,@,UT_015,015,2,fave,225.66086890819687,60.47121349734352,5,the,0,0.05999799999995048,about,new,DH,#,DH,N,final
660.5552052682073,1842.9921051258123,3468.916193046164,3.4894234180224877,4.108183738975608,4.2569776426016785,6051.282051282051,0.0005004983492509156,882.1564248344671,0.035,0.33653846153846156,1-0-1450-3,@,UT_015,015,2,fave,235.8612938897387,59.46445928701705,5,seven,0,0.080016999999998,need,cartoons,V,N,V,N,internal
528.6427512977034,1791.8045665104796,3170.7315357411208,2.293610639539307,2.9937566080862292,3.2583070511420225,6230.7692307692305,4.272586700783929e-6,885.4324538344672,0.027000000000000003,0.32142857142857145,1-0-1457-1,@,UT_015,015,2,fave,261.20912154217297,62.79812730232125,5,the,0,0.05999799999995048,heard,noise,DH,#,DH,N,final
652.747764171153,2211.428605244213,3252.3139093603713,3.0935415427244215,4.290559109492811,3.5295854377395983,5692.3076923076915,0.00004956926306532503,886.5624531655329,0.027000000000000003,0.32142857142857145,1-0-1461-3,@,UT_015,015,2,fave,219.88172368447297,53.76536615966641,5,kitten,0,0.05999799999995048,the,next,T,N,T,N,internal
560.6721631302304,1671.6305378867723,2593.9041010872243,2.6620180258352195,3.658624031003809,4.302119213055425,6230.7692307692305,0.0005565375602908792,890.6274454965986,0.037000000000000005,0.324561403508772,1-0-1471-4,@,UT_015,015,2,fave,930.0644528199042,50.19595815860014,5,cereal,0,0.08996500000000651,his,"",iy,L,iy,L,internal
580.8633522430831,1942.9692980904572,3141.533724943529,2.99390481373252,3.8007123174940123,3.709598065711079,5871.794871794871,0.00005910103547434873,891.3574368344671,0.037,0.32456140350877194,1-0-1473-1,@,UT_015,015,2,fave,107.01072008343746,59.385531314489405,5,the,0,0.09002700000007735,"",children,DH,#,DH,CH,final
511.17465770960337,1640.6698769221182,3160.06222576896,2.8368747143359196,4.545757453398541,3.9718842471146476,6051.282051282051,0.00014133208093851645,894.314453165533,0.031,0.32978723404255317,1-0-1482-1,@,UT_015,015,2,fave,213.37204112736606,57.76657347634887,5,the,0,0.07000699999991866,"",children,DH,#,DH,CH,final
427.7388848172138,2653.6445023437677,3711.881015566804,3.6777038972211376,3.362641788234244,4.454802960081872,7307.692307692308,0.00005610601179823875,46.39554616553288,0.031,0.32978723404255317,1-0-6-1,iy,UT_015,015,2,fave,261.06605184814833,57.15050943874732,5,female,1,0.07000000000000028,"","",F,M,F,M,internal
334.84352703443994,2854.998509615,4229.647509409087,3.4704038964501307,3.493933452728507,3.884262619454913,8384.615384615383,4.503982545886248e-6,72.98104716553287,0.025,0.33783783783783783,1-0-20-2,iy,UT_015,015,2,fave,264.2791312944016,54.06142244892825,5,eighteen,1,0.050003000000003794,"",years,T,N,T,N,internal
431.7541097463111,2867.3896117388526,4185.099097172549,3.384060539996775,3.3823803175703295,4.637358454831853,8743.589743589742,0.00415006018145846,121.33854616553288,0.057,0.3275862068965517,1-0-64-4,iy,UT_015,015,2,fave,223.69031339274613,53.804357073042745,5,studying,0,0.15000200000000063,"",for,D,i,D,i,internal
372.95154765185964,2843.8035115237303,4311.50845737829,3.3021094932639,3.2012821668913563,4.06623703499028,8564.102564102563,0.0008586773069207037,126.15254983446712,0.065,0.33505154639175255,1-0-82-0,iy,UT_015,015,2,fave,100.38959957953256,50.41269229410138,5,eating,1,0.17000600000000077,"","",#,T,"",T,initial
602.6647118684552,1765.4118268876698,2717.4649567561746,2.9754231727968588,3.859355983900795,3.7736142149691574,6230.7692307692305,0.00006456099484353054,172.6559518344671,0.035,0.33653846153846156,1-0-156-3,iy,UT_015,015,2,fave,290.1157606229114,60.51842181946088,5,always,0,0.08000200000000746,i've,liked,W,Z,W,Z,internal
696.4116669469591,2689.9311299718615,3604.840274356449,3.1977541530484945,4.038354083975438,4.495475523033838,8564.102564102563,0.0005757211437396025,177.51895183446712,0.040999999999999995,0.33064516129032256,1-0-170-2,iy,UT_015,015,2,fave,178.8548942490341,48.76591203405994,5,anyways,0,0.10000700000000506,us,and,N,W,N,W,internal
406.9565845799763,2753.1813885063866,3197.7817197140866,2.4648603304099606,4.13977482787513,3.962718465132562,6589.74358974359,0.00011815908759893964,179.4589548344671,0.04100000000000001,0.3306451612903227,1-0-176-1,iy,UT_015,015,2,fave,202.2454685370133,55.041726063133396,5,healing,1,0.09999100000001704,"",if,HH,L,HH,L,internal
470.95877932499536,2815.9355640359777,3882.931719119264,3.1882853473412087,3.516736140379676,4.267525160180799,8025.641025641025,0.00012648065353889514,181.22695316553288,0.037,0.32456140350877194,1-0-183-2,iy,UT_015,015,2,fave,195.53225500678178,44.23606967908955,5,anything,0,0.08999700000001098,"","",N,TH,N,TH,internal
624.0234352849874,2781.468646267698,4428.206661971716,3.9483853022374746,4.026058192216008,5.037796767504364,9641.02564102564,0.0009288402492017974,286.4465421655329,0.037,0.32456140350877194,1-0-344-3,iy,UT_015,015,2,fave,291.47712855352336,59.158310218372065,5,always,0,0.08999699999998256,heart,"",W,Z,W,Z,internal
419.52059834986363,2864.7774665981638,4077.5401651428215,2.3911146411707933,3.5111284214436678,4.329267555349535,9102.564102564102,0.00003382479202817182,335.23045516553293,0.035,0.33653846153846156,1-0-413-1,iy,UT_015,015,2,fave,204.58811561091696,58.32444848949194,5,being,1,0.07998599999996259,"","",B,i,B,i,internal
618.1311825229578,2079.2073999174927,3738.266500988251,3.543421693513619,3.9112586644774114,4.103660761872195,8743.589743589742,0.00004988504712019724,340.0464678344671,0.027000000000000003,0.32142857142857145,1-0-429-3,iy,UT_015,015,2,fave,173.07827682880492,46.58302003701876,5,everything,0,0.05999700000000985,"","",R,TH,R,TH,internal
423.7342775033217,2898.609113692089,3755.7679317291386,3.0251459294420653,3.866091958892117,4.045738823993583,8025.641025641025,0.00042919123558149473,360.9627428344671,0.057,0.32758620689655177,1-0-472-2,iy,UT_015,015,2,fave,199.92435666404052,53.23430799232366,5,anything,0,0.15002500000002783,do,"",N,TH,N,TH,internal
472.24568124353664,2478.541279544182,4556.448153092101,2.6955372231898207,4.268323168916522,4.964305228775444,9282.051282051281,0.001192396735986881,427.57324916553284,0.055,0.33536585365853655,1-0-581-2,iy,UT_015,015,2,fave,229.65699245988534,57.12490835623038,5,area,0,0.13998400000002675,george,"",R,@,R,@,internal
420.4038284995449,2398.8876890560837,3533.012942864441,2.2066127319894333,3.9140675810357104,4.351357984290567,8564.102564102563,0.0004760945010552505,438.5012468344671,0.051000000000000004,0.3311688311688312,1-0-612-2,iy,UT_015,015,2,fave,211.21664028061568,58.65044711640333,5,breathing,1,0.13000499999998283,my,"",R,DH,R,DH,internal
551.1442177704203,2681.3410683726697,3657.1790539441463,3.521373431010443,3.631619940401843,4.5613276672332255,8205.128205128205,0.000146705123343438,450.31765149659867,0.031,0.32978723404255317,1-0-625-2,iy,UT_015,015,2,fave,182.75061809015443,47.048020589833705,5,anyways,0,0.0699769999999944,south,"",N,W,N,W,internal
440.5993657053557,2895.1705346280573,3968.9852079795373,3.0743505694419935,3.8469297467573758,4.57981099807042,8205.128205128205,0.00035448862966277756,451.0226448344671,0.040999999999999995,0.33064516129032256,1-0-627-2,iy,UT_015,015,2,fave,228.75780386257307,54.996869209457834,5,anywhere,0,0.10000600000000759,"","",N,W,N,W,internal
364.87187272675453,2892.5884389706184,4058.5311082985527,3.95697320403026,3.3638919270566263,3.8261825511162644,9820.51282051282,0.015494774689883844,554.011456834467,0.055,0.3353658536585366,1-0-801-0,iy,UT_015,015,2,fave,227.63844320119756,54.786580777148565,5,each,1,0.1400140000000647,"",button,#,CH,"",CH,initial
425.9274393277923,2964.0792250912805,4009.9328333943945,2.6840819030268617,3.3977206598345835,4.023767240491335,8923.076923076922,0.00044705767756432686,559.0233471655329,0.091,0.3321167883211679,1-0-812-2,iy,UT_015,015,2,fave,207.32060962975507,58.55254439278634,5,speeds,1,0.25,shutter,making,P,D,P,D,internal
414.591396024874,2745.0003345139617,3933.5033747434527,2.0767344215914987,3.6297991671486214,4.468270319659804,9102.564102564102,0.00033212080814912947,567.5913741655329,0.047,0.3263888888888889,1-0-835-2,iy,UT_015,015,2,fave,206.2158505463973,61.78759905132456,5,speeds,1,0.11999500000001717,shutter,in,P,D,P,D,internal
431.7940989992058,2802.6867417103063,4105.957389949182,2.827277397226348,3.9858372892442495,4.878391258262758,8923.076923076922,0.0015995959844030006,569.8963508276644,0.057,0.32758620689655177,1-0-842-2,iy,UT_015,015,2,fave,224.75727112013948,60.01717102103275,5,speed,1,0.149962999999957,the,is,P,D,P,D,internal
417.1636421071129,2649.4488426291086,3680.995952995476,2.881677969663738,4.13942421269407,4.729727059266429,9102.564102564102,0.0014550934989099008,607.8917661655329,0.045,0.3358208955223881,1-0-899-1,iy,UT_015,015,2,fave,232.97806785805795,64.84509705423841,5,feeling,1,0.10998500000005151,"",like,F,L,F,L,internal
593.7707736011033,1999.9408612818108,3474.954464649175,3.5005663464182226,3.9540342406976245,4.45286682476774,7846.153846153846,0.0005378288644846671,610.7867348344671,0.035,0.33653846153846156,1-0-910-3,iy,UT_015,015,2,fave,188.586183130676,48.41723902567323,5,everything,0,0.080016999999998,"",like,R,TH,R,TH,internal
384.3347019202199,2944.9903488487143,4053.1143046891552,2.538509601690318,3.746746551984025,4.374104470483816,8923.076923076922,0.0005485694702645997,659.0152355034013,0.127,0.3307291666666667,1-0-1003-2,iy,UT_015,015,2,fave,187.63465386827053,55.1882922863808,5,speeds,1,0.3600460000000112,shutter,which,P,D,P,D,internal
504.76600351769775,2172.6003690210027,4122.104084388491,2.7266604638767116,3.080172819675236,4.451870629813369,8384.615384615383,5.432698529654861e-7,732.5289381723356,0.025,0.33783783783783783,1-0-1084-3,iy,UT_015,015,2,fave,160.63765815584057,52.944176439826734,5,cereal,0,0.050049000000058186,his,"",R,@,R,@,internal
412.96001744991776,2352.201934896376,3189.2409633770803,3.189189941395699,4.293832979237307,3.961240904731528,6230.7692307692305,0.0006203398467168364,743.9837615034013,0.035,0.3365384615384616,1-0-1115-1,iy,UT_015,015,2,fave,105.02146396157603,47.434877350064035,5,season,1,0.08001799999999548,this,"",S,Z,S,Z,internal
418.4740544828544,2991.0605324096646,4051.159703541493,2.489708915219443,3.5515615486567134,4.521605699391275,8923.076923076922,0.00030201324985867553,750.2042428344671,0.07899999999999999,0.3376068376068376,1-0-1131-1,iy,UT_015,015,2,fave,213.3257542416174,59.90578913990012,5,needs,1,0.21002199999998084,crab,"",N,D,N,D,internal
501.2359997596243,2090.5966221561575,4085.322593982626,3.038208175633465,4.409436370522754,5.122022972596331,8205.128205128205,0.0011006053512559793,753.682242834467,0.035,0.33653846153846156,1-0-1140-1,iy,UT_015,015,2,fave,203.0071265910902,56.81790124817971,5,returned,0,0.080016999999998,william,to,R,T,R,T,internal
418.38880410617924,3031.5368812050406,4167.195537600683,3.3013554201743283,3.1967337669160063,4.319840996611827,8384.615384615383,0.0006561681256029533,778.1447461655329,0.091,0.3321167883211679,1-0-1197-1,iy,UT_015,015,2,fave,217.90945332891098,59.40650637073707,5,needs,1,0.25,"","",N,D,N,D,internal
429.0107924142895,2990.505974902033,4165.721881762997,3.347305339260118,3.795272983592721,4.6482493344333875,8923.076923076922,0.0014985516680269067,806.8463475034014,0.085,0.3346456692913386,1-0-1267-1,iy,UT_015,015,2,fave,246.18966960186427,58.81827730907017,5,geese,1,0.23004100000002836,the,like,G,S,G,S,internal
441.18836177435605,3035.966521752184,4319.321327830564,3.41663020964549,3.1329702479682044,3.993435614984764,8923.076923076922,0.00007757698163888706,827.9037451723356,0.045,0.3358208955223881,1-0-1315-1,iy,UT_015,015,2,fave,236.94310719976025,60.51215704052358,5,people,1,0.11004700000000867,roman,spoke,P,P,P,P,internal
423.5328445209486,2967.3592962883768,4137.61101400585,2.8947614705535964,3.4898100039259163,4.037309525234668,9102.564102564102,0.00019724630129318277,833.4847368344672,0.051000000000000004,0.3311688311688312,1-0-1327-1,iy,UT_015,015,2,fave,217.160404454834,60.7972828410397,5,need,1,0.13000499999998283,"",mittens,N,D,N,D,internal
472.90624686089313,2769.0821557518448,4180.247601010129,2.867266322066635,3.92583168457442,4.835422649411722,9282.051282051281,0.0006449030547364807,837.2617611655329,0.045,0.3358208955223881,1-0-1336-2,iy,UT_015,015,2,fave,235.05094361335196,64.14321497681186,5,sleeps,1,0.10998500000005151,dog,on,L,P,L,P,internal
420.5608236867445,3040.7871662524108,4281.83675072699,2.8807007673036207,3.3166454414926307,4.055196427743404,9102.564102564102,0.00008922820783491685,853.209763165533,0.061000000000000006,0.3315217391304348,1-0-1377-1,iy,UT_015,015,2,fave,220.1108834386282,58.01187860696408,5,need,1,0.15997299999992265,windows,"",N,D,N,D,internal
401.88459644962916,2822.448143794886,4028.065250660007,2.3547986136261994,3.842947271257863,4.681604477666135,8564.102564102563,0.00032497246563435267,874.7993581655329,0.045,0.3358208955223881,1-0-1433-1,iy,UT_015,015,2,fave,200.07554285463326,54.99206922143343,5,seaside,1,0.10998600000004899,the,"",S,S,S,S,internal
393.42805421597035,2633.261763127322,3566.721291897187,3.020211156844015,3.888844064657513,4.757971413167348,8564.102564102563,0.0001018190845360797,879.5043248344671,0.035,0.3365384615384616,1-0-1444-1,iy,UT_015,015,2,fave,164.00568968920032,53.37154079083654,5,week,1,0.080016999999998,this,"",W,K,W,K,internal
424.98979955045087,3044.678774547726,4205.869700581514,2.862445142519674,3.313985390869829,3.8332436806692103,8923.076923076922,0.0001757355034892331,881.6474544965986,0.057,0.3275862068965517,1-0-1449-1,iy,UT_015,015,2,fave,221.68724252686292,58.668122646736514,5,need,1,0.14996400000006815,"",seven,N,D,N,D,internal
550.4058226053339,2216.9187475988197,3979.516838587184,3.530991788770176,3.1106401085444193,4.139839667780678,8025.641025641025,0.0006081172157301506,890.521465165533,0.045,0.3358208955223881,1-0-1471-3,iy,UT_015,015,2,fave,525.4669645813889,50.62248038306955,5,cereal,0,0.1099859999999353,his,"",R,@,R,@,internal
415.65235492715124,2679.110917999085,4059.0776505118374,3.625481395248508,3.6793499595377446,4.473930304654517,8384.615384615383,0.00045720812642161343,893.6444758344671,0.031,0.32978723404255317,1-0-1480-1,iy,UT_015,015,2,fave,181.01933598375618,44.75212440344042,5,week,1,0.07000699999991866,last,"",W,K,W,K,internal
705.1717090619012,1809.8486455273412,3533.0061558215016,3.5889543829949297,3.333806358697148,4.550745165315266,7128.205128205128,0.0006905960882294616,52.31265283446712,0.051000000000000004,0.3311688311688312,1-0-8-1,*hr,UT_015,015,2,fave,244.81936350507888,58.103798420269264,5,kearns,1,0.13000100000000003,"","",K,N,K,N,internal
719.5658557546396,1894.0189965302043,4105.990641250723,3.899135121844153,3.4097950950135925,4.635153694773109,9461.538461538461,0.0015608966153562484,69.59904316553288,0.08099999999999999,0.3319672131147541,1-0-12-1,*hr,UT_015,015,2,fave,269.72931298204,58.68951036391325,5,kearns,1,0.22000099999999634,"","",K,N,K,N,internal
662.7783008788975,1634.7574996091298,3832.4038007641398,3.4107791570767105,3.427180943908673,4.505425286405931,8384.615384615383,0.0005089944002062219,72.48404516553288,0.051000000000000004,0.3311688311688312,1-0-18-2,*hr,UT_015,015,2,fave,213.28158343521682,49.970674170544555,5,for,0,0.13000499999999704,much,"",R,#,R,"",final
585.1819288175045,1641.5257685908266,2114.3793815231115,3.209967042704468,3.693043044914964,3.661024688981416,5512.820512820513,0.0036413163900152513,80.32875083446713,0.067,0.3284313725490196,1-0-34-2,*hr,UT_015,015,2,fave,292.7993279831956,57.485133114877065,5,for,0,0.1799999999999926,layton,"",R,#,R,"",final
600.9343615367343,1478.9284041144522,2282.3531609301017,2.9965943586076786,3.8733337965678527,4.013384628134569,5692.3076923076915,0.00011938894251499176,95.58305383446712,0.037000000000000005,0.324561403508772,1-0-55-2,*hr,UT_015,015,2,fave,172.2107622529109,47.859320071658395,5,for,0,0.0899959999999993,valley,a,R,#,R,eyF,final
617.0775825528531,1733.1521405835317,4063.1583173745084,3.523958299188942,3.511026734635469,4.9026832174476995,8564.102564102563,0.004426009484563801,121.85254816553288,0.065,0.33505154639175255,1-0-65-2,*hr,UT_015,015,2,fave,211.95035304997427,49.11568248887548,5,for,0,0.16999800000000675,studying,"",R,#,R,"",final
591.3008641170616,1632.332865010891,4246.231647769888,3.5385775794333707,3.754284705943086,5.019649049268207,8384.615384615383,0.005694878177003152,123.79354516553288,0.047,0.3263888888888889,1-0-72-1,*hr,UT_015,015,2,fave,200.95421470127832,48.08239473723382,5,work,1,0.12000300000001118,to,"",W,K,W,K,internal
754.9529365506621,1312.3781495384092,2993.282809367225,3.1727893866138115,3.74028618080108,4.0524712208169476,5871.794871794871,0.014327109347932392,150.8589468344671,0.119,0.33615819209039544,1-0-110-2,*hr,UT_015,015,2,fave,188.28283925402204,49.62636387365644,5,for,0,0.33000200000000746,"","",R,#,R,"",final
608.6593744527354,1557.7596293247511,4159.537999122964,3.7411403926207805,3.312631117584314,4.281532410161838,9282.051282051281,0.0005607610758920409,151.54194883446712,0.045,0.3358208955223881,1-0-112-1,*hr,UT_015,015,2,fave,239.05310888168188,58.3663588886832,5,working,1,0.11000000000001364,"",staying,W,K,W,K,internal
713.8569460263539,1969.988019005176,3169.8567750252114,3.330132832062617,3.559421564684428,4.670789835575659,7846.153846153846,0.0006677908823604329,166.81954416553288,0.037000000000000005,0.324561403508772,1-0-151-1,*hr,UT_015,015,2,fave,168.1349818585318,47.052408152996,5,nurse,1,0.08999600000001351,pediatric,"",N,S,N,S,internal
601.1383427750209,1862.798238005274,3702.4253353395707,3.6369587960533605,3.2075558387262055,4.892440125753177,7487.179487179487,0.011768365898857451,176.09695016553286,0.097,0.3299319727891156,1-0-166-4,*hr,UT_015,015,2,fave,181.40806465864262,46.24333838844315,5,future,0,0.27000400000000013,the,"",CH,#,CH,"",final
651.515262567329,1736.3779402841456,3877.1841570080896,3.6054980713216027,3.087013005745992,4.94008642701031,7307.692307692308,0.002314707576565881,180.91094783446712,0.085,0.3346456692913386,1-0-181-0,*hr,UT_015,015,2,fave,109.52862048558615,43.92628776636665,5,or,0,0.23001100000001884,"","",#,#,"","",coextensive
556.0988575858953,1798.028067007145,4593.127229281176,3.589012409312929,3.901128388805341,4.875323491653109,7487.179487179487,0.00007865752155269348,230.15815383446713,0.025,0.33783783783783783,1-0-224-1,*hr,UT_015,015,2,fave,239.56611046979887,54.231069917938115,5,for,0,0.050003000000003794,rough,sure,F,#,F,SH,final
785.3071694484015,1369.314368715675,2895.6783673402833,3.4744944358238365,3.8005585339051375,4.688526058554078,7307.692307692308,0.0004142029255031637,247.0508441655329,0.065,0.33505154639175255,1-0-256-3,*hr,UT_015,015,2,fave,164.1769662148425,52.73336380672764,5,generals,0,0.16999799999999254,the,or,N,@,N,@,internal
643.847964796044,1926.1713161591836,3082.277043801265,3.034619964809706,4.283736256628888,4.1494663681758786,5871.794871794871,0.006029141287584897,247.56885416553288,0.08099999999999999,0.3319672131147541,1-0-257-0,*hr,UT_015,015,2,fave,277.2405429337396,50.413052868640584,5,or,0,0.2199860000000058,generals,in,#,#,Z,i,coextensive
758.2303977715183,1519.152446732548,3359.0490476866503,2.7541591310436404,3.5092569171285906,4.755527250308583,7487.179487179487,0.00027281622138558223,252.7458568344671,0.035,0.33653846153846156,1-0-269-3,*hr,UT_015,015,2,fave,189.60998018995943,52.20248590838574,5,summer,0,0.08000100000000998,or,of,M,#,M,@,final
608.7598620503902,1335.3236742189006,4045.582506804017,3.7383936200526016,3.8708235506034567,4.582636743521462,8564.102564102563,0.0008698035779874684,270.0682471655329,0.037000000000000005,0.324561403508772,1-0-306-1,*hr,UT_015,015,2,fave,219.1515321703439,52.55370293262837,5,work,1,0.08999599999998509,to,in,W,K,W,K,internal
704.5627632999535,1593.484533371088,2347.626982577206,3.837350032502549,3.3384256053121684,5.324521053693656,8384.615384615383,0.006102049769586748,288.40555516553286,0.055,0.33536585365853655,1-0-351-1,*hr,UT_015,015,2,fave,180.73485222551946,53.995014878725286,5,worked,1,0.1399839999999699,"","",W,K,W,K,internal
565.9917272130851,1727.1630386562285,2905.1030467456976,3.0066518906685067,3.731653955053945,4.52264475849397,7307.692307692308,0.0015224318627980447,289.25555150340136,0.035,0.33653846153846156,1-0-353-1,*hr,UT_015,015,2,fave,201.5543341118664,57.00080593416645,5,for,0,0.080016999999998,"",sure,F,#,F,SH,final
683.9705990121639,1699.8006046776125,4067.130295446806,3.2394327644237144,3.2617640533047823,4.7677731061325535,8205.128205128205,0.0030167310651894475,291.1225571655329,0.10899999999999999,0.3364197530864197,1-0-360-1,*hr,UT_015,015,2,fave,198.74294331167388,58.081209673125755,5,works,1,0.2999879999999848,it,and,W,K,W,K,internal
596.3296428510422,1413.6037855433,4298.305623698847,3.8132248295065327,3.2851879760586233,3.900964534240545,8205.128205128205,0.0002760383259208314,331.9834608344671,0.040999999999999995,0.33064516129032256,1-0-406-1,*hr,UT_015,015,2,fave,209.10572458624134,57.15942023334096,5,working,1,0.10000600000000759,own,full,W,K,W,K,internal
573.4507992058526,2028.2305869189324,3124.194354976423,3.269520406109775,3.838789640012651,4.495472346075577,6589.74358974359,0.0007426866357857226,336.44044183446715,0.055,0.3353658536585366,1-0-416-6,*hr,UT_015,015,2,fave,197.42056861790675,53.2568525666167,5,grandmother's,0,0.14001500000000533,my,power,DH,Z,DH,Z,internal
642.339877311883,1270.3078600193073,2083.6983856985457,2.8785652805794877,3.297580359683897,4.140196478794079,5333.333333333333,2.410690363837927e-6,336.8964428344671,0.027000000000000003,0.32142857142857145,1-0-417-2,*hr,UT_015,015,2,fave,211.40375564474533,60.01833442520771,5,power,0,0.05999799999995048,grandmother's,of,aw,#,aw,@,final
664.4548131531606,1602.9795492966564,3431.345646935958,3.617250055390535,2.649314918134149,4.823765596374878,7666.666666666666,0.0007836892965949768,337.19044183446715,0.055,0.3353658536585366,1-0-419-2,*hr,UT_015,015,2,fave,200.43088827215126,54.480368326622596,5,attorney,1,0.14001500000000533,of,and,T,N,T,N,internal
654.8634554311766,1217.9856816042175,1570.9991227313892,3.429571774947577,3.880616500841069,3.635267398787128,4974.358974358975,0.028913717374149044,338.5354398344671,0.125,0.3342245989304813,1-0-425-1,*hr,UT_015,015,2,fave,234.29935728902757,47.014652855141954,5,her,0,0.3500060000000076,of,"",HH,#,HH,"",final
671.7887158467241,1493.4420461683337,3452.218337578585,3.807826251033092,3.0349039165572744,4.996235684814783,7487.179487179487,0.014811115531523929,342.38846483446713,0.091,0.33211678832116787,1-0-437-1,*hr,UT_015,015,2,fave,-6909722.396243021,42.81764537985768,5,her,0,0.25,for,"",HH,#,HH,"",final
495.6601219664554,1906.5920229157528,4085.2162885780026,2.623280153312794,3.3838673500364496,4.3701400183603285,8923.076923076922,0.002157634843061751,356.4197621655329,0.171,0.3326848249027238,1-0-462-2,*hr,UT_015,015,2,fave,240.7144248298894,56.778229289350215,5,tired,0,0.4899899999999775,more,or,ay,D,ay,D,internal
497.44636747382947,1941.7145778035351,3414.1911137752377,2.897222903594671,3.4932524640406006,4.558019094863097,6948.717948717948,0.00097667069881953,381.6820398344671,0.075,0.33482142857142855,1-0-514-4,*hr,UT_015,015,2,fave,219.5882095549594,57.15522699676595,5,pictures,0,0.20001199999995833,taking,"",CH,Z,CH,Z,internal
510.8654400430141,1941.298670407412,3744.4884315364507,2.6481481963772993,3.843478246230897,4.86814485414199,8564.102564102563,0.0013374796963946788,383.8653538344671,0.085,0.3346456692913386,1-0-518-6,*hr,UT_015,015,2,fave,235.21276815609536,61.037006418452265,5,semester's,0,0.23001099999999042,this,"",T,Z,T,Z,internal
608.2279369585802,1868.9710555265053,2489.7447117080264,2.4749736448465076,4.2450009906479655,4.4920316143925,5871.794871794871,0.000021676130733301345,437.94823883446713,0.025,0.33783783783783783,1-0-609-3,*hr,UT_015,015,2,fave,197.87484274926643,55.16726792440518,5,better,0,0.05001799999996592,bit,for,T,#,T,F,final
509.4235877596163,1964.879845555313,3229.9997427307253,3.2111816113996303,3.889267217635213,4.392330430425857,6589.74358974359,0.0002525439615007864,480.6846564965987,0.031,0.32978723404255317,1-0-662-4,*hr,UT_015,015,2,fave,212.8099236531462,56.469749896008665,5,pictures,0,0.0699769999999944,take,of,CH,Z,CH,Z,internal
647.262054252856,1480.3963410639808,1793.7340056288606,3.302231083397144,4.067279237280139,4.020193757443084,4974.358974358975,0.0026169428613153287,481.2396611655329,0.08100000000000002,0.3319672131147542,1-0-664-5,*hr,UT_015,015,2,fave,197.49216341584773,47.38755806806963,5,whatever,0,0.22000100000002476,of,"",V,#,V,"",final
626.5524872198557,1387.4656832911905,1680.5798486671138,3.0470890403484847,3.9353202388828885,4.121353224461487,5333.333333333333,0.014962705059120368,490.20965649659865,0.08100000000000002,0.3319672131147542,1-0-695-3,*hr,UT_015,015,2,fave,161.25711657286925,52.82172022890438,5,nature,0,0.21996999999998934,"",or,CH,#,CH,owr,final
584.4838645427286,1923.8639485207623,3855.1688388420357,3.330092995322357,3.2968347978628594,4.846704465001729,8743.589743589742,0.0011981608361670225,497.2098418344671,0.075,0.3348214285714286,1-0-702-4,*hr,UT_015,015,2,fave,185.46823579182112,56.07333128719169,5,capture,0,0.20001199999995833,just,how,CH,#,CH,HH,final
526.5770064902431,1734.1204712861888,4241.5968482391245,3.6721134067686894,3.1280535007602253,5.03173795007964,8025.641025641025,0.03870304101050495,507.9377428344671,0.171,0.3326848249027238,1-0-720-3,*hr,UT_015,015,2,fave,214.79933101558458,48.37224553971638,5,nature,0,0.49002000000001544,the,"",CH,#,CH,"",final
566.3037077758156,1899.3727109199422,2746.611997463721,3.3451607250909223,3.7932339077950004,5.276525795441718,8205.128205128205,0.00032836384172834303,510.8277591655328,0.031,0.32978723404255317,1-0-726-3,*hr,UT_015,015,2,fave,175.20296090652974,51.250103307437556,5,after,0,0.0699769999999944,that,my,T,#,T,M,final
607.2417015070092,1571.2173951779669,2828.2787131974546,3.163756986495014,4.136251261213048,4.653205425746073,5871.794871794871,0.0020094225199016507,511.57474916553286,0.045,0.3358208955223881,1-0-728-8,*hr,UT_015,015,2,fave,10457.998031463767,44.19339414987463,5,grandfather,0,0.10998499999999467,my,"",DH,#,DH,"",final
558.662305104219,1958.9903074211873,3997.8278843295116,3.5240278701944856,3.1014225572039367,4.403208709770611,8025.641025641025,0.0009300540368074048,518.599753834467,0.121,0.3324175824175823,1-0-739-4,*hr,UT_015,015,2,fave,195.00657887070147,53.08431609090865,5,pictures,0,0.34002699999996366,had,of,CH,Z,CH,Z,internal
506.4780972991632,2018.22690384414,3798.7212462766147,3.466155806878338,3.7955403039593603,5.041669630508393,8384.615384615383,0.0005813366129723488,524.4597674965987,0.04100000000000001,0.3306451612903227,1-0-754-4,*hr,UT_015,015,2,fave,196.49686518890022,55.91193177228123,5,pictures,0,0.09997499999997217,take,of,CH,Z,CH,Z,internal
623.2420502497607,1713.472725960143,4368.263330045962,3.324525730973319,3.4132433650157834,4.6558864279814935,8205.128205128205,0.00019604077412060445,542.1414538276645,0.035,0.3365384615384616,1-0-779-1,*hr,UT_015,015,2,fave,247.96364204608105,57.128683051077665,5,working,1,0.07995599999992464,"",the,W,K,W,K,internal
718.9106112678946,1620.8816139396504,3603.8032256884,3.6128669142067498,4.124704624958791,4.333449593062549,8384.615384615383,0.0005222004337378584,548.761456834467,0.055,0.3353658536585366,1-0-789-3,*hr,UT_015,015,2,fave,226.40805136450817,59.06243898698384,5,cameras,0,0.1400140000000647,"",there's,M,@,M,@,internal
693.6544567801318,1430.5630351018322,4341.126432060748,3.8391715263892214,2.892205256346012,3.960208816395961,8384.615384615383,0.0007335709844670098,555.3374681655329,0.047,0.3263888888888889,1-0-804-1,*hr,UT_015,015,2,fave,231.04497802210702,62.49361173459008,5,works,1,0.11999500000001717,"",for,W,K,W,K,internal
541.5949417708177,1928.3694370691828,3411.644806861724,3.392690219496528,3.4114430470998,4.810126119508133,7128.205128205128,0.0007173133175841075,558.6783515034014,0.040999999999999995,0.33064516129032256,1-0-811-3,*hr,UT_015,015,2,fave,223.9800105601121,62.38191141899531,5,shutter,0,0.10003599999993185,the,speeds,T,#,T,S,final
485.4207589320426,1880.5420688621762,3344.6000211883343,3.318012189140615,3.8481038142181845,4.664116872210328,6769.2307692307695,0.0016263336533027693,567.2963465034014,0.037,0.32456140350877194,1-0-834-3,*hr,UT_015,015,2,fave,205.21741886347127,58.6760052029508,5,shutter,0,0.09002699999996366,the,speeds,T,#,T,S,final
662.1342589325343,1637.3112457348948,3811.8611819370444,3.789767545409614,4.142844327769863,4.853196389397939,8025.641025641025,0.0008818802699104977,568.1983591655329,0.04100000000000001,0.3306451612903227,1-0-837-3,*hr,UT_015,015,2,fave,191.68487327073595,53.94346761106821,5,general,0,0.09997600000008333,in,like,N,@,N,@,internal
562.0587195001366,1804.4198499929166,4330.565234408694,3.3321177515791347,3.72565837121202,4.711957853256689,8743.589743589742,0.00030111857708756693,570.6763458344672,0.037,0.32456140350877194,1-0-844-1,*hr,UT_015,015,2,fave,189.6841517363122,57.17365188309981,5,versus,1,0.09002699999996366,is,the,V,S,V,S,internal
571.6518133976974,1773.587921310117,3401.3654112380977,3.2591073133323984,3.682432970586534,4.650644925935732,7307.692307692308,0.0029350598461777185,594.2547568344672,0.051000000000000004,0.3311688311688312,1-0-877-7,*hr,UT_015,015,2,fave,2737012.3600743935,45.00593265153672,5,grandfather's,0,0.13000499999998283,my,cameras,DH,Z,DH,Z,internal
750.0075627535174,1338.5025597433976,1934.4318569693428,3.4795597184240563,3.992967635117297,4.199682585551348,5512.820512820513,0.0003877520839477063,609.7867348344671,0.035,0.33653846153846156,1-0-906-3,*hr,UT_015,015,2,fave,219.5498513935179,54.381173312453285,5,camera,0,0.080016999999998,fancy,"",M,@,M,@,internal
599.1971274592366,1850.3133307829037,3731.7961346150264,3.503847607029936,3.491647672256746,5.174535153396945,7128.205128205128,0.00026105480617199747,634.6213578344672,0.027000000000000003,0.32142857142857145,1-0-976-1,*hr,UT_015,015,2,fave,182.5997287655868,47.976371047435926,5,for,0,0.05999799999995048,"",sure,F,#,F,SH,final
556.4892626848853,1974.0507869423147,3214.464618056634,3.4999315803808324,3.242874459127511,4.2304871344047115,6589.74358974359,0.00019059226507790267,658.6492228344671,0.035,0.33653846153846156,1-0-1002-3,*hr,UT_015,015,2,fave,194.66138151358544,55.72551449290918,5,shutter,0,0.080016999999998,what,speeds,T,#,T,S,final
610.6502546994612,1836.0542866324176,2980.663785212877,2.984738370203803,4.436125281570775,4.5240894925239825,6769.2307692307695,0.000834413569832404,672.317261165533,0.031,0.32978723404255317,1-0-1041-2,*hr,UT_015,015,2,fave,138.13754287894287,50.420879777623064,5,for,0,0.07000700000003235,best,themselves,R,#,R,DH,final
588.957025387423,1713.6151900722664,4091.4347407358414,3.278640498750045,2.7926423560737073,5.2798929868335085,8564.102564102563,0.011792589830293087,678.2839348344672,0.119,0.3361581920903954,1-0-1057-1,*hr,UT_015,015,2,fave,185.02911752836883,54.57918048530755,5,first,1,0.330016999999998,camera,"",F,S,F,S,internal
750.2006982773966,1383.182973044366,1931.6573330325812,3.407741251271769,3.694537815901935,3.7905254236531403,4974.358974358975,0.00014084868174923435,680.4829248344671,0.037,0.32456140350877194,1-0-1063-3,*hr,UT_015,015,2,fave,88.50780572103614,51.87616310553192,5,camera,0,0.09002700000007735,the,"",M,@,M,@,internal
475.3808763194348,1865.455219643406,3494.782770100127,2.839200918468665,4.022549284175598,4.416991232605524,6769.2307692307695,0.0008323950864355626,682.949941165533,0.051000000000000004,0.3311688311688312,1-0-1070-4,*hr,UT_015,015,2,fave,233.37892454380466,50.3602317375916,5,pictures,0,0.13000499999998283,actual,"",CH,Z,CH,Z,internal
559.0463295009533,1903.262530248457,3678.5232778052855,3.417257718622008,3.635235619268832,5.275159071452706,8923.076923076922,0.0014249687959496204,731.5849544965986,0.057,0.3275862068965517,1-0-1081-3,*hr,UT_015,015,2,fave,239.94305135368006,59.979843316847344,5,water,0,0.14996400000006815,"",for,T,#,T,F,final
692.5852965869567,1466.620125394672,4123.26641761495,3.610885823740582,3.6064053055018923,4.738358916122974,8384.615384615383,0.00045433218430477066,731.9389461655329,0.045,0.3358208955223881,1-0-1082-2,*hr,UT_015,015,2,fave,221.20781115135856,56.69196612251005,5,for,0,0.10998499999993783,water,his,R,#,R,HH,final
549.4944053411112,1875.7724673451787,3597.1926101199588,3.1598528334440683,3.4861122170726127,4.475824334324115,8564.102564102563,0.0005452428868061416,739.0249574965986,0.057,0.3275862068965517,1-0-1102-2,*hr,UT_015,015,2,fave,238.33046065713336,61.473756332778045,5,udder,0,0.149962999999957,"",in,D,#,D,i,final
561.346346636674,1944.2524549936286,3718.27205231719,2.899125651190107,3.8053387492534134,4.256966762985748,8025.641025641025,0.00026356107216606446,741.9767425034014,0.061000000000000006,0.3315217391304348,1-0-1108-4,*hr,UT_015,015,2,fave,270.6968911272954,64.42372397746344,5,hunters,0,0.160033999999996,the,"",T,Z,T,Z,internal
664.45936695048,1515.4028969786684,3755.1723256559058,3.467671635624515,3.3933728807961328,4.758893791798371,7846.153846153846,0.0007343612639721584,742.6247594965986,0.037,0.32456140350877194,1-0-1110-1,*hr,UT_015,015,2,fave,229.98300026974545,63.0246917769895,5,were,0,0.08996600000000399,"",hunting,W,#,W,HH,final
698.3766481368352,1594.142189665935,1960.89410356625,3.0395576501969,3.8140952376974555,3.6630144372311384,5692.3076923076915,0.00006683667038688704,749.2822674965987,0.035,0.33653846153846156,1-0-1129-1,*hr,UT_015,015,2,fave,229.39731739225846,62.50335795479874,5,hermit,1,0.07995599999992464,the,crab,HH,M,HH,M,internal
639.3980659115771,1921.7392120606107,3739.5831081338783,3.5535990060289526,3.1725088143963607,5.196047759526919,7666.666666666666,0.0008087472884306968,753.9482471655328,0.047,0.3263888888888889,1-0-1140-3,*hr,UT_015,015,2,fave,211.55884364342995,59.86567439237758,5,returned,1,0.11999500000001717,william,to,T,N,T,N,internal
562.7433665977601,1892.033136105524,3554.191825220466,3.3865556994350974,3.519689480661819,4.651028022058699,7128.205128205128,0.00001809579671997567,755.1572341723356,0.025,0.33783783783783783,1-0-1143-3,*hr,UT_015,015,2,fave,199.92195586444222,52.79332656427175,5,after,0,0.050049000000058186,britain,his,T,#,T,HH,final
679.0973217096242,1853.9713043371703,3749.8790103519946,3.6772759288632186,3.139490218731235,4.61508938672014,8384.615384615383,0.0007987305611306114,762.045273165533,0.061000000000000006,0.3315217391304348,1-0-1158-6,*hr,UT_015,015,2,fave,239.12491573997573,60.89443718717485,5,reporter,0,0.15997399999992012,the,heard,T,#,T,HH,final
699.5109926465536,1761.9420403417805,3782.989573693126,3.5788366028935283,3.0725713604112306,4.738861877085332,8384.615384615383,0.0011126502286878778,762.3652654965986,0.08100000000000002,0.3319672131147542,1-0-1159-1,*hr,UT_015,015,2,fave,219.21017992243546,59.86844645712164,5,heard,1,0.21997099999998682,reporter,the,HH,D,HH,D,internal
603.032975841154,1306.0229581678689,2438.0615408693,2.983892699615775,3.943782038629783,4.720693358305282,6589.74358974359,0.004301900583012586,767.4852365034013,0.04100000000000001,0.3306451612903227,1-0-1170-2,*hr,UT_015,015,2,fave,202.1602186242397,61.23622620687882,5,for,0,0.10003600000004553,elm,the,R,#,R,DH,final
584.6245311021122,1858.8236053901949,3453.419816573799,3.2605284862983686,3.6051211931335536,4.906057576474636,7666.666666666666,0.000824048264031672,775.5447348344672,0.051000000000000004,0.3311688311688312,1-0-1192-1,*hr,UT_015,015,2,fave,186.69176160575122,54.83454744148889,5,service,1,0.13000499999998283,for,"",S,V,S,V,internal
650.2332966157711,1558.6014660052358,4280.40320884657,3.493606520340134,3.687476373484876,4.813574974365215,8025.641025641025,0.00018100119616757274,779.2447568344671,0.031,0.32978723404255317,1-0-1201-2,*hr,UT_015,015,2,fave,214.88350825211486,57.49146902714024,5,for,0,0.07000699999991866,belt,decoration,R,#,R,D,final
650.1353401432301,1548.9372597389279,3836.1606961637976,3.361032240814429,3.3697046266973594,5.177187670037702,7666.666666666666,0.0002498164795960426,779.6417661655329,0.045,0.3358208955223881,1-0-1202-3,*hr,UT_015,015,2,fave,204.25003506265526,55.5210227354867,5,decoration,0,0.10998500000005151,for,"",K,ey,K,ey,internal
511.49724473483565,2017.2184106193731,3278.8749615472757,2.7649370969923748,3.6747588127207576,4.566243127119308,6948.717948717948,0.000022449757540399423,791.9527731655329,0.027000000000000003,0.32142857142857145,1-0-1233-4,*hr,UT_015,015,2,fave,496.09411652623174,53.25849825924071,5,yesterday,0,0.059996999999953005,cotton,"",T,D,T,D,internal
647.6783929893286,1275.9616021021845,1823.4186974950746,3.322631626247675,4.431165261737001,3.638849628038106,5153.846153846154,0.011853602375554755,813.2263325034014,0.125,0.33422459893048123,1-0-1284-3,*hr,UT_015,015,2,fave,114.7276818738889,52.90747012273177,5,ladder,0,0.3500369999999293,the,"",D,#,D,"",final
522.1975353085695,1770.998989911719,3253.7623162584428,2.3495207184312754,3.6729013635486942,4.547578142193176,7128.205128205128,0.001028580625558146,819.5893518344672,0.051000000000000004,0.3311688311688312,1-0-1298-4,*hr,UT_015,015,2,fave,259.284405370093,65.36082972004769,5,brother,0,0.13000500000009652,my,collects,DH,#,DH,K,final
608.0080706411356,1259.7553409032864,1989.2765868297145,3.167050044942338,3.6891492800937598,4.094218384557532,5153.846153846154,0.0002732849409785246,821.1223355034014,0.037000000000000005,0.324561403508772,1-0-1301-2,*hr,UT_015,015,2,fave,212.39468249437346,56.715389511300316,5,for,0,0.09002700000007735,bottles,<unk>,R,#,R,spn,final
589.373957846717,1802.9854299450558,3576.935031676257,3.224385552983633,3.967967156027475,4.143562808090014,7846.153846153846,0.000034974641920716155,823.6413545034013,0.035,0.3365384615384616,1-0-1306-2,*hr,UT_015,015,2,fave,258.96777628218035,62.399294113679346,5,author,0,0.080016999999998,"",is,TH,#,TH,i,final
528.2815311061669,2006.2298124294325,3941.902944658546,3.4056454340660642,3.6512286929235973,4.687891238435729,8564.102564102563,0.000496000186931575,825.2563405034012,0.045,0.3358208955223881,1-0-1311-3,*hr,UT_015,015,2,fave,221.90716181721376,60.013805209772606,5,writer,0,0.11004600000001119,a,"",T,#,T,"",final
555.4237324514345,1684.5182234297706,4063.5911971730043,3.441634761804813,3.5464780841741605,4.284199458580618,8564.102564102563,0.00022976598012448878,841.6397661655329,0.040999999999999995,0.33064516129032256,1-0-1347-3,*hr,UT_015,015,2,fave,231.6778863844939,62.90399651180437,5,covered,0,0.09997499999997217,was,with,V,D,V,D,internal
624.5795817362277,1606.5486611225908,3223.1166980229564,3.302238290098684,4.18826933538794,4.246452604393709,6589.74358974359,0.0005068997466370184,850.2747248344671,0.031,0.32978723404255317,1-0-1369-2,*hr,UT_015,015,2,fave,210.75544476074472,60.56817290482478,5,for,0,0.07000700000003235,ready,the,R,#,R,DH,final
563.0895458655135,1734.2583798237,3603.160873530764,3.234897784012765,4.57053743037534,4.58327815218465,7128.205128205128,0.0015379670040192586,858.4043498344671,0.035,0.33653846153846156,1-0-1392-2,*hr,UT_015,015,2,fave,203.72091379726632,59.275372130547595,5,over,0,0.080016999999998,"",the,V,#,V,DH,final
608.329471746909,1875.2990407921518,3979.7183119742967,3.5751093230595905,3.2794457932596344,4.41140885290711,8564.102564102563,0.0007024712841194957,860.0873385034015,0.061000000000000006,0.33152173913043487,1-0-1397-3,*hr,UT_015,015,2,fave,245.20896418309886,62.25306253791571,5,lawyer,0,0.160033999999996,the,bought,Y,#,Y,B,final
697.9477985838251,1466.6359429928614,1852.3948505673675,3.1261572657693364,3.784097022678306,3.838747127575173,5333.333333333333,0.0018570836693622356,863.232341165533,0.07100000000000001,0.3317757009345795,1-0-1405-1,*hr,UT_015,015,2,fave,174.86392099406518,56.302209379822905,5,firm,1,0.190003000000047,the,"",F,M,F,M,internal
660.2338160913064,1745.6477678341118,4396.8884750980715,3.880337303369803,2.979527136417136,4.733788917434582,8743.589743589742,0.000781926000867854,876.3273385034014,0.04100000000000001,0.3306451612903227,1-0-1436-1,*hr,UT_015,015,2,fave,226.42518161281083,61.21701605146594,5,heard,1,0.10003599999993185,i,about,HH,D,HH,D,internal
702.3338280773293,1676.4375202840097,4248.942329113737,3.7496326953182275,2.7764114318264816,4.659912751639429,9282.051282051281,0.0012507020959912699,885.0174418344671,0.097,0.3299319727891156,1-0-1456-1,*hr,UT_015,015,2,fave,227.00027455887943,62.2658376759436,5,heard,1,0.27001899999993384,they,the,HH,D,HH,D,internal
646.194079958783,1780.993056400602,3189.0177252235126,3.4479365096909427,4.053942739190789,4.137155243974645,6410.25641025641,0.00009090337141943309,885.9644658276644,0.031,0.32978723404255317,1-0-1459-1,*hr,UT_015,015,2,fave,225.49033636946058,58.66404777277117,5,from,0,0.06994700000007015,noise,the,F,M,F,M,internal
574.3252664889758,1911.5938174765827,3327.4656715043,3.422455377876142,3.3480691140250407,4.555414969675356,8025.641025641025,0.0008848524569589184,889.779465165533,0.061000000000000006,0.3315217391304348,1-0-1468-3,*hr,UT_015,015,2,fave,234.3137777097111,60.73213082134878,5,water,0,0.15997299999992265,used,for,T,#,T,F,final
680.6608100211306,1748.1291757731465,4288.164791408004,3.4718298520660364,3.268298499310139,4.7409996389223545,8025.641025641025,0.00005320606442483868,890.0924268344671,0.027000000000000003,0.32142857142857145,1-0-1469-2,*hr,UT_015,015,2,fave,213.20792610596897,57.17127706118172,5,for,0,0.05999800000006417,water,his,R,#,R,HH,final
623.5602189392994,1854.2110167131107,3239.9711987790524,3.212011065281086,3.50009554910033,4.708647650389268,7487.179487179487,0.003574570397225563,895.8014411723356,0.065,0.3350515463917526,1-0-1487-3,*hr,UT_015,015,2,fave,173.66102430595174,52.37095868578806,5,butter,0,0.17004399999996167,the,"",T,#,T,"",final
549.9499169300642,1802.8560487340603,2452.7181639032383,3.0115202435766872,3.489251354798015,4.499518132999564,6589.74358974359,0.00031271286913700736,896.1164468344671,0.035,0.33653846153846156,1-0-1489-3,*hr,UT_015,015,2,fave,160.17224190603838,54.457478985660096,5,under,0,0.080016999999998,"",the,D,#,D,DH,final
924.1228492783614,1483.7662581869731,3029.5612495944083,3.357015054375834,4.025137701787872,4.209919768927411,8025.641025641025,0.005176234699855712,71.29104416553287,0.025,0.057603686635944694,1-0-14-1,ay,UT_015,015,2,fave,220.54910941995058,50.78072481990044,5,my,1,0.4100040000000007,"","",M,#,M,"",final
789.7685020764526,1750.16457215896,2764.0465722617923,3.0080934202530094,4.2073632229645,4.672239013838876,6230.7692307692305,0.0003860195440208053,145.5099458344671,0.081,0.6044776119402986,1-0-98-0,ay,UT_015,015,2,fave,207.86375272171776,60.03798358422107,5,i,1,0.11000000000001364,where,am,#,#,R,ae,coextensive
842.5306401087519,1799.1393168343266,3122.928247120134,3.110153696865096,4.610304471648924,4.565484761153201,7487.179487179487,0.003015906023255121,147.4819518344671,0.10500000000000001,0.3832116788321168,1-0-103-0,ay,UT_015,015,2,fave,207.60642416874552,54.04191894936936,5,i,1,0.25,because,i,#,#,Z,ay,coextensive
889.9660587115129,1694.4359098158416,2856.5779616386844,3.3309963304612773,3.893402675878939,4.421760360032058,6769.2307692307695,0.00013391229014733072,154.1659531655329,0.053000000000000005,0.3955223880597016,1-0-117-1,ay,UT_015,015,2,fave,202.99548073526873,54.254840526673604,5,finding,1,0.11000100000001112,"",out,F,N,F,N,internal
761.5396358996979,1512.6477584768445,2843.5409180171864,3.0018410928191557,3.829957639464924,3.831390904931117,5692.3076923076915,0.000013816587980983714,154.76895416553288,0.039,0.46428571428571425,1-0-120-0,ay,UT_015,015,2,fave,188.0011565490783,50.683709479491995,5,i,1,0.059996999999981426,what,want,#,#,T,W,coextensive
779.1650511295917,1500.5334224788037,3007.8704379846854,3.1845012228556646,3.8498456850986695,4.108761331898228,6051.282051282051,0.000013971035122368337,155.41195283446714,0.025,0.26595744680851063,1-0-125-1,ay,UT_015,015,2,fave,189.0249979615114,46.771116407434896,5,my,1,0.06999299999998243,with,life,M,#,M,L,final
745.3431283998534,1680.280423943855,3016.7588937208666,3.087915180368742,3.912720691356937,3.882043557852471,6051.282051282051,0.000045552638717982665,161.97044816553287,0.047,0.5,1-0-145-0,ay,UT_015,015,2,fave,164.36105451174214,46.32900657681435,5,i've,1,0.06999200000001338,what,got,#,V,T,V,initial
762.4650188491315,1518.3242913913127,3150.259377788824,2.721401731727201,3.9391128227660372,4.408702879171752,6589.74358974359,0.000017684248264386536,172.38094783446712,0.025,0.2976190476190476,1-0-155-0,ay,UT_015,015,2,fave,245.770386892834,61.51590748152918,5,i've,1,0.0600120000000004,"",always,#,V,"",V,initial
819.8116199108379,1869.5406586850008,2890.98789902748,3.1484371897404775,3.9812800419757743,5.0671800635187285,6230.7692307692305,0.0012462484752415479,194.28395016553287,0.057,0.6063829787234043,1-0-192-1,ay,UT_015,015,2,fave,215.97940848605,51.90603442247153,5,sign,1,0.06999200000001338,know,a,S,N,S,N,internal
831.4075544578102,1764.4061096147054,3442.349191795681,3.0185161382547356,3.5149932424331287,4.434825032032297,6589.74358974359,0.0002706543568894,194.94194983446712,0.07300000000000001,0.5887096774193549,1-0-197-1,ay,UT_015,015,2,fave,215.76628098809962,57.316908454051436,5,sign,1,0.10000600000000759,of,language,S,N,S,N,internal
951.6609799724157,1571.430283591656,2905.8160255794796,3.132465793282887,3.873353825040086,4.366760603363105,6589.74358974359,0.003601859375297121,205.15554783446714,0.037000000000000005,0.24025974025974028,1-0-202-0,ay,UT_015,015,2,fave,246.8671332551784,52.25017434306235,5,i,1,0.13000499999998283,"",know,#,#,"",N,coextensive
973.5929284855952,1591.653640618465,2898.543527755742,3.3771432614581562,3.8100294090183637,4.037607259542544,6589.74358974359,0.0006728923601830958,245.05684916553287,0.097,0.47549019607843135,1-0-251-0,ay,UT_015,015,2,fave,262.4562691369333,60.11643839025544,5,i,1,0.17999299999999607,"",am,#,#,"",ey,coextensive
870.4512497059568,1424.2349674056968,2924.2192069947814,3.1725840308133018,4.281314413840393,4.398097746141851,6948.717948717948,0.0023505278941278623,249.4858421655329,0.095,0.28443113772455086,1-0-261-1,ay,UT_015,015,2,fave,212.6700485343297,58.5613150509948,5,by,1,0.3099980000000073,"",hopefully,B,#,B,HH,final
749.6972083947821,1869.285238587311,4055.682768838736,3.1360688804601016,4.372746291239401,4.2093269391942165,8025.641025641025,0.0008908967459402133,251.2308411655329,0.025,0.16233766233766234,1-0-264-1,ay,UT_015,015,2,fave,97.96453816623479,52.89472952202775,5,by,1,0.13000499999998283,"",spring,B,#,B,S,final
824.4897945881019,1145.2711895356845,3582.521732648641,3.1776364651614903,3.931922905653935,4.403468421747591,6589.74358974359,0.0008523600801822449,254.51484583446714,0.033,0.39285714285714285,1-0-273-0,ay,UT_015,015,2,fave,390.401720155168,49.90257492295454,5,i'll,1,0.0600120000000004,"",be,#,L,"",L,initial
847.3281873718032,1501.5579904614704,2944.5444004120927,3.38440366862435,4.31509048160608,4.651647490027364,6230.7692307692305,0.0008289022959296519,259.46385016553285,0.053,0.4649122807017544,1-0-288-0,ay,UT_015,015,2,fave,232.86182475349275,56.772059356461,5,i,1,0.0899970000000394,so,have,#,#,owF,HH,coextensive
746.9951770545016,1488.4887305436898,3342.0661716595796,3.1259292627871194,3.4700169999942108,4.402407807841339,6769.2307692307695,0.000020454762464401397,269.2822481655329,0.025,0.2976190476190476,1-0-301-0,ay,UT_015,015,2,fave,234.24180066893223,62.38200858070284,5,i,1,0.05999700000000985,"",want,#,#,"",W,coextensive
712.2914903915633,1605.6145050948683,3036.4746513261675,3.0729234172714053,4.170384332613639,4.3726691107443,5692.3076923076915,0.0007845015325198437,272.10225516553294,0.025,0.26595744680851063,1-0-313-0,ay,UT_015,015,2,fave,184.999089811701,49.01772807432052,5,i,1,0.0699769999999944,best,could,#,#,T,K,coextensive
845.5606029850313,1530.4005914506934,3103.940471103453,2.8792936559736266,3.5850102695739263,4.499020809989232,6589.74358974359,0.0003078807377477537,324.93545183446713,0.025,0.18656716417910452,1-0-386-1,ay,UT_015,015,2,fave,213.2011786791941,52.18886680480233,5,my,1,0.11001599999997325,how,life,M,#,M,L,final
747.5502921276798,2108.755924850644,3887.7752651545,2.8314303826193905,4.221478512646035,4.670337529630088,8384.615384615383,0.0004111054998348066,327.0454678344671,0.025,0.21929824561403513,1-0-394-0,ay,UT_015,015,2,fave,189.08536758087186,50.360917503377564,5,i,1,0.08999599999998509,that,go,#,#,T,G,coextensive
858.9975971831625,1669.3801175971555,3280.5395784855164,2.8975219443257285,3.6806915412534376,4.419141639356863,7846.153846153846,0.0005372640361062396,328.4984398344671,0.051000000000000004,0.3311688311688312,1-0-399-1,ay,UT_015,015,2,fave,186.82332740641172,54.121578028867035,5,five,1,0.13000499999998283,taking,classes,F,V,F,V,internal
810.0175973181204,1605.7005037808538,2771.8596724599956,3.0245266051955517,4.1152053083182105,4.060916087757502,6051.282051282051,0.0006384554699050501,331.0844611655329,0.043000000000000003,0.19196428571428573,1-0-403-1,ay,UT_015,015,2,fave,207.14740772347665,48.81706594857416,5,my,1,0.19998099999997976,on,"",M,#,M,"",final
847.0193524278083,1374.4903078289883,3278.8684555342697,3.2637544085671264,3.7391123794901295,4.215891682560418,6410.25641025641,0.0043593237149979905,332.9244501655329,0.183,0.271513353115727,1-0-408-1,ay,UT_015,015,2,fave,190.43335005700615,53.26573524557435,5,time,1,0.6499939999999924,full,"",T,M,T,M,internal
784.7166026221731,1641.8566508121178,3273.439252748412,3.041955844435526,4.043259413700356,4.753349998691744,6230.7692307692305,0.00037877771961290676,335.87544816553293,0.025,0.24038461538461545,1-0-415-1,ay,UT_015,015,2,fave,189.70303889551786,49.356248105223465,5,my,1,0.07998699999996006,"",grandmother's,M,#,M,G,final
801.3006446948798,1825.7751948615025,3323.642992678365,3.0227392690583277,3.9002756650217627,4.302641616975336,6948.717948717948,0.0006236645164228734,341.38545383446717,0.045,0.24456521739130435,1-0-431-2,ay,UT_015,015,2,fave,196.63831055608242,57.43958977641267,5,trying,1,0.16000399999995807,"",to,R,NG,R,NG,internal
883.9664286923809,1514.9606984987754,2713.3873336316256,2.93179700373548,3.640530532862867,4.239582611752439,6230.7692307692305,0.0007810311765820209,353.51675616553285,0.065,0.31862745098039214,1-0-449-0,ay,UT_015,015,2,fave,208.08474317857969,58.7566665497932,5,i,1,0.17999199999997018,"",would,#,#,"",W,coextensive
909.0804391329546,1607.8067902036207,3565.6374911147027,3.29453002435027,4.036955795679648,4.771050552733422,8025.641025641025,0.0052253759938010675,354.0417504965987,0.11500000000000002,0.40492957746478875,1-0-453-0,ay,UT_015,015,2,fave,233.58693489626046,57.32136001997085,5,i,1,0.2599789999999871,"",thought,#,#,"",TH,coextensive
772.2383527637451,1515.516920290595,2991.4758251659655,3.4419818869332794,4.442665931085626,4.859402425208508,6410.25641025641,0.0026777808109067144,354.5597498344671,0.051000000000000004,0.38059701492537323,1-0-455-0,ay,UT_015,015,2,fave,222.09395404073518,54.641353937854454,5,i,1,0.11001499999997577,thought,was,#,#,T,W,coextensive
972.4377768121282,1492.7779849789306,3250.32121020121,3.2479463629380927,3.9564506712961083,4.651154154360186,5871.794871794871,0.010875990422418663,356.16875583446716,0.069,0.30803571428571436,1-0-462-1,ay,UT_015,015,2,fave,263.3691946342036,56.381418397103246,5,tired,1,0.20001200000001518,more,or,T,*hr,T,*hr,internal
838.5839413455379,1644.1091677607249,3355.156048854324,3.018893415332516,4.006472337561434,4.431154394860443,6230.7692307692305,0.003569712015340235,364.6477568344671,0.087,0.2861842105263157,1-0-482-0,ay,UT_015,015,2,fave,135.4210600135386,44.99463300417386,5,i,1,0.2799990000000321,"","",#,#,"","",coextensive
693.9491891508469,1729.1945381369524,2654.562276905422,2.8155840056833816,3.6984490636606773,4.310458310676819,6230.7692307692305,0.00006178496577607512,379.3590514965986,0.069,0.7340425531914894,1-0-501-0,ay,UT_015,015,2,fave,220.4498038235241,57.32624062792279,5,i,1,0.0699769999999944,cause,had,#,#,Z,HH,coextensive
743.9493605846864,1770.1540111816175,2907.5648849069134,3.180697136548308,4.621259237191746,4.389807175328367,6589.74358974359,0.000362086257524452,380.4330541655329,0.037,0.32456140350877194,1-0-510-0,ay,UT_015,015,2,fave,209.46657690227076,59.03287913544202,5,i've,1,0.08999599999998509,and,always,#,V,D,V,initial
673.1761770584607,1740.4073513677538,2790.596567410877,2.965890951553853,3.96396666175249,4.429646051570211,6051.282051282051,0.00031952258619771,389.7773478344671,0.10899999999999999,0.8134328358208955,1-0-534-0,ay,UT_015,015,2,fave,213.34224846737882,60.352025676503835,5,i,1,0.11001599999997325,cause,am,#,#,Z,ae,coextensive
877.7131047656469,1546.8189704231231,2753.1193189963055,3.226727913485975,3.787453863888064,4.856442724815523,5871.794871794871,0.006442596470159808,424.8582371655329,0.025,0.11682242990654207,1-0-574-0,ay,UT_015,015,2,fave,227.0446943351223,49.955840666429744,5,i,1,0.19000199999999268,"",would,#,#,"",W,coextensive
968.2947391008388,1496.328221287209,2996.962469919237,3.12141852759579,3.7488010739798985,4.452129042768159,5871.794871794871,0.003207760770171919,432.1582551655329,0.025,0.17361111111111113,1-0-593-0,ay,UT_015,015,2,fave,222.64534312066633,56.96830270241451,5,i,1,0.11999500000001717,"",have,#,#,"",HH,coextensive
855.0147458076001,1683.6557211159056,2890.6427364877977,2.975593252000103,4.160510615508533,4.614450447926563,6948.717948717948,0.005515041001059554,435.69324983446717,0.055,0.20072992700729925,1-0-601-2,ay,UT_015,015,2,fave,276.98016620101697,58.21713603717433,5,dry,1,0.25,the,"",R,#,R,"",final
733.4315954876076,2002.6014516080281,3478.405316713225,2.6932368204975887,4.058842126182159,4.434981166345739,6769.2307692307695,0.0003214869493261853,438.22524883446715,0.059000000000000004,0.5673076923076924,1-0-611-1,ay,UT_015,015,2,fave,182.97934948410048,49.08259206150754,5,my,1,0.080016999999998,for,breathing,M,#,M,B,final
762.4531269134638,1369.0624940636842,3170.0662446667257,3.067285520921043,4.0076557337717675,4.686581896839233,6230.7692307692305,0.0010541622629912976,449.24564583446715,0.047,0.3507462686567165,1-0-621-0,ay,UT_015,015,2,fave,258.6150298810993,56.943235454086995,5,i,1,0.11001599999997325,well,guess,#,#,L,G,coextensive
739.9580207458846,1655.224027277439,3704.709304352789,3.0883544353345234,3.670340535403713,4.522065461156103,6051.282051282051,0.0003748891161010416,455.48464583446713,0.025,0.2976190476190476,1-0-636-0,ay,UT_015,015,2,fave,224.64052561768355,53.41826989393558,5,i,1,0.05999799999995048,"",would,#,#,"",W,coextensive
764.6283922471291,1893.3058932151505,3057.449834236525,3.1514560795378452,4.211666202618664,3.879586527020125,6230.7692307692305,0.00040473999351298975,456.3016434965987,0.079,0.5895522388059703,1-0-640-1,ay,UT_015,015,2,fave,264.42710043951894,56.581439789584685,5,times,1,0.10998499999999467,three,"",T,M,T,M,internal
870.3308875028799,1705.551304789177,3113.9101445659303,3.011642835791716,3.4715127963449675,4.6338587831100835,6948.717948717948,0.0007717056287429652,477.7816428344671,0.025,0.18656716417910452,1-0-653-0,ay,UT_015,015,2,fave,326.52717733698586,66.11287476452804,5,i,1,0.11001599999997325,"",was,#,#,"",W,coextensive
764.3496068185156,1562.3095230584495,3398.632232708061,3.855455938516932,4.332738811094778,3.9902591369654448,6948.717948717948,0.007868424675996119,479.2396431655329,0.24100000000000002,0.7215568862275449,1-0-659-0,ay,UT_015,015,2,fave,218.95124620147848,55.69558287098157,5,i'll,1,0.3099980000000073,"","",#,L,"",L,initial
797.3907573867506,1793.1343874789497,3360.2430524243055,3.840221993337316,4.2331442388647105,4.237767151991952,6589.74358974359,0.03341284223861337,481.47465549659864,0.051000000000000004,0.23831775700934585,1-0-666-0,ay,UT_015,015,2,fave,167.73272895559896,44.45260761193108,5,i,1,0.1899710000000141,"","",#,#,"","",coextensive
643.5861241151534,1979.7218787730549,3040.485001400391,2.943617535464225,3.9695325188055635,4.15557719322663,6589.74358974359,0.0000324004898276442,483.65163216553293,0.025,0.26595744680851063,1-0-675-0,ay,UT_015,015,2,fave,209.23041890609665,54.55408438035158,5,i,1,0.07000799999997298,that,took,#,#,T,T,coextensive
629.7062850596212,2159.6387550777195,3144.694801925041,2.7131476857124404,4.520332570567095,4.060937502841559,6589.74358974359,0.000028877552588715794,485.04165283446713,0.025,0.2976190476190476,1-0-678-0,ay,UT_015,015,2,fave,188.6020832033366,55.45162333147117,5,i,1,0.05999799999995048,photography,did,#,#,iyF,D,coextensive
859.3697893898234,894.9969750107632,3270.3722794152923,3.4051395277984384,3.6145064559031774,4.342446432694363,6230.7692307692305,0.06557177933516783,487.4116478344671,0.025,0.04681647940074907,1-0-683-0,ay,UT_015,015,2,fave,232.96569199113128,60.57895411719277,5,i,1,0.5100100000000225,modeling,"",#,#,NG,"",coextensive
816.9712021313262,1803.870413489677,3296.121295770361,3.0578166720688764,3.7241052014363527,4.352202231606534,6230.7692307692305,0.0002473026610839885,489.2716524965986,0.025,0.26595744680851063,1-0-692-0,ay,UT_015,015,2,fave,335.1565299380185,48.70243896893489,5,i,1,0.0699769999999944,"",did,#,#,"",D,coextensive
863.7141153456529,1527.679986150873,3269.959009967064,2.964706274479322,4.222229135698306,4.546492188988185,6769.2307692307695,0.012741905743992418,509.2947601655329,0.025,0.04512635379061371,1-0-722-0,ay,UT_015,015,2,fave,251.7577157312477,56.482530151829785,5,i,1,0.5299989999999752,"","",#,#,"","",coextensive
783.7102094160573,1752.5935467336565,3287.746024214078,3.1027547237544715,3.58215199151928,4.289987706353458,7666.666666666666,0.00009945705534963612,510.9707431655329,0.037,0.32456140350877194,1-0-727-1,ay,UT_015,015,2,fave,157.47718874009797,48.118087394313754,5,my,1,0.08999599999998509,after,grandfather,M,#,M,G,final
906.7968041816374,1792.7442738905522,3177.1586744325036,3.6149004587460087,4.094206251587173,4.4004626633942125,6051.282051282051,0.0011080817764221327,525.3487228344671,0.059000000000000004,0.38311688311688313,1-0-758-0,ay,UT_015,015,2,fave,200.16361003344159,47.869315322433586,5,i,1,0.13000499999998283,"",kind,#,#,"",K,coextensive
849.3356295338461,1623.0478499539759,3241.3058743004212,3.3660112716320136,3.498960471414679,3.925292339917539,6589.74358974359,0.000014231362576786601,525.6107418344671,0.043000000000000003,0.5119047619047619,1-0-759-1,ay,UT_015,015,2,fave,196.36277752278178,56.12449693091006,5,kind,1,0.05999800000006417,i,of,K,N,K,N,internal
820.3279380672575,1706.1166470124324,2946.960155524785,2.9453176889884296,3.9337502958435833,4.4675670480152805,6589.74358974359,0.00041723494860555484,526.6457618344671,0.07300000000000001,0.4740259740259741,1-0-764-0,ay,UT_015,015,2,fave,180.8488477277434,54.97664693276187,5,i,1,0.13000499999998283,so,ended,#,#,owF,e,coextensive
824.05207223466,1774.44958240355,3303.279758815506,3.0460756569915097,3.815261220151833,4.193347245638131,7307.692307692308,0.00009957480639847112,574.1303621655328,0.025,0.2976190476190476,1-0-853-1,ay,UT_015,015,2,fave,178.53388568592217,55.05410919748402,5,time,1,0.059996999999953005,what,of,T,M,T,M,internal
887.4342484881116,1550.5132259934642,2808.1612082431034,2.8950890214161107,3.602306499448804,4.55632369141248,6589.74358974359,0.0005219579674329949,591.9377474965986,0.037000000000000005,0.324561403508772,1-0-868-0,ay,UT_015,015,2,fave,192.3798498553625,67.11996201043124,5,i'm,1,0.08996600000000399,"",actually,#,M,"",M,initial
744.3800764732583,2013.0263572196657,3561.7818866414204,3.124649960837911,3.597555759888479,5.00171669487715,7666.666666666666,0.0002237971568005165,593.0127668344671,0.047,0.5595238095238095,1-0-871-1,ay,UT_015,015,2,fave,91.38175878351268,48.45642130863948,5,my,1,0.059996999999953005,using,grand,M,#,M,G,final
774.1478552320066,1655.10587951472,2866.945262483684,3.086188464454407,3.593128190628372,4.793239214925713,7307.692307692308,0.0007619708734493484,593.6517241655328,0.025,0.2976190476190476,1-0-876-1,ay,UT_015,015,2,fave,143.605469273152,53.53713860350708,5,my,1,0.05999800000006417,of,grandfather's,M,#,M,G,final
897.1871961038303,1520.4193334487668,2710.646514997295,3.508032525593218,3.7404572463120043,4.6309100212791385,6769.2307692307695,0.00017118147257228378,632.7811461655328,0.043000000000000003,0.3208955223880598,1-0-972-1,ay,UT_015,015,2,fave,199.24455385274956,59.01468869848031,5,find,1,0.1099859999999353,to,them,F,N,F,N,internal
950.3441814375819,1574.6807888276664,2853.92960041951,3.2577758965376513,3.7061488886958833,4.801310313915969,6051.282051282051,0.022172199119233852,650.464229834467,0.025,0.11160714285714286,1-0-981-0,ay,UT_015,015,2,fave,245.78911995779634,61.610017555982395,5,i,1,0.20001200000001518,"",would,#,#,"",W,coextensive
839.7563166337802,1692.776915534227,2495.4749240080473,2.868239362309712,3.814079226893072,4.91552082600437,6769.2307692307695,0.00009494079217890104,675.4569611655328,0.025,0.2976190476190476,1-0-1047-1,ay,UT_015,015,2,fave,204.89503252335095,63.227834418324335,5,kind,1,0.05999700000006669,like,of,K,N,K,N,internal
779.7866797655184,1703.2927945747492,2977.667171512765,2.832395961084124,3.76262733361219,4.410757499518768,5871.794871794871,0.0017710864795442666,730.0039474965987,0.035,0.3070175438596492,1-0-1077-1,ay,UT_015,015,2,fave,254.37715680133545,61.04085040773069,5,my,1,0.08996600000000399,"",grandpa,M,#,M,G,final
803.0816640423827,1750.9888075968274,3013.098049515394,3.0372756664012868,4.0888849916639245,4.408116833775119,5692.3076923076915,0.000648454803285305,765.4842421723356,0.039,0.29104477611940305,1-0-1165-1,ay,UT_015,015,2,fave,206.96354889475853,57.35745717210088,5,my,1,0.11004600000001119,"",pharmacist,M,#,M,F,final
805.5253721557399,1744.1492224512033,3100.1512723397213,3.068263280476941,4.220337986124004,4.401575568058902,6589.74358974359,0.00047029719114846186,811.6913425034013,0.035,0.26119402985074636,1-0-1280-1,ay,UT_015,015,2,fave,204.63541253088565,58.92125639575837,5,my,1,0.11004600000001119,"",dad,M,#,M,D,final
874.7983077126983,1553.6385504704813,2895.238495579183,3.2241834375644216,3.922129050047143,4.5230285499475125,6230.7692307692305,0.0003332304752103548,812.4263631655328,0.065,0.33505154639175255,1-0-1282-2,ay,UT_015,015,2,fave,219.57932881476398,59.1019920193163,5,climbed,1,0.169983000000002,dad,the,L,M,L,M,internal
867.91579934179,1574.5671617480634,2666.2035207828317,2.972030936755571,3.7051151166432486,4.282403975921247,6410.25641025641,0.000937408640185498,815.8783694965987,0.069,0.3750000000000001,1-0-1291-1,ay,UT_015,015,2,fave,207.31128332198554,60.703200144278924,5,violinist,0,0.15997300000003634,the,plays,V,@,V,@,internal
815.4009713772862,1728.816193569828,3138.1787970258306,3.1046806732957006,3.8945887788329694,4.46434341439901,5871.794871794871,0.00014932377638025046,819.1663608276644,0.025,0.24038461538461545,1-0-1297-1,ay,UT_015,015,2,fave,214.8337146836719,57.46229831752061,5,my,1,0.07995699999992212,"",brother,M,#,M,B,final
876.5536780043745,1615.8133902549303,3328.6273765515853,3.3739065709651777,3.8956224270748514,4.529490850895144,6769.2307692307695,0.0028015952363727777,830.1777524965986,0.033,0.18965517241379312,1-0-1321-1,ay,UT_015,015,2,fave,141.92547313617817,46.13806126164824,5,times,1,0.149962999999957,ancient,"",T,M,T,M,internal
837.9878989607977,1425.4157048612033,3355.6052134921665,3.1183856931783622,3.7401645023250145,4.265344188111034,6230.7692307692305,0.0017587086524453255,840.2017674965987,0.025,0.10683760683760685,1-0-1344-1,ay,UT_015,015,2,fave,211.90346831439223,59.80626012139207,5,my,1,0.20996100000002116,"",table,M,#,M,T,final
738.5496072981309,1693.6143137007448,2941.008791051219,3.1154151539031694,4.056133775308447,4.876235995911958,6589.74358974359,0.0001888457524578089,873.3803694965986,0.047,0.3790322580645161,1-0-1429-1,ay,UT_015,015,2,fave,199.5916906001778,60.22754258422782,5,by,1,0.09997599999996964,travels,trails,B,#,B,T,final
781.6496573158697,1730.850306967997,3522.7838765759825,2.779122557116714,3.6462545958059565,4.6114986138965515,6589.74358974359,0.00016376848034116944,875.0443548344671,0.055,0.5851063829787234,1-0-1433-3,ay,UT_015,015,2,fave,217.3358659718327,53.35892935656865,5,seaside,2,0.07000699999991866,the,"",S,D,S,D,internal
842.9731561423728,1784.4410417702497,3889.659650021332,3.284152153314893,4.232933009777186,4.688984576902567,8564.102564102563,0.0028371734476936613,876.0263348344671,0.059000000000000004,0.3597560975609756,1-0-1435-0,ay,UT_015,015,2,fave,214.67105541898502,60.28542453886284,5,i,1,0.14001500000006217,"",heard,#,#,"",HH,coextensive
765.5966742596107,1789.3122745704206,3718.5592761468292,3.031629839452961,4.234567938520717,4.829676925648702,6769.2307692307695,0.0010206883385929242,883.0564431655328,0.035,0.28225806451612906,1-0-1452-1,ay,UT_015,015,2,fave,200.3039832765994,54.861618552483336,5,by,1,0.09997600000008333,cartoons,tuesday,B,#,B,T,final
835.0448395210476,1730.0421142463658,2848.3087916418754,3.1842990829946727,3.977922961755779,4.719973749268626,5692.3076923076915,0.0002915524930238057,888.251460834467,0.025,0.24038461538461545,1-0-1465-1,ay,UT_015,015,2,fave,209.35717628377503,58.65802982615299,5,my,1,0.08001799999999548,"",grandpa,M,#,M,G,final
728.1882521055115,1641.7178782947663,2839.2259377088876,3.069182322349326,3.4347238653143504,4.068860799973326,6051.282051282051,0.00018465223580357718,72.09904716553288,0.040999999999999995,0.33064516129032256,1-0-17-1,ʌ,UT_015,015,2,fave,231.4419474255581,54.11621640394053,5,much,1,0.09999899999999684,pretty,for,M,CH,M,CH,internal
805.4167110374148,1293.3958335340544,3233.9182239162974,3.1567012504987875,4.074124712537378,3.704908186083261,6051.282051282051,0.00042316585510545154,86.42074983446712,0.051000000000000004,0.3311688311688312,1-0-43-1,ʌ,UT_015,015,2,fave,217.12010876474054,52.916397277665126,5,months,1,0.13000499999999704,six,"",M,N,M,N,internal
796.1571241407345,1538.0173439923808,3270.8998538258875,3.1988853141109503,3.289026315620278,4.726557140718855,5871.794871794871,0.00204567897863819,118.74354816553287,0.067,0.3284313725490196,1-0-62-0,ʌ,UT_015,015,2,fave,275.2892903513856,55.38274088685737,5,up,1,0.18000000000000682,waking,"",#,P,NG,P,initial
736.8630497652063,1705.257443330655,3495.5959628060796,3.061975725978371,4.133135696277064,4.3602736390271595,6410.25641025641,0.00011609123194916666,121.19755483446711,0.035,0.33653846153846156,1-0-64-2,ʌ,UT_015,015,2,fave,226.71591191776469,58.20434055281076,5,studying,1,0.08000200000000746,"",for,T,D,T,D,internal
717.2490338688,1892.2652575811396,3220.9296528428213,3.143489410761532,4.071865425000421,4.506333309853981,6410.25641025641,0.00019876514868824867,148.2049468344671,0.031,0.32978723404255317,1-0-105-3,ʌ,UT_015,015,2,fave,240.88923734346764,62.38122050924379,5,struggled,1,0.07000700000000393,i,for,R,G,R,G,internal
757.3609059491608,1500.5482459461089,3174.2869362296906,3.2592705033815377,3.5543856457445924,4.231048994507715,6051.282051282051,0.00026503899506761044,165.9115401655329,0.040999999999999995,0.33064516129032256,1-0-148-3,ʌ,UT_015,015,2,fave,243.95173963096434,57.62593692927045,5,become,1,0.10000600000000759,"",a,K,M,K,M,internal
747.7129495571403,1406.6842566238058,2790.336639199235,3.0437704001694885,4.122334366743684,4.542167759034455,5692.3076923076915,0.00007374528515317408,175.37195283446715,0.027000000000000003,0.32142857142857145,1-0-164-1,ʌ,UT_015,015,2,fave,194.04303190786655,52.44970764195271,5,much,1,0.0599979999999789,pretty,the,M,CH,M,CH,internal
787.0142826592116,1419.3734398120146,2529.0377720976007,2.940643272127706,4.005242221771989,4.235510866211651,5692.3076923076915,0.0004536339427022184,177.0739458344671,0.07100000000000001,0.3317757009345795,1-0-169-0,ʌ,UT_015,015,2,fave,175.30126555041863,55.9678663943123,5,us,1,0.19000199999999268,for,anyways,#,S,R,S,initial
762.2497123741498,1395.795964775785,2665.9525826944277,3.267734502709331,3.8721215584057442,4.580696282624412,6589.74358974359,0.004047076458430948,229.8061531655329,0.061000000000000006,0.33152173913043487,1-0-223-1,ʌ,UT_015,015,2,fave,251.4852178283454,58.938948284036314,5,rough,1,0.15998799999999846,it's,for,R,F,R,F,internal
689.6246483500483,1322.8418033100295,3331.6302290706412,2.894044031657072,3.9899632622094954,4.643933207505835,6410.25641025641,0.0017764945821433754,230.86414116553289,0.07700000000000001,0.3290598290598291,1-0-227-1,ʌ,UT_015,015,2,fave,178.49971619900336,50.121099750933034,5,but,1,0.21000600000002123,"","",B,T,B,T,internal
739.1989433738162,1450.5522687645644,2357.664770121179,2.9987728618987095,3.8097468610865164,4.4503684323764485,5871.794871794871,0.0001977063615024884,232.14814416553287,0.045,0.3358208955223881,1-0-232-1,ʌ,UT_015,015,2,fave,221.73831256943137,61.394408772247814,5,rough,1,0.11000000000001364,a,one,R,F,R,F,internal
702.8184009758917,1082.6123583806345,2994.665226628991,3.041146446475701,3.5147802176859977,4.441770179167449,6051.282051282051,0.002121274754107056,232.46114116553287,0.051000000000000004,0.3311688311688312,1-0-233-1,ʌ,UT_015,015,2,fave,86.02964450551143,45.87293625214654,5,one,1,0.13000500000001125,rough,"",W,N,W,N,internal
755.2082010345184,1377.4082814670853,3007.1352604384856,2.916091116904895,3.7151089851030967,4.21845752590624,6410.25641025641,0.0003487005064410541,252.5488541655329,0.040999999999999995,0.33064516129032256,1-0-269-1,ʌ,UT_015,015,2,fave,91.90630957099248,51.49454004270866,5,summer,1,0.09999099999998862,or,of,S,M,S,M,internal
799.9966327138555,1473.3351462846388,3031.4018631585195,3.3272547133650066,3.4830303444054325,3.991281342632956,6230.7692307692305,0.000010061746063668175,285.9005398344671,0.025,0.33783783783783783,1-0-342-1,ʌ,UT_015,015,2,fave,287.3671069486417,62.12080245111751,5,the,1,0.050018000000022766,"",heart,DH,#,DH,HH,final
586.4604954702218,1081.1042801692504,3054.084713444233,2.615950410794118,3.4593013782344877,3.866569501382108,5871.794871794871,0.0000381382472644926,292.5415491655329,0.027000000000000003,0.32142857142857145,1-0-363-2,ʌ,UT_015,015,2,fave,213.01325145338083,64.2749015878067,5,what,1,0.05999700000000985,"",it,W,T,W,T,internal
745.1429281224903,1362.748329535834,3224.6184751235987,2.7875303853115674,3.687337047248633,3.708874357679514,6230.7692307692305,0.0022278855894109686,292.94355183446714,0.211,0.3328075709779179,1-0-365-1,ʌ,UT_015,015,2,fave,189.29023508846637,57.31862210625441,5,does,1,0.6100159999999732,it,and,D,Z,D,Z,internal
826.0387714827926,1260.5346586189555,2924.2623372117864,3.629959828250119,3.826176517051278,4.703782765338477,5333.333333333333,0.001468252067715204,320.7004561655329,0.035,0.33653846153846156,1-0-378-1,ʌ,UT_015,015,2,fave,4957.525642898885,39.36064638421535,5,one,1,0.07998600000001943,hard,"",W,N,W,N,internal
597.0624864888085,1792.6839094865284,3249.0791424694044,3.1870645354303355,3.994825337927841,4.0185770186692364,5871.794871794871,0.0007968429444017726,324.42545716553286,0.045,0.3358208955223881,1-0-384-1,ʌ,UT_015,015,2,fave,216.5853075611981,55.26427136446776,5,just,1,0.10998499999999467,was,how,JH,S,JH,S,internal
782.7289572647778,1566.913264839893,3052.9732681937544,2.633837006467236,3.142989375478002,3.6427118865544634,6051.282051282051,0.000051185451359911014,336.29145216553286,0.037000000000000005,0.324561403508772,1-0-416-4,ʌ,UT_015,015,2,fave,202.6870685516628,55.07305243436824,5,grandmother's,2,0.08999600000004193,my,power,M,DH,M,DH,internal
576.7217656286053,1346.93166819513,2933.9941741726243,2.7411698054358604,3.303794954807247,4.225128068593603,5692.3076923076915,0.0000748637636648205,341.7364455034014,0.027000000000000003,0.32142857142857145,1-0-434-1,ʌ,UT_015,015,2,fave,196.4172025163032,52.27266320073121,5,what's,1,0.060027999999988424,do,best,W,T,W,T,internal
720.1461972035662,1125.6066583397944,3211.630593047451,2.941507590978885,3.423017133353383,4.526378433778596,6589.74358974359,0.00005505314772102793,343.40845283446714,0.031,0.32978723404255317,1-0-441-1,ʌ,UT_015,015,2,fave,173.96691115043706,55.575123583164775,5,once,1,0.07000800000002982,at,"",W,N,W,N,internal
738.771972765685,1482.4792108296735,3118.5419297648423,3.3299581268172664,4.544387829452844,4.314966871421075,6051.282051282051,0.00016960232593550556,393.39034183446716,0.035,0.33653846153846156,1-0-547-2,ʌ,UT_015,015,2,fave,204.99813980514335,55.65566428092517,5,from,1,0.080016999999998,"","",R,M,R,M,internal
580.1670437845668,1193.349525868708,3264.299991031115,2.902959345147062,3.638976163954687,4.403106309084989,5333.333333333333,0.000251926941243598,394.76834683446714,0.031,0.32978723404255317,1-0-551-1,ʌ,UT_015,015,2,fave,201.14737319807722,57.1676249191803,5,the,1,0.07000700000003235,all,way,DH,#,DH,W,final
676.8442780975672,1644.2469419739448,3237.657385519798,2.943616022114327,3.5199066283578246,4.1339936267057755,6589.74358974359,0.00015327107283774697,429.02625549659865,0.061000000000000006,0.3315217391304348,1-0-584-3,ʌ,UT_015,015,2,fave,244.83881856736085,59.70019130366343,5,because,1,0.1599729999999795,just,of,K,Z,K,Z,internal
745.2422487359726,1182.2527150632545,2997.7146912872677,2.9726892538595644,3.153663335782812,4.577252784274479,5871.794871794871,0.00010788855836792527,441.04125449659864,0.031,0.32978723404255317,1-0-618-1,ʌ,UT_015,015,2,fave,106.20634792325792,47.23187657508841,5,one,1,0.0699769999999944,moist,"",W,N,W,N,internal
664.7861479348004,1606.5019761778424,2873.2140090765242,2.837718756451803,3.618641208027077,4.391728435680322,5692.3076923076915,0.00028130485804119486,452.2306511655329,0.057,0.32758620689655177,1-0-631-1,ʌ,UT_015,015,2,fave,198.66748095410117,54.441748701005395,5,but,1,0.1499939999999924,"",[bracketed],B,T,B,T,internal
837.9960128722367,1563.3410515165754,3477.5835803361906,3.4490614679340963,3.8467591224427227,4.392268032194559,7846.153846153846,0.0017698761583318941,473.1549598344671,0.061000000000000006,0.3315217391304348,1-0-650-0,ʌ,UT_015,015,2,fave,317.4554431251801,60.37379689653699,5,uh,1,0.1600029999999606,"",huh,#,#,"",HH,coextensive
728.3243345985129,1453.0893882652238,2832.288040912444,3.2387826745653743,3.993492349364346,4.5577613640236665,5333.333333333333,0.00024308607752302193,473.3779441655329,0.027000000000000003,0.32142857142857145,1-0-651-1,ʌ,UT_015,015,2,fave,359.2872392188932,61.98720820521339,5,huh,1,0.05999700000000985,uh,"",HH,#,HH,"",final
816.8764404556057,1463.5465002135297,3340.5278337845307,3.290858515089504,3.615821803991085,4.16232404294167,5871.794871794871,0.0005758862662044931,516.5817581655328,0.065,0.3350515463917526,1-0-735-0,ʌ,UT_015,015,2,fave,219.3382866975778,61.14602411675712,5,up,1,0.169983000000002,growing,"",#,P,NG,P,initial
679.753569552997,1647.5486572267296,3516.489863539395,3.0924053456829803,3.969502352588657,4.024286599777811,6948.717948717948,0.0007248577972936029,519.0317644965986,0.065,0.3350515463917526,1-0-740-0,ʌ,UT_015,015,2,fave,130.68452841885593,49.04608594951265,5,of,1,0.169983000000002,pictures,"",#,V,Z,V,initial
789.8031531149356,1360.058238496141,3531.8581733914166,3.202336111440937,3.8363351726250774,4.082015060786384,6589.74358974359,0.0014619380978436146,524.674771834467,0.11100000000000002,0.3323353293413174,1-0-755-0,ʌ,UT_015,015,2,fave,179.7854102340231,57.16956544276094,5,of,1,0.3099970000000667,pictures,and,#,V,Z,V,initial
710.0247216140092,1754.5821535541352,2994.546024857224,2.722552424486727,3.9540928780094085,4.126585485692474,5871.794871794871,0.00009137868029744744,526.9947568344671,0.031,0.32978723404255317,1-0-766-0,ʌ,UT_015,015,2,fave,181.80940269649884,55.064780646337034,5,up,1,0.07000699999991866,ended,doing,#,P,D,P,initial
790.7473982519451,1464.484692173791,3399.289616439214,3.2361806680617415,3.692374288574586,4.284789706912595,6230.7692307692305,0.0007638533430325206,528.9947568344671,0.031,0.32978723404255317,1-0-775-0,ʌ,UT_015,015,2,fave,-950.3515139147199,47.22459315339741,5,up,1,0.07000699999991866,growing,"",#,P,NG,P,initial
793.4400005459452,1377.8051070841611,3317.6812376024827,3.057463518714807,3.2047343986896935,4.327917425812518,6230.7692307692305,0.000205433026674308,552.9864311655328,0.045,0.3358208955223881,1-0-797-1,ʌ,UT_015,015,2,fave,232.14835231569356,63.60359241640269,5,buttons,1,0.10998500000005151,"",and,B,T,B,T,internal
722.5082434074965,1186.3159951785815,3121.2295449887906,3.01519903871195,3.5362867083058167,4.055447564497493,6051.282051282051,0.00013069302183885413,553.731436834467,0.035,0.33653846153846156,1-0-799-1,ʌ,UT_015,015,2,fave,179.54379082328956,55.50585343645096,5,what,1,0.0800170000001117,and,"",W,T,W,T,internal
758.0057064156497,1191.7220244411114,3228.9114038149887,2.8548779310848587,3.332846504736385,3.5814797513068264,6589.74358974359,0.00024601465086963826,554.399465165533,0.051000000000000004,0.3311688311688312,1-0-802-1,ʌ,UT_015,015,2,fave,176.4763293349395,55.606989785004,5,button,1,0.13000499999998283,each,"",B,T,B,T,internal
721.6579306642072,1629.6523886263278,3261.6811818703854,3.10866771835403,3.7604305428352607,4.2352507158075765,6410.25641025641,0.00015575859133046483,558.5463465034014,0.037000000000000005,0.324561403508772,1-0-811-1,ʌ,UT_015,015,2,fave,235.36621868301597,64.36007496519082,5,shutter,1,0.09002699999996366,the,speeds,SH,T,SH,T,internal
660.062463495402,1049.0952395802058,3218.3748610082357,3.293177773295915,3.239999324441272,3.512586462054687,5512.820512820513,0.00031234280288773276,563.7863365034013,0.037000000000000005,0.324561403508772,1-0-825-2,ʌ,UT_015,015,2,fave,208.2321611237503,60.77515739132955,5,one,1,0.09002700000007735,"",has,W,N,W,N,internal
643.1623869575226,1456.7987398876285,2409.2820780441903,3.002250811544917,4.095461007967956,4.565171335258742,5512.820512820513,0.00015464529311157843,566.7613671655329,0.027000000000000003,0.32142857142857145,1-0-832-1,ʌ,UT_015,015,2,fave,206.90341057107182,57.295257471606085,5,much,1,0.05999700000006669,pretty,the,M,CH,M,CH,internal
665.5401897683245,1746.442231867282,3576.2773164034397,3.012457297345499,4.194390879729034,4.719885657751765,6589.74358974359,0.00037158088610748723,567.185355834467,0.035,0.33653846153846156,1-0-834-1,ʌ,UT_015,015,2,fave,214.5553573687721,62.939914446589896,5,shutter,1,0.080016999999998,the,speeds,SH,T,SH,T,internal
550.2076901965875,1169.6173890095208,3255.6599387053757,2.7351704762780304,3.3044652251155338,4.353807335153807,5871.794871794871,0.000040481304918135115,571.0933288344671,0.031,0.32978723404255317,1-0-845-1,ʌ,UT_015,015,2,fave,81.48569537791685,53.91849646766942,5,the,1,0.07000700000003235,versus,lighting,DH,#,DH,L,final
784.0791843428891,1422.4054753347157,3139.8518574196105,2.745744397181077,3.420115215768574,4.1681930945967,6051.282051282051,0.00008646881153010267,571.8583435034013,0.040999999999999995,0.33064516129032256,1-0-848-1,ʌ,UT_015,015,2,fave,200.07084530268696,52.24154868055973,5,comes,1,0.10003700000004301,that,in,K,M,K,M,internal
743.6214728639154,1197.4753422683254,3229.4803226575114,2.8356511089709255,3.4112248528795526,3.816608378343059,5512.820512820513,0.00037389874914755324,573.750347165533,0.045,0.3358208955223881,1-0-852-1,ʌ,UT_015,015,2,fave,198.4864555192729,58.86531990517513,5,what,1,0.10998499999993783,and,time,W,T,W,T,internal
751.19691804744,1409.7282149659761,3526.915719795783,2.9320118006560407,3.7569536969707436,4.052319303868658,7307.692307692308,0.002722143578429776,618.0527614965987,0.065,0.33505154639175255,1-0-928-2,ʌ,UT_015,015,2,fave,186.5809006178797,54.3621882448425,5,one,1,0.16998200000000452,"",that's,W,N,W,N,internal
626.9316472288599,1473.751111452767,2714.7119229427617,3.2662737411902913,3.440002156984108,4.352422441035944,5692.3076923076915,0.00002991744904180929,658.2552631655329,0.027000000000000003,0.32142857142857145,1-0-1001-2,ʌ,UT_015,015,2,fave,222.0373039227745,62.58369508747719,5,what,1,0.05999799999995048,"",shutter,W,T,W,T,internal
710.347604080218,1707.113717155908,3234.553247203174,2.9252307212287554,3.7389885633969704,4.128858694570316,6589.74358974359,0.00008169686530032937,658.5122574965987,0.04100000000000001,0.3306451612903227,1-0-1002-1,ʌ,UT_015,015,2,fave,198.10594753778503,62.76723729861298,5,shutter,1,0.09997599999996964,what,speeds,SH,T,SH,T,internal
694.5086605158046,1072.6000935784703,3384.4679134889925,2.9835182102623046,3.0487694220438692,3.985113159022307,5692.3076923076915,0.00013722630540574809,661.7792278344671,0.035,0.3365384615384616,1-0-1007-1,ʌ,UT_015,015,2,fave,196.82799259120074,56.838689718404304,5,what,1,0.080016999999998,lightings,types,W,#,W,T,final
498.8003982455881,1070.2966404118838,2948.4424098469162,2.7914590402177075,3.39919962734739,3.4471287409376368,5692.3076923076915,0.0006209591890918557,664.8572701655328,0.091,0.3321167883211679,1-0-1018-0,ʌ,UT_015,015,2,fave,260.6955406516821,58.711227065150034,5,of,1,0.25,kind,"",#,V,D,V,initial
721.5734936258426,1297.121974300481,2954.1648680742815,2.9788713958950854,3.6438548030193667,4.355596086043967,5512.820512820513,0.0006144214497604366,671.6792518344671,0.035,0.33653846153846156,1-0-1039-2,ʌ,UT_015,015,2,fave,198.68865361897994,58.02652007068093,5,what's,1,0.080016999999998,"",best,W,T,W,T,internal
792.6956449059401,1449.3064179085814,3253.754962523116,3.3565927051551743,3.8461614121439065,4.27999522798029,6051.282051282051,0.0003686085220286733,738.8749595034014,0.037000000000000005,0.324561403508772,1-0-1102-0,ʌ,UT_015,015,2,fave,219.54201176638446,58.39893552624091,5,udder,1,0.09002699999996366,"",in,#,D,"",D,initial
683.620028127377,1578.7723894224491,3168.3104208605823,2.750279260843001,3.71443022562139,3.9169424652510236,6051.282051282051,0.00011723340566810094,741.4667425034013,0.040999999999999995,0.33064516129032256,1-0-1107-1,ʌ,UT_015,015,2,fave,226.9356278989824,66.50959552476104,5,the,1,0.10003700000004301,"",hunters,DH,#,DH,HH,final
866.479479664665,1478.4590993675351,3101.1096212652174,3.3120518319090033,3.8632599328354797,4.260645205367841,5871.794871794871,0.00014147182282780944,741.6737588344671,0.035,0.3365384615384616,1-0-1108-1,ʌ,UT_015,015,2,fave,228.50304874282784,62.20480013309871,5,hunters,1,0.080016999999998,the,"",HH,N,HH,N,internal
809.3119507090139,1555.005223640849,3076.072789181989,3.4622950491927833,3.70074970360741,4.689877489091502,6051.282051282051,0.00015207581484585406,742.8597551655329,0.027000000000000003,0.32142857142857145,1-0-1111-1,ʌ,UT_015,015,2,fave,233.93540582737438,63.57834583598669,5,hunting,1,0.05999800000006417,were,"",HH,N,HH,N,internal
556.8964702497641,1378.2304690569986,3002.714730051107,3.248977201248598,3.4699455414105014,4.589653754412788,5692.3076923076915,0.0005640646828987449,747.6252505034014,0.040999999999999995,0.33064516129032256,1-0-1124-1,ʌ,UT_015,015,2,fave,201.17504140906468,58.01770328843957,5,the,1,0.10003699999992932,to,"",DH,#,DH,"",final
686.4297449332153,1482.922752131516,3050.8835564974,2.73638707925151,3.835524280461798,4.05310338562844,6410.25641025641,0.00023313297896863743,770.9937551655329,0.045,0.3358208955223881,1-0-1179-1,ʌ,UT_015,015,2,fave,240.77303536482322,64.32136879898081,5,button,1,0.10998600000004899,a,next,B,T,B,T,internal
810.3773471508038,1324.8766289591017,2674.832086855791,2.994231558884992,2.920324888238697,3.9899541047547893,5871.794871794871,0.00041419836890711054,788.1897474965987,0.040999999999999995,0.33064516129032256,1-0-1224-2,ʌ,UT_015,015,2,fave,267.9520696383052,69.30303478878952,5,from,1,0.09997600000008333,"",the,R,M,R,M,internal
597.6921791306437,1466.7562547021837,2956.0182087190665,3.3079850862102793,3.537356697495843,4.0763365823356965,5692.3076923076915,0.00037227921832957094,804.1023594965986,0.037000000000000005,0.324561403508772,1-0-1261-1,ʌ,UT_015,015,2,fave,207.50706027373485,61.73344936609179,5,the,1,0.08996600000000399,"",whittles,DH,#,DH,HH,final
527.5039185759916,1268.5552593426123,3178.738097493403,2.8837335427009947,3.0022591103845913,3.9338414174152954,5871.794871794871,0.00008102060846214634,812.7913624965987,0.035,0.3365384615384616,1-0-1283-1,ʌ,UT_015,015,2,fave,235.69408695478072,62.42601754701795,5,the,1,0.07995599999992464,climbed,ladder,DH,#,DH,L,final
733.2476189713203,1570.5981684674473,3534.2655914819347,3.1469099603345656,3.851004154256976,4.329183816174203,8205.128205128205,0.00013842125906530042,819.4163631655329,0.045,0.3358208955223881,1-0-1298-2,ʌ,UT_015,015,2,fave,227.06462657466633,65.70649432943324,5,brother,1,0.10998500000005151,my,collects,R,DH,R,DH,internal
646.0951232155355,1260.1564821144857,2975.923164852706,3.016338098985376,3.2861773187965557,4.330246647234778,5871.794871794871,0.0003941598365065743,841.1077475034014,0.037000000000000005,0.324561403508772,1-0-1346-1,ʌ,UT_015,015,2,fave,231.41867979933218,61.91625977797868,5,was,1,0.09002700000007735,table,covered,W,Z,W,Z,internal
764.6379918181685,1358.4034027518276,3124.7039218859472,3.1888276130970152,3.81918970117514,4.320271486071231,6410.25641025641,0.00010508759313114505,841.4667278344671,0.035,0.33653846153846156,1-0-1347-1,ʌ,UT_015,015,2,fave,219.8216841977982,64.40288387569085,5,covered,1,0.080016999999998,was,with,K,V,K,V,internal
773.5572613974215,1491.2877440013235,3318.752704220507,3.6017199628278203,4.152405969916302,4.523066447228282,8205.128205128205,0.000287291411640266,843.3747618344671,0.031,0.32978723404255317,1-0-1352-2,ʌ,UT_015,015,2,fave,208.93908452384355,59.67429435966093,5,from,1,0.07000700000003235,mail,yesterday,R,M,R,M,internal
542.4315693431872,1278.0721364425513,2851.8363420576543,3.0365696484478426,3.1877009471622824,4.105967656135629,5512.820512820513,0.00010276791108622151,852.2547668344671,0.031,0.32978723404255317,1-0-1375-1,ʌ,UT_015,015,2,fave,219.93681903692251,59.92931403552612,5,the,1,0.07000700000003235,"",windows,DH,#,DH,W,final
730.8146568133126,1488.534336705593,2797.0030273370744,2.6349537060576553,3.2810664400800276,4.375973348241205,5871.794871794871,0.00025498442311491456,855.5927341723356,0.047,0.3263888888888889,1-0-1384-1,ʌ,UT_015,015,2,fave,106.7454009072352,56.87632718240414,5,sun,1,0.12005599999997685,the,"",S,N,S,N,internal
597.5558061789479,1267.0348396242348,3215.541378501654,3.2406274135759348,3.091777446126677,3.572959442413421,5692.3076923076915,0.00027450490119532123,857.5953518344671,0.037000000000000005,0.324561403508772,1-0-1389-1,ʌ,UT_015,015,2,fave,211.7037414047926,61.301380810375896,5,the,1,0.09002699999996366,saw,wells,DH,#,DH,W,final
597.9375948597786,1248.8346194291025,3183.616938916606,2.9584167263500443,3.080674262394109,3.6379780207489127,5692.3076923076915,0.000025215242704328777,859.6323298344671,0.031,0.32978723404255317,1-0-1396-1,ʌ,UT_015,015,2,fave,105.75501082499697,58.74638181019381,5,the,1,0.07000700000003235,"",lawyer,DH,#,DH,L,final
728.3458809722769,1372.5268483160203,3030.1170138192774,2.463193321307167,3.3594290554601116,3.854324315440928,5871.794871794871,0.00018128387448018484,895.6574305034014,0.037000000000000005,0.324561403508772,1-0-1487-1,ʌ,UT_015,015,2,fave,187.13633795852863,63.80291103587635,5,butter,1,0.09002699999996366,the,"",B,T,B,T,internal
506.35650952172386,2705.8346777916,4111.997787173188,3.497967149492212,3.358495300911728,4.237431872001575,8923.076923076922,0.0002780004835393161,72.65305116553287,0.049,0.29878048780487804,1-0-20-0,ey,UT_015,015,2,fave,259.5007718232463,52.5678497220216,5,eighteen,1,0.1399990000000031,"",years,#,T,"",T,initial
561.7252656216918,2394.0309634288974,4060.7734431449253,3.2254699921349586,3.6095488620654272,4.206629952998017,8384.615384615383,0.0011760301480176632,79.65575483446712,0.041,0.235632183908046,1-0-33-1,ey,UT_015,015,2,fave,276.0549003247087,61.1609434194833,5,layton,1,0.15000200000000063,"",for,L,T,L,T,internal
491.0798544741794,2600.638886234323,4328.142135009584,2.790625504604517,3.481143421301678,4.136176199934466,8564.102564102563,0.00009895695256754449,118.37255483446712,0.025,0.26595744680851063,1-0-61-1,ey,UT_015,015,2,fave,242.1433201963909,56.61214548134253,5,waking,1,0.06999999999999318,"",up,W,K,W,K,internal
717.5460164811412,2182.176378740311,3020.5695746380534,2.750105735095608,3.7993909252672253,3.853570904922755,6230.7692307692305,0.0009301822405481724,177.6989511655329,0.141,0.44904458598726105,1-0-170-4,ey,UT_015,015,2,fave,184.6569530214045,51.78263065266816,5,anyways,2,0.28999399999997877,us,and,W,Z,W,Z,internal
617.5439540909315,2448.531665909175,3154.7865786049556,2.6525785933510306,4.266031333459515,4.400374547564407,6948.717948717948,0.003010146082527246,245.26984216553288,0.163,0.36711711711711714,1-0-252-0,ey,UT_015,015,2,fave,252.64297868166528,56.854500646357764,5,am,1,0.41999799999999254,i,still,#,e,ay,e,initial
505.6211836745532,2806.4065656860603,4192.069947387632,3.352447640850709,3.4944702151543545,4.540285007099757,9102.564102564102,0.00023201141761584735,257.1248401655329,0.033,0.2894736842105263,1-0-282-1,ey,UT_015,015,2,fave,187.424169854229,50.849214156993234,5,takes,1,0.08999699999998256,that,about,T,K,T,K,internal
521.1181258419583,2897.5594918239694,4292.116781903858,2.8532200509548584,3.71866852189807,4.161902706631395,9282.051282051281,0.00010284092096902924,328.1154448344671,0.025,0.26595744680851063,1-0-398-1,ey,UT_015,015,2,fave,206.85505837431342,55.87492519952816,5,taking,1,0.07000700000003235,school,five,T,K,T,K,internal
489.8714880460937,2899.553853418381,3799.5227054432094,3.246035915032206,3.804325335677175,4.613412780527471,6948.717948717948,0.0001237157356950225,337.93544616553294,0.025,0.2976190476190476,1-0-422-1,ey,UT_015,015,2,fave,195.81441273280805,51.26937949935411,5,taking,1,0.05999799999995048,"",care,T,K,T,K,internal
481.06170526210445,2761.448387470008,4258.755681726294,3.1701811972275165,3.916199737400178,4.5976336802216515,8923.076923076922,0.0011582113346536424,373.3540591655329,0.119,0.826388888888889,1-0-492-1,ey,UT_015,015,2,fave,246.32549933364595,53.436876300521305,5,favorite,1,0.11999500000001717,"",class,F,V,F,V,internal
532.4309071808524,2298.056077767173,3299.4367394185538,3.012383173723825,3.596968797790823,4.290465411148051,6769.2307692307695,0.0003262661219197384,394.1653408344671,0.025,0.12254901960784315,1-0-549-1,ey,UT_015,015,2,fave,227.6090986273104,62.329357162407575,5,baby,1,0.1800230000000056,"",all,B,B,B,B,internal
592.5328780960413,2699.7932871422627,4256.759231399839,3.469172712027054,4.078628457818948,4.087476781612765,7666.666666666666,0.0004300212088419499,426.83324383446717,0.035,0.28225806451612906,1-0-579-1,ey,UT_015,015,2,fave,210.6236557477367,50.28957311108727,5,saint,1,0.10000600000000759,like,george,S,N,S,N,internal
658.3344069282795,1930.0168262629384,2946.986845151401,2.9437044940761505,4.380397864507883,3.9319406798688727,6051.282051282051,0.0009933983229669775,450.4646511655329,0.025,0.16233766233766234,1-0-625-4,ey,UT_015,015,2,fave,207.64944570639489,50.64274363756604,5,anyways,2,0.13000499999998283,south,"",W,Z,W,Z,internal
555.1394778160102,2597.451057459575,4252.91638031547,2.917820645552807,4.0814064792362155,4.593370436876259,9282.051282051281,0.001757999074785743,480.18166216553294,0.025,0.17361111111111113,1-0-661-1,ey,UT_015,015,2,fave,237.07258804339685,63.30953686609808,5,take,1,0.11999499999996033,"",pictures,T,K,T,K,internal
515.8335828201334,755.4647623606959,1115.671740564746,3.448915209987576,3.3379060942859486,3.7131350731058124,3897.4358974358975,0.0032264289779705777,490.0786538344671,0.159,0.8641304347826088,1-0-695-1,ey,UT_015,015,2,fave,201.71381726283883,58.675746576205626,5,nature,1,0.1600040000000149,"",or,N,CH,N,CH,internal
546.7658807064255,2937.4006648523314,3764.6650275577927,3.418604855870628,3.4178377190253784,4.230893880589878,7666.666666666666,0.00017233367503919643,507.56474916553293,0.025,0.17361111111111113,1-0-720-1,ey,UT_015,015,2,fave,181.5762244179394,52.33832736599397,5,nature,1,0.11999499999996033,the,"",N,CH,N,CH,internal
529.775594741423,2544.5626158741825,3542.7647821491123,2.922867130414088,4.085848813855546,4.625680897346449,6769.2307692307695,0.00018103606757770407,510.1347561655329,0.025,0.24038461538461536,1-0-724-1,ey,UT_015,015,2,fave,212.9289014613285,59.683116881460535,5,take,1,0.0799870000000169,"",that,T,K,T,K,internal
570.2555341524974,2970.4800779032935,3827.636840216837,3.8441079659482535,3.277547853142899,3.975587482047929,7666.666666666666,0.0007528703638613987,519.5437611655329,0.10899999999999999,0.8134328358208955,1-0-742-1,ey,UT_015,015,2,fave,228.30933387049092,59.9480047515974,5,paintings,1,0.10998500000005151,"","",P,N,P,N,internal
424.50740325328275,2736.1454572246002,4029.0048388223213,2.349407135501015,3.633475366159828,4.876282372329944,8384.615384615383,0.00008521856445246163,523.964722165533,0.031,0.369047619047619,1-0-753-1,ey,UT_015,015,2,fave,207.58176947449869,58.530985928052296,5,take,1,0.059996999999953005,would,pictures,T,K,T,K,internal
599.733395999949,2856.99268328874,3870.9744928960977,3.350666204650075,4.288875567009269,4.627064208501463,8205.128205128205,0.0006334521563541816,559.3953664965986,0.035,0.33653846153846156,1-0-813-1,ey,UT_015,015,2,fave,190.29059488787874,54.406912111230675,5,making,1,0.07995600000003833,speeds,sure,M,K,M,K,internal
561.6645966947281,2393.3908634991167,3826.8867519551054,3.0429946200585376,4.159570764736335,5.094730272297182,7128.205128205128,0.005529988946380297,633.439176834467,0.059000000000000004,0.28921568627450983,1-0-974-4,ey,UT_015,015,2,fave,176.91386492175104,52.779244984804784,5,nowadays,2,0.17999300000008134,them,"",D,Z,D,Z,internal
593.3701653402695,2343.8704359600233,4143.4234993017335,2.9502585392800715,3.789831385599379,4.364741271521145,9282.051282051281,0.0022250606730972286,654.9842384965987,0.025,0.05630630630630631,1-0-993-1,ey,UT_015,015,2,fave,199.55832383012807,58.938925818563746,5,ways,1,0.4199820000000045,"",of,W,Z,W,Z,internal
607.7646146492726,2465.0516560140645,4651.987336456927,3.2109448655285417,4.034892755280275,4.587234853557872,10000.0,0.0007901043305799625,656.3542391655328,0.025,0.11682242990654207,1-0-996-1,ey,UT_015,015,2,fave,210.47343970702346,58.800937463764924,5,ways,1,0.19000199999993583,best,to,W,Z,W,Z,internal
511.4458206378564,2655.0296719863527,3456.472430805128,3.0071913179166367,4.036646036904891,4.511243827801541,6948.717948717948,0.000373344764697739,682.0679518344672,0.027000000000000003,0.2872340425531915,1-0-1068-1,ey,UT_015,015,2,fave,192.88657538006578,53.780208267705106,5,taking,1,0.07000799999991614,start,actual,T,K,T,K,internal
582.6215484942022,2994.8051488940655,4045.9973038425564,3.6614277519844016,3.6371795119140407,4.380553800583096,7487.179487179487,0.001872717374622743,739.7199551655328,0.087,0.6041666666666666,1-0-1105-1,ey,UT_015,015,2,fave,193.23823829516382,52.28173880612581,5,paint,1,0.11999600000001465,the,"",P,N,P,N,internal
761.6867137992615,1593.5504411554757,3169.4790850644426,3.0353628651451614,3.903482329020961,3.755255553270465,6589.74358974359,0.000074118665079904,746.5792391723356,0.10899999999999999,0.8134328358208955,1-0-1121-2,ey,UT_015,015,2,fave,215.50959411550102,62.3352778809734,5,snail,1,0.1100459999998975,a,next,N,L,N,L,internal
571.2665160429201,3015.04466413807,3905.9272609728423,3.381793794572186,3.884723975778716,4.511628722793399,7846.153846153846,0.0005972081026307071,759.5442584965987,0.07900000000000001,0.7596153846153847,1-0-1150-4,ey,UT_015,015,2,fave,208.43320664634243,57.62625070624554,5,contain,1,0.07995600000003833,books,an,T,N,T,N,internal
643.1860002910277,1699.2318000355683,3259.054034112316,3.00556093641659,4.29010911842052,4.515946733922239,6051.282051282051,0.0004726796416845493,763.0192421723356,0.10899999999999999,0.8134328358208955,1-0-1161-1,ey,UT_015,015,2,fave,210.42334210278756,60.566745611137996,5,tale,1,0.11004600000001119,the,about,T,L,T,L,internal
580.3376272098247,2147.83076446579,4227.38336211375,3.1574872567120242,3.7821670268684073,4.168608456518932,8743.589743589742,0.00020171893332456565,779.7497568344672,0.040999999999999995,0.2662337662337662,1-0-1202-4,ey,UT_015,015,2,fave,98.49116464522218,53.748951466342845,5,decoration,1,0.13000499999998283,for,"",*hr,SH,*hr,SH,internal
604.1428318786187,2855.4353427044125,4471.487464129745,3.4757708018764477,3.752286705714677,4.261435180369809,9641.02564102564,0.0002606630707933769,786.0087554965986,0.039,0.1598360655737705,1-0-1217-1,ey,UT_015,015,2,fave,213.23086344574327,62.608957457253084,5,made,1,0.21996999999998934,is,with,M,D,M,D,internal
692.0913729525231,1577.5428701697888,3292.4853437748116,2.951197844657743,4.13813899246371,4.002327935598936,6769.2307692307695,0.0001539955547945774,786.7637674965986,0.149,0.8563218390804598,1-0-1219-1,ey,UT_015,015,2,fave,216.68947523717077,63.88331841402833,5,kale,1,0.149962999999957,with,fro,K,L,K,L,internal
622.509592286778,1736.8101844511066,2976.6977268892206,3.1048870808008426,4.318641080437027,4.555969046846925,6589.74358974359,0.0029873385120518644,795.0737511655329,0.189,0.883177570093458,1-0-1240-0,ey,UT_015,015,2,fave,222.09811334404117,59.94404265425929,5,ale,1,0.19000199999993583,"","",#,L,"",L,initial
450.6188817828862,2704.806139289484,4042.6718967868856,2.502140439412517,3.685232901793715,4.414178355291557,8564.102564102563,0.0001327415695065495,801.1963525034013,0.025,0.21929824561403513,1-0-1255-1,ey,UT_015,015,2,fave,208.49932962372958,59.048693028625905,5,safely,1,0.09002700000007735,helm,"",S,F,S,F,internal
668.9279668835882,1748.622486890888,3355.434094249483,2.9188364743369033,4.099859606596672,4.204418244382292,6589.74358974359,0.0003044680406307222,817.1263388344671,0.025,0.11682242990654207,1-0-1292-2,ey,UT_015,015,2,fave,217.2707501161346,60.93801743529967,5,plays,1,0.1900029999999333,violinist,the,L,Z,L,Z,internal
503.5703330244113,2946.145493236838,4064.1262182826777,3.6018879161574544,3.3080793370719395,4.427897940996056,7487.179487179487,0.003465164408176284,829.6047381723356,0.087,0.6041666666666666,1-0-1320-0,ey,UT_015,015,2,fave,222.29644573791163,53.85940040187161,5,ancient,1,0.12005599999997685,"",times,#,N,"",N,initial
659.7409972058425,1597.5509700021637,3213.860583434231,2.8095345034237322,4.009560559950933,4.129497849758537,6769.2307692307695,0.0000699031850145456,838.0437611655329,0.10899999999999999,0.8134328358208955,1-0-1339-2,ey,UT_015,015,2,fave,209.6341741065345,64.13038469292421,5,trail,1,0.10998500000005151,the,during,R,L,R,L,internal
466.3676676966716,2897.9034994163094,4070.7388524971598,2.6514837994580303,3.714219051849562,4.681621334731229,9102.564102564102,0.00030181214314332243,840.5947228344672,0.051000000000000004,0.3311688311688312,1-0-1345-1,ey,UT_015,015,2,fave,231.05566080353546,64.02813483387592,5,table,1,0.13000499999998283,my,was,T,B,T,B,internal
708.1925203213807,1494.836851165171,3305.193427392303,2.8543161639338046,4.196138911659437,3.9417370939082916,6051.282051282051,0.0004346908125133738,842.958734165533,0.119,0.826388888888889,1-0-1351-1,ey,UT_015,015,2,fave,214.64105614731733,60.43261374510628,5,mail,1,0.11999500000001717,with,from,M,L,M,L,internal
776.6643739291643,1718.5209948936467,3013.8818077105498,2.933835690834874,4.085413632877994,4.011482038129059,6410.25641025641,0.00026312770265494035,850.6717718344671,0.10500000000000001,0.7291666666666667,1-0-1371-1,ey,UT_015,015,2,fave,197.1046125341415,59.80929216183963,5,sale,1,0.11999500000001717,the,next,S,L,S,L,internal
648.5882944613969,1600.0469373202893,3139.0312705287524,2.769724834065343,4.347819946882777,4.595007188854678,6589.74358974359,0.00035489907526119343,865.6163285034014,0.13899999999999998,0.8475609756097561,1-0-1411-1,ey,UT_015,015,2,fave,198.51430080699743,62.33859503250095,5,whale,1,0.1400140000000647,a,in,W,L,W,L,internal
772.3267903829998,1633.818810969665,3234.492920989715,2.878380975090991,4.314179406025086,4.059547213951031,5871.794871794871,0.0005526477317243791,869.0763305034013,0.179,0.8774509803921569,1-0-1420-1,ey,UT_015,015,2,fave,201.71939320344467,58.842171629035235,5,nail,1,0.18005399999992733,a,in,N,L,N,L,internal
673.1139889371394,2095.312283329581,3718.2220251257063,3.639369212361234,3.7315091084045133,4.242115228982206,10000.0,0.0007362422647737276,872.1193694965987,0.025,0.08503401360544217,1-0-1427-2,ey,UT_015,015,2,fave,227.06139541297205,60.760714399224284,5,train,1,0.26995899999997164,the,travels,R,N,R,N,internal
641.6338849331809,1583.7428563756202,3129.1228370721587,3.148423155218646,4.291673891664803,4.363101688879534,6769.2307692307695,0.0005727878747240493,873.9263604965986,0.159,0.8641304347826088,1-0-1430-2,ey,UT_015,015,2,fave,206.25855603954113,62.43005333019886,5,trails,1,0.15997299999992265,by,to,R,L,R,L,internal
565.1679759214186,2357.0290119939636,4143.764170594051,3.8471239873997565,3.1917513050084376,4.48067746096183,7128.205128205128,0.0004147038110328237,73.22704516553287,0.037000000000000005,0.324561403508772,1-0-21-1,iyr,UT_015,015,2,fave,235.13826350855413,53.49097517524912,5,years,1,0.09000400000000752,eighteen,"",Y,R,Y,R,internal
454.11806350320586,2712.822859983089,3923.1569454680875,3.1290990828203964,3.9030134994509766,4.646519542703608,7846.153846153846,0.0005126308408656027,77.16204516553289,0.047,0.3263888888888889,1-0-31-1,iyr,UT_015,015,2,fave,195.51890965534503,48.16397097203158,5,years,1,0.12000299999999697,two,"",Y,R,Y,R,internal
437.74733128966153,2672.717937082301,3861.741450909352,2.9284452112630786,3.561501638377124,4.446898998243042,8384.615384615383,0.0006157432821026865,89.66504616553287,0.057,0.3275862068965517,1-0-49-1,iyr,UT_015,015,2,fave,218.19956658446995,55.32359647389416,5,year,1,0.15000200000000063,a,"",Y,R,Y,R,internal
480.4623330998105,2693.0319106383413,3866.4801588902105,3.0126935461908384,3.084843218789204,4.72840179029676,7666.666666666666,0.00011467516674704961,95.87805116553288,0.027000000000000003,0.32142857142857145,1-0-57-1,iyr,UT_015,015,2,fave,494.3229486269149,41.425393439834174,5,year,1,0.05999699999999564,a,"",Y,R,Y,R,internal
514.677295078913,2396.2865430274005,4283.8803400966035,3.4491461643556804,3.4375675794966285,4.376966177072029,8025.641025641025,0.0000382210204366293,261.1108598344671,0.027000000000000003,0.32142857142857145,1-0-294-1,iyr,UT_015,015,2,fave,272.20150279557527,53.87169783949516,5,years,1,0.05999700000000985,more,"",Y,R,Y,R,internal
443.8244381473517,2570.909037109026,4185.474838139215,2.928360761296519,3.8667834960686016,4.527743364214808,8384.615384615383,0.00004928884026232352,732.3719538344671,0.031,0.32978723404255317,1-0-1084-1,iyr,UT_015,015,2,fave,206.56625570128878,55.14943453629739,5,cereal,1,0.07000699999991866,his,"",S,R,S,R,internal
414.25524608334024,2887.9434750868327,4036.0474097759593,3.0117631573588715,3.5578764060957364,3.9058644956396638,8923.076923076922,0.00013698468834936103,798.9423325034014,0.057,0.32758620689655177,1-0-1249-1,iyr,UT_015,015,2,fave,214.93596449372566,58.01571475046501,5,near,1,0.15002499999991414,landed,the,N,R,N,R,internal
454.80577973241196,2732.5015937735816,4101.619695914113,3.072168210395127,3.882046787103583,4.213266639695153,8384.615384615383,0.0002161567166715733,890.4224381655329,0.027000000000000003,0.32142857142857145,1-0-1471-1,iyr,UT_015,015,2,fave,405.6223437918014,54.55874084167674,5,cereal,1,0.05999800000006417,his,"",S,R,S,R,internal
601.803974827181,1858.1270914975696,3375.908459774595,3.0774788386487613,3.4867419778742286,4.007535581511509,6051.282051282051,0.0002556005243826484,74.38404816553287,0.031,0.32978723404255317,1-0-23-0,ae,UT_015,015,2,fave,233.79801425238037,52.18097263895988,5,and,1,0.06999999999999318,"",then,#,N,"",N,initial
834.6411606229394,1809.2415910414634,3088.050273102256,3.151883286852146,4.619998405485652,4.438583825245703,7487.179487179487,0.001213203510197197,76.24604716553287,0.055,0.3353658536585366,1-0-28-1,ae,UT_015,015,2,fave,140.7054183718691,52.800692715476835,5,back,1,0.1399990000000031,it's,to,B,K,B,K,internal
663.7088746694652,2023.7468380400117,3154.126966286074,3.199225931982648,4.529633729184422,4.3032700362883824,6051.282051282051,0.008810203992851307,94.17304983446712,0.037,0.32456140350877194,1-0-51-0,ae,UT_015,015,2,fave,235.21342293821016,50.67168314177342,5,and,1,0.09000399999999331,"",west,#,N,"",N,initial
798.9469400549467,1663.5270914654684,3166.532161449994,3.0237751553863936,4.394414712305074,4.470971052659745,6769.2307692307695,0.0030236606470287527,95.05805283446712,0.067,0.32843137254901966,1-0-54-1,ae,UT_015,015,2,fave,212.24539091803547,57.814903452335294,5,valley,1,0.18000000000000682,"",for,V,L,V,L,internal
821.8679993687891,2097.0607514059,2755.362557390784,3.3452044034272097,3.8498052099521307,3.9795838834948842,5692.3076923076915,0.002368634914819197,104.35924416553287,0.055,0.33536585365853655,1-0-59-1,ae,UT_015,015,2,fave,NaN,41.036973448049984,5,yeah,1,0.14000000000000057,"","",Y,#,Y,"",final
731.9370766004791,1995.8892648019348,3330.300752197854,2.4316976253035967,3.615444635046865,3.8686994672213726,6589.74358974359,0.00039310540522527135,126.83954516553288,0.13899999999999998,0.3357487922705313,1-0-84-0,ae,UT_015,015,2,fave,186.66058888207354,50.76168249954883,5,and,1,0.39000000000000057,"","",#,N,"",N,initial
605.4806011996013,2179.8804915046126,3067.591776328316,3.2946072249645515,4.357474453190098,3.9935976323730578,5871.794871794871,0.0001771416825102329,144.2649541655329,0.031,0.32978723404255317,1-0-93-0,ae,UT_015,015,2,fave,209.69953150201167,47.26250277064198,5,and,1,0.06999199999998496,"",just,#,N,"",N,initial
552.6731440868907,2572.109228163479,3094.6725085057274,3.1784187942572673,3.959111910589966,4.514137851823752,5871.794871794871,0.0019274776043310881,145.6149458344671,0.07100000000000001,0.3317757009345795,1-0-99-0,ae,UT_015,015,2,fave,207.38061314760753,53.863448120028345,5,am,1,0.19000299999999015,i,now,#,M,ay,M,initial
741.5032445121051,2011.9870727027512,2813.0502996679998,2.783918220891468,3.84630565983738,4.109520584478939,5692.3076923076915,0.0003811886077725017,158.5994431655329,0.065,0.33505154639175255,1-0-135-0,ae,UT_015,015,2,fave,182.20199353348116,53.46447280697364,5,actually,1,0.16999799999999254,i,wanna,#,K,ay,K,initial
623.8884163787307,844.866356006668,1854.5415801740232,3.549905708435947,3.6647240336962708,3.7823402856620443,4615.384615384615,0.015852187477627257,168.79904416553285,0.121,0.33241758241758235,1-0-153-1,ae,UT_015,015,2,fave,303.0609587185023,49.440569960739765,5,yeah,1,0.3399960000000135,"","",Y,#,Y,"",final
744.0909597400688,1925.2371039326583,3504.8004410219805,3.355786272043083,3.72564709012732,3.815779102943461,6230.7692307692305,0.0006910656960196841,174.0729478344671,0.189,0.33510638297872336,1-0-160-0,ae,UT_015,015,2,fave,207.98740636589716,52.56722157231867,5,and,1,0.5400089999999977,"","",#,N,"",N,initial
723.6049346517364,2466.543783607256,3096.250269905591,3.1482230516586243,4.606220251794746,4.587288387583656,6410.25641025641,0.0014681511388046427,233.1611481655329,0.031,0.32978723404255317,1-0-235-0,ae,UT_015,015,2,fave,230.27366366623772,50.11280959793237,5,and,1,0.06999200000001338,"",sad,#,N,"",N,initial
760.8559951075578,1665.1982791569524,2802.4268711243008,3.1311387315709363,4.394674164827362,4.458962038454621,6948.717948717948,0.0011256283800337578,233.46114116553287,0.051000000000000004,0.3311688311688312,1-0-236-1,ae,UT_015,015,2,fave,189.89360292757843,53.366065673220014,5,sad,1,0.13000500000001125,and,"",S,D,S,D,internal
891.1414431794839,1629.4637010146052,3138.6229794291376,3.507819410320847,3.9387086703756635,4.468689221617266,6589.74358974359,0.00037750956713405824,255.0208401655329,0.045,0.3358208955223881,1-0-277-0,ae,UT_015,015,2,fave,-13389.685620200817,50.00494010781011,5,actual,1,0.10999999999998522,the,program,#,K,@,K,initial
825.1187078645509,1835.5530952464621,2859.320424824909,3.6718548801739774,3.683559041232303,4.430403816515816,7666.666666666666,0.0030528912256129496,255.8808461655329,0.065,0.33505154639175255,1-0-278-5,ae,UT_015,015,2,fave,NaN,47.99999621561539,5,program,2,0.16999800000002097,actual,"",R,M,R,M,internal
774.5264824946906,1879.898050697934,3297.0339005486658,2.663235090151031,4.078643942901125,4.157445629538137,6230.7692307692305,0.00012734804522298692,256.41385483446714,0.031,0.32978723404255317,1-0-280-0,ae,UT_015,015,2,fave,253.55556530813925,47.40180476492626,5,and,1,0.07000700000003235,"",that,#,N,"",N,initial
845.0926861450545,1778.521865335366,3108.036891985624,2.9324826615453974,3.636917060618141,4.071378643564574,6948.717948717948,0.00014320391627517407,256.6318611655329,0.067,0.3284313725490196,1-0-281-1,ae,UT_015,015,2,fave,199.35096409478044,57.97105469283207,5,that,1,0.17999299999996765,and,takes,DH,T,DH,T,internal
824.0885465375733,1545.9996934888832,3165.049563432239,3.2327036156962237,4.265008656003435,4.310309612521536,6230.7692307692305,0.00045125958963872594,259.60084550340133,0.047,0.3263888888888889,1-0-289-1,ae,UT_015,015,2,fave,235.1984353955944,57.407437887162914,5,have,1,0.12002599999999575,i,about,HH,V,HH,V,internal
729.5018562905688,2064.0931755014017,3744.6249963810706,2.8439644347851316,4.098718453566541,4.437026553189973,7487.179487179487,0.00018249398566646256,277.3272561655329,0.035,0.3365384615384616,1-0-324-0,ae,UT_015,015,2,fave,187.99191550392746,50.76885272271258,5,actually,1,0.0799870000000169,i,"",#,K,ay,K,initial
682.8559632856421,1665.849782892692,3017.7180447122496,3.0061302439265214,4.079905516585425,3.991880888739502,6410.25641025641,0.0011758658833687914,291.71654216553287,0.07700000000000001,0.3290598290598291,1-0-361-0,ae,UT_015,015,2,fave,269.49521384482534,49.8921905711801,5,and,1,0.20999199999999973,works,"",#,N,S,N,initial
829.5654945779335,1686.5848843627316,3652.7164984146,3.1671804065719265,3.801991629617823,4.642173092298012,7666.666666666666,0.0010047963950631494,326.6964461655329,0.047,0.3263888888888889,1-0-392-1,ae,UT_015,015,2,fave,193.4997999754587,51.74829122264733,5,fact,1,0.11999499999996033,the,that,F,K,F,K,internal
942.7938628832388,1593.9438922319082,3201.711262393581,3.099976343103147,3.9194519604178586,4.756313467292926,6589.74358974359,0.0021675654840497684,328.84146683446716,0.057,0.32758620689655177,1-0-400-2,ae,UT_015,015,2,fave,244.63475708446404,59.48514479647434,5,classes,1,0.1499939999999924,five,"",L,S,L,S,internal
857.2781875839414,2036.795164634471,3129.305337019894,3.0289779037118705,3.9685227561516054,4.0970614976199515,6051.282051282051,0.000451313168069074,334.1464481655329,0.067,0.3284313725490196,1-0-410-0,ae,UT_015,015,2,fave,216.07124611345233,58.95794375353664,5,and,1,0.17999299999996765,"",also,#,N,"",N,initial
818.321102779888,1854.5902460941852,3446.6527109299545,3.1009000740864665,4.001869157146616,4.359015957918274,8205.128205128205,0.0006701888024869306,336.0684411655329,0.051000000000000004,0.3311688311688312,1-0-416-2,ae,UT_015,015,2,fave,204.97364813542447,58.419043053097354,5,grandmother's,1,0.13000500000003967,my,power,R,M,R,M,internal
639.8774003280803,1415.697279350062,3201.103541906499,2.545480533806131,3.5904578623542696,3.5064640419932234,6230.7692307692305,0.000025855663736924572,343.21044650340133,0.035,0.3365384615384616,1-0-440-0,ae,UT_015,015,2,fave,213.38300843977422,61.10525773439497,5,at,1,0.080016999999998,all,once,#,T,L,T,initial
713.3855528640876,1813.0183265334601,2920.0703501278463,3.21173272853352,3.8421304721450227,4.458967811868984,6051.282051282051,0.0023915502638860928,345.86315616553287,0.075,0.33482142857142855,1-0-444-1,ae,UT_015,015,2,fave,149.5625297163847,46.639848376093894,5,yeah,1,0.19998200000003408,oh,"",Y,#,Y,"",final
705.5237609928158,2056.7420110097773,2620.2435835438646,3.408410095799234,4.126600492962801,4.412011593399589,5692.3076923076915,0.0006226272685382214,352.92845649659864,0.04100000000000001,0.3306451612903227,1-0-447-1,ae,UT_015,015,2,fave,195.29185555639233,50.67292606950862,5,yeah,1,0.09997500000002901,oh,"",Y,#,Y,"",final
715.8490668677858,1883.8467208506547,3071.996365098873,2.8406485427002304,3.9670843801130227,4.161423203444509,6051.282051282051,0.0008097663041616602,362.58174783446714,0.035,0.33653846153846156,1-0-474-0,ae,UT_015,015,2,fave,98.3829777634793,48.54007371720363,5,and,1,0.080016999999998,"",just,#,N,"",N,initial
865.7901124382331,1560.6273436645567,2624.352562317816,3.0898821727798658,3.7373053830339273,4.3543707834324685,6230.7692307692305,0.0006311286792981288,373.7400468344671,0.051000000000000004,0.3311688311688312,1-0-493-2,ae,UT_015,015,2,fave,232.34801404856074,52.210075858168004,5,class,1,0.13000499999998283,favorite,would,L,S,L,S,internal
740.6258078819723,1718.3873230321326,2835.6006678770777,2.8835693064853007,4.007142094942366,3.7310737788024873,6410.25641025641,6.259487297986816e-6,379.4370388344671,0.025,0.33783783783783783,1-0-502-1,ae,UT_015,015,2,fave,223.86117648794985,57.30785394597974,5,had,1,0.050018000000022766,i,to,HH,D,HH,D,internal
648.1216239052477,1752.8528139169712,2866.6864022539826,2.9633590336079974,3.618729050352752,4.486256415030642,6051.282051282051,0.00059863080709439,389.8683638344671,0.07100000000000001,0.3317757009345795,1-0-535-0,ae,UT_015,015,2,fave,196.0586234699995,53.87780902047456,5,am,1,0.19000299999999015,i,"",#,M,ay,M,initial
703.7571371954361,2154.0468645289543,2793.0299489558383,2.656508676558495,4.272521455110235,4.314792530668852,6051.282051282051,0.00004605018712869683,396.9383598344672,0.031,0.32978723404255317,1-0-559-0,ae,UT_015,015,2,fave,173.98886419208975,48.64012389098373,5,actually,1,0.07000799999997298,seeing,how,#,K,NG,K,initial
801.0562526705168,1478.1768032604537,3222.6690198691135,3.0823189092910637,4.0577456616970276,4.006196564765863,6589.74358974359,0.0005248222006110358,400.7703464965986,0.075,0.33482142857142855,1-0-569-1,ae,UT_015,015,2,fave,187.39044072493874,53.79584297701568,5,that,1,0.19998200000003408,all,"",DH,T,DH,T,internal
915.6768796385078,1542.966429563137,2895.476779454308,3.076160788318911,3.7327170405800194,4.600975579822353,6410.25641025641,0.0019216259659932742,432.6512581655329,0.191,0.33275261324041816,1-0-594-1,ae,UT_015,015,2,fave,213.49602763120353,55.13151055017121,5,have,1,0.5499879999999848,i,"",HH,V,HH,V,internal
961.5101311835824,1668.8184565386255,3254.3580490407858,3.0407431746530595,3.5950916983215673,4.496848403109367,6230.7692307692305,0.0010337202531873785,433.7212331655329,0.07100000000000001,0.33177570093457953,1-0-596-0,ae,UT_015,015,2,fave,262.46780726471934,59.17393929898777,5,asthma,1,0.19000199999999268,"","",#,Z,"",Z,initial
769.8271591012647,1915.075147588844,3247.3137505762734,2.4251361050984475,3.7759006279910245,4.2456631114405115,6410.25641025641,0.001157370659778159,439.20124983446715,0.07100000000000001,0.3317757009345795,1-0-614-1,ae,UT_015,015,2,fave,189.3138707304049,51.549335589325544,5,than,1,0.19000199999999268,"","",DH,N,DH,N,internal
522.4136190810787,1725.0133391920497,2972.761568741456,3.059921426862709,3.9801917315231377,4.192356986183595,6589.74358974359,0.001552073524325041,478.34264616553287,0.067,0.3284313725490196,1-0-656-0,ae,UT_015,015,2,fave,230.80061039237958,63.15946680277732,5,at,1,0.1799930000000245,good,it,#,T,D,T,initial
643.8285064468649,1968.8470931356555,3177.8187051068153,3.077093315196065,4.042945900359357,3.6841671044142537,6769.2307692307695,0.0009550641622138024,482.66363983446706,0.10899999999999999,0.33641975308641964,1-0-670-0,ae,UT_015,015,2,fave,202.03522832093734,55.96666719795825,5,and,1,0.30001800000002277,"",with,#,N,"",N,initial
789.8406807467571,1738.6170125325211,2763.6190515071585,3.1712335847703192,3.8064580061117588,4.2993562658436275,6410.25641025641,0.00011320736128569989,483.3716484965986,0.045,0.3358208955223881,1-0-673-1,ae,UT_015,015,2,fave,238.2084118419907,61.634003122245026,5,fact,1,0.10998599999999215,the,that,F,K,F,K,internal
574.0925245902291,2328.7964294752737,3210.437828323874,2.9023736309272463,4.162544907703004,3.9454493669946715,6410.25641025641,0.0012185062246709648,490.7146578344671,0.11100000000000002,0.3323353293413173,1-0-698-0,ae,UT_015,015,2,fave,182.1009222026081,52.35706946704736,5,animals,1,0.3099980000000073,"","",#,N,"",N,initial
907.9731439962898,1803.6154875568345,3307.592895550077,3.252091809278288,3.83176113321071,4.2700364109618985,6589.74358974359,0.00007760348025732494,496.8508391655329,0.037,0.32456140350877194,1-0-702-1,ae,UT_015,015,2,fave,87.22602783440078,51.602767907866316,5,capture,1,0.0899970000000394,just,how,K,P,K,P,internal
839.006898089518,1836.6599155905828,3374.278498341838,2.914424188968849,3.957771251768212,4.683170468565747,7128.205128205128,0.0006654018426992528,510.35975383446714,0.055,0.3353658536585366,1-0-725-1,ae,UT_015,015,2,fave,172.65525655802833,56.901153817339456,5,that,1,0.14001400000000785,take,after,DH,T,DH,T,internal
817.0450115527709,1794.3915033371595,3573.2707869810115,2.9560184496635578,3.8404897236258586,4.162793422730452,7128.205128205128,0.0001911315138559505,510.5277554965986,0.051000000000000004,0.3311688311688312,1-0-726-0,ae,UT_015,015,2,fave,141.50505661391793,53.529871150051804,5,after,1,0.12997500000000173,that,my,#,F,T,F,initial
785.1690123606177,1809.9825508162298,3114.35980992092,3.1226016118393485,3.5608477649197816,4.1763193404604975,7128.205128205128,0.000046761457128801014,511.1507475034013,0.037000000000000005,0.324561403508772,1-0-728-2,ae,UT_015,015,2,fave,150.80283076173657,49.84116549022265,5,grandfather,1,0.09002600000002303,my,"",R,N,R,N,internal
879.8235251794267,1641.6341401895118,3783.9057482680414,3.2471937784656104,4.493350034045743,4.802468000571612,8025.641025641025,0.0019003318115410448,517.6017505034014,0.145,0.3341013824884792,1-0-738-1,ae,UT_015,015,2,fave,193.05443997727264,55.96525962046513,5,had,1,0.410033999999996,we,pictures,HH,D,HH,D,internal
892.8818558313244,1737.788209956759,3335.065832746054,3.3934903955313063,4.324942113717702,4.959697201269542,7307.692307692308,0.0032434471111139154,521.3227481655329,0.067,0.3284313725490196,1-0-746-6,ae,UT_015,015,2,fave,90.7749178883179,50.559286521725994,5,photographs,2,0.17999299999996765,"",of,R,F,R,F,internal
847.7118912401975,1720.1792037651433,3063.006824843047,3.018841008970846,3.559409104241632,4.4877615507985755,6410.25641025641,0.000777157167282036,526.1747751655328,0.091,0.33211678832116787,1-0-762-1,ae,UT_015,015,2,fave,254.35132402940363,63.14055909752944,5,that,1,0.25,liked,so,DH,T,DH,T,internal
810.3060160209016,1986.8376764177287,3264.835501290455,3.560366842205065,3.483396248719231,4.151879384306679,5871.794871794871,0.00034434920661204245,542.7114674965986,0.035,0.3365384615384616,1-0-781-1,ae,UT_015,015,2,fave,202.6113853470038,42.98613223228142,5,camera,1,0.07995600000003833,the,"",K,M,K,M,internal
864.5566508592688,1907.494750199305,3063.4915527700778,3.151153561330527,3.944137962164423,4.654110904959165,6410.25641025641,0.0010539839662875802,548.5474291655329,0.047,0.3263888888888889,1-0-789-1,ae,UT_015,015,2,fave,223.99270678984806,61.42548123747904,5,cameras,1,0.11999500000001717,"",there's,K,M,K,M,internal
556.8511797526165,2128.705952590816,3236.100584636132,2.9248955710868954,4.187632744794205,4.100080043356514,6230.7692307692305,0.00024254590538110666,560.1663415034014,0.037,0.32456140350877194,1-0-815-1,ae,UT_015,015,2,fave,88.49867566087728,49.81903669957615,5,that,1,0.09002699999996366,sure,you,DH,T,DH,T,internal
567.1155717383068,2130.9844092077674,3076.6811840641044,2.724727272149203,4.1467468796334686,4.112333976864696,6051.282051282051,0.00042963646848444856,564.0013471655329,0.047,0.3263888888888889,1-0-826-1,ae,UT_015,015,2,fave,202.96205597099615,55.28208188216447,5,has,1,0.11999499999990348,one,"",HH,Z,HH,Z,internal
941.5202381038266,1611.1456414957815,2904.8866530563437,2.982810106308862,3.5356525742300975,4.375264831926989,6230.7692307692305,0.00047214980013746745,569.2883761655329,0.061000000000000006,0.33152173913043487,1-0-840-1,ae,UT_015,015,2,fave,246.1621716938575,66.51670854292267,5,fast,1,0.1599740000000338,how,the,F,S,F,S,internal
792.2335267089124,1810.4876987919306,3026.4338017604164,2.6046212594396128,3.6733816234059864,4.094782959172353,6230.7692307692305,0.0000907535913782773,571.5783584965988,0.040999999999999995,0.33064516129032256,1-0-847-1,ae,UT_015,015,2,fave,211.62768870932638,55.916678451863525,5,that,1,0.09997599999996964,lighting,comes,DH,T,DH,T,internal
740.7506169427319,2002.3986437115775,3006.389927682224,2.921553498083954,3.855392224866945,4.239508433123507,6051.282051282051,0.00011893787744641562,573.213318165533,0.031,0.32978723404255317,1-0-851-0,ae,UT_015,015,2,fave,165.50420198742455,49.59102137925026,5,and,1,0.07000699999991866,"",what,#,N,"",N,initial
600.4735097842608,1998.2439209083857,3036.909424160155,3.1223139435006435,4.222711523241356,4.311972728563445,6051.282051282051,0.0007878755499975481,574.6163478344671,0.037,0.32456140350877194,1-0-856-0,ae,UT_015,015,2,fave,162.6724217648165,48.334798960608104,5,as,1,0.09002700000007735,day,well,#,Z,eyF,Z,initial
811.1098826602938,1998.7823949334722,3518.3526509476137,3.6225436902968218,4.477512593610722,4.25750591278296,8025.641025641025,0.008655452842637216,578.9739395034013,0.07700000000000001,0.3290598290598291,1-0-860-1,ae,UT_015,015,2,fave,205.86564483208696,56.15321688518818,5,yeah,1,0.21002200000009452,oh,"",Y,#,Y,"",final
780.3643015527115,2173.027365003196,2880.5788232995833,3.1816879692331073,3.9818538414389066,4.548960143603479,6589.74358974359,0.0014253515293797608,588.3823305034014,0.04100000000000001,0.3306451612903227,1-0-862-1,ae,UT_015,015,2,fave,222.05156215404958,55.45396556442164,5,canon,1,0.10003699999992932,"","",K,N,K,N,internal
828.0663765936208,1753.4327896027594,3671.3831038995468,3.336209223979716,3.6639118914747932,4.670800953650132,8205.128205128205,0.001248725702898902,592.0897285034014,0.04100000000000001,0.3306451612903227,1-0-869-0,ae,UT_015,015,2,fave,289.94250390720526,64.17039563158713,5,actually,1,0.10003599999993185,i'm,using,#,K,M,K,initial
807.8837312984783,1848.7561891020664,2634.2689196794718,2.961083494033635,3.5247714099242327,4.355804941430072,7487.179487179487,0.00021534167544794781,593.1917531655329,0.045,0.3358208955223881,1-0-872-2,ae,UT_015,015,2,fave,165.31426015384847,54.27452070825892,5,grand,1,0.10998600000004899,my,"",R,N,R,N,internal
800.2457356721909,1714.18458046744,2510.163430434156,3.104700410117242,3.7997900611787663,4.702948449680899,7666.666666666666,0.0005719430469601263,593.8117481655329,0.045,0.3358208955223881,1-0-877-2,ae,UT_015,015,2,fave,464.3859574290891,51.563024500408744,5,grandfather's,1,0.10998600000004899,my,cameras,R,N,R,N,internal
678.6229700060723,2053.382616413518,2967.7743980213863,2.9709110548668596,4.022671062660594,5.315124614802422,6589.74358974359,0.0022515964933855874,594.6367604965986,0.035,0.33653846153846156,1-0-878-1,ae,UT_015,015,2,fave,102.54703205591046,47.701745107998704,5,cameras,1,0.07995600000003833,grandfather's,"",K,M,K,M,internal
792.9908394350199,1615.595240119936,3564.2664129503614,3.2499417678893936,3.988437116921072,4.254763910521472,6948.717948717948,0.0005476219442149293,595.5147668344672,0.051000000000000004,0.3311688311688312,1-0-880-0,ae,UT_015,015,2,fave,150.36576769769673,50.73681083219397,5,as,1,0.13000499999998283,"",well,#,Z,"",Z,initial
821.6282978012455,1553.5333842881294,3053.5813009400085,3.1307983999128637,3.870067404416183,4.173285732664463,6410.25641025641,0.0022913991578848323,599.9027561655329,0.087,0.32954545454545453,1-0-887-1,ae,UT_015,015,2,fave,199.88678818339287,63.079956996718394,5,has,1,0.23999000000003434,"",that,HH,Z,HH,Z,internal
846.1074288585246,1639.7496831398453,3581.7173864980928,3.0932120260448266,4.121062357372213,4.460206816417535,7307.692307692308,0.003276793187898506,600.3327581655328,0.067,0.3284313725490196,1-0-888-1,ae,UT_015,015,2,fave,181.86894954922897,56.690427471905636,5,that,1,0.17999300000008134,has,"",DH,T,DH,T,internal
789.8665809477787,1780.6645704635662,3222.7266672866444,2.746519167415286,3.801400056547905,4.269848570990405,6051.282051282051,0.0007625611085086848,602.3877504965986,0.057,0.3275862068965517,1-0-892-0,ae,UT_015,015,2,fave,203.48278960140692,58.108275699439695,5,as,1,0.149962999999957,"",well,#,Z,"",Z,initial
853.5681772259994,1596.4510512019147,3252.2533970355953,3.0907965201458016,4.221743528189308,4.272705705709642,6230.7692307692305,0.0018899550441303756,603.3497668344671,0.221,0.33283132530120474,1-0-895-0,ae,UT_015,015,2,fave,188.54652328987305,51.13609202331223,5,as,1,0.640013999999951,"","",#,Z,"",Z,initial
547.9774332812176,2594.997678676197,3764.7137714856517,3.487837449636051,4.2339647036991375,4.57010716495207,8205.128205128205,0.0013155441122797307,609.0617481655329,0.045,0.3358208955223881,1-0-905-1,ae,UT_015,015,2,fave,199.7243264920221,54.2197455968593,5,fancy,1,0.10998600000004899,a,camera,F,N,F,N,internal
672.3011892108971,2379.538971813619,2876.8201280734747,3.2781509331288476,4.065969313811098,4.393755927926216,6769.2307692307695,0.002238178633051807,609.5117511655329,0.065,0.33505154639175255,1-0-906-1,ae,UT_015,015,2,fave,252.5390080929478,61.17156794853909,5,camera,1,0.169983000000002,fancy,"",K,M,K,M,internal
808.1496142430793,1581.6207834050622,3534.1180602571885,3.1449634980218684,3.5490834262925355,3.9997178685736494,7666.666666666666,0.00023335290883514043,611.4167638276643,0.075,0.3348214285714286,1-0-912-1,ae,UT_015,015,2,fave,173.04455410161918,49.99131564718018,5,that,1,0.1999510000000555,like,"",DH,T,DH,T,internal
829.9036899277722,1469.2200398013736,3289.0660483513707,3.069435271308892,3.7539154611051653,3.9384695219373405,6589.74358974359,0.0004846908315379612,617.4777548344672,0.075,0.33482142857142855,1-0-926-1,ae,UT_015,015,2,fave,188.65381024585724,53.825455771346284,5,have,1,0.20001299999989897,also,"",HH,V,HH,V,internal
729.6059527831707,1755.9431523311112,3730.381662523605,2.829853478881482,4.05884965659393,4.330707009517959,7128.205128205128,0.00024620901475781406,618.2977704965987,0.035,0.33653846153846156,1-0-929-1,ae,UT_015,015,2,fave,152.29231438617302,50.36723006484197,5,that's,1,0.07995600000003833,one,his,DH,T,DH,T,internal
732.8148083207305,1656.8369468538601,3375.8206924787364,2.832978465256327,4.1993702967329645,4.3072944101943005,6410.25641025641,0.000365456431415079,618.882732165533,0.045,0.3358208955223881,1-0-931-1,ae,UT_015,015,2,fave,179.78069907844238,50.14117603139641,5,that's,1,0.1099859999999353,his,a,DH,T,DH,T,internal
734.1022183174977,1540.8381656303266,3290.286009680456,2.9632532949800714,3.4971694777057896,4.621007626051902,6051.282051282051,0.0003188638008256447,620.2257748344671,0.031,0.32978723404255317,1-0-936-0,ae,UT_015,015,2,fave,179.67916739226442,47.94635961703694,5,as,1,0.07000700000003235,film,well,#,Z,M,Z,initial
860.4802345175113,1614.9201514104634,3050.8460951109178,3.220055080639893,3.8383362120858937,4.527585588775813,6769.2307692307695,0.000054093349297896026,629.2471228344671,0.035,0.3365384615384616,1-0-955-1,ae,UT_015,015,2,fave,199.65592451492256,57.97523640755485,5,having,1,0.080016999999998,w,it,HH,V,HH,V,internal
890.7297438350663,1715.5544243949812,3588.3811942699726,3.2591632817544376,4.12563656861074,4.153437204472579,7666.666666666666,0.0025478023378167794,666.8692348344672,0.075,0.33482142857142855,1-0-1024-1,ae,UT_015,015,2,fave,175.32156071875033,50.78304089615767,5,that,1,0.2000119999999015,"",way,DH,T,DH,T,internal
653.9786207107965,2184.453674179717,3059.794180377933,2.5475673217681605,3.972810360109453,4.048139499614521,6410.25641025641,0.00001050778734446335,667.8052511655329,0.027000000000000003,0.32142857142857145,1-0-1027-0,ae,UT_015,015,2,fave,285.88155421716067,54.641007548811,5,and,1,0.059996999999953005,"",then,#,N,"",N,initial
825.5682370366656,1791.3572981591283,2804.5124770956054,3.2896759560658744,3.773798852741882,4.384468177862637,6051.282051282051,0.00039168669677798376,677.651959834467,0.055,0.3353658536585366,1-0-1056-1,ae,UT_015,015,2,fave,190.726283424304,53.477712471870475,5,camera,1,0.1400140000000647,the,first,K,M,K,M,internal
836.7708370188483,1852.804303678312,3573.059963790072,3.732673913356783,3.7308712073853187,4.002375837919783,7307.692307692308,0.00037644208603647606,680.2399191655329,0.051000000000000004,0.3311688311688312,1-0-1063-1,ae,UT_015,015,2,fave,91.89358490519868,50.03929474827131,5,camera,1,0.13000499999998283,the,"",K,M,K,M,internal
743.3352838710538,2052.7999989253813,3105.2978607390137,3.3429698395646885,3.963794269765651,4.418570687304877,6589.74358974359,0.0000510684048729875,682.289917165533,0.031,0.32978723404255317,1-0-1069-0,ae,UT_015,015,2,fave,307.99201387870687,57.14336530130148,5,actual,1,0.07000699999991866,taking,pictures,#,K,NG,K,initial
775.2050880713524,1915.15063176096,3240.0922882490418,3.748969480905002,3.6429094615984012,4.477315608177225,8384.615384615383,0.0012086573166454717,730.2239694965987,0.055,0.33536585365853655,1-0-1078-2,ae,UT_015,015,2,fave,257.12226459892213,59.21216036603159,5,grandpa,1,0.1399539999999888,my,used,R,M,R,M,internal
679.7517596903093,2288.0763968980723,3345.222802773097,2.920746008894095,4.289853788468504,4.298286993490506,7307.692307692308,0.00048059334246767994,734.6489481655329,0.085,0.3346456692913386,1-0-1088-1,ae,UT_015,015,2,fave,222.86921536723833,59.34680931211625,5,sang,1,0.22998099999995247,children,at,S,NG,S,NG,internal
768.4225970999055,2050.4967146882136,3056.7585187463087,2.7536926964772666,3.8394543120375,3.868446213871515,6410.25641025641,0.000109703454833449,734.9389461655329,0.045,0.3358208955223881,1-0-1089-0,ae,UT_015,015,2,fave,176.70796604765357,53.18739548963202,5,at,1,0.10998499999993783,sang,the,#,T,NG,T,initial
911.0169625443737,1622.198159132148,3119.6034045031943,3.09731904489815,4.070467862178877,4.246526257388339,6589.74358974359,0.00032956195186118874,735.6869475034015,0.061000000000000006,0.3315217391304348,1-0-1092-1,ae,UT_015,015,2,fave,203.10872053314682,60.84398252165339,5,battle,1,0.160033999999996,"",last,B,T,B,T,internal
875.2711650187598,1597.972240975447,2797.192133345466,2.9730864148403344,3.708383274157067,5.000629125979657,6410.25641025641,0.0009980284448588709,736.1349595034014,0.057,0.32758620689655177,1-0-1093-1,ae,UT_015,015,2,fave,186.86465646569476,56.3236983239114,5,last,1,0.15002499999991414,battle,week,L,S,L,S,internal
855.5433123921931,1752.2313315436677,3760.309044286642,3.067545140129921,3.9877134251956914,4.6247372996383325,7666.666666666666,0.0006841559523462644,749.7722498344672,0.075,0.33482142857142855,1-0-1130-2,ae,UT_015,015,2,fave,213.9020381293395,61.911132781546506,5,crab,1,0.20001200000001518,hermit,needs,R,B,R,B,internal
816.1181156451884,1850.179563743596,3414.517504765107,3.2295382116450115,4.063501561188903,4.697360855663822,6589.74358974359,0.003016021315244719,754.8282421655329,0.067,0.3284313725490196,1-0-1143-0,ae,UT_015,015,2,fave,209.8493285490778,50.81898813552872,5,after,1,0.17999199999997018,britain,his,#,F,N,F,initial
769.163301572389,1902.1930402795758,3023.483971085115,3.2552338822438363,3.954476984496237,3.959689892479407,6410.25641025641,0.0005716736447808015,757.7322704965986,0.055,0.33536585365853655,1-0-1148-1,ae,UT_015,015,2,fave,228.63296794028085,61.25505086112043,5,fantasy,1,0.13995299999999133,many,books,F,N,F,N,internal
648.006946896853,2206.809067744068,3322.544446881384,2.86189872572596,4.018722522729028,4.007618479436058,6769.2307692307695,0.00010624902419261374,774.5027511655329,0.047,0.3263888888888889,1-0-1188-1,ae,UT_015,015,2,fave,207.80664892953223,61.9978858199819,5,rang,1,0.11999500000001717,"",a,R,NG,R,NG,internal
935.7660034239955,1727.817427508885,3350.3389013709916,3.2017925801965172,3.5850062533762257,4.162925666050333,7128.205128205128,0.0001363053138528792,797.7723538344671,0.037,0.32456140350877194,1-0-1247-0,ae,UT_015,015,2,fave,220.47540244025487,63.108371765465066,5,acrobat,1,0.09002699999996366,the,landed,#,K,@,K,initial
767.7786914259242,1678.8965965454584,2762.497239702052,3.2539900997402866,4.055808506218122,4.5206862141976805,6230.7692307692305,0.001858179114512473,798.1813688344671,0.075,0.33482142857142855,1-0-1247-5,ae,UT_015,015,2,fave,249.09686918992983,61.30800460368679,5,acrobat,2,0.20001200000001518,the,landed,B,T,B,T,internal
851.8389857062859,1806.4998523457243,2917.4334727060964,2.9329608419942477,3.521699323379597,3.8834325120366207,6230.7692307692305,0.0000325555335421394,798.5273481655329,0.047,0.3263888888888889,1-0-1248-1,ae,UT_015,015,2,fave,213.981185958333,60.590531835794586,5,landed,1,0.11999500000001717,acrobat,near,L,N,L,N,internal
835.6881041036656,1829.5059629011234,3082.6129030302886,3.0422140153498645,4.026725627601939,4.6024879963986,6410.25641025641,0.0005217366858351908,811.9543425034014,0.061000000000000006,0.33152173913043487,1-0-1281-1,ae,UT_015,015,2,fave,213.90727518229522,63.29665365304,5,dad,1,0.160033999999996,my,climbed,D,D,D,D,internal
832.3636611444682,1534.8142058267465,2998.7881701048514,3.1554921937123774,3.8877505805375177,4.421377545579963,6410.25641025641,0.0002649497881980565,812.9873601655329,0.067,0.3284313725490196,1-0-1284-1,ae,UT_015,015,2,fave,104.92936836314114,63.621556031900795,5,ladder,1,0.17999299999996765,the,"",L,D,L,D,internal
699.2814331750349,1964.8139498560301,2977.1682646294566,3.2495748196629375,4.093955024786137,3.5773071823808054,5512.820512820513,0.0032635387634561337,823.0393738344671,0.031,0.32978723404255317,1-0-1304-0,ae,UT_015,015,2,fave,238.60387725808383,54.01674243039987,5,an,1,0.07000699999991866,"","",#,N,"",N,initial
905.9731769415005,1503.2460473032888,2867.475525988271,3.3312899019916813,3.9327590357624116,4.410402007555495,6589.74358974359,0.0010716149773637744,828.8837601655329,0.065,0.3350515463917526,1-0-1317-1,ae,UT_015,015,2,fave,204.02812405886007,59.18524388353939,5,latin,1,0.169983000000002,spoke,in,L,T,L,T,internal
713.7557607698928,2095.016311496799,3184.7299513487196,3.1378612453524064,3.6509808286024,3.9105186024738385,6589.74358974359,0.00012957869178079791,832.7177674965986,0.057,0.3275862068965517,1-0-1325-1,ae,UT_015,015,2,fave,221.93871665648174,60.876086674197595,5,hands,1,0.149962999999957,children's,"",HH,N,HH,N,internal
835.5205135735202,1430.799288814995,3695.5301365675664,3.1412848865222975,3.730096193452073,4.753658336935162,6769.2307692307695,0.00041339005048422365,847.5077554965986,0.037000000000000005,0.324561403508772,1-0-1362-1,ae,UT_015,015,2,fave,89.77564990622375,56.470366820928916,5,last,1,0.08996500000000651,mountains,weekend,L,S,L,S,internal
784.8239151814872,1685.8574080931874,3378.286561482862,3.2010881842444343,4.115266976348601,4.866121552310274,7487.179487179487,0.0002901485715106557,866.3273385034014,0.04100000000000001,0.3306451612903227,1-0-1414-1,ae,UT_015,015,2,fave,189.33423103510555,57.546210358421796,5,backyard,1,0.10003599999993185,the,"",B,K,B,K,internal
836.5310085474032,1666.2655362939881,3661.3972703444774,3.356796512670636,4.209679325138722,4.993834401424189,8025.641025641025,0.0004581298472582522,872.7803448344671,0.047,0.3263888888888889,1-0-1428-2,ae,UT_015,015,2,fave,215.08755552083582,63.79535915404911,5,travels,1,0.11999500000001717,train,by,R,V,R,V,internal
775.8156631676712,1714.928472538304,2979.409702793294,2.917156539272053,3.8898397457103293,4.01948308065013,6230.7692307692305,0.00010334761719860708,878.9353518276644,0.057,0.32758620689655177,1-0-1442-1,ae,UT_015,015,2,fave,213.111470545956,66.18751795226434,5,fad,1,0.14996400000006815,"",this,F,D,F,D,internal
804.6899883824375,1827.8734407195286,2750.3241091968507,3.348319525128859,3.640532479926542,4.359675126278414,6589.74358974359,0.0010057859183752714,888.506451834467,0.055,0.3353658536585366,1-0-1466-2,ae,UT_015,015,2,fave,214.4688630621576,58.75482088437372,5,grandpa,1,0.140013999999951,my,used,R,M,R,M,internal
665.6908765274856,2250.4225486367613,3358.581853657162,3.1025084221870407,3.72462598932709,3.6470374338194698,6589.74358974359,0.00030432985772204247,892.2024538344672,0.067,0.32843137254901966,1-0-1475-1,ae,UT_015,015,2,fave,225.29135631333835,60.684517852352414,5,sang,1,0.17999299999996765,children,at,S,NG,S,NG,internal
759.0515414206614,2015.194476236331,2941.9751716284404,2.818281026216251,3.8778747778956886,4.0122608444593695,6230.7692307692305,0.00012495812054859104,892.4794431723356,0.04100000000000001,0.3306451612903227,1-0-1476-0,ae,UT_015,015,2,fave,3367.9212545301402,55.71922775110642,5,at,1,0.10003700000004301,sang,the,#,T,NG,T,initial
858.1475919764708,1625.2734888112307,2892.953351635581,2.9322078895475254,3.8893217565574307,4.273924620150387,6051.282051282051,0.0003231914268167406,892.8994544965985,0.061000000000000006,0.33152173913043487,1-0-1478-1,ae,UT_015,015,2,fave,193.49144203226663,59.911007166035255,5,battle,1,0.1599740000000338,the,last,B,T,B,T,internal
864.6954363610238,1478.4576193843768,3142.4160069949876,3.0636376014606608,3.8468033634140535,4.769000672299947,7666.666666666666,0.0004025585992707923,893.2814694965987,0.045,0.3358208955223881,1-0-1479-1,ae,UT_015,015,2,fave,128.50813744410598,57.26800765788508,5,last,1,0.10998499999993783,battle,week,L,S,L,S,internal
810.7209731428087,1894.68963561923,3294.9533757654817,3.2960214119531175,3.6079079042189863,4.256397314544403,6051.282051282051,0.006250330382244071,75.73804716553288,0.039,0.1598360655737705,1-0-26-1,aw,UT_015,015,2,fave,208.4221484099532,53.88004527541723,5,now,1,0.22000099999999634,"",it's,N,#,N,i,final
467.9853849074826,789.3293906904003,1459.0385745318158,4.113113041227896,3.18627023363161,3.832532843806025,3358.974358974359,0.045259530046606426,145.94195183446715,0.025,0.06684491978609626,1-0-100-1,aw,UT_015,015,2,fave,201.30681662719718,48.388684131005526,5,now,1,0.35000599999997917,am,"",N,#,N,"",final
798.7439252892899,1861.717593595715,3009.880646443296,3.4929004249439903,3.6850553745943344,4.6365100824061685,5692.3076923076915,0.0012747230115748057,154.48794583446713,0.037000000000000005,0.225609756097561,1-0-118-0,aw,UT_015,015,2,fave,187.94001280897962,50.61194432937393,5,out,1,0.14001400000000785,finding,what,#,T,NG,T,initial
806.6615774152882,1959.003366744762,2894.449946206101,3.4241822358178804,3.757933090697755,4.205956323520661,6230.7692307692305,0.0007650571254550955,158.17145083446712,0.049,0.22897196261682248,1-0-132-0,aw,UT_015,015,2,fave,185.3844278776908,50.90375344601937,5,out,1,0.1900020000000211,figuring,what,#,T,NG,T,initial
874.002802852707,1629.5356658070218,2938.6872362542513,3.274238167695182,3.4732030754125396,3.9952555780132895,5333.333333333333,0.00044685436398024514,257.48085616553294,0.025,0.24038461538461536,1-0-283-2,aw,UT_015,015,2,fave,NaN,41.22665779273897,5,about,1,0.07998699999996006,takes,four,B,T,B,T,internal
786.261397366089,1457.7965278633044,3110.2105264337642,2.866127501112138,3.580265092650631,4.109759343807066,6230.7692307692305,0.002803091365209262,259.8988531655329,0.043,0.16287878787878785,1-0-290-2,aw,UT_015,015,2,fave,200.73518432186214,54.63597276177247,5,about,1,0.2399899999999775,have,"",B,T,B,T,internal
641.9491863654089,1465.0632198908384,3056.357432996884,3.891969857920996,4.271127347845941,4.376117211203581,5871.794871794871,0.000497022985176929,261.6098541655329,0.025,0.24038461538461536,1-0-296-2,aw,UT_015,015,2,fave,278.3111998957101,45.92214882356564,5,about,1,0.0799870000000169,"","",B,T,B,T,internal
866.8414256451239,1507.4461383051748,2840.8967805053785,2.825489243749914,3.25274326193225,3.82396475687768,5871.794871794871,0.0011222854433930592,287.45055216553294,0.025,0.08503401360544217,1-0-347-1,aw,UT_015,015,2,fave,208.70870105334686,57.90312102594408,5,how,1,0.26998899999995274,interested,"",HH,#,HH,"",final
843.383511532618,1310.669354257202,2749.160423882359,3.095874015561628,3.1313993345188043,4.142373592468218,5871.794871794871,0.00028857520168319603,290.18054450340134,0.025,0.12254901960784315,1-0-356-1,aw,UT_015,015,2,fave,202.75056329413354,58.86617955998285,5,how,1,0.1800230000000056,like,th,HH,#,HH,T,final
813.9044377892877,1330.3115277733548,2981.2407147106774,3.2168341823080495,3.4098226354696073,4.232821501986518,6051.282051282051,0.000026008582492630653,324.7554531655329,0.025,0.24038461538461545,1-0-385-1,aw,UT_015,015,2,fave,229.90933755822843,56.1502647389905,5,how,1,0.0799870000000169,just,my,HH,#,HH,M,final
855.6973388346864,1431.539611735689,2768.5205495760447,3.1352111307183743,3.4924486449009504,4.81458790623977,6769.2307692307695,0.0014166162280568762,336.7954621655329,0.025,0.20161290322580647,1-0-417-1,aw,UT_015,015,2,fave,211.02364184790258,59.49450879257415,5,power,1,0.09997500000002901,grandmother's,of,P,*hr,P,*hr,internal
806.3853660088912,1365.9984472707106,2892.0758857603714,3.443015346752155,3.726859515254836,4.346916670877666,6051.282051282051,0.006930494701829867,397.3653471655329,0.025,0.0946969696969697,1-0-560-1,aw,UT_015,015,2,fave,185.74975944008068,51.977320510949575,5,how,1,0.2399899999999775,actually,"",HH,#,HH,"",final
810.4639482283317,1568.228321608035,2688.4476834052734,2.7739737081896685,3.672304378084464,4.38489071605549,6051.282051282051,0.0003569815102707556,449.8946498344671,0.025,0.21929824561403513,1-0-624-1,aw,UT_015,015,2,fave,207.43844705459887,57.23335763480592,5,south,1,0.08999600000004193,"",anyways,S,TH,S,TH,internal
725.036971124003,1718.2897886979213,3470.553582343472,3.2670760449067777,3.7529265813582704,3.754421601131696,7846.153846153846,0.0005686708738322805,451.7396458344672,0.035,0.18041237113402064,1-0-629-1,aw,UT_015,015,2,fave,196.86665071632407,47.866807126054645,5,south,1,0.17001399999998057,"","",S,TH,S,TH,internal
872.201318849201,1384.241380039905,3397.6777813111007,3.1349289741098096,3.630884162923746,4.084323346146526,6769.2307692307695,0.00021563001850845222,497.5048488344671,0.025,0.20161290322580647,1-0-703-1,aw,UT_015,015,2,fave,93.80950784884617,58.35717006466291,5,how,1,0.10000600000000759,capture,they're,HH,#,HH,DH,final
790.5144190384864,1461.1338033431498,3307.7943100989246,3.208455058059542,3.5490039413600716,4.476192926714556,6948.717948717948,0.0009243672000658915,506.6197371655329,0.035,0.19021739130434784,1-0-718-1,aw,UT_015,015,2,fave,190.13946700947415,52.81471321129719,5,mountains,1,0.16000300000001744,the,the,M,N,M,N,internal
1001.8096837659914,1381.812119959653,3154.6564690490786,3.180343278209717,3.273558357709995,4.229016210951132,5871.794871794871,0.0008555197619147494,551.176448834467,0.025,0.10683760683760685,1-0-794-1,aw,UT_015,015,2,fave,211.3988121517176,59.61027271850743,5,how,1,0.21002200000009452,"",like,HH,#,HH,L,final
806.7669690031619,1254.2718480944463,2796.1039293917074,3.06329281009708,2.950586300820321,4.407138472217916,5512.820512820513,0.00006470889129732391,569.0503565034013,0.025,0.21929824561403513,1-0-839-1,aw,UT_015,015,2,fave,192.71589536307962,58.97022734974152,5,how,1,0.09002699999996366,like,fast,HH,#,HH,F,final
778.803804391649,1879.5817426171295,3232.8792613341147,3.2059675327484984,3.721739908101606,4.523469050092239,6051.282051282051,0.001178180833597942,633.1181674965986,0.037,0.2126436781609195,1-0-974-1,aw,UT_015,015,2,fave,174.01061882237107,54.15223716481899,5,nowadays,1,0.14996399999995447,them,"",N,@,N,@,internal
787.1973648474747,1550.012279880759,2713.178877498959,2.8681685235733796,3.4680122965494795,4.274158035174079,5692.3076923076915,0.000765317728799337,763.5042441655329,0.03900000000000001,0.1911764705882353,1-0-1162-2,aw,UT_015,015,2,fave,190.91819423874847,56.96078692340178,5,about,1,0.17999299999996765,tale,<unk>,B,T,B,T,internal
941.2817367991379,1576.8788177685776,3729.891237215962,3.2815983204976242,4.0557832877662445,4.9671237085674935,6769.2307692307695,0.006005011400217383,795.3977751655328,0.037,0.2569444444444445,1-0-1242-0,aw,UT_015,015,2,fave,182.53942977111078,56.648378214851235,5,out,1,0.11999500000001717,"",of,#,T,"",T,initial
698.9284629675577,1809.6474878626555,3147.4797403808666,3.256197947262059,3.76151658447747,4.598111487179022,6769.2307692307695,0.0014053828369808986,809.5983551655329,0.049,0.1856060606060606,1-0-1273-1,aw,UT_015,015,2,fave,205.24200757092413,59.36259089761455,5,down,1,0.23999099999991813,waddle,the,D,N,D,N,internal
769.5089396776496,1513.0984070692987,3115.7425033751697,3.6053164742686366,3.5342095712586294,4.609663323937935,7487.179487179487,0.0007024289044045653,847.0247305034013,0.031,0.18902439024390244,1-0-1361-1,aw,UT_015,015,2,fave,196.1165151219221,56.916863556093766,5,mountains,1,0.14001500000006217,the,last,M,N,M,N,internal
734.8252862375967,1754.7986799065334,2605.648816090481,3.0725779954046106,3.3964920209556335,4.504131725305596,5692.3076923076915,0.0007699045616785638,862.1063561655328,0.03900000000000001,0.1911764705882353,1-0-1402-1,aw,UT_015,015,2,fave,211.51624565291914,62.39331599376659,5,fountain,1,0.17999300000008134,new,for,F,N,F,N,internal
742.7616955862262,1707.6231305924894,2618.359122433964,3.2013446673995696,3.586014924294284,4.419306212371204,6051.282051282051,0.00084238381790198,865.0833475034015,0.033,0.18965517241379312,1-0-1409-1,aw,UT_015,015,2,fave,214.92662406525156,60.79357289076104,5,found,1,0.15002500000002783,children,a,F,N,F,N,internal
765.8460266817581,1633.4658650161364,3113.454484027871,3.5305082665343,3.685547985674864,4.398805166917442,6230.7692307692305,0.0002188339952527454,868.6203661655329,0.047,0.3051948051948052,1-0-1418-1,aw,UT_015,015,2,fave,236.54538933800313,60.040366057054044,5,found,1,0.13000499999998283,parents,a,F,N,F,N,internal
710.8253404544963,1390.9812633980414,2822.015041810115,2.9526309031789775,3.347932312319111,3.919756546870384,6051.282051282051,0.0004278280986895517,876.6233751655328,0.033,0.22916666666666669,1-0-1437-2,aw,UT_015,015,2,fave,214.51904378942825,62.55447339505905,5,about,1,0.11999600000001465,heard,the,B,T,B,T,internal
763.4787915355694,1757.1878393239451,2953.6925752051557,3.051449755575737,3.106397576759134,3.784344460856353,6051.282051282051,0.00029767271189439117,895.0314751655329,0.045000000000000005,0.21028037383177572,1-0-1484-1,aw,UT_015,015,2,fave,190.31363176577605,57.166480835160186,5,found,1,0.19000199999993583,children,"",F,N,F,N,internal
823.7071294425778,1436.1312861550482,3398.4314826560585,3.9136607258857237,3.855827550307296,4.5996949103721585,6230.7692307692305,0.01217258484024649,896.4414581655328,0.025,0.17361111111111113,1-0-1491-1,aw,UT_015,015,2,fave,NaN,40.1293471264863,5,house,1,0.11999500000001717,the,"",HH,S,HH,S,internal
663.1258644337521,1512.2141731531995,3595.467446123829,3.1352302803277206,3.6021828453594913,4.383454009024674,6410.25641025641,0.0001543851654193928,75.95204816553287,0.027000000000000003,0.32142857142857145,1-0-27-0,i,UT_015,015,2,fave,198.16944615037872,49.08867948174232,5,it's,0,0.05999800000000732,now,back,#,T,aw,T,initial
543.4764959376963,1942.493418599957,3558.345414467799,2.81495236166338,4.016610116116233,4.518353562209365,6230.7692307692305,0.0016682928569917352,76.64604616553288,0.075,0.33482142857142855,1-0-29-1,i,UT_015,015,2,fave,167.28560996241697,44.45082459377701,5,to,0,0.1999969999999962,back,two,T,#,T,T,final
518.5667529481535,2123.0493048977914,4016.4674809306316,2.4259399198992972,3.7030405655901952,5.135875145673307,8384.615384615383,0.00039936125553112094,86.10075183446712,0.031,0.32978723404255317,1-0-42-1,i,UT_015,015,2,fave,252.52910337501237,62.42744284702561,5,six,1,0.07000000000000739,for,months,S,K,S,K,internal
497.7143268792533,2811.439410142228,4809.432586802414,3.781493637141855,3.2598249186994224,5.308001539090997,7128.205128205128,0.000987633662312469,118.56254416553287,0.025,0.33783783783783783,1-0-61-3,i,UT_015,015,2,fave,267.53583888209357,52.814437947471035,5,waking,0,0.050003000000003794,"",up,K,NG,K,NG,internal
519.3558515199204,2919.7837638866245,3130.6245441802425,3.93752944751839,3.8387970472730646,4.8757161326623315,7307.692307692308,0.0008986846025896293,121.48054816553288,0.04100000000000001,0.3306451612903227,1-0-64-5,i,UT_015,015,2,fave,233.73823298437267,56.87818439027274,5,studying,0,0.09999799999999937,"",for,iy,NG,iy,NG,internal
718.7586723876324,1501.692695473634,3267.196378769711,2.983922884930171,3.84807303085136,3.8855747369896085,6589.74358974359,0.000014128901537985532,125.29354716553287,0.027000000000000003,0.32142857142857145,1-0-77-2,i,UT_015,015,2,fave,194.404613576641,55.730787444901,5,going,0,0.05999800000000732,then,home,ow,N,ow,N,internal
490.64285530856785,2744.3609579567906,3218.794847583311,3.3481193837149092,3.6191585625981957,4.094905517306542,6589.74358974359,0.0003097446275337872,126.35855016553288,0.057,0.3275862068965517,1-0-82-2,i,UT_015,015,2,fave,197.93466699640928,53.013255931808516,5,eating,0,0.14999400000000662,"","",T,NG,T,NG,internal
476.49411276529656,1859.9278202137732,3296.625092318616,3.2252947578498117,3.824343830671718,3.425266980641721,6589.74358974359,0.0000526166747259739,144.52794816553288,0.037,0.32456140350877194,1-0-94-1,i,UT_015,015,2,fave,206.89565025327576,58.7094694167835,5,just,0,0.08999600000001351,and,getting,JH,S,JH,S,internal
462.7427455690145,2498.29540609105,3126.8743734557374,2.4530143000300138,4.188172847724456,4.189274262878215,6589.74358974359,0.000020431432708537294,144.80495283446712,0.031,0.32978723404255317,1-0-95-1,i,UT_015,015,2,fave,225.27592520728274,63.89904249708529,5,getting,1,0.07000700000000393,just,to,G,T,G,T,internal
503.97528892642515,2413.440870152418,3197.7298331136612,3.378939221638417,3.881381314915732,4.623199352864671,7128.205128205128,0.00016078047109047939,144.9079531655329,0.037000000000000005,0.324561403508772,1-0-95-3,i,UT_015,015,2,fave,219.02676593061219,57.08112178419018,5,getting,0,0.08999599999998509,just,to,T,NG,T,NG,internal
444.2709675950197,2901.64465831956,3691.9169856332646,3.338235208820613,3.3789779372384388,4.978630979532723,7307.692307692308,0.0021348467984085144,151.8519528344671,0.125,0.33422459893048123,1-0-112-3,i,UT_015,015,2,fave,221.49636189082483,54.118258187880784,5,working,0,0.3500060000000076,"",staying,K,NG,K,NG,internal
593.5666727119658,2362.1516858839013,3484.9653626020504,2.82391335873436,3.72285039705582,4.235024570593802,6410.25641025641,2.522615932227014e-6,152.61194983446714,0.025,0.33783783783783783,1-0-113-3,i,UT_015,015,2,fave,205.84843931940563,49.00617685541693,5,staying,0,0.050003000000003794,working,wihtone,ey,NG,ey,NG,internal
558.964665373556,2584.2557871526506,3208.0129901351984,3.2931223593528065,3.7710735621752973,3.9405269437166237,6589.74358974359,9.455776149639347e-7,154.34194583446714,0.025,0.33783783783783783,1-0-117-4,i,UT_015,015,2,fave,210.88542201358942,54.33339540341617,5,finding,0,0.050003000000003794,"",out,D,NG,D,NG,internal
571.6492659589217,1421.854697834238,2959.8656138017245,2.749858490724229,3.9472457329461843,4.207046937426679,5871.794871794871,0.000012954147546424509,155.25194983446713,0.025,0.33783783783783783,1-0-124-1,i,UT_015,015,2,fave,188.841401968068,53.282786998267326,5,with,0,0.050003000000003794,do,my,W,TH,W,TH,internal
539.9493372033331,2162.320695347871,3266.7808460178285,3.225387760310075,3.8717225120338923,3.8601766613568715,6589.74358974359,0.00003330298633106308,157.4624481655329,0.031,0.32978723404255317,1-0-130-1,i,UT_015,015,2,fave,218.43884626574788,57.8379948388263,5,think,1,0.06999200000001338,i,figuring,TH,NG,TH,NG,internal
476.48452226021345,2363.762449866592,3225.664705583115,2.8435577233284977,3.6754100089419848,3.9015881082879957,6051.282051282051,0.00003872203316124293,157.75544683446714,0.037,0.32456140350877194,1-0-131-1,i,UT_015,015,2,fave,235.9828674617401,60.994434847457796,5,figuring,1,0.09001200000000154,think,out,F,G,F,G,internal
562.0227092312862,2414.35725874397,3736.2257385836156,3.479631032876453,3.4727364537239063,4.963201629856203,8923.076923076922,0.004884891819906468,157.98545783446713,0.037,0.32456140350877194,1-0-131-5,i,UT_015,015,2,fave,214.3498178213767,55.47314216591444,5,figuring,0,0.08999700000001098,think,out,*hr,NG,*hr,NG,internal
665.7481438842353,2189.9835642861144,3018.2943388374088,3.136130547868965,4.131873841614775,4.316490754054747,5871.794871794871,0.0011403631339881736,159.8674588344671,0.08099999999999999,0.3319672131147541,1-0-139-0,i,UT_015,015,2,fave,148.1376052459649,45.70542865369051,5,is,0,0.22000099999999634,"","",#,Z,"",Z,initial
473.27141346382774,2366.715022563923,3342.041229941025,3.1040360959810305,3.52024715488404,3.8952531939499577,6589.74358974359,0.00009470954502056453,165.6645458344671,0.047,0.3263888888888889,1-0-148-1,i,UT_015,015,2,fave,238.02030292865254,60.13500698754644,5,become,0,0.12001000000000772,"",a,B,K,B,K,internal
509.38655477688116,2421.0528247907637,2975.8364757508866,2.845188737811271,3.889452296831028,4.420372640429025,6589.74358974359,0.0003269003967431536,173.19395083446713,0.051000000000000004,0.3311688311688312,1-0-158-1,i,UT_015,015,2,fave,241.83945650480138,65.68216338410443,5,kids,1,0.13000500000001125,liked,"",K,D,K,D,internal
550.8524844807196,2599.029289175325,3523.599322889522,3.4622031757825846,3.833871138679432,4.561150086328662,6948.717948717948,0.0010980595586167637,179.64894783446712,0.061000000000000006,0.3315217391304348,1-0-176-3,i,UT_015,015,2,fave,207.6464304327894,54.22281652493997,5,healing,0,0.16000300000001744,"",if,L,NG,L,NG,internal
672.0220530926631,2052.6036420549576,3108.415973662654,3.0487827866895,4.185262646130183,4.103042620639018,5871.794871794871,0.0006721750038293984,180.4009478344671,0.065,0.3350515463917526,1-0-179-1,i,UT_015,015,2,fave,179.94232510428085,54.87424119754441,5,sick,1,0.16999800000002097,they're,"",S,K,S,K,internal
696.8558228282454,2831.6885091277795,3326.3923575257513,3.148805436046948,4.035084112502649,4.840580276752234,7128.205128205128,0.000942906776389799,181.46095483446712,0.045,0.3358208955223881,1-0-183-4,i,UT_015,015,2,fave,177.18792647519936,40.2300237378551,5,anything,2,0.11000100000001112,"","",TH,NG,TH,NG,internal
582.9173914845136,2120.215588803833,2937.3564585882586,2.7057227468074974,3.497224078191187,3.7068540161545678,6589.74358974359,0.005214089199688914,229.27815016553288,0.10500000000000001,0.33439490445859876,1-0-222-0,i,UT_015,015,2,fave,377.835228426313,60.66899289731783,5,it's,0,0.2899930000000097,"",rough,#,T,"",T,initial
649.8370232376918,1768.817834755845,3252.6547700142655,3.305224146604118,4.0290390889194745,4.626143564982621,6410.25641025641,0.00006883143035803425,235.3711551655329,0.031,0.32978723404255317,1-0-242-0,i,UT_015,015,2,fave,241.30974426329738,55.95264527247557,5,it's,0,0.06999199999998496,"",like,#,T,"",T,initial
563.0618328727907,1897.0675515537093,3446.0202172988547,2.9215080612806985,3.5192984623620873,4.655062758858861,6230.7692307692305,0.00016829404213316814,246.32185783446715,0.027000000000000003,0.32142857142857145,1-0-253-2,i,UT_015,015,2,fave,294.32074078725384,61.59068151195392,5,still,1,0.0599979999999789,am,in,T,L,T,L,internal
626.0080029235751,1468.0960049041123,3368.8532550342525,2.036591941973074,3.601141632193406,3.915014572889888,6230.7692307692305,1.9594238726434033e-6,246.44085383446713,0.025,0.33783783783783783,1-0-254-0,i,UT_015,015,2,fave,313.25434841792963,60.031093513607935,5,in,0,0.050003000000003794,still,the,#,N,L,N,initial
650.9597697365183,2293.7907630815653,3192.9930340961732,3.2310849525050296,4.233650400245384,4.383209132092817,7666.666666666666,0.0009190809146091063,247.7788401655329,0.061000000000000006,0.3315217391304348,1-0-258-0,i,UT_015,015,2,fave,200.89357892653848,53.0773652855787,5,in,1,0.16000299999998902,or,<unk>,#,N,*hr,N,initial
615.0975548843867,2136.4716458099338,3877.6464948262333,3.630536553275564,3.460082494028597,4.520013073465512,9102.564102564102,0.00011251146576831603,251.7488511655329,0.04100000000000001,0.3306451612903227,1-0-265-3,i,UT_015,015,2,fave,199.2234857823488,50.50613876443151,5,spring,1,0.09998999999999114,by,of,R,NG,R,NG,internal
359.542082398485,1392.6327060206327,3192.3897225979267,2.100279683057129,4.774966618958166,4.550404903191619,6769.2307692307695,0.003327903900913127,274.3822398344671,0.065,0.33505154639175255,1-0-318-0,i,UT_015,015,2,fave,174.52352778357687,52.65400712753133,5,if,0,0.17001399999998057,"","",#,F,"",F,initial
632.6380059679718,1889.8370419950845,3268.299994588596,3.5645280819945206,4.359944393052911,4.308788364143677,6230.7692307692305,0.040863718546921814,275.53025016553283,0.141,0.3325471698113207,1-0-320-0,i,UT_015,015,2,fave,239.60972902417234,52.52660602202523,5,it's,0,0.3999939999999924,"",not,#,T,"",T,initial
433.0631196767931,2484.260670553189,2655.179144363823,2.8460912179496964,4.048136588222341,4.914281497462878,6410.25641025641,0.0006083843492551053,278.2072611655329,0.035,0.3365384615384616,1-0-327-1,i,UT_015,015,2,fave,131.0669552191888,45.007754629708444,5,to,0,0.0799870000000169,want,do,T,#,T,D,final
505.60217893757977,2472.9401161998144,3334.612529800617,3.3802730517990325,3.8802457069503875,3.765354757243385,6589.74358974359,0.00012869930323108176,286.7035578344672,0.031,0.32978723404255317,1-0-346-0,i,UT_015,015,2,fave,238.0289364363931,57.81380412263657,5,interested,1,0.0700069999999755,"",how,#,N,"",N,initial
496.8605556054527,2062.418467009276,3270.6087757979117,2.6085203836923316,4.221963472786446,4.030485552257273,6410.25641025641,0.000018518782582640626,287.15353983446715,0.031,0.32978723404255317,1-0-346-7,i,UT_015,015,2,fave,244.6762681786755,61.87573536747938,5,interested,0,0.0700069999999755,"",how,T,D,T,D,internal
553.6759590142743,2475.4736652902297,3192.2862918046117,2.99192601219573,4.020435558578359,3.8826104964070725,6410.25641025641,0.0003010443548557254,287.8305438344671,0.065,0.33505154639175255,1-0-349-0,i,UT_015,015,2,fave,209.29676504839756,52.35554655052808,5,it,1,0.1700129999999831,"","",#,T,"",T,initial
564.5672596355118,2399.950966276726,3238.0399379797946,3.2124875290257777,4.3478784356030555,4.339344405971778,6410.25641025641,0.0017223937133458234,290.7355525034014,0.055,0.3353658536585366,1-0-359-0,i,UT_015,015,2,fave,254.39703815494696,49.50495366011608,5,it,1,0.14001500000000533,"",works,#,T,"",T,initial
558.4534251776201,1920.3473281207068,3104.3642414935443,2.3911091305683154,3.8098171537638184,3.9266693265164294,6230.7692307692305,0.0000703358108453241,292.63354516553284,0.031,0.32978723404255317,1-0-364-0,i,UT_015,015,2,fave,513.6832267925905,54.21309446339644,5,it,0,0.07000700000003235,what,does,#,T,T,T,initial
743.513775049537,2536.7052730463965,3257.912177777201,3.5250931140115545,3.6989392770429044,3.937699258189171,5871.794871794871,0.014225898788483638,295.56354383446717,0.031,0.32978723404255317,1-0-372-0,i,UT_015,015,2,fave,218.0043470993222,53.352713953546775,5,interested,1,0.0700069999999755,"",me,#,N,"",N,initial
486.4417302065344,1843.056196102947,3182.399048435868,2.3282042322662995,3.9773721616214113,3.5729631540106834,6230.7692307692305,0.00017391402385132074,325.3864481655329,0.047,0.3263888888888889,1-0-388-0,i,UT_015,015,2,fave,238.58143503251694,59.04659691320127,5,is,0,0.1199959999999578,life,rightnow,#,Z,F,Z,initial
624.11243817235,1568.6981568928368,3052.38717705096,2.775248002184509,3.7509737057962687,3.8509899170426616,6230.7692307692305,0.00005312069471293363,326.3064411655329,0.027000000000000003,0.32142857142857145,1-0-390-1,i,UT_015,015,2,fave,217.03692395796995,53.501148490531804,5,with,0,0.05999800000000732,rightnow,the,W,TH,W,TH,internal
510.2540937538181,1868.053494708804,3197.9383136173815,2.454761581380936,3.942173336538709,3.479239490099093,6410.25641025641,0.000922036839664875,329.1954638344671,0.145,0.3341013824884792,1-0-400-4,i,UT_015,015,2,fave,241.05486646918146,60.107836708927074,5,classes,0,0.4100040000000149,five,"",S,Z,S,Z,internal
486.125898050073,2876.973431222693,3503.21519292071,3.2656091370568148,3.7277038103816182,4.434238731957113,6948.717948717948,0.0003126576939187892,335.33044683446707,0.075,0.33482142857142855,1-0-413-2,i,UT_015,015,2,fave,196.56448704151262,52.5192639157457,5,being,0,0.20001200000001518,"","",iy,NG,iy,NG,internal
790.5629027108331,1886.797547331365,3310.4093563699685,3.2334341643177718,3.851053739948483,4.0048980471143825,6948.717948717948,0.000055290659796232604,340.3004621655329,0.035,0.33653846153846156,1-0-429-5,i,UT_015,015,2,fave,159.88239760109246,45.75541311900729,5,everything,2,0.07998600000001943,"","",TH,NG,TH,NG,internal
438.41169603148916,1827.4419028800814,3373.0263397762565,3.0674681314965193,4.80446519083076,4.652976352291884,5512.820512820513,0.015642126108411907,359.8977558344671,0.027000000000000003,0.32142857142857145,1-0-467-1,i,UT_015,015,2,fave,208.48910368821524,58.537903450061734,5,just,0,0.05999700000000985,"",not,JH,S,JH,S,internal
404.12801234708047,2435.239085290189,2977.248378638693,2.378334000564583,4.507577903514342,4.058956863019394,6410.25641025641,0.00003418097200920814,360.4877518344671,0.027000000000000003,0.32142857142857145,1-0-470-1,i,UT_015,015,2,fave,194.4511286611749,57.49173151888234,5,to,0,0.05999800000000732,wanting,do,T,#,T,D,final
558.6954218238002,2216.729828062513,3384.6490405558857,3.038053306983804,4.157943903316609,4.249224944811672,7128.205128205128,0.0013902020365886415,361.2277471655329,0.067,0.32843137254901966,1-0-472-4,i,UT_015,015,2,fave,203.63468349840664,48.41890541588893,5,anything,2,0.17999299999996765,do,"",TH,NG,TH,NG,internal
798.4073248054723,1720.4658437874286,2718.8496378797176,2.889072110071139,3.496005386027234,4.256776184026103,5871.794871794871,0.00002181372887309808,362.9777361655329,0.027000000000000003,0.32142857142857145,1-0-476-1,i,UT_015,015,2,fave,195.0015033725881,53.19810301462599,5,kinda,1,0.05999799999995048,just,just,K,N,K,N,internal
538.1106326656565,1745.6927040981457,3151.3218389475974,3.389845651461662,3.914806138923147,3.7395113067050834,5871.794871794871,0.0002133499356111381,363.24975049659866,0.031,0.32978723404255317,1-0-477-1,i,UT_015,015,2,fave,184.1908223150299,48.68209630313107,5,just,0,0.0699769999999944,kinda,quit,JH,S,JH,S,internal
625.0736513337746,1994.9416828562491,2963.8009889057203,2.521085914186923,4.099225334603155,4.103427279881221,5871.794871794871,0.0007442174594791695,363.86975649659865,0.07100000000000001,0.33177570093457953,1-0-478-2,i,UT_015,015,2,fave,252.51346144521193,56.37055180842087,5,quit,1,0.18997199999995473,just,"",W,T,W,T,internal
681.0675821425705,1363.8913611600192,3126.462629486622,3.630717449370407,4.083720251030594,3.8472527431396495,6410.25641025641,0.0001082400207734587,366.57774216553287,0.027000000000000003,0.32142857142857145,1-0-490-2,i,UT_015,015,2,fave,198.73547263194658,46.67637652343492,5,going,0,0.05999800000000732,on,"",ow,N,ow,N,internal
538.8865629851169,1799.5206015525475,2579.0116567508285,2.1668624775382246,4.2799804949510865,4.084984969004287,5692.3076923076915,0.000012681543952500433,373.4980611655329,0.027000000000000003,0.32142857142857145,1-0-492-4,i,UT_015,015,2,fave,269.07721309594547,53.82761448862351,5,favorite,0,0.05999800000000732,"",class,*hr,T,*hr,T,internal
557.1270463503184,2442.4064382298247,3840.608466858538,2.945105914353736,4.064033052536206,3.9306973277680215,7307.692307692308,0.0001715466036081433,381.38204083446715,0.035,0.3365384615384616,1-0-514-1,i,UT_015,015,2,fave,186.16250103351652,53.42443143912833,5,pictures,1,0.080016999999998,taking,"",P,K,P,K,internal
505.57726994772986,1867.3578237670927,3093.824922203517,2.641590423693768,3.742883733292799,3.7779420697623487,6230.7692307692305,0.0001880373789073465,383.07335349659866,0.040999999999999995,0.33064516129032256,1-0-517-1,i,UT_015,015,2,fave,227.8293329298307,61.00407420618173,5,this,1,0.09997599999996964,[bracketed],semester's,DH,S,DH,S,internal
490.9464516201182,2661.053227021467,3713.6219822153266,3.0892520380859176,4.426882221549098,4.134536416148922,8564.102564102563,0.001395209304704123,390.96134883446706,0.037,0.32456140350877194,1-0-539-0,i,UT_015,015,2,fave,220.1007438631674,57.74710028897308,5,int,0,0.0899970000000394,"","",#,N,"",N,initial
443.05117115409047,1891.273016390512,3005.9138298981775,2.5791550488741724,4.075494538618058,4.567058629131827,5333.333333333333,0.000035549891745485086,391.4453398344671,0.025,0.33783783783783783,1-0-541-1,i,UT_015,015,2,fave,216.91039592417178,56.9807515830364,5,just,0,0.05001799999996592,"",doing,JH,S,JH,S,internal
479.7866026295556,1466.945074668367,2847.914473245617,3.160308444770596,4.487507371701181,4.217725455080236,5871.794871794871,0.0004225245328441018,391.8583428344671,0.031,0.32978723404255317,1-0-542-2,i,UT_015,015,2,fave,216.47365080185335,59.273620893362214,5,doing,0,0.07000800000002982,just,the,Tuw,NG,Tuw,NG,internal
545.0591647091458,2603.1449486029883,3171.0365334224853,3.2208038949631064,3.95103627066226,4.326735467360121,6589.74358974359,8.516005132659518e-6,396.8063501655329,0.027000000000000003,0.32142857142857145,1-0-558-2,i,UT_015,015,2,fave,193.33522581904805,52.68843245031957,5,seeing,0,0.05999700000000985,and,actually,iy,NG,iy,NG,internal
553.0191886408933,2168.6503726391375,3010.674712955048,2.7491893466070065,4.184825430495762,4.209884259599807,5871.794871794871,0.0015598161522416404,399.1703518344671,0.075,0.3348214285714286,1-0-565-0,i,UT_015,015,2,fave,98.84202358363143,53.516571156279376,5,is,0,0.20001199999995833,development,"",#,Z,T,Z,initial
603.4405800898443,1951.1483507963064,2916.231116276049,3.092079160494494,3.4608644494189473,4.349369953648383,5871.794871794871,0.00017852864578200514,428.4742521655329,0.037,0.32456140350877194,1-0-583-1,i,UT_015,015,2,fave,199.4834686449437,57.40599392752238,5,just,0,0.08999699999998256,"",because,JH,S,JH,S,internal
589.3372428735639,2019.3321768318642,3100.9136188634207,2.9251525593623127,4.0356277162792695,3.697235907358257,5871.794871794871,0.00002363244779470609,430.6792498344671,0.027000000000000003,0.32142857142857145,1-0-590-0,i,UT_015,015,2,fave,202.47988189698916,58.523518729669476,5,it's,0,0.05999700000000985,and,like,#,T,D,T,initial
512.6844297586459,2366.7103614165057,3161.7221102809854,2.7021297580466963,4.063268985381047,3.7447247125856085,6410.25641025641,0.0034893388873731804,437.0892581655329,0.067,0.3284313725490196,1-0-605-0,i,UT_015,015,2,fave,225.76782965083132,57.34114103059066,5,is,1,0.17999299999996765,"",a,#,Z,"",Z,initial
448.7648607023059,2324.7729923633538,3275.941572003913,2.6539764779481874,4.204612339425346,4.213202089207487,6589.74358974359,0.00013120388958039859,438.7042388344671,0.037000000000000005,0.324561403508772,1-0-612-4,i,UT_015,015,2,fave,218.531095812345,56.42510710819167,5,breathing,0,0.09002699999996366,my,"",DH,NG,DH,NG,internal
637.5757081239435,2033.3361194114273,2993.3205305606693,2.488368889131202,4.12943763479988,3.740420654268981,6589.74358974359,0.0004904365414814978,478.5546528344671,0.051000000000000004,0.3311688311688312,1-0-657-0,i,UT_015,015,2,fave,250.52141692395068,60.48823258033917,5,it,1,0.13000499999998283,at,"",#,T,T,T,initial
502.5975913490013,1555.7254121887788,2982.0998194924373,3.1212233276522605,3.650306063743238,4.271913123385592,6051.282051282051,0.00011587985230823882,483.0926351655329,0.027000000000000003,0.32142857142857145,1-0-671-1,i,UT_015,015,2,fave,204.61073784691445,55.67251626491571,5,with,0,0.05999700000000985,and,the,W,TH,W,TH,internal
561.5949857605127,2257.6254129092144,3181.850531951352,2.4176877781720094,3.813801845945774,4.080889666773186,6230.7692307692305,0.0001359054520865129,485.19666216553287,0.055,0.3353658536585366,1-0-679-1,i,UT_015,015,2,fave,188.80715525627778,53.0166132074206,5,did,1,0.1399839999999699,i,"",D,D,D,D,internal
734.5162937098605,1648.3402056134041,3051.836456983487,3.4978515975409925,4.161641046935584,5.222945269578052,8025.641025641025,0.002433690108199065,487.20965683446707,0.040999999999999995,0.33064516129032256,1-0-682-5,i,UT_015,015,2,fave,189.5756844221604,56.051008860212576,5,modeling,0,0.10000600000000759,more,i,L,NG,L,NG,internal
526.5189688690994,1581.7325190791285,3308.4567729768687,3.2509635542018227,3.81612472200175,3.6158919204471665,6051.282051282051,0.00004768284713039512,499.4458508344671,0.027000000000000003,0.32142857142857145,1-0-711-2,i,UT_015,015,2,fave,191.26226418675722,51.75480739236382,5,doing,0,0.05999800000000732,they're,and,Tuw,NG,Tuw,NG,internal
448.0942698355642,2258.271905655915,3201.323307378735,3.3101873281797287,4.279627703967611,4.607698774919736,6230.7692307692305,0.000271999990469125,500.0158531655329,0.027000000000000003,0.32142857142857145,1-0-713-5,i,UT_015,015,2,fave,206.60104313445996,50.84127353515351,5,everything,2,0.059996999999953005,and,"",TH,NG,TH,NG,internal
643.8409416357916,1288.6717077215058,3269.3003168451596,2.927805908852977,3.8674733102977985,3.710135245828769,6589.74358974359,8.790951737254483e-6,516.4427688344672,0.027000000000000003,0.32142857142857145,1-0-734-3,i,UT_015,015,2,fave,311.5087362980735,63.94715725414687,5,growing,0,0.05999799999995048,"",up,ow,NG,ow,NG,internal
574.4572218762005,2365.036736573203,3190.774880981444,3.208442011815424,3.9837249935238495,4.660857537088725,6589.74358974359,0.00011658360128594811,518.2547668344671,0.031,0.32978723404255317,1-0-739-1,i,UT_015,015,2,fave,205.1035300192504,58.011543487809725,5,pictures,1,0.07000700000003235,had,of,P,K,P,K,internal
492.3445698067657,2946.6098286732345,3776.9196871418885,3.395439520380785,3.5160174411410376,4.4670257429009,6948.717948717948,0.00044474431681384595,519.8077505034014,0.057,0.32758620689655177,1-0-742-4,i,UT_015,015,2,fave,207.96659527997645,54.52657530805133,5,paintings,0,0.15002400000003036,"","",T,NG,T,NG,internal
478.73273547761033,2554.3933815914543,3315.007221326349,2.555472915687579,4.153685794365475,4.76121195912706,7128.205128205128,0.0001826614371062648,524.2027731655329,0.027000000000000003,0.32142857142857145,1-0-754-1,i,UT_015,015,2,fave,216.1858448848137,62.36584890152701,5,pictures,1,0.059996999999953005,take,of,P,K,P,K,internal
490.3484225395326,2007.7794780627378,3305.3355491265243,3.36219688191012,4.645972202148316,4.970985836158984,7307.692307692308,0.0017147078872442483,527.3777504965987,0.037,0.32456140350877194,1-0-767-2,i,UT_015,015,2,fave,180.69289910262256,49.52714431886873,5,doing,0,0.08996600000000399,up,it,Tuw,NG,Tuw,NG,internal
533.9734239396765,2802.218484086259,3364.145906711413,3.7091083805978338,3.8464342998053724,4.927572271983485,7128.205128205128,0.00025094572186376514,527.4927511655329,0.027000000000000003,0.32142857142857145,1-0-768-0,i,UT_015,015,2,fave,NaN,45.40923473150962,5,it,0,0.059996999999953005,doing,"",#,T,NG,T,initial
482.4557475881693,2090.425734965911,3085.0815110286712,2.4951511646913325,4.455168436902442,4.355547020029947,7128.205128205128,0.0014592079154656663,546.2044574965987,0.040999999999999995,0.33064516129032256,1-0-787-1,i,UT_015,015,2,fave,231.24032099822313,66.25701632885088,5,different,1,0.09997499999997217,"","",D,F,D,F,internal
613.6562300650108,2018.8083067267248,3131.787392195714,2.588599798617426,3.597912062875239,3.847800732763934,5871.794871794871,0.00014642602300583352,549.6064431723355,0.045,0.3358208955223881,1-0-791-1,i,UT_015,015,2,fave,207.05035358369798,59.046427710640934,5,different,1,0.11004700000000867,there's,like,D,F,D,F,internal
483.79762858364415,3018.9578493534304,3791.531805120531,3.2613387268943432,3.6493281881108515,4.853804421503289,7487.179487179487,0.0015555519490365111,561.5153528344672,0.075,0.33482142857142855,1-0-820-3,i,UT_015,015,2,fave,208.55443489073636,55.325810520069844,5,lighting,0,0.2000119999999015,right,it's,T,NG,T,NG,internal
565.0221339795065,2754.966732685849,3094.490379356016,3.153373154311543,4.123065571404435,4.050340020438342,6589.74358974359,0.0000482900420811839,561.7813251655328,0.027000000000000003,0.32142857142857145,1-0-821-0,i,UT_015,015,2,fave,167.39063551750988,51.14939012688976,5,it's,1,0.05999800000006417,lighting,not,#,T,NG,T,initial
445.51520767295835,2073.7922870527914,3659.525814950452,3.871043417389026,4.869433503218191,4.5175261285323,5871.794871794871,0.008139314599853634,567.7613671655329,0.027000000000000003,0.32142857142857145,1-0-836-0,i,UT_015,015,2,fave,187.58989510317733,50.327521496529634,5,in,0,0.05999700000006669,speeds,general,#,N,Z,N,initial
472.63970244703944,2231.384436366461,3214.2613006740444,2.805159378861018,4.058289237335784,4.270492502419194,6051.282051282051,0.0008235273352960903,570.1273528276644,0.13899999999999998,0.33574879227053134,1-0-843-0,i,UT_015,015,2,fave,205.53580347746242,60.74413207789246,5,is,1,0.3899539999999888,speed,versus,#,Z,D,Z,initial
460.2441782178134,2513.907011423042,3261.056769825987,2.9349236893342803,3.7682819415909,4.445333429441872,6948.717948717948,0.00007936023378583861,571.383362165533,0.031,0.32978723404255317,1-0-846-3,i,UT_015,015,2,fave,227.38875471543116,59.65256500304604,5,lighting,0,0.07000700000003235,the,that,T,NG,T,NG,internal
722.2612911559092,2248.6248263239845,3241.2404065671167,2.911420607452688,3.8658198680144693,3.6938454732678982,6230.7692307692305,0.0005373509384601601,572.2623691655328,0.149,0.33558558558558554,1-0-849-0,i,UT_015,015,2,fave,186.57805113081028,51.76150244564872,5,in,1,0.419983000000002,comes,"",#,N,Z,N,initial
493.5805167913528,2257.2888338889056,3081.6648873721215,2.5545963369292095,4.209349149650791,4.112634204688815,5871.794871794871,0.0002276676563469325,590.8047448344672,0.051000000000000004,0.3311688311688312,1-0-864-0,i,UT_015,015,2,fave,244.49705926515907,64.62180486713791,5,it',1,0.13000499999998283,"","",#,T,"",T,initial
451.93469534722203,2099.3246367539973,3075.913361168103,3.064150796220071,3.9959588097836627,4.710256834624924,6051.282051282051,0.0004264756153237569,592.8327341723356,0.027000000000000003,0.32142857142857145,1-0-870-3,i,UT_015,015,2,fave,205.99119831418523,57.963773333717086,5,using,0,0.06005799999991268,actually,my,Z,NG,Z,NG,internal
593.4465724070247,2163.6403620747546,3229.2728392294166,3.1625333134949987,3.8234768842312405,4.2733867213979435,6589.74358974359,0.0004468949907768567,597.0097454965986,0.061000000000000006,0.3315217391304348,1-0-884-0,i,UT_015,015,2,fave,213.46731260472666,63.40725475572363,5,it's,1,0.15997299999992265,"",definitely,#,T,"",T,initial
568.8959196239965,1621.1056454657337,3150.8111424399494,3.3762977353607924,4.277457714886634,3.8185567381194163,6051.282051282051,0.0006865625102376721,608.0477505034014,0.037000000000000005,0.324561403508772,1-0-899-3,i,UT_015,015,2,fave,210.81922709893416,61.792960371932175,5,feeling,0,0.09002699999996366,"",like,L,NG,L,NG,internal
590.5594304469848,1959.5408209496672,3173.909032167484,3.1436079180744465,3.891903405099462,4.336604552140835,6230.7692307692305,0.001797158136282426,608.5797524965985,0.061000000000000006,0.3315217391304348,1-0-903-0,i,UT_015,015,2,fave,287.46202324903925,60.12456194975124,5,it's,0,0.15997300000003634,"",a,#,T,"",T,initial
727.7765575392889,1761.1115697387136,2900.8264924252785,2.9846257517492143,3.9896062177022333,4.812221320172414,6230.7692307692305,0.00046137419626419003,611.0247248344671,0.031,0.32978723404255317,1-0-910-5,i,UT_015,015,2,fave,190.85930179140615,47.830167145010186,5,everything,2,0.07000700000003235,"",like,TH,NG,TH,NG,internal
552.0647744156715,1807.7716392534505,2948.5225301296405,3.1732647231386064,4.1961275851148425,4.380811616501908,6230.7692307692305,0.0010413759947563727,614.7211421723356,0.04100000000000001,0.3306451612903227,1-0-917-0,i,UT_015,015,2,fave,230.4923459540484,58.393563344755385,5,it's,0,0.10003700000004301,"",a,#,T,"",T,initial
478.1623502777187,2053.950751361685,3048.343454348209,2.950592885122677,3.4788461247312408,4.07205800091575,5871.794871794871,0.00018104367971701215,614.9961608344671,0.031,0.32978723404255317,1-0-919-1,i,UT_015,015,2,fave,167.49514424261517,55.92964756643776,5,digital,1,0.07000700000003235,a,"",D,JH,D,JH,internal
539.8284045656079,2174.646770733947,3024.0490667714093,3.2461534459422885,3.973557186607058,4.274811600047368,6051.282051282051,0.00041928151291972365,618.6077584965986,0.055,0.33536585365853655,1-0-930-1,i,UT_015,015,2,fave,188.50050267026845,54.7347325615468,5,his,1,0.1399539999999888,that's,that's,HH,Z,HH,Z,internal
564.0513925270836,2024.4781714112107,3127.435229494215,2.895217915508403,4.034644467466518,4.3275967694051936,6589.74358974359,0.0005372258519300017,627.4171625034013,0.055,0.3353658536585366,1-0-948-0,i,UT_015,015,2,fave,283.38737415532177,62.270607334600776,5,it's,1,0.1400149999999485,"",more,#,T,"",T,initial
488.1289600909901,2294.662487323897,3181.683282429478,3.535822424512446,4.209891182773974,4.6099558452253975,6589.74358974359,0.00020902733390885283,629.387137834467,0.035,0.33653846153846156,1-0-955-3,i,UT_015,015,2,fave,194.15695918786776,55.32577469286438,5,having,0,0.080016999999998,w,it,V,NG,V,NG,internal
420.3636125056862,2377.3410118439783,3033.6854622989804,3.152714800455189,4.292697691162532,4.08165525635841,6230.7692307692305,0.00009024036510786206,629.5771398344671,0.035,0.33653846153846156,1-0-956-0,i,UT_015,015,2,fave,189.66492889512264,54.15455992004966,5,it,1,0.080016999999998,having,to,#,T,NG,T,initial
574.2327683003449,1983.717091449066,3372.5434601445777,3.353206686718721,4.0825230730342446,4.982316905594634,7487.179487179487,0.0014756079557837606,630.0271575034013,0.035,0.3365384615384616,1-0-959-0,i,UT_015,015,2,fave,473.5693655026867,48.10226757647696,5,if,0,0.08001799999999548,where,you,#,F,R,F,initial
543.3072982758156,1766.2705222017464,3142.5915712020796,2.9656023626006722,3.4106296822556113,4.095218149645767,6589.74358974359,0.00007023052522039719,630.9871648344671,0.055,0.3353658536585366,1-0-965-1,i,UT_015,015,2,fave,260.3493525066086,68.86663297535553,5,film,1,0.140013999999951,the,it's,F,L,F,L,internal
564.8336280211514,1942.7195275663566,3121.9244933763844,3.025893235976027,4.086286603580094,4.657818783116561,6230.7692307692305,0.0016093208974611664,632.3021661655329,0.045,0.3358208955223881,1-0-971-1,i,UT_015,015,2,fave,179.99827419699173,54.66797421724801,5,to,0,0.10998500000005151,how,find,T,#,T,F,final
565.9313539601638,1968.5008185516308,3288.886450134487,2.970742316689732,3.677116094793196,4.402188435431221,6589.74358974359,0.00019443915835720273,653.9492548276644,0.035,0.3365384615384616,1-0-991-1,i,UT_015,015,2,fave,194.722149843685,56.58915713224981,5,different,1,0.07995600000003833,the,"",D,F,D,F,internal
591.6544861559673,1981.1398585150848,3242.627454490106,3.035578011978416,3.666416696803486,3.943087682342676,6410.25641025641,0.0006316535463266859,656.9352418344671,0.067,0.32843137254901966,1-0-997-1,i,UT_015,015,2,fave,195.63975957586734,56.07231603664533,5,to,0,0.17999300000008134,ways,use,T,#,T,Y,final
606.2113816861895,1971.073550610375,2836.6084791299277,3.074437079496584,4.084191608453782,4.049965318653066,5871.794871794871,0.0008476735667724294,659.6452638344671,0.067,0.32843137254901966,1-0-1004-2,i,UT_015,015,2,fave,220.18747020960845,56.36694221011872,5,which,1,0.17999300000008134,speeds,"",W,CH,W,CH,internal
624.2834536231186,2197.507695187339,3092.4063192848093,2.7387734274140016,4.028253635233815,4.1496889555717695,6051.282051282051,0.00019132532692816466,663.2502474965986,0.037,0.32456140350877194,1-0-1011-1,i,UT_015,015,2,fave,275.78190408555463,58.02581228852825,5,things,1,0.08996600000000399,of,to,TH,NG,TH,NG,internal
587.9291076668565,1868.6729499900316,3125.4785291539592,3.5084182992302497,4.11074143496065,3.993943180458275,6051.282051282051,0.2323145803564756,665.9222228344672,0.08099999999999999,0.3319672131147541,1-0-1020-1,i,UT_015,015,2,fave,191.7846913792763,49.04133146373499,5,just,0,0.22003099999994902,"",show,JH,S,JH,S,internal
547.0609876914718,1842.1717987991324,3043.53942569964,3.0327599767590887,3.9863992005338127,4.369736212444726,6051.282051282051,0.00009320368818146857,669.2252398344672,0.027000000000000003,0.32142857142857145,1-0-1032-1,i,UT_015,015,2,fave,208.48820606022713,60.03816962847359,5,fill,1,0.059996999999953005,"",it,F,L,F,L,internal
610.31336886183,1309.549083883333,3309.32485452334,2.681931694219263,3.6553653523928435,3.6733531049980814,6589.74358974359,0.000136586272789067,669.3952341723356,0.027000000000000003,0.32142857142857145,1-0-1033-0,i,UT_015,015,2,fave,563.4036241907478,53.52370564937385,5,it,0,0.06005799999991268,fill,themselves,#,T,L,T,initial
567.6267330457949,2386.645105964998,3239.0064589892495,3.1542119884199398,4.427618275714049,4.638810628400607,7128.205128205128,0.00048691823039746286,670.8652391655329,0.047,0.3263888888888889,1-0-1037-2,i,UT_015,015,2,fave,185.51211429360254,53.80368214765105,5,doing,0,0.11999500000001717,like,"",Tuw,NG,Tuw,NG,internal
460.26748625013266,2286.0097619590747,3176.3886274965053,2.7691604012599402,3.9142723150920653,3.842774715295491,6589.74358974359,2.7567704562096203e-6,679.2269305034013,0.025,0.33783783783783783,1-0-1059-1,i,UT_015,015,2,fave,204.57982408862813,60.76412521713536,5,get,1,0.050049000000058186,"",to,G,T,G,T,internal
460.75087876069125,1699.0376233961827,2859.384823889724,2.97181482537792,4.363383749126162,4.710580877930897,6948.717948717948,0.00037473702894492554,681.2699638344671,0.031,0.32978723404255317,1-0-1065-1,i,UT_015,015,2,fave,200.69868518508974,56.736830270244354,5,before,0,0.07000799999991614,"",you,B,F,B,F,internal
516.3687962755968,1906.924186546329,3084.509724045949,2.9481820673354426,4.097407965163255,4.457157154627811,6410.25641025641,0.00008518608347864006,732.131958165533,0.031,0.32978723404255317,1-0-1083-1,i,UT_015,015,2,fave,217.9693898565223,56.48588903060994,5,his,1,0.07000700000003235,for,cereal,HH,Z,HH,Z,internal
613.8861520293244,1794.082676209548,2884.5834600629187,3.219810891243299,3.732592457847681,4.517754559435164,5871.794871794871,0.00030588721481208275,733.9639694965987,0.035,0.3365384615384616,1-0-1087-1,i,UT_015,015,2,fave,231.66734385617687,60.797634161436235,5,children,1,0.07995599999992464,the,sang,CH,L,CH,L,internal
485.12135592370123,2671.7575393566394,3416.3415152569096,3.0309322947692294,4.628603582766956,4.698379439424802,7128.205128205128,0.003616893446918511,737.8149468344672,0.057,0.32758620689655177,1-0-1097-1,i,UT_015,015,2,fave,215.0979367702611,59.75287132782577,5,kids,1,0.15002400000003036,the,saw,K,D,K,D,internal
486.84670569880825,2194.6820127745314,3645.567965382263,3.389070446949608,4.02315389002815,4.405958681766525,8205.128205128205,0.015836560476111837,739.1839318344671,0.075,0.33482142857142855,1-0-1103-0,i,UT_015,015,2,fave,298.3752949670191,49.619196144274014,5,in,0,0.20001200000001518,udder,the,#,N,*hr,N,initial
551.4418268715411,1773.9633906214285,2877.5299336976377,3.1056593385031896,4.232173030935088,3.8155119547595353,6589.74358974359,0.00006680441293701544,743.7687395034013,0.025,0.33783783783783783,1-0-1114-1,i,UT_015,015,2,fave,142.72523792469056,50.05848402198741,5,this,1,0.0500489999999445,elk,season,DH,S,DH,S,internal
714.44255365687,1989.2302365857554,3414.2517993633405,3.5719845466773696,3.5846134689626,4.205680024393449,6589.74358974359,9.749882476580879e-6,752.8602348344671,0.031,0.32978723404255317,1-0-1138-2,i,UT_015,015,2,fave,248.73107254086392,64.58106533533841,5,prince,1,0.07000800000002982,"",william,R,N,R,N,internal
583.1068061297545,1415.07712543159,2974.100853602843,3.194853993139722,3.0473850651970475,4.472928248573563,6051.282051282051,0.000025510111727147528,753.1782371655329,0.027000000000000003,0.32142857142857145,1-0-1139-1,i,UT_015,015,2,fave,240.06463251275957,63.967101514269515,5,william,1,0.059996999999953005,prince,returned,W,L,W,L,internal
604.1498544196583,1959.0289987414876,3874.7891100381826,3.0986000445294324,3.6293188609189566,4.839520582413979,8205.128205128205,0.0002882648590340948,754.5332674965987,0.037000000000000005,0.324561403508772,1-0-1142-2,i,UT_015,015,2,fave,368.3930060065223,58.378113009293095,5,britain,1,0.08996600000000399,to,after,R,T,R,T,internal
640.5579572388142,1839.9151249140496,2276.3614875867843,2.600742055274546,3.9136335835535445,4.601543030931839,5871.794871794871,0.00012855218741377055,755.6002258344671,0.031,0.32978723404255317,1-0-1145-2,i,UT_015,015,2,fave,30.83792145503778,52.478778317730495,5,trip,1,0.07000700000003235,his,"",R,P,R,P,internal
608.2536602712854,2194.686872739315,3150.7315193815302,3.2426986515798957,4.084531538421673,3.684141871085757,6230.7692307692305,0.00024038720393013228,760.3702448344671,0.031,0.32978723404255317,1-0-1154-0,i,UT_015,015,2,fave,216.34014829833635,52.308747820418525,5,in,0,0.07000799999991614,elf,them,#,N,F,N,initial
568.6973862560434,1522.9881851219689,3733.087407176255,3.432983320098203,3.9089760119452452,4.909503741472144,8564.102564102563,0.0008442234675174638,761.6682328344672,0.027000000000000003,0.32142857142857145,1-0-1158-1,i,UT_015,015,2,fave,206.5042843786365,56.75190844368981,5,reporter,0,0.05999799999995048,the,heard,R,P,R,P,internal
539.7279221586889,1814.4747158670773,2963.8093283063554,2.3305160537356704,3.213200116961785,3.6195235654367583,6051.282051282051,0.00011026140767683734,766.1022654965986,0.055,0.33536585365853655,1-0-1166-6,i,UT_015,015,2,fave,266.8287153098902,64.29700308284308,5,pharmacist,0,0.1399539999999888,my,used,S,S,S,S,internal
501.41719710870393,1843.071624884521,2889.6228519628585,2.9826863064091444,4.265197332552235,4.373802307127108,5692.3076923076915,0.0002063193799193787,771.6787695034013,0.035,0.33653846153846156,1-0-1182-0,i,UT_015,015,2,fave,254.7518373524497,57.063643191439304,5,its,0,0.080016999999998,to,dish,#,T,Tuw,T,initial
498.32442652200825,2098.4931229263466,3039.8700879523017,2.5095121109044003,4.002103360600164,4.108466619168663,5692.3076923076915,0.00004321101054122782,771.9847608344671,0.027000000000000003,0.32142857142857145,1-0-1183-1,i,UT_015,015,2,fave,516.3624127922428,58.14607726280279,5,dish,1,0.05999800000006417,its,"",D,SH,D,SH,internal
740.305322440645,1829.208486673307,3031.345413650268,3.0622086426100834,3.764091145227188,3.528052953360274,6051.282051282051,0.0018708426529955335,773.8617375034013,0.065,0.3350515463917526,1-0-1186-5,i,UT_015,015,2,fave,259.4513480102634,60.91170366912233,5,baroness,0,0.17004399999996167,the,"",N,S,N,S,internal
592.5310416061789,1543.2188606215393,2936.434279674595,3.044797879531409,3.8293102218376904,3.9327037182140643,5871.794871794871,0.00004415966751464551,782.984746834467,0.031,0.32978723404255317,1-0-1210-1,i,UT_015,015,2,fave,209.929608286244,58.070723351210226,5,with,0,0.07000700000003235,"",the,W,TH,W,TH,internal
458.6284167115498,2392.746668314485,3010.754533098444,2.509527125265156,3.893009126758979,3.5691004334447807,6230.7692307692305,0.0008936686300676025,785.6747398344672,0.051000000000000004,0.3311688311688312,1-0-1216-0,i,UT_015,015,2,fave,293.7719210999521,62.44914706653762,5,is,1,0.13000499999998283,smoothie,made,#,Z,spn,Z,initial
541.7248388366887,1696.4351682437227,2995.8998012777265,3.3102031129504432,3.933089753159821,3.9308918570496636,5871.794871794871,0.0001377568441568984,786.3747618344671,0.031,0.32978723404255317,1-0-1218-1,i,UT_015,015,2,fave,210.05906553487867,59.76809144676621,5,with,0,0.07000700000003235,made,kale,W,TH,W,TH,internal
555.992394953669,2107.9253497971245,3513.4668193103075,3.6234221466129615,3.766956089874739,4.312214242266891,6769.2307692307695,0.000019994272441238574,794.3027481655329,0.027000000000000003,0.32142857142857145,1-0-1238-2,i,UT_015,015,2,fave,217.78464199181542,57.18401428003537,5,drinking,1,0.05999800000006417,are,"",R,NG,R,NG,internal
460.68836050125765,2688.7429588048803,3593.045013986123,2.966875212402821,3.4577137343023536,4.740656993802203,6589.74358974359,0.00040021367595106266,794.5047668344671,0.031,0.32978723404255317,1-0-1238-5,i,UT_015,015,2,fave,236.0146069285281,60.035086297243986,5,drinking,0,0.07000700000003235,are,"",K,NG,K,NG,internal
463.9546861178693,2060.6375351047195,3184.994713061443,2.366196548789291,3.3948991546393925,3.384274247393584,6410.25641025641,2.4850492210960417e-6,798.7273701655329,0.027000000000000003,0.32142857142857145,1-0-1248-4,i,UT_015,015,2,fave,231.906342497385,63.67086022016206,5,landed,0,0.05999800000006417,acrobat,near,D,D,D,D,internal
592.3757031361502,1422.9941845741052,2846.0144879168106,3.144357030044849,4.068269879446155,4.079693455515393,5692.3076923076915,0.00005170337528814553,804.5093438344671,0.031,0.32978723404255317,1-0-1262-2,i,UT_015,015,2,fave,214.16394257210334,62.82351700005361,5,whittles,1,0.07000799999991614,the,during,W,T,W,T,internal
508.6590532900071,2263.9980949705878,3647.014763547846,3.611692813714076,4.070439369995887,4.179020807315421,7487.179487179487,0.00010508602907804108,805.0673361655329,0.027000000000000003,0.32142857142857145,1-0-1263-3,i,UT_015,015,2,fave,207.69462628696724,55.326919596422954,5,during,0,0.05999700000006669,whittles,spring,R,NG,R,NG,internal
621.3855592239191,2120.299786003806,3310.586193968816,3.2962810293288927,3.799267021866178,4.596837086206986,7666.666666666666,0.0006858023346920715,805.544368165533,0.04100000000000001,0.3306451612903227,1-0-1264-3,i,UT_015,015,2,fave,98.37441290708563,50.31524109342338,5,spring,1,0.09997499999997217,during,"",R,NG,R,NG,internal
616.162820187138,1788.529002715155,3075.2941982889506,3.22872630267537,3.6376669427418546,4.0415294557091626,6410.25641025641,0.00034795739503413743,816.3923388344672,0.057,0.32758620689655177,1-0-1291-4,i,UT_015,015,2,fave,250.7983131684161,61.60762040944794,5,violinist,1,0.15002499999991414,the,plays,L,N,L,N,internal
631.6346477391932,1861.4698170333613,3202.2507875075053,2.6866697269918416,3.6568227222926284,4.311817317254586,6230.7692307692305,0.00012832481708404672,817.7613438344671,0.035,0.33653846153846156,1-0-1294-1,i,UT_015,015,2,fave,210.29002731089608,60.649389814197825,5,fiddle,1,0.080016999999998,the,well,F,D,F,D,internal
542.195404206574,1963.341111396951,2666.400651287749,2.511966266682967,4.295516459318527,4.981147724475745,7666.666666666666,0.001185963235503194,823.7273601655329,0.047,0.3263888888888889,1-0-1307-0,i,UT_015,015,2,fave,266.75351958201855,62.31347179264557,5,is,1,0.11999500000001717,author,called,#,Z,*hr,Z,initial
577.5023872423454,2517.647901127771,3263.7389277476173,3.7108398135283123,4.241172575678281,4.300604421985836,6230.7692307692305,0.01123474511860448,829.3097645034014,0.057,0.32758620689655177,1-0-1318-0,i,UT_015,015,2,fave,244.48299103996985,49.41856664402299,5,in,1,0.15002399999991667,latin,"",#,N,N,N,initial
656.1709703813414,1790.064968709649,3405.793177891154,3.2253049656177506,4.003932594208423,3.856306445359998,6410.25641025641,6.824611844209281e-6,832.1127461655329,0.027000000000000003,0.32142857142857145,1-0-1324-1,i,UT_015,015,2,fave,230.36953532393065,63.28530477898531,5,children's,1,0.05999799999995048,the,hands,CH,L,CH,L,internal
624.2991835026075,2415.953361176733,3285.7404377711664,2.920152568644488,4.197210146138272,3.8819476717455226,6051.282051282051,0.0006672571224947638,833.7867588276644,0.075,0.3348214285714286,1-0-1328-1,i,UT_015,015,2,fave,174.75106306069543,54.59706366999561,5,mittens,1,0.19995200000005298,need,for,M,T,M,T,internal
566.6455850071952,2215.4343403720445,3727.4449226736883,3.3952297433003404,4.084695161115843,4.601158301395046,7307.692307692308,0.00010725387536078471,838.4047241655329,0.031,0.32978723404255317,1-0-1340-3,i,UT_015,015,2,fave,205.56763393887667,57.02488520759387,5,during,0,0.07000700000003235,trail,the,R,NG,R,NG,internal
579.5265795381949,1554.7933868150253,3020.389787446065,3.1429390403543636,3.7566731882117876,4.098369226448351,5871.794871794871,0.0001351522679701339,841.9177455034014,0.037000000000000005,0.324561403508772,1-0-1348-1,i,UT_015,015,2,fave,216.78018590065946,58.52230626190902,5,with,1,0.09002699999996366,covered,"",W,TH,W,TH,internal
543.8121930495531,1456.1668861623994,2949.836134473785,3.17183062800135,3.980192820650426,3.911336671461674,5871.794871794871,0.00010400348734366465,842.6347718344671,0.031,0.32978723404255317,1-0-1350-1,i,UT_015,015,2,fave,217.89878524032233,61.01755272668951,5,with,0,0.07000700000003235,"",mail,W,TH,W,TH,internal
626.9725565413491,2151.216452395647,3089.6743751211748,3.350084789600973,4.017180710641525,3.885047712843083,5871.794871794871,0.0017245175767524453,846.7177278344672,0.037,0.32456140350877194,1-0-1359-0,i,UT_015,015,2,fave,223.9642697586276,52.07641894079433,5,in,0,0.09002599999996619,"",the,#,N,"",N,initial
492.61359818718984,2061.8526010688543,3281.2862236939877,2.5967879564978484,4.496392784397763,4.2301489417614375,6769.2307692307695,0.0006068660905549331,849.6217404965987,0.045,0.3358208955223881,1-0-1367-0,i,UT_015,015,2,fave,247.71173144285126,64.15614076349262,5,is,1,0.10998499999993783,store,ready,#,Z,R,Z,initial
597.9115538746428,1813.7366775356832,2856.2280300242946,3.2054811052014176,3.7367618217450915,3.7154170848769743,5692.3076923076915,0.000056226025112964395,852.4347588344671,0.031,0.32978723404255317,1-0-1376-1,i,UT_015,015,2,fave,218.76161785069644,59.34078391058122,5,windows,1,0.07000800000002982,the,need,W,N,W,N,internal
613.3145931069023,1847.423067825071,3524.5838133472294,3.3977586358851055,4.137285167112285,4.246502536512784,6589.74358974359,0.00010676484313035313,856.9003441655329,0.027000000000000003,0.32142857142857145,1-0-1387-1,i,UT_015,015,2,fave,227.55000976817433,62.46262918104556,5,children,1,0.059996999999953005,the,saw,CH,L,CH,L,internal
621.8212679787445,1988.840578061686,2913.5784779249307,2.569550544160647,3.774330400825723,4.061583165859255,5512.820512820513,0.0005689768240842268,858.7153425034014,0.057,0.3275862068965517,1-0-1394-1,i,UT_015,015,2,fave,233.70918325272066,55.99211250071673,5,ridge,1,0.15002499999991414,the,"",R,JH,R,JH,internal
644.8791588523002,1872.436744934965,3569.010719054425,3.3292742228691843,3.9363957761567776,4.428436802523169,6589.74358974359,0.00019072083192736417,864.4703511655329,0.027000000000000003,0.32142857142857145,1-0-1408-1,i,UT_015,015,2,fave,233.3956865425834,62.2959267915305,5,children,1,0.05999800000006417,the,found,CH,L,CH,L,internal
471.54994143343583,1810.7777559260473,3014.534726065096,3.3103037819786842,4.315522769712975,4.366693364024544,6410.25641025641,0.007191912371239352,865.8603361655329,0.087,0.32954545454545453,1-0-1412-0,i,UT_015,015,2,fave,301.8429030018831,47.68455699738947,5,in,0,0.23999100000003182,whale,the,#,N,L,N,initial
626.645572471119,1533.2847159402918,3103.7667957838044,2.85958407426108,4.1975311588750825,4.020445903056421,6410.25641025641,0.005294750068686316,869.3203681655328,0.067,0.3284313725490196,1-0-1421-0,i,UT_015,015,2,fave,257.234838379988,49.58381658296093,5,in,0,0.17999300000008134,nail,the,#,N,L,N,initial
505.73178202082545,1893.4133475104825,3091.3216263998243,2.9980876924613176,3.7964441210679944,3.936617101098795,6051.282051282051,0.00007131445506495001,879.2323668344671,0.031,0.32978723404255317,1-0-1443-1,i,UT_015,015,2,fave,203.54849032656386,57.43296736120354,5,this,1,0.07000699999991866,fad,week,DH,S,DH,S,internal
499.7254184975079,1166.33924310243,3009.1809240189405,2.428181632358686,3.1167916767327326,3.8399385139569326,6230.7692307692305,0.000046531463671024704,881.1414601655329,0.045,0.3358208955223881,1-0-1447-1,i,UT_015,015,2,fave,244.3031819957976,67.21112610904568,5,will,1,0.10998600000004899,she,"",W,L,W,L,internal
651.3361912716572,2494.143246151237,3300.46828692424,2.800827111401578,4.019298389625861,4.22988587727124,6230.7692307692305,0.000801850909454879,886.4224291655329,0.047,0.3263888888888889,1-0-1461-1,i,UT_015,015,2,fave,214.32345205147504,57.37702348200675,5,kitten,1,0.11999500000001717,the,next,K,T,K,T,internal
496.42805695457156,1961.4641568576656,3090.4836128588545,3.000548661573965,4.249624386666523,3.9776359561797037,6410.25641025641,0.00010296908896561817,890.224431834467,0.031,0.32978723404255317,1-0-1470-1,i,UT_015,015,2,fave,209.28276641394777,58.94043323892067,5,his,0,0.07000800000002982,for,cereal,HH,Z,HH,Z,internal
582.6887826009099,2077.0653741049355,3501.265678079804,3.279758892147792,4.214135894302491,4.39564687281723,6948.717948717948,0.00005757997705080093,891.6144468344671,0.031,0.32978723404255317,1-0-1474-1,i,UT_015,015,2,fave,221.46935331382173,62.20295912427471,5,children,1,0.07000700000003235,the,sang,CH,L,CH,L,internal
489.76899448987564,1042.4338045958882,2483.902740027617,2.906812540994205,3.092704482325365,4.464237592527222,5333.333333333333,0.0025597536368750116,84.44275383446713,0.055,0.3353658536585366,1-0-39-1,owr,UT_015,015,2,fave,238.11225041423504,59.906097791404655,5,jordan,1,0.1399990000000031,west,"",JH,R,JH,R,internal
499.14616271989865,887.2751188192111,2737.9427336505255,3.049337423268455,3.123256054620404,4.026405742530262,5333.333333333333,0.0001979678701437514,88.69904716553287,0.045,0.3358208955223881,1-0-46-1,owr,UT_015,015,2,fave,229.96771991215627,56.012839972225166,5,for,1,0.1100009999999969,roy,"",F,R,F,R,internal
549.7408215595984,970.3789612860246,2847.03391084296,3.2927373596752303,3.316186322428317,4.146487676013517,5153.846153846154,0.00007268862700264135,149.28294883446713,0.027000000000000003,0.32142857142857145,1-0-106-1,owr,UT_015,015,2,fave,212.57767664051184,50.79172090549289,5,for,1,0.05999700000000985,struggled,"",F,R,F,R,internal
620.8628409181048,959.3137148538777,2493.489310472679,3.127144634663248,3.131745565229241,4.12168489408091,4974.358974358975,0.0004138919301266211,252.20384783446713,0.031,0.32978723404255317,1-0-268-0,owr,UT_015,015,2,fave,86.97441099600843,47.42150192997426,5,or,1,0.07000700000000393,"",summer,#,R,"",R,initial
515.6437648098114,786.5923113882345,3163.8098924432056,3.4934578722996656,3.390146022529455,4.607576242429936,6589.74358974359,0.00021755283695652604,355.83975783446715,0.031,0.32978723404255317,1-0-461-1,owr,UT_015,015,2,fave,207.69419876802905,53.932130192283246,5,more,1,0.0700069999999755,be,tired,M,R,M,R,internal
503.1081446650956,895.4432526867658,2842.865965024506,3.253737754339151,3.227119082511821,4.679565906465435,5692.3076923076915,0.0079303076906766,356.9217458344671,0.095,0.33450704225352107,1-0-463-0,owr,UT_015,015,2,fave,262.37303388431366,50.18508169451542,5,or,1,0.2600100000000225,tired,"",#,R,D,R,initial
537.8558578965209,776.0124960669384,3356.783316960885,3.214369607768087,3.4541639609961448,3.8537871316353214,7128.205128205128,0.0006133981301554457,358.25875716553287,0.10899999999999999,0.3364197530864197,1-0-465-1,owr,UT_015,015,2,fave,201.3636291213751,58.79563967666604,5,more,1,0.29998800000004167,"","",M,R,M,R,internal
538.4860253040821,779.3821471941852,3031.9224286259782,3.514612632801452,3.9522377220690634,4.843842315668934,6589.74358974359,0.0006893470164058614,429.7412468344672,0.031,0.32978723404255317,1-0-587-1,owr,UT_015,015,2,fave,190.04570328900695,49.363644707271376,5,warmth,1,0.07000799999997298,the,"",W,R,W,R,internal
467.6194040632601,775.2756197687396,2656.0552417062127,3.03897712495435,2.910470116996055,4.458468843660871,6051.282051282051,0.0033811964116227215,520.3747418344672,0.07100000000000001,0.3317757009345795,1-0-744-0,owr,UT_015,015,2,fave,199.40605580218224,52.87831171704354,5,or,1,0.190003000000047,"","",#,R,"",R,initial
473.68321970067956,763.1218918674808,2984.181236707241,3.254470881267274,3.239164891531051,4.789539383551346,6410.25641025641,0.0019204362138790978,555.8294381655328,0.091,0.33211678832116787,1-0-805-1,owr,UT_015,015,2,fave,217.32675222103305,58.148612673578214,5,for,1,0.25,works,"",F,R,F,R,internal
468.77199892852195,575.6310341009672,2842.5682264061775,3.7768946841417783,3.301869416227801,4.537349016924363,6230.7692307692305,0.0036267358778857527,564.8553288344671,0.055,0.33536585365853655,1-0-828-1,owr,UT_015,015,2,fave,198.7178171283516,57.845230982045145,5,more,1,0.140013999999951,"","",M,R,M,R,internal
603.4855233022527,893.6676295600294,3214.427239940738,3.2855852589339625,3.160104110367875,3.898193739282295,7128.205128205128,0.0001615851409830321,601.1647241655329,0.051000000000000004,0.3311688311688312,1-0-890-3,owr,UT_015,015,2,fave,199.3194179716995,58.70662859205366,5,memorial,1,0.13000500000009652,"","",M,R,M,R,internal
595.4415484588019,942.9036062207786,3342.8831699594293,3.568712835207854,3.4708351604623755,4.52724431238005,6589.74358974359,0.0018190421272199862,627.7701485034013,0.04100000000000001,0.3306451612903227,1-0-949-1,owr,UT_015,015,2,fave,207.8575467255795,60.051825681121706,5,more,1,0.10003600000004553,it's,of,M,R,M,R,internal
617.5603296132107,810.3518462393207,2289.349128726733,2.8989936065720063,3.5492231775564154,4.760899137437326,4615.384615384615,0.00009226320644654029,795.7927448344672,0.027000000000000003,0.32142857142857145,1-0-1244-1,owr,UT_015,015,2,fave,191.19597501233082,54.36919496467577,5,horn,1,0.059996999999953005,of,"",HH,R,HH,R,internal
589.9947526919592,944.5787870277427,3171.13397669974,3.307403653351843,3.0317458294387594,4.5751464944187,5692.3076923076915,0.000453165374906164,834.4197455034014,0.040999999999999995,0.33064516129032256,1-0-1329-1,owr,UT_015,015,2,fave,217.82893396592812,61.0131037209613,5,for,1,0.10003599999993185,mittens,"",F,R,F,R,internal
551.27204187372,1204.2977189231256,2617.239498870962,3.269974113076265,3.439559361572554,4.637078110692331,5333.333333333333,0.00013070475146858125,849.4467574965987,0.035,0.3365384615384616,1-0-1366-2,owr,UT_015,015,2,fave,216.58300016011572,62.385240283056476,5,store,1,0.07995599999992464,the,is,T,R,T,R,internal
540.6280390064633,905.6048230085274,2735.1315089030636,3.193438092945145,3.0444008412562362,4.070782402655002,5333.333333333333,5.0402914933356675e-6,862.7493305034013,0.025,0.33783783783783783,1-0-1403-1,owr,UT_015,015,2,fave,209.91458718664734,60.41898698807898,5,for,1,0.0500489999999445,fountain,the,F,R,F,R,internal
574.9274222984918,1254.011804978865,2611.1771216421066,2.9430101934887425,3.171572731887315,4.254738403303949,5153.846153846154,0.0000726466580815779,887.1144468344671,0.031,0.32978723404255317,1-0-1463-1,owr,UT_015,015,2,fave,86.56229264518849,55.7329226046444,5,door,1,0.07000700000003235,next,"",D,R,D,R,internal
646.3732343965402,1137.378010439738,3107.5503455444677,2.933211489032089,3.767170778705351,4.479026482700638,6051.282051282051,0.0029095627397373956,88.08704883446713,0.141,0.33254716981132065,1-0-45-1,oy,UT_015,015,2,fave,233.3502664091605,57.98216879096582,5,roy,1,0.40000200000000063,"",for,R,#,R,F,final
568.8165191329136,820.1838774317374,3132.2261517620514,3.2288953925258315,3.7022540093349927,4.772459131898589,6230.7692307692305,0.009359034658914838,440.5632448344671,0.055,0.33536585365853655,1-0-617-1,oy,UT_015,015,2,fave,172.6379092285383,50.99578885053892,5,moist,1,0.14001500000000533,the,one,M,S,M,S,internal
643.8845335527551,1109.9779020232604,2971.927694348532,3.269671793201106,3.9299232293630335,4.763108808000538,6769.2307692307695,0.0048129577876573956,885.628436834467,0.07899999999999999,0.3376068376068376,1-0-1458-1,oy,UT_015,015,2,fave,223.91678350567193,60.475788497152585,5,noise,1,0.21002200000009452,the,from,N,Z,N,Z,internal
536.9655115693212,2261.7102539824423,3745.628189336402,2.8308012516270655,4.098858284985552,4.41128819861736,8923.076923076922,0.00007619199820841687,89.41304816553287,0.033,0.39285714285714285,1-0-48-0,eyF,UT_015,015,2,fave,240.9548430139754,56.18285802841227,5,a,1,0.05999800000000732,"",year,#,#,"",Y,coextensive
536.4511161384614,2276.60537917167,3600.0489931670563,3.2136298769939584,3.6011243120852843,4.644370416073344,7666.666666666666,0.0002097267080245914,95.67604983446712,0.043,0.34677419354838707,1-0-56-0,eyF,UT_015,015,2,fave,164.15875188533843,46.59790334501187,5,a,1,0.10000599999999338,for,year,#,#,*hr,Y,coextensive
594.768191171704,2068.765349921965,3769.618001953983,3.1599552472727725,4.492326557510391,4.324760892297202,8564.102564102563,0.0011575606483167568,394.9053618344671,0.025,0.16233766233766234,1-0-552-1,eyF,UT_015,015,2,fave,192.2335468061395,53.88387642096888,5,way,1,0.13000499999998283,the,to,W,#,W,T,final
565.0138095358931,2175.656955455707,2966.395971359041,3.0527920761069716,4.193147895700861,4.661346707084745,6769.2307692307695,0.00108363462527814,426.2182464965986,0.025,0.11160714285714288,1-0-577-1,eyF,UT_015,015,2,fave,193.3136008152033,55.29424446716995,5,say,1,0.19998199999997723,probably,like,S,#,S,L,final
520.0109944497218,2990.101476517621,4934.291476719989,3.188420047841659,4.47916795159835,4.911038150672728,8564.102564102563,0.008637787587258278,455.82665716553294,0.049,0.36567164179104483,1-0-638-1,eyF,UT_015,015,2,fave,210.6260468792195,55.30568297993811,5,say,1,0.10998599999999215,would,three,S,#,S,TH,final
614.6403307924837,2293.2431792413804,3283.9023336415257,2.7264588020153036,4.175177954876579,4.46807982885351,6589.74358974359,0.0004664505342592451,574.4803238344672,0.065,0.37356321839080464,1-0-855-1,eyF,UT_015,015,2,fave,157.61677582804796,51.72239209967674,5,day,1,0.15002399999991667,of,as,D,#,D,ae,final
622.4089106312706,2719.5875576884164,3482.3886668127734,3.2822035480726113,3.742274099817207,4.82305374975002,6948.717948717948,0.011434610521198348,605.5137694965986,0.7690000000000001,0.9685138539042821,1-0-897-0,eyF,UT_015,015,2,fave,158.76677940216246,51.37715025630587,5,a,1,0.7699590000000853,"","",#,#,"","",coextensive
646.590956762471,2567.142680926178,4832.4300818327565,3.060096933444598,4.235166153774461,4.889814326216369,10000.0,0.0028769940467031786,667.2842311655328,0.025,0.048638132295719845,1-0-1025-1,eyF,UT_015,015,2,fave,242.46071897323077,55.48456785120861,5,way,1,0.4899910000000318,that,"",W,#,W,"",final
598.0797899881148,2307.1235074473016,3425.285546183485,3.0602393222275883,4.1398211238538725,4.595448529666833,7128.205128205128,0.0005521112241919882,668.2542574965987,0.025,0.21929824561403513,1-0-1029-1,eyF,UT_015,015,2,fave,181.9623801147977,54.23737404100846,5,they,1,0.08996600000000399,then,can,DH,#,DH,K,final
655.4078546741632,1741.8289082678737,3414.6403066887715,2.8653877082021086,4.353477791565633,4.2092731843215745,6769.2307692307695,0.0002284736191671186,675.8469704965987,0.025,0.21929824561403513,1-0-1049-2,eyF,UT_015,015,2,fave,199.26034414414173,59.579971990694496,5,play,1,0.08996500000000651,of,along,L,#,L,@,final
746.8454144887729,1767.478154202463,3205.765350552147,3.051473307653004,4.3013688355631245,4.036588023687944,5871.794871794871,0.00037102111877265634,676.9869461723357,0.025,0.1288659793814433,1-0-1053-2,eyF,UT_015,015,2,fave,197.38337926450552,59.523601622389855,5,play,1,0.17004399999996167,or,with,L,#,L,W,final
779.0583178954204,2719.7097895882066,5137.438210801014,3.486301089935683,4.92055803980205,4.644290115101354,9820.51282051282,0.00014654783425297786,717.2462588344671,0.055,0.5851063829787234,1-0-1075-2,eyF,UT_015,015,2,fave,397.5741023715326,58.68927418325743,5,okay,1,0.07000699999991866,"","",K,#,K,"",final
726.2201610540441,2518.2136478985803,3052.3989450211634,3.3484376486633765,4.277797672294693,4.201391408612244,5871.794871794871,0.00271906492943023,751.8392674965986,0.14900000000000002,0.8563218390804598,1-0-1136-3,eyF,UT_015,015,2,fave,265.98903890933053,43.964853364480334,5,today,1,0.14996399999995447,shell,"",D,#,D,"",final
762.628085625154,2141.7627256287255,3129.396157678089,2.900518046047091,4.398034294889527,4.3649064169429534,6410.25641025641,0.013109461215305528,792.119763834467,0.141,0.6588785046728971,1-0-1233-6,eyF,UT_015,015,2,fave,126.24660260674071,50.53712648073098,5,yesterday,2,0.190003000000047,cotton,"",D,#,D,"",final
798.6621309307181,2528.8595531733927,4007.0715362713504,3.4782318631820903,3.9100699766889853,4.8477753093577025,8384.615384615383,0.0057958238882018336,838.8537611655329,0.229,0.9015748031496064,1-0-1342-1,eyF,UT_015,015,2,fave,361.35648128627395,46.42713356066471,5,day,1,0.229979999999955,the,"",D,#,D,"",final
864.2489280090541,2275.2441334933437,3028.502780998764,3.1392972879478216,4.157293279687707,4.061777997125323,5692.3076923076915,0.004309261291016155,843.9887384965986,0.15899999999999997,0.8641304347826088,1-0-1353-6,eyF,UT_015,015,2,fave,313.69193700146616,39.913869231880696,5,yesterday,2,0.15997300000003634,from,"",D,#,D,"",final
687.2258524686823,2320.311352795018,3069.7234456213578,3.1193453528542285,4.133854897873149,3.9654729867344956,5692.3076923076915,0.002971629909073811,883.6234341655329,0.189,0.883177570093458,1-0-1453-4,eyF,UT_015,015,2,fave,372.62115202711504,39.61901709979746,5,tuesday,2,0.19000200000004952,by,"",D,#,D,"",final
622.2055307204424,1986.3777364955672,3248.062089970549,2.9422506477482266,4.343059390576382,4.1351153870586455,6051.282051282051,0.00018126204668262992,884.5714631655328,0.025,0.12254901960784313,1-0-1455-1,eyF,UT_015,015,2,fave,206.8818871339037,63.31499607835659,5,they,1,0.17999199999997018,"",heard,DH,#,DH,HH,final
488.6906678516806,939.5526356839744,3014.937778584798,2.8894715623956655,2.8403956069246847,3.87300983613842,5692.3076923076915,0.00005030368514516825,122.45554916553287,0.051000000000000004,0.3311688311688312,1-0-67-2,uw,UT_015,015,2,fave,235.04396285776974,59.78064631298914,5,school,1,0.12999700000000303,"","",K,L,K,L,internal
450.40153516799177,891.3866343708245,2906.3034276525273,2.826074086846893,3.0138356195958056,4.317649814573991,5512.820512820513,0.00008851418264321368,143.35815583446714,0.045,0.3358208955223881,1-0-91-2,uw,UT_015,015,2,fave,217.8260349187225,56.63183824283194,5,school,1,0.1100009999999827,probably,"",K,L,K,L,internal
410.38191353047375,1923.7492273097707,2972.261018200149,2.602002712501185,3.9262484809266667,4.15480154330096,5512.820512820513,0.000012928847107338937,175.83195416553286,0.027000000000000003,0.32142857142857145,1-0-166-2,uw,UT_015,015,2,fave,195.69953962553737,52.73206154067852,5,future,1,0.05999700000000985,the,"",Y,CH,Y,CH,internal
449.0320163940846,786.0981702878884,2941.572058748208,3.0655794383948796,3.355869814835051,4.367812672689944,6051.282051282051,0.0001546763201767367,327.79345783446706,0.040999999999999995,0.33064516129032256,1-0-397-2,uw,UT_015,015,2,fave,208.2728511063238,55.856971238194376,5,school,1,0.10000600000000759,to,taking,K,L,K,L,internal
407.5429182256484,2004.4387584786516,2782.2789028582706,2.583558315204664,4.3292317699589775,4.624067360495048,5692.3076923076915,0.0009625992966272314,630.3531641655329,0.027000000000000003,0.32142857142857145,1-0-961-1,uw,UT_015,015,2,fave,199.73542821326225,57.84283464517139,5,use,1,0.059996999999953005,you,all,Y,Z,Y,Z,internal
405.12272359238494,1870.4312924916676,2822.508919085556,2.348062131795904,3.9509649825521778,4.329207105606152,5692.3076923076915,0.00017067015661668573,657.3222554965987,0.04100000000000001,0.3306451612903227,1-0-998-1,uw,UT_015,015,2,fave,195.84332711385514,56.54121213819805,5,use,1,0.09997499999997217,to,like,Y,Z,Y,Z,internal
510.3046281984614,1905.7521476975112,2856.6741388789915,2.992621449306453,4.181883511924789,3.801215163989155,5512.820512820513,0.0012046227784255146,730.8349544965986,0.057,0.32758620689655177,1-0-1079-1,uw,UT_015,015,2,fave,248.95091893767054,57.79117438395053,5,used,1,0.14996400000006815,grandpa,"",Y,Z,Y,Z,internal
445.99538582269076,1980.7501183641068,2840.096844529948,2.207939609327595,3.7096119443618716,3.74339062618402,5692.3076923076915,0.0002732896388726889,766.6032315034014,0.037000000000000005,0.324561403508772,1-0-1167-1,uw,UT_015,015,2,fave,216.9208027557232,60.959935449480554,5,used,1,0.09002699999996366,pharmacist,"",Y,Z,Y,Z,internal
728.3740744807168,1328.290918395245,2691.803119353456,2.9474712559024945,3.161340780756823,4.255084442355878,5333.333333333333,3.1511996817887414e-6,870.3093341723356,0.025,0.33783783783783783,1-0-1423-1,uw,UT_015,015,2,fave,219.6932269495664,64.85155877512753,5,cu,0,0.050049000000058186,the,<unk>,K,#,K,spn,final
459.5059979027093,1677.410396712315,2792.8776818083534,2.8837313986416673,3.684974135196363,3.808557125559547,5512.820512820513,0.00042438449385101405,877.144339834467,0.035,0.33653846153846156,1-0-1439-2,uw,UT_015,015,2,fave,214.95778117724333,60.034610805107505,5,new,1,0.080016999999998,the,health,Y,#,Y,HH,final
459.21740010765154,1659.7375333868276,2825.3531236724048,2.7304990968227694,4.179613494001068,4.371854683795161,5692.3076923076915,0.0007723483355866938,889.1524601655328,0.067,0.3284313725490196,1-0-1467-1,uw,UT_015,015,2,fave,221.83168808352536,59.30530104183212,5,used,1,0.17999300000008134,grandpa,water,Y,Z,Y,Z,internal
765.9278728269971,1500.3345971188005,2539.0661870493072,3.6930742018848717,3.916979571858714,4.520017382367405,5153.846153846154,0.000028464841472596447,142.75915983446714,0.027000000000000003,0.32142857142857145,1-0-90-2,o,UT_015,015,2,fave,198.63673519454156,44.96354509415151,5,probably,1,0.05999800000000732,"",school,R,B,R,B,internal
803.8540614926329,1172.3684780493654,2901.2674854884726,3.1356145006109655,3.8054408758393294,4.33418627467345,6769.2307692307695,0.0045992152946268,153.13994583446714,0.121,0.33241758241758235,1-0-115-1,o,UT_015,015,2,fave,186.29145662440123,53.54327644956849,5,job,1,0.34001200000000154,wihtone,"",JH,B,JH,B,internal
749.2731298895123,994.6983746473269,2156.7947070544374,3.37215595287216,3.8960859785417266,4.7310224147819495,6051.282051282051,0.01583787819757632,154.90994883446714,0.061000000000000006,0.3315217391304348,1-0-121-1,o,UT_015,015,2,fave,191.24382783775187,50.956502841212725,5,want,1,0.1600039999999865,i,to,W,N,W,N,internal
753.5470698296842,1414.6801062369905,2869.2627861930555,3.2847388417110954,3.7692109674239,4.481382062640984,5871.794871794871,0.0003142334994785324,162.1674508344671,0.04100000000000001,0.3306451612903227,1-0-146-1,o,UT_015,015,2,fave,81.79067078287234,43.5136998786696,5,got,1,0.10000600000000759,i've,"",G,T,G,T,internal
679.7138739938081,1270.8430243957964,3074.8143945110837,3.35363932144221,3.717778545229671,4.543794854077386,5871.794871794871,0.00005696208934382454,172.4959478344671,0.035,0.3365384615384616,1-0-156-0,o,UT_015,015,2,fave,267.287997472647,64.81439889203843,5,always,1,0.08000200000000746,i've,liked,#,L,V,L,initial
709.89973402827,1319.7007678006003,3482.420207713067,3.3485941292586467,3.368439348596006,4.209481099322275,6948.717948717948,0.00295225276632401,269.49325016553286,0.067,0.3284313725490196,1-0-302-1,o,UT_015,015,2,fave,235.10734059857288,59.40833603363656,5,want,1,0.1799930000000245,i,to,W,N,W,N,internal
781.1022162973271,1168.0686639009598,2800.9143935236,3.7361797625617115,3.445899759819554,4.5155443400138475,5871.794871794871,0.00038574030431196894,270.5072491655329,0.035,0.33653846153846156,1-0-309-1,o,UT_015,015,2,fave,122.9353831073797,43.65045726721647,5,hospital,1,0.07998699999996006,a,"",HH,S,HH,S,internal
823.194548628255,1322.411685727378,3015.6970035386703,3.463725755671075,3.2732253439691266,4.508742883615832,5871.794871794871,0.0008086646521034662,276.16023883446707,0.061000000000000006,0.3315217391304348,1-0-321-1,o,UT_015,015,2,fave,226.7211267470003,56.80448793648997,5,not,1,0.1600040000000149,it's,pediatrics,N,T,N,T,internal
802.6395455315343,1168.74115016572,2560.9304159251906,3.3488693155054947,3.36869975039721,4.874499571275144,7307.692307692308,0.0002766420378683962,323.5214445034013,0.037000000000000005,0.324561403508772,1-0-382-2,o,UT_015,015,2,fave,249.5503630263528,62.5023987865296,5,probably,1,0.09002600000002303,"",was,R,B,R,B,internal
879.4889973102995,1187.7201946254845,2947.2475621296726,2.8397808993102776,3.4430692072141134,4.186136968889907,5871.794871794871,0.0007104005417740925,330.76344416553286,0.061000000000000006,0.3315217391304348,1-0-402-0,o,UT_015,015,2,fave,226.4064351944729,65.53591136184798,5,on,1,0.16000300000001744,"",my,#,N,"",N,initial
652.4659819095261,1298.9021604382554,3152.548061864385,2.9456963842662596,3.5744530112638744,4.165753962444112,6410.25641025641,0.00015525034781254272,334.4014428344671,0.037,0.32456140350877194,1-0-411-0,o,UT_015,015,2,fave,203.3183766463547,58.518554461378116,5,also,1,0.08999699999998256,and,"",#,L,D,L,initial
805.1097844765961,1040.5322310174743,3378.20612809028,3.0227201381469255,2.892080424789507,3.9055624167845497,5871.794871794871,0.0004925874438097322,342.88846483446713,0.091,0.3321167883211679,1-0-439-0,o,UT_015,015,2,fave,218.51459750609374,63.30169629582747,5,all,1,0.25,"",at,#,L,"",L,initial
852.6020527515993,1291.3933797102306,2723.220955098619,3.1702427082307763,3.943789885627775,4.912248774289214,5692.3076923076915,0.0005745007666578308,354.4417581655329,0.035,0.3365384615384616,1-0-454-1,o,UT_015,015,2,fave,227.15597414237408,55.273090504103045,5,thought,1,0.0799870000000169,i,i,TH,T,TH,T,internal
795.7801890124948,1411.9756318771135,3213.2231917420454,3.147929046283931,3.286550002863669,4.462421524299749,5871.794871794871,0.00040772458733446854,360.07173883446717,0.035,0.3365384615384616,1-0-468-1,o,UT_015,015,2,fave,195.88082776640357,56.024902492019315,5,not,1,0.080016999999998,just,wanting,N,T,N,T,internal
861.3243339338624,1441.3756380591833,3529.9897684394637,3.3121663975200115,3.7663773944574093,4.016279612488703,6230.7692307692305,0.0002895103858046211,366.11174683446717,0.035,0.33653846153846156,1-0-489-0,o,UT_015,015,2,fave,218.58918559719447,49.14503139540219,5,on,1,0.080016999999998,kept,going,#,N,T,N,initial
658.5911053726172,933.9775079122549,1656.7707450010435,3.757731665563692,3.5045479616660953,4.111746787645382,4615.384615384615,0.0003591845058203923,374.42304983446707,0.037000000000000005,0.324561403508772,1-0-495-2,o,UT_015,015,2,fave,221.2426389218755,56.2195400404371,5,probably,1,0.08999600000004193,would,"",R,B,R,B,internal
807.6234190995516,1267.449453123858,2771.865282358532,3.285391028009751,3.5411917382605855,4.472961799063539,5692.3076923076915,0.00047549066858934254,378.29206016553286,0.055,0.33536585365853655,1-0-499-3,o,UT_015,015,2,fave,211.26862581763945,55.5797995056155,5,photography,1,0.1399839999999699,"",cause,T,G,T,G,internal
544.4729047728167,974.1947624837447,2823.9214174089143,3.172535265336231,3.1363250083115983,3.938843385786172,5333.333333333333,0.000015779912435047266,380.5780538344671,0.027000000000000003,0.32142857142857145,1-0-511-0,o,UT_015,015,2,fave,197.14587328294306,57.726273746172204,5,always,1,0.05999700000000985,i've,liked,#,L,V,L,initial
753.9146315831136,1115.0511130001323,2558.595106888247,3.447446164388324,3.897725114881417,4.941059511845678,6948.717948717948,0.0020101858831941787,384.71835883446715,0.031,0.32978723404255317,1-0-520-2,o,UT_015,015,2,fave,210.65548292707086,58.41657031294259,5,probably,1,0.07000799999997298,"",gonna,R,B,R,B,internal
844.7608200197617,1280.0596736911323,2964.166466078915,3.49540528231147,3.9819301261338613,4.15999038918212,6230.7692307692305,0.00025263333870715075,387.3763528344671,0.047,0.3263888888888889,1-0-528-3,o,UT_015,015,2,fave,197.48514831432882,52.82086516975262,5,psychotic,1,0.11999500000001717,a,"",K,T,K,T,internal
783.5759016603957,1200.893273526252,3057.596070144838,3.3021194600021726,3.870645647385739,4.106392085827694,6051.282051282051,0.0005680728602380745,388.54636116553286,0.047,0.3263888888888889,1-0-531-5,o,UT_015,015,2,fave,184.1112063205711,53.57059929802568,5,psychological,1,0.11999500000001717,a,"",L,JH,L,JH,internal
669.623219586352,1250.3027975294863,3107.702272948084,2.8100297862394967,3.346843520919926,4.430280619927281,6230.7692307692305,0.0005428233832565351,394.5633501655328,0.04100000000000001,0.3306451612903227,1-0-550-0,o,UT_015,015,2,fave,186.71767437880504,60.15380717852006,5,all,1,0.10000600000000759,baby,the,#,L,iyF,L,initial
741.9331470445464,1227.2076685727097,3061.809176044319,3.2660738720701805,3.673324372156638,4.172914659221548,6410.25641025641,0.00005043785033141594,400.5713591655329,0.037,0.32456140350877194,1-0-568-0,o,UT_015,015,2,fave,187.76741999007257,52.494503704160714,5,all,1,0.08999699999998256,and,that,#,L,D,L,initial
663.9422485205297,1077.5088684755258,1842.9009055535437,3.2744904602441305,3.3254198474350316,4.324029963785284,5153.846153846154,0.000036555488043719565,425.54923916553287,0.027000000000000003,0.32142857142857145,1-0-576-2,o,UT_015,015,2,fave,221.99968056528635,55.57988624395882,5,probably,1,0.05999800000000732,would,say,R,B,R,B,internal
828.1781018166121,1425.710881590412,2245.0053283207353,2.8442965037514143,3.5067212771831446,4.658899656760664,5512.820512820513,0.0001929964052041821,484.51465383446714,0.031,0.32978723404255317,1-0-677-3,o,UT_015,015,2,fave,194.64780321188314,56.097930743414004,5,photography,1,0.07000800000002982,took,i,T,G,T,G,internal
860.9770898974973,1424.8375834282647,3319.2208406607597,3.3033752776591703,3.402492544194842,4.306591530075526,6410.25641025641,0.0011754990917861613,486.3776408344671,0.097,0.3299319727891156,1-0-682-1,o,UT_015,015,2,fave,91.32537637602148,51.357671698562406,5,modeling,1,0.2700189999999907,more,i,M,D,M,D,internal
806.298233626037,1153.8521132289484,3193.061465736905,3.248326433308243,3.1463128829739473,5.0368830122923205,5512.820512820513,0.0017298729015407062,488.2726538344671,0.047,0.3263888888888889,1-0-687-1,o,UT_015,015,2,fave,201.09239916676066,56.80723781297798,5,model,1,0.11999500000001717,a,with,M,D,M,D,internal
784.337520976798,1480.3373670476128,2542.39696693136,3.235342446577348,3.846597056339285,4.687795761168569,6410.25641025641,0.0021462664649878277,505.6827398344671,0.04100000000000001,0.3306451612903227,1-0-715-2,o,UT_015,015,2,fave,279.5023681409004,61.364741936124226,5,probably,1,0.10000600000000759,"",like,R,B,R,B,internal
738.6578764290002,1186.961178514521,3223.3218742495883,3.0452659230312404,3.5651333753623944,3.721174629130069,6589.74358974359,0.0010242222969354055,511.4177508344671,0.051000000000000004,0.3311688311688312,1-0-728-6,o,UT_015,015,2,fave,-61817.491856942586,46.25870991911878,5,grandfather,2,0.13000499999998283,my,"",F,DH,F,DH,internal
456.0791454471707,713.5917457818952,1646.2076727768049,2.8669378671261527,3.702486985310577,4.449961169205392,3179.4871794871797,0.00004374335707719244,544.0274361723356,0.027000000000000003,0.32142857142857145,1-0-783-1,o,UT_015,015,2,fave,235.24598815902556,60.84132255715644,5,cause,1,0.06005799999991268,"",there's,K,Z,K,Z,internal
854.2368540630715,1487.9464373336548,3320.629796231439,3.447271523691357,3.5188733005549544,3.808295798715088,6230.7692307692305,0.0001843158636863424,562.0253704965986,0.035,0.33653846153846156,1-0-822-1,o,UT_015,015,2,fave,45.254833995939045,45.20130884015106,5,not,1,0.07995600000003833,it's,too,N,T,N,T,internal
711.7717708718718,1253.0158986559923,2500.397513382066,2.8164700680459145,3.3121989789770216,4.900400277853648,5692.3076923076915,0.004641768839597964,594.0827681655329,0.047,0.3263888888888889,1-0-877-5,o,UT_015,015,2,fave,131.54543205188,49.338714023640364,5,grandfather's,2,0.11999500000001717,my,cameras,F,DH,F,DH,internal
661.5787634208086,1486.2881557653598,2680.7390024115675,3.0543001823330576,3.2452215718674577,4.40427829662653,5692.3076923076915,0.00027175136910517707,616.9477515034013,0.035,0.33653846153846156,1-0-925-0,o,UT_015,015,2,fave,210.28656917321698,67.09207065129402,5,also,1,0.080016999999998,we,have,#,L,iyF,L,initial
814.666594934259,1403.510681363676,2983.1454713721846,3.0310194364301357,3.3930506410043155,3.896901561760867,5871.794871794871,0.00014917352030757773,624.0801455034014,0.04100000000000001,0.3306451612903227,1-0-943-1,o,UT_015,015,2,fave,149.69483806508285,50.43362274710452,5,not,1,0.10003699999992932,have,"",N,T,N,T,internal
750.963544661662,1721.789535916122,2680.806301708344,3.334407572779606,3.6006059805620043,4.958948373622627,5333.333333333333,0.0006237360107422855,625.2631371655328,0.027000000000000003,0.32142857142857145,1-0-945-1,o,UT_015,015,2,fave,248.17150617279054,66.39963519279839,5,not,1,0.05999700000006669,"",yet,N,T,N,T,internal
720.430772594702,1241.0297616592593,2852.4572038406855,3.074027126620846,3.1448314700720528,4.8181595859579485,5333.333333333333,0.0004235617057155554,630.490168165533,0.04100000000000001,0.3306451612903227,1-0-962-0,o,UT_015,015,2,fave,181.94366650827462,57.11746088522869,5,all,1,0.09997599999996964,use,of,#,L,Z,L,initial
775.8834284864125,1078.9411509726249,2969.4554961439667,2.94986320625348,3.1762683988301523,3.979051699792674,5871.794871794871,0.0005040752381589825,731.4099828344671,0.047,0.3263888888888889,1-0-1081-1,o,UT_015,015,2,fave,221.43452134465966,63.71811696322523,5,water,1,0.11999600000001465,"",for,W,T,W,T,internal
823.694298042496,1299.1094685653838,3112.8460025669738,2.9241657724700367,3.2997513281838526,4.036843596345717,6051.282051282051,0.0007458028671954388,738.2589355034014,0.10500000000000001,0.33439490445859876,1-0-1098-1,o,UT_015,015,2,fave,227.62293961399533,62.21983111672538,5,saw,1,0.29003899999997884,kids,"",S,#,S,"",final
857.0418841945122,1392.3091897449603,3319.1320214256016,3.0521118496701507,3.8461863407758705,4.641384962619939,6589.74358974359,0.0012405672243747039,745.9772504965987,0.085,0.3346456692913386,1-0-1119-1,o,UT_015,015,2,fave,218.57261601501196,64.10245013560069,5,saw,1,0.22998099999995247,woman,a,S,#,S,@,final
850.2884601076622,1198.9854414498511,2649.6484604976554,3.488507622542466,3.2388416378171287,4.844409980833115,5512.820512820513,0.00014514310892635982,767.8952534965987,0.040999999999999995,0.33064516129032256,1-0-1172-1,o,UT_015,015,2,fave,202.09211717908659,61.04290350565549,5,cough,1,0.09997499999997217,the,drops,K,F,K,F,internal
767.5351305791385,1261.6190448827394,2675.638214914052,3.085566072064002,3.406378211613061,4.849933649267643,6589.74358974359,0.002735287018919734,770.2037581655329,0.085,0.3346456692913386,1-0-1176-1,o,UT_015,015,2,fave,201.45075547693398,63.625711560727346,5,dog,1,0.229979999999955,the,saw,D,G,D,G,internal
795.0399761998272,1379.0465500127111,2762.60858471651,3.037394709661091,3.2342668743002747,4.637007127621047,6230.7692307692305,0.0016400593904360773,770.6537305034013,0.065,0.3350515463917526,1-0-1177-1,o,UT_015,015,2,fave,193.43656027969254,62.941213440754225,5,saw,1,0.17004399999996167,dog,a,S,#,S,@,final
722.2875039925062,1190.077118184526,3335.1166592103546,2.882306265305446,2.9728354205639316,3.5100085982060234,5871.794871794871,0.00038479114184071343,782.0567348344672,0.075,0.3348214285714286,1-0-1206-1,o,UT_015,015,2,fave,225.76820666849102,62.70690365157527,5,saw,1,0.2000119999999015,student,the,S,#,S,DH,final
793.4720912318346,1286.0883429183848,3129.752049761234,2.935739260708386,3.1921347655459362,4.118219815137435,5871.794871794871,0.00047535233813031103,790.6467518344672,0.095,0.33450704225352107,1-0-1230-1,o,UT_015,015,2,fave,232.56937706169322,62.846261889007614,5,saw,1,0.26000999999996566,woman,the,S,#,S,DH,final
851.831184925164,1259.5017395437103,2974.4046886985275,3.420277251859364,3.0415079525748663,4.12005045771711,5871.794871794871,0.0005645977293778203,791.306744834467,0.055,0.3353658536585366,1-0-1232-1,o,UT_015,015,2,fave,189.22575399812013,59.45779732028217,5,cotton,1,0.140013999999951,the,yesterday,K,T,K,T,internal
906.2421252610079,1392.301909280307,2780.1510775451507,3.2429953206228506,3.777555025500245,4.986436567537221,6051.282051282051,0.004640164991909221,808.5643714965986,0.061000000000000006,0.33152173913043487,1-0-1272-1,o,UT_015,015,2,fave,197.67853925404947,61.542492055781366,5,waddle,1,0.1599740000000338,swa,down,W,D,W,D,internal
789.3768341142097,1154.0923008595587,3120.498990532025,3.4296750712053905,3.1542630699148915,4.305716351151884,6230.7692307692305,0.0003067010846808556,810.6513488344671,0.055,0.33536585365853655,1-0-1278-1,o,UT_015,015,2,fave,81.28006777808163,51.9617029551764,5,pond,1,0.1400149999999485,the,"",P,N,P,N,internal
815.5851805593134,1018.7652478208478,3178.864532317758,3.3627798967693376,3.474310065657048,3.886006265443079,5871.794871794871,0.012209435067131189,813.5873361655329,0.067,0.3284313725490196,1-0-1286-0,o,UT_015,015,2,fave,211.93319033312582,51.13572560621268,5,onto,1,0.17999299999996765,"",the,#,N,"",N,initial
809.2519579141709,1255.614558076163,2875.5161639486987,2.9010314469137928,3.1028998076904286,4.217263154898425,5871.794871794871,0.00017651433484063003,820.5093291655329,0.051000000000000004,0.3311688311688312,1-0-1300-1,o,UT_015,015,2,fave,212.35707920293072,62.38320868039228,5,bottles,1,0.13000400000009904,collects,for,B,T,B,T,internal
766.1158998348337,1134.6514471445316,3196.919880363539,2.996846064709703,2.4210948799668452,3.4787599201945407,5871.794871794871,0.00007826029080915311,824.1463431655329,0.045,0.3358208955223881,1-0-1308-1,o,UT_015,015,2,fave,227.93940617520843,62.03731858300573,5,called,1,0.1099859999999353,is,"",K,L,K,L,internal
808.490773148569,1276.1505909767948,2637.3479995818466,3.0407608790605773,3.3698944910966375,4.322747825077853,5692.3076923076915,0.0007278239825888921,836.7517425034014,0.085,0.3346456692913386,1-0-1335-1,o,UT_015,015,2,fave,215.37459989463795,63.11709577679326,5,dog,1,0.23004200000002584,the,sleeps,D,G,D,G,internal
676.2279342688731,1328.354170894566,3001.028034827073,3.4992596573088037,3.6701950402893355,4.645427981158509,5692.3076923076915,0.00569861060188581,837.4917425034013,0.065,0.3350515463917526,1-0-1337-0,o,UT_015,015,2,fave,220.61117952508857,47.46033831530736,5,on,1,0.17004399999996167,sleeps,the,#,N,S,N,initial
787.0025841376324,1130.7122934828278,2958.9112350939804,3.1561745054284094,3.119586886503267,4.749484319793736,5512.820512820513,0.00017684428343077888,855.0127668344671,0.047,0.3263888888888889,1-0-1382-2,o,UT_015,015,2,fave,190.48234202975416,60.4528802353421,5,block,1,0.11999500000001717,"",the,L,K,L,K,internal
718.2724535825387,1363.0542824114345,3095.9105754855195,2.87248068877216,3.3969054574431246,3.577646840576546,5871.794871794871,0.00007588320376915584,857.4203531655329,0.047,0.3263888888888889,1-0-1388-1,o,UT_015,015,2,fave,230.98218765862362,64.22072702416914,5,saw,1,0.11999600000001465,children,the,S,#,S,DH,final
808.7933634343589,1134.6120298523904,3139.049999964557,3.0316646503095663,3.043906201728853,4.478125878554429,5692.3076923076915,0.0009041840424850512,860.402324165533,0.07100000000000001,0.3317757009345795,1-0-1398-1,o,UT_015,015,2,fave,203.43137531055052,61.44154066552266,5,bought,1,0.190003000000047,lawyer,"",B,T,B,T,internal
854.2253554335567,1239.6076960358037,3079.5702102386117,3.289734474735735,3.5261917171877863,4.541586137823014,6051.282051282051,0.0002005430531973405,888.8264574965987,0.035,0.33653846153846156,1-0-1466-5,o,UT_015,015,2,fave,244.0665681622688,60.76492712082461,5,grandpa,2,0.07995600000003833,my,used,P,#,P,Y,final
775.9214437429263,1193.191776184929,2801.1632731928885,3.2697276402240565,3.4709625611678985,4.641735602692161,6230.7692307692305,0.0021457169459750745,889.5774588344672,0.057,0.32758620689655177,1-0-1468-1,o,UT_015,015,2,fave,210.09262144486829,63.49796358944991,5,water,1,0.15002399999991667,used,for,W,T,W,T,internal
797.2175182208302,1676.7208283704797,3071.6513067329847,2.9258181111955373,3.837859274620481,4.109591249791026,6230.7692307692305,0.0006720689084228318,155.57594816553285,0.13299999999999998,0.37570621468926546,1-0-126-1,ay0,UT_015,015,2,fave,183.5817468219853,49.377666415782976,5,life,1,0.33000200000000746,my,"",L,F,L,F,internal
725.5218340562096,2004.3038343181777,3574.7559697360775,3.554555425709157,3.8358051591053,5.007618288693879,7307.692307692308,0.00013899513960521543,172.82394983446713,0.031,0.369047619047619,1-0-157-1,ay0,UT_015,015,2,fave,265.039581105551,58.21700084982188,5,liked,1,0.0599979999999789,always,kids,L,K,L,K,internal
691.7709101212517,1530.4908561178527,3031.7699171743325,2.9572094598641834,3.7322300145883713,4.081845462757667,5871.794871794871,0.0005597826813186564,235.7101411655329,0.049,0.29878048780487804,1-0-243-1,ay0,UT_015,015,2,fave,221.29862257746186,57.32761704118313,5,like,1,0.13999999999998636,it's,the,L,K,L,K,internal
755.5330610106907,1756.3396900557098,2957.5636971451527,2.7902182116320016,3.576484196506466,4.104743649918785,6051.282051282051,0.0004334960761306248,289.8565475034013,0.057,0.39583333333333337,1-0-355-1,ay0,UT_015,015,2,fave,191.70206545514816,56.86882229176118,5,like,1,0.12002599999999575,sure,how,L,K,L,K,internal
814.5175517840373,1533.3364299624304,2939.5647357167377,2.7274668071473678,3.680915286950948,4.312476068681682,6410.25641025641,0.0004697013088908615,325.10044016553286,0.05500000000000001,0.3571428571428572,1-0-387-1,ay0,UT_015,015,2,fave,194.9970256876263,54.686184416052,5,life,1,0.13000499999998283,my,is,L,F,L,F,internal
669.5168656639338,1738.9247854486425,3195.225420101564,3.032491891073449,3.999948576001451,4.106652264669161,6230.7692307692305,0.000986454672580061,355.2407361655329,0.053000000000000005,0.3441558441558442,1-0-458-1,ay0,UT_015,015,2,fave,199.10382646062845,49.23611431166053,5,like,1,0.13000499999998283,gonna,"",L,K,L,K,internal
610.495707261003,1861.2126145401971,3058.6987068013013,2.667559298844761,3.9291600782139304,4.0335311378117655,6410.25641025641,0.00012790889616432996,385.5253454965986,0.025,0.24038461538461536,1-0-523-1,ay0,UT_015,015,2,fave,189.46757758811074,54.45541397804926,5,like,1,0.07998599999996259,be,the,L,K,L,K,internal
745.7895558545235,1790.234345225766,3348.538711134671,3.0678056201193797,4.274360045922323,4.610344286085175,6589.74358974359,0.000804621787139349,385.9513398344671,0.037,0.2569444444444445,1-0-525-1,ay0,UT_015,015,2,fave,141.99799226047756,51.17247864580496,5,psych,1,0.12002499999999827,the,"",S,K,S,K,internal
786.1150964702468,1726.8212062814994,3060.93820660475,2.9827377240894584,4.186138899995349,4.307165559218031,6230.7692307692305,0.00032380009333059646,387.06334449659863,0.041,0.3059701492537314,1-0-528-1,ay0,UT_015,015,2,fave,194.80805116736389,52.51344462653104,5,psychotic,2,0.10998499999999467,a,"",S,K,S,K,internal
753.2988072500416,1815.0870418314628,3042.3374056472235,3.0546119730038397,4.567383827906837,4.263090112502085,6051.282051282051,0.000046211164942375535,388.1603561655329,0.035,0.4166666666666667,1-0-531-1,ay0,UT_015,015,2,fave,194.41016609856695,52.62514113507842,5,psychological,2,0.05999700000000985,a,"",S,K,S,K,internal
648.887746984836,1925.4568147703671,2988.1554214830603,3.051952079093172,3.9111819263909324,3.9466324632343164,6589.74358974359,0.0006415233499248914,426.4712331655329,0.07100000000000001,0.5725806451612904,1-0-578-1,ay0,UT_015,015,2,fave,75851.94103922759,50.05804430833549,5,like,1,0.10000599999995075,say,saint,L,K,L,K,internal
635.9767990100829,1800.1427744296857,3332.034322648686,2.7101701799425255,4.0636966547016735,4.041432985122704,6589.74358974359,0.00019091686953309124,431.01125549659866,0.031000000000000003,0.25000000000000006,1-0-591-1,ay0,UT_015,015,2,fave,204.9775080087397,57.623727713339576,5,like,1,0.09997599999996964,it's,"",L,K,L,K,internal
849.8204467188863,1559.66797285772,3493.536414098389,3.1578824959941456,4.064002282055579,4.432476019296988,8025.641025641025,0.002194058669074198,481.9956458344671,0.07300000000000001,0.31196581196581197,1-0-668-1,ay0,UT_015,015,2,fave,194.83393558256708,51.101683019959346,5,like,1,0.21002200000003768,"","",L,K,L,K,internal
635.8100498344319,1716.2520120912568,3217.1892482970716,3.1666806910730245,4.419317874876128,4.372350127909077,6230.7692307692305,0.00013067880129697063,506.2417435034014,0.03900000000000001,0.3750000000000001,1-0-716-1,ay0,UT_015,015,2,fave,222.3031191114452,55.19128597305499,5,like,1,0.080016999999998,probably,the,L,K,L,K,internal
760.3482153546506,1687.386550815912,2923.848975075327,2.936302366720783,3.969251065079934,4.991637979164899,5692.3076923076915,0.00009213098424579216,525.8397285034014,0.040999999999999995,0.39423076923076916,1-0-761-1,ay0,UT_015,015,2,fave,176.69950392961394,55.39796921525988,5,liked,1,0.080016999999998,of,that,L,K,L,K,internal
772.2536051473579,1505.733651560195,3170.740292600352,3.0821497081791964,3.685464278923934,4.4527839469498,6051.282051282051,0.0007109440454105224,550.4464574965987,0.025,0.13586956521739132,1-0-792-1,ay0,UT_015,015,2,fave,-32859342.63140686,47.606509714768265,5,like,1,0.15997300000003634,different,"",L,K,L,K,internal
741.0504406517086,1795.4250650519762,3440.6465497297427,2.845479746495069,3.852348662315215,4.399588534077194,6589.74358974359,0.00009559890843127884,558.1303508276644,0.025,0.24038461538461545,1-0-809-1,ay0,UT_015,015,2,fave,179.9482558984864,58.217939271916414,5,like,1,0.07995600000003833,"",the,L,K,L,K,internal
743.9521979519538,1760.1616045558585,2973.6786621794163,2.7816578922898967,4.03236119761371,4.576850338084387,5871.794871794871,0.0015669129627649775,560.8443345034015,0.033,0.24626865671641796,1-0-819-1,ay0,UT_015,015,2,fave,260.03054830615906,50.27954986860186,5,right,1,0.11004600000001119,the,lighting,R,T,R,T,internal
841.1526073066152,1440.1583169699034,3840.920600699778,3.284852099927484,4.078045252282699,4.549690598660064,9282.051282051281,0.002700084690382681,561.1983501655329,0.061,0.24015748031496062,1-0-820-1,ay0,UT_015,015,2,fave,231.39344050154165,59.51178360949032,5,lighting,1,0.22998000000006869,right,it's,L,T,L,T,internal
680.3426563339603,1567.218660863309,3156.058291088779,2.7848490119507923,3.684214648278359,3.9465192255863237,6230.7692307692305,0.00017297849654744792,568.690364834467,0.025,0.17361111111111113,1-0-838-1,ay0,UT_015,015,2,fave,150.84507922289603,53.82991426768528,5,like,1,0.11999500000001717,general,how,L,K,L,K,internal
770.7748413645393,1719.3028814145953,3159.419946648134,2.879023043380585,3.86190357140009,3.938330458390616,6051.282051282051,0.00019680531497832612,571.245342834467,0.055,0.3819444444444445,1-0-846-1,ay0,UT_015,015,2,fave,207.3580899444733,63.614131121056296,5,lighting,1,0.11999500000001717,the,that,L,T,L,T,internal
743.6621962429878,1557.127647426242,3182.5363329326224,3.1819842716844122,4.013369892274355,4.211971221602983,6230.7692307692305,0.00013163530637419078,608.2277368344671,0.037,0.3936170212765957,1-0-900-1,ay0,UT_015,015,2,fave,188.29601154994262,55.77909151315651,5,like,1,0.07000800000002982,feeling,[bracketed],L,K,L,K,internal
772.0056066443834,1848.840545949839,3026.704354134542,3.3191888263296163,4.16117939031987,4.862641424739185,6410.25641025641,0.000832910941995254,611.1677298344671,0.057,0.5000000000000001,1-0-911-1,ay0,UT_015,015,2,fave,147.2530017956597,44.78039627376514,5,like,1,0.09002700000007735,everything,that,L,K,L,K,internal
716.8811846292933,1718.9883584118018,3161.89947203096,2.948645098165585,3.7445726316674928,4.478706585737052,6230.7692307692305,0.000675560782390322,628.3901391723356,0.061,0.3144329896907217,1-0-952-1,ay0,UT_015,015,2,fave,183.7795039901937,55.43824775401625,5,like,1,0.17004399999996167,"","",L,K,L,K,internal
654.6837087554787,1679.2501399083849,3123.592719182133,2.6955075230163876,3.77955059880315,4.473729167631935,6230.7692307692305,0.000713690390493961,652.7042694965986,0.025,0.15243902439024393,1-0-986-1,ay0,UT_015,015,2,fave,201.18374787323899,59.323753777152255,5,like,1,0.1399540000001025,probably,show,L,K,L,K,internal
737.9156002746093,1657.8998102140688,3298.0269755181043,3.2238203859034034,3.8276309591658118,4.105878601506892,6051.282051282051,0.00011771703521368471,653.5772588276644,0.031000000000000003,0.2980769230769232,1-0-989-1,ay0,UT_015,015,2,fave,201.7045667885809,54.03029882224875,5,like,1,0.07995600000003833,them,the,L,K,L,K,internal
660.3046940413578,1848.3582018941472,3077.9599002049417,2.768631452113224,3.5656318021915006,4.104635150679537,6410.25641025641,0.00012642500254171613,657.5902191655329,0.037,0.3936170212765957,1-0-999-1,ay0,UT_015,015,2,fave,259.9438996025219,52.73661383725689,5,like,1,0.07000700000003235,use,"",L,K,L,K,internal
771.9005796316328,1666.1803729456344,3345.2703159414446,2.707024974543535,3.791669656077823,4.035684702157545,6051.282051282051,0.0007673426756439336,661.8842681655328,0.025,0.048638132295719845,1-0-1008-1,ay0,UT_015,015,2,fave,187.51909210213995,56.044802991263026,5,types,1,0.48998999999992066,what,"",T,P,T,P,internal
700.5214883028859,1786.0524112447308,3224.583360443476,2.9125972716391666,4.1858516047176,3.9490594291191323,6051.282051282051,0.0008015057969837435,670.5142574965987,0.045,0.3358208955223881,1-0-1036-1,ay0,UT_015,015,2,fave,181.09344685765814,54.42054251592191,5,like,1,0.10998499999993783,to,doing,L,K,L,K,internal
717.5942119277865,2092.8423260160807,3181.225118325969,3.046591719513957,4.205843879004042,4.268622333527185,6589.74358974359,0.00006875757481505946,675.1469518276645,0.025,0.24038461538461545,1-0-1046-1,ay0,UT_015,015,2,fave,188.1146556542836,57.08379068357238,5,like,1,0.07995599999992464,"",kind,L,K,L,K,internal
841.0417203535344,1581.5737358583292,3490.422612870222,3.234448636016135,3.9663927949426876,4.372651196825085,7307.692307692308,0.0008883208211682946,783.4197455034014,0.041,0.3596491228070176,1-0-1212-1,ay0,UT_015,015,2,fave,188.18994176166078,54.3150244362987,5,microscope,1,0.09002699999996366,the,"",M,K,M,K,internal
867.7593107046374,1777.0666096310547,3576.9631003645377,3.030326696109032,4.285281256356833,4.6419463099686835,7846.153846153846,0.00219641025341583,793.4507531655328,0.063,0.3247422680412371,1-0-1236-1,ay0,UT_015,015,2,fave,218.7139320684858,64.02231991248419,5,vikings,1,0.169983000000002,the,are,V,K,V,K,internal
683.4331377528453,1537.5860861795322,3197.4490719787764,2.906611412045752,4.144638809427093,4.258922210544875,6410.25641025641,0.0008286996151689915,807.346370834467,0.025,0.11682242990654207,1-0-1268-1,ay0,UT_015,015,2,fave,207.25726163540355,61.201689036437905,5,like,1,0.190003000000047,geese,"",L,K,L,K,internal
819.7078274749576,1729.9577042736585,2864.601372432053,3.081669126730271,3.876599518127845,4.6409427105259,6589.74358974359,0.0008708791791845118,825.0833418344671,0.059000000000000004,0.35975609756097565,1-0-1311-1,ay0,UT_015,015,2,fave,200.59352923619815,59.23001503437256,5,writer,1,0.14001500000006217,a,"",R,T,R,T,internal
859.1193457671875,1692.0458325602385,3184.5178832597635,3.283901671600754,4.146804571441942,4.770396931336269,6769.2307692307695,0.0008262741809789977,846.1387604965986,0.039,0.22413793103448276,1-0-1357-1,ay0,UT_015,015,2,fave,221.1431439627091,62.48643448724696,5,hiked,1,0.14996300000007068,backpackers,"",HH,K,HH,K,internal
572.7000995477438,614.7427808729268,1289.6428974156906,3.4821507501058275,3.868972305715721,4.316037392193365,3179.4871794871797,0.024777299006548754,159.25945683446713,0.025,0.08223684210526315,1-0-137-1,Tuw,UT_015,015,2,fave,195.36659798341674,51.05098303866408,5,do,1,0.27999900000000366,wanna,"",D,#,D,"",final
430.9321848432878,911.005767558219,2123.416108023028,2.978913751564771,4.154523069068896,4.174794066256114,3897.4358974358975,0.04140765242469707,182.90095183446712,0.025,0.0946969696969697,1-0-188-1,Tuw,UT_015,015,2,fave,197.88382246440352,49.729947195208055,5,do,1,0.2400050000000249,can,"",D,#,D,"",final
558.3088279583498,2260.531973624281,3000.446808084277,2.223502062123024,3.9819311600350087,4.068586725360867,5692.3076923076915,0.0001623644152526574,206.2195491655329,0.025,0.21929824561403513,1-0-207-1,Tuw,UT_015,015,2,fave,447.05275050844926,51.69254185621836,5,too,1,0.08999699999998256,songs,"",T,#,T,"",final
542.0419393567881,1887.422828109996,2761.5838003707013,2.76932822340305,3.851855343701632,4.088985718211756,5692.3076923076915,0.0022762676048607164,278.31224716553294,0.025,0.14367816091954025,1-0-328-1,Tuw,UT_015,015,2,fave,404.97845949615396,45.13352738083051,5,do,1,0.14999299999999494,to,"",D,#,D,"",final
526.8878071569128,2226.2066897408054,3368.927979584193,2.311265600081737,4.058748029982838,4.749474716814819,6589.74358974359,0.00013447833879911482,279.00224916553293,0.025,0.2976190476190476,1-0-332-1,Tuw,UT_015,015,2,fave,506.35584854935166,47.06510683567361,5,too,1,0.05999800000000732,"","",T,#,T,"",final
427.95751956665964,2285.615351152875,2806.1909436723945,1.9683416807553287,4.074031303951695,4.229868143183974,5333.333333333333,0.013184720006540215,360.6367458344671,0.025,0.13586956521739132,1-0-471-1,Tuw,UT_015,015,2,fave,209.83713204876727,59.298962628279845,5,do,1,0.1600040000000149,to,anything,D,#,D,e,final
463.8644169252019,2024.3503341180171,2855.5507670406355,1.9218883729990863,3.8921509486320813,4.237332423601941,5512.820512820513,0.000026911861461724018,379.6170561655329,0.025,0.2976190476190476,1-0-504-1,Tuw,UT_015,015,2,fave,226.70513525574768,60.44016017309576,5,do,1,0.05999800000000732,to,an,D,#,D,@,final
460.6941353576318,2056.4272415567516,2808.509905916964,2.292506466883677,3.787006315763016,4.477918334242656,5512.820512820513,0.0004381585442094015,391.7353421655329,0.025,0.17361111111111113,1-0-542-1,Tuw,UT_015,015,2,fave,225.43642727303978,62.96609198244223,5,doing,1,0.11999499999996033,just,the,D,i,D,i,internal
494.36591897059606,1990.3248549915525,2657.570772379285,3.1084950260808752,3.767285303817092,4.357302179070705,5512.820512820513,0.0031339707745571756,498.43484183446714,0.025,0.11160714285714286,1-0-706-1,Tuw,UT_015,015,2,fave,187.0198747960873,55.380373438752535,5,do,1,0.20001199999995833,"","",D,#,D,"",final
449.8360684198441,2027.9877510604547,2597.1279546135074,3.1208774418222833,3.6998846898968676,4.464903968401024,5333.333333333333,0.0013114646067149912,499.26485316553294,0.025,0.12254901960784315,1-0-711-1,Tuw,UT_015,015,2,fave,191.41255697045392,53.406469228083346,5,doing,1,0.17999199999997018,they're,and,D,i,D,i,internal
493.5608117285941,2015.5419885388571,2870.5117890528945,3.2369341394633793,4.048272387647819,4.407910485157456,5333.333333333333,0.0000626709257957551,527.311763834467,0.025,0.2976190476190476,1-0-767-1,Tuw,UT_015,015,2,fave,182.76304679286392,52.56475209054565,5,doing,1,0.05999800000006417,up,it,D,i,D,i,internal
538.4327775904309,2266.3328494331404,2783.705676975064,3.127188058320077,4.004331406303631,4.827581316346783,5871.794871794871,0.023405906665059463,529.3217624965987,0.025,0.07961783439490447,1-0-777-1,Tuw,UT_015,015,2,fave,390.39602857392725,44.24554195988441,5,too,1,0.28997800000001916,"","",T,#,T,"",final
425.77532178654155,2746.4979467153835,3985.366783820941,3.742963483264248,4.836612099170827,4.8695018834523855,8384.615384615383,0.02920216963410409,562.3403401723357,0.025,0.05506607929515418,1-0-823-1,Tuw,UT_015,015,2,fave,157.3473536826931,45.17346452134697,5,too,1,0.43005299999992985,not,"",T,#,T,"",final
502.04985378799415,2013.2231785721556,2877.776323339795,3.1690363255920397,4.234561238646378,4.19815001306425,5333.333333333333,0.00006873174659824796,670.784236834467,0.025,0.26595744680851063,1-0-1037-1,Tuw,UT_015,015,2,fave,187.37374564646194,54.244575288724576,5,doing,1,0.07000800000002982,like,"",D,i,D,i,internal
454.3653236725822,1912.2363130615815,3011.859022998086,2.4953503107691546,3.601010767419664,4.514739105027814,5871.794871794871,0.00008887896017187465,747.5172641655328,0.025,0.2976190476190476,1-0-1123-1,Tuw,UT_015,015,2,fave,218.54167532950626,60.69437638208111,5,to,1,0.05999700000006669,next,the,T,#,T,DH,final
478.955017947793,3149.7762450368728,3846.1533703766577,3.098814077525635,4.429462704576995,4.910318128122623,6948.717948717948,0.00344407104733924,750.9072285034013,0.025,0.13586956521739132,1-0-1134-1,Tuw,UT_015,015,2,fave,203.63010906971522,58.557692293523814,5,new,1,0.160033999999996,a,shell,N,#,N,SH,final
463.99418278194446,1569.4885489871892,2448.8311751686433,2.671617784228999,3.6631027594127175,4.385403918620491,5333.333333333333,0.00005173396080394293,754.2872391723357,0.025,0.33783783783783783,1-0-1141-1,Tuw,UT_015,015,2,fave,225.39993592944487,59.10604312505403,5,to,1,0.0500489999999445,returned,britain,T,#,T,B,final
464.33602160944275,2027.4486761547148,2767.2929900743316,2.099791999279234,3.7524267058581753,4.06326319386333,5692.3076923076915,7.116160119786397e-6,781.561763834467,0.025,0.24038461538461545,1-0-1205-2,Tuw,UT_015,015,2,fave,229.4270731066005,65.13619680513288,5,student,1,0.080016999999998,the,saw,T,D,T,D,internal
483.4522893218376,1472.618668673064,1970.530745882073,2.577638287219396,3.5611329523325304,4.3102516215026645,4794.871794871795,0.00046302445383969036,814.2963771655328,0.025,0.18656716417910452,1-0-1288-1,Tuw,UT_015,015,2,fave,479.605352210197,53.61389650462145,5,roof,1,0.1099859999999353,the,"",R,F,R,F,internal
443.7121686558447,1724.074895358167,2652.311447472047,2.4551716549583698,4.0391272099873845,4.473629632897365,5333.333333333333,0.01183016726102334,854.591731834467,0.025,0.15243902439024393,1-0-1380-1,Tuw,UT_015,015,2,fave,207.47861965957972,57.721582654108644,5,to,1,0.1400149999999485,curtins,"",T,#,T,"",final
502.2788115463844,2134.4447006679866,2754.2745644487272,2.4430224996261933,3.461420358927504,3.756380334292479,5512.820512820513,0.0003704689233725375,861.7893581655328,0.025,0.12254901960784315,1-0-1401-1,Tuw,UT_015,015,2,fave,224.42345552882378,63.485128222157236,5,new,1,0.17999299999996765,a,fountain,N,#,N,F,final
438.7647178746929,2176.8626169697814,2896.3592281387905,2.4228387936282347,4.221079241713937,3.6452917246282053,5692.3076923076915,0.00006361705102711947,883.3114474965987,0.025,0.21929824561403513,1-0-1453-1,Tuw,UT_015,015,2,fave,99.95146226952961,55.35550419273073,5,tuesday,1,0.08996600000000399,by,"",T,Z,T,Z,internal
736.1333622099663,1596.9434773628045,3159.5302443772525,3.5599210223197755,4.359763819269747,4.078203117001113,6769.2307692307695,0.000574363339698037,194.0779481655329,0.025,0.26595744680851063,1-0-191-1,owF,UT_015,015,2,fave,283.73307297498144,56.80250221295991,5,know,1,0.06999199999998496,i,sign,N,#,N,S,final
637.3714311048311,1530.0239125145813,2881.3919462641184,3.1580305807548985,3.4541858195643194,4.300693908931024,5871.794871794871,0.000240115337159746,205.33355016553287,0.033,0.24626865671641796,1-0-203-1,owF,UT_015,015,2,fave,294.35290932812006,60.267844997954796,5,know,1,0.11000100000001112,i,a,N,#,N,@,final
695.4806759094985,1577.1646191792563,2627.56080953324,3.247447610109934,3.6225917482320087,4.313646295045209,5153.846153846154,0.0012249142486111132,206.6065498344671,0.059000000000000004,0.40972222222222227,1-0-209-1,owF,UT_015,015,2,fave,NaN,38.03859660915476,5,so,1,0.11999600000001465,"","",S,#,S,"",final
703.5593164081865,1513.5830361936364,3346.2307229825196,2.9182205086112396,3.8716163428429744,4.372447079522856,6051.282051282051,0.00008223444621180332,259.38985316553294,0.025,0.2976190476190476,1-0-287-1,owF,UT_015,015,2,fave,242.09911996968472,56.00221702189604,5,so,1,0.059996999999953005,"",i,S,#,S,ay,final
713.8385901889927,1495.3249356966862,2946.499866375393,3.590445739267092,4.349349266173111,4.202213889985956,5153.846153846154,0.03834499976945267,279.38525416553284,0.031,0.2152777777777778,1-0-334-1,owF,UT_015,015,2,fave,230.49522852056074,39.55170465067692,5,so,1,0.11999500000001717,"","",S,#,S,"",final
603.1209987340272,1732.3691233008635,2975.12133700653,2.8118524574576966,3.9199070474212583,3.822549130195156,5871.794871794871,0.0004896840916567993,294.24956683446715,0.043000000000000003,0.24712643678160923,1-0-368-1,owF,UT_015,015,2,fave,198.77393184981227,57.39442664592608,5,so,1,0.1499939999999924,"",just,S,#,S,JH,final
613.1034142135755,1334.6655755297472,2906.787785402304,2.7804466973998605,3.3379566225199238,4.101683158757175,5692.3076923076915,0.00008130488084298093,327.2294551655329,0.033,0.2894736842105263,1-0-395-1,owF,UT_015,015,2,fave,196.7097047943621,57.46421994961087,5,go,1,0.08999599999998509,i,to,G,#,G,T,final
672.824379413148,1469.6324531900227,2994.692525771327,2.9101696090906963,3.362209516005883,4.138673291421258,5692.3076923076915,0.007788572433108024,334.7284451655329,0.051000000000000004,0.11233480176211454,1-0-411-3,owF,UT_015,015,2,fave,199.2044458161652,55.13083435810128,5,also,0,0.429992000000027,and,"",S,#,S,"",final
573.3089625089067,1271.2946203870792,3031.253943873702,3.3082194640483493,3.328689656286942,4.148119863866657,5333.333333333333,0.0005952842609291376,345.7081511655329,0.025,0.24038461538461536,1-0-443-0,owF,UT_015,015,2,fave,204.92492441984797,52.31470138834556,5,oh,1,0.0799870000000169,"",yeah,#,#,"",Y,coextensive
637.9593605769952,1313.4903590037054,2522.8540774057406,2.8504129271966177,2.7183628614144375,4.155318383586415,5692.3076923076915,0.0002577822095675956,352.7304591655329,0.025,0.21929824561403513,1-0-446-0,owF,UT_015,015,2,fave,258.1273803232115,65.97717322295392,5,oh,1,0.08999699999998256,"",yeah,#,#,"",Y,coextensive
671.4381251133279,1613.8871896460255,3003.1202922696666,3.072984169578751,3.7278617891226533,4.074206649550528,5692.3076923076915,0.0025841475578089685,434.7032498344671,0.07500000000000001,0.2005347593582888,1-0-598-1,owF,UT_015,015,2,fave,196.27643729823203,50.5403645614383,5,so,1,0.3500060000000076,"","",S,#,S,"",final
693.438619201749,1350.048429670974,3325.7569526874563,3.222988670575048,3.897890402106682,4.296090335475686,6589.74358974359,0.0007931120106397902,511.8447381655329,0.045000000000000005,0.3947368421052632,1-0-730-1,owF,UT_015,015,2,fave,139.5620847362797,48.31132634184782,5,so,1,0.08999599999998509,"","",S,#,S,"",final
641.4667724236259,1564.0921083767557,3162.2514927683915,2.952417772336141,3.62450137419844,4.1500084492718035,5871.794871794871,0.000059827139585156064,526.5547538344671,0.031,0.32978723404255317,1-0-763-1,owF,UT_015,015,2,fave,197.09907872679224,56.59031060677714,5,so,1,0.07000800000002982,that,i,S,#,S,ay,final
649.6361511467471,1512.403950569717,3459.1274199990794,3.7566463039169116,3.4407850261616644,4.94734620564686,6769.2307692307695,0.003065035374295356,578.6979295034013,0.045,0.23195876288659795,1-0-859-0,owF,UT_015,015,2,fave,247.41903327380737,63.76777865407626,5,oh,1,0.17004400000007536,"",yeah,#,#,"",Y,coextensive
672.693959040114,1196.6923347963032,3585.618182663792,2.863885891806688,3.7899440169234087,4.267425107006651,7128.205128205128,0.002901282912110885,596.3267405034014,0.11499999999999999,0.452755905511811,1-0-882-1,owF,UT_015,015,2,fave,142.9411365074047,53.599479131966284,5,so,1,0.23004099999991467,well,"",S,#,S,"",final
631.2243888823555,1384.1747572537845,3062.959649332151,3.0549052197974196,3.3553359131063463,4.065147805858475,5871.794871794871,8.021759368264124e-6,617.2047491655329,0.029,0.34523809523809523,1-0-925-3,owF,UT_015,015,2,fave,200.18337497606282,55.67871003444123,5,also,0,0.05999799999995048,we,have,S,#,S,HH,final
746.2413275990345,1428.8336580083956,2371.0721324579577,3.549945045843815,3.9289014301502063,5.222702370330921,5333.333333333333,0.09338783139063117,620.8627684965986,0.045,0.24456521739130438,1-0-939-1,owF,UT_015,015,2,fave,160.09490948051638,44.56251234991156,5,so,1,0.15997300000003634,"","",S,#,S,"",final
616.0839190760252,1758.4357108097556,3287.763053115237,2.616525980696938,3.795654456343588,4.6172241851784115,6769.2307692307695,0.00023956511121524243,653.1902618344672,0.037000000000000005,0.22560975609756104,1-0-987-1,owF,UT_015,015,2,fave,201.74813698085967,60.973458744989955,5,show,1,0.140013999999951,like,them,SH,#,SH,DH,final
741.3449741764408,1799.5974952456768,3360.1173048479786,2.7772061931554566,4.335719193563874,4.336598615115004,6410.25641025641,0.0029905824149229075,666.3342191655328,0.025,0.16233766233766234,1-0-1021-1,owF,UT_015,015,2,fave,188.50178184764417,54.994610680386934,5,show,1,0.13000499999998283,just,them,SH,#,SH,DH,final
701.6138219474855,1703.405731564961,2884.4618918639917,2.7797802609131055,3.3647263821990725,4.1539880976784636,5692.3076923076915,0.0005362532755596374,679.7209598276643,0.033,0.1473214285714286,1-0-1061-1,owF,UT_015,015,2,fave,180.04523501600423,54.78980005537494,5,know,1,0.1999510000000555,to,the,N,#,N,DH,final
632.3474634282442,908.7915164582703,1341.3488854863658,3.776012507259415,3.5036909302637183,3.4159194012702154,4256.410256410256,0.017838419864525997,787.2617701655328,0.025,0.0946969696969697,1-0-1220-2,owF,UT_015,015,2,fave,206.95979625445102,60.241661311660586,5,fro,1,0.23999100000003182,kale,"",R,#,R,"",final
726.150191056592,1107.8166245154582,2305.2974012186864,3.5756445960151133,3.426271119868726,4.5987891736015145,5512.820512820513,0.01098790869480527,787.7687454965987,0.07900000000000001,0.42934782608695665,1-0-1222-2,owF,UT_015,015,2,fave,360.35314684155793,55.88073086890555,5,fro,1,0.15997299999992265,"","",R,#,R,"",final
792.6836365634854,1211.8614359855549,3171.872668540021,3.1993993654928112,3.7489371967432636,3.9861697837276333,6230.7692307692305,0.06759661762357401,835.2537311655329,0.089,0.4362745098039215,1-0-1332-2,owF,UT_015,015,2,fave,245.81742050657306,50.77394498043461,5,snow,1,0.17999299999996765,the,"",N,#,N,"",final
766.1816620621482,1369.1911587322654,2830.3447332323785,2.9708332132250757,3.524269189289205,4.293222459034691,5512.820512820513,0.00012458556331303747,205.79054716553287,0.047,0.3263888888888889,1-0-206-1,oh,UT_015,015,2,fave,220.85821562163736,56.307989594020185,5,songs,1,0.11999500000001717,few,too,S,NG,S,NG,internal
754.5254921479143,1189.7446351959954,3015.880628666878,2.8784682907343417,3.073723541247772,4.411909493306951,5512.820512820513,0.0008547823756242267,207.41754783446714,0.061000000000000006,0.3315217391304348,1-0-213-1,oh,UT_015,015,2,fave,163.5122935764799,47.22510030936281,5,songs,1,0.1600039999999865,couple,"",S,NG,S,NG,internal
728.3274860914455,1012.5006252131799,3290.7496980299507,3.238109456850991,3.2671319505917493,4.814808300890751,5512.820512820513,0.001334850350889482,236.7141468344671,0.057,0.3275862068965517,1-0-248-1,oh,UT_015,015,2,fave,950.3515139147199,49.31511206815842,5,long,1,0.15000900000001138,the,run,L,NG,L,NG,internal
759.980472192329,983.860417235091,2056.4570847473956,3.2589183520037404,3.500795557256264,4.692604317609767,4794.871794871795,0.0015250737855078318,676.1679631655329,0.067,0.3284313725490196,1-0-1050-2,oh,UT_015,015,2,fave,186.56212303233633,54.21390587881008,5,along,1,0.17999299999996765,play,"",L,NG,L,NG,internal
898.1601285922509,1195.8042731406804,3424.3753800778986,3.0502733236326143,3.2440771838195923,3.91795109538699,5871.794871794871,0.000596772634339766,823.3363361655329,0.065,0.3350515463917526,1-0-1306-0,oh,UT_015,015,2,fave,217.9620375014329,61.935430127647095,5,author,1,0.169983000000002,"",is,#,TH,"",TH,initial
618.7039567639155,1023.4751469974093,3172.487493255548,2.73603885700051,2.6708296655285735,3.783197404599619,5692.3076923076915,0.000037784942248376616,859.884329834467,0.035,0.3365384615384616,1-0-1397-1,oh,UT_015,015,2,fave,209.19341951638452,65.90002575489122,5,lawyer,1,0.080016999999998,the,bought,L,Y,L,Y,internal
548.6068414707298,1926.1591895854747,4073.194155358337,3.4547915055813414,3.5396883011462967,4.8998364118840625,8923.076923076922,0.0006429101323559978,230.40615316553288,0.040999999999999995,0.33064516129032256,1-0-225-1,uwr,UT_015,015,2,fave,228.25508862263231,55.76499569564161,5,sure,1,0.09999100000001704,for,"",SH,R,SH,R,internal
619.0651069979178,1882.9007107679392,2330.458058366812,2.655365123597889,3.730203803265644,3.9324023783733892,5333.333333333333,0.00004128574495334734,289.5455491655329,0.035,0.33653846153846156,1-0-354-1,uwr,UT_015,015,2,fave,206.60358086465735,63.5129289178838,5,sure,1,0.07998600000001943,for,like,SH,R,SH,R,internal
532.8699830538618,812.462201196892,3497.3551301610696,3.339400706129617,3.257058796246257,3.740142974360203,5871.794871794871,0.00022485943398503234,332.47545083446715,0.045,0.3358208955223881,1-0-407-1,u,UT_015,015,2,fave,212.86413820930485,55.569193071276,5,full,1,0.11001600000003009,working,time,F,L,F,L,internal
557.7053668680618,1436.1691451569245,2582.1764608817602,2.153300683730557,3.508249574375857,3.8900222184241398,5692.3076923076915,3.0416110973887696e-6,353.7077528344671,0.027000000000000003,0.32142857142857145,1-0-450-1,u,UT_015,015,2,fave,274.86839174092114,66.50337092343378,5,would,1,0.05999800000000732,i,b,W,D,W,D,internal
584.2054116544449,1541.0015722809292,2847.5288907657414,2.223039006325065,3.2192467449761315,4.44563479904686,5692.3076923076915,0.00006487340577035716,425.0992571655329,0.027000000000000003,0.32142857142857145,1-0-575-1,u,UT_015,015,2,fave,303.0600310515681,57.82059060291723,5,would,1,0.05999800000000732,i,probably,W,D,W,D,internal
487.58364887898136,912.7522757172085,1845.4115489486398,4.036129004166165,3.3752423426303118,3.983282018728332,5512.820512820513,0.000057941856157107225,478.0826461655329,0.047,0.3263888888888889,1-0-655-1,u,UT_015,015,2,fave,453.2990602647733,61.8219042694423,5,good,1,0.11999500000001717,was,at,G,D,G,D,internal
633.9842263354695,1753.0394044923862,2861.9871559567114,2.6032173883231677,3.4830140056791397,4.3807374316619185,5692.3076923076915,0.00004421581437254824,483.8966474965986,0.035,0.33653846153846156,1-0-676-1,u,UT_015,015,2,fave,203.2368491070488,56.440572758800045,5,took,1,0.0799870000000169,i,photography,T,K,T,K,internal
607.141108512655,1682.2716796969557,2996.8262834447405,2.8420590160376333,3.64451729336373,4.153134543747954,6051.282051282051,0.0005412965316580768,523.4697335034014,0.040999999999999995,0.33064516129032256,1-0-752-1,u,UT_015,015,2,fave,197.9371140298667,59.860407395261824,5,would,1,0.10003599999993185,"",take,W,D,W,D,internal
621.8157278504581,1629.2409610695581,2847.957455326849,2.4941762751373115,3.3069837570282123,4.03899305546222,6051.282051282051,0.0005538659456242835,650.7392398344671,0.055,0.3353658536585366,1-0-982-1,u,UT_015,015,2,fave,309.18969869251174,60.853073322921304,5,would,1,0.140013999999951,i,pr,W,D,W,D,internal
649.6810035035512,1459.1720865817424,3025.2635548216945,2.7039753718920703,3.1716937235712654,3.5314735603287533,5692.3076923076915,0.00009004516319271323,745.3932534965986,0.037000000000000005,0.324561403508772,1-0-1118-1,u,UT_015,015,2,fave,219.00620635386994,62.42339158802213,5,woman,1,0.08996600000000399,the,saw,W,M,W,M,internal
631.5522982071051,1172.5441443537875,2909.0347157097176,2.9184488528864434,3.22425006122001,4.541610843853599,5692.3076923076915,0.0004073284757348607,758.8782391655329,0.047,0.3263888888888889,1-0-1149-1,u,UT_015,015,2,fave,204.15302831752322,61.975381109923894,5,books,1,0.11999499999990348,fantasy,contain,B,K,B,K,internal
659.7192672723961,1260.8294144998013,3053.4068089210186,2.551513704957997,3.200133807643974,3.973817883129956,5692.3076923076915,0.00048383557184998626,777.3917561655329,0.065,0.33505154639175255,1-0-1195-1,u,UT_015,015,2,fave,286.5812063214017,64.31118919279363,5,book,1,0.169983000000002,the,"",B,K,B,K,internal
681.8433931057542,1565.4767146709646,2991.351035949383,2.753959672003511,3.239357084079348,4.1496010945462025,5692.3076923076915,0.0003490358952224037,790.1297504965987,0.04100000000000001,0.3306451612903227,1-0-1229-1,u,UT_015,015,2,fave,229.3189228370464,63.74474586764979,5,woman,1,0.09997499999997217,the,saw,W,M,W,M,internal
690.0665957961251,1108.5736382448667,3101.591950652798,3.5898407889587554,3.515467965725039,3.452958895524738,6589.74358974359,0.0006954218099107122,379.83704816553285,0.045,0.3358208955223881,1-0-507-0,ahr,UT_015,015,2,fave,148.0189885648204,48.48636021424722,5,art,1,0.10998499999999467,"","",#,R,"",R,initial
721.8487312297813,1196.0538195096203,2510.8325833957106,2.8907917912014804,2.9613205646708667,4.511021275743869,4974.358974358975,0.000056359906030021774,397.9863478344671,0.027000000000000003,0.32142857142857145,1-0-562-0,ahr,UT_015,015,2,fave,98.51987818676447,55.645393393521346,5,our,1,0.05999800000000732,"","",#,R,"",R,initial
686.2209315521211,1337.8268301399987,2479.97993383299,3.0156931986135223,3.3531613088105017,4.282502247173763,5333.333333333333,0.000018759831013396003,788.5917375034013,0.025,0.33783783783783783,1-0-1226-1,ahr,UT_015,015,2,fave,NaN,57.60439692751738,5,garden,1,0.0500489999999445,the,"",G,R,G,R,internal
641.7866582992323,1694.4304377369574,3471.692513333991,3.140092414724099,3.7597871259986415,5.0234067320820515,7307.692307692308,0.0004672087074007724,793.9977454965987,0.037,0.32456140350877194,1-0-1237-0,ahr,UT_015,015,2,fave,22349.763820882905,48.31151030159444,5,are,1,0.08996600000000399,vikings,drinking,#,R,Z,R,initial
728.3329980917271,1600.7837959471553,2287.2075996544286,2.8987450219110955,3.8368255704750034,4.3934561436960715,5333.333333333333,0.00047698337274362253,866.652344165533,0.031,0.32978723404255317,1-0-1414-4,ahr,UT_015,015,2,fave,NaN,50.20908098984604,5,backyard,2,0.07000699999991866,the,"",Y,R,Y,R,internal
