F1,F2,F3,B1,B2,B3,max_formant,smooth_error,time,rel_time,prop_time,id,label,file_name,group,speaker_num,point_heuristic,f0,intensity,optimized,word,stress,dur,pre_word,fol_word,pre_seg,fol_seg,abs_pre_seg,abs_fol_seg,context
436.6833230295148,1670.671983761479,2414.006599191715,2.9702713639265323,3.717607113616295,4.095070123400578,5333.333333333333,0.00011820862131301753,1.7727471655328797,0.025,0.33783783783783783,0-0-3-1,ae,UT_016,intvr,1,fave,109.35046125309995,42.82281048720377,7,thank,1,0.050000000000000044,"",you,TH,NG,TH,NG,internal
598.4710791041192,1474.5821133963343,2344.008371549156,2.7957801616474858,3.8634752217843986,3.774742323529806,5333.333333333333,0.00224467969550784,7.833947165532879,0.085,0.3346456692913386,0-0-20-0,ae,UT_016,intvr,1,fave,293.3039986340179,49.733301163017295,7,as,1,0.23000000000000043,so,you,#,Z,owF,Z,initial
623.6853796217916,1688.869070364275,2497.70668760094,2.9997754495594373,3.7891823370187154,4.007763709451408,5333.333333333333,0.000574321624483528,17.72194716553288,0.04100000000000001,0.3306451612903227,0-0-46-0,ae,UT_016,intvr,1,fave,80.03602183451243,37.59263371719609,7,ask,1,0.1000009999999989,i,you,#,S,ay,S,initial
498.5647501479914,1997.1452361491115,2567.1798078908714,3.0861017681302805,3.85905675461376,3.613704891395546,4794.871794871795,0.0022272839338870233,20.756948165532883,0.07100000000000001,0.3317757009345795,0-0-55-0,ae,UT_016,intvr,1,fave,97.71410201539145,37.18821017106887,7,and,1,0.18999900000000025,"",also,#,N,"",N,initial
546.8770662027866,1606.0767855191089,2289.6757318677546,3.0855182008519635,3.7900304354559733,4.197672483378229,5333.333333333333,0.00039800177626801963,28.08035283446712,0.037000000000000005,0.324561403508772,0-0-74-0,ae,UT_016,intvr,1,fave,92.7575465584255,45.08793342087449,7,asked,1,0.08999999999999986,be,to,#,S,iyF,S,initial
633.5881841996062,1626.3352071702757,2489.5063837092207,2.947063397228099,3.5995436707174115,4.077460943517985,5333.333333333333,0.0006093194320579002,30.17435283446712,0.045,0.3358208955223881,0-0-80-0,ae,UT_016,intvr,1,fave,127.87760318678339,35.49504031126674,7,at,1,0.11000000000000298,"",a,#,T,"",T,initial
659.4112152576733,1146.4666655365725,2232.6772854408696,2.58052950841136,4.0238453114146395,3.8942477997253406,5512.820512820513,0.0007856002957383349,31.83035283446712,0.037,0.32456140350877194,0-0-85-3,ae,UT_016,intvr,1,fave,257.0850278279434,42.53284407680757,7,relaxed,1,0.08999999999999986,"",pace,L,K,L,K,internal
368.4453565566784,1551.8950751416235,2859.2595484139974,3.6244457459069626,3.798543414635474,4.355570702615134,5512.820512820513,0.00047956823644789635,43.81265383446712,0.027000000000000003,0.32142857142857145,0-0-108-0,ae,UT_016,intvr,1,fave,506.0245929388908,44.982582667674976,7,and,1,0.05999700000000274,"",what,#,N,"",N,initial
496.7265423575445,1629.2586205547218,2535.549067056128,2.9563273127934484,3.5536488689525525,4.168592480210375,5333.333333333333,0.00044179722815662484,62.81265383446712,0.027000000000000003,0.32142857142857145,0-0-141-0,ae,UT_016,intvr,1,fave,1652.2378583182888,35.917034576144495,7,and,1,0.05999700000000274,"",of,#,N,"",N,initial
536.6753036722106,1477.304266693437,2401.9605854922893,2.3276266138351005,3.47329845398547,4.004176092658715,5333.333333333333,0.00028229942728918907,123.39484516553289,0.035,0.33653846153846156,0-0-156-0,ae,UT_016,intvr,1,fave,301.2501478135402,41.76372424471403,7,and,1,0.08000199999999325,"",then,#,N,"",N,initial
530.5246081744367,1593.5275665740576,2578.280675138061,2.512488510313132,3.6786475678523427,3.9762404472744124,5153.846153846154,0.0004149942293921591,303.3327591655328,0.04100000000000001,0.3306451612903227,0-0-246-1,ae,UT_016,intvr,1,fave,433.36898986193626,45.672842808000745,7,that,1,0.09997500000002901,"",turned,DH,T,DH,T,internal
460.11084361718747,1705.508448920888,2917.22320769927,3.0609746923417434,3.8998058433659883,4.43394286947459,5871.794871794871,0.00036262155979814337,306.0557391655329,0.027000000000000003,0.32142857142857145,0-0-254-0,ae,UT_016,intvr,1,fave,NaN,38.5149761903017,7,and,1,0.05999800000000732,"",what,#,N,"",N,initial
603.1276001747337,1394.324596411827,2575.7863237959596,2.043427306167198,4.297989358257761,4.013504163292748,5333.333333333333,0.00028764703409102653,316.37304716553285,0.031,0.32978723404255317,0-0-278-1,ae,UT_016,intvr,1,fave,310.347628763746,51.21644514553945,7,that,1,0.0700069999999755,about,"",DH,T,DH,T,internal
579.4243742132302,1424.1611688064777,2640.9612121623572,2.9688558125680355,3.4585834605565804,4.057304009157062,5333.333333333333,0.0004733729611362539,351.47873983446715,0.047,0.3263888888888889,0-0-294-1,ae,UT_016,intvr,1,fave,483.6303865588446,50.08359577925708,7,that,1,0.12002499999999827,when,"",DH,T,DH,T,internal
617.8850102952767,1388.8582850405642,2435.9369583491007,2.461695555486718,3.760240178012646,4.195879185361388,4974.358974358975,0.00022020352361740516,352.0087421655329,0.027000000000000003,0.32142857142857145,0-0-296-1,ae,UT_016,intvr,1,fave,0.0,47.30610371924876,7,happened,1,0.05999800000000732,"","",HH,P,HH,P,internal
694.3373865007549,1332.837868263625,2465.5690859657716,3.150091381344127,3.744246971709476,4.412850219724443,5512.820512820513,0.0017339455142979534,410.12226016553285,0.055,0.33536585365853655,0-0-321-1,ae,UT_016,intvr,1,fave,100.80501881647788,48.12681984313991,7,lattice,1,0.1399839999999699,a,or,L,T,L,T,internal
664.8857104244559,1498.956530296291,2485.5576574924826,3.352640625907412,3.2997597927434748,4.000371845485278,5512.820512820513,0.000865833213293385,424.37184650340134,0.037000000000000005,0.324561403508772,0-0-338-1,ae,UT_016,intvr,1,fave,290.7404619435613,44.574453279542716,7,had,1,0.09002699999996366,you,to,HH,#,HH,T,final
544.9002589035988,1681.0735304366367,2639.062936381736,2.9879983531202177,3.8350067761860673,3.8614277888659947,4794.871794871795,0.0008563004128540422,429.9338388344671,0.04100000000000001,0.3306451612903227,0-0-356-0,ae,UT_016,intvr,1,fave,130.4418202246342,42.99925668700315,7,and,1,0.10000599999995075,"",why,#,N,"",N,initial
493.54810088753715,1543.163483290273,2381.402242672477,3.167789676523322,3.997945363904479,4.151488318201043,5333.333333333333,0.0017388052768636001,499.8049475034013,0.047,0.3263888888888889,0-0-362-1,ae,UT_016,intvr,1,fave,91.10631465131242,43.62113026991665,7,yeah,1,0.12002599999999575,"","",Y,#,Y,"",final
505.79587320410036,1643.710110230826,2507.3185816775226,2.8201605998189234,3.6536803756917866,4.042496450642015,4974.358974358975,0.0012362878496932613,506.3835491655329,0.047,0.3263888888888889,0-0-369-1,ae,UT_016,intvr,1,fave,106.16416877182498,44.113796394361536,7,yeah,1,0.11999500000001717,"","",Y,#,Y,"",final
665.9533628829203,1813.036773825789,3379.0362634470303,3.687374627460339,3.5724021958365193,4.5985842779239094,6230.7692307692305,0.0007287395063818107,514.6693608276645,0.031,0.32978723404255317,0-0-371-1,ae,UT_016,intvr,1,fave,87.63497991491899,48.95562417697639,7,yeah,1,0.06994699999995646,"","",Y,#,Y,"",final
511.2548928693995,1716.7385641069689,2491.7466843399466,3.204609823816096,3.998083787225112,4.217563792331092,4974.358974358975,0.002300475312350313,517.698956834467,0.055,0.3353658536585366,0-0-373-1,ae,UT_016,intvr,1,fave,89.9124918969257,40.90980408885257,7,yeah,1,0.1400140000000647,"","",Y,#,Y,"",final
527.1944310270308,1686.056882815106,2509.3422328803717,3.594406542540293,3.9707257347850877,4.347912801135585,4974.358974358975,0.002432970957245394,593.4788771655329,0.040999999999999995,0.33064516129032256,0-0-393-1,ae,UT_016,intvr,1,fave,62387.63355652468,35.86095050657715,7,yeah,1,0.09997499999997217,"","",Y,#,Y,"",final
452.5110698676178,1753.5620966657561,2555.589576355462,3.457903286336454,3.639597696201414,4.292835493389607,5153.846153846154,0.0007159233243046999,606.8057308344671,0.031,0.32978723404255317,0-0-395-1,ae,UT_016,intvr,1,fave,203.5025955814443,38.03520993083589,7,yeah,1,0.07000700000003235,"","",Y,#,Y,"",final
535.8893793134434,1573.5286920742994,2074.557723153075,3.400459332877751,3.4553683473747174,4.45151473711179,5333.333333333333,0.001131864674529129,663.0967451655329,0.047,0.3263888888888889,0-0-434-1,ae,UT_016,intvr,1,fave,-19651.29018216713,38.433660569502756,7,yeah,1,0.11999500000001717,"","",Y,#,Y,"",final
491.04007438617515,1340.76850073102,2374.899435846911,2.6951366245362016,3.7180193642786055,3.3429830440105426,5333.333333333333,0.00023216202978279527,664.5145318344671,0.031,0.32978723404255317,0-0-437-1,ae,UT_016,intvr,1,fave,103.65417744340354,52.40952269271899,7,that,1,0.07000800000002982,is,something,DH,T,DH,T,internal
536.8714847307394,1458.8543226461936,2359.628225703848,2.5893238736107294,3.844609301496051,3.8664966794034634,5153.846153846154,0.0006716659912517738,664.9875524965986,0.037,0.32456140350877194,0-0-439-1,ae,UT_016,intvr,1,fave,90.92615218661369,53.16312076260473,7,that,1,0.08996600000000399,something,"",DH,T,DH,T,internal
599.6153348292747,1590.0265508572882,2426.45121543621,3.5048054529957025,3.6472493840733096,4.683549299818998,6051.282051282051,0.001056589422046458,757.3577475034014,0.037000000000000005,0.324561403508772,0-0-477-2,ae,UT_016,intvr,1,fave,122.05467718013928,45.50444243284505,7,grandma,1,0.09002700000007735,your,"",R,M,R,M,internal
471.4184200492989,1650.2323249453395,2674.2395855592536,3.3540928983548097,3.6877372457887168,4.435011475913759,5153.846153846154,0.004425163880372507,865.8317518276644,0.055,0.33536585365853655,0-0-508-1,ae,UT_016,intvr,1,fave,-2897.286365313865,42.783699763968684,7,yeah,1,0.1399539999999888,"","",Y,#,Y,"",final
527.9285800178226,1436.6207189995441,2277.9537945618845,2.5149250805635273,3.8775338101430816,4.229505052719248,4615.384615384615,0.0009124965931740913,872.3702448344671,0.031,0.32978723404255317,0-0-518-1,ae,UT_016,intvr,1,fave,88.82175668335654,49.47121260273235,7,family,1,0.07000799999991614,your,"",F,M,F,M,internal
562.3240051022134,1624.4909842275733,2591.831312036978,3.8039141321409247,4.139042956651047,4.746227694746596,5512.820512820513,0.00591131963095501,916.9392675034013,0.035,0.3365384615384616,0-0-530-1,ae,UT_016,intvr,1,fave,NaN,37.929622193701334,7,that,1,0.080016999999998,sharing,"",DH,T,DH,T,internal
510.00876086167267,1563.7489602657356,2453.056480061632,2.6530096160016123,3.480612520769694,4.129787374635346,5153.846153846154,0.00013552210880603057,925.357239165533,0.031,0.32978723404255317,0-0-548-1,ae,UT_016,intvr,1,fave,80.65303737532795,46.66559554963762,7,that,1,0.07000700000003235,something,you,DH,T,DH,T,internal
482.92934367385027,1817.9546083675295,2653.4223387421516,2.719378058685248,3.634191742581357,3.8534216408074653,4974.358974358975,0.0017129878494002335,930.6436371723355,0.047,0.3263888888888889,0-0-554-0,ae,UT_016,intvr,1,fave,404.23099940208624,47.54341047342896,7,and,1,0.12005599999997685,"",what,#,N,"",N,initial
489.75513100542736,1575.4959422377538,2608.1924599659087,2.3150456936988624,3.4076818876324872,3.7790694745259925,5153.846153846154,0.00003979457037985924,1104.8147661723353,0.025,0.33783783783783783,0-0-640-1,ae,UT_016,intvr,1,fave,93.9188947467604,51.26507535618102,7,that,1,0.05004900000017187,"",they,DH,T,DH,T,internal
566.2427092759995,1435.54319358396,2503.2510250405935,2.4636273768057273,3.162450266041326,3.9677437659530983,5153.846153846154,0.0003968225694492329,1247.5436434965986,0.037,0.32456140350877194,0-0-690-1,ae,UT_016,intvr,1,fave,93.24598279481177,52.089739322049965,7,that,1,0.08996599999977661,doing,is,DH,T,DH,T,internal
590.145146591565,1500.9974240668935,2199.4302875952726,3.594073710345178,3.850348877313702,4.141245214439633,5333.333333333333,0.013559510584775645,1287.5619415034012,0.149,0.33558558558558554,0-0-738-0,ae,UT_016,intvr,1,fave,105.17702530592558,54.456561985214,7,as,1,0.42004399999996167,"",i,#,Z,"",Z,initial
537.2640892696959,1648.9813032510344,2697.685500587261,2.3801339980139393,3.661969069683778,4.467972805408041,5333.333333333333,0.0003502401545855542,1307.1074391723355,0.031,0.32978723404255317,0-0-785-1,ae,UT_016,intvr,1,fave,545.9436308097867,50.67758877015611,7,ran,1,0.07006799999999203,"",into,R,N,R,N,internal
569.7852963213766,1651.1076158251883,2716.7918887171104,2.2343929110386074,3.2084843905017415,3.809188203643693,5512.820512820513,0.0006605615443469053,1315.9394958344672,0.055,0.3353658536585366,0-0-806-0,ae,UT_016,intvr,1,fave,448.4285060987174,53.85060682714466,7,at,1,0.14001500000017586,it,a,#,T,T,T,initial
577.5579927242924,1630.3008158279938,2942.673329882411,2.2489763595801864,3.7627296561525925,4.253272707073195,5333.333333333333,0.0011395926573028357,1323.0194504965987,0.035,0.3365384615384616,0-0-824-0,ae,UT_016,intvr,1,fave,384.5516911948893,50.68792707756194,7,at,1,0.07995600000003833,"",the,#,T,"",T,initial
600.8299278720723,1481.7076890470044,2488.577658918021,2.0777426383380893,3.4103560400483675,3.4478313073871267,5333.333333333333,0.00022723708944439295,1343.51722984127,0.04100000000000001,0.3306451612903227,0-0-879-1,ae,UT_016,intvr,1,fave,299.2350529876689,54.9160510319391,7,that,1,0.100097999999889,reread,sentence,DH,T,DH,T,internal
487.0105213148984,1865.1631430113337,2577.25732088547,3.229603788154139,3.6970253947135685,4.469243381541636,4794.871794871795,0.0037489789409502136,1350.5058101723357,0.067,0.3284313725490196,0-0-892-0,ae,UT_016,intvr,1,fave,-391.26416473239664,45.43515668133985,7,and,1,0.18005399999992733,"","",#,N,"",N,initial
459.20809390822996,1571.8603691326448,2591.0362854873097,2.7162544964184114,3.4267459340500834,4.051153496592962,5153.846153846154,0.0002449342369405149,1509.9604904965988,0.035,0.3365384615384616,0-0-897-1,ae,UT_016,intvr,1,fave,125.40807766998552,45.83738749689112,7,thank,1,0.07995600000003833,awesome,you,TH,NG,TH,NG,internal
528.1270123880736,1438.6071143715924,2796.3951229616996,2.408620348172764,3.4539417041699436,4.43217643328071,5333.333333333333,0.0002083397882716627,1512.7111764965987,0.031,0.32978723404255317,0-0-905-1,ae,UT_016,intvr,1,fave,109.70289558613707,50.88326731356909,7,that,1,0.0699459999998453,question,i,DH,T,DH,T,internal
624.3034451601454,1527.8213466701595,2390.331694566954,2.4901988897978806,3.6985794526244917,3.909940680911122,5153.846153846154,0.000023748971474238348,1513.2691351723356,0.027000000000000003,0.32142857142857145,0-0-909-0,ae,UT_016,intvr,1,fave,327.7508786628823,44.90315454940229,7,ask,1,0.06005900000013753,to,"",#,S,@,S,initial
553.8109786537306,1596.2414429638764,2552.0605827399436,3.368314652337258,3.5949496628451407,4.313653278825725,5153.846153846154,0.00002581127088922927,1518.5481641723354,0.025,0.33783783783783783,0-0-924-1,ae,UT_016,intvr,1,fave,76.70200873569112,40.13392232124029,7,languages,1,0.0500489999999445,other,correct,L,NG,L,NG,internal
479.95355192430037,1411.371641912639,3359.9397746533923,3.3279404488966438,4.454491842246035,4.424279293951656,6051.282051282051,0.0017053812040692083,2.14274716553288,0.025,0.26595744680851063,0-0-5-1,owF,UT_016,intvr,1,fave,109.33166369819368,41.51160019197625,7,so,1,0.07000000000000028,you,much,S,#,S,M,final
433.08715251735475,847.2021010761498,2516.9167377876934,2.71147463335927,3.5985470583084016,3.9093334087740668,4794.871794871795,0.003917897525687626,7.640547619047618,0.101,0.44690265486725667,0-0-19-1,owF,UT_016,intvr,1,fave,349.9158503827905,43.518015750566114,7,so,1,0.20120000000000005,"",as,S,#,S,ae,final
551.5280567341019,1920.9275692169163,3294.5019034904494,3.1960595770844304,4.862956525253982,4.6237638072346785,6410.25641025641,0.018810748858336394,21.30394816553288,0.025,0.06510416666666667,0-0-56-3,owF,UT_016,intvr,1,fave,139.23267194624722,38.82765599473829,7,also,0,0.3599979999999974,and,"",S,#,S,"",final
453.76569678132125,1112.1157756362977,2680.7903954507774,3.4086431932758288,3.9291822813731736,4.478512390470659,5153.846153846154,0.0030542777214496394,35.48035383446712,0.037000000000000005,0.16517857142857145,0-0-90-1,owF,UT_016,intvr,1,fave,187.46268016928647,41.179316849690764,7,so,1,0.1999969999999962,"","",S,#,S,"",final
674.6353061455793,1432.6514198269806,2043.359629314103,2.978218849441013,3.7170637752261455,4.196620445061986,4974.358974358975,0.0018532557524586365,127.00984816553287,0.025,0.15243902439024393,0-0-167-1,owF,UT_016,intvr,1,fave,282.38215643596743,39.990210487103326,7,ho,1,0.1399990000000031,"","",HH,#,HH,"",final
456.6660050634717,1130.088335939024,2366.4868084299887,3.297547674367893,3.485328338132896,4.42177916688387,4615.384615384615,0.016743826132110017,423.6368351655329,0.067,0.24452554744525548,0-0-334-1,owF,UT_016,intvr,1,fave,226.56832988082496,47.979524193387526,7,so,1,0.25,"","",S,#,S,"",final
435.45763578721284,1349.1082257167143,2879.7211004892506,3.3812188961018452,3.6754118348429587,4.631485945992052,4794.871794871795,0.0012131609269126573,608.7757528344671,0.025,0.26595744680851063,0-0-397-1,owF,UT_016,intvr,1,fave,304.25251955940706,46.18693163966037,7,so,1,0.07000799999991614,"",what,S,#,S,HH,final
455.7109733614023,751.2080121475075,1136.9727136094068,2.681821350450813,3.5989724554222464,3.8350440770685483,3000.0,0.007788389816187405,610.3557708344671,0.025,0.07267441860465115,0-0-402-1,owF,UT_016,intvr,1,fave,204.31007818762203,42.88750762223584,7,so,1,0.32000699999991866,"","",S,#,S,"",final
403.5981546143447,1087.8894095439543,2675.4572267691915,2.545889819785374,3.726306147144925,3.998744649342624,4435.897435897436,0.0000966759259573699,1004.1281641655328,0.025,0.2976190476190476,0-0-574-1,owF,UT_016,intvr,1,fave,381.9130843623953,52.41733333333649,7,so,1,0.05999800000006417,"",besides,S,#,S,B,final
535.4766707594243,1150.5097671401586,2462.5115094645175,3.5251824164839523,3.806515030014855,4.579551136779094,4974.358974358975,0.002361134696603818,1048.5758458276646,0.025,0.24038461538461545,0-0-611-1,owF,UT_016,intvr,1,fave,512.9727287238119,44.69373013507198,7,so,1,0.07995600000003833,children,much,S,#,S,M,final
398.44644606844116,998.2319724413724,2043.0218022977276,3.4634500336539453,3.5425775796018892,4.388864913978147,4256.410256410256,0.03508023610407815,1244.3246288276646,0.119,0.24586776859504128,0-0-680-1,owF,UT_016,intvr,1,fave,105.23531566036812,46.18717959314232,7,so,1,0.45996100000002116,"","",S,#,S,"",final
370.7758550403327,1153.9722288067953,2425.1465616702767,1.9286898788615028,3.4273497036994733,4.363602119926183,4256.410256410256,0.00015387251013889358,1245.9976328412697,0.025,0.26595744680851063,0-0-682-1,owF,UT_016,intvr,1,fave,353.05856671601197,61.49676999969402,7,so,1,0.07006900000010319,"",the,S,#,S,DH,final
418.39082887282336,1045.1833614970415,2234.146852933017,2.1011099278845404,3.433476759663709,3.494686769824445,4076.923076923077,0.0003223516318825368,1246.842688165533,0.055,0.4104477611940299,0-0-687-1,owF,UT_016,intvr,1,fave,89.8150527225188,57.17154157468182,7,go,1,0.1099859999999353,you,about,G,#,G,@,final
472.0008726765624,971.592330852688,2004.5455777168395,3.1315008520479073,4.098092718778398,4.478835857360111,4435.897435897436,0.003156810881389021,1279.219900165533,0.025,0.17361111111111113,0-0-714-1,owF,UT_016,intvr,1,fave,116.60795229729851,45.46190893915406,7,so,1,0.11999500000001717,you,much,S,#,S,M,final
533.3332671020881,1155.694996124021,2161.4250933112885,3.0727972218613853,3.7370286633888226,4.5931707224437535,4974.358974358975,0.007462189120465799,1281.9149755034014,0.035,0.20114942528735633,0-0-721-1,owF,UT_016,intvr,1,fave,140.8697887602232,47.73714334160641,7,know,1,0.15002400000003036,you,a,N,#,N,@,final
544.2216163758691,1094.456136343566,2124.5755910687426,2.9238393726803062,3.981993031959518,4.602007915651824,4615.384615384615,0.008303260035418966,1322.4714051723354,0.07900000000000001,0.369158878504673,0-0-822-1,owF,UT_016,intvr,1,fave,95.01812661134964,47.85282860226016,7,know,1,0.1900630000000092,you,"",N,#,N,"",final
477.3484056231028,1255.950191160074,2487.44053274486,2.590403560950637,2.946882064056256,4.234362430771172,4256.410256410256,0.000566165055835285,1328.582721510204,0.025,0.21929824561403513,0-0-844-1,owF,UT_016,intvr,1,fave,429.6152632007666,47.33961209587015,7,so,1,0.09008799999992334,race,just,S,#,S,JH,final
425.7290168716574,991.1120053771443,2358.5782438055385,2.456351149677212,3.504343142873551,3.6920656729575474,4615.384615384615,0.0016325205420692148,1340.4492554965987,0.045,0.3629032258064516,0-0-871-1,owF,UT_016,intvr,1,fave,421.5346537273743,50.828849171470644,7,go,1,0.09997500000008586,"",ahead,G,#,G,@,final
486.78892462069985,1406.4643232843746,2528.96709369792,3.6853451145088836,4.1074205566534445,4.481373801927114,5512.820512820513,0.0026625760045996976,1348.384808165533,0.045000000000000005,0.31250000000000006,0-0-884-1,owF,UT_016,intvr,1,fave,109.57388748046196,56.13491278909943,7,so,1,0.11999500000001717,"",whenever,S,#,S,W,final
441.03785087559845,942.0441114031236,2243.18795343947,2.835714464398075,4.17000739066639,4.530770949763609,4435.897435897436,0.006787545191626221,1349.681852834467,0.059000000000000004,0.40972222222222227,0-0-889-1,owF,UT_016,intvr,1,fave,432.59884491194026,55.44730618462985,7,go,1,0.11999500000001717,"",ahead,G,#,G,@,final
518.1285029848902,1447.4773079552244,2726.7862799575564,2.932946901909044,4.295150957913235,3.921599301314599,5333.333333333333,0.0032150340578379994,1517.3651848276643,0.059000000000000004,0.27570093457943934,0-0-920-1,owF,UT_016,intvr,1,fave,106.63202621327954,47.667140978201104,7,know,1,0.18994199999997363,not,any,N,#,N,e,final
532.8381395098418,1188.9702748868706,2347.4010299830343,3.563168643674865,3.929802153751504,4.525515626476057,5512.820512820513,0.001385771667659358,2.3007471655328797,0.04100000000000001,0.3306451612903227,0-0-6-1,ʌ,UT_016,intvr,1,fave,14.102937031567091,39.63866926642726,7,much,1,0.10000000000000009,so,for,M,CH,M,CH,internal
543.6849255163446,1448.2749489646624,2544.904384921996,2.327992001653304,3.437342845154003,3.5439617116380155,5153.846153846154,0.0005869790154856876,4.84074716553288,0.04100000000000001,0.3306451612903227,0-0-15-2,ʌ,UT_016,intvr,1,fave,558.7412739877575,46.109721618289925,7,study,1,0.09999999999999964,"","",T,D,T,D,internal
531.1163796428617,1180.8920977806763,2848.8194636282888,3.250833699437407,3.8255332838321716,4.632645663587219,6051.282051282051,0.00010671326428875468,14.25394616553288,0.025,0.33783783783783783,0-0-36-1,ʌ,UT_016,intvr,1,fave,95.80232888485195,41.51449552602106,7,one,1,0.05000099999999996,first,"",W,N,W,N,internal
443.71069680448903,1031.2648858437935,2367.8328360831288,2.5579713654651135,3.4528880031649476,3.9069705908860826,5333.333333333333,0.00028943917591506794,39.13535383446712,0.027000000000000003,0.32142857142857145,0-0-103-2,ʌ,UT_016,intvr,1,fave,113.83838028968466,52.543096103000714,7,what,1,0.05999800000000022,"",is,W,T,W,T,internal
495.44917519466827,1119.8599408507594,2481.9250341639204,2.4144389105713553,3.5318060640190647,3.9619839038299762,5153.846153846154,0.00012166707205198498,44.04265283446712,0.027000000000000003,0.32142857142857145,0-0-109-1,ʌ,UT_016,intvr,1,fave,101.14604383782847,46.78150521231079,7,what,1,0.060001999999997224,and,is,W,T,W,T,internal
487.6377730494023,1069.261842437032,2482.3370548779258,3.02023945851979,2.9379055733847186,3.8497426881114998,5333.333333333333,0.0007996460866797194,167.1062528344671,0.031,0.32978723404255317,0-0-192-2,ʌ,UT_016,intvr,1,fave,426.471707949306,48.873030140019644,7,what,1,0.07000700000000393,"",is,W,T,W,T,internal
543.7038980212895,977.6219928658941,2281.935213608889,2.3498811453679918,3.676790655230415,4.352511108840127,4794.871794871795,0.0000291803587395793,188.1012481655329,0.025,0.33783783783783783,0-0-208-1,ʌ,UT_016,intvr,1,fave,505.67201984201455,47.62767722360221,7,what,1,0.050003000000003794,about,it,W,T,W,T,internal
489.3363606184972,1217.9315183211932,2856.2750425951754,3.3074838474913246,3.2851529903095154,3.9250053509764204,5153.846153846154,0.002391945448911301,300.57475449659864,0.085,0.3346456692913386,0-0-241-1,ʌ,UT_016,intvr,1,fave,186.81601072424252,49.64964518921949,7,what,1,0.22998000000001184,"","",W,T,W,T,internal
472.86844142690904,1091.355006645697,2088.4445046983947,2.973156388725857,3.7668148373728796,4.363643645240246,4256.410256410256,0.00008314468227294614,301.7757401655329,0.027000000000000003,0.32142857142857145,0-0-244-1,ʌ,UT_016,intvr,1,fave,119.74954536200859,52.2230174834687,7,something,1,0.05999800000000732,is,"",S,M,S,M,internal
491.5590570754635,1031.3419075866716,2332.9404262355974,2.943128147672306,3.302966218657174,4.256435649788113,4974.358974358975,0.0005004522175814938,306.59775383446714,0.031,0.32978723404255317,0-0-256-1,ʌ,UT_016,intvr,1,fave,87.85061765633688,46.89163222284276,7,was,1,0.07000700000003235,what,it,W,Z,W,Z,internal
484.9003739403893,930.7931467252365,2352.7500932227995,2.490430746104161,3.1369805643692494,4.259463183732766,5333.333333333333,0.00002660027210260108,428.5558438344671,0.025,0.33783783783783783,0-0-351-2,ʌ,UT_016,intvr,1,fave,95.42605108202056,49.265343012546836,7,what,1,0.050018000000022766,"",would,W,T,W,T,internal
502.00720733041976,1327.1204818541412,2435.5414729203044,2.973680394462565,3.6717909753611773,3.9161407118514426,5333.333333333333,0.0009764894549177552,609.3057671655329,0.045,0.3358208955223881,0-0-400-0,ʌ,UT_016,intvr,1,fave,142.19529106098219,48.998978629326,7,of,1,0.10998500000005151,sort,"",#,V,T,V,initial
437.0392093351118,977.4871835423281,2494.8124986445982,3.2330915593134812,3.3664040002676874,3.6868528396005136,5333.333333333333,0.000705068584483581,759.5594398344671,0.035,0.3365384615384616,0-0-479-1,ʌ,UT_016,intvr,1,fave,421.1615300201312,46.78633075698255,7,what,1,0.080016999999998,"",was,W,T,W,T,internal
511.22719169996947,1117.3503115587623,2532.463920842394,2.6079863800921985,3.446432679344521,3.4127166720652022,4974.358974358975,0.0004109380955749775,870.1522624965986,0.035,0.33653846153846156,0-0-510-1,ʌ,UT_016,intvr,1,fave,166.71636082915197,55.92377443801549,7,what,1,0.0799570000000358,"",other,W,T,W,T,internal
480.8290953074996,1432.5680774917848,2514.2028130865756,3.319455157038203,3.5532216561148187,4.406781373535669,5333.333333333333,0.0014827696092820954,870.2722584965986,0.035,0.3365384615384616,0-0-511-0,ʌ,UT_016,intvr,1,fave,205.6390579033776,47.07714049442316,7,other,1,0.07995600000003833,what,"",#,DH,T,DH,initial
506.9693256152548,1198.3334622837313,2370.419137827574,2.8854651483073086,3.459961491496396,3.7739334530527104,5333.333333333333,0.00011764183104220583,871.260254165533,0.031,0.32978723404255317,0-0-514-0,ʌ,UT_016,intvr,1,fave,144.0912364286906,49.46036063484023,7,other,1,0.07000700000003235,what,towns,#,DH,T,DH,initial
673.4282820369989,1200.5345632716264,2835.2015864139703,3.468601578198522,3.210823073511874,4.197437627916989,5333.333333333333,0.0033289470102130974,919.2602498344671,0.07700000000000001,0.3290598290598291,0-0-532-2,ʌ,UT_016,intvr,1,fave,215.76203132988454,53.3838208415977,7,what,1,0.21002199999998084,"","",W,T,W,T,internal
517.3250781053453,1164.4088977656952,2529.893440627353,2.2053802557569617,3.6084723595380033,3.858518491320046,5153.846153846154,0.0003007849847956738,931.0686684965987,0.037,0.32456140350877194,0-0-555-1,ʌ,UT_016,intvr,1,fave,286.8963449417084,54.42215976473626,7,what,1,0.08996600000000399,and,is,W,T,W,T,internal
581.1332429642063,1078.5752063493235,2626.9667587518597,2.6723706382051704,3.776474464664848,4.546790886476865,5153.846153846154,0.0005841863495191647,1005.3241614965987,0.037,0.32456140350877194,0-0-579-1,ʌ,UT_016,intvr,1,fave,333.2956460357164,51.95323276791965,7,mother,1,0.08996600000000399,a,"",M,DH,M,DH,internal
461.8713892266972,1119.6798592120692,2538.9267786908667,2.5242492209287746,3.3647820042725676,4.547961755981752,5333.333333333333,0.0004912489343517343,1042.2608118412697,0.035,0.33653846153846156,0-0-601-1,ʌ,UT_016,intvr,1,fave,275.4640336504987,52.31280324537669,7,what,1,0.08007799999995768,"",what,W,T,W,T,internal
494.2284644201962,1200.5834573996651,2674.077893307233,2.2222187878515562,3.5078457924744586,4.277564692267625,5333.333333333333,0.00212270355584516,1045.510878489796,0.055,0.33536585365853655,0-0-602-2,ʌ,UT_016,intvr,1,fave,333.04040932896925,57.25249779853418,7,what,1,0.13989300000002913,what,makes,W,T,W,T,internal
497.8746337320459,1101.4643250701656,2849.7560753851753,2.2683611673223716,3.32102850958232,4.601421133859081,5153.846153846154,0.0033880125895397106,1047.2018274965985,0.07700000000000001,0.3290598290598291,0-0-606-1,ʌ,UT_016,intvr,1,fave,83.91476794837598,53.460351334526564,7,love,1,0.20996100000002116,"","",L,V,L,V,internal
623.5199503563219,1169.1587524312386,2414.419544980583,3.4021504778583127,3.637882939923129,4.268960219712316,5333.333333333333,0.002895198402857808,1048.716862165533,0.047,0.3263888888888889,0-0-612-1,ʌ,UT_016,intvr,1,fave,161.60076526934074,37.70996279946423,7,much,1,0.11999500000001717,so,"",M,CH,M,CH,internal
417.54801009942054,1055.7644822353968,2431.2535799061657,2.516249539641918,3.4639409748472865,3.2949521122416607,5333.333333333333,0.00004734420337192356,1095.0247271723354,0.025,0.33783783783783783,0-0-617-2,ʌ,UT_016,intvr,1,fave,400.03805609203744,56.97161447452164,7,what,1,0.05004900000017187,"",do,W,T,W,T,internal
636.2476510474352,1323.7668283033631,2393.4512542975513,3.5771080658366907,3.782236613277139,4.547025515889912,5692.3076923076915,0.001900164327925105,1105.7507974965986,0.037000000000000005,0.324561403508772,0-0-644-4,ʌ,UT_016,intvr,1,fave,418.9203276779287,41.860406752230006,7,overcome,2,0.08996499999989283,to,"",K,M,K,M,internal
494.19397995081164,1032.9954379697292,2975.6329390002493,3.055205207685357,3.9121900427279193,4.814669949037202,5333.333333333333,0.006705273638351873,1165.831486165533,0.047,0.3263888888888889,0-0-653-1,ʌ,UT_016,intvr,1,fave,87.98971784733364,49.47135878223134,7,someone,1,0.11999500000001717,help,"",S,M,S,M,internal
520.5515297030901,1026.3185540357022,2315.2321199397093,3.263665615022428,4.294157382057572,4.443474818838098,5512.820512820513,0.0015025597341593328,1166.131413165533,0.047,0.3263888888888889,0-0-653-4,ʌ,UT_016,intvr,1,fave,84.89164625152068,44.46298042687082,7,someone,2,0.1199949999997898,help,"",W,N,W,N,internal
410.63566572812863,1453.3876267905923,2744.6857994645898,2.2480090920584526,3.2261369155614785,4.47518306745018,5153.846153846154,0.00022017152400173706,1168.6114201723356,0.027000000000000003,0.32142857142857145,0-0-657-1,ʌ,UT_016,intvr,1,fave,178.57961087935365,53.38632727023417,7,just,1,0.06005900000013753,"",starting,JH,S,JH,S,internal
599.1088811879075,1363.8027016084202,2544.2993848187402,2.7632878571416915,3.797731709873111,3.786992945753927,5153.846153846154,0.0012554102478880037,1286.0279491655328,0.04100000000000001,0.3306451612903227,0-0-734-2,ʌ,UT_016,intvr,1,fave,397.8957753701537,42.91210074618213,7,stuff,1,0.09997599999996964,personal,"",T,F,T,F,internal
610.6255804458198,1205.0595014532485,2605.7616921124777,2.893219242465623,3.794698744350729,4.25901696336022,5153.846153846154,0.001952766179371768,1309.9074398276643,0.07100000000000001,0.33177570093457953,0-0-794-2,ʌ,UT_016,intvr,1,fave,105.84980724019601,54.45697625360384,7,enough,1,0.189942000000201,large,"",N,F,N,F,internal
628.3735146684264,1088.3357446258915,1938.6700264308104,3.4472538783441977,4.145081668323936,4.485049125360965,5333.333333333333,0.0024135362968977165,1311.8874398276641,0.031,0.32978723404255317,0-0-799-3,ʌ,UT_016,intvr,1,fave,85.96242369831522,49.30844301217877,7,struggle,1,0.06994600000007267,people,"",R,G,R,G,internal
512.2981174076165,1338.5973764576,2728.9046428542465,3.2054200253140035,3.5773010570637576,3.7734117179253808,5153.846153846154,0.0024611583345301533,1314.690476834467,0.097,0.3299319727891156,0-0-802-1,ʌ,UT_016,intvr,1,fave,156.25581185318538,55.763943819657385,7,but,1,0.27001899999982015,[bracketed],just,B,T,B,T,internal
506.16543949795494,1226.4239457795875,2608.8490070129583,2.210983677289396,3.2413719419727127,4.028217728560095,5153.846153846154,0.0008399719785806945,1322.0994078344672,0.055,0.3353658536585366,0-0-820-1,ʌ,UT_016,intvr,1,fave,110.35808222473662,59.35442205715332,7,but,1,0.1400149999999485,"",you,B,T,B,T,internal
601.3591166045318,1281.4510938273525,2514.8543067910414,2.5381858812610854,3.420034425118355,4.097731668752586,5153.846153846154,0.0015155025292118859,1325.8707258412699,0.08100000000000002,0.3319672131147542,0-0-833-1,ʌ,UT_016,intvr,1,fave,174.62263737022656,53.111568301517444,7,run,1,0.22009299999990617,to,a,R,N,R,N,internal
609.2381617757887,1262.4019216986205,2078.3597122200736,2.7946626098972835,3.9307537357710314,4.2188173532139945,5512.820512820513,0.00007870421866402932,1327.9927441723355,0.025,0.33783783783783783,0-0-841-1,ʌ,UT_016,intvr,1,fave,589.3515657863668,48.7662914966668,7,run,1,0.0500489999999445,to,a,R,N,R,N,internal
561.0971302697757,1345.0637443261492,2548.038811695877,3.050195901644072,3.3876352114160566,4.470551886147822,5153.846153846154,0.0020738180211571323,1338.8902078344672,0.047,0.3263888888888889,0-0-865-0,ʌ,UT_016,intvr,1,fave,308.57943964538833,51.307105211940836,7,up,1,0.11999500000001717,messed,any,#,P,T,P,initial
580.7502191981889,1216.9726637884105,2737.7250929529364,2.3463346308467385,3.5715305692734374,4.378565967521607,5333.333333333333,0.0000759330100729617,1518.2291898276642,0.027000000000000003,0.32142857142857145,0-0-923-0,ʌ,UT_016,intvr,1,fave,455.5956674471775,47.180026909085335,7,other,1,0.0599369999999908,"",languages,#,DH,"",DH,initial
603.3197355575713,1212.4395686187877,2532.8110899037024,3.0675036026440874,4.058015699866337,4.589314386969871,5153.846153846154,0.0005262226804030344,1523.5468451723357,0.027000000000000003,0.32142857142857145,0-0-934-1,ʌ,UT_016,intvr,1,fave,214.06253944094587,42.77049996810865,7,much,1,0.060058999999910156,very,"",M,CH,M,CH,internal
398.5891548754617,768.3455338475727,1796.3729752273266,3.3289495841573387,3.399185883880538,3.9342556344118513,3717.948717948718,0.002095636019016938,2.7107471655328803,0.061000000000000006,0.3315217391304348,0-0-7-1,owr,UT_016,intvr,1,fave,102.31871156644685,41.54507977312426,7,for,1,0.1599999999999997,much,"",F,R,F,R,internal
383.29016460648813,692.3076862798565,1511.9145435356754,3.1346627470352386,3.1378749440856857,4.2045653745350355,3717.948717948718,0.0002603373901062791,28.67535283446712,0.027000000000000003,0.32142857142857145,0-0-77-1,owr,UT_016,intvr,1,fave,109.52732208110994,44.25523842687495,7,forty,1,0.05999999999999872,read,sentences,F,R,F,R,internal
408.27364821288916,675.9403934161297,1953.2091928326884,2.8781803197325284,3.504306396223402,4.33547487792136,4435.897435897436,0.0007214520713355206,63.184652834467116,0.031,0.32978723404255317,0-0-143-1,owr,UT_016,intvr,1,fave,142.85092802934656,44.2516060735846,7,for,1,0.06999900000000281,of,approximately,F,R,F,R,internal
399.5231839708441,743.80842532612,2123.834941226685,2.551975544921578,3.9622365716170562,4.40812093203448,4435.897435897436,0.014635427752777014,164.37325216553285,0.085,0.3346456692913386,0-0-188-1,owr,UT_016,intvr,1,fave,108.88525448430167,45.42341271681206,7,your,1,0.22999599999999987,is,"",Y,R,Y,R,internal
446.7589036170625,1363.5913295836735,2783.5060789540426,3.093477341562216,4.608296812221492,4.728236088378196,5333.333333333333,0.007967060220589857,410.76324416553285,0.057,0.32758620689655177,0-0-322-0,owr,UT_016,intvr,1,fave,415.25397265446037,37.807535965040785,7,or,1,0.14999400000004925,lattice,"",#,R,S,R,initial
520.9331733089714,2120.113969639154,3592.1386778080555,3.394644386649439,4.254405991716104,4.502066219533344,7307.692307692308,0.000351566044386756,519.4749291655329,0.027000000000000003,0.32142857142857145,0-0-379-1,owr,UT_016,intvr,1,fave,110.22613015466565,46.43751208971399,7,more,1,0.059996999999953005,talk,about,M,R,M,R,internal
383.8254527911759,1065.3144042870751,2507.0033438390733,3.0932876726906917,3.572556163615139,4.185379626172913,4974.358974358975,0.0010880283230078785,609.1317345034014,0.037000000000000005,0.324561403508772,0-0-399-1,owr,UT_016,intvr,1,fave,177.94144262050003,52.418304255496025,7,sort,1,0.09002699999996366,what,of,S,R,S,R,internal
624.9045855624083,2238.0397840556834,4359.733050770643,2.9352253023759114,4.266181235882909,5.02470486559096,8564.102564102563,0.0024399754786330013,614.0767261655329,0.047,0.3263888888888889,0-0-411-1,owr,UT_016,intvr,1,fave,108.04094824637214,43.100966009250385,7,more,1,0.11999499999990348,it,"",M,R,M,R,internal
454.7205550570822,1091.6437782049336,2235.5136545576497,2.61317498942854,4.057562242733156,4.2931055997575776,5333.333333333333,0.00023095293611376559,615.8567651655329,0.027000000000000003,0.32142857142857145,0-0-416-0,owr,UT_016,intvr,1,fave,341.1471629411035,41.463721035701845,7,or,1,0.059996999999953005,farming,was,#,R,NG,R,initial
596.8647796410786,2180.1502013601057,3690.561187116243,3.1476686989295763,4.678943570583717,4.595929915621346,6948.717948717948,0.006583379357098455,616.5207578276644,0.095,0.33450704225352107,0-0-419-1,owr,UT_016,intvr,1,fave,117.1465793913917,46.60353451237794,7,more,1,0.259949000000006,it,"",M,R,M,R,internal
347.42374357874746,649.1420152255456,1535.1501177461548,2.7682648135779027,3.172602501059282,4.376196240389213,4076.923076923077,0.01236332034738519,1101.2097598344674,0.055,0.3353658536585366,0-0-629-1,owr,UT_016,intvr,1,fave,107.33830940833558,51.376807487357596,7,for,1,0.14001399999983732,"",people,F,R,F,R,internal
402.8277246367274,697.3772796364697,2008.9241476146995,2.8430952119265793,3.1949136221802954,3.707018810817701,4615.384615384615,0.00006570008309971343,1282.4899371723354,0.025,0.33783783783783783,0-0-725-1,owr,UT_016,intvr,1,fave,89.07642903926121,50.88523494057453,7,more,1,0.0500489999999445,bit,about,M,R,M,R,internal
446.45710226277504,719.6541304831295,1981.3049980438577,2.87170408650691,3.0632216171408326,3.8856158081308863,4615.384615384615,0.000015408603338373835,1289.7209171723357,0.027000000000000003,0.32142857142857145,0-0-744-1,owr,UT_016,intvr,1,fave,119.01072945782764,54.86852529058722,7,portion,1,0.060058999999910156,"",[bracketed],P,R,P,R,internal
428.5567819211705,678.5247246867813,1986.5036613547356,2.9530509273616614,2.858446023749062,4.087584632704226,4794.871794871795,0.0002191317702232719,1296.1309521723356,0.027000000000000003,0.32142857142857145,0-0-758-1,owr,UT_016,intvr,1,fave,101.99303226833463,54.18140954965778,7,forty,1,0.06005800000002637,are,"",F,R,F,R,internal
477.99524196124963,1133.963630935133,2172.5356682335014,3.0715951864227176,4.158615171957588,3.7518919744063077,4615.384615384615,0.0032275367412654896,1327.043767165533,0.047,0.3263888888888889,0-0-836-0,owr,UT_016,intvr,1,fave,9802.78945260983,46.046752798948646,7,or,1,0.11999500000001717,marathon,you're,#,R,N,R,initial
532.8284709202488,1491.428083077231,2562.7521337177423,2.8351678884372293,3.523031020840162,3.822355880104109,5153.846153846154,0.0004724393754020487,3.48774716553288,0.035,0.33653846153846156,0-0-9-0,@,UT_016,intvr,1,fave,430.60853184079457,35.83535401827414,7,agreeing,0,0.07999999999999963,"",to,#,G,"",G,initial
530.1039612703669,1469.857224192586,2309.3592430790177,3.061919312450338,3.837649530081639,4.294102392964348,5333.333333333333,0.0020571711831030635,11.088947165532879,0.055,0.33536585365853655,0-0-29-4,@,UT_016,intvr,1,fave,87.63636420565294,40.46324069604497,7,different,0,0.14000000000000057,two,"",R,N,R,N,internal
453.1563583680064,1247.1488057737956,2498.3990153408517,2.302293557600725,4.060664453423815,3.3482814113838857,4615.384615384615,0.00008498513798999454,13.80394716553288,0.025,0.33783783783783783,0-0-34-1,@,UT_016,intvr,1,fave,90.47194924439708,46.042366601935264,7,the,0,0.05000000000000071,[bracketed],first,DH,#,DH,F,final
473.2446104804202,1633.290284340733,2675.7712166736032,2.623685397269922,3.219492070541551,4.11606014252091,4974.358974358975,0.000015913218693481457,16.293947165532877,0.025,0.33783783783783783,0-0-40-0,@,UT_016,intvr,1,fave,441.5133496671007,41.22348348230615,7,an,0,0.05000000000000071,"",interview,#,N,"",N,initial
517.7287886265568,1624.7022771074373,2285.4427609998306,3.261055410087501,4.241233404645781,4.157219669798564,5153.846153846154,0.0008824479496425256,17.116947165532878,0.031,0.32978723404255317,0-0-42-4,@,UT_016,intvr,1,fave,126.93561668199929,39.52115430423514,7,portion,0,0.07000000000000028,interview,"",SH,N,SH,N,internal
462.45692779017344,1627.5608019468532,2975.636248267138,2.724140390348988,3.664362016973501,4.3364273674769676,5871.794871794871,0.0006018107310551701,18.68394716553288,0.045,0.3358208955223881,0-0-49-5,@,UT_016,intvr,1,fave,121.18024629316999,47.09538888958691,7,questions,0,0.10999999999999943,basic,"",CH,N,CH,N,internal
513.576063976921,1386.8600104335474,2543.616887853828,3.2514951445207387,4.406782057057003,4.4929376177267875,5512.820512820513,0.0005968850910142555,19.16494616553288,0.027000000000000003,0.32142857142857145,0-0-51-0,@,UT_016,intvr,1,fave,-155.3970408064542,32.46407084235883,7,about,0,0.06000200000000078,"",your,#,B,"",B,initial
479.3650680010892,1698.6801494203169,2448.925169503753,2.9994318200275067,3.591304200521313,3.7071586323648438,4974.358974358975,0.00023336187900880971,24.455353834467118,0.027000000000000003,0.32142857142857145,0-0-63-3,@,UT_016,intvr,1,fave,159.77791953206025,41.40802183536686,7,second,0,0.059999000000001246,the,portion,K,N,K,N,internal
434.4273519065395,1663.2126388621527,2331.7659134358546,2.9836807181727036,3.739604474848332,4.014939148029913,4615.384615384615,0.00026218251777495563,24.837352834467122,0.031,0.32978723404255317,0-0-64-4,@,UT_016,intvr,1,fave,115.17872319921248,43.3511366954106,7,portion,0,0.07000000000000028,second,is,SH,N,SH,N,internal
523.7388269526895,1507.1775443594859,2237.652135638676,3.1306368738674433,4.194475720418073,3.7445315211857864,4256.410256410256,0.00026229327468302646,25.99535283446712,0.027000000000000003,0.32142857142857145,0-0-68-4,@,UT_016,intvr,1,fave,NaN,36.784119895377806,7,portion,0,0.059999000000001246,reading,"",SH,N,SH,N,internal
528.0497062324102,1564.388651072633,2620.7459111765934,3.5568447051760215,3.655818813066087,4.021078150095623,5153.846153846154,0.00016152991734548898,30.31535283446712,0.027000000000000003,0.32142857142857145,0-0-81-0,@,UT_016,intvr,1,fave,86.81275734214125,38.80667956706666,7,a,0,0.05999899999999769,at,nice,#,#,T,N,coextensive
424.1888263341785,1532.301157817052,2580.406312033365,2.40255526419081,3.3254399789277054,4.18299285479436,5153.846153846154,0.00009937037194901836,37.08535083446712,0.027000000000000003,0.32142857142857145,0-0-97-4,@,UT_016,intvr,1,fave,409.2872043364461,37.54871788103736,7,hardest,0,0.06000099999999975,"",question,D,S,D,S,internal
498.1928445272292,1452.180816963174,2357.9966009817376,3.375334756239607,3.909569876062764,4.364565900995216,5333.333333333333,0.0001974729872175453,37.52535283446712,0.027000000000000003,0.32142857142857145,0-0-98-5,@,UT_016,intvr,1,fave,110.86670127255402,39.119582478517096,7,question,0,0.05999800000000022,hardest,of,CH,N,CH,N,internal
586.5037837557563,1187.8152408683568,2227.4563726837846,2.473708070752817,3.8591681272695997,4.255406086510062,4615.384615384615,0.0003033460784766617,37.66935283446713,0.035,0.3365384615384616,0-0-99-0,@,UT_016,intvr,1,fave,99.97809400906691,46.954122191125634,7,of,0,0.07999799999999624,question,them,#,V,N,V,initial
547.2388914274638,1517.7716091921006,3364.193090668944,3.569204606649771,4.879715870641012,4.88790109138127,6051.282051282051,0.00007767183289189102,63.76165383446712,0.025,0.33783783783783783,0-0-144-7,@,UT_016,intvr,1,fave,79.3927692624694,35.20449385202757,7,approximately,0,0.05000000000000426,for,how,M,T,M,T,internal
484.8977347100934,1131.983421330735,2506.31231972889,2.82549905085126,4.1911759273709785,4.474897228543395,5153.846153846154,0.00028374844102708227,122.57985383446712,0.025,0.33783783783783783,0-0-154-2,@,UT_016,intvr,1,fave,-7512.3024433258815,41.0668647829736,7,awesome,0,0.050003000000003794,"","",S,M,S,M,internal
481.40115505131,2006.406018506556,3238.0662785727004,3.5790337685682383,4.739429540351997,3.824660795820019,5692.3076923076915,0.003985305798069452,248.35234583446714,0.027000000000000003,0.32142857142857145,0-0-217-2,@,UT_016,intvr,1,fave,181.691344981319,40.32020911446867,7,awesome,0,0.0600120000000004,"","",S,M,S,M,internal
528.3413410529431,1430.2098621405426,2462.1421885285235,2.9703924317279657,3.785777695678201,4.28661955810209,4974.358974358975,0.004302513293199094,269.93775149659865,0.10500000000000001,0.33439490445859876,0-0-225-1,@,UT_016,intvr,1,fave,108.96661276131856,41.04515699477781,7,to,0,0.2899779999999623,you,"",T,#,T,"",final
450.9383072036498,1063.6478962424328,2892.561699110725,2.9287944754923396,4.610799123537362,4.857269665510474,4974.358974358975,0.0017526041967263443,297.95804383446716,0.031,0.32978723404255317,0-0-239-2,@,UT_016,intvr,1,fave,82.82402637206799,40.273935808703555,7,awesome,0,0.07000799999997298,"","",S,M,S,M,internal
502.62749328379783,1609.6697529363953,2666.649541968158,3.186846548068664,3.1871491557822176,4.070972204742319,5153.846153846154,0.00029018325954670657,304.3977418344671,0.031,0.32978723404255317,0-0-250-1,@,UT_016,intvr,1,fave,101.97917560859933,45.10167261514625,7,than,0,0.07000700000003235,better,you,DH,N,DH,N,internal
504.42887063329096,1485.3676065748537,2626.799878406041,2.911810447639152,3.903717936613596,4.225419613511346,4615.384615384615,0.0007179017633420928,306.8657371655329,0.027000000000000003,0.32142857142857145,0-0-258-0,@,UT_016,intvr,1,fave,NaN,42.247497961470536,7,and,0,0.05999700000000985,it,"",#,N,T,N,initial
614.5547472884072,1688.0610262638822,2902.5877087557865,3.9701732192799564,3.5604682698839736,4.315907760333696,6051.282051282051,0.0009452427013510998,313.55005050340134,0.025,0.33783783783783783,0-0-271-0,@,UT_016,intvr,1,fave,172.40053316823366,61.88620735217791,7,a,0,0.05001900000002024,making,pie,#,#,NG,P,coextensive
457.01460219638176,1488.720887096772,2706.76306255223,2.2885037032400692,3.9585992895111684,3.7827703663762486,5153.846153846154,0.0024987744769736364,347.46266583446715,0.165,0.3340080971659919,0-0-284-1,@,UT_016,intvr,1,fave,252.23218034610474,52.855666555998994,7,the,0,0.47000200000002224,what,"",DH,#,DH,"",final
411.3710697457196,1260.1849133437395,1660.8710821683171,2.8280723302924446,3.5892626732021915,3.3403897668005507,4615.384615384615,0.0002557693710498653,367.18335583446714,0.031,0.32978723404255317,0-0-302-4,@,UT_016,intvr,1,fave,414.4312139964042,38.83349513612509,7,favorite,0,0.07000700000003235,your,pie,R,T,R,T,internal
414.3888706789312,1279.020559089699,2398.920763791159,2.465323940557017,3.540848504263718,3.4890798312067712,5153.846153846154,0.0005137866362977186,407.7782388344671,0.047,0.3263888888888889,0-0-309-0,@,UT_016,intvr,1,fave,175.52677292348704,53.87797776108458,7,of,0,0.12002599999999575,type,[bracketed],#,V,P,V,initial
440.4378379924197,1520.2712363907103,2427.4465237526338,2.4871437558177836,4.031806183449509,4.4594723781042,5333.333333333333,0.0000416110656378884,409.9572418344671,0.025,0.33783783783783783,0-0-320-0,@,UT_016,intvr,1,fave,444.56928773056154,49.23704085379442,7,a,0,0.050018000000022766,like,lattice,#,#,K,L,coextensive
467.62458128765525,1504.5137302291532,2625.738287687918,2.6949076452841427,3.44211837790357,4.30008864283171,5153.846153846154,0.000988134922956048,410.3152588344671,0.08099999999999999,0.3319672131147541,0-0-321-3,@,UT_016,intvr,1,fave,116.15503844621172,50.56276855546162,7,lattice,0,0.22000100000002476,a,or,T,S,T,S,internal
460.9023593277664,953.8783454560973,2025.2552681810876,3.3155859527947062,4.02606764908419,4.400210339031741,4256.410256410256,0.0035393209147541915,418.7844548344671,0.04100000000000001,0.3306451612903227,0-0-326-2,@,UT_016,intvr,1,fave,NaN,36.37601325005339,7,awesome,0,0.10000599999995075,"","",S,M,S,M,internal
408.0645171313344,1280.4603372322358,2658.6087323796633,2.785476878018087,4.258256983198744,4.4396813638004575,5153.846153846154,0.0007825923426382339,425.08683716553287,0.027000000000000003,0.32142857142857145,0-0-341-0,@,UT_016,intvr,1,fave,389.94514413810947,47.755284587739176,7,a,0,0.05999700000000985,choose,place,#,#,Z,P,coextensive
523.675260711345,1606.576563277485,2589.382331572921,2.7572547430904684,3.7818533933401772,4.5420478889229345,4794.871794871795,0.000197953807522468,521.1549211655329,0.027000000000000003,0.32142857142857145,0-0-388-7,@,UT_016,intvr,1,fave,510.626038056884,41.224877705129266,7,huntington,0,0.05999800000006417,in,"",T,N,T,N,internal
558.6983410632574,1738.2512289977617,2657.5163311459983,3.395138469121902,3.6038112526464143,4.4275939847651316,4794.871794871795,0.0020392489646248995,612.3957331655329,0.045,0.3358208955223881,0-0-405-4,@,UT_016,intvr,1,fave,140.59796473647424,43.01143530825095,7,mentioned,0,0.10998500000005151,you,"",SH,N,SH,N,internal
469.3179384934645,1259.8391122949718,2374.3742483524534,2.7047758292606616,2.93697807101476,3.53339351927517,5153.846153846154,0.000011484911978311107,613.7557451723357,0.025,0.33783783783783783,0-0-409-1,@,UT_016,intvr,1,fave,429.66962448461715,52.36103666105529,7,was,0,0.050049000000058186,"",it,W,Z,W,Z,internal
476.26386798978194,1419.6629412694929,2438.100834860586,2.569614186494536,4.017772646098378,4.255887510083239,5153.846153846154,0.0008809160094662542,614.7187558344671,0.031,0.32978723404255317,0-0-414-1,@,UT_016,intvr,1,fave,442.1815569346753,46.42659696413935,7,subsistence,0,0.07000700000003235,like,farming,S,B,S,B,internal
467.0739281893311,1333.8998572037262,2510.9461361548833,2.465098927365574,4.095083620646829,4.057764578671717,5153.846153846154,0.0015007823729936665,761.9944385034013,0.045,0.3358208955223881,0-0-490-0,@,UT_016,intvr,1,fave,455.8146920739012,41.20425859679414,7,of,0,0.11004600000001119,"",being,#,V,"",V,initial
432.84180058585093,1520.6124086517411,2287.2061478569703,2.459331562418159,3.6930364137756606,3.881050965902481,4435.897435897436,0.0008713264163330836,861.6102628344671,0.075,0.33482142857142855,0-0-501-0,@,UT_016,intvr,1,fave,428.907935481655,53.46387399754469,7,a,0,0.20001200000001518,like,really,#,#,K,R,coextensive
404.938924925783,877.9050946687178,2450.4441491714306,3.126632922123714,4.529469819551971,4.42186537131752,4615.384615384615,0.0029167499706046767,916.0872191655329,0.031,0.32978723404255317,0-0-525-2,@,UT_016,intvr,1,fave,117.00519353261966,40.2192259653705,7,awesome,0,0.07000700000003235,"",thank,S,M,S,M,internal
610.3442092338083,1588.7119388734611,2626.7471941140725,3.2138423204325544,2.988647749021913,4.10753542405256,5153.846153846154,0.0017189510095769228,924.0202674965986,0.037,0.32456140350877194,0-0-543-0,@,UT_016,intvr,1,fave,584.3615850182643,36.20781238531901,7,an,0,0.08996600000000399,"",expert,#,N,"",N,initial
549.4317544418478,1185.3315374418064,2853.667679321705,3.178117192818858,3.9267176529854617,4.487762076570469,5333.333333333333,0.008210088909031419,1000.6261394965986,0.061000000000000006,0.33152173913043487,0-0-566-0,@,UT_016,intvr,1,fave,118.11624950204784,47.66524794791075,7,and,0,0.15997299999992265,"","",#,N,"",N,initial
541.0811565285452,1577.8677894020632,2464.0335041795174,3.1987036272774296,4.258855621211633,4.522854482149745,5333.333333333333,0.0010064912012773953,1007.2211358344671,0.031,0.32978723404255317,0-0-587-5,@,UT_016,intvr,1,fave,108599.05044488765,42.00997758059132,7,children,0,0.07000800000002982,with,"",R,N,R,N,internal
529.1293868648764,1484.743726907987,2642.018054852023,3.114075229716118,3.9025628827944203,4.5994528611922165,5153.846153846154,0.0012304058318746746,1023.2664594965987,0.035,0.3365384615384616,0-0-596-8,@,UT_016,intvr,1,fave,89.50711197861271,48.171902010172346,7,development,0,0.07995599999992464,childhood,"",M,N,M,N,internal
458.81084822421565,1238.7953342832318,2616.429339108609,2.808423636763922,3.983420429006432,4.637464275513982,5512.820512820513,0.0011628911533482574,1096.3407624965985,0.037,0.32456140350877194,0-0-623-0,@,UT_016,intvr,1,fave,102.09272307031283,50.21375131756113,7,of,0,0.08996600000000399,one,the,#,V,N,V,initial
355.96310665717084,1853.4633464530189,2398.5558846394147,2.563976134121718,3.2832496462658627,3.7663389251243777,4794.871794871795,0.00016705592551718128,1099.5677378276641,0.031,0.32978723404255317,0-0-626-3,@,UT_016,intvr,1,fave,381.0390687348874,54.883086305507895,7,biggest,0,0.06994600000007267,"",hurdles,G,S,G,S,internal
464.97278527858487,1165.6669275666075,1905.1858468688772,2.568856260083816,3.9177509285360586,4.134311033343973,4794.871794871795,0.00033333275418142487,1100.1057711587302,0.027000000000000003,0.32142857142857145,0-0-627-3,@,UT_016,intvr,1,fave,459.05149024505903,49.284102755137695,7,hurdles,0,0.0599369999999908,biggest,"",D,L,D,L,internal
545.9842058906222,1579.1263747326705,2401.339362460002,3.3099854810280718,4.170365415258536,4.5812365033331055,5692.3076923076915,0.0011026236782588647,1103.8897178412697,0.035,0.33653846153846156,0-0-638-5,@,UT_016,intvr,1,fave,552.4212336722848,40.286257058651536,7,children,0,0.08007799999995768,with,"",R,N,R,N,internal
478.7450418119311,1441.8775588475946,2468.676363907842,2.23904418522515,3.4454626097167758,3.6900952122356756,4794.871794871795,0.0008225016196038711,1105.2927144965984,0.040999999999999995,0.33064516129032256,0-0-643-1,@,UT_016,intvr,1,fave,485.6194345085695,49.44724167337651,7,to,0,0.09997500000008586,have,overcome,T,#,T,ow,final
387.7710012562536,1329.1784360864872,2536.3760172615025,4.1696200768860825,3.6016317563386226,3.938704644097536,5692.3076923076915,0.001874636495673695,1175.6434501723356,0.031,0.32978723404255317,0-0-678-8,@,UT_016,intvr,1,fave,NaN,39.36827701893351,7,development,0,0.07006799999999203,childhood,"",M,N,M,N,internal
364.72644241525575,1014.6903754636422,2638.5932711895234,3.006476788782646,3.5181153358833877,4.289337857238624,5153.846153846154,0.00021936272745741236,1246.1206278412699,0.031,0.32978723404255317,0-0-683-1,@,UT_016,intvr,1,fave,111.81808552336528,54.48039199926752,7,the,0,0.07006900000010319,so,way,DH,#,DH,W,final
412.35280038540543,1577.310269409444,2465.8838722406813,2.2329432609379416,3.0517336990520327,3.2808352546159782,4974.358974358975,0.00031362791958804284,1246.5626578276645,0.035,0.3365384615384616,0-0-685-1,@,UT_016,intvr,1,fave,188.33717120024443,56.24838629164649,7,that,0,0.07995600000003833,way,you,DH,T,DH,T,internal
453.6913926303001,965.1358357635152,2323.1179537859616,2.1665175803735717,3.550953378265,3.20659253321356,5153.846153846154,0.0001863656165211184,1246.9386628276643,0.027000000000000003,0.32142857142857145,0-0-688-0,@,UT_016,intvr,1,fave,89.85290342313313,57.47347146908688,7,about,0,0.05993599999987964,go,doing,#,B,owF,B,initial
470.85721107633583,1246.2179647257362,2480.178420245764,2.636593256182229,3.248964528623595,4.535796200664708,4974.358974358975,0.0035618320320236893,1248.9876861587302,0.065,0.3350515463917526,0-0-695-1,@,UT_016,intvr,1,fave,190.39129787235706,48.235001985183196,7,them,0,0.16992200000004232,"","",DH,M,DH,M,internal
441.07429101578873,1369.4550204213351,2268.225625889028,2.2247776011414064,3.586573827100372,4.155895313691412,5333.333333333333,0.00002378905007517554,1249.5176471723355,0.025,0.33783783783783783,0-0-697-2,@,UT_016,intvr,1,fave,93.29435643966933,54.26889299063045,7,realize,0,0.0500489999999445,"","",iy,L,iy,L,internal
460.9362076060637,1073.8417632804083,2369.7807698189167,3.615188770650753,4.888451128067528,4.705379084679935,5333.333333333333,0.002855877521357554,1277.5177171723356,0.031,0.32978723404255317,0-0-709-2,@,UT_016,intvr,1,fave,NaN,40.908497693589055,7,awesome,0,0.07006799999999203,"","",S,M,S,M,internal
495.1719672337798,1498.8518212761414,3042.680302672094,3.310386035336716,4.686686327731081,4.69439351486602,6410.25641025641,0.0017096892213697757,1283.2729378276642,0.031,0.32978723404255317,0-0-728-0,@,UT_016,intvr,1,fave,85.94972242039702,44.40361051730702,7,and,0,0.06994600000007267,yourself,some,#,N,F,N,initial
443.70685125188874,1602.3033317943818,2683.8189040308876,3.590482247701003,3.932093991665853,4.539547814549185,5333.333333333333,0.000565449799763023,1288.3329968276641,0.031,0.32978723404255317,0-0-740-4,@,UT_016,intvr,1,fave,111.48347500674808,47.813727139688915,7,mentioned,0,0.06994600000007267,i,the,SH,N,SH,N,internal
536.8148303337261,1572.0419354248563,2244.0193750090903,3.434486730993314,3.8816591352061907,4.805582329185466,5333.333333333333,0.006141722947287596,1289.1529428276642,0.031,0.32978723404255317,0-0-742-3,@,UT_016,intvr,1,fave,NaN,52.35262711296156,7,second,0,0.06994600000007267,the,"",K,N,K,N,internal
472.5712854322838,1333.6026201778736,2689.3841844315884,2.559913887738866,3.896747850644092,4.0544747961210295,5153.846153846154,0.0007116125181830721,1297.3379088412698,0.040999999999999995,0.33064516129032256,0-0-760-7,@,UT_016,intvr,1,fave,439.0830425261798,51.44246779702768,7,sentences,0,0.10009700000000521,"","",S,Z,S,Z,internal
534.5012004106004,1481.041690259177,2125.0918856848275,3.0402734575384662,4.335442073186677,3.6402381028455153,4256.410256410256,0.001067529589654105,1299.8324215102043,0.040999999999999995,0.33064516129032256,0-0-764-7,@,UT_016,intvr,1,fave,100.07489553564591,50.487052635081035,7,approximately,0,0.10009699999977784,"",twenty,M,T,M,T,internal
507.53906197422265,1449.9998870158063,2246.8407440653887,2.688296215099022,3.591535237779993,4.066337267241129,4974.358974358975,0.003063586377162748,1304.257422834467,0.091,0.33211678832116787,0-0-774-1,@,UT_016,intvr,1,fave,147.0645858001532,50.66881569549241,7,to,0,0.25,sure,"",T,#,T,"",final
560.2479583023991,1092.811867314546,2191.439829350456,2.588711324177987,3.697518852824976,4.854944128620498,5333.333333333333,0.0010957298946537367,1304.8194994965988,0.035,0.3365384615384616,0-0-777-1,@,UT_016,intvr,1,fave,316.253357715339,54.56175736634129,7,them,0,0.07995600000003833,print,"",DH,M,DH,M,internal
558.6684709083868,1503.2718817816988,3005.0557326175963,2.5009333037000085,4.377044600934213,4.460109796877031,5692.3076923076915,0.00001709317597733467,1311.3344135034015,0.025,0.33783783783783783,0-0-797-0,@,UT_016,intvr,1,fave,543.3575449272836,41.68653623219552,7,and,0,0.0500489999999445,[bracketed],people,#,N,spn,N,initial
482.51690768724194,976.8344998119908,2212.5140872980137,2.593053449870793,3.376104858623772,4.408604078205019,4974.358974358975,0.00008822932255457039,1312.0144731723353,0.025,0.33783783783783783,0-0-799-5,@,UT_016,intvr,1,fave,479.06219737267384,51.25426222247771,7,struggle,0,0.05004900000017187,people,"",G,L,G,L,internal
555.755031895273,1563.129138212419,2516.990149778043,3.1716952824003566,3.3988006764738596,4.305586614404851,5153.846153846154,0.0013159701759119888,1316.1074391723355,0.031,0.32978723404255317,0-0-807-0,@,UT_016,intvr,1,fave,108.1576304352481,49.98506696717632,7,a,0,0.07006799999999203,at,nice,#,#,T,N,coextensive
387.1398676634848,1775.416039681097,2933.2612503706555,3.1247823423330647,3.648054040279667,5.052184211122809,6410.25641025641,0.00027165912512966455,1316.9444051723353,0.025,0.33783783783783783,0-0-809-6,@,UT_016,intvr,1,fave,118.40702458500134,52.43542924616018,7,comfortable,0,0.05004800000006071,nice,pace,T,B,T,B,internal
396.93010315950596,1484.949606636981,2302.5995430804264,2.3505174109231097,4.266682821501496,4.690453497111127,4615.384615384615,0.00019789366950497228,1319.6974108412699,0.031,0.32978723404255317,0-0-813-0,@,UT_016,intvr,1,fave,120.80368562660587,52.556339534049215,7,and,0,0.07006799999999203,nice,clear,#,N,S,N,initial
447.1285135623095,1349.6097506544115,1997.6125339210807,2.7563121825500723,3.679937876745038,3.9390365434988954,5153.846153846154,0.00019611550093314993,1325.6637598276643,0.027000000000000003,0.32142857142857145,0-0-832-1,@,UT_016,intvr,1,fave,408.5493182089908,46.06383372758333,7,to,0,0.0599369999999908,trying,run,T,#,T,R,final
553.3245608748495,1385.3358892372648,2535.2162226743476,2.612239338728752,3.430778835481169,3.8886085257307794,5153.846153846154,0.0014429143893288459,1326.2087784897958,0.057,0.32758620689655177,0-0-834-0,@,UT_016,intvr,1,fave,518.6661525265459,44.356127966852476,7,a,0,0.149902000000111,run,marathon,#,#,N,M,coextensive
556.6075827195317,1316.796870068688,2149.3783592452514,2.8936352474623277,3.3753453423286954,4.018158361163243,5153.846153846154,0.00004426181885777436,1328.0937201723357,0.027000000000000003,0.32142857142857145,0-0-842-0,@,UT_016,intvr,1,fave,564.4451883334976,47.10257980269628,7,a,0,0.060058999999910156,run,race,#,#,N,R,coextensive
479.1697786335161,1247.505682919073,2499.839376831771,2.9574993699194647,3.463375883392166,4.284729496380698,5153.846153846154,0.0006200368645103433,1335.7777514965987,0.035,0.3365384615384616,0-0-855-1,@,UT_016,intvr,1,fave,100.8933076026413,50.25148059615139,7,them,0,0.07995600000003833,read,"",DH,M,DH,M,internal
493.34465833320945,1534.77016709624,2579.316400283635,2.618226371330948,3.575364760096565,4.602647038611954,5333.333333333333,0.0024692175509047733,1337.3542908344673,0.055,0.3353658536585366,0-0-858-0,@,UT_016,intvr,1,fave,453.5652099571113,46.69681115928043,7,and,0,0.1400149999999485,[bracketed],if,#,N,spn,N,initial
406.3720082239514,1644.5122158985016,2319.5866936440702,2.437842615998156,4.0513604645440076,3.8518974583666554,4615.384615384615,0.000030795227463459634,1339.2592185034016,0.025,0.33783783783783783,0-0-867-0,@,UT_016,intvr,1,fave,121.8283690476065,53.23785528300891,7,of,0,0.0500489999999445,any,the,#,V,iyF,V,initial
399.4144792283744,1181.641396597578,2445.5073351732326,2.394974493490867,3.6977256143806154,3.931676745710698,5153.846153846154,0.0006760823593144716,1339.7852204965984,0.037,0.32456140350877194,0-0-869-7,@,UT_016,intvr,1,fave,393.03444483527244,47.78970691636217,7,sentences,0,0.08996600000000399,the,"",S,Z,S,Z,internal
562.2400419866158,1490.3298905459517,2377.7934735079216,2.264645971426518,3.58045404590069,4.0775260730389356,4974.358974358975,0.0006017283955328163,1513.168133165533,0.045,0.3358208955223881,0-0-908-1,@,UT_016,intvr,1,fave,580.3391630526427,46.7308731788712,7,to,0,0.10998500000005151,forgot,ask,T,#,T,ae,final
439.89649065417603,1625.3206006348032,2399.628792907042,2.7812907009113363,3.910976649980392,4.313880886389974,5153.846153846154,0.0030013071329322463,1518.8511861655327,0.051000000000000004,0.3311688311688312,0-0-924-7,@,UT_016,intvr,1,fave,422.94329221552755,36.95305652673514,7,languages,0,0.13000499999998283,other,correct,JH,Z,JH,Z,internal
436.0816870251412,1575.8560478816867,2339.722449321766,3.4978831756943225,4.0576620652951325,4.172731628409395,5512.820512820513,0.0010520299113421002,3.72874716553288,0.037000000000000005,0.324561403508772,0-0-9-3,iy,UT_016,intvr,1,fave,100.6212097038273,43.917138382772904,7,agreeing,1,0.08999999999999986,"",to,R,i,R,i,internal
342.4479885455552,2023.2360495080636,2634.4923543515533,3.5388818619433824,3.224095468981413,4.402771971316215,6410.25641025641,0.00003745447430372209,25.47535183446712,0.027000000000000003,0.32142857142857145,0-0-67-1,iy,UT_016,intvr,1,fave,110.28988325838691,34.79657038380974,7,reading,1,0.06000200000000078,a,portion,R,D,R,D,internal
370.18650704288797,2066.504247690637,2927.7733470976996,3.5512286858943325,2.9279222175075716,4.122417113628198,6948.717948717948,0.0002647845083233954,28.44935383446712,0.035,0.3365384615384616,0-0-76-1,iy,UT_016,intvr,1,fave,90.34126497428204,41.045349041433745,7,read,1,0.07999900000000082,to,forty,R,D,R,D,internal
352.29281331552147,1774.6074360090072,2578.0025948501875,2.3530339587328366,3.862902165062346,4.259876485087417,6769.2307692307695,0.000236497091059162,31.70535183446712,0.027000000000000003,0.32142857142857145,0-0-85-1,iy,UT_016,intvr,1,fave,348.4277405795759,49.63396191011018,7,relaxed,0,0.06000099999999975,"",pace,R,L,R,L,internal
325.4924876543069,2267.374199662683,2961.675071047291,2.477967363513256,4.371150090254517,4.287473717306838,5153.846153846154,0.07125629044134356,58.33165183446712,0.045,0.3358208955223881,0-0-126-2,iy,UT_016,intvr,1,fave,276.58289933266207,50.93706990525538,7,please,1,0.11000100000000401,"","",L,Z,L,Z,internal
400.4893595157161,2598.7452256159245,3935.754118305394,4.039038734252766,3.4448209080966303,4.786655941015043,8205.128205128205,0.0025311793351643587,129.1078441655329,0.040999999999999995,0.33064516129032256,0-0-175-3,iy,UT_016,intvr,1,fave,84.42838310287046,36.007744072525256,7,routine,1,0.10000600000000759,daily,"",T,N,T,N,internal
522.7327876050896,2074.224066005065,3098.551795003895,4.075316517377064,4.337906134653585,4.606142024963225,6948.717948717948,0.011946219529142755,761.6224435034013,0.040999999999999995,0.33064516129032256,0-0-488-4,iy,UT_016,intvr,1,fave,172.99824651214018,37.71235178876755,7,memories,0,0.10003600000004553,fondest,"",*hr,Z,*hr,Z,internal
363.07803434131455,2307.540241701459,3768.6654065708594,3.0186017251770867,3.591154228633353,5.060834727422227,7487.179487179487,0.00015220158752298488,1018.5963281655329,0.027000000000000003,0.32142857142857145,0-0-589-2,iy,UT_016,intvr,1,fave,114.75458396351344,46.603707198768696,7,eighteen,1,0.059996999999953005,"",years,T,N,T,N,internal
343.4159944266877,1945.9790476774226,2959.4976471327423,1.7868898019672521,2.954500482977042,4.018311588654564,6230.7692307692305,0.000013794525950332428,1294.3409121723357,0.027000000000000003,0.32142857142857145,0-0-753-1,iy,UT_016,intvr,1,fave,112.36416609127913,59.320873848149176,7,reading,1,0.060058999999910156,this,list,R,D,R,D,internal
367.89113564938185,2375.6416927206683,3604.3396767748814,4.151447662379083,3.417202730071069,4.338692185334459,7487.179487179487,0.02631118600462554,1300.6094448412696,0.035,0.3365384615384616,0-0-767-0,iy,UT_016,intvr,1,fave,464.76521495605,50.64972538719672,7,each,1,0.08007800000018506,on,page,#,CH,N,CH,initial
339.73261164422684,2286.7569328487107,3751.693465746485,3.5321976412234437,3.6663364593108296,4.506346302280794,7487.179487179487,0.00016495188564215552,1311.5054631723356,0.027000000000000003,0.32142857142857145,0-0-798-1,iy,UT_016,intvr,1,fave,93.62951154467099,45.45627019274586,7,people,1,0.06005900000013753,and,struggle,P,P,P,P,internal
358.1014801074384,1988.1551850751764,2544.759483940475,2.8708513960152846,3.3071353652104563,4.116830459223152,6589.74358974359,0.0004325846953018134,1315.7094141723355,0.035,0.3365384615384616,0-0-804-1,iy,UT_016,intvr,1,fave,123.31832081384876,52.774421761047,7,read,1,0.08007900000006885,just,it,R,D,R,D,internal
278.9000631809293,2120.230273759957,2872.0508661202075,3.4818237444724276,3.052066178434377,4.309157366234688,6769.2307692307695,0.0005220299635818145,1335.5687904965985,0.037000000000000005,0.324561403508772,0-0-854-1,iy,UT_016,intvr,1,fave,118.00224409264102,49.66445676863433,7,read,1,0.08996600000000399,"",them,R,D,R,D,internal
386.2159551369661,1676.5940929344854,2805.5027134700154,2.435107102419909,3.9286094410687915,4.598984617727143,6769.2307692307695,0.000026827991389709014,1337.9992141723355,0.025,0.33783783783783783,0-0-861-1,iy,UT_016,intvr,1,fave,123.37058660583516,59.98816893730996,7,feel,1,0.0500489999999445,you,like,F,L,F,L,internal
363.0098589730159,1882.1322303138224,2726.722043480886,3.863656970334432,3.4519686232304507,4.578025529707606,6410.25641025641,0.0003061201471805801,1343.3692091723353,0.025,0.33783783783783783,0-0-878-3,iy,UT_016,intvr,1,fave,90.64617487065738,47.35972927037039,7,reread,1,0.05004900000017187,"",that,R,D,R,D,internal
347.71736752979297,2213.475751577042,3079.036200804039,2.6655973498926695,4.1862593662661345,4.41346050185262,6051.282051282051,0.00034558439276370184,1513.8741168412698,0.037000000000000005,0.324561403508772,0-0-911-2,iy,UT_016,intvr,1,fave,85.09538630016517,46.771266391403806,7,earlier,0,0.09008800000015071,"","",L,*hr,L,*hr,internal
293.0619862146962,2145.2641944319794,2537.171902230819,3.280652594270251,3.696405744615517,4.0664596262556,6051.282051282051,0.00017152690254410507,4.023747165532879,0.027000000000000003,0.32142857142857145,0-0-11-1,iyF,UT_016,intvr,1,fave,104.89457761855178,38.81983631749793,7,be,0,0.0600000000000005,to,in,B,#,B,i,final
335.15212403797125,2071.789646337088,2630.2561245889647,3.9273493205479078,4.366101218941572,4.079015724687384,5153.846153846154,0.07688096234576346,4.99774716553288,0.075,0.33482142857142855,0-0-15-4,iyF,UT_016,intvr,1,fave,274.56844348849063,38.2801281446986,7,study,0,0.20000000000000018,"","",D,#,D,"",final
315.83416810655183,2083.840310551482,2644.8832600260635,3.371803455471145,3.639174816638632,3.9378291509515146,5871.794871794871,0.0003946008008660048,27.99035283446712,0.037,0.32456140350877194,0-0-73-1,iyF,UT_016,intvr,1,fave,100.66778564559161,41.746116561847046,7,be,0,0.08999999999999986,will,asked,B,#,B,ae,final
360.3100565307965,1136.0368544160547,1973.0590671492293,3.643652500605735,3.817278750120642,3.506810814036138,3897.4358974358975,0.0006090820805812534,28.81535283446712,0.027000000000000003,0.32142857142857145,0-0-77-4,iyF,UT_016,intvr,1,fave,108.32792131422256,36.327510111468044,7,forty,0,0.05999899999999769,read,sentences,T,#,T,S,final
270.82250928098665,2157.105700516972,2728.57770262976,3.5102120457020374,3.708550281197691,4.611678851645351,5153.846153846154,0.004753367068359191,59.62265483446711,0.067,0.32843137254901966,0-0-132-1,iyF,UT_016,intvr,1,fave,90.46725164945886,37.2983540225603,7,the,0,0.17999999999999972,"",places,DH,#,DH,P,final
318.0851867618502,1999.3543327414689,2665.3610306260434,2.909321171830792,3.5972947930692443,4.127787491361367,6051.282051282051,0.0003236391355327183,128.74084416553285,0.027000000000000003,0.32142857142857145,0-0-174-3,iyF,UT_016,intvr,1,fave,100.24792554100353,41.14634037927065,7,daily,0,0.05999700000000985,your,routine,L,#,L,R,final
431.5038932105637,1774.1726677111876,3400.7336286921154,3.932077788530638,3.8393715113828684,4.310883662158759,6948.717948717948,0.0027877827931314133,189.91724616553287,0.037000000000000005,0.324561403508772,0-0-215-4,iyF,UT_016,intvr,1,fave,2749.6068157308023,39.95444320353988,7,degree,1,0.08999600000001351,your,"",R,#,R,"",final
403.97201824330335,1719.2242048192727,2221.6089726737473,3.2165062860993916,4.299870715500872,4.130532680459566,4974.358974358975,0.004297342044738726,270.9157418344671,0.04100000000000001,0.3306451612903227,0-0-229-4,iyF,UT_016,intvr,1,fave,346.77249714285745,38.00899104240048,7,degree,1,0.10000600000000759,your,"",R,#,R,"",final
291.22271992842417,1829.0082523506169,2715.4513196220655,3.5430820343729463,3.903052027386035,4.350704260961737,5512.820512820513,0.0004485393068900416,427.3868551655329,0.027000000000000003,0.32142857142857145,0-0-347-1,iyF,UT_016,intvr,1,fave,188.10662049970375,41.99550075560513,7,be,0,0.05999700000000985,to,your,B,#,B,Y,final
280.41017255792144,2495.6317324268107,3699.8755386794537,3.500994296903918,3.862981041454435,4.912863990763739,7307.692307692308,0.038787600567229616,429.2578464965987,0.149,0.33558558558558554,0-0-354-1,iyF,UT_016,intvr,1,fave,125.23191591420958,40.51902009306337,7,be,1,0.419983000000002,it,"",B,#,B,"",final
347.65512384298086,2347.1577197267106,2702.9876979289975,3.557521666448675,3.699809316070251,4.973324907471624,6589.74358974359,0.00026450379846119134,665.6925191655329,0.027000000000000003,0.32142857142857145,0-0-441-1,iyF,UT_016,intvr,1,fave,102.47491611803356,43.118944976001025,7,he,1,0.05999800000006417,"",did,HH,#,HH,D,final
382.8088578142374,1826.7665047168314,3110.49383961536,3.550971876855955,4.095323379925518,4.471617264212277,6230.7692307692305,0.0023600192480776883,862.0582181655329,0.051000000000000004,0.3311688311688312,0-0-502-3,iyF,UT_016,intvr,1,fave,241.0411495693623,49.0625208406238,7,really,0,0.13000499999998283,a,special,L,#,L,S,final
365.7317370612252,2094.270125536845,2563.985670297836,2.8015432255014554,4.575749094192816,4.84961851109615,6230.7692307692305,0.022993593750521138,872.5902568344671,0.07100000000000001,0.33177570093457953,0-0-518-4,iyF,UT_016,intvr,1,fave,88.7392312017681,47.171408238067144,7,family,0,0.190003000000047,your,"",L,#,L,"",final
333.84514355400614,2332.8919944996214,4125.37105113286,4.013418392576529,4.413962942403014,4.569076139569192,8564.102564102563,0.002424028578651514,926.0372368344671,0.031,0.32978723404255317,0-0-550-3,iyF,UT_016,intvr,1,fave,245.0501998185649,51.77955818379271,7,really,0,0.07000800000002982,you,enjoy,L,#,L,i,final
257.5716096791853,2476.2425406104826,3003.9026837551664,3.6367535507985442,4.052913139255893,4.922635693763902,6769.2307692307695,0.03608491277659128,1096.792778834467,0.181,0.3327205882352941,0-0-624-1,iyF,UT_016,intvr,1,fave,146.6323832258893,45.70346508118465,7,the,0,0.5200200000001587,of,"",DH,#,DH,"",final
324.78762055870703,2095.541000202674,2629.8579637776033,3.755199039415424,3.804348195420086,4.716673253033718,6230.7692307692305,0.03529250460720261,1174.5113981655327,0.087,0.32954545454545453,0-0-675-2,iyF,UT_016,intvr,1,fave,110.91463592045676,42.1015400000064,7,early,0,0.2399910000001455,"","",L,#,L,"",final
418.17588151152506,2101.5432944875115,2470.5996154688787,3.7902349561142166,3.9094448723371027,4.053262195260969,6051.282051282051,0.005483317914966657,1296.3179634965986,0.08100000000000002,0.3319672131147542,0-0-758-4,iyF,UT_016,intvr,1,fave,208.2096360705497,46.084255774853496,7,forty,0,0.21997000000010303,are,"",T,#,T,"",final
433.89674851793205,1670.7468693252963,2507.0825033316564,3.3829610956395793,4.146163072398706,3.690065079515191,5512.820512820513,0.0002546829034687184,1299.9854441723357,0.027000000000000003,0.32142857142857145,0-0-764-10,iyF,UT_016,intvr,1,fave,93.9318345424544,45.37624527080534,7,approximately,0,0.060057999999798994,"",twenty,L,#,L,T,final
391.0525342916251,2318.3075857329027,3143.133585250605,3.0917535459594445,3.75727653523346,4.929180034253557,7307.692307692308,0.004873924557565304,1300.329482489796,0.055,0.33536585365853655,0-0-765-4,iyF,UT_016,intvr,1,fave,118.58896449844116,53.73970825537841,7,twenty,0,0.13989199999991797,approximately,on,N,#,N,o,final
429.6947037540958,1740.3734618371618,2669.9376962503766,2.422521458936097,4.084828684248592,3.5068715063800595,5871.794871794871,0.0001552406307767154,1349.1878548276643,0.031,0.32978723404255317,0-0-887-3,iyF,UT_016,intvr,1,fave,214.67141628227358,50.56559900468878,7,ready,0,0.0699459999998453,you're,"",D,#,D,"",final
371.4791868874841,2496.7062357936106,2988.939882913818,3.681445760952207,4.570737017868397,4.407159308215872,5512.820512820513,0.015599861373857458,1517.8161195034015,0.141,0.3325471698113207,0-0-921-2,iyF,UT_016,intvr,1,fave,94.75318394448652,41.502696951981825,7,any,0,0.40002499999991414,know,"",N,#,N,"",final
387.58352242586045,1689.7451243172025,2422.846324149383,3.56548536988554,3.549293488342302,4.848464152815612,6051.282051282051,0.0008232798936849547,1523.4368601723356,0.027000000000000003,0.32142857142857145,0-0-933-3,iyF,UT_016,intvr,1,fave,268.1598384677385,47.50844595207197,7,very,0,0.06005800000002637,so,much,R,#,R,M,final
463.5930083519281,1495.0551617611325,2537.735194657529,2.6210974720478766,3.199255635257396,3.83113995835342,5333.333333333333,0.00012005616202225429,4.22774716553288,0.035,0.33653846153846156,0-0-13-1,i,UT_016,intvr,1,fave,93.89924801503012,44.999594347319245,7,this,0,0.08000000000000007,in,"",DH,S,DH,S,internal
489.7704385681068,1636.885833470352,2582.6076394599922,2.4640641234886127,3.9445852645518853,3.874105373186224,4974.358974358975,0.0005707670124356874,9.43894716553288,0.035,0.3365384615384616,0-0-24-0,i,UT_016,intvr,1,fave,267.14189708125747,40.95353869691654,7,it,1,0.08000000000000007,"",takes,#,T,"",T,initial
474.7791719015578,1853.8896684854112,2719.6470024814394,2.953740976554099,3.9384082780708973,4.26686692130201,5333.333333333333,0.0025212682390115043,10.07194716553288,0.061000000000000006,0.3315217391304348,0-0-27-0,i,UT_016,intvr,1,fave,151.16350881290938,42.10612124291923,7,in,0,0.16000000000000014,part,two,#,N,T,N,initial
405.71196578496495,1775.2672931802572,2649.059497036392,2.5390962100572363,3.975398051424582,4.552324047303346,5871.794871794871,0.0016125857538336348,10.80194716553288,0.04100000000000001,0.3306451612903227,0-0-29-1,i,UT_016,intvr,1,fave,191.5107212176144,47.04393803423858,7,different,1,0.09999999999999964,two,"",D,F,D,F,internal
402.9649329542584,1808.2598968348523,2455.9344035559493,2.173174573508283,3.797873541968718,3.414268297756185,5153.846153846154,0.001812667297235572,14.489947165532879,0.17700000000000002,0.3314606741573034,0-0-38-0,i,UT_016,intvr,1,fave,149.21392342203046,45.57335113501281,7,is,0,0.5099999999999998,"","",#,Z,"",Z,initial
471.14495509767175,1850.214602582794,2656.373292331342,3.0492184384015375,3.637723047411508,4.388768835390974,5153.846153846154,0.0013680213969012782,16.42194616553288,0.04100000000000001,0.3306451612903227,0-0-41-0,i,UT_016,intvr,1,fave,449.99990064541214,43.94094374015,7,interview,1,0.10000100000000245,an,portion,#,N,N,N,initial
411.6564000727772,1568.3899314134126,2345.6096600326387,2.9213600688000576,3.590837027252444,4.219599426838325,5153.846153846154,0.00030418057859315606,18.22494816553288,0.027000000000000003,0.32142857142857145,0-0-48-3,i,UT_016,intvr,1,fave,394.2347495875841,35.92758701666544,7,basic,0,0.059999000000001246,you,questions,S,K,S,K,internal
512.1897577011895,1517.429853911494,2877.3332598820816,2.7987676519495106,3.892720000909288,4.3527333930678545,5871.794871794871,0.002351588716561658,22.78494716553288,0.047,0.3263888888888889,0-0-60-5,i,UT_016,intvr,1,fave,501.57306145509597,32.3361297536949,7,narratives,0,0.12000100000000202,personal,"",T,V,T,V,internal
412.3900416347747,1698.3769638638933,2619.9192310413805,2.5640820418663415,3.887967494023569,4.176356026078879,5153.846153846154,0.0006328733691851987,24.97435183446712,0.045,0.3358208955223881,0-0-65-0,i,UT_016,intvr,1,fave,87.96376381333913,41.5507942433077,7,is,1,0.1100009999999969,portion,a,#,Z,N,Z,initial
367.30709698350233,1912.1296092122911,2494.9610545633896,2.7299274294101052,3.934137122956189,3.4627462880966253,5512.820512820513,0.000026708560597913152,25.574352834467117,0.025,0.33783783783783783,0-0-67-3,i,UT_016,intvr,1,fave,112.48268225959669,35.0557676374088,7,reading,0,0.05000100000000174,a,portion,D,NG,D,NG,internal
415.78564158187373,1432.2118032725991,2430.15911328015,2.7934177854948214,3.7830898928107137,3.9307296000013894,5333.333333333333,0.001808155695985246,29.28035283446712,0.057,0.3275862068965517,0-0-78-7,i,UT_016,intvr,1,fave,84.23857048754498,40.30864513892409,7,sentences,0,0.14999999999999858,forty,"",S,Z,S,Z,internal
487.4258239452487,1285.2835879686256,2331.230856800085,2.586636429930337,3.7448470117659034,3.900532660196387,4974.358974358975,0.00024991899314021955,36.38735383446711,0.031,0.32978723404255317,0-0-95-1,i,UT_016,intvr,1,fave,164.1401577382095,46.3990655758378,7,with,1,0.07000000000000028,off,"",W,TH,W,TH,internal
405.32873574347053,1596.3093340200605,2755.234166813958,2.8785992688407496,3.19135156966144,3.8442724802041033,5512.820512820513,0.00022358235275827723,39.23735283446712,0.031,0.32978723404255317,0-0-104-0,i,UT_016,intvr,1,fave,126.47539938139143,45.15583865950262,7,is,1,0.0699989999999957,what,you,#,Z,T,Z,initial
352.43729102200376,1836.6476323650031,2600.230161096818,2.0903136772975417,3.53280924344566,3.948890376458133,5153.846153846154,0.0002764730633448041,44.217650834467115,0.037,0.32456140350877194,0-0-110-0,i,UT_016,intvr,1,fave,337.9616936187225,43.50678001936308,7,is,1,0.09000000000000341,what,your,#,Z,T,Z,initial
464.6253161818583,1259.957586507473,2635.4552816003406,3.3288894662627335,4.257234300017117,4.288034854269364,5153.846153846154,0.007953518144583772,58.73465283446712,0.051000000000000004,0.3311688311688312,0-0-128-1,i,UT_016,intvr,1,fave,287.4650052644251,39.153312516054626,7,list,1,0.1300019999999975,"",all,L,S,L,S,internal
376.83209048188,1535.4516970489399,2716.1654856925566,2.846413320673202,3.419114389260258,4.492139691914259,5333.333333333333,0.0008612479338497301,60.12465083446712,0.031,0.32978723404255317,0-0-133-4,i,UT_016,intvr,1,fave,333.59968085852216,33.96651029415342,7,places,0,0.07000399999999729,the,you,S,Z,S,Z,internal
474.0631193885716,1410.4829877588704,2567.077559184287,2.2833515282955306,3.837972476739239,4.125515658866112,4974.358974358975,0.002563146194166979,60.709654834467116,0.061000000000000006,0.3315217391304348,0-0-137-1,i,UT_016,intvr,1,fave,473.1787683612811,42.46363937474208,7,lived,1,0.1599999999999966,"","",L,V,L,V,internal
357.47307716775526,1744.4447809122214,2804.23803176411,2.2068971923144063,3.8735078076737506,4.052178506815499,5333.333333333333,0.00002382600008244544,125.56984516553287,0.025,0.33783783783783783,0-0-163-1,i,UT_016,intvr,1,fave,352.7637835785631,40.646408730731615,7,describe,0,0.050003000000003794,you,"",D,S,D,S,internal
384.8652151576247,2237.3159473205624,2676.4756048399213,3.2836115983481573,3.991070136409861,4.127753329496615,5692.3076923076915,0.020642764779226327,163.75324316553287,0.145,0.3341013824884792,0-0-187-0,i,UT_016,intvr,1,fave,206.37718930997636,39.412570519645044,7,is,0,0.4100039999999865,say,your,#,Z,eyF,Z,initial
366.0397843880853,1525.2602881928105,2626.1728645942935,2.674452704917988,3.387425685896178,4.371208698306852,5333.333333333333,0.002176118224016368,167.2282471655329,0.055,0.33536585365853655,0-0-193-0,i,UT_016,intvr,1,fave,160.73377850534703,50.06739773626937,7,is,0,0.13999999999998636,what,"",#,Z,T,Z,initial
374.38322594850416,1876.5123093107288,2783.6323562148254,2.3070326824289977,4.0257622402732975,4.898805634059475,5692.3076923076915,0.015331488291148764,168.14425150340136,0.027000000000000003,0.32142857142857145,0-0-195-4,i,UT_016,intvr,1,fave,354.39954319222346,51.63888942347464,7,something,0,0.060012999999997874,"",that,TH,NG,TH,NG,internal
379.27226604400187,1340.8799744707753,2268.9495828533036,3.614414086554904,3.869601254806042,3.9984996375569857,5333.333333333333,0.006328731362106678,169.39925150340136,0.037,0.32456140350877194,0-0-201-6,i,UT_016,intvr,1,fave,441.63543427892625,39.04526554777296,7,accomplishing,0,0.09001200000000154,of,"",L,SH,L,SH,internal
407.9432227204544,2117.685946047975,2681.4238255604555,3.2693014603382884,4.465686302633141,3.9036365059022264,5692.3076923076915,0.0003777313926051309,189.42424583446711,0.031,0.32978723404255317,0-0-213-2,i,UT_016,intvr,1,fave,94.45195833685135,45.18194141620035,7,earning,0,0.07000700000000393,"",your,N,NG,N,NG,internal
456.87625000442165,1676.1232995669836,2654.8959548297858,2.9312472759537296,4.140717438896273,3.4798687565382274,4974.358974358975,0.00012059094692618763,269.35074383446715,0.031,0.32978723404255317,0-0-221-1,i,UT_016,intvr,1,fave,147.20415350451938,44.16710917588799,7,did,0,0.07000799999997298,long,it,D,D,D,D,internal
373.88198610556225,1716.966766050852,2781.333144408245,2.5256183241289296,3.595975805898249,4.51274072328007,6410.25641025641,0.00011951380390464722,270.7277488344671,0.025,0.33783783783783783,0-0-229-1,i,UT_016,intvr,1,fave,355.82378098550583,47.752353891205146,7,degree,0,0.05001900000002024,your,"",D,G,D,G,internal
370.3807513751994,1958.0053356484846,2700.213007795424,2.477706680923667,3.4361172310320156,4.109714211139522,5512.820512820513,0.007006261372643925,301.09575449659866,0.127,0.3307291666666667,0-0-243-0,i,UT_016,intvr,1,fave,159.12620482427906,47.27614851098885,7,is,1,0.35998499999999467,"",something,#,Z,"",Z,initial
499.30476958296435,1665.436594506705,2401.558875379097,2.9653457083046937,4.011930399384545,4.3471763226987115,5153.846153846154,0.010343192426770327,302.0657601655329,0.067,0.3284313725490196,0-0-244-4,i,UT_016,intvr,1,fave,100.01234468046582,44.899356474882985,7,something,0,0.17999299999996765,is,"",TH,NG,TH,NG,internal
457.78539511049996,1403.499672248837,2085.7929447708625,2.3559459072703506,3.859212826241488,3.6239424541653222,5512.820512820513,0.00008946375781322516,304.68574416553287,0.027000000000000003,0.32142857142857145,0-0-252-0,i,UT_016,intvr,1,fave,438.85194199457413,47.22730987473162,7,expected,0,0.05999800000000732,you,"",#,K,uw,K,initial
433.52359214907364,1674.434004103321,2527.323870184601,2.8173406192495145,3.835444811132702,4.18297824398293,5512.820512820513,0.0006289735435280085,305.19775983446715,0.031,0.32978723404255317,0-0-252-7,i,UT_016,intvr,1,fave,487.3636329508941,37.491738082689785,7,expected,0,0.0700069999999755,you,"",T,D,T,D,internal
422.07427894296956,1400.1285837613375,2750.4913902308617,2.242058226089577,3.8730906596759276,4.6636943599484235,5512.820512820513,0.0003095208264444395,306.75775683446716,0.031,0.32978723404255317,0-0-257-0,i,UT_016,intvr,1,fave,425.64697420247444,43.67779897580078,7,it,0,0.07000799999997298,was,and,#,T,Z,T,initial
393.2821747371621,1745.281678360273,2482.326605854539,2.536371210270745,3.0132368596910917,3.950111456752431,5692.3076923076915,0.00021662737489893912,307.8557628344671,0.027000000000000003,0.32142857142857145,0-0-261-1,i,UT_016,intvr,1,fave,385.92487625778284,44.934727989514876,7,did,0,0.05999800000000732,why,it,D,D,D,D,internal
384.1128686233009,1550.6849616640857,2444.195419607375,2.175496351646887,3.2916253783727076,3.9962138254085278,5512.820512820513,0.00006839627943503171,307.95773883446714,0.031,0.32978723404255317,0-0-262-0,i,UT_016,intvr,1,fave,381.1049754010073,45.054343624099566,7,it,1,0.07000700000003235,did,turn,#,T,D,T,initial
481.0035543251171,1742.9632089910524,2483.2166392739505,2.2123161836415344,4.2024212469208555,4.35617621231234,5512.820512820513,0.00048799081243280787,309.2157431655329,0.027000000000000003,0.32142857142857145,0-0-268-7,i,UT_016,intvr,1,fave,480.75747853274635,41.258787777027756,7,expected,0,0.05999700000000985,you,"",T,D,T,D,internal
384.9682572007402,2003.2492921962073,2436.3780721413714,3.1108591274975383,3.813423115838256,4.451282475271367,5512.820512820513,0.0030491910600177444,423.95585216553286,0.045,0.3358208955223881,0-0-336-0,i,UT_016,intvr,1,fave,359.8817596033132,44.40877553473461,7,if,1,0.10998599999999215,"",you,#,F,"",F,initial
444.8803553174527,1617.754129103106,2595.1507545174363,3.2299471351657494,3.2542402899478358,3.906990912242657,5512.820512820513,0.0016125102183943496,424.49586116553286,0.045,0.3358208955223881,0-0-339-1,i,UT_016,intvr,1,fave,113.62103436457166,41.75044613537179,7,to,0,0.10998499999999467,had,choose,T,#,T,CH,final
488.1832714474772,1604.3971935316654,2846.055441943127,3.601742885682511,3.6022162699402616,4.654380238668986,6051.282051282051,0.004233593397310013,427.99884583446715,0.031,0.32978723404255317,0-0-349-4,i,UT_016,intvr,1,fave,478.6180158574781,36.31963596425185,7,favorite,0,0.07000800000002982,your,"",*hr,T,*hr,T,internal
395.7664113947414,1566.244872866893,2726.224772768384,2.466036491150964,3.0321157834404286,3.5858638886959557,5512.820512820513,0.0006347011138300874,428.8508461655329,0.035,0.3365384615384616,0-0-353-0,i,UT_016,intvr,1,fave,115.21323634030979,46.91702594938373,7,it,1,0.0799870000000169,would,be,#,T,D,T,initial
451.81632665688585,1905.4606154479702,2532.9657615679016,3.3817874800813597,4.440844764742198,4.003145242893396,4974.358974358975,0.00022458077802811025,613.3267351655329,0.027000000000000003,0.32142857142857145,0-0-407-4,i,UT_016,intvr,1,fave,5231.202207508787,37.46858521240282,7,farming,0,0.05999799999995048,"","",M,NG,M,NG,internal
382.15208787085743,1416.042450292737,2590.3395829050887,2.737869698308408,2.878374711601762,3.641777682651276,5512.820512820513,0.0003891051708950164,613.8687628276645,0.031,0.32978723404255317,0-0-410-0,i,UT_016,intvr,1,fave,225.45559509551205,48.14347043976907,7,it,0,0.06994699999995646,was,more,#,T,Z,T,initial
436.37164847926056,1466.281959466033,2464.6264676906467,2.495484527579608,3.410226309032352,4.395485220004815,5512.820512820513,0.000489584443961347,614.9517415034014,0.037000000000000005,0.324561403508772,0-0-414-4,i,UT_016,intvr,1,fave,112.87337098634774,45.46035353958199,7,subsistence,1,0.09002699999996366,like,farming,S,S,S,S,internal
383.1380400275922,1997.496078823205,2892.067972980189,3.268818260431624,4.60824829548187,4.071197842712286,5871.794871794871,0.0013609478760759621,615.6687678344671,0.031,0.32978723404255317,0-0-415-4,i,UT_016,intvr,1,fave,194.72087043143952,40.64815572993384,7,farming,0,0.07000700000003235,subsistence,or,M,NG,M,NG,internal
360.96402177522106,1448.6572803024653,2768.6635213193636,2.9496141181677453,3.7232407542740757,4.0434516073065,4974.358974358975,0.001001251446107658,616.210745834467,0.035,0.33653846153846156,0-0-418-0,i,UT_016,intvr,1,fave,NaN,52.88982174125066,7,it,0,0.080016999999998,was,more,#,#,Z,M,coextensive
418.5705525686784,1932.9630647067286,3328.1673439093383,3.131265044672023,3.928618136683242,4.880851696801202,6051.282051282051,0.003396360180257828,618.5937394965987,0.04100000000000001,0.3306451612903227,0-0-423-3,i,UT_016,intvr,1,fave,99.97629896007825,42.15097814152476,7,raising,0,0.09997599999996964,"",crops,Z,NG,Z,NG,internal
347.18997948044847,1614.0146878170674,2482.1424023066284,2.7062628333216288,3.8639472776861843,4.2259871303101315,5153.846153846154,0.000488920128223135,664.356558834467,0.035,0.3365384615384616,0-0-436-0,i,UT_016,intvr,1,fave,276.5904428836774,40.80960584122362,7,is,1,0.080016999999998,"",that,#,Z,"",Z,initial
420.30951113307344,1732.1032906450366,2474.7655534691917,2.310584591786609,3.586999558513013,3.9502892908881453,5333.333333333333,0.0012968965234788359,665.8625341655329,0.087,0.32954545454545453,0-0-442-1,i,UT_016,intvr,1,fave,189.99633195326405,49.365823890883696,7,did,0,0.23998999999992066,he,"",D,D,D,D,internal
420.65137123658724,1686.5707555812385,2606.6695582272823,2.41382111446101,3.8861477985836035,4.388741561347638,4794.871794871795,0.00026250370957564616,666.5625751655328,0.027000000000000003,0.32142857142857145,0-0-444-1,i,UT_016,intvr,1,fave,397.90543339257107,45.662903733209546,7,his,1,0.05999800000006417,"",whole,HH,Z,HH,Z,internal
445.97574424479706,2015.460448426947,2549.1938144737906,3.479206051747014,4.381769071763359,3.582179918231044,5153.846153846154,0.0006799546516649714,762.2654618344671,0.027000000000000003,0.32142857142857145,0-0-491-2,i,UT_016,intvr,1,fave,94.1691164819961,41.58328837491186,7,being,0,0.05999799999995048,of,with,iy,NG,iy,NG,internal
448.3376906740237,1334.224610097409,2553.464784985395,2.026786160242963,3.921300025754043,3.7874990716757035,5512.820512820513,0.0003556658393510182,873.0402278344671,0.031,0.32978723404255317,0-0-520-1,i,UT_016,intvr,1,fave,431.42655208987316,51.68593236849787,7,live,1,0.07000699999991866,"",in,L,V,L,V,internal
509.9395396943908,1373.68691696349,2693.882934214623,3.1223518117184197,3.9089140836310836,4.708386806003299,5692.3076923076915,0.00360932682809205,873.192252834467,0.035,0.3365384615384616,0-0-521-0,i,UT_016,intvr,1,fave,161.9568568828703,43.27094830373654,7,in,0,0.080016999999998,live,"",#,N,V,N,initial
358.193449933255,1787.496879939909,2798.892602323315,2.648658479153193,3.4740157289151163,3.81787190374592,5512.820512820513,0.0012825531400415468,920.2122604965986,0.061000000000000006,0.33152173913043487,0-0-534-0,i,UT_016,intvr,1,fave,289.55856282760715,44.746923963379025,7,is,1,0.15997300000003634,"",something,#,Z,"",Z,initial
408.3783860055938,1603.6205743872604,2517.4078877404136,2.2854635094631313,3.4046059688885664,3.9634371966777033,5512.820512820513,0.000033349079859488524,921.6152481655329,0.027000000000000003,0.32142857142857145,0-0-538-4,i,UT_016,intvr,1,fave,94.39497711525115,51.08163090458986,7,consider,1,0.05999800000006417,you,yourself,S,D,S,D,internal
555.2761144702342,1694.8981344420827,2595.239329279515,2.592993756977692,3.2767851499531826,4.135572824042197,5153.846153846154,0.0027388870547030795,924.6162701655329,0.10899999999999999,0.33641975308641964,0-0-545-0,i,UT_016,intvr,1,fave,108.7259725901634,46.41691204726762,7,in,1,0.2999879999999848,expert,or,#,N,T,N,initial
399.5044702577862,1813.9640272367446,2572.838633689739,3.2042996773788133,4.126206959138855,4.4050787080834715,5153.846153846154,0.0005005779744198437,926.1052391655329,0.027000000000000003,0.32142857142857145,0-0-551-0,i,UT_016,intvr,1,fave,173.6800000261732,49.80797326534989,7,enjoy,0,0.059996999999953005,really,doing,#,N,iyF,N,initial
397.433336786995,1674.9527897228068,2500.261555155369,2.3314951047687957,3.581710933185026,3.7544748063460927,5512.820512820513,0.0013893650266986071,931.2526571655329,0.065,0.33505154639175255,0-0-556-0,i,UT_016,intvr,1,fave,394.0741839706348,46.637106439326665,7,is,0,0.169983000000002,what,it,#,Z,T,Z,initial
484.773942650435,1415.242797179798,2397.1135952230343,2.9300601203782595,3.8342766829276744,4.184355692811094,5333.333333333333,0.002956886817295645,931.5076604965986,0.055,0.33536585365853655,0-0-557-0,i,UT_016,intvr,1,fave,494.67208451223297,39.90080570355525,7,it,0,0.1399539999999888,is,"",#,T,Z,T,initial
465.4382270165954,1690.584902355834,2578.962400207779,2.9829660664257083,3.044234313269448,4.075360854313911,5512.820512820513,0.0021242170677368633,1003.0791628344671,0.067,0.3284313725490196,0-0-572-1,i,UT_016,intvr,1,fave,108.64518553821883,47.36490133141899,7,been,1,0.17999300000008134,you,"",B,N,B,N,internal
390.4088113846971,2563.3630725027706,2924.7204870041246,2.873127860058468,3.9761132458920825,4.712936669035996,5512.820512820513,0.002816833244801062,1005.053152834467,0.035,0.33653846153846156,0-0-577-2,i,UT_016,intvr,1,fave,91.85003183740574,49.87172566381786,7,being,0,0.080016999999998,"",a,iy,NG,iy,NG,internal
396.27288694018966,1723.1912381489044,2583.216706847104,2.645760091378387,3.6950382303073313,3.898779756888784,4974.358974358975,0.00044296075897629723,1021.854436834467,0.031,0.32978723404255317,0-0-592-0,i,UT_016,intvr,1,fave,383.61369782072944,45.61476369953542,7,in,0,0.07000700000003235,"",the,#,N,"",N,initial
405.07576498876057,1354.832919330915,2528.122967620783,3.1021817019898488,4.414137906663507,4.397189022494779,5692.3076923076915,0.00012380171859053038,1048.0558551723354,0.025,0.33783783783783783,0-0-609-1,i,UT_016,intvr,1,fave,380.30439987813537,43.06709563857875,7,with,0,0.0500489999999445,working,children,W,TH,W,TH,internal
428.30944344484885,1758.2998591430194,2968.099385788196,3.4727304311952913,3.804722625523488,4.339117173226494,6410.25641025641,0.0004596230338946947,1095.4777718276641,0.031,0.32978723404255317,0-0-620-1,i,UT_016,intvr,1,fave,123.8234754077216,49.88052722688153,7,think,1,0.06994600000007267,you,is,TH,NG,TH,NG,internal
399.3756415720284,2032.5564390384689,2532.2691722721625,3.0334534671832367,3.8049695253119857,3.930537879111056,5512.820512820513,0.006609560610161874,1095.8427705034014,0.061000000000000006,0.33152173913043487,0-0-621-0,i,UT_016,intvr,1,fave,511.41098562005254,43.957144966989745,7,is,1,0.160033999999996,think,one,#,Z,K,Z,initial
347.99052200241044,1909.1341162122458,2706.011186118696,1.6630494534468572,3.642536600734286,3.971185068209915,5333.333333333333,0.0002820596637549506,1099.4207194965986,0.037000000000000005,0.324561403508772,0-0-626-1,i,UT_016,intvr,1,fave,340.9192457582954,58.203334482560905,7,biggest,1,0.08996499999989283,"",hurdles,B,G,B,G,internal
378.4149739897806,2083.0628742650815,3054.9458516458913,3.525464476249948,3.4633384649032624,4.702759246010156,6589.74358974359,0.0003691528135800799,1103.3657868276644,0.027000000000000003,0.32142857142857145,0-0-636-3,i,UT_016,intvr,1,fave,98.05869488343797,44.22393277884827,7,working,0,0.05993599999987964,start,with,K,NG,K,NG,internal
383.34329893225276,1461.0573736835236,2700.5389044213657,2.4565749684207763,3.9522366044634216,3.9682560900771424,5512.820512820513,0.00010483259620320265,1172.6814608276643,0.027000000000000003,0.32142857142857145,0-0-669-1,i,UT_016,intvr,1,fave,87.8867951917702,49.9656705662707,7,just,0,0.05993599999987964,someone,starting,JH,S,JH,S,internal
434.77665943875684,2017.1498612329747,2599.6813927447884,2.9408078811179306,4.230701377545233,4.51322298382981,5153.846153846154,0.004305354243587034,1173.5684785034014,0.061000000000000006,0.33152173913043487,0-0-673-0,i,UT_016,intvr,1,fave,96.18179540546787,45.89491681135937,7,in,1,0.160033999999996,"","",#,N,"",N,initial
413.59768738772846,1609.1721438822879,2569.2557168758663,2.951323646272714,4.024039381209686,4.376561035648292,5871.794871794871,0.00007328121350112378,1247.4176711723355,0.025,0.33783783783783783,0-0-689-2,i,UT_016,intvr,1,fave,129.88002798223232,45.95963317258873,7,doing,0,0.0500489999999445,about,that,Tuw,NG,Tuw,NG,internal
372.03033003900623,1817.871237984554,2342.490606308244,2.810378425848801,3.94271220528648,4.327768150812246,5871.794871794871,0.0011544423542878598,1248.1886628276643,0.027000000000000003,0.32142857142857145,0-0-693-4,i,UT_016,intvr,1,fave,178.75766126070675,46.94811341737987,7,helping,0,0.05993599999987964,by,"",P,NG,P,NG,internal
377.4609925960361,1527.2783260035885,2826.454369198241,2.6518711274225137,3.864336376780205,4.323294614187307,5512.820512820513,0.0005328455669121428,1251.1906628276643,0.031,0.32978723404255317,0-0-700-0,i,UT_016,intvr,1,fave,91.30083086997979,48.13038356660445,7,is,0,0.06994600000007267,this,their,#,Z,S,Z,initial
436.0765980714922,1310.969726410844,2469.2184872384382,2.1800878284019287,3.635859357241606,3.883217567258036,5512.820512820513,0.000030462622844668626,1282.3499221723355,0.025,0.33783783783783783,0-0-724-1,i,UT_016,intvr,1,fave,92.83841610371293,57.203847329831085,7,bit,1,0.0500489999999445,little,more,B,T,B,T,internal
356.7090824821426,1494.6517745457309,2570.2988082768,2.6046051854260615,4.374551564090549,4.47706980955782,5512.820512820513,0.00013893897958826355,1283.7399371723354,0.025,0.33783783783783783,0-0-731-1,i,UT_016,intvr,1,fave,85.87972700995239,49.39554727163526,7,this,1,0.0500489999999445,of,"",DH,S,DH,S,internal
514.5086530661612,1571.6829557444105,2610.8121820942984,2.51269601531682,3.0110174765513587,4.1575842349833545,5512.820512820513,0.00011951734579891285,1291.2329271723356,0.031,0.32978723404255317,0-0-746-0,i,UT_016,intvr,1,fave,186.64533529165922,50.38016781925108,7,involves,0,0.07006799999999203,[bracketed],a,#,N,spn,N,initial
389.86497808624716,1539.972413955505,2510.6174059791233,2.5284922022875977,4.713524429374312,3.469695959696307,5692.3076923076915,0.000015978204944496763,1292.3899611723355,0.025,0.33783783783783783,0-0-748-3,i,UT_016,intvr,1,fave,117.44688037758554,56.72112769362393,7,reading,0,0.0500489999999445,a,list,D,NG,D,NG,internal
572.6821597221958,1322.4630568436223,2287.8906932608415,3.1502291086298224,3.8265317537432058,4.118204978326592,5512.820512820513,0.0018601618758554547,1292.5880024965984,0.040999999999999995,0.33064516129032256,0-0-749-1,i,UT_016,intvr,1,fave,499.06140963372263,47.65108896130193,7,list,1,0.09997500000008586,reading,"",L,S,L,S,internal
489.6305805936454,1521.9412959146373,2635.6765395823254,2.9538681668725775,4.329072694147745,4.164990302377777,5153.846153846154,0.0006838949492773218,1293.9309718276643,0.027000000000000003,0.32142857142857145,0-0-751-0,i,UT_016,intvr,1,fave,NaN,41.04216336867752,7,in,0,0.0599369999999908,"",this,#,N,"",N,initial
424.1917270209966,1533.4202948695802,2392.1361113354787,2.789592353103529,3.695942515760398,4.481926506198405,5512.820512820513,0.0003342159831697087,1294.09291784127,0.031,0.32978723404255317,0-0-752-1,i,UT_016,intvr,1,fave,130.9208451282835,52.0577515255576,7,this,1,0.07006899999987581,in,reading,DH,S,DH,S,internal
553.4974420761934,1413.8208018943546,2473.398359710382,2.9290730048983518,3.1724814105310117,4.249916821367589,5333.333333333333,0.0008583472350294219,1294.6479441655329,0.04100000000000001,0.3306451612903227,0-0-754-1,i,UT_016,intvr,1,fave,72348.3374238828,49.830273941804236,7,list,1,0.09997599999996964,reading,"",L,S,L,S,internal
499.19058276508133,1606.013028550778,2471.155429201575,3.648479320244596,4.168440440031077,4.282617306680619,5692.3076923076915,0.005374585425545591,1304.5873988344672,0.051000000000000004,0.3311688311688312,0-0-776-2,i,UT_016,intvr,1,fave,NaN,41.28620872909037,7,print,1,0.13000399999987167,"",them,R,N,R,N,internal
472.97805754316875,1590.5012611476322,2506.159793159122,2.418456270351569,3.6311253251788833,3.7260513857361435,5153.846153846154,0.00004293477234260981,1307.2344385034016,0.025,0.33783783783783783,0-0-786-0,i,UT_016,intvr,1,fave,92.59729646254861,53.1332320832842,7,into,0,0.0500489999999445,ran,problems,#,N,N,N,initial
369.09580770859617,1614.7693820780207,2678.273666685148,2.5782983990873567,3.3605497639258584,3.8394536564114037,5512.820512820513,0.00014143869540275843,1309.74745884127,0.031,0.32978723404255317,0-0-794-0,i,UT_016,intvr,1,fave,117.17575238934289,61.034937113728546,7,enough,0,0.07006900000010319,large,"",#,N,JH,N,initial
372.7524138382205,1601.8193070777127,2835.5601837019976,2.369695744050053,3.648533269727168,3.89612239942829,5512.820512820513,0.0001396676698035624,1315.1354398276642,0.027000000000000003,0.32142857142857145,0-0-803-1,i,UT_016,intvr,1,fave,117.06929797668487,56.290218935026985,7,just,0,0.0599369999999908,but,read,JH,S,JH,S,internal
465.0009152418278,1822.686635697363,2647.5897085359816,1.9622089977631207,3.008353051329484,3.7086347112167677,5692.3076923076915,0.00004515757868024608,1315.8174938276643,0.031,0.32978723404255317,0-0-805-0,i,UT_016,intvr,1,fave,152.4215560762294,57.6258091940821,7,it,1,0.0699459999998453,read,at,#,T,D,T,initial
491.3535755490871,1771.5314140684582,2342.1203437726717,3.1646979635607204,4.123165165165762,4.489438126561113,5512.820512820513,0.0013191636465472428,1327.7177208412697,0.035,0.3365384615384616,0-0-839-3,i,UT_016,intvr,1,fave,80.67102196840881,44.853088716466644,7,trying,0,0.08007799999995768,not,to,ay,NG,ay,NG,internal
422.105192412904,1675.8537283507044,2553.006117153276,3.19647939885579,3.53276453357735,4.219506185028712,5512.820512820513,0.00006708429897908866,1327.8527301723354,0.025,0.33783783783783783,0-0-840-1,i,UT_016,intvr,1,fave,76.10898879398165,42.298119038061394,7,to,0,0.0500489999999445,trying,run,T,#,T,R,final
428.21446037805396,1758.2877246950152,2578.84382053169,2.33698239076213,4.02740257981522,3.76958543081498,5512.820512820513,0.00018294463227894067,1337.5622448276642,0.031,0.32978723404255317,0-0-859-0,i,UT_016,intvr,1,fave,100.91647838833946,52.37170236760229,7,if,1,0.06994600000007267,and,you,#,F,D,F,initial
360.318644849583,2070.412826524888,2859.969573348656,3.493794942569801,3.9384286973759006,4.138958885175694,4615.384615384615,0.001660007338917473,1351.4558748276643,0.027000000000000003,0.32142857142857145,0-0-894-1,i,UT_016,intvr,1,fave,-192.42980555472704,53.338271537058084,7,begin,0,0.059936000000107015,"","",B,G,B,G,internal
494.1479890431325,1941.5058499750364,2669.655189991665,2.894915276982398,3.9976307900232357,3.9311543548457246,5153.846153846154,0.0007905394741720487,1351.614816510204,0.045,0.3358208955223881,0-0-894-3,i,UT_016,intvr,1,fave,197.31808408900363,53.69043951599077,7,begin,1,0.11010699999997087,"","",G,N,G,N,internal
344.76138068287764,2137.112316362881,3107.710103680043,3.3281754698905512,3.8006272419202043,4.872665844514775,6230.7692307692305,0.010742111319975206,8.276947165532881,0.031,0.32978723404255317,0-0-21-1,uw,UT_016,intvr,1,fave,104.42654808553092,39.956162448469655,7,you,1,0.07000000000000028,as,read,Y,#,Y,R,final
336.45826467329533,1620.9996245473765,2230.334822413305,3.5112067148653963,3.9548185341080884,3.9601167713520087,4256.410256410256,0.002271585426918049,27.717351834467124,0.031,0.32978723404255317,0-0-71-1,uw,UT_016,intvr,1,fave,110.4540039861755,37.23029665119108,7,you,1,0.07000199999999879,where,will,Y,#,Y,W,final
416.3568127107778,1471.0609171266506,1747.8266570212065,2.823891200988379,3.316975684994011,3.6606128529338595,4794.871794871795,0.000546366998821198,39.43535083446712,0.047,0.3263888888888889,0-0-105-1,uw,UT_016,intvr,1,fave,271.9622242136502,45.3935923338853,7,you,1,0.12000300000000408,is,age,Y,#,Y,ey,final
386.5540285163694,1580.190392389646,2288.3001112589513,2.571856666022567,3.7662571939150147,3.3667921885462264,4256.410256410256,0.0002236353314065306,60.332653834467116,0.027000000000000003,0.32142857142857145,0-0-134-1,uw,UT_016,intvr,1,fave,94.1859849027268,40.36025156981117,7,you,1,0.05999800000000022,places,have,Y,#,Y,HH,final
517.6514052487569,776.0948179942303,1927.6095061440544,3.069007002252192,3.7401248873337702,4.593029263342935,4794.871794871795,0.00021462704506123388,168.58324316553288,0.025,0.33783783783783783,0-0-197-1,uw,UT_016,intvr,1,fave,504.3799989896675,48.633615069621506,7,you,1,0.050003000000003794,that,are,Y,#,Y,*hr,final
411.79185617516515,1234.8806752648186,2047.4097736987947,2.9268733302836365,4.576940098193671,4.413987086956691,4256.410256410256,0.028473223609310254,187.06124683446714,0.085,0.3346456692913386,0-0-204-1,uw,UT_016,intvr,1,fave,124.3351578959998,37.92926950214544,7,you,1,0.23001099999999042,can,"",Y,#,Y,"",final
396.04165235138686,1446.0028406796228,2249.5100272705695,2.1869659886721213,4.368009671176108,4.215690871271661,4076.923076923077,0.0011780446553154782,304.6097571655329,0.035,0.33653846153846156,0-0-251-1,uw,UT_016,intvr,1,fave,93.7565539510414,48.661416822665345,7,you,1,0.07998699999996006,than,expected,Y,#,Y,i,final
374.4776653573063,1670.9393496160183,2147.7836726891005,2.467274411304498,3.1593576652554027,3.6567846306569067,4435.897435897436,0.00022076667983113573,315.8710471655329,0.027000000000000003,0.32142857142857145,0-0-275-1,uw,UT_016,intvr,1,fave,121.42314085741197,46.37013540297803,7,you,1,0.05999700000000985,can,talk,Y,#,Y,T,final
345.258135542252,1485.875762690863,1923.5071051449704,1.782391069944564,3.235464027441119,3.063733747692094,4256.410256410256,0.000015738799601067376,346.8636621655329,0.027000000000000003,0.32142857142857145,0-0-281-1,uw,UT_016,intvr,1,fave,341.7887478363602,56.821758173015034,7,you,1,0.05999700000000985,do,remember,Y,#,Y,R,final
385.72358288939506,1263.6871927822647,2274.913642330845,3.047038306201768,4.211119914425505,4.342235606093677,5153.846153846154,0.007410429166949599,409.2652341655329,0.08099999999999999,0.3319672131147541,0-0-316-1,uw,UT_016,intvr,1,fave,267.43811405583716,43.96412980003698,7,you,1,0.2200019999999654,do,"",Y,#,Y,"",final
342.75564753554056,1691.441766281095,2459.5575943804233,2.8512684006555906,3.3390516878282943,4.308041994789912,5153.846153846154,0.00013536939032375345,424.17583883446713,0.025,0.33783783783783783,0-0-337-1,uw,UT_016,intvr,1,fave,118.56826197808363,46.473584942561125,7,you,1,0.05001799999996592,if,had,Y,#,Y,HH,final
338.6488165364341,1645.3014901116267,2454.6286247340277,2.5559937232010674,3.9170445634179916,4.428447583348579,5871.794871794871,0.0016867004706938842,424.85684850340135,0.067,0.32843137254901966,0-0-340-1,uw,UT_016,intvr,1,fave,113.43981209431156,44.95432565902056,7,choose,1,0.1800230000000056,to,a,CH,Z,CH,Z,internal
376.96251201894523,1693.7560111956361,2694.95099179463,2.171645893515259,4.286845841606432,4.661709767376831,4974.358974358975,0.0006782607864486757,425.78884916553284,0.031,0.32978723404255317,0-0-344-1,uw,UT_016,intvr,1,fave,167.23172855860616,39.48791483247214,7,utah,1,0.07000700000003235,in,"",Y,T,Y,T,internal
397.64580496854984,1493.9972079759705,2386.769896343546,3.387269517118684,4.147782000422584,4.179071823967908,4974.358974358975,0.01911189771315197,518.6919425034014,0.08100000000000002,0.3319672131147542,0-0-376-1,uw,UT_016,intvr,1,fave,169.00618532412707,34.479367305274195,7,you,1,0.22003200000006018,can,"",Y,#,Y,"",final
379.9340337923195,1451.207092127983,2319.84267775054,3.0826087165601774,3.9095119695647553,3.8328643367649353,4615.384615384615,0.0032311283707455924,921.1352481655329,0.067,0.32843137254901966,0-0-537-1,uw,UT_016,intvr,1,fave,108.74471575020985,39.1879337182995,7,you,1,0.17999299999996765,that,consider,Y,#,Y,K,final
339.10234375771904,1499.3483183214548,2182.7711226054225,2.7621241309754145,4.055669936328155,3.4492475583470505,4076.923076923077,0.0004110435334120278,925.5352368344671,0.027000000000000003,0.32142857142857145,0-0-549-1,uw,UT_016,intvr,1,fave,147.18404803949585,45.87247630188167,7,you,1,0.05999800000006417,that,really,Y,#,Y,R,final
284.14770708749836,1685.954049807051,2361.083658835024,2.868404953399392,3.6802692627824243,3.920233252926242,4794.871794871795,0.00012504610069629323,1002.9291578344671,0.027000000000000003,0.32142857142857145,0-0-571-1,uw,UT_016,intvr,1,fave,115.21987584554574,46.74320899172284,7,you,1,0.05999800000006417,have,been,Y,#,Y,B,final
276.6335525703862,1091.576404418001,2381.8807832296006,3.305604909650155,4.139965649342147,4.53054298176117,4256.410256410256,0.027200440250546548,1046.5538864965986,0.161,0.33264462809917356,0-0-604-1,uw,UT_016,intvr,1,fave,94.80545659371008,44.60275836830358,7,you,1,0.45996000000013737,makes,"",Y,#,Y,"",final
426.5989888629977,1461.0201920986356,2289.8777106915904,3.698189934773665,4.159871124387347,3.921058019277977,3897.4358974358975,0.0024991472877148443,1095.2497974965988,0.035,0.33653846153846156,0-0-619-1,uw,UT_016,intvr,1,fave,206.32149436142342,46.651831112060556,7,you,1,0.07995600000003833,do,think,Y,#,Y,TH,final
385.80929693571863,1044.7818679523393,2446.6707885704095,2.5883935543773533,3.900954899697966,3.8326382460304274,4794.871794871795,0.0008928871691041648,1101.8808024965986,0.037,0.32456140350877194,0-0-631-1,uw,UT_016,intvr,1,fave,95.16904002130948,50.25305811493082,7,who,1,0.08996499999989283,people,are,HH,#,HH,*hr,final
268.10000818429324,1196.4622082481274,2353.8638039554294,2.906067978018874,4.240691059128867,4.62097592692637,5333.333333333333,0.01813318657383596,1164.9604464965987,0.125,0.3342245989304813,0-0-651-1,uw,UT_016,intvr,1,fave,127.08302337266201,46.386397860795256,7,you,1,0.34997599999996964,would,help,Y,#,Y,HH,final
385.98323840919284,1803.0285769647771,2190.846278067494,3.4894824128624293,4.090807446730879,3.465510295099261,4076.923076923077,0.0028244392870979684,1337.8142448276644,0.035,0.33653846153846156,0-0-860-1,uw,UT_016,intvr,1,fave,104.57628188931861,44.60014053049706,7,you,1,0.07995600000003833,if,feel,Y,#,Y,F,final
414.3236647757643,1635.8484078457643,2613.9829830206036,3.4643042610153065,4.3253439206070885,4.572019272791358,5871.794871794871,0.004716508380226824,1510.274201873016,0.043000000000000003,0.32575757575757586,0-0-898-1,uw,UT_016,intvr,1,fave,86.83169311789312,38.61005628465183,7,you,1,0.10705499999994572,thank,"",Y,#,Y,"",final
329.95127433233256,1443.4503680970017,2247.7841435634396,3.4639971672749232,3.604865181561824,3.6781760689127347,4435.897435897436,0.008616861110662996,1515.8131528344672,0.055,0.33536585365853655,0-0-915-1,uw,UT_016,intvr,1,fave,117.4191268563996,44.38142230322457,7,you,1,0.1400149999999485,"","",Y,#,Y,"",final
584.5732406640777,1556.975273746487,2453.656017815886,2.9909933106078777,3.526325484577337,3.7688290456965006,5153.846153846154,0.0013671463131820266,8.45694716553288,0.07100000000000001,0.3317757009345795,0-0-22-1,e,UT_016,intvr,1,fave,124.36377104904867,46.041434489020375,7,read,1,0.1899999999999995,you,"",R,D,R,D,internal
625.6875552521641,1395.9236399760482,3609.9859940001493,3.2723778364287672,3.941126571696057,4.629795018799058,7128.205128205128,0.0006202966285503353,17.566948165532878,0.031,0.32978723404255317,0-0-44-2,e,UT_016,intvr,1,fave,81.47751561155124,35.86196955262743,7,where,1,0.07000000000000028,"",i,W,R,W,R,internal
560.5878510023674,1256.8374886285512,1966.505459204689,2.7271297729693376,3.625287000931524,4.118718479608302,5692.3076923076915,0.0001150238248378694,18.44694716553288,0.031,0.32978723404255317,0-0-49-2,e,UT_016,intvr,1,fave,120.62338243967555,46.64666516215903,7,questions,1,0.07000000000000028,basic,"",W,S,W,S,internal
483.0896229937138,1523.4568557914383,2436.690135361584,2.751666988224365,3.566556861458544,4.053185448792418,5333.333333333333,0.000049934278965252374,22.55494816553288,0.027000000000000003,0.32142857142857145,0-0-60-1,e,UT_016,intvr,1,fave,150.99882935904685,38.775662948004054,7,narratives,1,0.05999899999999769,personal,"",N,R,N,R,internal
483.5188820495458,1476.9349245466365,2570.967835787391,2.8812505316059682,3.647542480746025,4.040053962122894,5153.846153846154,0.00023234304280759062,24.32735283446712,0.031,0.32978723404255317,0-0-63-1,e,UT_016,intvr,1,fave,169.28458922435303,48.94161144691139,7,second,1,0.06999900000000281,the,portion,S,K,S,K,internal
462.7581159244274,1808.879010965991,2429.917127277598,2.923053211433722,3.508718091596319,3.741491003899881,4974.358974358975,0.00010109956619575054,44.762653834467116,0.027000000000000003,0.32142857142857145,0-0-112-1,e,UT_016,intvr,1,fave,89.84177171272388,43.80943001577686,7,gender,1,0.05999800000000022,your,"",JH,N,JH,N,internal
493.287098423622,1607.3147694131476,2520.974180134831,3.0280403734787313,3.305227765688672,4.366877924432295,5512.820512820513,0.0008754224462437317,123.60984816553288,0.085,0.3346456692913386,0-0-157-1,e,UT_016,intvr,1,fave,124.66537483379774,47.06263830062026,7,then,1,0.2299950000000024,and,"",DH,N,DH,N,internal
534.5948577929138,1513.1811603558326,2639.6711076506767,2.1606006241880937,3.237855344724043,3.676044945435035,5692.3076923076915,0.0005761368977259368,304.0677391655329,0.051000000000000004,0.3311688311688312,0-0-249-1,e,UT_016,intvr,1,fave,537.0222052736806,49.7812473748151,7,better,1,0.13000499999998283,out,than,B,T,B,T,internal
585.3591235107042,1437.3597281541374,2176.7600112005343,2.7417196743624275,3.904702662380903,4.215134823040359,5512.820512820513,0.00010474524228576677,304.97575883446706,0.027000000000000003,0.32142857142857145,0-0-252-4,e,UT_016,intvr,1,fave,300.7408216000908,44.061663255970046,7,expected,1,0.05999700000000985,you,"",P,K,P,K,internal
536.3141356373512,1326.4157611531602,2026.9780371764903,2.7664643057635607,3.8144219116561064,4.428587433497426,5153.846153846154,0.00013863025958761458,309.0257401655329,0.027000000000000003,0.32142857142857145,0-0-268-4,e,UT_016,intvr,1,fave,551.5400825045557,40.40674961785796,7,expected,1,0.05999800000000732,you,"",P,K,P,K,internal
510.73642361047,1436.3821733745565,2524.074522553107,3.347939878480761,3.9069662684098594,4.022090439223054,6230.7692307692305,0.0024635177095106773,421.6568451655329,0.087,0.32954545454545453,0-0-328-1,e,UT_016,intvr,1,fave,162.26798091834863,55.7184107084029,7,where,1,0.23999000000003434,"",is,W,R,W,R,internal
615.4783794073488,848.2293641377448,1587.111627691829,3.277182160162536,4.24728661398581,3.393407830628861,3538.4615384615386,0.003576411304763603,502.8171501655329,0.07100000000000001,0.3317757009345795,0-0-367-1,e,UT_016,intvr,1,fave,159.5992255051338,70.34534463540766,7,sense,1,0.19000199999999268,makes,"",S,N,S,N,internal
506.41993964521225,1695.1461761268854,2405.780436368732,3.250962548930516,3.490808682173322,4.20553547835242,6589.74358974359,0.0002427871009172184,612.1567578344672,0.027000000000000003,0.32142857142857145,0-0-405-1,e,UT_016,intvr,1,fave,138.5062465130941,48.70831032701612,7,mentioned,1,0.05999799999995048,you,"",M,N,M,N,internal
547.8205011213561,1465.533774930341,2448.0184350123604,2.6012040475649374,3.4313940783550625,4.334637578497846,5512.820512820513,0.0009686131298667399,620.0667828344672,0.047,0.3263888888888889,0-0-427-1,e,UT_016,intvr,1,fave,101.7950936784825,43.387976081320986,7,send,1,0.11999499999990348,"",and,S,N,S,N,internal
512.3294614237557,1373.7051503429911,2656.24169469447,2.5745606696889403,3.357381041695104,3.987241051389106,5333.333333333333,0.0004942381034188967,621.2407634965987,0.035,0.3365384615384616,0-0-430-1,e,UT_016,intvr,1,fave,554.7614040943118,46.68424428991895,7,sell,1,0.0799570000000358,"","",S,L,S,L,internal
588.23285355187,1434.6301748619903,2681.9036834684134,3.151768369469778,3.8322149406123907,3.9505467543546176,5512.820512820513,0.000973369683688863,761.382441165533,0.04100000000000001,0.3306451612903227,0-0-488-1,e,UT_016,intvr,1,fave,98.52178776003574,41.30627975778306,7,memories,1,0.09997599999996964,fondest,"",M,M,M,M,internal
526.8134807729786,1574.4904873430078,2758.408098711816,3.106871407700098,4.1204147084526435,4.12836077165504,5512.820512820513,0.0008921420546866979,862.4082698344671,0.031,0.32978723404255317,0-0-503-2,e,UT_016,intvr,1,fave,483.4767126826375,51.16775751163764,7,special,1,0.07000700000003235,really,experience,P,SH,P,SH,internal
492.30939853392107,1851.662536140076,3022.152666630514,3.6242141789404965,3.7696688557187774,4.619847543040865,6410.25641025641,0.001090861973194864,916.6872618344671,0.031,0.32978723404255317,0-0-529-1,e,UT_016,intvr,1,fave,123.0979937880401,42.19900247069389,7,sharing,1,0.07000700000003235,for,that,SH,R,SH,R,internal
488.6533498372801,1439.8731993647898,2704.061442966034,2.6384924132888994,3.8143013325628354,3.9783137218026248,5512.820512820513,0.0005932287615150798,922.1542285034013,0.045,0.3358208955223881,0-0-539-3,e,UT_016,intvr,1,fave,222.63488762508206,47.35168308040615,7,yourself,1,0.11004600000001119,consider,"",S,L,S,L,internal
579.2616381178718,1669.0014260424346,2526.3630608191197,2.221671353431966,3.495589316234582,4.02674548188691,5333.333333333333,0.00029766638277708735,924.1602375034014,0.037,0.32456140350877194,0-0-544-0,e,UT_016,intvr,1,fave,270.3503134484052,50.812322244818226,7,expert,1,0.09002699999996366,an,in,#,K,N,K,initial
516.8129832166172,1189.227974321015,2177.4696590549956,2.632555648050171,3.6867086934090034,4.192128872075433,4615.384615384615,0.00011587797754174631,1023.0424341655329,0.027000000000000003,0.32142857142857145,0-0-596-3,e,UT_016,intvr,1,fave,552.0010915720352,52.79910368755598,7,development,1,0.059996999999953005,childhood,"",V,L,V,L,internal
578.577716328318,1492.3214741017575,2452.587351586357,3.215325227386086,3.6895535155054424,4.16554514949755,5512.820512820513,0.0000963542719636639,1165.4004591723353,0.025,0.33783783783783783,0-0-652-1,e,UT_016,intvr,1,fave,105.90095975657111,43.234811070113786,7,help,1,0.05004900000017187,you,someone,HH,L,HH,L,internal
517.2394357511598,1216.3517050499502,2350.7031280519573,2.298727157864371,3.635269303259195,4.02207829712479,5512.820512820513,0.0001896227508655894,1175.3534101723355,0.031,0.32978723404255317,0-0-678-3,e,UT_016,intvr,1,fave,83.32105387142815,47.34819873207756,7,development,1,0.07006900000010319,childhood,"",V,L,V,L,internal
645.9605239466115,1373.915422898804,3139.6225185903722,3.085035378168175,3.695685141430753,4.195988038568199,5692.3076923076915,0.00013408357213853252,1253.939373165533,0.045,0.3358208955223881,0-0-705-1,e,UT_016,intvr,1,fave,188.1960399383356,71.12185590055662,7,then,1,0.10998500000005151,"","",DH,N,DH,N,internal
520.7314304394264,1495.4613111767812,2662.635496536783,3.05276991830367,3.0720399091214947,4.48638430943476,6051.282051282051,0.00006676209832080359,1288.1709628276642,0.027000000000000003,0.32142857142857145,0-0-740-1,e,UT_016,intvr,1,fave,113.18742945301385,55.11818867703055,7,mentioned,1,0.059936000000107015,i,the,M,N,M,N,internal
499.8821814705351,1409.815375662472,2826.9551788161157,2.959367621583216,4.0031506635990155,4.344154364628121,5871.794871794871,0.0001816105448059518,1288.9949428412697,0.035,0.3365384615384616,0-0-742-1,e,UT_016,intvr,1,fave,478.4993349461933,61.0930589258508,7,second,1,0.08007799999995768,the,"",S,K,S,K,internal
456.60707770132933,1680.553433870852,2600.6508875305894,2.7268278208018666,3.7690899616750957,4.228976713067016,4974.358974358975,0.00019548583825979612,1295.45098615873,0.027000000000000003,0.32142857142857145,0-0-756-1,e,UT_016,intvr,1,fave,98.7010793015188,54.444791090884536,7,there,1,0.059936000000107015,"",are,DH,R,DH,R,internal
541.1694736974732,1460.1337808869728,2639.6969248196856,2.1628815784660933,3.773703228503358,4.389225512800803,5512.820512820513,0.00026694330897228846,1297.0529668276642,0.031,0.32978723404255317,0-0-760-1,e,UT_016,intvr,1,fave,558.2591880045362,57.56663318504251,7,sentences,1,0.06994699999995646,"","",S,N,S,N,internal
376.6104893216742,1403.9428837360297,3095.519039267793,3.3286542802738524,4.050274070189989,4.411458599136001,6948.717948717948,0.002399238945494012,1307.9594141723355,0.035,0.33653846153846156,0-0-788-1,e,UT_016,intvr,1,fave,352.7621819082033,59.39066860481597,7,where,1,0.08007900000006885,problems,"",W,R,W,R,internal
548.3527063804909,1560.5451525153678,2530.980340900844,2.8506625936919705,3.584203811666022,4.661818883807841,5871.794871794871,0.00042856402587758326,1338.6502391723357,0.027000000000000003,0.32142857142857145,0-0-864-1,e,UT_016,intvr,1,fave,94.93188062057212,51.397651875904906,7,messed,1,0.06005800000002637,you,up,M,S,M,S,internal
420.2059020776771,1674.4851684152507,2475.700716832788,2.4359104572554604,3.5962981746932394,3.797255059749276,5692.3076923076915,0.0003776262867151564,1339.0642448276644,0.035,0.3365384615384616,0-0-866-0,e,UT_016,intvr,1,fave,355.07642712311633,50.13906740571498,7,any,1,0.07995600000003833,up,of,#,N,P,N,initial
548.2567804231228,1362.2558596217252,2676.6894522600223,2.9236344568262616,3.804214637248115,4.374482969515803,4974.358974358975,0.00006700463281667777,1339.5192341723355,0.025,0.33783783783783783,0-0-869-1,e,UT_016,intvr,1,fave,121.34561594034477,49.63369528774004,7,sentences,1,0.0500489999999445,the,"",S,N,S,N,internal
542.4976357924694,1588.86991919059,2382.912943478022,2.625254017331655,3.776627956172368,3.6717413502280016,5692.3076923076915,0.0000492726232648481,1340.6502391723357,0.027000000000000003,0.32142857142857145,0-0-872-2,e,UT_016,intvr,1,fave,383.64705703577874,50.92057888973749,7,ahead,1,0.06005800000002637,go,and,HH,D,HH,D,internal
506.2264168582698,1474.258125510005,2551.0398201229823,2.3005580985594487,3.5344467246935416,3.929953430408733,5692.3076923076915,0.00038849494935657157,1342.0542488412698,0.075,0.33482142857142855,0-0-876-1,e,UT_016,intvr,1,fave,94.77001281602011,53.95592430331644,7,then,1,0.20007400000008602,"","",DH,N,DH,N,internal
475.92633868146027,1171.2139441457234,2611.990275230528,3.5703397764049303,4.488252621454713,4.125571217333409,5692.3076923076915,0.001369533137056747,1348.5298208276645,0.035,0.3365384615384616,0-0-885-1,e,UT_016,intvr,1,fave,437.54060567751674,61.745969104226305,7,whenever,0,0.07995600000003833,so,you're,W,N,W,N,internal
552.9553627246175,1626.443269922638,2490.9630977960883,2.8101113076707356,3.887538849677247,4.253163978866592,5692.3076923076915,0.0006597328235786791,1349.0778698276642,0.031,0.32978723404255317,0-0-887-1,e,UT_016,intvr,1,fave,140.78932649423294,54.550191347471554,7,ready,1,0.06994600000007267,you're,"",R,D,R,D,internal
538.8155452340226,1685.3321640662762,2594.6816151061544,2.6733673134164757,3.3673090745233067,4.125710773061175,5333.333333333333,0.0012111586683581823,1350.0078101723357,0.07100000000000001,0.33177570093457953,0-0-890-2,e,UT_016,intvr,1,fave,466.5653847647691,53.37441841750444,7,ahead,1,0.1900630000000092,go,"",HH,D,HH,D,internal
511.46179175005716,1242.7667967419816,2115.569441139354,2.898371579368544,3.6323972459713754,3.8850947083481016,5512.820512820513,0.00007801161441048292,1512.4291408276642,0.027000000000000003,0.32142857142857145,0-0-904-2,e,UT_016,intvr,1,fave,123.32537883020754,52.00195447267387,7,question,1,0.0599369999999908,more,that,W,S,W,S,internal
467.9570004646159,1469.593152408739,2638.305838508287,2.881823834399315,3.8132762114855625,4.187183934875805,5871.794871794871,0.0008419729191492503,1517.5461381655327,0.04100000000000001,0.3306451612903227,0-0-921-0,e,UT_016,intvr,1,fave,315.6673741922533,45.46850402700299,7,any,1,0.09997500000008586,know,"",#,N,owF,N,initial
414.13974091180546,1792.5947324782353,2458.0475931479828,2.5754849298344644,3.875217777327495,3.989987046168135,5692.3076923076915,0.00004106007923386006,9.58394716553288,0.025,0.2976190476190476,0-0-25-1,ey,UT_016,intvr,1,fave,178.84981839387603,44.24484523416269,7,takes,1,0.0600000000000005,it,part,T,K,T,K,internal
427.9109694545192,1651.1755746834729,2178.1549800312764,2.4722670281830603,3.745996467566434,4.000302332011738,5692.3076923076915,0.00036220553226048145,18.066948165532878,0.031000000000000003,0.2980769230769232,0-0-48-1,ey,UT_016,intvr,1,fave,376.6444524893915,41.66979344380411,7,basic,1,0.08000000000000185,you,questions,B,S,B,S,internal
499.879868739637,1866.2386298143158,2517.929854693205,2.9958418110551843,3.8427386045452954,4.4072473938180625,5692.3076923076915,0.0024932803806811802,32.25535383446712,0.08700000000000001,0.6492537313432838,0-0-86-1,ey,UT_016,intvr,1,fave,410.64358929881354,34.73325772242225,7,pace,1,0.1099969999999999,relaxed,"",P,S,P,S,internal
445.56334377073466,1841.2279267083088,2830.025777012116,2.7218672010125657,3.569245887422045,4.164022226163128,6230.7692307692305,0.0016027949640035717,39.55635383446712,0.049,0.25257731958762886,0-0-106-0,ey,UT_016,intvr,1,fave,240.60529787899293,44.461160415214614,7,age,1,0.16999799999999965,you,"",#,JH,uw,JH,initial
429.31188047302373,1580.6646203621442,2446.5861517459157,2.6715002008778015,3.5837070249296783,4.12698055543702,5692.3076923076915,0.00009070251410615634,59.96165083446712,0.025,0.26595744680851063,0-0-133-2,ey,UT_016,intvr,1,fave,368.00019205380875,38.20729202408226,7,places,1,0.07000399999999729,the,you,L,S,L,S,internal
420.65953079951834,2004.909986331012,2889.771567876461,3.1356908543847797,3.6601768033405184,4.2736920537746625,6230.7692307692305,0.0005843446621136654,128.58985016553288,0.025,0.21929824561403513,0-0-174-1,ey,UT_016,intvr,1,fave,101.48845670913195,42.500386691114464,7,daily,1,0.08999600000001351,your,routine,D,L,D,L,internal
427.50510616947594,1927.5551168182628,3314.6534823638044,2.7005379814224217,3.837243649797634,4.6810325760922815,6948.717948717948,0.0011058654738789722,269.61374383446713,0.057,0.5480769230769232,0-0-223-1,ey,UT_016,intvr,1,fave,377.45350893356203,45.54920793608316,7,take,1,0.08001799999999548,it,you,T,K,T,K,internal
437.45897111269915,655.9149302151819,1484.8075396329286,3.8162200128037918,3.8658403417913814,3.9529260295899302,3358.974358974359,0.0000199204409749828,313.2430535034014,0.031000000000000003,0.4189189189189189,0-0-270-1,ey,UT_016,intvr,1,fave,287.63919518827356,66.81401067416452,7,making,1,0.05001799999996592,"",a,M,K,M,K,internal
443.6172075619903,1625.5689194759784,2557.8776724627396,2.9337972030662853,3.8923641931183703,4.309897176096296,6410.25641025641,0.0011874709725623299,425.3758508344671,0.025,0.20161290322580647,0-0-342-2,ey,UT_016,intvr,1,fave,422.56961216160397,44.10535702175885,7,place,1,0.10000600000000759,a,in,L,S,L,S,internal
410.9019976485219,1690.8678608561474,2177.889329453941,2.3602495510264805,3.900166763833525,4.23749721987683,4974.358974358975,0.0009212323310374298,427.7858448344671,0.045,0.3629032258064516,0-0-349-1,ey,UT_016,intvr,1,fave,386.25586516388705,42.97788292349808,7,favorite,1,0.10000600000000759,your,"",F,V,F,V,internal
452.96632629510987,1865.0700817671095,2782.847324313658,3.7212903393632324,3.452163090666019,3.950028677744557,6230.7692307692305,0.0008732013873551774,618.3897288344671,0.053000000000000005,0.3231707317073171,0-0-423-1,ey,UT_016,intvr,1,fave,100.7922017445222,45.54107010958218,7,raising,1,0.1400149999999485,"",crops,R,Z,R,Z,internal
470.79363043425747,1965.514979551248,2724.204635155339,2.980266721068212,3.629504110431119,4.711451008963733,6051.282051282051,0.0037330340879589115,1018.3753628344671,0.025,0.16233766233766234,0-0-589-0,ey,UT_016,intvr,1,fave,252.38411704227255,42.249535710007585,7,eighteen,1,0.13000499999998283,"",years,#,T,"",T,initial
542.2267222580936,2091.2025519754134,2439.7002331848457,3.161093112362405,4.013847693368951,4.365038040201076,6410.25641025641,0.0026508975810636787,1045.9918878344672,0.057,0.34756097560975613,0-0-603-1,ey,UT_016,intvr,1,fave,109.98113681655285,44.2654714830589,7,makes,1,0.1400140000000647,what,you,M,K,M,K,internal
441.6573868778199,1834.9269614259758,2482.707530207525,2.526033779637444,3.539388182451512,4.076998965859862,5692.3076923076915,0.0008477800455558753,1300.8644435034016,0.025,0.13586956521739132,0-0-768-1,ey,UT_016,intvr,1,fave,375.0185758402729,53.26129486683443,7,page,1,0.160033999999996,each,"",P,JH,P,JH,internal
407.73461236358753,1999.0930655112734,3224.193932453982,2.3953597662031156,3.6397388957709587,4.548952696934922,6230.7692307692305,0.00048033994684749774,1303.8744638412697,0.025,0.2976190476190476,0-0-772-1,ey,UT_016,intvr,1,fave,176.60570789625248,48.15800718571044,7,made,1,0.06005900000013753,"",sure,M,D,M,D,internal
501.8290159423863,1871.9293462278574,2491.1519611015833,2.964133200927068,3.7395040417782544,4.08664363295721,5333.333333333333,0.0030847420299095455,1317.3244101723355,0.025,0.12254901960784315,0-0-810-1,ey,UT_016,intvr,1,fave,323.4400767012726,47.62893781497621,7,pace,1,0.18005299999981617,comfortable,"",P,S,P,S,internal
439.1156291185527,1769.6385441075101,2555.514813859829,2.755048340638104,3.8657660579669137,4.584710635421571,5871.794871794871,0.0031181844053849513,1323.284476165533,0.025,0.18656716417910452,0-0-826-1,ey,UT_016,intvr,1,fave,120.19607198009892,57.864544566877505,7,same,1,0.10998500000005151,the,time,S,M,S,M,internal
554.3413370000991,1574.7726937707844,2241.0858581384905,3.191315916638038,3.716649402122339,4.471849970113284,5512.820512820513,0.0024910463794905594,1328.262747165533,0.025,0.17361111111111113,0-0-843-1,ey,UT_016,intvr,1,fave,413.67090576695756,40.88199336677245,7,race,1,0.11999500000001717,a,so,R,S,R,S,internal
352.5426308628827,1532.8855768690569,2162.333687007151,3.2956355021884898,3.7269639858257264,4.127363322849028,4974.358974358975,0.0021052890710330074,10.543947165532881,0.025,0.14367816091954025,0-0-28-1,Tuw,UT_016,intvr,1,fave,104.5618101707131,40.31253088681263,7,two,1,0.15000000000000036,in,different,T,#,T,D,final
352.2331200427361,1190.4903477436073,1906.7098562345527,2.41900389343636,3.9403549609961175,3.9362524385273074,4794.871794871795,0.000023351934944396537,128.91985683446714,0.025,0.33783783783783783,0-0-175-1,Tuw,UT_016,intvr,1,fave,343.27713994939114,36.04553984504368,7,routine,0,0.05000400000000127,daily,"",R,T,R,T,internal
377.6843231216696,1492.7987095343692,2415.5422067992504,3.038176645265856,4.3797131014661055,4.3024126999162196,5333.333333333333,0.001745302015844082,408.83724016553293,0.025,0.17361111111111113,0-0-314-1,Tuw,UT_016,intvr,1,fave,348.16745850608027,45.958943560566496,7,do,1,0.1199959999999578,you,do,D,#,D,D,final
413.0143112986874,1861.0868826513001,3035.6462016787295,3.400475065147092,4.191541790991558,4.884647317986182,6410.25641025641,0.002209818117668398,409.1072544965986,0.025,0.26595744680851063,0-0-315-1,Tuw,UT_016,intvr,1,fave,84.71964482557044,39.70694090767197,7,do,1,0.0699769999999944,do,you,D,#,D,Y,final
424.2274488262583,1659.1295204573348,2343.5240088977316,2.9268167148620647,3.5624475820724015,3.633956654278363,4435.897435897436,0.0004388099705496104,409.6572538344671,0.025,0.21929824561403513,0-0-318-1,Tuw,UT_016,intvr,1,fave,95.2288847066012,46.330590520483895,7,do,1,0.08999599999998509,"",like,D,#,D,L,final
354.30126984271703,1614.037907890666,2528.1352284012096,3.0843614214506876,4.0046075122003515,4.049558221611491,4615.384615384615,0.013113716492807004,619.545772834467,0.025,0.07267441860465115,0-0-425-1,Tuw,UT_016,intvr,1,fave,81.88081437038335,35.62074553904003,7,to,1,0.32000700000003235,crops,"",T,#,T,"",final
401.23275222730445,1586.9691673999232,2455.8188617235073,2.561049593168047,3.796562154437977,4.244192539050326,5333.333333333333,0.0004982492030110455,926.5542568344671,0.025,0.26595744680851063,0-0-552-1,Tuw,UT_016,intvr,1,fave,410.1597359285932,44.44248986240021,7,doing,1,0.07000699999991866,enjoy,"",D,i,D,i,internal
327.30053565786244,1573.9215003165366,2650.498923017508,2.990633038708825,4.193352764595851,4.855911060069098,5333.333333333333,0.0023912372493215556,1102.4247284965986,0.025,0.21929824561403513,0-0-634-1,Tuw,UT_016,intvr,1,fave,87.84391303726657,44.282840396889995,7,to,1,0.08996600000000399,wanting,start,T,#,T,S,final
365.8464878258592,1549.3242709140522,2309.49580416185,1.8935843956941136,3.73294760525203,4.292654848835627,4256.410256410256,0.00020850551135874733,1247.3376924965987,0.025,0.24038461538461545,0-0-689-1,Tuw,UT_016,intvr,1,fave,358.2378092288121,55.39990232715607,7,doing,1,0.07995600000003833,about,that,D,i,D,i,internal
338.86411519241796,1768.6658636647671,2470.249664313668,2.9762723403990083,3.0135143092838534,4.179406299633836,5333.333333333333,0.00008561718087685968,1516.8381748276645,0.025,0.26595744680851063,0-0-918-1,Tuw,UT_016,intvr,1,fave,114.32861262017823,45.637990349185365,7,do,1,0.06994699999995646,you,not,D,#,D,N,final
434.45598227566205,1202.5819371225973,2781.0495533194394,2.9010453204945836,3.2110407382711275,4.760578037093585,6230.7692307692305,0.0023747785436882014,13.94894716553288,0.035,0.3365384615384616,0-0-35-1,*hr,UT_016,intvr,1,fave,114.8374975111951,49.02687603591252,7,first,1,0.08000000000000007,the,one,F,S,F,S,internal
405.4053917711456,1515.5790710760828,1851.420706717463,2.882070069245709,3.6758134824869786,3.7093178427464557,5153.846153846154,0.0002016529123720256,16.57494816553288,0.027000000000000003,0.32142857142857145,0-0-41-3,*hr,UT_016,intvr,1,fave,115.2644701348031,47.803359026261155,7,interview,0,0.05999999999999872,an,portion,T,V,T,V,internal
512.343047200875,1073.0593063662195,1456.0469567619743,3.025053116875107,3.8198309080524755,3.067640965796222,4794.871794871795,0.0009133167001830512,22.19994716553288,0.037,0.32456140350877194,0-0-59-1,*hr,UT_016,intvr,1,fave,102.39925568207873,43.37594631310957,7,personal,1,0.08999999999999986,some,narratives,P,S,P,S,internal
475.9370499818588,1568.7647304462928,2776.550182963264,3.581713334252645,3.160626404183092,4.785127942100025,6410.25641025641,0.008059824755211486,44.97465283446712,0.07100000000000001,0.3317757009345795,0-0-112-4,*hr,UT_016,intvr,1,fave,506.63490382628584,36.60533165786284,7,gender,0,0.18999900000000025,your,"",D,#,D,"",final
511.0863467724454,1080.0067668983156,1639.647807220723,2.392990852527851,3.4429946796814583,3.768920533116002,4794.871794871795,0.0004253766178002779,168.63924616553288,0.037,0.32456140350877194,0-0-198-0,*hr,UT_016,intvr,1,fave,469.0193719574115,51.26300039329704,7,are,0,0.08999600000001351,you,proud,#,#,uw,P,coextensive
443.50438068992304,1592.4959323620703,3250.7968044185454,3.1721802582883565,3.416737298988374,4.638270373944461,7307.692307692308,0.0015184261251905726,189.26725216553288,0.037000000000000005,0.324561403508772,0-0-213-0,*hr,UT_016,intvr,1,fave,97.10064773463175,42.76020955174893,7,earning,1,0.08999600000001351,"",your,#,N,"",N,initial
495.835339982688,1620.9800985146255,2895.5838073817863,3.4842236471483554,3.3815761164576252,4.773670138289592,6948.717948717948,0.0011115424741175747,270.38373716553286,0.037000000000000005,0.324561403508772,0-0-227-0,*hr,UT_016,intvr,1,fave,119.43737491157573,46.53188785960257,7,earn,1,0.0899970000000394,"",your,#,N,"",N,initial
423.1481596950223,1591.47620440325,2776.5962190843866,2.199524565065999,3.8107428106497676,4.606255374334641,5512.820512820513,0.003174228111542473,304.2447378344672,0.045,0.3358208955223881,0-0-249-3,*hr,UT_016,intvr,1,fave,115.87980654755007,52.32708052276534,7,better,0,0.11001599999997325,out,than,T,#,T,DH,final
461.3858810785253,1470.0204877028118,2212.429469525549,2.6509708936323557,3.052649500454524,4.106191569506638,5512.820512820513,0.00018297035434592388,308.49774783446713,0.031,0.32978723404255317,0-0-265-3,*hr,UT_016,intvr,1,fave,433.42028096789056,41.948429710487225,7,better,0,0.07000700000003235,out,than,T,#,T,DH,final
391.7450843525352,987.2346567586304,1534.597363813557,3.0907213233732933,3.5726048567294706,3.2847193791431915,4615.384615384615,0.0001688308561503892,347.1636548344671,0.027000000000000003,0.32142857142857145,0-0-282-6,*hr,UT_016,intvr,1,fave,108.96229572807542,48.24487979683869,7,remember,0,0.05999800000000732,you,what,B,#,B,W,final
503.8850917075805,1252.296110418598,2859.926262262099,3.5966483604044663,4.1152332995654,4.381344120639486,5333.333333333333,0.00070796963588107,351.0687401655329,0.027000000000000003,0.32142857142857145,0-0-291-1,*hr,UT_016,intvr,1,fave,426.443948872688,46.95745851740503,7,were,0,0.059996999999953005,old,you,W,#,W,Y,final
402.7005517850053,1263.69395786269,1604.495776968716,3.260579987281411,3.5498177389725365,3.5184107092961736,4794.871794871795,0.00041680867198329823,756.4667278344671,0.035,0.3365384615384616,0-0-472-1,*hr,UT_016,intvr,1,fave,104.46823944297205,48.62054364902834,7,were,0,0.080016999999998,you,pretty,W,#,W,P,final
485.18801516477674,1079.4988672231832,1501.6680051305516,3.678943655619336,3.9874850918003526,3.429986245902632,4256.410256410256,0.00033258051014901365,761.5554398344672,0.027000000000000003,0.32142857142857145,0-0-488-3,*hr,UT_016,intvr,1,fave,NaN,35.678671897171,7,memories,0,0.05999799999995048,fondest,"",M,iy,M,iy,internal
506.0146863862866,1482.3435195792167,2494.2242698051136,3.651347133363856,3.4265546028747873,4.451831320623805,5692.3076923076915,0.003041543041015356,762.6094618276644,0.055,0.3353658536585366,0-0-493-1,*hr,UT_016,intvr,1,fave,486.83133683171076,35.212087811022116,7,her,0,0.1399539999999888,with,"",HH,#,HH,"",final
368.57773852450117,1480.0809917739114,2779.5778039633833,3.0793124939216368,3.332189520384542,4.640664103867499,6230.7692307692305,0.016405783408376937,870.4782285034014,0.167,0.3313492063492064,0-0-511-2,*hr,UT_016,intvr,1,fave,190.50903755125634,47.84858833014967,7,other,0,0.48004200000002584,what,"",DH,#,DH,"",final
443.25976054604564,1384.1946086607538,2700.3285080001697,2.2589743297438254,3.2984198103781206,4.538503560931892,6230.7692307692305,0.0003739100724464057,871.3632405034014,0.037,0.32456140350877194,0-0-514-2,*hr,UT_016,intvr,1,fave,402.84079749981095,54.104385579889254,7,other,0,0.09002700000007735,what,towns,DH,#,DH,T,final
414.81520169713383,1502.8398418210504,1844.2039730524614,3.1105167822226396,3.7148194952727778,4.7984084156049125,5692.3076923076915,0.0006609957743572201,916.4972588344671,0.031,0.32978723404255317,0-0-528-1,*hr,UT_016,intvr,1,fave,118.17079398377992,49.45087158859251,7,for,0,0.07000800000002982,you,sharing,F,#,F,SH,final
359.5595676550797,1703.693738504687,2326.8305298811215,3.0292876035425738,3.738120996038292,4.047991973897387,5333.333333333333,0.00027796565014742507,921.7072638276644,0.031,0.32978723404255317,0-0-538-6,*hr,UT_016,intvr,1,fave,243.28069263671574,45.261319485727896,7,consider,0,0.06994700000007015,you,yourself,D,#,D,Y,final
362.36020315254683,1680.8186623559538,2876.182944951438,2.2492386784432084,2.705528811279579,4.925739022462353,6410.25641025641,0.0027773801196783196,921.8842581655329,0.045,0.3358208955223881,0-0-539-1,*hr,UT_016,intvr,1,fave,89.52113154609218,53.2502326771065,7,yourself,0,0.10998600000004899,consider,"",Y,S,Y,S,internal
421.46435316135774,1628.7276974194388,2482.7246909424566,3.1669213888521024,3.463629179967897,4.8481719157317364,5512.820512820513,0.010841740814526785,923.4012524965987,0.07899999999999999,0.3376068376068376,0-0-541-2,*hr,UT_016,intvr,1,fave,440.843385469801,39.59867553921838,7,either,0,0.20996100000002116,"","",DH,#,DH,"",final
424.3700530830638,1506.60005436259,3351.4464483023457,3.240211348002155,3.316425535838093,4.857995424799136,6769.2307692307695,0.0008302588275149289,924.442256165533,0.040999999999999995,0.33064516129032256,0-0-544-4,*hr,UT_016,intvr,1,fave,120.17051680513428,52.77042249935407,7,expert,0,0.09997499999997217,an,in,P,T,P,T,internal
565.8352344851089,1504.735933992602,2335.7301758500403,3.3654442962552102,3.9929451751738236,4.577145476687856,6051.282051282051,0.0023512524261382374,924.9302575034014,0.037000000000000005,0.324561403508772,0-0-546-0,*hr,UT_016,intvr,1,fave,178.75327118625145,42.12087326544346,7,or,0,0.09002699999996366,in,something,#,#,N,S,coextensive
475.9160630510546,1528.4269907049588,2215.3995782771544,3.3485543733218828,3.7019156595521334,4.560119898080398,6230.7692307692305,0.008472810246042566,1005.4891301655329,0.067,0.3284313725490196,0-0-579-3,*hr,UT_016,intvr,1,fave,465.1455045159825,45.260371102633684,7,mother,0,0.17999299999996765,a,"",DH,#,DH,"",final
430.9058295458326,885.2647364593846,1343.6791186655519,2.827943962129411,3.5863317406077977,3.9279380699144055,3717.948717948718,0.0004669071047161962,1006.6711488344671,0.031,0.32978723404255317,0-0-585-1,*hr,UT_016,intvr,1,fave,299.71660383113385,47.03234817202417,7,worked,1,0.07000700000003235,you,with,W,K,W,K,internal
432.936374778007,1455.6476232271866,2799.252802546475,3.0997788187037987,3.515130371816004,4.762913660836474,6410.25641025641,0.003600499963910055,1022.1724291655329,0.047,0.3263888888888889,0-0-594-0,*hr,UT_016,intvr,1,fave,369.3497729617242,48.05116363353416,7,early,1,0.11999500000001717,the,childhood,#,L,@,L,initial
465.12335542159445,1024.9888226047499,1626.8411555529199,2.675031575431811,3.4203666166212923,4.15208867498987,4974.358974358975,0.0004691959596306297,1047.7988451723356,0.031,0.32978723404255317,0-0-608-1,*hr,UT_016,intvr,1,fave,435.55118909558513,49.33584399771449,7,working,1,0.07006799999999203,"",with,W,K,W,K,internal
464.4710679300292,1219.2948729830807,1544.0976948883213,2.7261036002160317,3.321725671241448,3.6624895553528676,5153.846153846154,0.0008850745741688277,1099.947749834467,0.051000000000000004,0.3311688311688312,0-0-627-1,*hr,UT_016,intvr,1,fave,424.35565246465217,51.43893910518307,7,hurdles,1,0.13000499999998283,biggest,"",HH,D,HH,D,internal
446.3496991213014,1053.6850550413205,1772.77241458561,2.1572736543529047,3.731079239108333,3.5671237566290537,4974.358974358975,0.0003100704174996801,1101.9707674965985,0.037,0.32456140350877194,0-0-632-0,*hr,UT_016,intvr,1,fave,91.5904035711307,54.710314999324275,7,are,0,0.08996600000000399,who,wanting,#,#,uw,W,coextensive
412.3124042733255,986.9243336208248,1532.070562071578,3.0648729522340155,3.550272089411544,3.9031148606041106,4974.358974358975,0.0006310521155684745,1103.2277718276641,0.031,0.32978723404255317,0-0-636-1,*hr,UT_016,intvr,1,fave,396.7653119439106,49.10215200837652,7,working,1,0.06994600000007267,start,with,W,K,W,K,internal
450.0761180677055,1067.8589551162243,1463.1487273247858,2.649347995018177,3.587718237389797,4.027093079660671,4435.897435897436,0.0001609121145573412,1105.5677378276641,0.031,0.32978723404255317,0-0-644-2,*hr,UT_016,intvr,1,fave,75.52055410969038,46.883749505583694,7,overcome,0,0.06994600000007267,to,"",V,K,V,K,internal
472.19840816723894,1541.7794445490981,2450.3878799556187,3.1663606948598693,3.013450659611501,4.803057772182773,5692.3076923076915,0.0007686026717349957,1174.2654508412697,0.035,0.33653846153846156,0-0-675-0,*hr,UT_016,intvr,1,fave,449.3044157704956,42.915851298575895,7,early,1,0.08007799999995768,"","",#,L,"",L,initial
430.61066823024896,1150.1712586682336,2799.7551077611993,3.0170228886653385,3.342581432821574,4.959257201506534,6410.25641025641,0.0034421674177984663,1251.5476491655331,0.045,0.3358208955223881,0-0-702-1,*hr,UT_016,intvr,1,fave,88.54700519311325,53.93704764708077,7,first,1,0.1099859999999353,their,time,F,S,F,S,internal
413.9348378004587,1368.7064893341174,2697.4414698731116,2.83770225011174,3.542563939638904,5.025306802867715,5512.820512820513,0.06557053070119775,1279.607975489796,0.101,0.3322368421052631,0-0-716-1,*hr,UT_016,intvr,1,fave,157.80472898569997,47.54964714178191,7,for,0,0.27990700000009383,much,"",F,#,F,"",final
401.83470532456363,1603.8462550621734,3688.2708652127185,2.7534108659082213,2.82006635644406,4.867398336840484,6948.717948717948,0.00007514715463435735,1282.8609321723357,0.027000000000000003,0.32142857142857145,0-0-727-1,*hr,UT_016,intvr,1,fave,89.37697885293224,51.0088566007037,7,yourself,0,0.060058999999910156,about,and,Y,S,Y,S,internal
593.5126515446968,1574.7684565714899,3647.928978814256,3.6204696175193227,3.5421680596250114,4.950959967231902,6769.2307692307695,0.0015176184348416398,1285.5829968276641,0.031,0.32978723404255317,0-0-733-1,*hr,UT_016,intvr,1,fave,144.93584758995297,46.4757338938161,7,personal,1,0.06994600000007267,"",stuff,P,S,P,S,internal
373.9401185658679,1483.2893500888144,2195.988806843952,2.9222357247034867,3.1955866965083515,4.824056364407958,5512.820512820513,0.0000832770317470255,1348.7448201723355,0.025,0.33783783783783783,0-0-885-5,*hr,UT_016,intvr,1,fave,110.2496360001428,55.59479237943984,7,whenever,0,0.05004799999983334,so,you're,V,#,V,Y,final
410.7091426233587,1435.0648313849224,2891.8300471248644,2.7281149652991,3.8979962796589547,4.233975213100679,5333.333333333333,0.0006036282089227681,1513.7061664965984,0.040999999999999995,0.33064516129032256,0-0-911-0,*hr,UT_016,intvr,1,fave,407.3642461087593,52.224344642589,7,earlier,1,0.09997500000008586,"","",#,L,"",L,initial
441.3481690208964,1634.670443760964,3006.23519557347,3.053742929874472,3.581365540388096,4.463149675914974,5512.820512820513,0.0003650565627383244,1513.9611764965987,0.031,0.32978723404255317,0-0-911-3,*hr,UT_016,intvr,1,fave,85.76983555414117,45.6688862652593,7,earlier,0,0.0699459999998453,"","",iy,#,iy,"",final
401.4632121935538,1519.092005911532,2894.120168075501,2.696033211003696,3.4873086655091625,4.716405774839589,6410.25641025641,0.0018953221080788135,1518.38412584127,0.037000000000000005,0.324561403508772,0-0-923-2,*hr,UT_016,intvr,1,fave,94.05589901538377,47.54632985549374,7,other,0,0.09008799999992334,"",languages,DH,#,DH,L,final
667.3818109094817,1892.484359248939,2324.3388739427546,3.4526388803686023,3.778289118983392,4.580250551059775,5333.333333333333,0.00006676457958720039,17.663946165532877,0.025,0.33783783783783783,0-0-45-0,ay,UT_016,intvr,1,fave,83.54803261372408,36.03349843606955,7,i,1,0.05000100000000174,where,ask,#,#,R,ae,coextensive
591.3357045246751,1404.2499820160988,1875.5895875463884,2.9820802134188185,3.7788448854900265,3.9404801167114214,4794.871794871795,0.011366712702248599,125.85984616553287,0.025,0.07961783439490447,0-0-163-5,ay,UT_016,intvr,1,fave,101.97463052678086,39.282457785281025,7,describe,1,0.29000100000000373,you,"",R,B,R,B,internal
611.408083051471,1071.130381416543,2472.162311596435,2.7408119830643263,3.585129153545667,3.969400716238844,5333.333333333333,0.0007676851723608835,307.68874416553285,0.033,0.2894736842105263,0-0-260-2,ay,UT_016,intvr,1,fave,454.53570420004877,50.3136343369735,7,why,1,0.08999600000004193,"",did,W,#,W,D,final
987.0925647172628,1596.764245555891,2705.6241029139696,3.433746190058305,4.185908256926462,4.505018122608952,5871.794871794871,0.0164702879651545,313.7700478344671,0.08499999999999999,0.3219696969696969,0-0-272-1,ay,UT_016,intvr,1,fave,130.19853257975373,59.66556921947555,7,pie,1,0.2399899999999775,a,"",P,#,P,"",final
634.1834241731985,1214.6638031660718,2364.012509206765,2.9180987996045356,3.8604471166689835,4.251821331538685,4974.358974358975,0.001052780698055122,348.3126488344671,0.025,0.16233766233766234,0-0-286-1,ay,UT_016,intvr,1,fave,85.71246912005229,48.50121700287913,7,pie,1,0.13000499999998283,"",was,P,#,P,W,final
702.3385730019907,1230.29084215549,2853.8154359939767,3.31827670313077,3.812703948894582,4.528524166785275,6051.282051282051,0.007672246755064135,367.4403591655329,0.025,0.0984251968503937,0-0-303-1,ay,UT_016,intvr,1,fave,423.90743235678536,38.95125435951376,7,pie,1,0.22998100000000932,favorite,"",P,#,P,"",final
712.3746229398456,1706.2554764934428,2073.547290279191,3.648703972771136,3.7716630781101186,4.50168815490746,4435.897435897436,0.019207976948561446,430.37284483446706,0.219,0.8975409836065574,0-0-357-1,ay,UT_016,intvr,1,fave,229.34716823251856,43.59848841108241,7,why,1,0.22000100000002476,and,"",W,#,W,"",final
638.4594741632311,1410.3472106138515,2569.272088525874,3.54219115929919,3.7328335597824718,4.015619764361998,5333.333333333333,0.0036364329410623754,923.1862518344672,0.049,0.3181818181818182,0-0-541-0,ay,UT_016,intvr,1,fave,193.80421195181333,35.988954531555756,7,either,1,0.13000499999998283,"","",#,DH,"",DH,initial
547.8443715798255,1472.1030600969189,2507.367784518993,2.655699721027718,3.517936898502201,4.250879807879996,5333.333333333333,0.00048234788815041643,1004.4141445034014,0.037000000000000005,0.3557692307692308,0-0-575-3,ay,UT_016,intvr,1,fave,109.61303193666419,51.90587899979317,7,besides,1,0.080016999999998,so,"",S,D,S,D,internal
607.8181243391609,1474.6457408792558,2144.293313978676,2.8977383834200428,3.996712617665536,4.563975441523312,4435.897435897436,0.0001900873739835308,1022.5194708344673,0.041,0.4880952380952381,0-0-595-1,ay,UT_016,intvr,1,fave,88.52330631291629,50.45324580193058,7,childhood,1,0.05999799999995048,early,development,CH,L,CH,L,internal
598.6320935770283,1576.5722678243924,2684.032232091159,2.739094785089741,3.751624259151397,4.30457309603768,6230.7692307692305,0.0003999651493029207,1174.85341584127,0.031000000000000003,0.2980769230769232,0-0-677-1,ay,UT_016,intvr,1,fave,136.80434064956614,52.773705223323525,7,childhood,1,0.08007900000006885,"",development,CH,L,CH,L,internal
548.7290129234581,1329.7401138878815,2163.2293131717597,2.437614466994114,3.6166647357929524,3.940953027581935,5333.333333333333,0.0009958223685843969,1247.8607024965986,0.051000000000000004,0.44736842105263164,0-0-692-1,ay,UT_016,intvr,1,fave,507.2289710926578,51.97954141231092,7,by,1,0.08996600000000399,is,helping,B,#,B,HH,final
571.7596679115093,1330.1995401240604,2316.6626143144294,2.7136527413361695,3.505472902653738,4.086487962103795,5333.333333333333,0.001961152283496732,1249.6996441655326,0.10900000000000001,0.4128787878787879,0-0-697-4,ay,UT_016,intvr,1,fave,231.25337674308528,48.59510437599961,7,realize,2,0.2399910000001455,"","",L,Z,L,Z,internal
689.1829900990294,1504.7768113608784,3063.051748599861,3.2406232917390825,4.067506332176036,4.675937768189272,6410.25641025641,0.005668484180149349,1251.8876365034016,0.025,0.1288659793814433,0-0-703-1,ay,UT_016,intvr,1,fave,583.7401231451826,46.21093126247811,7,time,1,0.17004399999996167,first,"",T,M,T,M,internal
746.2862806405859,1694.365259470195,2549.7609779808645,3.463960720865796,3.8361689265144796,4.568463364986714,4794.871794871795,0.001286458874131852,1288.0209278276643,0.047,0.45192307692307687,0-0-739-0,ay,UT_016,intvr,1,fave,187.18319239984095,53.15342562141046,7,i,1,0.07995600000003833,as,mentioned,#,#,Z,M,coextensive
520.1883629289837,1435.3083185903063,2239.0089933013696,2.2189083664003637,3.6264298806043676,4.267881793974822,4435.897435897436,0.0010715603194048978,1306.5774994965986,0.051000000000000004,0.44736842105263164,0-0-783-0,ay,UT_016,intvr,1,fave,496.41999147134806,51.820483365981985,7,i've,1,0.08996600000000399,because,"",#,V,Z,V,initial
614.6235421530041,1592.547350624128,2880.3757357265495,3.340399313457967,3.9124736696596734,4.384757120280864,6948.717948717948,0.004130551819237962,1323.554472489796,0.025,0.08503401360544217,0-0-827-1,ay,UT_016,intvr,1,fave,95.01211437395234,50.86781426463329,7,time,1,0.26989800000001196,same,"",T,M,T,M,internal
600.3348246671067,1614.1618631882993,1969.4312656721504,3.1321356844984747,3.977286366141304,4.172630672949438,5512.820512820513,0.0004564892532916764,1325.5127358276645,0.025,0.26595744680851063,0-0-831-2,ay,UT_016,intvr,1,fave,567.5110019239401,46.2990780880082,7,trying,1,0.06994600000007267,not,to,R,NG,R,NG,internal
559.442272776913,1313.8835250991026,2396.9932320056914,3.081091263916074,4.036869094677156,3.9876392236511222,5871.794871794871,0.00041601598900510225,1512.8181514965986,0.045,0.43269230769230776,0-0-906-0,ay,UT_016,intvr,1,fave,180.96421783654233,46.16820794093008,7,i,1,0.07995600000003833,that,forgot,#,#,T,F,coextensive
575.0216696412793,1143.3494573633266,2254.051921205384,2.8057997729506496,3.6725308933032768,4.364576788633347,5333.333333333333,0.0011142349538687207,19.28394716553288,0.025,0.24038461538461536,0-0-51-2,aw,UT_016,intvr,1,fave,523.6880411615771,44.1179947524775,7,about,1,0.0799999999999983,"",your,B,T,B,T,internal
641.5459139663757,1542.7764461407971,2700.7290009062294,3.1450872304604918,4.354201655318496,4.828418478749138,6589.74358974359,0.0007394881577655406,64.08165383446712,0.025,0.26595744680851063,0-0-145-1,aw,UT_016,intvr,1,fave,77.0050285416896,42.83276696414824,7,how,1,0.07000000000000739,approximately,long,HH,#,HH,L,final
620.9501153103201,1321.0210489556628,2111.7385450758156,2.702826098479436,3.423756332876215,4.2495467885856035,4794.871794871795,0.0012408394803708027,168.9432431655329,0.025,0.13586956521739132,0-0-199-2,aw,UT_016,intvr,1,fave,232.84122411497432,50.19657429802192,7,proud,1,0.1600039999999865,are,of,R,D,R,D,internal
564.2665573071438,1059.0182652662768,2254.3460154198115,2.4284459253707467,3.7826315332795644,3.886179833161432,5333.333333333333,0.0004132136022686013,187.88824716553287,0.03900000000000001,0.3145161290322581,0-0-207-2,aw,UT_016,intvr,1,fave,87.54705532771544,49.39819327274384,7,about,1,0.10000599999997917,talk,what,B,T,B,T,internal
628.6117541339577,1121.6240974246864,2150.831657265869,3.7055326781818128,3.870742453289109,3.963874467131249,5333.333333333333,0.000587133058204009,269.04775116553293,0.025,0.24038461538461536,0-0-219-1,aw,UT_016,intvr,1,fave,123.44605116799201,47.14927262058785,7,how,1,0.07998599999996259,"",long,HH,#,HH,L,final
570.2015909136319,1600.963391532673,2611.60489968719,3.1252542445534304,3.6347757310401962,4.699012449859742,5512.820512820513,0.001084688069396663,303.7047388344671,0.025,0.20161290322580647,0-0-248-0,aw,UT_016,intvr,1,fave,113.18143355379944,46.55121657375906,7,out,1,0.10000600000000759,turned,better,#,T,D,T,initial
620.0487371298253,1399.6073218422841,2282.6617776342205,2.902187484662524,3.3347124910540376,4.401459572501171,5333.333333333333,0.0009377772509884878,308.21974883446717,0.035,0.37234042553191493,0-0-264-0,aw,UT_016,intvr,1,fave,NaN,42.316137075364445,7,out,1,0.0700069999999755,turn,better,#,T,N,T,initial
530.2973987469068,1239.4018893307154,2140.0269070935933,2.4588485055745,3.6691967385650006,3.6368446241171055,5333.333333333333,0.0005710657698913506,316.2100431655329,0.025,0.2976190476190476,0-0-277-2,aw,UT_016,intvr,1,fave,579.1324242845726,48.418485382559005,7,about,1,0.05999800000000732,talk,that,B,T,B,T,internal
616.762476815431,1341.9083937344326,2189.4676949447007,2.8422011264469913,3.7127177736165367,4.11747606566284,5333.333333333333,0.0019197906130842173,350.64775716553294,0.025,0.16233766233766234,0-0-289-1,aw,UT_016,intvr,1,fave,247.50224213527744,52.90857055838503,7,how,1,0.13000499999998283,"",old,HH,#,HH,ow,final
535.9723450338298,1093.346244227049,2332.1166646863335,2.6897669843283496,3.449458431599567,4.128615622514086,4974.358974358975,0.00010160276722216263,519.693965834467,0.025,0.2976190476190476,0-0-380-2,aw,UT_016,intvr,1,fave,113.4889516573686,53.96972414474918,7,about,1,0.05999800000006417,more,what,B,T,B,T,internal
507.3366030301998,1072.0057839609733,2181.3668891997922,2.5074941429756135,3.532988772737137,4.278671206514076,4794.871794871795,0.000311072126018381,681.5193564965987,0.027000000000000003,0.23684210526315794,0-0-458-2,aw,UT_016,intvr,1,fave,91.82458228632527,52.25925541696699,7,about,1,0.08996600000000399,talk,what,B,T,B,T,internal
540.0889645585443,1670.4313827751434,2374.067001872643,3.002016613420264,3.8321010098336985,4.113525985921458,4974.358974358975,0.0012627779229622447,683.8363544965987,0.041,0.3596491228070176,0-0-465-1,aw,UT_016,intvr,1,fave,100.98071019252924,49.18634171497765,7,down,1,0.08996600000000399,being,there,D,N,D,N,internal
575.2040923156355,1469.2153136194902,2592.9665936788247,3.337669631094798,4.111044900255592,4.513707917497396,5512.820512820513,0.0065502407136785795,871.5592435034014,0.049,0.3951612903225807,0-0-515-1,aw,UT_016,intvr,1,fave,98.75641830941393,44.772898105577354,7,towns,1,0.10003599999993185,other,did,T,N,T,N,internal
662.130126676102,1254.8508647306164,2653.5450642602846,3.6569658913067484,3.746981967680123,4.131133770839687,6410.25641025641,0.0003502368875540967,1002.473135834467,0.035,0.37234042553191493,0-0-568-1,aw,UT_016,intvr,1,fave,127.44360651989595,51.978008377183095,7,how,1,0.07000800000002982,"",long,HH,#,HH,L,final
632.2758516512599,1126.238366962048,2430.935640284459,3.114210499514119,3.539068973366308,4.027981886541313,5333.333333333333,0.00028902521879897237,1006.1581388344671,0.025,0.26595744680851063,0-0-581-1,aw,UT_016,intvr,1,fave,102.73596073316459,51.73181048510489,7,how,1,0.07000699999991866,"",long,HH,#,HH,L,final
584.675914797598,1310.3532626448227,2213.2207891499233,3.0590676894876947,3.60997165670158,3.907596658907463,5333.333333333333,0.0005345426086970008,1164.4604898276646,0.025,0.24038461538461545,0-0-649-1,aw,UT_016,intvr,1,fave,137.5756113551186,51.276169123266044,7,how,1,0.07995600000003833,"",would,HH,#,HH,W,final
585.1229934259111,1547.7471932374588,2420.7506302286015,3.333161731754305,3.911334843455857,4.541666056757223,5153.846153846154,0.006931291699739288,1169.1754408276645,0.05500000000000001,0.2350427350427351,0-0-659-0,aw,UT_016,intvr,1,fave,86.9803210300927,49.29614919489008,7,out,1,0.20996100000002116,starting,like,#,T,NG,T,initial
645.1405567926822,1390.6303056845754,2246.6693293519807,3.2956674791847047,3.8225744563938298,4.034245919458419,5333.333333333333,0.0012504614348908562,1171.8504158412698,0.025,0.21929824561403513,0-0-664-1,aw,UT_016,intvr,1,fave,235.23128554800098,49.13850244183589,7,how,1,0.09008800000015071,know,would,HH,#,HH,W,final
571.3472303213315,1567.227925395647,2622.6051042641966,2.9877798330460963,4.186788826641769,4.080940986769714,5153.846153846154,0.003554915647590198,1173.1584478344669,0.040999999999999995,0.2662337662337662,0-0-671-0,aw,UT_016,intvr,1,fave,95.72629200895152,47.93654374562474,7,out,1,0.1300050000002102,starting,"",#,T,NG,T,initial
553.3052790046818,1206.855965007496,2202.670956246622,2.2134232317200864,3.099022939154744,3.4625403844410862,5333.333333333333,0.00045405436904995494,1247.0596748344672,0.029,0.17682926829268295,0-0-688-2,aw,UT_016,intvr,1,fave,543.8866817325497,53.35487289053685,7,about,1,0.1400149999999485,go,doing,B,T,B,T,internal
589.4447805973,1141.2950854874596,2375.8888606361793,2.7973274101851926,4.1005734249807135,4.500317857475914,5871.794871794871,0.0009099420126616408,1282.6899874965986,0.025,0.21929824561403513,0-0-726-2,aw,UT_016,intvr,1,fave,342.89264731775484,51.11151086730365,7,about,1,0.08996600000000399,more,yourself,B,T,B,T,internal
430.49032229526193,712.2019341240429,1202.59485960111,2.8715948215772262,3.3615576530229734,3.87414254261129,3000.0,0.00743216470014782,1286.8499781655328,0.125,0.45620437956204385,0-0-736-1,aw,UT_016,intvr,1,fave,126.95052076410369,52.43648111347972,7,now,1,0.25,"","",N,#,N,"",final
634.0530097691134,1175.1693974536918,2475.336766237233,2.73426413220586,4.145021662559373,4.452709546410043,6051.282051282051,0.004095437395881949,1320.5124475034013,0.061,0.2074829931972789,0-0-816-1,aw,UT_016,intvr,1,fave,347.0039331917255,53.93207275811507,7,loud,1,0.2700199999999313,and,"",L,D,L,D,internal
486.69014579702895,1134.4182159689412,2204.102807915757,2.262883603470966,3.4943347349809817,3.772840914947867,4256.410256410256,0.0008963255369503899,21.01994716553288,0.037000000000000005,0.324561403508772,0-0-56-0,o,UT_016,intvr,1,fave,247.4027132588493,44.707266723969326,7,also,1,0.08999999999999986,and,"",#,L,D,L,initial
576.3148406546007,985.4553756420637,2255.2238882377555,3.031635470164107,3.848214334705072,4.6942469482687175,5512.820512820513,0.0035980138750017405,36.14735383446712,0.051000000000000004,0.3311688311688312,0-0-94-0,o,UT_016,intvr,1,fave,308.47117785000034,44.75757367482715,7,off,1,0.12999700000000303,start,with,#,F,T,F,initial
629.2395707127342,856.2153168127755,2230.8734067391806,2.445234085625212,3.730832511974587,4.246467129060669,4794.871794871795,0.0006439784120631357,38.01035283446711,0.037000000000000005,0.324561403508772,0-0-101-0,o,UT_016,intvr,1,fave,105.54499873474197,45.90867824549773,7,all,1,0.09000000000000341,them,"",#,L,M,L,initial
571.3525788931245,906.9116836736856,2126.3317417916583,3.525815126683942,3.337437332416278,4.141070651636219,4974.358974358975,0.0025118536208255347,122.35085016553288,0.047,0.3263888888888889,0-0-154-0,o,UT_016,intvr,1,fave,182.6098316273679,41.40031948030855,7,awesome,1,0.11999500000000296,"","",#,S,"",S,initial
593.458068116327,1173.3471585409088,2250.1701841617923,3.028277576188577,3.9766330491908115,4.425994229117726,5153.846153846154,0.0024813867673548094,187.4492498344671,0.040999999999999995,0.33064516129032256,0-0-206-1,o,UT_016,intvr,1,fave,106.92663941732874,44.081064808460866,7,talk,1,0.10000600000000759,"",about,T,K,T,K,internal
551.5486459873486,936.8044262967303,1962.0070885522498,3.564612136190925,3.549512657166397,4.363355166568609,3897.4358974358975,0.007158029842246289,297.71504383446717,0.045,0.3358208955223881,0-0-239-0,o,UT_016,intvr,1,fave,NaN,36.61904666886732,7,awesome,1,0.11001599999997325,"","",#,S,"",S,initial
562.761214913862,1329.6125808798495,2193.156154744328,2.882109686175256,3.692604634587042,4.13424254185448,4794.871794871795,0.00004923674921467044,316.0110668344671,0.027000000000000003,0.32142857142857145,0-0-276-1,o,UT_016,intvr,1,fave,113.89144081802961,49.68878133582808,7,talk,1,0.05999800000000732,you,about,T,K,T,K,internal
523.3895374503959,1074.5429181435602,2401.604461854268,2.8020716974658653,3.1540770276568257,3.9286855661742233,4974.358974358975,0.00048408200399083755,348.5386498344671,0.037,0.32456140350877194,0-0-287-1,o,UT_016,intvr,1,fave,515.0786464368099,49.52140103413829,7,was,1,0.08999699999998256,pie,"",W,Z,W,Z,internal
525.3640379743576,1064.242718938024,2188.51685509161,3.6189352358434945,4.142996689590714,4.508396796690079,5153.846153846154,0.004457210421879152,406.46285583446706,0.051000000000000004,0.3311688311688312,0-0-305-0,o,UT_016,intvr,1,fave,-1799.2342637951797,37.792501609900874,7,awesome,1,0.13000500000003967,"","",#,S,"",S,initial
656.1858942973247,1152.1015757897387,2172.0524594755366,3.5908613352601106,3.7596887150078615,4.282550484195614,5333.333333333333,0.002388889679594818,519.228934834467,0.035,0.3365384615384616,0-0-378-1,o,UT_016,intvr,1,fave,156.1487494848355,47.777292523508194,7,talk,1,0.080016999999998,"",more,T,K,T,K,internal
596.4350665677035,1072.9728474748763,2122.3902149153823,2.702645673798353,3.040777699592688,4.228311540719593,5153.846153846154,0.0009356320741778306,619.1157651655329,0.045,0.3358208955223881,0-0-424-2,o,UT_016,intvr,1,fave,270.32584300557954,49.33069152043272,7,crops,1,0.10998499999993783,raising,to,R,P,R,P,internal
660.3524490693372,1128.210235715385,2138.6962397722027,3.016891440039823,3.6759843157418697,4.00408031306176,4974.358974358975,0.0016433921203679092,681.2883721655329,0.045,0.3358208955223881,0-0-457-1,o,UT_016,intvr,1,fave,89.2837723769352,53.20096452511346,7,talk,1,0.10998500000005151,you,about,T,K,T,K,internal
605.9896513091868,1092.3434699851384,1979.4704235223305,3.5345114787862824,3.7596839323532727,4.411827799686225,4794.871794871795,0.001182992344820214,757.5077554965986,0.037,0.32456140350877194,0-0-477-4,o,UT_016,intvr,1,fave,156.73245109868367,41.582283287269405,7,grandma,0,0.08996500000000651,your,"",M,#,M,"",final
617.1656553110357,958.7365624344657,2057.5057172521133,2.606320593478036,3.315804073968144,4.465391584482123,4974.358974358975,0.0018726646005623418,761.067444165533,0.031,0.32978723404255317,0-0-487-1,o,UT_016,intvr,1,fave,306.80409158806566,51.96406466427385,7,fondest,1,0.07000700000003235,your,memories,F,N,F,N,internal
583.6099383369829,945.9483288840016,2416.347234786063,2.969660229692138,3.384019801652617,4.72034289732033,5153.846153846154,0.00199003182423419,1291.4259755034013,0.057,0.32758620689655177,0-0-746-3,o,UT_016,intvr,1,fave,96.01272857753384,56.95562790991468,7,involves,1,0.15002400000003036,[bracketed],a,V,L,V,L,internal
576.0346888086152,1106.29892527633,1819.7644139563201,3.3449811339697386,3.4286765738317726,4.096399408513206,4076.923076923077,0.00018880157434243212,1299.6344681723353,0.025,0.33783783783783783,0-0-764-3,o,UT_016,intvr,1,fave,109.0581709823891,55.203795660293636,7,approximately,1,0.05004900000017187,"",twenty,R,K,R,K,internal
651.9353476532672,1114.7464330506116,2363.007444981737,2.941192277111721,3.9458077143454213,4.007944043583503,5333.333333333333,0.0019906128956125955,1300.4624198412698,0.04100000000000001,0.3306451612903227,0-0-766-0,o,UT_016,intvr,1,fave,318.3011887336376,53.211156564218676,7,on,1,0.10009800000011637,twenty,each,#,N,iyF,N,initial
596.1757684868721,1058.270399578913,2461.7118464221257,2.778781294942744,3.46053481217137,3.8881826632221195,4974.358974358975,0.0002482414553841039,1307.5454738276642,0.027000000000000003,0.32142857142857145,0-0-787-2,o,UT_016,intvr,1,fave,556.9803396694197,55.49342202863444,7,problems,1,0.0599369999999908,into,where,R,B,R,B,internal
636.3134692681521,1264.794638370213,2681.206677039059,2.531328938579113,3.4224664207524698,3.457323040999536,5153.846153846154,0.0006880958446848488,1308.7924504965986,0.08100000000000002,0.3319672131147542,0-0-791-1,o,UT_016,intvr,1,fave,182.52427207849487,58.88499523092128,7,not,1,0.2199710000002142,they're,"",N,T,N,T,internal
619.5982571662059,1293.763594395397,2165.2258354955898,2.373765159398359,3.652476523484397,3.976597001431323,4256.410256410256,0.0009495854270945696,1325.1577578344672,0.055,0.3353658536585366,0-0-830-1,o,UT_016,intvr,1,fave,316.6862776848535,57.01586517283677,7,not,1,0.1400149999999485,you're,trying,N,T,N,T,internal
604.5705809581788,1093.8972055763313,2134.7126947909437,2.7705325999523676,3.2401545921721375,4.512301514680344,4974.358974358975,0.004008807312328888,1326.7238011655327,0.087,0.32954545454545453,0-0-835-5,o,UT_016,intvr,1,fave,107.69935467149867,53.173243606620716,7,marathon,2,0.23999000000003434,a,or,TH,N,TH,N,internal
603.5011657316604,1396.7369017661356,2315.7130449608208,2.6046863820112036,3.8884010870390977,4.283376598265893,5153.846153846154,0.0009560186767585514,1327.405757834467,0.051000000000000004,0.3311688311688312,0-0-838-1,o,UT_016,intvr,1,fave,146.1124604310518,53.76781894336689,7,not,1,0.13000499999998283,you're,trying,N,T,N,T,internal
620.2510164594174,1138.6378413115779,2492.959166777839,3.0005307153829754,3.1885906874949077,3.938692135791313,4974.358974358975,0.0019210162470628643,1341.0142028344674,0.055,0.3353658536585366,0-0-874-2,o,UT_016,intvr,1,fave,50.63852125912156,48.85540243829444,7,stop,1,0.1400149999999485,and,"",T,P,T,P,internal
591.1824617673097,1034.1830656124378,1879.4555065465793,3.385585029119476,3.6024003366099486,4.505749924212414,4615.384615384615,0.00377466014466219,1509.5234331655329,0.04100000000000001,0.3306451612903227,0-0-896-0,o,UT_016,intvr,1,fave,99.0595179376403,37.702741184864884,7,awesome,1,0.09997499999985848,"",thank,#,S,"",S,initial
540.468715970649,1481.2044147453246,2140.9946821164494,2.127786585027209,3.5154332995883784,4.040537813477012,4794.871794871795,0.00008743961704167513,1513.0431324965987,0.035,0.3365384615384616,0-0-907-3,o,UT_016,intvr,1,fave,108.58092770619217,51.495608415805066,7,forgot,1,0.07995600000003833,i,to,G,#,G,T,final
627.6520384497209,1427.5979749731505,2952.5117302038393,3.5637533664768135,4.293927891533901,4.658553018695436,5871.794871794871,0.00468892022658139,1517.0381295034015,0.065,0.33505154639175255,0-0-919-1,o,UT_016,intvr,1,fave,116.72621985112268,50.974811948195146,7,not,1,0.17004399999996167,do,know,N,T,N,T,internal
441.8292074125866,1677.147837121586,2388.660263446718,2.1281990167986944,3.4259130671411935,3.9420410892830793,4794.871794871795,0.0016833725905560323,25.17435283446712,0.025,0.1288659793814433,0-0-66-0,eyF,UT_016,intvr,1,fave,366.36300983537757,41.220886826305716,7,a,1,0.1700000000000017,is,reading,#,#,Z,R,coextensive
449.64827943270035,2001.6426209374238,2556.859150261704,2.983980426703942,3.6435163788718534,3.593396772480034,5512.820512820513,0.00021466465729680739,48.68314716553288,0.099,0.7983870967741936,0-0-117-1,eyF,UT_016,intvr,1,fave,110.45116556926213,40.351792198541766,7,say,1,0.09999799999999937,you,your,S,#,S,Y,final
586.1396205656704,1517.6180014469924,2226.896667334543,3.593377236764757,3.892877615104067,4.371480251734688,5333.333333333333,0.0008094815891719434,120.95295016553288,0.059000000000000004,0.7023809523809523,0-0-152-2,eyF,UT_016,intvr,1,fave,NaN,32.89224607054361,7,okay,1,0.05999699999999564,"","",K,#,K,"",final
543.9476230236816,1669.9530063690288,2839.680091516282,3.5637286957590053,4.040658592355236,4.663632602736653,6948.717948717948,0.001640402834022613,158.69425416553287,0.067,0.5403225806451614,0-0-180-2,eyF,UT_016,intvr,1,fave,85.40171820424209,43.268295010623824,7,okay,1,0.09999100000001704,"","",K,#,K,"",final
428.00600301217685,1727.1212951024177,2992.981910831611,2.178538070131969,3.7994771590120386,4.0777923652955295,5333.333333333333,0.001052283551490528,163.40325016553288,0.025,0.07961783439490447,0-0-186-1,eyF,UT_016,intvr,1,fave,114.08703143681775,52.479126492674666,7,say,1,0.2899930000000097,you,is,S,#,S,i,final
572.2459537544974,1561.780677528128,2460.076549590141,3.167384671130117,3.712929691051004,4.446020197725891,5512.820512820513,0.0009241835467979248,285.82204083446715,0.07900000000000001,0.7596153846153847,0-0-231-2,eyF,UT_016,intvr,1,fave,188.36163133282994,32.21304783707879,7,okay,1,0.080016999999998,"","",K,#,K,"",final
610.0199738060029,1565.0202461945132,2313.6988823088823,3.1097403017121303,3.883723009083423,3.89411531673068,4615.384615384615,0.0038590223825511107,295.6470378344671,0.10900000000000001,0.6264367816091955,0-0-237-2,eyF,UT_016,intvr,1,fave,115.98157966432865,39.911072596204136,7,okay,1,0.150024999999971,"","",K,#,K,"",final
580.5187488427073,1607.4990431120498,2393.944598069727,2.4147858285935797,3.8212635663978975,4.060071271170934,5153.846153846154,0.00010744964683960733,354.3306501655329,0.059000000000000004,0.7023809523809523,0-0-298-2,eyF,UT_016,intvr,1,fave,525.5753899655233,55.13835697095969,7,okay,1,0.05999800000000732,"","",K,#,K,"",final
584.5758751624517,1494.2280300209652,2495.9620268810636,2.9629808591006364,3.902905242178761,4.238242307964687,4794.871794871795,0.001359171660486797,415.2195528344671,0.099,0.7983870967741936,0-0-324-2,eyF,UT_016,intvr,1,fave,442.5698355290359,44.54992562032168,7,okay,1,0.10000600000000759,"","",K,#,K,"",final
585.3723541372493,1609.7420476476063,2350.187861055024,3.415383198607163,3.630026362163132,3.9457000178113075,4615.384615384615,0.004924883877462823,657.1895484965986,0.149,0.8563218390804598,0-0-432-2,eyF,UT_016,intvr,1,fave,NaN,38.49231155936104,7,okay,1,0.14996399999995447,"","",K,#,K,"",final
563.6436604841347,1572.6751165513863,2249.1038196543927,3.3106667464968424,4.01904215504966,4.2863715900551265,5153.846153846154,0.0064050831176318546,672.2120624965986,0.091,0.35826771653543305,0-0-448-2,eyF,UT_016,intvr,1,fave,99.702768709583,41.879931937866,7,okay,1,0.229979999999955,"","",K,#,K,"",final
428.70923823978154,1904.544691283285,2575.7126082641066,3.0492547609371274,3.3988805097559487,4.242592278550804,5512.820512820513,0.0036302396036452635,756.2347368344672,0.051000000000000004,0.3109756097560976,0-0-470-1,eyF,UT_016,intvr,1,fave,200.48635733052916,42.09721793793868,7,say,1,0.14001500000006217,you,you,S,#,S,Y,final
601.2622662776703,1352.4044784919283,2396.5664671116665,2.856597803196807,3.6944508617193104,4.559132332643404,4615.384615384615,0.0009623306588619949,914.4272285034015,0.091,0.6791044776119404,0-0-523-2,eyF,UT_016,intvr,1,fave,172.06104800883742,45.56076577779753,7,okay,1,0.11004600000001119,"","",K,#,K,"",final
588.6408829439657,1666.7054127809722,2355.716125912902,3.2873221670106956,3.479442987321392,4.163360712389341,4794.871794871795,0.0026595850798599332,998.6291508344672,0.067,0.40853658536585374,0-0-559-2,eyF,UT_016,intvr,1,fave,966428.2936917773,39.433608799057545,7,okay,1,0.1400149999999485,"","",K,#,K,"",final
442.7436831845317,1601.7256479789987,2524.8241773773366,2.297733226115596,3.338200752789273,3.6903922537157854,5871.794871794871,0.0007311776977418278,1104.9647674965986,0.025,0.24038461538461545,0-0-641-1,eyF,UT_016,intvr,1,fave,89.02478300097464,53.80676564028382,7,they,1,0.07995600000003833,that,have,DH,#,DH,HH,final
472.61256617052726,1540.1997770929106,2362.1477552971664,3.425994076680507,3.6227260375307644,3.6436982688868365,5512.820512820513,0.0025983349199567725,1246.2876378276646,0.025,0.11682242990654208,0-0-684-1,eyF,UT_016,intvr,1,fave,105.72562392934331,48.01861397986551,7,way,1,0.18994199999997363,the,that,W,#,W,DH,final
577.2233237099819,1710.3392859785426,2415.2130600824494,3.1774470079733983,3.8903651397191723,4.414352588415987,5512.820512820513,0.010044512822464472,1269.8227175034012,0.07900000000000001,0.4540229885057472,0-0-707-2,eyF,UT_016,intvr,1,fave,167.6690345098365,38.273299620056356,7,okay,1,0.15002400000003036,"","",K,#,K,"",final
474.5393143599128,1728.0427664736642,2505.027486054876,2.966280165848332,3.7337250770771258,3.7354934922880787,5512.820512820513,0.0019106794272774012,1291.849933510204,0.025,0.0984251968503937,0-0-747-0,eyF,UT_016,intvr,1,fave,269.72462309525514,50.60192659091001,7,a,1,0.23010299999987183,involves,reading,#,#,Z,R,coextensive
599.0137596990503,1638.588116005624,2267.9391584403347,3.4576334601393337,3.9126236468524693,4.542003072978669,5871.794871794871,0.011099191977500056,1344.727281489796,0.063,0.3620689655172414,0-0-882-1,eyF,UT_016,intvr,1,fave,527.2955498950919,50.92043464086844,7,kay,1,0.14990199999988363,"","",K,#,K,"",final
624.7463141689367,1471.9352383616097,2480.4787943848446,2.9501763822039044,3.5365941067686952,4.535320155807856,4794.871794871795,0.0010898425518295442,30.474351834467118,0.025,0.17361111111111113,0-0-82-1,ay0,UT_016,intvr,1,fave,86.52722397599001,41.48092256629911,7,nice,1,0.12000100000000202,a,comfortable,N,S,N,S,internal
541.2258959572091,1237.1816315108763,2375.440058938901,2.294450618921225,3.611876774731567,4.306950931859422,4435.897435897436,0.0003560187371547083,188.42424583446711,0.031,0.32978723404255317,0-0-211-1,ay0,UT_016,intvr,1,fave,483.0947482998275,43.35443063996564,7,like,1,0.07000700000000393,was,"",L,K,L,K,internal
569.5180925710803,1332.2291765043105,2246.986101423175,2.861674763465996,4.11137360627988,4.300589598050251,4615.384615384615,0.00011314467252713415,294.03624616553293,0.025,0.2976190476190476,0-0-234-1,ay0,UT_016,intvr,1,fave,517.2706538598679,41.65370878187729,7,like,1,0.05999700000000985,something,that,L,K,L,K,internal
580.1833291118609,1606.031973102651,2385.8253214106808,3.027914422552681,3.5272073752345596,3.978002067196316,4615.384615384615,0.000459239140970362,407.6212601655329,0.053000000000000005,0.5096153846153846,0-0-308-1,ay0,UT_016,intvr,1,fave,160.46615096213458,52.00462524552532,7,type,1,0.0799870000000169,what,of,T,P,T,P,internal
562.1509887170648,1383.2647010218227,2518.7904135968843,3.416654178012582,3.8362802550309403,4.52267314061753,4974.358974358975,0.0010689369362435828,409.8072421655329,0.025,0.2976190476190476,0-0-319-1,ay0,UT_016,intvr,1,fave,133.80058604399213,46.69597484963586,7,like,1,0.05999700000000985,do,a,L,K,L,K,internal
524.2402348930401,1360.9047252413684,2430.321610519743,2.999476847359919,3.893877473086278,4.282799821203683,6051.282051282051,0.00044201275023791713,520.1439618276644,0.025,0.24038461538461545,0-0-384-1,ay0,UT_016,intvr,1,fave,470.98443318258927,47.31002152409814,7,like,1,0.07995600000003833,was,growing,L,K,L,K,internal
492.4636819921322,1494.0371167392968,2444.2042662928425,2.6048321851220346,3.685112738598907,3.7212114613095313,5512.820512820513,0.00012884959525725234,614.5187381655329,0.031,0.369047619047619,0-0-413-1,ay0,UT_016,intvr,1,fave,78.25484173922486,44.86250552961266,7,like,1,0.05999700000006669,"",subsistence,L,K,L,K,internal
501.1184741602895,1364.2318524497052,2391.7486729781253,2.645667897969709,3.6688859312794184,4.711887976313433,5512.820512820513,0.0005699159667904585,617.2407748344671,0.035,0.37234042553191493,0-0-421-1,ay0,UT_016,intvr,1,fave,442.3453004190254,46.06644163548743,7,like,1,0.07000800000002982,"","",L,K,L,K,internal
647.7683305421016,1188.404978808797,2384.5857754206045,3.187600851377892,3.4807870350485812,4.019532596741998,4974.358974358975,0.0034286469409922178,666.9185468344671,0.059000000000000004,0.35975609756097565,0-0-446-1,ay0,UT_016,intvr,1,fave,-1442470.2564560908,44.994446948433996,7,life,1,0.14001500000006217,whole,"",L,F,L,F,internal
512.5027813784845,1300.2725184428818,2343.862181737565,2.498508358348801,3.8111040814384807,3.88621998234759,5333.333333333333,0.00042613123466405344,682.0113464965987,0.031,0.2719298245614035,0-0-462-1,ay0,UT_016,intvr,1,fave,280.06553899438205,44.71981964594693,7,like,1,0.08996600000000399,was,"",L,K,L,K,internal
463.79116129506014,1481.3100967354671,2644.065425459747,2.6746598504384314,3.6634051430324357,4.0996011318271055,4974.358974358975,0.00010976828829883572,1169.5504558276646,0.025,0.2976190476190476,0-0-660-1,ay0,UT_016,intvr,1,fave,85.22534847667487,41.98532563078794,7,like,1,0.05993599999987964,out,"",L,K,L,K,internal
572.7091821745208,1507.5036468971537,2590.9034957974914,2.378136516434166,3.5875569948045096,4.283487475235953,5153.846153846154,0.00006048060078335272,1305.7524531723354,0.040999999999999995,0.554054054054054,0-0-779-1,ay0,UT_016,intvr,1,fave,91.32796039182088,56.50309174960635,7,nice,1,0.0500489999999445,"",and,N,S,N,S,internal
606.9464172063806,1515.6088536106354,2497.0242641374807,2.7798010736700873,3.5403122397114615,3.9731896004837624,5333.333333333333,0.0008038508278132319,1316.2744718344672,0.025,0.15243902439024393,0-0-808-1,ay0,UT_016,intvr,1,fave,108.4489607810129,54.10091347564283,7,nice,1,0.14001399999983732,a,comfortable,N,S,N,S,internal
638.2699756638409,1517.492574290354,2309.3599429575197,2.695198032339322,3.3750885726158306,4.297937111416517,4974.358974358975,0.00047121078383467285,1319.4644198412698,0.045,0.3629032258064516,0-0-812-1,ay0,UT_016,intvr,1,fave,103.08730807099107,49.331870396558664,7,nice,1,0.10009800000011637,"",and,N,S,N,S,internal
632.7118847459474,2035.5768506174063,5046.662349045118,3.662000122354828,4.109471965999183,5.068867740589009,8743.589743589742,0.0017903080107767148,1329.750708165533,0.081,0.6044776119402986,0-0-848-1,ay0,UT_016,intvr,1,fave,92.00220315386613,55.2548021467603,7,nice,1,0.10998500000005151,a,comfortable,N,S,N,S,internal
458.94164421472004,1362.6787746090079,2454.8575319954966,2.6296947012459793,3.72654283124898,4.136105613859595,5512.820512820513,0.000057302129747913336,1338.1352191723358,0.037000000000000005,0.5,0-0-862-1,ay0,UT_016,intvr,1,fave,115.8433375744183,57.24050258337479,7,like,1,0.0500489999999445,feel,you,L,K,L,K,internal
413.82968409091217,1667.620100257168,2615.7351888406647,2.536935358612527,3.150740519415489,4.7556207336283185,6769.2307692307695,0.0004080064609294687,48.80914716553288,0.031,0.32978723404255317,0-0-118-1,uwr,UT_016,intvr,1,fave,95.75851318302935,45.08405444356783,7,your,1,0.07000000000000028,say,"",Y,R,Y,R,internal
400.8013275845066,1365.4411598982963,1855.7304542521103,2.2378895395715297,3.9050429801681337,3.7617566961571582,4076.923076923077,0.0015283967336830362,126.63084816553288,0.047,0.3263888888888889,0-0-165-1,uwr,UT_016,intvr,1,fave,203.72792785692477,43.37620572913475,7,your,1,0.11999600000000044,"","",Y,R,Y,R,internal
374.38834191856165,1717.3164427589102,2320.318913324106,2.9522779662015273,3.4943434053133373,4.823435314352746,5692.3076923076915,0.00007186109428995851,189.58124983446714,0.025,0.33783783783783783,0-0-214-1,uwr,UT_016,intvr,1,fave,83.84324333852757,46.273264100565086,7,your,1,0.050003000000003794,earning,degree,Y,R,Y,R,internal
387.1927701129469,1785.1968775627836,2483.6266844732477,3.080885185990368,3.0336137086670827,4.607940419486536,6230.7692307692305,0.00009337995728121662,270.5487568344671,0.027000000000000003,0.32142857142857145,0-0-228-1,uwr,UT_016,intvr,1,fave,115.71076471987769,46.01566933460127,7,your,1,0.05999700000000985,earn,degree,Y,R,Y,R,internal
354.86903866390264,1525.6536101502434,2834.704454728139,3.050507233216913,2.6550445398768545,4.978258843121332,6769.2307692307695,0.0005635353441320291,760.8474618276645,0.031,0.32978723404255317,0-0-486-1,uwr,UT_016,intvr,1,fave,113.20499025934953,51.1295062456976,7,your,1,0.06994599999995899,of,fondest,Y,R,Y,R,internal
376.13377685717614,1765.4269552602116,2644.1022375673165,1.7942158617495831,3.930955642396594,4.7184614319217895,5512.820512820513,0.0009577422394266827,872.0222584965986,0.035,0.33653846153846156,0-0-517-1,uwr,UT_016,intvr,1,fave,93.45251275787298,53.725483955382245,7,your,1,0.07995600000003833,did,family,Y,R,Y,R,internal
425.52248318680665,1692.3982811855929,2160.702582493024,2.8733448420468117,3.4379561501161615,4.006640332782882,4974.358974358975,0.0003956120333505937,1304.07741584127,0.031,0.32978723404255317,0-0-773-1,uwr,UT_016,intvr,1,fave,95.77343487332979,52.02857265083832,7,sure,1,0.07006799999999203,made,to,SH,R,SH,R,internal
381.06107166282504,1611.26838510721,2274.080318049615,3.4606661064471442,3.286025168829287,5.117582024838759,5692.3076923076915,0.0007005675270286681,1348.8858341723355,0.027000000000000003,0.32142857142857145,0-0-886-1,uwr,UT_016,intvr,1,fave,97.4766715398156,54.11073877920486,7,you're,1,0.06005900000013753,whenever,ready,Y,R,Y,R,internal
566.3334394264617,1072.6708745564465,2452.54044917307,3.3571065860484706,4.013469411535217,4.094063528887174,4974.358974358975,0.012669014247999303,59.03665383446712,0.075,0.33482142857142855,0-0-129-0,oh,UT_016,intvr,1,fave,458.53172177116636,34.56888990130414,7,all,1,0.1999970000000033,list,of,#,L,T,L,initial
453.746138109897,962.0866815770783,2212.2282196062265,3.6624068718032596,3.852076884620488,4.649251737900895,4974.358974358975,0.045856643681350874,248.0743578344671,0.07100000000000001,0.33177570093457953,0-0-217-0,oh,UT_016,intvr,1,fave,240.2628584207958,40.73291360980459,7,awesome,1,0.1900020000000211,"","",#,S,"",S,initial
562.2245468391596,887.8371002819451,1913.9076018037965,3.6786772376785137,3.9154401542843553,4.172222582525883,4256.410256410256,0.0017270188237235053,269.16274183446717,0.035,0.3365384615384616,0-0-220-1,oh,UT_016,intvr,1,fave,152.12604357790477,47.582171652138946,7,long,1,0.080016999999998,how,did,L,NG,L,NG,internal
590.5423173380499,1166.5151249474923,2118.208783374431,2.980563321216884,3.924189224373428,4.4727850803384,4076.923076923077,0.0034722647910387676,426.00086116553285,0.055,0.33536585365853655,0-0-344-3,oh,UT_016,intvr,1,fave,413.50725626773806,37.13300620641731,7,utah,2,0.1399839999999699,in,"",T,#,T,"",final
574.9123129007481,1215.4346944736596,2091.12174628294,3.141874868376025,3.839835088947346,4.432631744772351,4076.923076923077,0.005125522943980934,120.73595016553287,0.045000000000000005,0.31250000000000006,0-0-152-0,ow,UT_016,intvr,1,fave,170.58073708588805,39.686916698745215,7,okay,2,0.11999600000000044,"","",#,K,"",K,initial
369.018394281903,893.0802497484854,2048.511550593814,2.9491712034778925,4.247090337967041,4.305877886094132,4435.897435897436,0.00008841759843035677,158.4932461655329,0.025,0.33783783783783783,0-0-180-0,ow,UT_016,intvr,1,fave,172.8552336099635,45.91688317310509,7,okay,2,0.050003000000003794,"","",#,K,"",K,initial
408.3547664084905,1944.1134515801734,3119.9355214314733,3.0750099913159046,4.767028538003618,4.92072734443872,6589.74358974359,0.0006143107170920309,285.5850431655329,0.025,0.2976190476190476,0-0-231-0,ow,UT_016,intvr,1,fave,161.03539474051547,40.65096727824486,7,okay,2,0.05999800000000732,"","",#,K,"",K,initial
570.1499632279136,1266.7388122491761,2830.328753497707,2.748684413156381,4.398283697292403,4.2027775961217975,6051.282051282051,0.0009442075301387718,295.3860611655329,0.027,0.25961538461538464,0-0-237-0,ow,UT_016,intvr,1,fave,360.8903405513284,44.504007198803556,7,okay,2,0.07998699999996006,"","",#,K,"",K,initial
458.1846503233424,974.5213987179802,2767.670695381434,2.569315340473652,4.2614570814307475,4.238197864580181,5871.794871794871,0.00029922143008064884,350.7797564965987,0.029,0.30851063829787234,0-0-290-0,ow,UT_016,intvr,1,fave,148.27125663408768,51.10516965732115,7,old,1,0.06997599999999693,how,were,#,L,aw,L,initial
699.723388093566,1576.5760020568687,2206.647201150081,2.9524229116714147,4.043782813572887,4.638081031299486,5692.3076923076915,0.006509212517545831,354.1036534965986,0.025,0.16233766233766234,0-0-298-0,ow,UT_016,intvr,1,fave,391.859633422642,52.347001644493986,7,okay,2,0.12997400000000425,"","",#,K,"",K,initial
565.6788236355461,1276.443261088233,2157.2648024813434,2.9979672714053094,3.893243876267461,4.352027381836986,4076.923076923077,0.0015383291593110758,414.97556083446716,0.031000000000000003,0.25000000000000006,0-0-324-0,ow,UT_016,intvr,1,fave,453.6266464906893,43.821900641351945,7,okay,2,0.10000600000000759,"","",#,K,"",K,initial
564.1273316262212,1169.1214647585762,1952.8742292913726,3.5953173442188766,4.136613907330227,4.038130431734092,4256.410256410256,0.002824662589736884,656.9075335034013,0.025,0.20161290322580647,0-0-432-0,ow,UT_016,intvr,1,fave,194.16095562493973,46.08360096999543,7,okay,2,0.10003700000004301,"","",#,K,"",K,initial
545.4853094224616,1396.1250480196256,2363.250809623139,3.2934058876003824,4.212310238632285,4.6250429466324094,4076.923076923077,0.004261280071158113,671.9240581655328,0.035,0.28225806451612906,0-0-448-0,ow,UT_016,intvr,1,fave,425.3050244116768,42.34376799624425,7,okay,2,0.09997600000008333,"","",#,K,"",K,initial
477.7425452976403,1056.7932469426078,2504.112558118542,2.0144373536194067,3.293730820689484,4.185171169355818,5153.846153846154,0.0000270418971225565,756.9017355034013,0.025,0.33783783783783783,0-0-474-2,ow,UT_016,intvr,1,fave,94.62782273978425,53.61659629735883,7,close,1,0.050049000000058186,pretty,with,L,S,L,S,internal
499.16451634610473,1271.7667463456492,2258.6707876824585,3.491940433013733,3.8684240975797,4.22366637814362,4076.923076923077,0.008674309521279093,998.3521465034014,0.033,0.201219512195122,0-0-559-0,ow,UT_016,intvr,1,fave,191.47914899814614,41.96709549302414,7,okay,2,0.14001500000006217,"","",#,K,"",K,initial
528.0684122425114,1209.2902743332334,2354.8329122191667,2.656347022284639,3.7434455602177414,4.085454186084418,4794.871794871795,0.0023196040529836477,1105.384695165533,0.025,0.17361111111111113,0-0-644-0,ow,UT_016,intvr,1,fave,346.85632914251084,48.79885681551089,7,overcome,1,0.11999500000001717,to,"",#,V,@,V,initial
486.9119998374593,1419.952867651527,2503.4401164224932,3.717872762081303,3.93033173207622,4.6925223127283875,4794.871794871795,0.016296926421704404,1269.5407018344672,0.035,0.21341463414634151,0-0-707-0,ow,UT_016,intvr,1,fave,185.75004007301715,42.41366941177222,7,okay,2,0.14001500000017586,"","",#,K,"",K,initial
569.7321235343124,1149.9407012974177,1839.6939613662482,2.759765481204482,3.6991119438939566,3.950819480877501,4794.871794871795,0.0003780672448406637,1520.8943508276643,0.027000000000000003,0.2872340425531915,0-0-927-0,ow,UT_016,intvr,1,fave,594.145352014794,48.61707232637486,7,okay,2,0.06994699999995646,"","",#,K,"",K,initial
464.2422101606529,1029.4858942557667,2460.6842166954634,2.6935683490847926,2.827207517562099,4.2595430674832935,5333.333333333333,0.00015189390993615188,129.51084816553285,0.027000000000000003,0.32142857142857145,0-0-177-1,u,UT_016,intvr,1,fave,483.4529936697711,39.832764989825314,7,look,1,0.05999700000000985,"",like,L,K,L,K,internal
411.796574889942,1156.086389295033,2589.2912926365707,2.5048149626826692,3.435740001243492,4.741603696374121,4974.358974358975,0.002367413521711427,428.7208468344672,0.035,0.33653846153846156,0-0-352-1,u,UT_016,intvr,1,fave,124.56400424885497,52.74484727405974,7,would,1,0.08001799999999548,what,it,W,D,W,D,internal
472.57576881028444,1408.217472394054,2578.3609537092398,2.905110090590038,3.479652633587102,3.774607182334758,4794.871794871795,0.0005435881797983353,1022.7674594965987,0.037,0.32456140350877194,0-0-595-5,u,UT_016,intvr,1,fave,112.00776437213419,50.73921097798581,7,childhood,2,0.0899659999998903,early,development,HH,D,HH,D,internal
415.78925269266966,1322.3071325183487,2336.7512625789423,2.8710995784822093,3.430103837098325,3.8768381208635048,4794.871794871795,0.00011520366255582946,1164.5834904965986,0.031,0.32978723404255317,0-0-650-1,u,UT_016,intvr,1,fave,203.4674562224668,53.04652250717544,7,would,1,0.0699459999998453,how,you,W,D,W,D,internal
456.15572132131365,1248.2209382026335,2413.953530727097,2.7936643917669173,3.514564886059091,4.124669722670934,4974.358974358975,0.0011900377120854975,1175.0854904965988,0.035,0.33653846153846156,0-0-677-5,u,UT_016,intvr,1,fave,223.76967382688875,47.32295506201233,7,childhood,2,0.07995600000003833,"",development,HH,D,HH,D,internal
586.2086019790341,857.4409640128271,1981.6619749868735,2.5377010802817965,2.8369991127715872,4.038867187719644,4794.871794871795,0.00006517698999738076,613.0967608344671,0.027000000000000003,0.32142857142857145,0-0-407-1,ahr,UT_016,intvr,1,fave,299.07103510864795,46.80686690300852,7,farming,1,0.05999700000006669,"","",F,R,F,R,internal
515.6108727849622,974.7877919856799,1887.5839230599227,2.8149612911549586,3.2660459292612716,4.252217920820137,4615.384615384615,0.00008389834228353884,615.4367211655328,0.027000000000000003,0.32142857142857145,0-0-415-1,ahr,UT_016,intvr,1,fave,137.97982803041825,43.38432027260404,7,farming,1,0.05999700000006669,subsistence,or,F,R,F,R,internal
556.6094444555388,1573.3132758009895,2452.396278311992,3.199196239940896,3.9248438105650942,5.126435662948786,6051.282051282051,0.0001377992247507953,1102.7457918276643,0.027000000000000003,0.32142857142857145,0-0-635-2,ahr,UT_016,intvr,1,fave,285.69433688267185,50.67777948823651,7,start,1,0.05993599999987964,to,working,T,R,T,R,internal
527.9341331605,1401.6447698076204,1898.986854225233,2.5180537131872915,3.517099872576862,4.06300526620379,4974.358974358975,0.0000512488020234242,1168.8704245034016,0.025,0.33783783783783783,0-0-658-2,ahr,UT_016,intvr,1,fave,510.0138498620031,49.584001277089854,7,starting,1,0.0500489999999445,just,out,T,R,T,R,internal
570.2476440701109,953.4133407211234,1982.8779855744338,2.4140895261941275,3.3988072244036163,3.477313186375746,4794.871794871795,0.0005049391270685137,1295.680979834467,0.047,0.3263888888888889,0-0-757-0,ahr,UT_016,intvr,1,fave,571.1818374681621,54.58841788529411,7,are,1,0.11999500000001717,there,forty,#,R,R,R,initial
546.168500245642,829.0090924366489,2331.2363729761773,2.981589331716265,4.058708667353265,4.329725778977487,5153.846153846154,0.0006842608657155514,1306.0554838276644,0.027000000000000003,0.32142857142857145,0-0-781-1,ahr,UT_016,intvr,1,fave,88.63091857258719,53.48877282954933,7,large,1,0.0599369999999908,and,because,L,R,L,R,internal
446.1243620870803,997.5315006710384,2150.290528568312,2.6162022476150204,4.153739648685798,4.18956818779332,4974.358974358975,0.003115330510491357,926.3202625034014,0.057,0.3275862068965517,0-0-551-3,oy,UT_016,intvr,1,fave,429.8168772952222,48.65266114184471,7,enjoy,1,0.15002399999991667,really,doing,JH,#,JH,D,final
449.2454724094606,1703.3682764133457,2591.415449214686,3.092789665293693,3.838584072601011,4.516826449383727,6230.7692307692305,0.0024858903869006722,1320.074505165533,0.045,0.3358208955223881,0-0-814-2,iyr,UT_016,intvr,1,fave,107.0442877880555,49.62429274138497,7,clear,1,0.10998499999982414,and,and,L,R,L,R,internal
388.18209065099654,1834.1866185626907,2620.264173601205,3.559429600311513,2.772246665267502,4.7498632178396205,5692.3076923076915,0.001640861242168274,1343.2022644965987,0.031,0.32978723404255317,0-0-878-1,iyr,UT_016,intvr,1,fave,90.08461821397272,47.254998689507964,7,reread,1,0.06994699999995646,"",that,R,R,R,R,internal
391.0273398965807,2385.9417487283918,3304.6280334396647,2.765133163761263,4.430733637205976,4.773311511005391,7666.666666666666,0.00010991154569505239,41.19744816553288,0.027000000000000003,0.32142857142857145,1-0-1-4,iyF,UT_016,016,2,fave,186.7123066970996,59.74117441773441,10,forty,0,0.05999700000000274,"",seven,T,#,T,S,final
398.41829525510127,2488.4731238636773,3094.0777928163,3.0182466082873654,3.8873076041136794,4.603762701265335,6589.74358974359,0.002551173676872514,70.97814983446712,0.04100000000000001,0.3306451612903227,1-0-12-10,iyF,UT_016,016,2,fave,78.54364917327648,49.78204565016686,10,approximately,0,0.10000700000000506,for,"",L,#,L,"",final
358.8819639688371,2157.866407113824,2894.61320650415,2.6370728576966203,3.8764423363715528,3.906880125882658,6410.25641025641,0.00001808717211678099,87.12115183446711,0.027000000000000003,0.32142857142857145,1-0-39-4,iyF,UT_016,016,2,fave,174.52411315534385,54.25668778456331,10,twenty,0,0.06000500000000386,"",one,N,#,N,W,final
384.49124896270047,2470.887521326379,2885.2991801759485,2.4009073767028184,3.872327151418972,4.5515839612524,6410.25641025641,0.00048474556800915904,88.14015383446711,0.045,0.3358208955223881,1-0-43-4,iyF,UT_016,016,2,fave,192.6186058489885,53.942369188018105,10,twenty,0,0.1100009999999969,"",years,N,#,N,Y,final
341.14729589682855,2653.3790233992063,3118.503896862428,2.7183970599328804,4.004575907142279,4.805897975033377,6769.2307692307695,0.0035327824879379287,98.63064716553289,0.17500000000000002,0.333969465648855,1-0-73-5,iyF,UT_016,016,2,fave,167.60546145797755,46.49703626213234,10,twenty,0,0.5,"","",T,#,T,"",final
393.78316325729435,2061.864310856217,3511.6659338405557,3.114663786800345,3.466005410425318,4.896667839184295,6410.25641025641,0.0013861082280167318,99.65664883446712,0.047,0.3263888888888889,1-0-75-2,iyF,UT_016,016,2,fave,171.2160734081516,44.63970714743226,10,three,1,0.12000299999999697,"",years,R,#,R,Y,final
495.99740259789974,2155.9566534614664,2718.2747699347333,3.400257147013704,3.8202043159932475,4.52809959430494,6410.25641025641,0.00010343944440227806,134.05954583446712,0.031,0.32978723404255317,1-0-109-3,iyF,UT_016,016,2,fave,177.85432802579672,54.674297720162016,10,ready,0,0.07000700000000393,get,for,D,#,D,F,final
481.7744692960436,2119.0486753833966,2491.36946750765,3.349242522166749,3.703033321440382,3.8832716538114425,6410.25641025641,0.00006090811935495012,139.3089508344671,0.031,0.32978723404255317,1-0-126-8,iyF,UT_016,016,2,fave,88.88163710594574,53.76590317297597,10,elementary,0,0.07000700000000393,morgan,in,R,#,R,i,final
514.8468956613414,2319.8936934383005,2711.6644113400985,3.3172620394637535,3.791845968052397,4.514829040494191,6410.25641025641,0.006915959444417919,183.50724883446713,0.097,0.3299319727891156,1-0-210-4,iyF,UT_016,016,2,fave,221.25574078146812,48.724682249355965,10,degree,1,0.27000400000000013,my,"",R,#,R,"",final
436.64519218417405,2428.5404239469103,2952.681550175644,3.2972270932597336,3.867090256686668,4.151918802173421,6410.25641025641,0.012911295695548728,192.90834316553287,0.181,0.3327205882352941,1-0-227-1,iyF,UT_016,016,2,fave,90.99824673738414,55.71531093967055,10,we,1,0.5200049999999976,act,"",W,#,W,"",final
523.2985801298896,2325.9076303304428,3019.5417200360353,3.479927225396892,4.073440242819828,4.338376454351177,6230.7692307692305,0.4761598337803442,205.3161588344671,0.08100000000000002,0.3319672131147542,1-0-263-5,iyF,UT_016,016,2,fave,203.3400358737172,49.18183996002087,10,quickly,0,0.22000099999999634,workforce,"",L,#,L,"",final
425.63504472466127,2500.9783851164216,2900.1923958489256,3.0534599089466017,3.7591266079829526,4.303697932906025,6410.25641025641,0.0066658799389644665,212.03514016553288,0.13899999999999998,0.33574879227053134,1-0-282-4,iyF,UT_016,016,2,fave,154.82719981535865,55.160091412194724,10,study,0,0.3899989999999889,of,"",D,#,D,"",final
399.48428099302583,2160.6884217229144,2903.1091079404164,3.0799211245217277,3.7131588587396576,3.86531419157076,6230.7692307692305,0.00009878901357245274,216.06914783446712,0.047,0.3263888888888889,1-0-300-9,iyF,UT_016,016,2,fave,166.88246174019918,57.936779370498336,10,university,0,0.1200099999999793,with,of,T,#,T,@,final
365.5184468190104,2646.4727928462344,2997.2497177677387,2.9318013347361593,3.9002512799363385,4.231356433498658,6051.282051282051,0.007464309670447393,218.2851558344671,0.119,0.33615819209039544,1-0-306-1,iyF,UT_016,016,2,fave,170.64988993157266,58.379517337016516,10,we,1,0.33000200000000746,"","",W,#,W,"",final
390.46790429667595,2354.375848956368,2973.7401789502433,2.8871563919364407,4.071166616936494,4.04381710737989,5871.794871794871,0.0006176212382299577,222.35604816553288,0.057,0.3275862068965517,1-0-308-1,iyF,UT_016,016,2,fave,171.9928355020288,62.332497135127696,10,we,1,0.1499939999999924,"",would,W,#,W,W,final
455.79786631381523,2062.612938455434,2903.830690283669,2.8986345459503657,3.8368493791900544,4.110419984829424,6410.25641025641,0.0003166702577294617,223.1530461655329,0.031,0.32978723404255317,1-0-311-5,iyF,UT_016,016,2,fave,224.70206223136063,54.959547790033604,10,actually,0,0.0700069999999755,"",often,L,#,L,o,final
473.0987064897559,1926.830143523202,2845.8969019592655,2.7116560313413576,4.095404396187161,4.145451718206962,5692.3076923076915,0.00026733610746756926,224.99104783446714,0.027000000000000003,0.32142857142857145,1-0-317-1,iyF,UT_016,016,2,fave,157.20049394251873,54.71140730355045,10,the,0,0.05999700000000985,to,campus,DH,#,DH,K,final
406.2177647484758,2362.558348771055,2830.864401374993,3.0354940245313684,4.12383599318597,4.139287582315766,6051.282051282051,0.0037745667840332208,231.47865316553288,0.061000000000000006,0.3315217391304348,1-0-330-1,iyF,UT_016,016,2,fave,82.09451394791256,54.3418291411489,10,we,1,0.15998900000002436,"",would,W,#,W,W,final
356.5658587042964,2339.8699832546,3132.101445854308,2.9391841557244462,4.115342902297917,4.850738334057768,6410.25641025641,0.008210205107107682,239.3056401655329,0.055,0.33536585365853655,1-0-355-3,iyF,UT_016,016,2,fave,170.29387693640606,55.631924983689096,10,movie,0,0.13999899999998888,a,or,V,#,V,*hr,final
415.17334708572196,2345.1464827572295,2741.7870391318174,3.1600076332795672,4.146589242284502,4.489271273812712,6589.74358974359,0.00229139709143654,244.04165683446712,0.067,0.32843137254901966,1-0-371-1,iyF,UT_016,016,2,fave,158.98253660707283,56.38102209451731,10,we,1,0.17999299999999607,while,were,W,#,W,W,final
373.531275046148,2421.4308041261093,2790.157194271998,2.680535837328258,4.204079568330717,4.258214387671049,6230.7692307692305,0.001422784195707098,249.8666588344671,0.057,0.32758620689655177,1-0-385-4,iyF,UT_016,016,2,fave,88.15184919452668,62.17227456142455,10,study,0,0.1499939999999924,of,and,D,#,D,@,final
461.48264607936096,1918.0428203793579,2909.4350870300204,2.539049394126279,3.7283841607688353,4.098080820755919,6230.7692307692305,6.756535882546531e-6,252.44775083446714,0.025,0.33783783783783783,1-0-395-4,iyF,UT_016,016,2,fave,156.78594859061243,61.746930628716015,10,actually,0,0.050003000000003794,"",doubled,L,#,L,D,final
410.93954783401665,2140.9014244270725,3183.807833042109,3.41650560774867,3.5533949925500092,4.772149275123964,6230.7692307692305,0.0037524203704581652,280.75773783446715,0.045,0.3358208955223881,1-0-479-4,iyF,UT_016,016,2,fave,83.64741307172285,49.518127230149084,10,degree,1,0.11001600000003009,associate,so,R,#,R,S,final
351.05390907188286,2150.896655425183,2880.4680245353557,3.870096838693735,3.931876478800291,4.458084948856455,6051.282051282051,0.02592297298952759,282.61775349659865,0.085,0.3346456692913386,1-0-487-4,iyF,UT_016,016,2,fave,239.8134210064002,42.16774884778893,10,degree,1,0.22998100000000932,bachelor's,"",R,#,R,"",final
368.3122977415976,2621.365740605437,2795.3514507235195,3.231833620239115,4.294559398113288,4.3294707801877355,6410.25641025641,0.0028695634310318074,320.85606116553294,0.217,0.3318042813455657,1-0-505-1,iyF,UT_016,016,2,fave,167.8292621979467,60.604533159872794,10,she,1,0.6299750000000017,"","",SH,#,SH,"",final
361.7958424675319,1966.463224371102,2963.695851991186,3.43857459569202,4.133785353207635,4.08035170849916,6230.7692307692305,0.000509119811649046,337.4787431655329,0.027000000000000003,0.32142857142857145,1-0-563-5,iyF,UT_016,016,2,fave,162.37133756819063,57.84114944654737,10,finally,0,0.05999800000000732,it,worked,L,#,L,W,final
457.5184033810237,2305.6995411381668,2914.3225531850203,3.110242970138825,4.13102457069655,4.022833536464139,6410.25641025641,0.05163115119232581,341.33376016553285,0.07700000000000001,0.3290598290598291,1-0-574-6,iyF,UT_016,016,2,fave,159.64412280081,59.33535607605964,10,quality,0,0.20999199999999973,mom,"",T,#,T,"",final
329.7729606642514,2237.593762202097,3035.3582133597324,3.4200377121198864,4.401917776899273,4.444041599844696,6230.7692307692305,0.12056886709104116,381.92664916553287,0.07899999999999999,0.3376068376068376,1-0-649-4,iyF,UT_016,016,2,fave,260.2403558566646,53.70687741967228,10,memory,0,0.20999100000000226,childhood,"",*hr,#,*hr,"",final
399.3840856247997,2288.5471514747783,2891.8349664628795,3.0323894396382167,3.364975477707847,4.918963295602442,7307.692307692308,0.004084140794098135,386.78766083446715,0.101,0.3322368421052631,1-0-665-2,iyF,UT_016,016,2,fave,141.93524078085844,58.12436887794794,10,tree,1,0.27999899999997524,apple,and,R,#,R,ae,final
542.412785894923,2035.1179324526029,2995.683322900116,3.4074737187973834,4.1895265450050525,4.3974496526672855,6051.282051282051,0.00038189847317634027,393.06265883446713,0.031,0.32978723404255317,1-0-688-11,iyF,UT_016,016,2,fave,143.75517050585526,52.295711104000624,10,meticulously,0,0.07000700000003235,so,"",L,#,L,"",final
354.220161509653,2425.290135851376,2863.9919668129382,3.0180411572913957,3.614904192967393,4.357513420270895,6230.7692307692305,0.00006870719178600599,395.1758511655329,0.037,0.32456140350877194,1-0-697-1,iyF,UT_016,016,2,fave,78.6345749434103,63.977191330193406,10,be,0,0.08999699999998256,to,as,B,#,B,ae,final
406.21731824299786,2651.8668160075613,2940.7833681763054,3.513452562016578,4.033661001790965,4.345529578239944,6051.282051282051,0.25163759239256145,397.27284383446715,0.07100000000000001,0.3317757009345795,1-0-703-4,iyF,UT_016,016,2,fave,312.74888981553596,50.8855405796046,10,tasty,0,0.19000299999999015,were,"",T,#,T,"",final
402.00916343219353,2561.742019406857,3006.819803721875,3.15559792574274,4.131841761961898,4.121197319375924,6769.2307692307695,0.0023195833710890927,400.54285683446716,0.271,0.33292383292383293,1-0-707-1,iyF,UT_016,016,2,fave,171.54141982190333,59.08729379388882,10,she,1,0.7900089999999977,"","",SH,#,SH,"",final
460.1017784449013,2186.5181572223028,3003.8979119895207,3.058362565350065,4.080628469903776,4.201826366124707,6589.74358974359,0.0008855205855357597,401.8258451655329,0.037,0.32456140350877194,1-0-710-7,iyF,UT_016,016,2,fave,305.9962043258566,55.27041985410223,10,probably,0,0.08999699999998256,so,"",L,#,L,"",final
383.6281994556521,2724.236285419137,2926.2711054836836,3.0058216837574245,4.564900562911108,4.209560680741366,6589.74358974359,0.007937365527094292,445.8436431655329,0.087,0.32954545454545453,1-0-752-1,iyF,UT_016,016,2,fave,194.9919501180369,54.253953974641995,10,me,1,0.23999000000003434,to,"",M,#,M,"",final
468.27133392750017,2324.6845580888785,2903.704300529642,3.343778541358516,4.066568886223252,4.240263559394478,6230.7692307692305,0.005682969147270592,447.5399451655329,0.135,0.3341584158415841,1-0-755-7,iyF,UT_016,016,2,fave,166.27741571963847,55.975033198213,10,probably,0,0.38000499999998283,but,"",L,#,L,"",final
439.3900830038068,2244.995418845125,2928.809019631731,3.259579601464758,3.8418546048318554,3.8705249280383933,6410.25641025641,0.00018830443332354938,457.95385216553285,0.040999999999999995,0.33064516129032256,1-0-784-9,iyF,UT_016,016,2,fave,182.3865498904978,62.81310909000999,10,simplicity,0,0.10000700000000506,the,of,T,#,T,@,final
433.8182017414717,1962.702106389589,2644.032617455016,3.130488434547731,4.3891348024205366,4.31149156312253,6230.7692307692305,0.00013613840975332863,458.5858428344671,0.025,0.33783783783783783,1-0-787-1,iyF,UT_016,016,2,fave,96.34360525658363,59.52626282395124,10,we,1,0.050018000000022766,life,had,W,#,W,HH,final
457.55800177484133,1917.0583129845359,2264.292603945951,2.655481823256433,4.0571254975249955,3.9300038219770084,6410.25641025641,0.00015973159040089002,460.7018521655329,0.037,0.32456140350877194,1-0-794-3,iyF,UT_016,016,2,fave,156.30455022217367,64.84980125945224,10,very,0,0.08999699999998256,a,different,R,#,R,D,final
457.05587016764025,2102.625136125025,2931.760707497739,2.97820298718548,4.11093653950844,3.959082718698198,6230.7692307692305,0.003370014039195474,462.7088488344671,0.07100000000000001,0.33177570093457953,1-0-800-6,iyF,UT_016,016,2,fave,152.82306963138754,58.56214115317563,10,currently,0,0.19000199999999268,is,"",L,#,L,"",final
449.8653953695947,2048.8860927326455,2140.622753991476,2.77610379537883,3.871759994316447,4.294167396838461,6589.74358974359,0.0003430108033457687,464.6808388344672,0.035,0.33653846153846156,1-0-806-3,iyF,UT_016,016,2,fave,149.90743901215748,61.808946163615985,10,very,0,0.080016999999998,a,rural,R,#,R,R,final
409.7336857471913,2322.9105636188365,2982.6240668022797,3.0817366185081503,3.676544044080309,4.105205869973798,6410.25641025641,0.0005477811446299025,466.74584549659863,0.065,0.33505154639175255,1-0-810-8,iyF,UT_016,016,2,fave,78.04230615241623,60.467294699333564,10,community,0,0.169983000000002,farm,mining,T,#,T,M,final
380.0896471502661,2358.204069453317,2841.206551702682,3.3947170290430586,3.940691163027268,4.144739539544699,6230.7692307692305,0.1808759719938345,467.85285716553284,0.07899999999999999,0.3376068376068376,1-0-812-8,iyF,UT_016,016,2,fave,156.79377694627613,55.09337612198291,10,community,0,0.20999199999999973,mining,"",T,#,T,"",final
464.51842962319733,2184.8822079052206,2623.801987001102,2.8663204141910863,3.644909737330466,4.761280943185093,6769.2307692307695,0.0017873620644633542,468.6838388344671,0.040999999999999995,0.33064516129032256,1-0-814-3,iyF,UT_016,016,2,fave,91.94355919349861,63.400650593064796,10,very,0,0.10000599999995075,"",close,R,#,R,K,final
434.02603377656965,2076.540175955829,2480.9090120652736,3.1673973092451453,3.8128078569915536,4.487458554440489,6769.2307692307695,0.0011975474041019192,469.7238468344671,0.040999999999999995,0.33064516129032256,1-0-817-3,iyF,UT_016,016,2,fave,151.81487858804311,57.593772015023525,10,very,0,0.10000700000000506,knit,tight,R,#,R,T,final
399.7079712191762,2453.3146909013067,2973.5802721307114,3.246028058358516,3.8446956202655325,4.2469654433263635,6051.282051282051,0.0012622541504599483,470.76385549659864,0.08100000000000002,0.3319672131147542,1-0-819-8,iyF,UT_016,016,2,fave,77.4663560796191,55.17385295771534,10,community,0,0.21997099999998682,tight,and,T,#,T,ae,final
367.283628130623,2449.59535720308,3007.1662630945207,3.068705801429383,3.764663698020138,4.049291468006717,6410.25641025641,0.00021713240058267118,479.2468611655329,0.047,0.3263888888888889,1-0-841-6,iyF,UT_016,016,2,fave,165.90544465883372,60.629740331834704,10,society,0,0.11999500000001717,"",that,T,#,T,DH,final
352.35397220480854,1813.2233935855222,2715.670641787989,3.1970257206866197,4.23878955881004,4.210142677100847,5333.333333333333,0.1001335403762538,488.39315416553285,0.101,0.3322368421052631,1-0-872-5,iyF,UT_016,016,2,fave,129.6253669506715,54.433153523328045,10,worldly,0,0.2799990000000321,the,"",L,#,L,"",final
408.8097131282543,2366.2267625801555,3057.9298163546027,3.4461785821962896,4.05348217679356,4.648848146769257,6948.717948717948,0.048316907704198074,496.93385516553286,0.095,0.33450704225352107,1-0-887-3,iyF,UT_016,016,2,fave,134.66104393870393,49.83650371088439,10,very,0,0.2599800000000414,have,"",R,#,R,"",final
389.58010702723294,2348.0011954053566,2787.9209276069664,3.2305074422814264,3.921089136854488,4.573561924969011,6051.282051282051,0.001937531484285823,504.92816216553285,0.031,0.32978723404255317,1-0-906-4,iyF,UT_016,016,2,fave,-4.1994391558712545,54.29338807467317,10,safety,0,0.06997599999999693,of,and,T,#,T,@,final
390.192711334913,2374.2857794727997,3023.181587881439,3.1880747536970215,3.806033304928897,4.4106358529194285,7307.692307692308,0.00018592671629252583,505.7361491655329,0.047,0.3263888888888889,1-0-908-8,iyF,UT_016,016,2,fave,180.75446233714888,60.04667583100851,10,security,0,0.11999500000001717,and,"",T,#,T,"",final
370.70720038811385,2395.7123512020357,3029.009227484971,3.251030385668064,3.7495290565115775,4.824465351035707,6410.25641025641,0.000619108004425318,516.6406315034013,0.04100000000000001,0.3306451612903227,1-0-938-1,iyF,UT_016,016,2,fave,169.13364803921158,64.91134529048642,10,be,0,0.10003700000004301,and,a,B,#,B,@,final
452.50033648881976,2161.302951398541,2837.8353201010336,2.5794491476188472,3.752948891234216,4.2552182880957,6410.25641025641,0.0003119751978716591,527.9808408344671,0.031,0.32978723404255317,1-0-948-1,iyF,UT_016,016,2,fave,226.66269227312367,75.88338625292069,10,we,1,0.07000699999991866,"",had,W,#,W,HH,final
421.38961265766534,2089.497092393749,3133.3045007250817,3.1471317116190964,3.776513541902232,3.9410445224808615,6410.25641025641,0.0003057864578282015,529.4108338344671,0.031,0.32978723404255317,1-0-953-3,iyF,UT_016,016,2,fave,110.39068549536242,62.294104079204295,10,really,0,0.07000700000003235,a,tight,L,#,L,T,final
446.66279822243877,2306.560059603958,2882.753859990099,3.077033972573493,4.062155191117085,3.9481552430070237,6410.25641025641,0.0004066776885075594,533.1776605034013,0.055,0.3353658536585366,1-0-964-1,iyF,UT_016,016,2,fave,161.1762406037974,61.48951507764608,10,we,1,0.1400149999999485,so,would,W,#,W,W,final
385.75240294889653,1873.8747520946345,2539.344558020744,2.923765569282147,3.9776027118416684,3.97095433799026,5692.3076923076915,0.0001565046118943151,535.7081441655329,0.027000000000000003,0.32142857142857145,1-0-972-1,iyF,UT_016,016,2,fave,84.2543431414095,64.10923573899292,10,we,1,0.05999800000006417,had,would,W,#,W,W,final
371.028340919773,1847.5810873839985,2365.7281228535544,3.269565256571193,3.7223656590604963,4.310275080343987,5692.3076923076915,0.00013927604093338008,541.2481221655329,0.027000000000000003,0.32142857142857145,1-0-987-1,iyF,UT_016,016,2,fave,80.73475297555414,56.24621912475245,10,we,1,0.05999799999995048,lakes,would,W,#,W,W,final
403.94254531026127,1708.130562392992,2590.758085900997,3.589966829539884,3.7359017535656425,3.659301490335515,5512.820512820513,0.00007017064717116293,544.0431554965986,0.037,0.32456140350877194,1-0-999-1,iyF,UT_016,016,2,fave,161.1992957242029,57.77412687437505,10,we,1,0.08996600000000399,and,would,W,#,W,W,final
418.3001372857549,2038.324181054855,2696.340863809323,3.2164408166407377,4.062332686088352,4.185846534760214,7487.179487179487,0.00023824629219691552,548.4201661655329,0.031,0.32978723404255317,1-0-1011-1,iyF,UT_016,016,2,fave,99.96779013633859,63.47598895268687,10,we,1,0.07000700000003235,mean,just,W,#,W,JH,final
440.621524681944,1813.8680673644608,2541.627609715378,3.2837108483902413,4.151661092796775,3.6828959476916174,5512.820512820513,0.000059896661761786845,549.1081681655329,0.027000000000000003,0.32142857142857145,1-0-1014-1,iyF,UT_016,016,2,fave,81.41705030424825,61.172810438562,10,we,1,0.05999799999995048,had,would,W,#,W,W,final
356.58409869130344,1795.8375108590487,2684.825079056857,2.9052955426303884,3.6019175886932713,3.7878616397383826,6230.7692307692305,0.0000632679952742674,550.8771441723356,0.025,0.33783783783783783,1-0-1021-1,iyF,UT_016,016,2,fave,NaN,55.56468514929836,10,we,1,0.050049000000058186,"",would,W,#,W,W,final
329.76384620940905,2460.8815534975442,2889.5021261090606,3.244412768782953,3.9156513148601526,5.006563168554371,7307.692307692308,0.0040392547470666645,560.2303142335601,0.07100000000000001,0.33177570093457953,1-0-1049-5,iyF,UT_016,016,2,fave,78.63059124398794,54.7816886782979,10,granary,0,0.19067400000005819,the,and,*hr,#,*hr,ae,final
450.4637709771864,2320.8090223292793,3058.227214969452,3.161401793636067,3.865650829560696,4.114982055580289,6589.74358974359,0.001178228693941204,582.2572505034015,0.08099999999999999,0.3319672131147541,1-0-1122-8,iyF,UT_016,016,2,fave,171.607670890148,54.446156642343134,10,community,0,0.22003099999994902,the,"",T,#,T,"",final
369.05251490581657,1654.950345777085,2622.6688941094835,3.174773038461152,3.6933785912245907,3.6205281567320458,5692.3076923076915,9.956859307580393e-6,584.7902361655329,0.027000000000000003,0.32142857142857145,1-0-1129-1,iyF,UT_016,016,2,fave,80.13728000345185,63.282029180133684,10,we,1,0.05999800000006417,they,were,W,#,W,W,final
347.0370988899655,2558.00069365318,3182.7961544685213,3.6303211401746585,4.044229563422772,4.419221590073372,6589.74358974359,0.144097750891307,586.9822511655328,0.131,0.33248730964467005,1-0-1136-8,iyF,UT_016,016,2,fave,215.1655797600454,45.884909598688225,10,community,0,0.36999500000001717,and,"",T,#,T,"",final
450.1801654784831,2041.6168070034332,3373.0899261288237,3.058487021971271,3.5875393761842704,4.308267227740688,7487.179487179487,0.00007242815864431386,591.0156448344671,0.027000000000000003,0.32142857142857145,1-0-1150-3,iyF,UT_016,016,2,fave,155.24421435339138,55.30682930114258,10,very,0,0.05999799999995048,"",fun,R,#,R,F,final
469.1859346846857,2066.4845387702185,2159.4611987997746,2.7998226423181607,4.177820678739361,4.428263784029684,6230.7692307692305,0.0006979721237585525,595.0386771655329,0.045,0.3358208955223881,1-0-1158-3,iyF,UT_016,016,2,fave,154.16674470377131,62.26078657336548,10,very,0,0.1099859999999353,[bracketed],fond,R,#,R,F,final
403.90442593590876,1947.971994965321,2746.803086454588,3.432593777826519,3.923982236308527,4.749549796045724,6230.7692307692305,0.006160927761233233,595.7646524965986,0.037000000000000005,0.324561403508772,1-0-1160-4,iyF,UT_016,016,2,fave,161.5732030685083,54.20770850334057,10,memory,0,0.08996500000000651,fond,you,*hr,#,*hr,Y,final
511.8282711249401,1968.099994718525,3006.7155207275387,3.8839904297622456,3.69860176546745,4.810079486717587,7307.692307692308,0.022497264224650218,599.9946438344672,0.037,0.32456140350877194,1-0-1177-3,iyF,UT_016,016,2,fave,149.38320692471817,54.8676855653954,10,very,0,0.09002699999996366,were,loving,R,#,R,L,final
319.9670865058834,2682.037427120975,3052.060293685049,2.747007935801505,4.027067709545791,4.364976281484808,6230.7692307692305,0.0010821176524971156,601.6116608344671,0.11100000000000002,0.3323353293413173,1-0-1182-1,iyF,UT_016,016,2,fave,154.36916425357748,57.59429518289452,10,me,1,0.3099979999999505,with,and,M,#,M,ae,final
392.9396035062156,2594.0921772174815,3480.0663782509405,3.108737658605499,3.9894598807660424,4.725932765923284,6589.74358974359,0.019566168065221448,632.9425618344671,0.07700000000000001,0.3290598290598291,1-0-1233-1,iyF,UT_016,016,2,fave,134.29935089399487,60.6273153745229,10,he,1,0.21002199999998084,"",would,HH,#,HH,W,final
359.12939585492944,2067.7331976105143,2454.9319932361755,3.236987181959231,4.133170580605917,3.8037819916144833,5692.3076923076915,0.002566185160240883,636.901541834467,0.035,0.3365384615384616,1-0-1247-1,iyF,UT_016,016,2,fave,81.52622140190226,58.49618038282739,10,he,1,0.080016999999998,so,had,HH,#,HH,HH,final
441.2346042357587,1747.7006070683385,2632.59539718086,2.975594090957499,3.933073769038718,3.9123628308791134,6230.7692307692305,0.000056712021487934616,644.1799378344671,0.031,0.32978723404255317,1-0-1261-1,iyF,UT_016,016,2,fave,80.99902930981469,67.66773220152767,10,we,1,0.07000700000003235,so,would,W,#,W,W,final
403.88212074712294,1989.2038414593533,2710.8232940163016,2.7033561794878644,3.7637441132208926,3.9802325474216094,6230.7692307692305,6.698685420226641e-6,647.9957295034013,0.025,0.33783783783783783,1-0-1273-1,iyF,UT_016,016,2,fave,77.63098031598452,62.74448999817014,10,we,1,0.0500489999999445,"",would,W,#,W,W,final
371.3539077350675,2360.7484539874213,2879.5126888997447,3.0477968823051627,4.015714834888445,4.414374166978781,6230.7692307692305,0.00021195720924136748,658.2161664965987,0.035,0.33653846153846156,1-0-1303-1,iyF,UT_016,016,2,fave,84.9295043741409,67.93256491763027,10,he,1,0.07995599999992464,or,would,HH,#,HH,W,final
417.2479823826949,2371.1089364029594,3048.9506611169063,3.2215649872902072,3.8213138128373165,4.321722182677927,6230.7692307692305,0.0030572596137824776,662.0671395034013,0.07700000000000001,0.3290598290598291,1-0-1315-8,iyF,UT_016,016,2,fave,133.39566954493546,56.028255339350245,10,community,0,0.21002199999998084,the,"",T,#,T,"",final
460.79802687409614,2054.8210345757298,3122.3865457501133,3.1758130693339663,3.3740682765537424,4.305209766418193,7128.205128205128,0.00004304811600145789,691.4993431655329,0.027000000000000003,0.32142857142857145,1-0-1357-3,iyF,UT_016,016,2,fave,153.3814791267351,67.1410632567707,10,very,0,0.05999700000006669,was,young,R,#,R,Y,final
485.2769905564978,1745.464862500496,2792.1784372036814,3.4021069584824777,3.910211054427175,4.200715529515057,6410.25641025641,0.00005895125817328156,706.258841834467,0.035,0.33653846153846156,1-0-1412-1,iyF,UT_016,016,2,fave,192.43300932439956,62.63460834094789,10,we,1,0.080016999999998,"",would,W,#,W,W,final
353.13690930090496,1815.8440246444727,2709.7448042007345,3.3687747706809716,3.9631218470237948,4.584389793292449,6410.25641025641,0.0010922533847090967,710.8968568344671,0.031,0.32978723404255317,1-0-1425-1,iyF,UT_016,016,2,fave,80.2744232919154,58.4532099261058,10,we,1,0.07000699999991866,and,would,W,#,W,W,final
423.3317355129685,1696.456525992095,2630.3024183066345,3.3107503622109875,3.4555442451263367,4.269635771077903,6410.25641025641,0.000054648902168756526,735.5027668344671,0.027000000000000003,0.32142857142857145,1-0-1487-1,iyF,UT_016,016,2,fave,163.71935643310223,66.64541913422526,10,we,1,0.059996999999953005,"",would,W,#,W,W,final
410.6261394342019,2123.434532210597,3075.7864116369183,3.8061890373907947,4.186688103411703,4.068071779931987,6230.7692307692305,0.002905308448813556,740.1227461655329,0.047,0.3263888888888889,1-0-1510-4,iyF,UT_016,016,2,fave,156.92102923902561,58.40282575001547,10,family,0,0.11999499999990348,the,and,L,#,L,@,final
393.6351744679775,2018.160584982682,2758.581169153466,3.6556114799873307,4.064420526471708,4.159295645462646,5692.3076923076915,0.0017264365968369978,740.5597424965987,0.04100000000000001,0.3306451612903227,1-0-1513-1,iyF,UT_016,016,2,fave,76.93478783124249,56.591606852529466,10,we,1,0.09997599999996964,then,would,W,#,W,W,final
241.03505889129357,1980.111346434138,2299.2667819719186,3.8713692487456917,4.186610332286968,3.981307320942032,5333.333333333333,0.011816669629240346,745.3197581655329,0.04100000000000001,0.3306451612903227,1-0-1534-3,iyF,UT_016,016,2,fave,162.68149569630117,54.14767582103277,10,every,0,0.09997600000008333,dinner,night,R,#,R,N,final
426.8552672034523,2268.6757871123864,3299.097392578473,3.4353523746202272,3.5187073815891807,4.349904118718599,6230.7692307692305,0.0007948882107555138,749.5497505034014,0.04100000000000001,0.3306451612903227,1-0-1549-3,iyF,UT_016,016,2,fave,167.99772529740858,57.14127042916703,10,ready,0,0.10003599999993185,there,to,D,#,D,T,final
386.5849082755771,2514.911987653385,3373.5085371545365,3.145913477568213,4.282636279397905,4.46309408966621,6410.25641025641,0.0003219634934515848,765.4523461655328,0.027000000000000003,0.32142857142857145,1-0-1574-1,iyF,UT_016,016,2,fave,167.37254351814695,61.96950057580648,10,she,1,0.05999700000006669,"",would,SH,#,SH,W,final
364.0399952057055,2307.15050732382,3028.8403082186055,3.409614536166741,4.08508648497055,4.505260558314453,6410.25641025641,0.004466657306645521,768.3293425034014,0.061000000000000006,0.33152173913043487,1-0-1588-1,iyF,UT_016,016,2,fave,187.02921911405946,57.01170908328851,10,she,1,0.160033999999996,"","",SH,#,SH,"",final
530.022462208828,2003.4750335758272,2228.2797695577947,3.2338219332647347,4.132395456933449,3.9890058999661435,5871.794871794871,0.00015023622531374711,769.4023638344671,0.027000000000000003,0.32142857142857145,1-0-1592-3,iyF,UT_016,016,2,fave,79.17611527405282,60.509130103485724,10,very,0,0.05999700000006669,a,happy,R,#,R,HH,final
354.257499000792,2615.4922941198956,3041.7335250647216,3.0741503426391494,4.026518250615082,4.485310411341253,6230.7692307692305,0.09745021997206472,769.9563714965986,0.095,0.33450704225352107,1-0-1593-3,iyF,UT_016,016,2,fave,130.4875525567767,60.25874271701635,10,happy,0,0.259949000000006,very,"",P,#,P,"",final
402.0357312497196,2423.9523523195608,2975.2875190093387,3.8567772961822158,3.551795503683528,4.090353432709529,6051.282051282051,0.16395408354826713,772.5393445034015,0.101,0.3322368421052631,1-0-1602-3,iyF,UT_016,016,2,fave,309.70526588460854,49.99880322495883,10,belly,0,0.280029999999897,little,"",L,#,L,"",final
421.0835367677826,2105.718819458571,3098.785472001011,3.214346101346336,4.230814290729352,4.050330735446089,6230.7692307692305,0.000018125552940499655,773.9913411723356,0.025,0.33783783783783783,1-0-1608-3,iyF,UT_016,016,2,fave,156.47020045828157,57.90700289871238,10,belly,0,0.05004800000006071,larger,and,L,#,L,@,final
396.6931990534779,2240.2173942149166,2959.708207005077,3.208433048884409,3.4412156677040597,4.236669534615211,6230.7692307692305,0.00005297828917102563,779.206351834467,0.035,0.33653846153846156,1-0-1626-1,iyF,UT_016,016,2,fave,162.79960199640652,65.7680300627689,10,she,1,0.080016999999998,remember,had,SH,#,SH,HH,final
355.55198330305933,2486.8806535134954,3111.9861726057015,3.262124937862992,3.8512159940894097,4.303802678918451,6230.7692307692305,0.0008045133270175584,782.1593581655329,0.04100000000000001,0.3306451612903227,1-0-1632-4,iyF,UT_016,016,2,fave,151.88772963735434,63.33088355929739,10,candy,0,0.09997500000008586,a,drawer,D,#,D,D,final
345.0034011827053,2385.07029410104,3131.030577703614,3.103988551659865,3.397311539534992,4.477252141626427,6230.7692307692305,0.00020905828733145206,786.3643248344671,0.031,0.32978723404255317,1-0-1650-4,iyF,UT_016,016,2,fave,162.6432339865284,57.858103574075585,10,candy,0,0.07000700000003235,of,from,D,#,D,F,final
349.3179985239257,2521.9945578670468,3139.5183752789726,3.0354427675717837,3.7908212867253654,4.602816801875822,6230.7692307692305,0.006284579486408735,787.2663445034013,0.055,0.3353658536585366,1-0-1653-4,iyF,UT_016,016,2,fave,162.15822229665963,55.86375340590421,10,candy,0,0.1400149999999485,her,"",D,#,D,"",final
353.2557445276732,2348.5051318442047,2709.212176537016,2.617559275683368,4.546871578839312,3.5891581349888595,6051.282051282051,0.00029042737002194375,795.7246288344671,0.027000000000000003,0.32142857142857145,1-0-1685-1,iyF,UT_016,016,2,fave,176.60511262104015,57.78582319444245,10,he,1,0.05999800000006417,when,was,HH,#,HH,W,final
414.4953930907557,2030.1047984957565,2709.224137431456,2.8996754406876595,4.296720076283002,3.7524072274891296,6410.25641025641,0.000151076442795445,797.2246288344671,0.027000000000000003,0.32142857142857145,1-0-1690-1,iyF,UT_016,016,2,fave,94.02752162981484,71.50744837938382,10,we,1,0.05999800000006417,"",would,W,#,W,W,final
410.8421838507602,2285.77288937265,2717.3014086026747,3.102859840912738,3.851372570648506,4.02739509625186,6410.25641025641,0.0002868129643119686,810.9086658276644,0.035,0.33653846153846156,1-0-1738-1,iyF,UT_016,016,2,fave,87.37184441324595,67.45788432730461,10,be,0,0.07995599999992464,"",the,B,#,B,DH,final
363.1827594331762,2051.978805317237,2960.6791314881525,3.542454815211448,3.7219943326791864,4.260940376795026,6769.2307692307695,0.0002302688812372669,833.1857505034014,0.037,0.32456140350877194,1-0-1810-1,iyF,UT_016,016,2,fave,150.83161605499697,61.504662788789766,10,we,1,0.09002699999996366,when,she,W,#,W,SH,final
409.9085521460091,2011.750634010052,2581.0688571369906,2.915957706517275,3.7316993587868033,4.137093491646479,6230.7692307692305,0.00003430288204963417,833.4697341723356,0.025,0.33783783783783783,1-0-1811-1,iyF,UT_016,016,2,fave,NaN,62.415527398779425,10,she,1,0.050049000000058186,we,would,SH,#,SH,W,final
448.90169606491804,2252.0141975978813,2678.7837445728624,2.981156336421175,4.306888065582918,4.502983393821216,6230.7692307692305,0.0003632330437499501,898.0554398344672,0.027000000000000003,0.32142857142857145,1-0-1998-5,iyF,UT_016,016,2,fave,153.76464548766754,61.10048537426838,10,marjorie,0,0.05999799999995048,aunt,was,R,#,R,W,final
498.48970929560943,2087.6768550638167,2976.8201227716154,3.4419892327960904,3.50417307122544,4.1463901961504686,6410.25641025641,0.00016237403483186817,937.6289564965987,0.04100000000000001,0.3306451612903227,1-0-2058-3,iyF,UT_016,016,2,fave,186.21102978431696,63.5392385188203,10,really,0,0.09997600000008333,i,enjoy,L,#,L,i,final
323.716074262973,2661.643758573653,3013.024279225999,3.1314350804816313,4.568654966266069,4.153041425676321,6051.282051282051,0.005482459005641078,942.5709494965987,0.065,0.33505154639175255,1-0-2075-1,iyF,UT_016,016,2,fave,147.74930312665182,58.693684391220316,10,me,1,0.169983000000002,for,"",M,#,M,"",final
426.38747406304117,2369.7537088630315,3013.8656413722183,2.9950978184830905,4.30937910595461,4.298408920817246,6230.7692307692305,0.0019477005915272648,950.6319531655329,0.067,0.3284313725490196,1-0-2087-3,iyF,UT_016,016,2,fave,217.4352984097572,64.93495295219348,10,really,0,0.17999199999997018,i,"",L,#,L,"",final
414.0014381696535,2601.3488632891676,3075.556275891756,3.1155254092685465,3.908371129610265,4.222712751455338,6410.25641025641,0.004047391507876655,953.458970165533,0.061000000000000006,0.3315217391304348,1-0-2098-1,iyF,UT_016,016,2,fave,209.52304369976716,61.3098823852203,10,me,1,0.15997300000003634,to,"",M,#,M,"",final
383.2062840322875,2093.109144025376,2402.5913670596774,3.4991848225075057,3.8744505402934815,4.432593206551018,6589.74358974359,0.0005226086534955252,964.3304484965986,0.037000000000000005,0.324561403508772,1-0-2120-3,iyF,UT_016,016,2,fave,75.53138152448592,58.66887265321383,10,very,0,0.08996500000000651,am,knowledgeable,R,#,R,N,final
394.73266736910335,2570.8282713945523,2891.8413634198023,2.9585586298111806,4.019319014204148,4.610013726115016,6410.25641025641,0.0022227293680029646,987.3261614965987,0.04100000000000001,0.3306451612903227,1-0-2193-6,iyF,UT_016,016,2,fave,90.86150111029266,57.61467214649487,10,ability,0,0.09997599999996964,"",to,T,#,T,T,final
356.1390904507991,2613.6883558957857,3190.6425235409815,2.9638697938894842,4.378295376535924,4.749289554763589,7487.179487179487,0.002333737216947186,992.8611508344671,0.031,0.32978723404255317,1-0-2210-1,iyF,UT_016,016,2,fave,83.65223039918342,54.65967217933239,10,me,1,0.07000699999991866,helps,understand,M,#,M,ʌ,final
468.3481366854344,2089.6234281037555,3022.1940469090287,3.2513920400839162,4.126230342140419,4.587866010310169,6230.7692307692305,0.001682621775699021,1020.053335834467,0.035,0.33653846153846156,1-0-2233-2,iyF,UT_016,016,2,fave,77.25535543653184,56.29835859310511,10,early,0,0.08001799999999548,the,childhood,L,#,L,CH,final
393.29598271810767,2310.6947384051846,3151.3526737076822,3.251658447185318,3.4249262456316494,4.60312865804107,7307.692307692308,0.0024811834496888583,1024.884497834467,0.091,0.3321167883211679,1-0-2243-2,iyF,UT_016,016,2,fave,145.73584543558303,61.73754417339203,10,three,1,0.25,taught,"",R,#,R,"",final
331.798648191306,2075.8769587952324,2946.5690374881756,3.6950805373320463,4.087103921494055,4.250015644181962,6230.7692307692305,0.005603484249734325,1040.5374255034014,0.057,0.32758620689655177,1-0-2289-11,iyF,UT_016,016,2,fave,170.43763542735883,48.09808923275387,10,consistently,0,0.15002400000003036,"","",L,#,L,"",final
428.90542367767,2422.3017019588215,3031.560009806815,3.2281076992033406,4.198550321827452,4.287318511376152,6410.25641025641,0.010416734911663944,1056.0702705034016,0.141,0.33254716981132065,1-0-2300-6,iyF,UT_016,016,2,fave,112.30926846832055,58.96549354590828,10,ability,0,0.400023999999803,their,"",T,#,T,"",final
400.23938485967,2373.6631727308727,3006.833820874857,2.9760563998716862,3.847257517816262,4.731173818254585,6589.74358974359,0.001423786875504275,1072.7353924965987,0.035,0.33653846153846156,1-0-2329-1,iyF,UT_016,016,2,fave,172.52199867656716,68.34833659673019,10,see,1,0.07995600000003833,and,things,S,#,S,TH,final
411.93099614929594,2399.572158012531,2906.9219801047034,3.176924665683069,3.8053553514871066,4.2068163268803636,6410.25641025641,0.00012300700448326316,1117.26271784127,0.031,0.32978723404255317,1-0-2398-1,iyF,UT_016,016,2,fave,81.61876902691097,61.061965534741944,10,we,1,0.07006900000010319,adult,have,W,#,W,HH,final
407.6877347535349,2342.339553586464,2695.164944893007,2.8749758787931494,4.28464135292309,4.035377930539864,6410.25641025641,0.0007876154989820988,1119.450749165533,0.047,0.3263888888888889,1-0-2404-1,iyF,UT_016,016,2,fave,117.15463120617387,61.011055132205364,10,we,1,0.11999500000001717,that,already,W,#,W,o,final
408.7311871737726,2481.8532753807294,3247.9945684471145,3.6276274967041373,3.7382502733985503,4.5181934393732295,6589.74358974359,0.03504772554627751,1119.9457178276643,0.07700000000000001,0.3290598290598291,1-0-2405-5,iyF,UT_016,016,2,fave,128.87373290651158,54.03274921461169,10,already,0,0.20996100000002116,we,"",D,#,D,"",final
375.64231655550594,2669.5676476798862,3691.775359750189,3.100673099377909,3.9627000281877423,4.218549903852856,7128.205128205128,0.0003614996131721574,1121.7558024965986,0.037,0.32456140350877194,1-0-2409-1,iyF,UT_016,016,2,fave,156.11141841793696,66.92964678461992,10,we,1,0.08996499999989283,"",have,W,#,W,HH,final
367.7207832490773,2572.940314996841,2854.3249401162147,3.359064876605239,3.9108655470732834,4.631738483364673,6589.74358974359,0.058036792299503356,1135.0307425102042,0.07899999999999999,0.3376068376068376,1-0-2451-1,iyF,UT_016,016,2,fave,154.04935239700885,57.40960072234134,10,we,1,0.2100829999999405,know,"",W,#,W,"",final
351.20389460937633,2102.095426529276,2669.221466271031,2.5723861842941553,4.2842507469425355,4.356134437489068,6051.282051282051,0.0019436698604648542,1135.6417134965984,0.04100000000000001,0.3306451612903227,1-0-2453-1,iyF,UT_016,016,2,fave,164.58502005332437,71.42495872690805,10,we,1,0.09997500000008586,"",know,W,#,W,N,final
401.55028179257715,2461.0126393377536,2879.7223845147773,3.305492971872271,3.8994542244465733,3.9469272273486142,6230.7692307692305,0.0004352622592796406,1202.4684754965988,0.08099999999999999,0.3319672131147541,1-0-2623-1,iyF,UT_016,016,2,fave,154.03353826624843,59.297110985538566,10,see,1,0.21997099999998682,and,that,S,#,S,DH,final
394.18468125327644,2522.726568428878,2930.5164198389316,3.1178077250025056,4.201473592349984,4.163966962057538,6230.7692307692305,0.00013534573819596354,1212.9685474965988,0.035,0.33653846153846156,1-0-2651-1,iyF,UT_016,016,2,fave,77.50244544548656,62.96964911554104,10,see,1,0.07995600000003833,can,that,S,#,S,DH,final
410.07769951215073,2418.074095771684,2948.442460342074,3.448639674489929,4.109700093643956,4.120371388942762,6051.282051282051,0.06016018305797979,1225.2435345034012,0.145,0.3341013824884792,1-0-2690-1,iyF,UT_016,016,2,fave,152.55684561387062,57.04169284346036,10,the,0,0.4100350000001072,and,"",DH,#,DH,"",final
397.37553389564897,2184.452776127691,2641.6334396587204,3.6430289855489426,4.146158647306382,4.641143904428343,6051.282051282051,0.0016171120211501016,1331.0116608276642,0.027000000000000003,0.32142857142857145,1-0-2818-1,iyF,UT_016,016,2,fave,138.7985056200668,62.45064089916638,10,me,1,0.059936000000107015,like,to,M,#,M,T,final
416.68161197482954,2490.839281370122,3228.877820784537,3.3283420214098838,4.217479798500849,4.615461851124215,6230.7692307692305,0.012831169841474463,1359.06368915873,0.061000000000000006,0.33152173913043487,1-0-2859-4,iyF,UT_016,016,2,fave,91.06645201323842,54.132897053129334,10,italy,0,0.15991200000007666,"","",L,#,L,"",final
429.6492816558213,2333.8817415860317,3076.342536091844,3.2937023368120326,4.233551845621428,4.5426414386479115,6410.25641025641,0.021155292105093728,1361.9116664965984,0.07700000000000001,0.3290598290598291,1-0-2867-1,iyF,UT_016,016,2,fave,263.76881971570464,49.973788180700424,10,the,0,0.20996100000002116,in,east,DH,#,DH,iy,final
442.16216602082955,2058.1231887416375,2825.0045246968352,2.8440013287970833,3.5318521583946034,3.4989769787532996,6589.74358974359,0.00012810639278878485,1379.9336175102042,0.040999999999999995,0.33064516129032256,1-0-2921-4,iyF,UT_016,016,2,fave,104.44598579610026,68.12666378448428,10,lovely,0,0.10009700000000521,had,buttons,L,#,L,B,final
359.8700451812645,2589.2758780531094,3114.491522551248,2.969604443477483,4.509924816548056,3.902540698671642,6230.7692307692305,0.0007917701028162408,1383.73251484127,0.037,0.32456140350877194,1-0-2930-3,iyF,UT_016,016,2,fave,181.78124045643517,61.308280777724505,10,tiny,0,0.09008799999992334,her,kittens,N,#,N,K,final
414.29319295098776,2359.587112741007,2765.438620993929,2.5729194639646455,3.8891092673733554,3.7383007772415784,6410.25641025641,0.00005048667741636086,1390.4102481723357,0.027000000000000003,0.32142857142857145,1-0-2947-1,iyF,UT_016,016,2,fave,206.93366012371015,70.01016709699074,10,he,1,0.060058999999910156,"",was,HH,#,HH,W,final
379.8829539208374,2481.688269192392,2998.5375775674775,3.173058557641666,4.1826731726046615,4.31689994484341,6410.25641025641,0.0010032387731198967,1407.9802958344671,0.047,0.3263888888888889,1-0-2997-3,iyF,UT_016,016,2,fave,287.39400962746606,68.97073228486931,10,many,0,0.11999500000001717,"",children,N,#,N,CH,final
428.7910440856416,2197.28477960103,2986.5095733700264,3.668615699324288,3.7452199004144466,3.862425029735695,6230.7692307692305,0.008763188605923254,1413.0954491655327,0.051000000000000004,0.3311688311688312,1-0-3011-5,iyF,UT_016,016,2,fave,211.0651402353874,47.311211234740966,10,noisily,0,0.13000499999998283,fountain,"",L,#,L,"",final
437.1484440755222,2472.9986624030857,2939.091546210515,3.7142275451990767,4.134033216239564,4.396919372149346,6410.25641025641,0.006415115759021669,1434.1784108344673,0.057,0.32758620689655177,1-0-3067-3,iyF,UT_016,016,2,fave,-676.4247970114594,46.220803262884374,10,daily,0,0.15002499999991414,udder,"",L,#,L,"",final
396.7893686241804,2484.295896645859,2953.6507312828753,3.287206969909127,4.593890133977602,3.762462440457439,6410.25641025641,0.0028084060151303105,1443.3979918344673,0.055,0.3353658536585366,1-0-3088-3,iyF,UT_016,016,2,fave,116.6087772448957,59.03361004630418,10,many,0,0.1400149999999485,has,"",N,#,N,"",final
400.77955120421603,2236.815376745426,2793.1130623952,3.3067716886229217,4.2518304021097695,4.672771033641118,7128.205128205128,0.004939275838672666,1451.863079165533,0.045,0.3358208955223881,1-0-3110-4,iyF,UT_016,016,2,fave,164.67142725208976,52.83295273066322,10,firmly,0,0.10998500000005151,nail,"",L,#,L,"",final
398.6869249759874,2482.4908187239203,3113.0386692249053,3.1598852091241154,3.542716709385194,3.9793913730751025,6410.25641025641,0.0002152985232315638,1471.7424478276644,0.075,0.3348214285714286,1-0-3169-1,iyF,UT_016,016,2,fave,80.50717361557106,60.446691884905775,10,the,0,0.1999510000000555,for,event,DH,#,DH,i,final
450.2578539194991,2324.236469441325,2899.027350855111,3.0619146398230925,3.9490309174540017,4.117907091157991,6051.282051282051,0.0058235032974422165,1504.0938685034014,0.061000000000000006,0.33152173913043487,1-0-3252-4,iyF,UT_016,016,2,fave,156.7564524596867,58.85394466735904,10,italy,0,0.1600349999998798,"","",L,#,L,"",final
697.9435488838525,1682.3758747774348,3594.3440569311397,3.0143262368808097,3.5994163904861667,4.85685530775387,6230.7692307692305,0.002700771849244107,41.43244716553288,0.037,0.32456140350877194,1-0-2-1,e,UT_016,016,2,fave,149.0597464517202,56.54170587372988,10,seven,1,0.09000000000000341,forty,"",S,V,S,V,internal
814.6346971828116,1899.0693668380873,2948.9776559864354,3.9941431620567247,3.212143126500478,3.3906023653030934,6230.7692307692305,0.001261781772802698,94.35665016553287,0.167,0.3313492063492064,1-0-66-1,e,UT_016,016,2,fave,168.18528421676376,46.948515383943985,10,then,1,0.47999599999999987,and,"",DH,N,DH,N,internal
564.0216797998586,1811.3926373517324,2377.3847927688525,3.20687290389834,3.6933682331790156,4.121714678590313,6230.7692307692305,0.0002687354125091409,133.92654583446713,0.045,0.3358208955223881,1-0-109-1,e,UT_016,016,2,fave,88.0525355730936,55.674007770408416,10,ready,1,0.1100009999999827,get,for,R,D,R,D,internal
511.18806558191955,1646.0445558477384,2708.53842534733,3.688134878780444,3.3701048848815733,4.220198932052318,5512.820512820513,0.0006539533157684709,136.1489411655329,0.031,0.32978723404255317,1-0-118-1,e,UT_016,016,2,fave,179.80526782422538,40.495053359803336,10,am,1,0.07000700000000393,"",a,ey,M,ey,M,internal
527.1237836190709,1771.7759364264077,2836.3135487059876,3.747430091508644,4.027829888126354,4.235573777103658,6051.282051282051,0.0001385655930185402,138.74595283446715,0.025,0.33783783783783783,1-0-126-0,e,UT_016,016,2,fave,83.25568495956888,49.540455620369876,10,elementary,2,0.05000299999997537,morgan,in,#,L,N,L,initial
745.6549240786511,1798.4132681200742,2833.3154029820653,3.2784034729794675,3.9210935162995244,4.164958702950559,6051.282051282051,0.00011451361760985544,139.0189511655329,0.031,0.32978723404255317,1-0-126-4,e,UT_016,016,2,fave,161.42251683762544,48.832056329325766,10,elementary,1,0.06999199999998496,morgan,in,M,N,M,N,internal
767.6518878193255,1941.7953208161857,2891.8496490947596,3.3898792566190594,3.539696693494223,3.9057024058319487,6051.282051282051,0.001708900865074375,148.76825416553288,0.215,0.33385093167701857,1-0-146-1,e,UT_016,016,2,fave,163.1785277644413,50.98113300803004,10,then,1,0.6199950000000172,and,prep,DH,N,DH,N,internal
740.0751086900866,1678.447322275438,2842.709373634717,3.2794912421150295,3.639640942763809,4.526867532603776,6589.74358974359,0.00007612735622835007,149.69424316553287,0.027000000000000003,0.32142857142857145,1-0-147-2,e,UT_016,016,2,fave,92.55734355821045,56.0898149019191,10,prep,1,0.05999800000000732,then,for,R,P,R,P,internal
506.7685918033631,1817.0683480002726,2691.852103525365,3.8337229226751015,3.587124471750335,4.1140860194002045,6051.282051282051,0.00009649487731146812,150.74625183446713,0.031,0.32978723404255317,1-0-152-1,e,UT_016,016,2,fave,175.2374520669715,52.663291853101654,10,then,1,0.0700080000000014,and,come,DH,N,DH,N,internal
735.1559586777315,1878.9628428920025,2908.56202320533,3.0797355040850913,3.9211111457706487,4.2548803662774946,6230.7692307692305,0.0017336384884809703,181.75824916553287,0.119,0.33615819209039544,1-0-206-1,e,UT_016,016,2,fave,163.41218184340124,55.4541305487689,10,then,1,0.33000100000001,and,[bracketed],DH,N,DH,N,internal
485.4986070247155,2147.5984716015873,2844.2051471119307,3.137176246107636,3.3243621408561563,3.76129045248672,6230.7692307692305,0.0001526944015296439,200.9261431655329,0.04100000000000001,0.3306451612903227,1-0-249-1,e,UT_016,016,2,fave,150.05631238618088,58.61634795466686,10,get,1,0.10000600000000759,to,through,G,T,G,T,internal
721.313126580918,1454.0426686318883,3021.593124352972,3.4595593460180916,3.785120137124781,5.127027472711946,6051.282051282051,0.00003714119884876213,202.59815583446715,0.025,0.33783783783783783,1-0-255-3,e,UT_016,016,2,fave,NaN,59.688248491045385,10,accelerated,1,0.05000299999997537,an,pace,S,L,S,L,internal
590.166964655941,1901.591582603841,2667.030958246861,3.4890508976950665,3.59935683240795,3.7039652786930084,6051.282051282051,0.00009965215866333402,203.93415216553288,0.037000000000000005,0.324561403508772,1-0-260-0,e,UT_016,016,2,fave,154.22600999792124,53.62435014718193,10,enter,1,0.08999700000001098,could,the,#,N,D,N,initial
804.5947549966096,1847.4191036976865,2652.053151181977,3.2590523629408117,3.755492943458803,4.260018166328365,5692.3076923076915,0.0018271060378043072,207.8551421655329,0.119,0.3361581920903954,1-0-273-1,e,UT_016,016,2,fave,1053.996788083915,51.00480516736885,10,debt,1,0.33000199999997903,of,"",D,T,D,T,internal
548.9214400623821,1722.4570605336762,2983.0733922623194,3.145198739122118,3.830736352020499,4.190375999784618,5692.3076923076915,0.00008641206560288335,210.64114983446711,0.031,0.32978723404255317,1-0-277-1,e,UT_016,016,2,fave,164.71462019480285,63.19298605959355,10,there,1,0.07000700000000393,"",was,DH,R,DH,R,internal
608.8885235990982,1514.9505530326135,2677.835282656246,3.40552668385497,3.7381041392514605,4.154886831146087,6230.7692307692305,0.0006449349636438341,214.8211521655329,0.031,0.32978723404255317,1-0-296-1,e,UT_016,016,2,fave,107.16623751447084,54.34565116819531,10,went,1,0.06999199999998496,i,through,W,N,W,N,internal
688.8361461384197,1941.4228978159308,2847.1201189021685,3.4706981328105972,3.3424944694172942,3.905242764080905,6230.7692307692305,0.00001104524302936072,233.81064983446714,0.025,0.33783783783783783,1-0-337-2,e,UT_016,016,2,fave,83.2013470550315,55.49517294943161,10,attend,1,0.050003000000003794,would,classes,T,N,T,N,internal
677.1569078101938,1824.5268346835362,2892.7172726243725,3.5985330907865887,3.5179866207583346,4.414132207664517,6230.7692307692305,0.000020230340672736448,235.19065483446713,0.025,0.33783783783783783,1-0-342-2,e,UT_016,016,2,fave,82.78225255490733,52.90651446684102,10,attended,1,0.050003000000003794,i,classes,T,N,T,N,internal
682.1628382380443,1597.7612927999107,2810.172956398605,3.5214831144140692,3.944987260859566,4.494700861760352,6410.25641025641,0.00016236911080678553,255.05775083446713,0.025,0.33783783783783783,1-0-406-2,e,UT_016,016,2,fave,80.67556000118508,57.88789367989813,10,special,1,0.050003000000003794,got,permission,P,SH,P,SH,internal
681.9689649870339,1656.4135298398348,2033.7537712975109,2.937440000890637,3.784166728280865,5.021450393724516,6230.7692307692305,0.0006279773896176816,318.6367445034014,0.027000000000000003,0.32142857142857145,1-0-501-3,e,UT_016,016,2,fave,NaN,60.34751831424879,10,exceptional,1,0.060027999999988424,"",pie,S,P,S,P,internal
727.3284629227498,1653.4779093176844,2394.3686800364185,3.251876466431202,3.338578613137261,4.475825592320993,5512.820512820513,0.0004888960212540697,322.99003783446716,0.045,0.3358208955223881,1-0-513-1,e,UT_016,016,2,fave,78.78973646127726,58.2493736775972,10,best,1,0.11001599999997325,the,homemade,B,S,B,S,internal
611.073940448333,1687.7602512647538,3086.951991090042,3.6438481204947952,3.9117523008496393,4.45605673513033,6230.7692307692305,0.00007638530207371678,362.70075083446716,0.031,0.32978723404255317,1-0-616-1,e,UT_016,016,2,fave,189.87707204329945,60.37482954215152,10,nemesis,1,0.0700069999999755,my,"",N,M,N,M,internal
850.6543474095397,1830.4661111724513,3318.7966052717466,3.527912248618886,3.499441157932956,4.281286452010732,6410.25641025641,0.0006040677329052135,377.1701554965986,0.04100000000000001,0.3306451612903227,1-0-633-3,e,UT_016,016,2,fave,157.32470454708417,59.28457126396117,10,remember,1,0.09997600000002649,"","",M,M,M,M,internal
629.9817104476873,1813.0896230251476,3243.112815431374,3.932448480240785,3.550075117236933,4.323297369792965,6410.25641025641,0.00023594159605154692,381.6346544965986,0.035,0.33653846153846156,1-0-649-1,e,UT_016,016,2,fave,139.09003958669513,57.30927289363481,10,memory,1,0.07998599999996259,childhood,"",M,M,M,M,internal
703.3713464474677,1835.9368068986987,2820.4304668247764,3.3002969928253267,3.507711030404542,4.009964064353439,6051.282051282051,0.0006380252046931861,390.6096554965986,0.045,0.3358208955223881,1-0-680-0,e,UT_016,016,2,fave,1306.2163474517981,54.67622648058437,10,edges,1,0.10998499999999467,the,"",#,JH,@,JH,initial
544.1181757351126,1285.353938337543,3355.4288286562746,3.136470777737542,3.643805128128845,3.3410578816800975,6230.7692307692305,0.00009806310629321415,395.9648601655329,0.035,0.3365384615384616,1-0-700-0,e,UT_016,016,2,fave,175.84857039240498,63.61134979609183,10,as,1,0.0799870000000169,beautiful,they,#,Z,L,Z,initial
674.9199650235817,1683.3453939093229,4635.2638029422205,3.393192535401667,3.66814322808794,4.874785645120818,8384.615384615383,0.006111516664734865,444.8136488344671,0.027000000000000003,0.32142857142857145,1-0-749-2,e,UT_016,016,2,fave,163.18085989883593,65.28778296141415,10,special,1,0.05999800000000732,"",place,P,SH,P,SH,internal
724.9362627263403,1755.49402785542,2843.9217947499747,3.8218104159957265,3.4843386629694586,4.132326475979309,6410.25641025641,0.0006815955045829352,451.1118561655329,0.037,0.32456140350877194,1-0-767-1,e,UT_016,016,2,fave,77.88476725780144,59.95171154882827,10,memories,1,0.08999599999998509,core,of,M,M,M,M,internal
579.4835947429649,1720.3691210250283,2482.8082609813905,3.4575140458983498,3.0474361722338235,3.712811228498746,6948.717948717948,0.00006301188917714117,460.55884383446715,0.031,0.32978723404255317,1-0-794-1,e,UT_016,016,2,fave,154.32821412402612,66.23898043322278,10,very,1,0.0700069999999755,a,different,V,R,V,R,internal
729.0216682682717,1751.8107618367417,3397.8248845404783,3.5777092201451666,3.8380023135583237,4.4589756189747805,6948.717948717948,0.0016303475853233136,477.13385083446707,0.04100000000000001,0.3306451612903227,1-0-838-3,e,UT_016,016,2,fave,180.1174338391472,59.93823479821516,10,stresses,1,0.10000600000000759,and,of,R,S,R,S,internal
668.3987398054786,1610.9149322160156,2889.4035294174123,3.3957157281811687,3.672471867933326,4.233965026970555,6230.7692307692305,0.0006095935194794002,484.28014283446714,0.035,0.33653846153846156,1-0-861-1,e,UT_016,016,2,fave,77.13495867799188,57.49825718917489,10,felt,1,0.080016999999998,i,safe,F,L,F,L,internal
659.4299403118844,1784.9627453806168,3213.691374426854,3.205433174563905,3.7763467852612367,4.643597547602366,6769.2307692307695,0.0021076801629892382,489.93015216553283,0.055,0.33536585365853655,1-0-876-1,e,UT_016,016,2,fave,148.52834979192235,57.543303440633004,10,there,1,0.13998400000002675,weren't,"",DH,R,DH,R,internal
603.5805226304041,1840.2230369147846,2754.6699885994162,3.4581985774740245,3.3963933418386762,4.489740717260378,6769.2307692307695,0.003105673293764803,496.7138531655329,0.035,0.33653846153846156,1-0-887-1,e,UT_016,016,2,fave,95.6129040165819,58.272520324705525,10,very,1,0.0799870000000169,have,"",V,R,V,R,internal
783.8314940809324,1767.4046902072052,2766.9246652651236,3.411133761659031,3.574294622767872,3.819960520378636,6051.282051282051,0.00009725821899926887,498.6238571655329,0.035,0.3365384615384616,1-0-891-1,e,UT_016,016,2,fave,132.0256448161824,54.963959226296886,10,memories,1,0.07998600000001943,core,"",M,M,M,M,internal
779.1868337503453,1846.6073313212628,2567.654075323767,3.22617871787506,3.6543278347347785,5.014655537481501,5871.794871794871,0.0012886330650924616,509.5277451655329,0.047,0.3263888888888889,1-0-916-1,e,UT_016,016,2,fave,194.0460378093335,57.54367835046867,10,heck,1,0.11999499999996033,mean,"",HH,K,HH,K,internal
542.467711004225,1511.4713513569052,2997.9304091228337,4.261134699574287,3.6703665372658776,3.7895189864575616,6410.25641025641,0.0006823120732162516,556.8981461655329,0.027000000000000003,0.32142857142857145,1-0-1038-2,e,UT_016,016,2,fave,81.3925756737996,60.94139046606652,10,when,1,0.05999799999995048,"",dad,W,N,W,N,internal
481.3809851332112,1815.1507151069425,2392.7444884149195,3.897000400366371,3.317830944787069,4.203003761329418,5512.820512820513,0.0008113128942586476,558.7531278344671,0.037,0.32456140350877194,1-0-1045-3,e,UT_016,016,2,fave,79.86261050981491,57.03399660192951,10,remember,1,0.09002699999996366,i,laying,M,M,M,M,internal
763.4652902132084,1752.098222697504,2304.5973971232693,3.4723539910573855,3.243591600768799,4.216300454274951,5512.820512820513,0.0036206046826179816,585.8642398344671,0.055,0.3353658536585366,1-0-1134-2,e,UT_016,016,2,fave,58.747855985340486,58.869424839427175,10,friends,1,0.140013999999951,"",and,R,N,R,N,internal
521.4487369897372,1677.9197297613237,2281.7732237905984,3.600989996397202,3.6351072905092274,4.4167286644215284,6589.74358974359,0.002112775424612094,594.861638834467,0.031,0.32978723404255317,1-0-1158-1,e,UT_016,016,2,fave,161.07758100362648,62.18916977078972,10,very,1,0.07000800000002982,[bracketed],fond,V,R,V,R,internal
667.0459871805942,1807.6548175543026,2995.202305182542,4.264536215449571,3.4937781097414504,3.87296942098062,6948.717948717948,0.0004196251466082443,595.5346714965987,0.037,0.32456140350877194,1-0-1160-1,e,UT_016,016,2,fave,148.52968859529543,56.932488520002806,10,memory,1,0.08996600000000399,fond,you,M,M,M,M,internal
568.5086725670429,1644.990598302072,3105.770470387851,3.2411725734346,2.9393770917415254,4.1117792962610835,6230.7692307692305,0.0007488843429214302,622.7859534965986,0.037000000000000005,0.324561403508772,1-0-1201-1,e,UT_016,016,2,fave,481.896604482184,58.8761016135739,10,their,1,0.08996600000000399,"",subs,DH,R,DH,R,internal
708.150985329702,1820.8732433724829,2988.163071030661,4.112509757572917,3.935523427175664,4.49767807056705,6410.25641025641,0.026440979106592453,634.8815291655328,0.135,0.3341584158415842,1-0-1239-1,e,UT_016,016,2,fave,6.398800641835012,54.03006322758225,10,them,1,0.3800050000000965,raise,"",DH,M,DH,M,internal
631.806274189591,1676.413871836378,2725.4060624673707,3.5482702784760067,3.599883482997535,4.602933641281326,6230.7692307692305,0.0026978504040935415,637.9525638276643,0.057,0.32758620689655177,1-0-1252-5,e,UT_016,016,2,fave,151.24248949584378,53.83878285238169,10,thoroughbreds,1,0.14996400000006815,of,and,R,D,R,D,internal
524.137610955758,1639.3465537326722,2905.6476240964885,3.4465967238671875,3.2653529890130866,3.686600756214976,6051.282051282051,0.0005783312853874142,658.7291325034014,0.040999999999999995,0.33064516129032256,1-0-1306-0,e,UT_016,016,2,fave,80.13441631986264,63.2298142388481,10,em,1,0.10003699999992932,use,to,#,M,Z,M,initial
625.3638084713061,1644.8686015599992,3242.218404574512,3.4872371756228544,3.4871383808350873,4.73763903853007,6589.74358974359,0.00139226490910961,659.3671418344671,0.037000000000000005,0.324561403508772,1-0-1308-1,e,UT_016,016,2,fave,76.63833283928848,62.156416432884484,10,sell,1,0.09002699999996366,to,to,S,L,S,L,internal
603.6354371547426,1925.1334676197462,2977.7826270496703,3.3402863206920115,3.50440701298834,3.994577827003116,6230.7692307692305,0.0004741742216030144,685.1363424965987,0.040999999999999995,0.33064516129032256,1-0-1337-1,e,UT_016,016,2,fave,90.40636902219383,64.12632093155253,10,yes,1,0.09997500000008586,"",i,Y,S,Y,S,internal
499.1595348661244,1673.1788835911307,2248.999506519758,3.299982785514706,3.8633212545496325,4.160210116449528,6410.25641025641,1.941941321089497e-6,691.3483351723356,0.025,0.33783783783783783,1-0-1357-1,e,UT_016,016,2,fave,154.17069069730462,68.23166879269438,10,very,1,0.050049000000058186,was,young,V,R,V,R,internal
557.4960155314714,1590.4408495044286,2565.7272519753633,4.013991333786376,3.2743379268188435,4.300132976515203,6230.7692307692305,0.0003583482710998367,691.9633538276644,0.035,0.3365384615384616,1-0-1359-1,e,UT_016,016,2,fave,152.66799753749848,62.50978861045593,10,when,1,0.07995600000003833,young,when,W,N,W,N,internal
708.6711568903362,1449.8462576770232,2920.752404445425,3.6381221340587064,3.684383925660106,4.043991212860866,6230.7692307692305,0.00005500733585992029,692.2993301655329,0.027000000000000003,0.32142857142857145,1-0-1360-2,e,UT_016,016,2,fave,162.03879076787712,62.51210529238367,10,when,1,0.05999800000006417,when,i,W,N,W,N,internal
340.4668064828303,1289.6362086738127,3347.173071083939,3.502646018061156,3.571953885141119,4.336462826904336,6948.717948717948,0.00004685384073721563,692.5993408412697,0.027000000000000003,0.32142857142857145,1-0-1362-1,e,UT_016,016,2,fave,162.36152881664935,59.20389844268539,10,went,1,0.06005900000002384,i,but,W,N,W,N,internal
742.1366167584911,1929.6275368452923,2981.011755218625,3.5460832226571144,3.359605207241738,3.9616676086602935,6230.7692307692305,0.0012766831732642344,698.6056321655329,0.07100000000000001,0.33177570093457953,1-0-1386-1,e,UT_016,016,2,fave,75.97747677102078,59.835305912841854,10,them,1,0.190003000000047,know,"",DH,M,DH,M,internal
704.4257927999935,1848.0887482409419,2864.788014745988,3.4307611350696297,3.832734514577933,4.429875908750137,6230.7692307692305,0.00090634665253438,706.9048568344672,0.047,0.3263888888888889,1-0-1415-3,e,UT_016,016,2,fave,161.0196134444813,59.34870167360098,10,together,1,0.11999499999990348,get,for,G,DH,G,DH,internal
678.5969379209048,1658.066540187142,2766.2048473839227,3.3656080442705747,3.3034920790509203,3.723253411437895,6589.74358974359,0.00004276075605164324,729.406729834467,0.035,0.33653846153846156,1-0-1468-2,e,UT_016,016,2,fave,161.4297371869832,67.18216813430105,10,spent,1,0.080016999999998,i,a,P,N,P,N,internal
734.0450253796567,1687.658843339304,3112.387205576695,3.5930858833740342,2.9159043392514623,3.7027600325928964,6230.7692307692305,0.000016511095867600206,740.3927751655328,0.027000000000000003,0.32142857142857145,1-0-1512-1,e,UT_016,016,2,fave,161.16311732664164,59.18424970573974,10,then,1,0.05999800000006417,and,we,DH,N,DH,N,internal
671.4014919604024,1711.283737188155,2113.2290044630017,3.661002540696915,4.031464316537849,4.015789387880052,5333.333333333333,0.0009262307797295983,745.106741834467,0.035,0.3365384615384616,1-0-1534-0,e,UT_016,016,2,fave,82.02427537395934,55.86214843995002,10,every,1,0.080016999999998,dinner,night,#,V,*hr,V,initial
578.7405972664543,1801.7600489644879,3095.9179870555654,3.771330941291802,3.759225379657694,4.099164632920397,6410.25641025641,0.0013132734359578289,749.1417661655329,0.045,0.3358208955223881,1-0-1548-1,e,UT_016,016,2,fave,177.25897296243178,59.72842624178622,10,there,1,0.10998500000005151,sitting,ready,DH,R,DH,R,internal
675.5759200114144,1768.9630575481342,2916.3254246624692,3.6485106333937045,3.8657083937357704,4.4646681750942285,6230.7692307692305,0.006262049204064799,749.3927718344671,0.047,0.3263888888888889,1-0-1549-1,e,UT_016,016,2,fave,164.2459633860254,57.05476755969585,10,ready,1,0.11999500000001717,there,to,R,D,R,D,internal
555.8958438987904,1498.0965769138224,2861.5657667003006,3.9627285035169395,3.995813556067916,4.116422044770118,6589.74358974359,0.00044754174302514773,764.4663665034013,0.035,0.3365384615384616,1-0-1570-1,e,UT_016,016,2,fave,170.13888621523276,63.90557746059431,10,when,1,0.080016999999998,[bracketed],she,W,N,W,N,internal
548.649555317005,1741.5825097583465,2555.3086906281765,3.3807676864091114,3.5323440299104387,4.383066834006055,6051.282051282051,0.000018597639825323946,769.2243708344671,0.031,0.32978723404255317,1-0-1592-1,e,UT_016,016,2,fave,160.67895181392834,64.75830560890361,10,very,1,0.07000700000003235,a,happy,V,R,V,R,internal
653.0645507225353,1758.8946385778013,2502.1206114787947,3.8547867396565136,3.003387481274344,3.863915516429939,5692.3076923076915,0.00015534045054817035,771.6663568276645,0.035,0.3365384615384616,1-0-1599-3,e,UT_016,016,2,fave,80.23981830899258,62.2530257814301,10,remember,1,0.07995599999992464,i,her,M,M,M,M,internal
624.8423873864036,1664.7749567594,2858.869663889092,3.425215076052349,3.551886842598276,4.193084642304174,6230.7692307692305,0.000588856683469111,773.7663488344671,0.035,0.33653846153846156,1-0-1608-1,e,UT_016,016,2,fave,71.5861198682185,56.42463513356167,10,belly,1,0.080016999999998,larger,and,B,L,B,L,internal
506.0568187711563,1365.3601137437,2993.0522254367384,3.7516328495922897,3.587041705326154,4.698146278827555,5871.794871794871,0.0011128522430490727,774.9843638276644,0.031,0.32978723404255317,1-0-1614-1,e,UT_016,016,2,fave,75.02608351103889,60.184873307198025,10,when,1,0.06994600000007267,jiggle,she,W,N,W,N,internal
678.5753564267982,1705.9952528808524,2350.5102380181825,4.093392813522019,3.082819252197411,3.550289742196402,5692.3076923076915,0.00025510757297120387,778.8563644965986,0.035,0.33653846153846156,1-0-1625-3,e,UT_016,016,2,fave,157.90692023071176,64.15491641558862,10,remember,1,0.07995600000003833,i,she,M,M,M,M,internal
684.6338347657139,1910.842349797882,3020.6846379034423,3.834832963077921,3.5117480031315296,3.988277749974021,6769.2307692307695,0.0001391459036049023,783.5243588344671,0.031,0.32978723404255317,1-0-1636-0,e,UT_016,016,2,fave,159.29002210036876,66.41808086992262,10,every,1,0.07000700000003235,and,time,#,V,D,V,initial
590.8632461972165,1858.442553570556,2689.190884437764,4.059161247530136,3.273112070908152,4.433064917967074,5692.3076923076915,0.00016222349033710192,809.1166438344671,0.031,0.32978723404255317,1-0-1731-3,e,UT_016,016,2,fave,157.10910250941564,60.603238305154456,10,remember,1,0.07000699999991866,i,my,M,M,M,M,internal
628.9079024798019,1655.4225354527725,3237.224827563863,3.502381167403718,3.0536576236220276,4.123188061018673,6410.25641025641,0.0017846916277477693,821.5857584965986,0.037000000000000005,0.324561403508772,1-0-1772-0,e,UT_016,016,2,fave,185.96249602733602,59.840704755469034,10,as,1,0.08996500000000651,"",they,#,Z,"",Z,initial
587.5981811187867,1966.3197953538033,2872.1926105076723,4.438871062458802,3.68020690211595,4.011868207109302,6410.25641025641,0.0011122976012211256,823.8547335034013,0.035,0.3365384615384616,1-0-1779-3,e,UT_016,016,2,fave,153.87702235247994,54.5577304289015,10,remember,1,0.080016999999998,i,"",M,M,M,M,internal
522.6520708132766,1588.0482334793978,2796.1481381126077,3.8017640574766465,3.6878550654469664,4.01665883941607,6410.25641025641,0.00041618823896168075,832.9647624965986,0.035,0.33653846153846156,1-0-1809-2,e,UT_016,016,2,fave,80.38371995978746,65.86645943993467,10,when,1,0.0799570000000358,and,we,W,N,W,N,internal
772.1652630092042,1707.5347473358445,2500.680458435158,3.944967333549219,3.6701963939255724,4.069425503439364,6230.7692307692305,0.0010074163288795541,834.1407511655328,0.047,0.3263888888888889,1-0-1814-0,e,UT_016,016,2,fave,78.96652870649704,59.61709116359807,10,em,1,0.11999600000001465,water,"",#,M,*hr,M,initial
698.4560743256261,1728.4309790364935,2770.376559041658,3.5320453957230797,3.610294675547912,4.084932247957033,6230.7692307692305,0.00003676729408183679,844.3112385034013,0.037,0.32456140350877194,1-0-1849-1,e,UT_016,016,2,fave,165.87579531481222,64.59027792968467,10,fence,1,0.09002700000007735,"",was,F,N,F,N,internal
571.4063370604737,1761.9782558423697,2707.97825711689,4.1526741733248915,3.8096256737482506,4.208582451564173,6230.7692307692305,0.0007035209481724723,845.9462421655329,0.027000000000000003,0.32142857142857145,1-0-1856-3,e,UT_016,016,2,fave,79.4494062159314,55.01976686390008,10,remember,1,0.05999799999995048,i,picking,M,M,M,M,internal
671.3956877018425,1422.5355076032467,3074.69785457932,4.1969048117754655,3.5473855035651805,4.186833887638981,6410.25641025641,0.00026724538425745994,850.7952295034013,0.025,0.33783783783783783,1-0-1872-1,e,UT_016,016,2,fave,83.97444234885953,61.407677764509494,10,when,1,0.050049000000058186,talking,i,W,N,W,N,internal
797.9520756210374,1413.596311005073,3054.6819001424437,3.186306143507764,3.86861736617425,4.53755950951815,6051.282051282051,0.0002715196234813239,882.6374568344671,0.031,0.32978723404255317,1-0-1948-0,e,UT_016,016,2,fave,84.65398051137215,61.88062101933476,10,elmo,1,0.07000700000003235,"",or,#,L,"",L,initial
597.458072840025,1794.3299046399147,3032.294562991645,4.101050293984142,3.8844507407304003,3.6758960115246446,5692.3076923076915,0.00001761826181075422,885.0444355034012,0.025,0.33783783783783783,1-0-1960-1,e,UT_016,016,2,fave,154.43975082485048,51.50369626453952,10,there,1,0.050049000000058186,and,"",DH,R,DH,R,internal
662.8155863319939,1628.8657995857045,3034.2790401096267,3.5100760242009588,3.578393159581106,4.421220401469437,6230.7692307692305,0.002105709952993905,893.4124654965987,0.040999999999999995,0.33064516129032256,1-0-1979-1,e,UT_016,016,2,fave,128.4849385491876,55.713815945194064,10,reservation,2,0.09997500000008586,navajo,"",R,Z,R,Z,internal
581.7070767308342,1261.997777442486,1897.3011722363817,3.610784763049263,3.814345482823846,4.300508285090364,5333.333333333333,0.000548539724082577,894.6254468344672,0.027000000000000003,0.32142857142857145,1-0-1984-1,e,UT_016,016,2,fave,-7383.262706365979,52.817993166792625,10,where,1,0.05999799999995048,remember,it,W,R,W,R,internal
560.4718295053563,2033.4535856223838,2656.501830066954,4.086183049157781,3.5503283855532737,4.389273892992802,6410.25641025641,0.00012685509083850953,896.6554711655328,0.027000000000000003,0.32142857142857145,1-0-1993-1,e,UT_016,016,2,fave,157.11768022144145,64.09862420128103,10,married,1,0.05999700000006669,he,a,M,R,M,R,internal
620.3136362101549,1799.1611342897736,3127.9218425808444,3.268296895609958,3.2789412138610707,4.537893070773154,6410.25641025641,0.0001294850678123279,902.4252461655329,0.027000000000000003,0.32142857142857145,1-0-2009-1,e,UT_016,016,2,fave,80.97944845749927,61.11069810468145,10,there,1,0.05999799999995048,lived,for,DH,R,DH,R,internal
744.3943196694308,1825.3750802176019,3371.616390430388,3.4528735542080473,3.4291200151656813,4.243644127874331,6230.7692307692305,0.00024264402097323712,906.692256165533,0.04100000000000001,0.3306451612903227,1-0-2023-1,e,UT_016,016,2,fave,157.01401142082892,61.17566142246859,10,then,1,0.09997499999997217,and,my,DH,N,DH,N,internal
434.3559075237148,1906.9424058576656,2940.0768762178936,3.6238607589693923,4.247498826617853,4.232931542279787,6589.74358974359,0.001024740398627063,941.363953165533,0.031,0.32978723404255317,1-0-2072-0,e,UT_016,016,2,fave,NaN,52.38636020483383,10,enjoyable,0,0.07000700000003235,are,things,#,N,*hr,N,initial
790.236150353842,1794.4244006226927,2558.211653927415,2.7552587055232274,3.510775201448832,4.135195421448073,6230.7692307692305,0.00023309338473661637,952.3239708344672,0.051000000000000004,0.3311688311688312,1-0-2095-0,e,UT_016,016,2,fave,237.86800706805846,65.38716643125564,10,expert,1,0.13000499999998283,"",because,#,K,"",K,initial
796.5169855417045,1884.8352626333376,2967.568834518975,2.6775456582561685,4.219678308972941,4.466856616123358,6589.74358974359,0.0010425039486005368,953.6509381723355,0.045,0.3358208955223881,1-0-2100-0,e,UT_016,016,2,fave,252.1215759790744,63.67756610104511,10,expert,1,0.11004600000001119,"",is,#,K,"",K,initial
607.5942504557332,1977.1931703642504,2599.422246505398,3.654442626861814,3.6377492116657364,3.6576642813236853,6230.7692307692305,0.00002718059269505964,963.9144361723356,0.025,0.33783783783783783,1-0-2119-1,e,UT_016,016,2,fave,76.56510633442264,59.23003802621852,10,am,1,0.050049000000058186,i,very,ey,M,ey,M,internal
761.297920481539,1920.8006697529777,2662.4911907550418,3.648133837000729,3.8995851678359896,3.66520358285255,6410.25641025641,0.002270014473581521,987.8411658276643,0.051000000000000004,0.3311688311688312,1-0-2195-3,e,UT_016,016,2,fave,173.08873200221416,56.94078064144694,10,connect,1,0.12994400000002315,to,with,N,K,N,K,internal
737.6245061162757,1508.7434976210193,2820.0006485138597,3.941452369618495,4.062912516055479,4.384638102611075,5333.333333333333,0.0023499734774573115,997.4711358344671,0.031,0.32978723404255317,1-0-2221-1,e,UT_016,016,2,fave,173.2169547715053,51.0554118771827,10,them,1,0.07000800000002982,with,"",DH,M,DH,M,internal
711.090979999319,1810.5535587468444,2981.9044011327887,3.772929477363439,3.1475995034866195,3.495904025873753,6230.7692307692305,0.00008035392624981171,1032.3364618276644,0.035,0.3365384615384616,1-0-2267-1,e,UT_016,016,2,fave,161.64897603982902,63.27451237602164,10,then,1,0.07995600000003833,and,in,DH,N,DH,N,internal
655.6623864773342,1372.0988660445325,3036.670132462975,3.692414631218597,4.0822015904432005,3.907263516851643,6230.7692307692305,0.00036726943859874146,1038.0964764965988,0.035,0.33653846153846156,1-0-2285-1,e,UT_016,016,2,fave,82.48658452871449,54.0282518536397,10,well,1,0.07995600000003833,as,"",W,L,W,L,internal
631.7770677440989,1790.1630406875677,3200.3237632337305,2.588172725410091,4.211452260723576,4.4794092060496755,6769.2307692307695,0.0004098789458549862,1055.133244165533,0.047,0.3263888888888889,1-0-2299-1,e,UT_016,016,2,fave,208.27394692490282,70.11697015978811,10,their,1,0.11999500000001717,"",ability,DH,R,DH,R,internal
421.3154393864328,2634.183080016723,3339.168908721933,2.878917758551389,3.7830418778413613,4.846164802570593,7128.205128205128,0.0009535872312906047,1059.0582924965986,0.037,0.32456140350877194,1-0-2304-0,e,UT_016,016,2,fave,173.56343382491457,65.77092091610214,10,engage,0,0.08996600000000399,"","",#,N,"",N,initial
714.5420636020672,1580.4463855105196,2514.1975674563855,2.9680887227871975,3.5786481657265603,4.396746001414914,6410.25641025641,0.0024166750895563806,1065.2002185102042,0.040999999999999995,0.33064516129032256,1-0-2313-3,e,UT_016,016,2,fave,79.91847446353789,62.10681323764865,10,developing,1,0.10009800000011637,"","",V,L,V,L,internal
843.1509490352498,1759.1281193285427,2845.636880548442,3.5643826271472783,3.836415467364928,3.9797773433000843,6051.282051282051,0.0024755146073844594,1067.764231503401,0.10899999999999999,0.33641975308641964,1-0-2317-1,e,UT_016,016,2,fave,76.5217625421546,56.56375411256515,10,them,1,0.3000480000000607,watching,"",DH,M,DH,M,internal
755.6834356369783,1743.9659215846084,3043.8812566518727,3.5194674365519067,3.5878910149174463,4.473945415297359,6230.7692307692305,0.002963286860404336,1069.1583238412697,0.08099999999999999,0.3319672131147541,1-0-2319-4,e,UT_016,016,2,fave,336.04872822069376,55.25263936875297,10,process,2,0.22009200000002238,"",and,S,S,S,S,internal
721.5106831736127,1576.7127283810896,2476.6805569322637,3.31079468510328,3.4941041594224687,4.176057704572108,5692.3076923076915,0.0014060104327677167,1071.0953728276645,0.035,0.3365384615384616,1-0-2324-3,e,UT_016,016,2,fave,77.21057539551894,54.96813216594261,10,develop,1,0.07995599999981096,and,"",V,L,V,L,internal
651.7026168710706,1829.1461669533876,3057.7528000187995,3.5169436814452615,3.223285769294587,4.484064293127086,6410.25641025641,0.0002478874375866884,1084.2033578276641,0.031,0.32978723404255317,1-0-2359-1,e,UT_016,016,2,fave,78.17326178863897,60.83149332567087,10,sharing,1,0.06994600000007267,"",that,SH,R,SH,R,internal
676.7133565975271,1742.2723009309161,2832.901343944256,3.600652229601606,3.680625257641055,4.2796395199892965,6051.282051282051,0.0013211543415357647,1085.2383981655328,0.040999999999999995,0.33064516129032256,1-0-2363-1,e,UT_016,016,2,fave,159.58041392851115,54.04695187213025,10,them,1,0.09997599999996964,with,"",DH,M,DH,M,internal
810.2605071128695,1697.4236248885156,2894.6801438173534,3.8408885999152385,3.6205129909679923,3.9631884104863233,5871.794871794871,0.0015916691129395821,1110.809715165533,0.085,0.3346456692913386,1-0-2382-1,e,UT_016,016,2,fave,76.7197447234354,57.486179975333314,10,them,1,0.22998000000006869,understanding,"",DH,M,DH,M,internal
768.3285166623609,1674.8278485477335,3035.29671891103,3.074663964512568,3.4873389484885613,4.494421043604018,6230.7692307692305,0.000611984855212512,1111.8957285102042,0.037,0.32456140350877194,1-0-2384-0,e,UT_016,016,2,fave,222.19495385375166,61.76429939518848,10,as,1,0.09008800000015071,"",a,#,Z,"",Z,initial
626.5354032290887,1809.20881468489,2843.903656235201,3.5598355245243476,3.788836902881737,4.0027839886398455,6410.25641025641,0.0013644524770830184,1115.2997251655331,0.045,0.3358208955223881,1-0-2391-1,e,UT_016,016,2,fave,146.81922301439602,61.819440760576846,10,them,1,0.10998499999982414,viewing,as,DH,M,DH,M,internal
465.52140108858583,1605.1162101785533,2954.329652344271,2.9864066390736776,3.3729514985916893,3.6248164331969437,6051.282051282051,0.000020405252694647283,1116.5527511723355,0.031,0.32978723404255317,1-0-2396-0,e,UT_016,016,2,fave,162.67563030846387,60.70020087976698,10,as,1,0.07006900000010319,because,adult,#,Z,Z,Z,initial
556.1329888959826,1905.8924323997467,2552.631548087991,3.5355507621276385,3.450739926169036,4.394955932921095,6769.2307692307695,0.00016120390790315842,1119.769723510204,0.045,0.3358208955223881,1-0-2405-3,e,UT_016,016,2,fave,145.77498127379772,58.5368243674555,10,already,1,0.11010800000008203,we,"",R,D,R,D,internal
620.5957897132859,1835.3798624259089,2430.0796189325715,3.912249796525403,3.6300598255192615,4.519628457547299,6589.74358974359,0.0007495163223431107,1127.9267468276641,0.031,0.32978723404255317,1-0-2427-2,e,UT_016,016,2,fave,76.49278505804469,57.226247895074074,10,already,1,0.06994600000007267,we've,experienced,R,D,R,D,internal
763.4397626868029,1489.1623384232869,2908.3619614022714,3.211080127938213,3.720785664533855,4.192793555571865,6230.7692307692305,0.0004085895988777065,1134.0797764965985,0.037000000000000005,0.324561403508772,1-0-2446-1,e,UT_016,016,2,fave,-543.0580079512686,61.9422717063638,10,letter,1,0.08996600000000399,the,a,L,T,L,T,internal
771.556905226506,1588.0090822203813,2802.1071343576823,3.31222623738131,3.7450088922594436,4.350348083233874,6230.7692307692305,0.0004803931418090747,1136.1917624965986,0.040999999999999995,0.33064516129032256,1-0-2456-1,e,UT_016,016,2,fave,NaN,57.6161425982617,10,letter,1,0.09997499999985848,the,"",L,T,L,T,internal
705.1461805710021,1684.543021251095,2852.7836585434316,3.244277108742145,3.3001842777616757,3.7632503594432536,6051.282051282051,0.00009315053194986277,1144.0047311723356,0.027000000000000003,0.32142857142857145,1-0-2488-1,e,UT_016,016,2,fave,75.42206007609953,56.83796321390535,10,them,1,0.06005800000002637,of,that's,DH,M,DH,M,internal
648.8422240684702,1789.258205650047,2665.451451504818,3.5359752999192087,3.734429665963428,3.889433403545927,6230.7692307692305,0.001201766405221472,1145.11972184127,0.037,0.32456140350877194,1-0-2494-0,e,UT_016,016,2,fave,164.68640726896095,53.0888797633113,10,ever,1,0.09008799999992334,they've,seen,#,V,V,V,initial
735.684769556822,1649.076608270637,2960.0323504962894,2.9820011156461925,3.705710219712677,3.649044197885719,6230.7692307692305,0.000044089357174949404,1146.6187218412697,0.035,0.3365384615384616,1-0-2498-1,e,UT_016,016,2,fave,147.8067313356439,66.71507132049997,10,letter,1,0.08007799999995768,the,"",L,T,L,T,internal
748.6714456981205,1882.4526367971541,2771.0302419417326,3.6844234036587125,3.5190835205339637,3.803260046481243,6051.282051282051,0.00039713553703468534,1159.7871041655328,0.040999999999999995,0.33064516129032256,1-0-2544-1,e,UT_016,016,2,fave,-7486.780782684531,54.28314099968029,10,them,1,0.09997599999996964,viewing,"",DH,M,DH,M,internal
649.9940145175703,1612.334165240064,2880.072881816725,3.061322577442286,3.440044125661081,3.815140949490617,6051.282051282051,0.00016295678459935718,1186.458491165533,0.040999999999999995,0.33064516129032256,1-0-2577-0,e,UT_016,016,2,fave,193.43996563225227,62.08138420604645,10,as,1,0.09997599999996964,"",a,#,Z,"",Z,initial
726.0623439955582,1661.5305423337604,2809.661660417398,3.1244875724288845,3.0706532403988427,3.9768954994405155,6410.25641025641,0.0006252125949758857,1187.6984754965986,0.04100000000000001,0.3306451612903227,1-0-2585-0,e,UT_016,016,2,fave,223.00800617939365,65.8674670239565,10,as,1,0.09997599999996964,"","",#,Z,"",Z,initial
698.7923315984917,1914.106158179733,2740.26483221136,3.077998126014524,3.492470599362236,3.9259237310207533,6230.7692307692305,0.0005315670268781821,1194.4735011655328,0.051000000000000004,0.3311688311688312,1-0-2601-1,e,UT_016,016,2,fave,79.1768238327229,65.53969109695005,10,them,1,0.13000499999998283,take,back,DH,M,DH,M,internal
633.530610432965,1481.996928196217,2934.561711321099,3.82562290982539,3.7472025399986975,3.4471689577226132,6410.25641025641,0.00018195869614393327,1196.9734061723357,0.031,0.32978723404255317,1-0-2607-1,e,UT_016,016,2,fave,149.6171652629907,60.101465310208845,10,when,1,0.07006799999999203,experiences,they,W,N,W,N,internal
775.3484516464189,1729.8811800125509,3012.5365919577052,3.717481974105974,3.627384761033201,3.9002662721632957,6230.7692307692305,0.00004444501671830295,1200.9614841587302,0.027000000000000003,0.32142857142857145,1-0-2619-1,e,UT_016,016,2,fave,84.1702344906356,60.97096189726602,10,help,1,0.05993599999987964,and,them,HH,L,HH,L,internal
644.0550904904695,1762.5087398780947,3054.3485529010186,3.0025767151067213,3.383881606702245,4.028925492871174,6230.7692307692305,0.0009522378766011171,1219.9315084965986,0.040999999999999995,0.33064516129032256,1-0-2674-0,e,UT_016,016,2,fave,138.3138424295,62.14042398928784,10,as,1,0.09997499999985848,"",they,#,Z,"",Z,initial
659.1272934010824,1756.8229232851843,2951.051780186926,3.0621278257739384,3.749222131223519,3.886429358284757,6230.7692307692305,0.00014262211061323723,1234.3235495034016,0.025,0.33783783783783783,1-0-2718-2,e,UT_016,016,2,fave,NaN,52.81682678177141,10,steps,1,0.0500489999999445,those,in,T,P,T,P,internal
616.4013246350027,1800.0011255485458,2741.68134040959,3.944671674211994,3.23908247605556,3.8895968048673333,6051.282051282051,0.0003531590382139249,1236.7685954965987,0.035,0.33653846153846156,1-0-2724-1,e,UT_016,016,2,fave,74.82211203528188,57.93745327327644,10,them,1,0.07995700000014949,helping,understand,DH,M,DH,M,internal
578.7165522367973,1799.593182077716,2947.078951397018,2.9556482430627518,3.8259396027259687,3.96496165383927,6589.74358974359,0.00015785929366159373,1254.3934678276644,0.035,0.3365384615384616,1-0-2745-1,e,UT_016,016,2,fave,146.39557573644936,65.25636142783375,10,their,1,0.07995600000003833,through,experiences,DH,R,DH,R,internal
721.9386483046936,1868.6577304689522,2797.3624118225725,3.4215817655538308,3.16409695117808,3.8519205563963586,6230.7692307692305,0.0006137887055488952,1258.3264054965985,0.040999999999999995,0.33064516129032256,1-0-2756-1,e,UT_016,016,2,fave,NaN,58.376113605186134,10,them,1,0.09997599999996964,providing,with,DH,M,DH,M,internal
830.0325107458991,1702.578695853966,2809.89778724518,3.4548939714927274,3.4987440560635723,3.907300841244326,6051.282051282051,0.0006306272373506831,1260.4154678276643,0.07899999999999999,0.3376068376068376,1-0-2762-1,e,UT_016,016,2,fave,75.54744059405998,54.76811608800655,10,them,1,0.20996100000002116,with,and,DH,M,DH,M,internal
588.3788650819688,1618.4342761868918,1989.187701078752,4.049502887516028,3.6695833688425763,4.129498982669255,5153.846153846154,0.002078006985031951,1271.30580884127,0.031,0.32978723404255317,1-0-2799-0,e,UT_016,016,2,fave,132.28902664948103,53.50990474950438,10,em,1,0.07006799999999203,for,"",#,M,R,M,initial
614.1818666454101,1780.2505435356063,3253.1547418322825,3.2551228669340606,3.0334164294027923,3.7877598431958366,6410.25641025641,0.0003038363120505442,1272.9791218344672,0.051000000000000004,0.3311688311688312,1-0-2801-0,e,UT_016,016,2,fave,114.11808410367678,66.7312466002412,10,as,1,0.13000499999998283,"",well,#,Z,"",Z,initial
710.2222799836139,1460.1182105759754,2898.6748778378983,3.328599151451681,3.4998725454982993,4.240097353910433,6230.7692307692305,0.00017427467549662595,1273.2591438276643,0.031,0.32978723404255317,1-0-2802-1,e,UT_016,016,2,fave,33.499115906237854,64.57803772502139,10,well,1,0.0699459999998453,as,as,W,L,W,L,internal
570.2671968089049,1380.982453169894,3147.9429628125013,3.4652852083110717,3.38202025210695,3.3575929765417083,6230.7692307692305,0.000020626154923786435,1273.4291878276642,0.031,0.32978723404255317,1-0-2803-0,e,UT_016,016,2,fave,155.96518700038573,64.07321865696191,10,as,1,0.06994600000007267,well,articulating,#,Z,L,Z,initial
636.871688060336,1714.6560940363238,3115.659395724202,4.103137729029247,3.466959235479035,3.61534564753047,6230.7692307692305,0.002454943162037353,1276.2691594965986,0.031,0.32978723404255317,1-0-2810-1,e,UT_016,016,2,fave,208.22905052599089,50.913344401540755,10,them,1,0.06994600000007267,with,"",DH,M,DH,M,internal
592.9491614594725,1711.2008632549757,4425.72947536759,3.86913133942285,3.442238983569684,5.1526152199340505,7307.692307692308,0.0007379856505797425,1332.2636608276641,0.031,0.32978723404255317,1-0-2823-1,e,UT_016,016,2,fave,86.95404808103214,62.18115497503991,10,sentence,1,0.06994600000007267,each,or,S,N,S,N,internal
537.8956011034985,1792.184265808194,2676.651767333425,3.4896644467323843,3.514463217915382,4.951870062689526,6410.25641025641,0.0005292263012989073,1333.2616608276642,0.027000000000000003,0.32142857142857145,1-0-2827-0,e,UT_016,016,2,fave,45.254833995939045,61.50097584337127,10,em,1,0.059936000000107015,read,as,#,M,D,M,initial
896.476541595085,1696.2966957978692,2451.4545041960237,3.3369436590438757,3.4232550950936194,4.838176143694434,5871.794871794871,0.0028783867763622815,1370.1636854965984,0.040999999999999995,0.33064516129032256,1-0-2894-1,e,UT_016,016,2,fave,86.69873970842333,61.94697132406787,10,helm,1,0.09997599999996964,the,of,HH,L,HH,L,internal
787.9300424860006,1683.1272460263197,2476.2425890691857,3.2692661067330184,3.3979468356652025,4.246365704489707,6230.7692307692305,0.00044721073796686554,1372.5806088344673,0.055,0.33536585365853655,1-0-2901-1,e,UT_016,016,2,fave,98.42878946112836,65.64082318650526,10,checked,1,0.1400149999999485,doctor,the,CH,K,CH,K,internal
659.9063294422407,1882.2048579538157,2911.9481048531425,3.6026378330352307,3.20459014290544,3.9069020930301113,6230.7692307692305,0.001192423289526547,1373.8906608276643,0.035,0.3365384615384616,1-0-2905-1,e,UT_016,016,2,fave,166.3231359782627,60.486732584997824,10,yesterday,1,0.07995600000003833,health,"",Y,S,Y,S,internal
877.5406925970732,1701.6081627479793,2653.4145383777422,3.2862302780234733,3.3293759242470458,4.0013539051697595,6230.7692307692305,0.0001774106263928622,1376.6636854965984,0.040999999999999995,0.33064516129032256,1-0-2912-0,e,UT_016,016,2,fave,46.437137366659044,67.22395325213793,10,elk,1,0.09997599999996964,"",on,#,L,"",L,initial
684.236805059624,1557.297007309259,2620.434898987149,3.1843311579972777,3.641863326401921,3.9003215547685035,7128.205128205128,0.000028474814919368977,1378.8416174965985,0.037,0.32456140350877194,1-0-2919-2,e,UT_016,016,2,fave,99.52097294721149,73.87596145788713,10,sweater,1,0.08996600000000399,the,had,W,T,W,T,internal
731.8507263687353,1724.4452261165004,2985.274751584669,3.090941515303698,3.2931867713046934,4.426642083964644,6051.282051282051,0.0016983341936232597,1393.009225510204,0.045,0.3358208955223881,1-0-2957-1,e,UT_016,016,2,fave,79.97438574931594,64.90050016253531,10,shelf,1,0.11010799999985466,the,"",SH,L,SH,L,internal
631.5161843326091,2112.4944792212455,2853.462170672367,3.2259476068713573,3.4613495395496794,3.9359035010479095,6410.25641025641,0.0003218385967843388,1395.3592681587302,0.065,0.3350515463917526,1-0-2963-0,e,UT_016,016,2,fave,149.0595024742393,66.08153614282904,10,elm,1,0.16992200000004232,"","",#,L,"",L,initial
769.9518898374733,1564.7452664341333,2944.403683274967,3.1656365450086037,3.2707113954949447,4.132604303219456,6410.25641025641,0.00021788662407170036,1403.839275165533,0.045,0.3358208955223881,1-0-2986-1,e,UT_016,016,2,fave,81.97607974763737,66.3963516062775,10,leather,1,0.1099859999999353,a,belt,L,DH,L,DH,internal
752.9526085730088,1758.7842355426658,2815.81158339162,3.0871046867190195,3.2030718209442908,3.876556664885254,6410.25641025641,0.00008589607612375394,1404.259225510204,0.045,0.3358208955223881,1-0-2987-1,e,UT_016,016,2,fave,85.62219316088148,67.51797386975996,10,belt,1,0.11010799999985466,leather,"",B,L,B,L,internal
601.4739298572929,2203.551409589264,2965.345235882192,3.781874601449909,3.6798588104802823,3.8743193020897566,6230.7692307692305,0.006062979557730235,1407.790231834467,0.047,0.3263888888888889,1-0-2997-1,e,UT_016,016,2,fave,207.53834028426746,66.54286503602881,10,many,1,0.11999600000012833,"",children,M,N,M,N,internal
699.8257093056745,1813.6505143398672,3072.756902142849,3.0039667079840084,3.6246438300130714,4.526283684162137,6230.7692307692305,0.0004457372475707293,1440.1738708344672,0.055,0.33536585365853655,1-0-3081-1,e,UT_016,016,2,fave,109.50692243783402,60.9945007036798,10,shells,1,0.14001500000017586,planted,in,SH,L,SH,L,internal
656.9588028126392,1934.9938247800128,2850.391300396104,2.9788825509612025,3.458367600749575,3.9631527425749002,6230.7692307692305,0.0002065771920762193,1440.9368581587303,0.061000000000000006,0.33152173913043487,1-0-3084-1,e,UT_016,016,2,fave,79.57696401062586,56.99327033487753,10,beds,1,0.15991199999984929,the,"",B,D,B,D,internal
741.2170760692239,1842.7070485351483,2960.5637157053507,2.7939456552943076,3.6954454137199697,5.031244577305287,6410.25641025641,0.0005518554655425593,1442.3430534965987,0.045,0.3358208955223881,1-0-3086-1,e,UT_016,016,2,fave,223.4848806751422,68.68523465044733,10,texas,1,0.1099859999999353,"",has,T,K,T,K,internal
447.80345705698915,2179.1392332293103,2971.9858961383165,3.7199129268629916,3.720050375670628,4.0897277275376025,6410.25641025641,0.0002438720039599412,1443.2580974965988,0.035,0.33653846153846156,1-0-3088-1,e,UT_016,016,2,fave,170.8758406274972,63.19778171633345,10,many,1,0.07995600000003833,has,"",M,N,M,N,internal
742.6744062969498,1593.1462376903737,2709.1675768134082,3.2157919675798023,3.634854871974377,4.429844176148538,5871.794871794871,0.000508425604461484,1444.0090714897958,0.057,0.32758620689655177,1-0-3091-1,e,UT_016,016,2,fave,115.24070961183939,58.269580535477864,10,wells,1,0.149902000000111,oil,"",W,L,W,L,internal
819.4914691721932,1744.7575905661063,2780.380780812424,3.081992873244006,3.5439325501126633,4.6057236527384555,6230.7692307692305,0.01333809378040192,1463.9960628276644,0.07100000000000001,0.3317757009345795,1-0-3146-1,e,UT_016,016,2,fave,83.66619517226975,59.57372518580933,10,cell,1,0.18994199999997363,a,in,S,L,S,L,internal
711.2270664423179,1912.8644231123576,2577.2486929750544,3.1461058431646376,3.5933122114217757,3.9970713796174553,6589.74358974359,0.0001432802928313039,1466.567425165533,0.045,0.3358208955223881,1-0-3151-2,e,UT_016,016,2,fave,99.58499963412365,61.912628040892045,10,french,1,0.10998500000005151,the,are,R,N,R,N,internal
655.3480463511534,1789.0616842842567,2582.5358898116633,2.8674257147497397,3.8853746228041937,4.550499615430222,6589.74358974359,0.0002657931510501769,1468.4534334965986,0.037000000000000005,0.324561403508772,1-0-3160-1,e,UT_016,016,2,fave,164.37503744382553,61.49487042247502,10,restaurant,1,0.08996600000000399,the,"",R,S,R,S,internal
729.4648108172066,1902.3074490559575,2860.6782646310694,2.897818588058019,3.2081109087473383,3.8547999037539484,6410.25641025641,0.00018752995224402417,1471.0485081655327,0.087,0.32954545454545453,1-0-3166-1,e,UT_016,016,2,fave,138.77054803368063,64.97812238990014,10,bell,1,0.23999000000003434,a,"",B,L,B,L,internal
642.8798099568452,2073.1349964345063,2796.757132802919,3.405939680794645,3.307616559399272,3.7158771151061294,6230.7692307692305,0.00027722917181693534,1472.02748115873,0.065,0.3350515463917526,1-0-3170-2,e,UT_016,016,2,fave,80.667717581386,58.778015755343176,10,event,1,0.16992200000004232,the,"",V,N,V,N,internal
830.8387220017287,1778.4567704039268,2800.982262564684,3.014277366459183,3.3955652238350154,3.7890128044527343,6410.25641025641,0.00024078559932154016,1475.930415834467,0.051000000000000004,0.3311688311688312,1-0-3179-0,e,UT_016,016,2,fave,157.374814726283,66.1524110688189,10,elf,1,0.13000499999998283,"","",#,L,"",L,initial
705.8885925481112,1809.508920000317,2968.32626444962,3.891562292076851,2.891458564585267,3.78211128102563,6230.7692307692305,0.001551341053017015,1483.3024108344673,0.055,0.33536585365853655,1-0-3196-4,e,UT_016,016,2,fave,83.73495423093478,61.62264975659521,10,watchmen,0,0.1400149999999485,the,found,M,N,M,N,internal
759.042778350139,1795.1170888189417,2978.288832394608,3.636139405575868,2.686861099563561,4.205051312331531,6230.7692307692305,0.00006974670032628673,1484.6334874965985,0.037000000000000005,0.324561403508772,1-0-3199-4,e,UT_016,016,2,fave,164.11740707441504,59.58313427340809,10,watchmen,0,0.08996600000000399,"",found,M,N,M,N,internal
709.2534882599799,1691.7356609646129,3172.096977641949,3.041957003042631,3.1239781731194927,4.562772536691321,6230.7692307692305,0.0022641422335117323,1489.6704058344671,0.051000000000000004,0.3311688311688312,1-0-3211-1,e,UT_016,016,2,fave,99.23722803526847,70.20451008434031,10,letter,1,0.13000499999998283,a,in,L,T,L,T,internal
743.8915178401197,1741.0288231580992,2428.05254001639,3.1950542478381405,3.6407117332774397,4.3499563806596315,6589.74358974359,0.00009064913784663723,1505.2208608276644,0.035,0.3365384615384616,1-0-3255-2,e,UT_016,016,2,fave,194.77653689134598,69.7512686057673,10,breakfast,1,0.07995600000003833,my,is,R,K,R,K,internal
722.4880329442228,1795.8933622395598,2586.006444691652,3.154753439756139,3.2678920117447015,4.166604083008238,6410.25641025641,0.0008455158627651707,1505.99686515873,0.067,0.32843137254901966,1-0-3257-2,e,UT_016,016,2,fave,90.1293215215556,64.78898690503497,10,bread,1,0.17993100000012419,is,and,R,D,R,D,internal
717.4891197213369,1428.6510941740758,3214.9859019813,3.9846425436572286,3.967174574882793,4.830360824644657,6230.7692307692305,0.001174161783874524,41.582454834467114,0.037000000000000005,0.324561403508772,1-0-2-3,@,UT_016,016,2,fave,139.6335447944814,49.76480236722995,10,seven,0,0.09000000000000341,forty,"",V,N,V,N,internal
476.31722978953695,1754.18421959675,3153.316064433102,2.9702159607175864,2.9628570821144473,5.0473908937706495,6589.74358974359,0.025311718526222354,68.81515016553288,0.095,0.33450704225352107,1-0-9-7,@,UT_016,016,2,fave,216.30250707415777,55.02532298607436,10,huntington,0,0.25999399999999184,"","",T,N,T,N,internal
490.35937991666157,1806.424790256535,2769.723925459478,3.5087809333059385,4.065870386190217,3.8159417621642078,6410.25641025641,0.000021988256864625483,77.67115483446712,0.027000000000000003,0.32142857142857145,1-0-25-3,@,UT_016,016,2,fave,93.7154872817047,56.62395442179664,10,logan,0,0.05999799999999311,"",utah,G,N,G,N,internal
557.7314586333047,1701.494982634799,2072.3267599634555,3.3445166655502483,3.9681979006832973,4.140851853663167,5333.333333333333,0.0006407672139486477,95.81664916553288,0.027000000000000003,0.32142857142857145,1-0-68-3,@,UT_016,016,2,fave,166.85812167196306,52.33053260256486,10,syracuse,0,0.05999799999999311,"",utah,R,K,R,K,internal
403.1275105018328,1779.9249363985462,2751.670067520767,3.565593757575776,3.6647788298268384,4.250676868275475,6051.282051282051,0.00005785249743788031,136.24595283446715,0.025,0.33783783783783783,1-0-119-0,@,UT_016,016,2,fave,155.34762620393326,49.268167115902,10,a,0,0.05000299999997537,am,kindergarten,#,#,M,K,coextensive
399.59289105178374,1689.3807558104486,2829.669451144193,3.303546717344026,3.856183361073201,4.4118190232333365,6051.282051282051,0.0003113295224741365,136.78594016553288,0.025,0.33783783783783783,1-0-120-9,@,UT_016,016,2,fave,NaN,48.498146965450786,10,kindergarten,0,0.050003000000003794,a,teacher,T,N,T,N,internal
744.1262239919462,1253.0266009173924,3220.4894893482033,3.624677558122846,4.119475042964429,4.817138733732496,6051.282051282051,0.0009137993516329301,138.8789521655329,0.031,0.32978723404255317,1-0-126-2,@,UT_016,016,2,fave,163.13093796472126,49.49961390765579,10,elementary,0,0.06999200000001338,morgan,in,L,M,L,M,internal
556.305312222305,1311.1909009001458,2978.301178949658,3.3065293435414174,3.604272360265266,4.101571316737254,6051.282051282051,0.00003437576985135181,145.50424683446715,0.027000000000000003,0.32142857142857145,1-0-142-3,@,UT_016,016,2,fave,183.831325575029,55.06504041481194,10,little,0,0.060012999999997874,my,<unk>,T,L,T,L,internal
613.4052837332941,2082.5779881388257,2803.9961378401263,3.467768226458716,4.061701285376968,4.27870333789771,6051.282051282051,0.00003132754455843372,150.60324716553288,0.025,0.33783783783783783,1-0-151-0,@,UT_016,016,2,fave,201.3467744414934,51.17191748166755,10,and,0,0.050003000000003794,day,then,#,N,eyF,N,initial
490.31255197040485,1451.0027030206943,3067.1769558943756,3.553353779667685,4.262409566931941,4.22709542702768,6230.7692307692305,0.00008141805679536485,151.64425150340136,0.027000000000000003,0.32142857142857145,1-0-155-0,@,UT_016,016,2,fave,189.83468974412258,53.44368229784771,10,and,0,0.060012999999997874,home,take,#,N,M,N,initial
684.9955698957299,1647.329849773973,2528.7949063270958,3.3150480797883186,3.4237471941461814,4.384043444832244,5512.820512820513,0.00010125772038839645,155.74625183446713,0.031,0.32978723404255317,1-0-167-0,@,UT_016,016,2,fave,183.517649247667,59.42620239664155,10,i'm,0,0.0700080000000014,if,not,#,M,F,M,initial
533.3601972166616,1899.4109836704283,2761.8810197772614,3.0978180347555204,3.5254300325472974,4.253947661668672,6230.7692307692305,0.0009178299402841665,172.2972501655329,0.037,0.32456140350877194,1-0-174-4,@,UT_016,016,2,fave,131.3514671031701,54.67436395854886,10,greatest,0,0.08999700000001098,my,accomplishment,T,S,T,S,internal
624.4785686256389,1796.6103683175888,2810.8736213355323,3.354705336109125,3.79661915251155,4.523374231740347,6051.282051282051,0.000021283451657100533,172.53124683446714,0.025,0.33783783783783783,1-0-175-0,@,UT_016,016,2,fave,205.55288686937357,55.16378328031914,10,accomplishment,0,0.050003000000003794,greatest,is,#,K,T,K,initial
650.0187256566952,1582.1031455416403,3059.024892286012,3.671151962510279,4.020142333070263,4.341497931019495,6410.25641025641,0.0010449854243881024,173.28424616553286,0.051000000000000004,0.3311688311688312,1-0-175-9,@,UT_016,016,2,fave,201.71293796794333,56.1982886397785,10,accomplishment,0,0.13000500000001125,greatest,is,M,N,M,N,internal
631.5567826699948,1552.0370975041578,2897.1793251314793,3.0302927917951017,3.8523399916100787,4.154551692908558,6051.282051282051,0.00013684064035879976,173.8562481655329,0.035,0.3365384615384616,1-0-178-0,@,UT_016,016,2,fave,192.41163282842896,53.26779796860467,10,of,0,0.08000199999997903,that,motherhood,#,V,T,V,initial
532.7007556886224,1605.2594690969286,2983.498361223269,3.32457105039277,3.5105292498278393,3.7173959136560026,6230.7692307692305,0.0001693513740512751,176.6272521655329,0.037,0.32456140350877194,1-0-186-5,@,UT_016,016,2,fave,174.4194739776517,54.44796448690985,10,children,0,0.08999699999998256,my,and,R,N,R,N,internal
498.1822602587364,1637.748494670653,3021.534180801379,3.8744204344161366,3.4990496617754925,4.101877542855932,6051.282051282051,0.00004294534959261504,176.78224683446714,0.027000000000000003,0.32142857142857145,1-0-187-0,@,UT_016,016,2,fave,170.64019591925725,53.391053541665215,10,and,0,0.0600120000000004,children,i'm,#,N,N,N,initial
553.7437432049967,1656.6780357201496,2720.846007158845,3.048321631542169,4.185318184234933,4.811096033944353,5692.3076923076915,0.0010365581309756836,178.5212461655329,0.025,0.33783783783783783,1-0-196-1,@,UT_016,016,2,fave,168.048081592791,54.343041142927845,10,to,0,0.050003000000003794,able,bring,T,#,T,B,final
873.2792462613191,1580.8690361157558,2923.1794407335283,3.1494000582100465,3.6559327423385435,4.473400698488033,6051.282051282051,0.0033669136902203436,181.4372458344671,0.057,0.32758620689655177,1-0-205-0,@,UT_016,016,2,fave,83.42727436660921,55.95030032044492,10,and,0,0.15000900000001138,"",then,#,N,"",N,initial
520.9581750794803,1577.3459890087836,3159.0532527319924,3.4741485043887086,3.9007763734068313,4.48691475756693,6051.282051282051,0.000023168960846497753,184.3812471655329,0.025,0.33783783783783783,1-0-215-1,@,UT_016,016,2,fave,172.06908871504803,48.934621405536504,10,was,0,0.05000299999997537,i,still,W,Z,W,Z,internal
510.2411232699344,1606.367567843905,2893.7995062822724,3.4787136881455267,3.69834993526077,4.568621093409076,5871.794871794871,0.000012867368155679212,191.8303431655329,0.025,0.33783783783783783,1-0-224-0,@,UT_016,016,2,fave,200.3047656147345,52.63875201613698,10,a,0,0.050003000000003794,was,juggling,#,#,Z,JH,coextensive
522.4759223080096,1648.7969418010946,3033.4752682998474,3.0199342676230825,4.028354209096769,4.499220899311027,5692.3076923076915,0.00026402807982763563,195.8553538344671,0.035,0.3365384615384616,1-0-234-5,@,UT_016,016,2,fave,175.77010858612866,58.95191574446992,10,children,0,0.08000200000000746,four,my,R,N,R,N,internal
501.1667604138756,1744.5509943877744,2794.6402057812215,2.8961146525458443,3.6782755622831855,4.2398266464945875,6051.282051282051,0.00016986892118633302,196.3853461655329,0.035,0.3365384615384616,1-0-236-4,@,UT_016,016,2,fave,167.24559775259303,58.448439897049525,10,youngest,0,0.08000199999997903,my,was,G,S,G,S,internal
580.9524257513617,1641.3152209800978,2816.9261349027943,3.4852915824051798,3.5108124914721075,3.4519710362050287,6051.282051282051,0.00023375215375654265,202.19314716553288,0.035,0.3365384615384616,1-0-254-0,@,UT_016,016,2,fave,134.37846357160134,52.513057356358566,10,an,0,0.08000200000000746,at,accelerated,#,N,T,N,initial
525.1047622400225,1333.9577074261797,2741.414391871975,3.309417551357072,4.193539642941048,4.56785313827405,6410.25641025641,0.0009775907507876135,204.2411501655329,0.031,0.32978723404255317,1-0-261-1,@,UT_016,016,2,fave,155.24586351533992,54.123007145985774,10,the,0,0.06999200000001338,enter,workforce,DH,#,DH,W,final
649.4911850995082,1794.4862748982941,2736.957367564962,3.415884328186916,3.8184282001511405,4.036219465297289,6051.282051282051,0.0009359002511842036,206.81914783446712,0.047,0.3263888888888889,1-0-269-0,@,UT_016,016,2,fave,8057.004159487286,51.901307780843545,10,occur,0,0.1200099999999793,"",a,#,K,"",K,initial
646.5287490811129,1595.8844027311811,2366.585593608727,3.463322866311964,3.907124781203158,4.765041059181288,6051.282051282051,0.0011419761597714806,207.2761491655329,0.040999999999999995,0.33064516129032256,1-0-270-0,@,UT_016,016,2,fave,152.40961446704787,53.741148089358326,10,a,0,0.09998999999999114,occur,lot,#,#,*hr,L,coextensive
583.9253230107987,1600.5291251038373,2805.533182175263,3.279946095038503,3.578141888234301,3.845605001133196,6051.282051282051,0.000011121598335456206,207.59815583446715,0.025,0.33783783783783783,1-0-272-0,@,UT_016,016,2,fave,82.17300713610237,50.695250514034925,10,of,0,0.05000299999997537,lot,debt,#,V,T,V,initial
534.7873459353929,1553.480579591708,2900.3403525285944,3.2900929830484813,3.5003732283930273,4.017250955145097,5692.3076923076915,0.0001386917471015005,210.8231578344671,0.035,0.3365384615384616,1-0-278-1,@,UT_016,016,2,fave,148.0269643366579,57.359241325639516,10,was,0,0.08000099999998156,there,a,W,Z,W,Z,internal
444.5941769508002,1221.957249184897,3107.688617349201,3.4922907461000285,3.9580339366573365,4.841827018063383,6230.7692307692305,0.001936218786655961,210.94115283446712,0.031,0.32978723404255317,1-0-279-0,@,UT_016,016,2,fave,145.6976344932255,55.50271253069794,10,a,0,0.07000700000000393,was,lot,#,#,Z,L,coextensive
538.8098801690754,1584.8335702826744,2900.681331759902,2.9695336167102546,3.185005077530965,4.039427733385907,6051.282051282051,0.00010627282394499788,214.11314516553287,0.035,0.3365384615384616,1-0-292-1,@,UT_016,016,2,fave,77.8245562017638,58.132269941429385,10,was,0,0.08000200000000746,it,a,W,Z,W,Z,internal
656.7468219581236,1624.1206519827447,2825.267876927312,3.3360807522016076,3.3643650313598177,3.782641964759922,6051.282051282051,0.0009296699132393877,214.3281431655329,0.125,0.33422459893048123,1-0-293-0,@,UT_016,016,2,fave,143.6972174627315,53.316568162213244,10,a,0,0.35000599999997917,was,"",#,#,Z,"",coextensive
521.8925985216371,1673.9497842076769,2894.7243198420565,3.4786880869892216,3.979649717722672,4.367263599829285,5692.3076923076915,0.0012297015600791984,223.51604616553288,0.037,0.32456140350877194,1-0-312-3,@,UT_016,016,2,fave,86.0178688044519,57.02562956963562,10,often,0,0.08999700000001098,actually,"",T,N,T,N,internal
704.5608221397998,1634.490853363214,2812.5478677736482,3.2029381037697235,3.4846586396644756,4.238846430259315,5871.794871794871,0.001187642865112655,225.49005316553288,0.065,0.3350515463917526,1-0-318-4,@,UT_016,016,2,fave,77.98723652568107,53.193244442619566,10,campus,0,0.16999800000002097,the,"",P,S,P,S,internal
493.5425975966312,1818.8866353370063,2968.9500667954253,2.6386070238048425,3.440999153178648,3.7139711814192355,6051.282051282051,0.00006766369389854128,233.5836491655329,0.031,0.32978723404255317,1-0-337-0,@,UT_016,016,2,fave,162.7853551503303,58.04952963183557,10,attend,0,0.06999199999998496,would,classes,#,T,D,T,initial
499.3936721187199,1479.003526029767,3082.5319783426567,2.9649949845524413,3.5786461024575345,4.217463399225368,6051.282051282051,0.0003094501189780958,234.4086468344671,0.040999999999999995,0.33064516129032256,1-0-338-4,@,UT_016,016,2,fave,163.88773942005545,54.36955829277885,10,classes,0,0.10000600000000759,attend,and,S,Z,S,Z,internal
535.8438345359709,2090.078017316806,2833.3903073733163,3.794542206640593,3.8043562774210566,3.898477509759142,6051.282051282051,0.001394929497495373,234.92865583446715,0.061000000000000006,0.3315217391304348,1-0-342-0,@,UT_016,016,2,fave,161.04806074586335,51.525776313467325,10,attended,0,0.1600039999999865,i,classes,#,T,ay,T,initial
463.84885009863905,1896.555990737858,2928.6883689543347,3.8068824063016207,3.814472103460617,3.9394487105530076,6051.282051282051,0.00020551349774109524,235.34364883446713,0.031,0.32978723404255317,1-0-342-5,@,UT_016,016,2,fave,82.70096329388085,49.04625488770057,10,attended,0,0.07000700000000393,i,classes,D,D,D,D,internal
477.9307843017186,1525.708912007899,3046.667626810695,3.215539556536862,3.835333834936621,4.295362106328489,5871.794871794871,0.0024584271704100537,235.87065283446714,0.045,0.3358208955223881,1-0-343-4,@,UT_016,016,2,fave,90.99086483812047,47.75096231141817,10,classes,0,0.1100009999999827,attended,dad,S,Z,S,Z,internal
490.6324521246726,1820.9310168165343,2835.1827903077324,2.902053855920212,3.8732530331664,4.036941416115864,6051.282051282051,0.0001459189659415496,241.44065483446713,0.025,0.33783783783783783,1-0-364-1,@,UT_016,016,2,fave,NaN,53.25986901076869,10,the,0,0.050003000000003794,with,kids,DH,#,DH,K,final
482.50595693767866,1494.2075441041807,2919.390775327813,3.3928270316188,3.8705911586490425,4.429077041203175,5692.3076923076915,0.00019145384780905436,244.9236508344671,0.031,0.32978723404255317,1-0-376-1,@,UT_016,016,2,fave,87.16221252136293,54.41615383721558,10,was,0,0.07000700000000393,i,in,W,Z,W,Z,internal
510.7754376791049,1640.538323263741,2653.8557921121974,2.959933667606061,3.44042465240997,4.048177724912265,6410.25641025641,0.00017675878077027675,249.03365183446712,0.031,0.32978723404255317,1-0-381-1,@,UT_016,016,2,fave,90.26970018203568,63.376216736889184,10,was,0,0.07000700000000393,there,a,W,Z,W,Z,internal
522.1650812087806,1445.1561723528598,3046.233436735405,3.3718671717301776,3.7313731508072094,3.6248915547329674,6051.282051282051,0.000025883897049783192,249.16065583446715,0.025,0.33783783783783783,1-0-382-0,@,UT_016,016,2,fave,96.53428572352641,62.467961225043204,10,a,0,0.05000299999997537,was,lot,#,#,Z,L,coextensive
412.0461996287899,2019.5940334843838,2716.64437162864,3.2144264640086146,3.434585865814293,4.117318085006188,6230.7692307692305,5.453618835254674e-6,250.00065283446713,0.025,0.33783783783783783,1-0-386-0,@,UT_016,016,2,fave,190.65583086404754,62.36998217823094,10,and,0,0.050003000000003794,study,work,#,N,iyF,N,initial
624.722126211419,1799.3977411469737,2765.3204938684175,3.397528047065745,3.637165025244088,4.2624233341473925,6230.7692307692305,0.0004571951698255465,250.47065883446712,0.045,0.3358208955223881,1-0-389-0,@,UT_016,016,2,fave,96.98772818695355,59.79735971843034,10,a,0,0.11000100000001112,"",couple,#,#,"",K,coextensive
589.1892329886423,1479.600514829104,3061.0813096531224,3.499194710151743,3.4739200752509984,3.68440372108908,5871.794871794871,0.0006863363545484565,253.82575083446713,0.061000000000000006,0.3315217391304348,1-0-400-4,@,UT_016,016,2,fave,163.55539371261307,53.82396065589748,10,classes,0,0.1600040000000149,the,"",S,Z,S,Z,internal
611.4366309270744,1601.0057514769614,3040.850716789979,3.6475747325442214,3.5220598111085195,3.977979639866267,6051.282051282051,0.0033084979131139183,254.28774783446713,0.085,0.3346456692913386,1-0-402-1,@,UT_016,016,2,fave,154.51451305203219,54.797120888940604,10,that,0,0.23001100000001884,"","",DH,#,DH,"",final
604.3331306043931,1469.0982011086842,2825.3054747437695,3.2874382146891734,3.3802988146991706,4.0426941945395765,6051.282051282051,0.0021668738310829665,257.0327521655328,0.055,0.33536585365853655,1-0-413-4,@,UT_016,016,2,fave,-1695.697166351014,52.067254982495996,10,classes,0,0.13998400000002675,the,"",S,Z,S,Z,internal
565.3738145399834,1513.1649735390542,2797.4069997377132,3.6443016191660442,3.3279404560839367,4.1563953707094266,5692.3076923076915,0.0004945626699243008,258.4457351655328,0.040999999999999995,0.33064516129032256,1-0-417-1,@,UT_016,016,2,fave,155.4468477064532,56.251751537773764,10,was,0,0.10000600000000759,i,doing,W,Z,W,Z,internal
531.8908547685388,1462.5247363359995,2863.808657734501,3.7904160871655166,3.653401047732544,4.111984171937989,5512.820512820513,0.0006352753135108999,261.9687398344671,0.027000000000000003,0.32142857142857145,1-0-428-0,@,UT_016,016,2,fave,175.25504612093624,50.63147367051152,10,a,0,0.060027999999988424,"",little,#,#,"",L,coextensive
600.3764342356072,1658.9508255635208,3021.29570162639,3.766610935204603,3.5264256791369832,3.594726811149696,6051.282051282051,0.006742124476155376,264.51974883446707,0.10899999999999999,0.33641975308641964,1-0-439-0,@,UT_016,016,2,fave,111.70169750757496,50.313815199536606,10,a,0,0.30001900000002024,as,"",#,#,Z,"",coextensive
595.2934385257229,1666.012789104876,3041.825993479797,3.677261448609297,3.4545379821755056,3.5221776935674467,5871.794871794871,0.00007275164980859667,279.9977378344671,0.025,0.33783783783783783,1-0-478-0,@,UT_016,016,2,fave,175.60782833305794,55.8553099277198,10,associate,0,0.05001900000002024,"",degree,#,S,"",S,initial
509.23124539560666,1620.7893227861316,2622.1455873308646,3.325873621707207,3.6700826275946956,4.8736483934916315,5512.820512820513,0.0013350729469739507,318.1687578344671,0.051000000000000004,0.3311688311688312,1-0-499-0,@,UT_016,016,2,fave,25.941899270301633,53.75258518480381,10,an,0,0.13000499999998283,mother's,"",#,N,Z,N,initial
669.2205096728436,2032.3778568859798,2645.7584809719456,3.351514608796001,3.846452063155213,4.16986584936872,6230.7692307692305,0.0008421346319909366,327.5880658344671,0.121,0.33241758241758235,1-0-528-0,@,UT_016,016,2,fave,166.914637439589,63.209089876535515,10,and,0,0.33999699999998256,i,"",#,N,ay,N,initial
500.01560060595216,1701.2978187632568,2674.8574756525068,3.454956319457213,3.5152535210164033,3.717604135928555,6051.282051282051,0.000010758764200976074,331.4600488344671,0.025,0.33783783783783783,1-0-537-1,@,UT_016,016,2,fave,NaN,58.35573845721923,10,the,0,0.050018000000022766,overwork,dough,DH,#,DH,D,final
552.0582244434494,1730.9215563331375,2745.062637827723,3.779646249615985,3.7894147873376935,4.123226312370124,6051.282051282051,0.0003258606737653084,335.9787431655329,0.027000000000000003,0.32142857142857145,1-0-558-0,@,UT_016,016,2,fave,173.59052772216842,56.35629606278717,10,a,0,0.05999800000000732,make,pie,#,#,K,P,coextensive
369.94563529818356,1403.508509950076,2793.1868639110266,3.8490131265531,3.8998034464440314,4.701850489778907,6230.7692307692305,0.0049437174479266145,337.3337548344671,0.037000000000000005,0.324561403508772,1-0-563-3,@,UT_016,016,2,fave,163.20360155800498,58.059492220141905,10,finally,0,0.08999699999998256,it,worked,N,L,N,L,internal
435.58440408542623,1483.3081971660533,2929.230993054727,3.2803551311059107,3.5766975206848737,3.7821646201814136,5871.794871794871,0.0001305918341212892,337.9387351655329,0.027000000000000003,0.32142857142857145,1-0-566-1,@,UT_016,016,2,fave,-424.8394453495069,55.494584939701696,10,was,0,0.05999700000000985,it,great,W,Z,W,Z,internal
651.58587175301,1559.5526266491224,2984.9220940563105,3.5366003415944376,3.394883483721873,4.827338270820445,5871.794871794871,0.0004203900363239317,339.97073416553286,0.031,0.32978723404255317,1-0-570-3,@,UT_016,016,2,fave,243.63300416851484,68.02277245790474,10,wasn't,0,0.0700069999999755,it,it,Z,N,Z,N,internal
555.4951751521166,1456.5978258144037,3264.8753238306304,4.036550348818326,3.40063439291556,4.497628697233046,6051.282051282051,0.00006667274114881776,340.45875416553287,0.027000000000000003,0.32142857142857145,1-0-572-3,@,UT_016,016,2,fave,204.66610778775134,62.46035720892604,10,wasn't,0,0.05999800000000732,it,mom,Z,N,Z,N,internal
636.2385380812773,1422.966085145011,2929.0573496406546,3.531525952900837,3.4675748991309376,3.679990260255649,6051.282051282051,0.00011063671487641267,341.19274083446714,0.035,0.33653846153846156,1-0-574-4,@,UT_016,016,2,fave,154.84359579457103,62.241002071116526,10,quality,0,0.080016999999998,mom,"",L,T,L,T,internal
684.4358243759336,1400.7195176314826,2729.1391174409478,3.4851158842345855,3.5602013869003257,4.2031451739213725,6051.282051282051,0.0003121243229239134,343.9977378344671,0.025,0.33783783783783783,1-0-581-2,@,UT_016,016,2,fave,NaN,55.75372594719249,10,edible,0,0.05001900000002024,"","",D,B,D,B,internal
530.4813371463572,1471.8232485559831,2844.434714725314,3.6004220269190594,3.5190423796324684,4.2011651254648035,6051.282051282051,0.00007030728046662153,354.9788428344672,0.035,0.33653846153846156,1-0-592-1,@,UT_016,016,2,fave,149.00782840050857,67.82074097194119,10,was,0,0.080016999999998,it,later,W,Z,W,Z,internal
421.87273299597325,1418.546477155479,3166.3814762758966,3.6831762404824904,3.9685154512091856,4.497625483965515,6051.282051282051,0.0005974247424091729,362.86274816553293,0.035,0.3365384615384616,1-0-616-3,@,UT_016,016,2,fave,181.72403850241005,52.41866909855096,10,nemesis,0,0.07998699999996006,my,"",M,S,M,S,internal
503.5465461132457,1555.4398236668655,2745.3259156970717,2.9406197598309087,3.4619297996099765,3.6495882244541042,6051.282051282051,0.000029722411333081112,379.4496428344671,0.025,0.33783783783783783,1-0-641-1,@,UT_016,016,2,fave,143.74644755312613,60.444581520381824,10,was,0,0.050018000000022766,that,just,W,Z,W,Z,internal
357.4463367732825,1568.1159994046404,2914.3887594147723,3.409460498786041,3.4650964902406836,4.656062986410054,5692.3076923076915,0.00029009328968593204,384.5106398344671,0.027000000000000003,0.32142857142857145,1-0-656-0,@,UT_016,016,2,fave,129.95551879662597,59.1415117715766,10,and,0,0.05999800000000732,pies,going,#,N,Z,N,initial
856.5061771772087,1780.053993430501,2829.3035142345934,3.830011194913561,3.4705976788909485,4.20185675704985,6051.282051282051,0.0027701794780112723,385.47064616553286,0.047,0.3263888888888889,1-0-660-1,@,UT_016,016,2,fave,364.7413288214526,53.53096150355151,10,the,0,0.11999600000001465,picking,apples,DH,#,DH,ae,final
825.4318344987657,1604.6852380686635,3414.9499328323827,3.9565190915504593,3.7166783324211883,4.412470307504343,6589.74358974359,0.0033222968453164217,386.1606491655329,0.047,0.3263888888888889,1-0-663-1,@,UT_016,016,2,fave,-633346.6166856781,51.23086591070205,10,the,0,0.11999499999996033,from,apple,DH,#,DH,ae,final
653.9310250000475,1803.1376189736948,2904.0609799959334,3.10423581214489,3.2123839950785134,3.8511670416332264,6051.282051282051,0.0009888627226189105,390.46564283446713,0.057,0.32758620689655177,1-0-679-1,@,UT_016,016,2,fave,115.72436434029349,56.03898728957116,10,the,0,0.1500239999999735,"",edges,DH,#,DH,e,final
597.4206043412887,1575.2830942190321,3035.4359188167077,4.041820510570023,3.782824206464712,3.7677353917598495,6051.282051282051,0.002033478988441592,392.18265383446715,0.031,0.32978723404255317,1-0-688-1,@,UT_016,016,2,fave,6070.305937364642,49.203118012260276,10,meticulously,0,0.07000700000003235,so,"",M,T,M,T,internal
647.3210713823668,1453.757748926937,3027.156036853086,3.853334248873279,3.269180516245635,3.705675643253774,5692.3076923076915,0.0011229321629706661,392.6906481655329,0.047,0.3263888888888889,1-0-688-8,@,UT_016,016,2,fave,140.12939976870226,47.01404816120343,10,meticulously,0,0.11999500000001717,so,"",L,S,L,S,internal
557.0675601805619,1433.254485538363,2412.5430469988823,3.2493355379910915,3.930566630516109,4.459571791431459,5512.820512820513,0.0006006639285099028,395.63484883446716,0.035,0.33653846153846156,1-0-699-4,@,UT_016,016,2,fave,179.26156915780192,64.13953394023108,10,beautiful,0,0.080016999999998,as,as,T,F,T,F,internal
555.6446694053201,1859.7363033845063,2817.7589794255387,3.4596720155971665,3.7600529227245643,4.2719151007808955,5871.794871794871,0.0003019111692690856,440.46764283446714,0.035,0.3365384615384616,1-0-734-3,@,UT_016,016,2,fave,184.93299252687115,60.091432781417325,10,because,0,0.080016999999998,one,each,K,Z,K,Z,internal
728.1955769616609,1663.0459048379644,3034.884836939104,3.382089064533549,3.4883776713712,3.787923626836508,5871.794871794871,0.00010229995427020412,441.19264383446716,0.045,0.3358208955223881,1-0-737-0,@,UT_016,016,2,fave,175.87416788403803,63.40006422721567,10,of,0,0.11001599999997325,one,my,#,V,N,V,initial
611.1925541541575,1654.219880120368,2763.712170966465,3.479794739163965,3.5314975394040795,4.3328985593843505,6051.282051282051,0.0019332338040798952,443.85963783446715,0.07899999999999999,0.3376068376068376,1-0-747-0,@,UT_016,016,2,fave,111.07006453275375,53.779345096437076,10,a,0,0.21002199999998084,has,"",#,#,Z,"",coextensive
667.6089046231012,1315.1375090196123,2933.868607123271,3.4111670296141994,3.8533673516059648,3.730115692547416,6410.25641025641,0.0004055083606583269,447.18295383446707,0.04100000000000001,0.3306451612903227,1-0-755-4,@,UT_016,016,2,fave,220.64761936462358,64.32568954250343,10,probably,0,0.10000600000000759,but,"",B,B,B,B,internal
528.844348805131,1526.708302398466,2977.1908598182104,2.7248671750404236,3.4230889784462746,3.682657162700723,6051.282051282051,0.0000799689709166189,457.2568501655329,0.027000000000000003,0.32142857142857145,1-0-783-1,@,UT_016,016,2,fave,126.0953060887298,65.21032485241895,10,the,0,0.05999800000000732,of,simplicity,DH,#,DH,S,final
504.6907819913213,1686.544343854506,2979.2916964107662,2.9459858080633206,3.1855911744660785,4.165392919281063,5871.794871794871,0.00016860110122743054,457.8468518344671,0.027000000000000003,0.32142857142857145,1-0-784-7,@,UT_016,016,2,fave,84.90004571674189,59.49223419814344,10,simplicity,0,0.05999800000000732,the,of,S,T,S,T,internal
583.389570392197,2005.481810164375,2957.7656061158464,3.1895700433101397,3.454801411105493,4.354250812551304,6410.25641025641,0.00016276871354248078,458.0508591655329,0.035,0.3365384615384616,1-0-785-0,@,UT_016,016,2,fave,189.46132437660037,60.72337965081313,10,of,0,0.07998599999996259,simplicity,life,#,V,iyF,V,initial
544.2361646451795,1928.7855066047186,2925.5625772597737,3.7886024316127758,2.7430629163024074,4.285982231151318,6769.2307692307695,0.0002187407544670679,460.1368551655329,0.027000000000000003,0.32142857142857145,1-0-791-7,@,UT_016,016,2,fave,91.84519173376798,63.65316439490102,10,huntington,0,0.05999700000000985,and,was,T,N,T,N,internal
738.6859029797898,1618.088653161007,2978.956246803447,3.6682457586904276,2.419946962917277,3.7509063460166887,6410.25641025641,0.00010503800928557081,460.29885349659867,0.031,0.32978723404255317,1-0-792-1,@,UT_016,016,2,fave,80.29877053590059,62.38308313584437,10,was,0,0.06997599999999693,huntington,a,W,Z,W,Z,internal
485.2563403763505,1689.241952471013,2994.9486570296795,3.4832655940230586,2.526904318709973,4.145930587613524,6589.74358974359,0.000035479294400740064,460.42583883446713,0.025,0.33783783783783783,1-0-793-0,@,UT_016,016,2,fave,79.6846136514068,65.87886101581306,10,a,0,0.05001799999996592,was,very,#,#,Z,V,coextensive
650.6522532789414,1693.575335358889,2838.9020962606983,3.97905358480597,2.741694887041464,4.30054333651453,6051.282051282051,0.0007201639270566265,461.62885083446713,0.031,0.32978723404255317,1-0-797-1,@,UT_016,016,2,fave,80.91036897571666,60.09047737498619,10,than,0,0.07000700000003235,place,it,DH,N,DH,N,internal
542.796874985628,1667.4941889119366,2196.557740172304,4.190582023434713,3.2509971889984293,4.330662296754337,5692.3076923076915,0.00045369792414139706,462.39883983446714,0.031,0.32978723404255317,1-0-800-2,@,UT_016,016,2,fave,153.94740736655058,59.768914938776895,10,currently,0,0.07000700000003235,is,"",*hr,N,*hr,N,internal
638.8890300674619,1278.8923342983994,2487.865662183935,3.680884210213294,3.6634038276264973,4.3365861817224465,6230.7692307692305,0.0012550526489482456,465.1688398344671,0.07100000000000001,0.33177570093457953,1-0-807-3,@,UT_016,016,2,fave,150.66624193917707,59.726045990490185,10,rural,0,0.19000299999999015,very,"",R,L,R,L,internal
390.67184067856977,1965.6403380693705,2893.6208858921636,3.7884995857345265,3.317439258655348,4.205439008500264,6410.25641025641,0.0036992402395237545,466.5758424965986,0.045,0.3358208955223881,1-0-810-6,@,UT_016,016,2,fave,152.9049292001777,57.5345525945094,10,community,0,0.10998499999999467,farm,mining,N,T,N,T,internal
346.3061524767416,1419.4640581612023,2354.5417270468474,3.095074987304514,4.630637770002264,4.083392829266107,4256.410256410256,0.0012352344528488073,470.2868491655329,0.027000000000000003,0.32142857142857145,1-0-819-1,@,UT_016,016,2,fave,-271.5290039756343,51.86910472327472,10,community,0,0.05999700000000985,tight,and,K,M,K,M,internal
320.96619654085606,1944.803975415747,2937.6455764810435,3.420968082977735,3.8029249303812,3.5945229199467184,6230.7692307692305,0.0018757125389850442,470.5668381655329,0.047,0.3263888888888889,1-0-819-6,@,UT_016,016,2,fave,78.2256777295936,54.62112249707881,10,community,0,0.11999500000001717,tight,and,N,T,N,T,internal
591.3127047765227,1535.7521097226877,3120.5658024275954,3.467614505572856,3.778481322257973,3.771749316188715,6051.282051282051,0.00011023046769638869,471.98886116553285,0.031,0.32978723404255317,1-0-823-0,@,UT_016,016,2,fave,162.07531358777933,66.03024640515223,10,a,0,0.0699769999999944,just,lot,#,#,T,L,coextensive
617.6385279946932,1672.0400181636162,2824.773465392891,3.33968517332342,3.37586931372765,3.8348915942728157,6769.2307692307695,0.000042528603209847743,472.32084249659863,0.035,0.3365384615384616,1-0-825-0,@,UT_016,016,2,fave,142.48732706001027,61.045630716232786,10,of,0,0.07998599999996259,lot,room,#,V,T,V,initial
474.26367095285366,1690.1549614585801,3037.908925211075,3.8143793762106197,3.5936991687035342,4.598430493796008,7128.205128205128,0.0001640520829104949,472.9808511655329,0.035,0.3365384615384616,1-0-827-1,@,UT_016,016,2,fave,151.14867571214447,59.267213336568794,10,to,0,0.0799870000000169,room,roam,T,#,T,R,final
727.4919112138186,1575.6034185308424,3068.090192318886,4.16245679006548,3.325552763157124,3.8883049868571886,6051.282051282051,0.0033879528334295737,473.6138504965987,0.04100000000000001,0.3306451612903227,1-0-829-0,@,UT_016,016,2,fave,147.24774965900116,55.84302608674074,10,and,0,0.09997599999996964,roam,play,#,N,M,N,initial
565.0957157260267,1472.1646803791684,3092.4977448144737,3.185879520600141,3.476620594464247,3.9445923729647276,5871.794871794871,0.002542641165402916,477.4018551655329,0.057,0.3275862068965517,1-0-838-5,@,UT_016,016,2,fave,80.04323877505811,54.910820508294094,10,stresses,0,0.1499939999999924,and,of,S,Z,S,Z,internal
531.5182693019713,1562.5665144337065,3082.0300361175946,2.7552890418312512,3.452956351842192,3.864895136471834,6051.282051282051,0.000277342166804217,478.66085550340136,0.035,0.3365384615384616,1-0-841-1,@,UT_016,016,2,fave,169.97488468359492,64.33211295971378,10,society,0,0.080016999999998,"",that,S,S,S,S,internal
461.9929735441968,2373.9884845780352,3054.1665871016057,2.517698684482276,3.714283114126821,4.363445400987827,6410.25641025641,0.0015856774438297331,479.0208458344671,0.075,0.33482142857142855,1-0-841-4,@,UT_016,016,2,fave,159.4774268315013,63.279914561386775,10,society,0,0.20001200000001518,"",that,ay,T,ay,T,internal
515.5121797623843,1494.2328786738433,3048.854840714122,3.087768860849207,3.535943046127548,3.7197475769817743,5871.794871794871,0.00019718778626811868,482.5101481655329,0.035,0.33653846153846156,1-0-852-1,@,UT_016,016,2,fave,79.53731677202823,61.22161812920134,10,was,0,0.0799870000000169,that,just,W,Z,W,Z,internal
474.0284355320287,1820.146833230515,2976.94026283209,3.0545705583009988,3.5181949185520853,3.951166674698095,5512.820512820513,0.00003329295519310658,482.87515450340135,0.025,0.33783783783783783,1-0-854-0,@,UT_016,016,2,fave,NaN,58.02095219745907,10,a,0,0.05001900000002024,just,time,#,#,T,T,coextensive
468.35948063495243,1674.4234602655015,2227.509959199327,3.185807800793135,3.6080072399862666,5.085417694547516,6948.717948717948,0.007384950181416428,486.7581481655328,0.031,0.32978723404255317,1-0-866-6,@,UT_016,016,2,fave,105.04950137239136,60.72018991458187,10,comfortable,0,0.07000700000003235,"","",T,B,T,B,internal
584.2079496121995,1664.2327733573322,2207.7972460920064,3.7651182235397362,3.7050146613659516,4.373981510965315,5512.820512820513,0.0017191943834852187,489.6611478344671,0.037,0.32456140350877194,1-0-875-2,@,UT_016,016,2,fave,79.71867569938038,56.883537578266726,10,weren't,0,0.08999599999998509,worries,there,*hr,N,*hr,N,internal
693.5616386524803,1696.6881628013462,2942.4431998474224,3.6836909520205112,3.8404862723618285,4.187146470892356,5692.3076923076915,0.0004092520610963917,495.49986783446707,0.027000000000000003,0.32142857142857145,1-0-883-0,@,UT_016,016,2,fave,143.3015845603052,58.95219769395485,10,of,0,0.05999700000000985,one,my,#,V,N,V,initial
497.10802459512416,1581.2212385218577,2788.721526151599,3.1723557854886244,3.121374930125893,3.768641307942127,5871.794871794871,0.000016081158234650898,503.74514950340136,0.025,0.33783783783783783,1-0-902-0,@,UT_016,016,2,fave,77.376877405885,61.110722883894134,10,of,0,0.05001900000002024,because,that,#,V,Z,V,initial
610.9404944460598,1866.9773396230644,2711.985995423595,4.079492176859959,3.86839411698337,3.870928825211961,6051.282051282051,0.00009253231282007436,504.4461511655329,0.027000000000000003,0.32142857142857145,1-0-905-0,@,UT_016,016,2,fave,74.50416794935806,55.62879467941122,10,of,0,0.059996999999953005,feeling,safety,#,V,NG,V,initial
416.09770576512744,2062.1070306414426,2808.4435387860613,3.922627052634681,3.63345984812792,4.15915534439583,6230.7692307692305,0.000662176055467012,504.9961438344671,0.027000000000000003,0.32142857142857145,1-0-907-0,@,UT_016,016,2,fave,141.6298174423719,55.99452062835478,10,and,0,0.05999800000000732,safety,security,#,N,iyF,N,initial
494.1156742441624,1763.5934068071335,2031.105701207698,3.0065510948624885,4.310397137055879,4.113480428167459,5512.820512820513,0.000053959227658628477,505.6261488344671,0.027000000000000003,0.32142857142857145,1-0-908-6,@,UT_016,016,2,fave,160.6693119979283,61.71628606196321,10,security,0,0.05999800000000732,and,"",R,T,R,T,internal
483.9175453722274,1191.0495884876227,3085.625923768035,3.854728745103273,3.8675551790289333,3.9535594893023793,6589.74358974359,0.00010926818262604589,511.1977371655329,0.027000000000000003,0.32142857142857145,1-0-923-0,@,UT_016,016,2,fave,189.26606379544907,60.62656515673021,10,and,0,0.05999800000000732,roam,go,#,N,M,N,initial
325.7329938249113,1621.9402283771299,3252.416462082962,3.40316836756652,3.5937746299384,4.512427691036326,5871.794871794871,0.0004832521079725578,515.6886634965987,0.037000000000000005,0.324561403508772,1-0-937-0,@,UT_016,016,2,fave,159.50200882211416,58.87265677458583,10,and,0,0.08996600000000399,jobs,be,#,N,Z,N,initial
720.5971908137345,1605.0290180564198,3223.551552156712,3.5068199859195843,3.486621714322801,3.8340793918283933,6230.7692307692305,0.0025394620208228674,528.290823165533,0.051000000000000004,0.3311688311688312,1-0-950-0,@,UT_016,016,2,fave,179.84592587109805,67.98780367514613,10,a,0,0.13000499999998283,had,"",#,#,D,"",coextensive
596.368737506612,1760.3292685404917,2760.292050291656,3.0330897525349556,3.4031032054875854,3.907750434673984,6410.25641025641,0.000583817769669111,529.025864165533,0.061000000000000006,0.3315217391304348,1-0-952-0,@,UT_016,016,2,fave,83.37687088694639,63.53402150270292,10,a,0,0.15997299999992265,"",really,#,#,"",R,coextensive
621.292580194578,1472.2777795423801,3013.6481506809537,3.5139183637211775,3.5664862342030874,4.352840568873573,5692.3076923076915,0.0008108377654553426,530.3558415034014,0.040999999999999995,0.33064516129032256,1-0-957-0,@,UT_016,016,2,fave,120.44622086805168,60.769909235782734,10,of,0,0.10003699999992932,group,neighborhood,#,V,P,V,initial
635.1324948881183,1663.9673656175012,3516.58689191882,4.505499605356305,4.103138039541599,4.465301149810122,6769.2307692307695,0.04021453937924911,532.6486358344671,0.037000000000000005,0.324561403508772,1-0-962-0,@,UT_016,016,2,fave,175.7579612101125,53.40120972642724,10,and,0,0.09002700000007735,"",so,#,N,"",N,initial
590.3999171259591,1750.2428762374218,2953.26305218429,4.037497788011485,3.3071939788907168,3.4326348588768054,6051.282051282051,0.00040066040496757174,538.7821568344671,0.035,0.33653846153846156,1-0-980-1,@,UT_016,016,2,fave,82.96975561551768,55.07690474873761,10,the,0,0.080016999999998,in,dirt,DH,#,DH,D,final
453.8969925747663,1595.9995891109631,2609.4863752829174,4.238528384661857,2.669280072691079,4.508846322417817,5692.3076923076915,0.02459694076280735,546.5081221655329,0.047,0.3263888888888889,1-0-1005-0,@,UT_016,016,2,fave,159.86419931149544,56.96314404251385,10,and,0,0.11999500000001717,cars,"",#,N,Z,N,initial
655.4664642232477,1668.9612644462916,3041.7753625331234,3.913539695520254,3.429091963485186,4.080533180130376,5692.3076923076915,0.003315957815027029,554.0931605034014,0.037000000000000005,0.324561403508772,1-0-1029-0,@,UT_016,016,2,fave,77.39622861831054,53.65416128762307,10,and,0,0.09002700000007735,up,being,#,N,P,N,initial
706.5369851833616,1500.6694353361158,3044.321698494481,3.7064496857783937,3.6611092986459997,3.9498103100695303,5692.3076923076915,0.00015849341411039466,554.8381491655329,0.027000000000000003,0.32142857142857145,1-0-1032-1,@,UT_016,016,2,fave,77.9982946032105,54.33901227082949,10,the,0,0.05999700000006669,on,farm,DH,#,DH,F,final
713.3772543168116,1651.1691200893988,3182.172506415357,3.999148752364499,3.212017316395726,4.011626589774745,6051.282051282051,0.0013575239734652921,555.4781541655328,0.047,0.3263888888888889,1-0-1034-0,@,UT_016,016,2,fave,147.93844163305903,55.77173274711649,10,and,0,0.11999500000001717,farm,"",#,N,M,N,initial
574.0614057199929,1590.1138959825166,2929.2119300072823,3.7400872299983785,3.4365724995833595,3.937766977586497,6051.282051282051,0.0016090595840296965,557.7531674965986,0.057,0.3275862068965517,1-0-1041-4,@,UT_016,016,2,fave,155.10386589258698,56.67975908371566,10,harvest,0,0.14996399999995447,would,and,V,S,V,S,internal
563.4358532269673,1744.4146272630271,3050.4391494007855,3.4979191102396014,3.0879127304688416,3.949679832936003,5871.794871794871,0.0006874072231064251,558.0721348344671,0.035,0.3365384615384616,1-0-1042-0,@,UT_016,016,2,fave,61.70074375472699,54.93547443906188,10,and,0,0.080016999999998,harvest,that,#,N,T,N,initial
400.8519532473586,1877.3706034116003,2888.190375534875,3.33509492005488,3.8501494478399483,3.8121642923266603,6410.25641025641,0.00019067798647313125,562.2388451655329,0.027000000000000003,0.32142857142857145,1-0-1055-1,@,UT_016,016,2,fave,85.11435682055816,59.67941238661707,10,the,0,0.059996999999953005,shooting,grain,DH,#,DH,G,final
577.9847951299618,1728.7575936598828,3002.9180659947497,4.0816002495647075,2.9879263147851587,3.7259652619523354,6051.282051282051,0.0051003600761421785,563.0208628276645,0.031,0.32978723404255317,1-0-1058-0,@,UT_016,016,2,fave,80.0611205854183,54.234038869206046,10,and,0,0.06994599999995899,in,it,#,N,N,N,initial
657.7305545201684,1356.6770540977502,2840.713015796598,3.307567962749292,3.612134288586788,3.8101365320291833,5692.3076923076915,0.0001273010542000391,566.0808608276644,0.031,0.32978723404255317,1-0-1073-0,@,UT_016,016,2,fave,77.71209650839026,53.18449477659073,10,of,0,0.06994600000007267,top,it,#,V,P,V,initial
669.2498810755161,1474.2553976913682,2975.5534904274205,4.020097554957423,3.6482822706277456,4.399673732376249,5333.333333333333,0.0002783800718518699,568.3978351723357,0.025,0.33783783783783783,1-0-1085-1,@,UT_016,016,2,fave,80.66820261499105,55.495326530035804,10,the,0,0.0500489999999445,in,wheat,DH,#,DH,W,final
510.2392030167909,1491.0987559084733,2850.1360147752735,3.089998237338607,3.617184098835002,4.307795953952663,5512.820512820513,0.00032186322629387993,569.640869165533,0.031,0.32978723404255317,1-0-1090-1,@,UT_016,016,2,fave,162.32205997638144,57.77257664420918,10,the,0,0.07000699999991866,chew,wheat,DH,#,DH,W,final
405.69926081015575,1030.4730557742348,3357.880271413415,4.398975084230399,3.7753508875637323,4.581333728443037,6589.74358974359,0.002189592609126778,572.3722588344671,0.031,0.32978723404255317,1-0-1097-4,@,UT_016,016,2,fave,79.74234748558912,52.411317440553965,10,animals,0,0.07000800000002982,farm,i,M,L,M,L,internal
721.3558167384922,1886.3756159377645,3001.7249934256174,3.579502411645487,3.539593968105391,4.260113191296306,6230.7692307692305,0.005958062234569043,573.6102298344671,0.067,0.32843137254901966,1-0-1102-1,@,UT_016,016,2,fave,238.96705857623644,47.48660143999135,10,the,0,0.17999300000008134,around,animals,DH,#,DH,ae,final
689.7697797238429,1499.6095187887433,3087.7693421743434,3.9583721796199516,3.725680914361911,3.445228053511843,6051.282051282051,0.0004223406621641325,573.9002278344672,0.027000000000000003,0.32142857142857145,1-0-1103-2,@,UT_016,016,2,fave,158.00219954681657,53.0486010325165,10,animals,0,0.059996999999953005,the,"",N,M,N,M,internal
640.190897863654,1085.395546329881,3361.949587824118,4.23598763682469,4.137275069290412,4.272886629124166,6230.7692307692305,0.04100965143476311,574.0592361655329,0.065,0.33505154639175255,1-0-1103-4,@,UT_016,016,2,fave,162.34019335704576,52.30550485511532,10,animals,0,0.169983000000002,the,"",M,L,M,L,internal
475.19319187086666,1896.8619476309748,2797.863803710643,2.99943049001137,3.3947968318767154,4.216013173936287,6410.25641025641,0.00001035353476885129,581.0892411723356,0.025,0.33783783783783783,1-0-1118-1,@,UT_016,016,2,fave,157.54858412259443,62.23540497964581,10,the,0,0.050049000000058186,knowing,people,DH,#,DH,P,final
440.00161454643444,1773.7664303651347,3120.232634442766,3.714971587708008,3.841830098175547,4.110159421082158,6051.282051282051,0.000278682354859363,581.6402731655329,0.027000000000000003,0.32142857142857145,1-0-1121-1,@,UT_016,016,2,fave,159.80156541865745,55.01073859976275,10,the,0,0.059996999999953005,in,community,DH,#,DH,K,final
408.5274505709227,1942.294345131172,3039.885200179108,3.7263476603145733,3.507534483236597,3.609763487305904,6410.25641025641,0.0003248498312905628,582.1072455034014,0.04100000000000001,0.3306451612903227,1-0-1122-6,@,UT_016,016,2,fave,159.19801393119897,54.43000934883419,10,community,0,0.10003599999993185,the,"",N,T,N,T,internal
475.7539968455298,1700.5925868223133,2985.162730594521,3.5643748091369094,3.7900265998312452,4.174408063994795,5692.3076923076915,0.001061579783915968,586.2002758344671,0.027000000000000003,0.32142857142857145,1-0-1135-0,@,UT_016,016,2,fave,161.86379712346198,55.166509890025395,10,and,0,0.05999800000006417,friends,community,#,N,Z,N,initial
516.9400610387081,1558.7034385041725,3043.1220276742342,3.209419635214249,3.2258244693522964,4.030181504172405,6230.7692307692305,0.0002533620854652149,589.747625834467,0.031,0.32978723404255317,1-0-1142-1,@,UT_016,016,2,fave,90.51449311107399,60.12498032236852,10,was,0,0.07000700000003235,it,it,W,Z,W,Z,internal
484.52579884438245,1501.3089264364057,2827.5838289084795,3.004810302028468,3.5928297019375495,3.756400006587449,5871.794871794871,0.000411846075353243,590.0876518344671,0.031,0.32978723404255317,1-0-1144-1,@,UT_016,016,2,fave,166.55459550679151,56.934827595866636,10,was,0,0.07000799999991614,it,a,W,Z,W,Z,internal
489.07326888521743,1577.937048478158,2962.0517774138166,3.281978396775773,3.316859725420629,4.237903726489592,5871.794871794871,0.00023503189573070464,590.2176568344671,0.031,0.32978723404255317,1-0-1145-0,@,UT_016,016,2,fave,80.79605724290751,54.85529091607491,10,a,0,0.07000800000002982,was,v,#,#,Z,V,coextensive
540.1387609385466,1708.395986300801,2946.4628173768306,3.6489490718795268,3.5492474293433256,3.994815345867469,5692.3076923076915,0.00263370444834018,590.5026315034013,0.040999999999999995,0.33064516129032256,1-0-1148-0,@,UT_016,016,2,fave,160.3026250796768,54.250572211376955,10,a,0,0.10003600000004553,"","",#,#,"","",coextensive
620.8831124728515,1504.817739427418,2992.8798002097824,3.588350892713609,3.4131925719782448,4.16295507366758,5692.3076923076915,0.001783332293687054,596.3996631655328,0.047,0.3263888888888889,1-0-1165-0,@,UT_016,016,2,fave,-6807.854115407308,55.75670090321047,10,of,0,0.11999500000001717,"","",#,V,"",V,initial
652.3831039220016,1659.3109351607543,2846.7855635319015,3.546920967666564,3.108756743055541,4.136768794975182,5871.794871794871,0.0006757973024596248,597.546677165533,0.061000000000000006,0.3315217391304348,1-0-1169-0,@,UT_016,016,2,fave,102.94346298249653,54.749773350577854,10,and,0,0.15997299999992265,life,"",#,N,F,N,initial
413.96041655589687,1882.9855903556283,2980.296236921415,3.9561103374766153,3.535812994652812,3.632805364795268,6051.282051282051,0.0019270723342846893,600.5296828344672,0.027000000000000003,0.32142857142857145,1-0-1179-0,@,UT_016,016,2,fave,77.40535930258689,52.425645775707714,10,and,0,0.05999799999995048,loving,nurturing,#,N,NG,N,initial
569.2840160041848,1453.9250232704885,3202.70333411068,3.303414294498094,3.5524313454137815,4.2229604834531305,5871.794871794871,0.0002984413152486489,621.7309768344671,0.027000000000000003,0.32142857142857145,1-0-1197-1,@,UT_016,016,2,fave,NaN,58.163512512194195,10,was,0,0.05999800000006417,it,more,W,Z,W,Z,internal
495.79907545268793,1735.3250574068893,3075.7721073515454,2.7734941730308282,3.5447808838096595,3.8867843701897975,6230.7692307692305,0.000238991583000583,625.6015595034013,0.035,0.3365384615384616,1-0-1211-1,@,UT_016,016,2,fave,153.91091504758015,64.7897602026136,10,to,0,0.080016999999998,"",just,T,#,T,JH,final
611.3584246897578,1754.7426085010331,2822.9710360784156,3.2303810828288992,3.5215809474065045,4.305056371541726,5871.794871794871,0.0010899554428744848,625.991558834467,0.055,0.3353658536585366,1-0-1213-1,@,UT_016,016,2,fave,145.30943136787408,57.393134990132886,10,to,0,0.14001500000006217,just,"",T,#,T,"",final
610.6425799447348,1655.724860872926,3045.235147487503,4.006055320523848,2.8795282991191686,3.8474773273834875,6051.282051282051,0.0012387262830462179,628.2275431655329,0.047,0.3263888888888889,1-0-1218-0,@,UT_016,016,2,fave,158.92260861713544,53.52064964385315,10,and,0,0.11999600000001465,livelihoods,"",#,N,Z,N,initial
454.5821495938891,1529.635836425334,3019.1938421930718,3.316002963011573,4.014824942799212,4.354872266282848,6051.282051282051,0.001638017933734364,632.0895291655329,0.051000000000000004,0.3311688311688312,1-0-1231-0,@,UT_016,016,2,fave,109.34053969082079,53.36734539110078,10,and,0,0.13000500000009652,horses,"",#,N,Z,N,initial
461.6124249996959,1502.0001603420449,3189.5313527565104,3.3585302599325284,3.4906769840400114,4.062503995868869,6051.282051282051,0.0008493334034489029,634.2675311655329,0.027000000000000003,0.32142857142857145,1-0-1237-0,@,UT_016,016,2,fave,NaN,54.575707343322556,10,and,0,0.05999799999995048,horses,raise,#,N,Z,N,initial
764.5394544550562,1897.7569861618176,2983.328279653274,3.9269620263424843,3.5572666639525257,4.271457123014713,5512.820512820513,0.002111686418013231,647.1719674965987,0.055,0.33536585365853655,1-0-1270-1,@,UT_016,016,2,fave,317.56694227717844,60.43814368647307,10,the,0,0.1399539999999888,sustain,animals,DH,#,DH,ae,final
657.8909879860914,1472.237150500661,3140.5691547067568,4.01296864249192,4.1420880736262236,3.996974650291876,6410.25641025641,0.0005732705409622653,647.5079491655329,0.027000000000000003,0.32142857142857145,1-0-1271-2,@,UT_016,016,2,fave,76.10208440425092,60.79987871815962,10,animals,0,0.05999700000006669,the,"",N,M,N,M,internal
470.49105074726094,1078.6075670092916,3285.4874484472757,4.01609791676756,3.7697432841687033,3.7191383325136287,6589.74358974359,0.0011482165214964752,647.6579788344671,0.027000000000000003,0.32142857142857145,1-0-1271-4,@,UT_016,016,2,fave,133.30723094719556,60.052340899167795,10,animals,0,0.05999799999995048,the,"",M,L,M,L,internal
679.1529368077099,1829.0165032189736,2833.6675900902737,3.0843505547746015,3.170345523263619,4.056789773459717,5692.3076923076915,0.0010231485628534435,648.5687728344672,0.07100000000000001,0.3317757009345795,1-0-1276-1,@,UT_016,016,2,fave,119.5154185729074,56.47771408779908,10,the,0,0.19000200000004952,grow,animals,DH,#,DH,ae,final
747.3235197305936,1451.7231071559077,3132.4200860898454,4.528321602561835,4.28166270545511,3.496959152659929,6589.74358974359,0.001480210587796184,648.8867388344671,0.027000000000000003,0.32142857142857145,1-0-1277-2,@,UT_016,016,2,fave,150.3546883370089,59.851914461985146,10,animals,0,0.05999700000006669,the,to,N,M,N,M,internal
594.3818712176381,906.3901902160441,3329.1902574140913,4.352932650492996,3.937616155379697,4.308601187614273,6589.74358974359,0.025696483649231792,649.0337495034014,0.061000000000000006,0.3315217391304348,1-0-1277-4,@,UT_016,016,2,fave,160.66398210791726,59.3462105542488,10,animals,0,0.160033999999996,the,to,M,L,M,L,internal
480.65730471620043,1737.5515212456223,3011.9370577841223,3.6385003409703636,3.362275340105713,4.2200205096036765,6589.74358974359,0.0009812785942709997,650.8937501723356,0.04100000000000001,0.3306451612903227,1-0-1282-0,@,UT_016,016,2,fave,81.2773450529552,60.86650124381124,10,and,0,0.10003600000004553,butcher,eat,#,N,*hr,N,initial
461.4654142911102,1556.13430058435,3060.790984132995,3.8214938885690657,2.857732589989001,4.528934095029651,5871.794871794871,0.007084252317241602,653.340750834467,0.035,0.3365384615384616,1-0-1294-0,@,UT_016,016,2,fave,NaN,55.36046003136268,10,and,0,0.080016999999998,pigs,"",#,N,Z,N,initial
383.9706236241983,1581.3682769200336,2970.99178011664,3.8325006917417954,3.43012755913351,4.211714846176036,5692.3076923076915,0.0003423512450150553,654.5867451655329,0.027000000000000003,0.32142857142857145,1-0-1298-0,@,UT_016,016,2,fave,166.63117559486824,58.50619931359914,10,and,0,0.05999800000006417,sheep,that,#,N,P,N,initial
702.1141597477314,1508.458236719063,3044.2882313406117,3.3714074378066177,3.337403988185738,4.236442665212827,5692.3076923076915,0.008223028138440206,659.6941288344672,0.091,0.33211678832116787,1-0-1309-1,@,UT_016,016,2,fave,277.3589470819217,50.10654559276303,10,to,0,0.25,sell,other,T,#,T,ʌ,final
606.9707251081531,1760.776227552153,2903.8363142386884,3.8298402630279496,3.7126370465637217,4.281056636214093,5871.794871794871,0.0012118880180447507,661.366141834467,0.035,0.3365384615384616,1-0-1314-1,@,UT_016,016,2,fave,79.6023078147166,59.690263592345836,10,the,0,0.080016999999998,in,community,DH,#,DH,K,final
353.04573728137046,1641.2025723111221,2415.7574437084522,3.0938013696417417,4.864379858560542,4.235482765230981,5153.846153846154,0.012308707225465258,661.6021318344672,0.027000000000000003,0.32142857142857145,1-0-1315-1,@,UT_016,016,2,fave,169.28535684763114,56.29064356792332,10,community,0,0.059996999999953005,the,"",K,M,K,M,internal
482.41814792594937,1828.479380139621,3080.170408845397,4.002175207830975,3.4290481580132126,3.621432726363596,6051.282051282051,0.003434440190579705,661.8911494965987,0.045,0.3358208955223881,1-0-1315-6,@,UT_016,016,2,fave,155.13563765674843,57.066809433744154,10,community,0,0.1099859999999353,the,"",N,T,N,T,internal
758.6677414410045,1566.358068560029,2179.35597705943,4.074587721629174,4.264486528055822,4.400229981380554,6051.282051282051,0.0004435024348523928,687.441345165533,0.031,0.32978723404255317,1-0-1344-5,@,UT_016,016,2,fave,158.26749171476146,60.54100420156986,10,maternal,0,0.07000699999991866,[bracketed],grandparents,N,L,N,L,internal
495.86868271075264,1603.043201326906,2969.7880443362806,3.439566205626311,3.9612132152159583,4.421588316414888,6230.7692307692305,0.0008113665525608628,688.7833608276644,0.035,0.3365384615384616,1-0-1348-0,@,UT_016,016,2,fave,81.37798623267811,58.69355724630241,10,away,0,0.07995600000003833,passed,before,#,W,T,W,initial
468.3166911257954,1703.2198866185602,3022.234831382823,2.838620452985266,3.5396519507104833,4.2587313152278075,6230.7692307692305,0.00011873110375277857,691.151367165533,0.031,0.32978723404255317,1-0-1356-1,@,UT_016,016,2,fave,151.11687154888023,71.78839039129565,10,was,0,0.07000700000003235,i,very,W,Z,W,Z,internal
465.48452524321823,1650.4965541026384,2848.037070121591,3.125281275319054,3.441861059819605,4.08734619294519,6051.282051282051,0.0003005079964194464,695.2333288344671,0.035,0.33653846153846156,1-0-1371-1,@,UT_016,016,2,fave,161.23742444880048,57.88452602039193,10,was,0,0.080016999999998,i,born,W,Z,W,Z,internal
415.8193526773595,1775.7776474773682,2431.6756980406612,3.8852574129937603,3.988157595664773,4.436576610459922,6769.2307692307695,0.000788731168034836,697.1793408344671,0.027000000000000003,0.32142857142857145,1-0-1378-0,@,UT_016,016,2,fave,152.4238640181952,59.145759200731945,10,and,0,0.05999800000006417,father,mother's,#,N,*hr,N,initial
403.87477900573595,1607.9882113422293,3015.713573006247,3.688320255962591,3.230067882353215,4.03551971458811,5333.333333333333,0.001212149285145572,701.5036761655329,0.027000000000000003,0.32142857142857145,1-0-1398-0,@,UT_016,016,2,fave,191.0231529371276,55.01727239773055,10,and,0,0.05999800000006417,"",uncles,#,N,"",N,initial
399.24595531863565,1815.1458334490503,3540.2911745843708,3.644776526394288,3.97200064349796,3.8864993618832973,5871.794871794871,0.000484461416860152,703.336853165533,0.031,0.32978723404255317,1-0-1401-0,@,UT_016,016,2,fave,174.7973549638091,63.445594481863566,10,and,0,0.07000700000003235,"",cousins,#,N,"",N,initial
667.8621726200155,1563.5665207629502,3148.0615812794385,3.534889550467747,3.036800419448175,4.459739595781292,6230.7692307692305,0.0005231049170057134,703.8018594965986,0.061000000000000006,0.3315217391304348,1-0-1402-3,@,UT_016,016,2,fave,148.62054875607828,60.03937339688166,10,cousins,0,0.15997300000003634,and,and,Z,N,Z,N,internal
725.7263784592313,1522.1058672951265,3144.0533189481184,3.4533075841355783,3.2700200417754934,4.0325554897075575,6051.282051282051,0.00022518972430501239,710.138846834467,0.035,0.33653846153846156,1-0-1423-3,@,UT_016,016,2,fave,154.46776440270816,63.28491178554914,10,holidays,0,0.080016999999998,and,and,L,D,L,D,internal
554.7264287611038,1771.792321895257,2943.272197739964,3.7190184897881298,3.3680321752298905,3.737926848493884,6051.282051282051,0.0010892086809386778,710.6718701655329,0.040999999999999995,0.33064516129032256,1-0-1424-0,@,UT_016,016,2,fave,89.05982902406767,56.4429347685083,10,and,0,0.09997599999996964,holidays,we,#,N,Z,N,initial
472.5142803331162,1780.3032490314333,2977.412119437471,3.5579671484052056,3.7305394190158743,4.361188373350335,6051.282051282051,0.0002836020095940588,711.8568664965987,0.031,0.32978723404255317,1-0-1429-0,@,UT_016,016,2,fave,82.05870545393218,55.105047890322986,10,and,0,0.06994699999995646,things,we'd,#,N,Z,N,initial
533.777746966,1813.5211968160065,3115.820406670062,3.839359834696912,3.8088172667537425,4.432909568869645,6769.2307692307695,0.002823434713336762,713.721848165533,0.061000000000000006,0.33152173913043487,1-0-1436-0,@,UT_016,016,2,fave,155.84756293965896,55.27902274501152,10,and,0,0.15997300000003634,other,"",#,N,*hr,N,initial
355.5117264308346,1653.5699581163794,2865.5032334498055,3.09134781021836,4.543625823272285,4.623773951152791,5512.820512820513,0.006789167170612813,716.5418594965987,0.040999999999999995,0.33064516129032256,1-0-1443-3,@,UT_016,016,2,fave,165.62254230924145,52.86899241925399,10,cousins,0,0.09997599999996964,your,was,Z,N,Z,N,internal
575.3454149484971,1626.58793101663,2934.2475831750958,3.5661150666299495,3.485277910834191,3.965101499138056,6051.282051282051,7.8514235096469e-6,717.2338331723357,0.025,0.33783783783783783,1-0-1446-0,@,UT_016,016,2,fave,160.87124189081703,57.122145094642846,10,a,0,0.0500489999999445,always,fun,#,#,Z,F,coextensive
497.4295115011524,1863.1486830839942,2918.702108950718,3.041394221927576,3.4406385908788657,4.177475994105758,6051.282051282051,0.00016572965035877902,717.9348348344671,0.027000000000000003,0.32142857142857145,1-0-1449-1,@,UT_016,016,2,fave,78.9841421322895,56.71841081400474,10,to,0,0.05999700000006669,thing,do,T,#,T,D,final
612.0592495374005,1630.6009966443035,2965.1702226589855,3.7676502409738712,2.9799000344138524,3.5274283190106894,5871.794871794871,0.003464433244102404,729.9147398344671,0.031,0.32978723404255317,1-0-1471-0,@,UT_016,016,2,fave,180.00630207844944,52.710401855703424,10,of,0,0.07000699999991866,lot,time,#,V,T,V,initial
372.3222728631838,1829.9936065489583,2672.2342825897954,4.102387478241632,3.6063904776238633,4.4870704127762115,6948.717948717948,0.013778487198692414,731.2497278344671,0.101,0.3322368421052631,1-0-1476-0,@,UT_016,016,2,fave,162.54276742650617,53.17675733483498,10,and,0,0.2800290000000132,grandmother,"",#,N,*hr,N,initial
590.9145950229356,1654.1296242517683,2932.1291068938167,4.0946910812335995,3.4561112304865,3.703281353969097,6230.7692307692305,0.0031082057268600966,732.9777278344671,0.057,0.32758620689655177,1-0-1482-0,@,UT_016,016,2,fave,79.89221186833248,52.49530766167175,10,and,0,0.15002400000003036,her,"",#,N,*hr,N,initial
798.7880925431248,1695.7607623085587,3116.7177596463757,3.7683740706773055,3.0531886421766323,4.905282295664005,5692.3076923076915,0.0035803804907517433,734.0117611655329,0.045,0.3358208955223881,1-0-1484-0,@,UT_016,016,2,fave,123.94213767049054,53.373858904736935,10,and,0,0.10998500000005151,"",[bracketed],#,N,"",N,initial
591.1922599255955,1767.0743436568669,2806.8038128632975,3.359672390343173,3.479217604760296,3.9731375415763495,6589.74358974359,0.0007106826867945156,737.4397474965987,0.04100000000000001,0.3306451612903227,1-0-1499-0,@,UT_016,016,2,fave,152.18531532759087,60.32938211267685,10,a,0,0.09997600000008333,"",plate,#,#,"",P,coextensive
569.5009226167136,1813.450415211588,2817.330983309163,3.3241784272683654,3.1001160192286177,3.874651873496852,6051.282051282051,0.00006971087405571964,737.8227681655329,0.027000000000000003,0.32142857142857145,1-0-1501-0,@,UT_016,016,2,fave,82.92697994934849,60.61516991758099,10,of,0,0.05999799999995048,plate,dinner,#,V,T,V,initial
611.3352854673933,1649.1704736741115,3021.03797309546,3.5411071818202675,3.162486513734291,3.8621704859414976,6051.282051282051,0.00001604548250555893,739.6247618344671,0.031,0.32978723404255317,1-0-1509-1,@,UT_016,016,2,fave,149.15141262575665,61.902869791637876,10,the,0,0.07000700000003235,for,family,DH,#,DH,F,final
474.19207937466854,2019.2602092761617,3054.3047407675813,4.042019267021189,3.849372643543212,3.9024426802903927,6230.7692307692305,0.001086723762935254,740.2377525034013,0.037,0.32456140350877194,1-0-1511-0,@,UT_016,016,2,fave,159.6687509170234,57.93492534605757,10,and,0,0.09002700000007735,family,then,#,N,iyF,N,initial
530.5564569749632,1824.6513945617437,2918.4865704334406,3.8270187860639635,3.23054118350052,3.939280829258001,6051.282051282051,0.0012298099783321457,744.6177518344672,0.037,0.32456140350877194,1-0-1532-0,@,UT_016,016,2,fave,77.5151512987043,59.190317972021326,10,of,0,0.09002699999996366,plate,dinner,#,V,T,V,initial
636.0761943659279,1566.339761239706,3159.603113320846,3.5827799072656172,3.23094480920417,4.510226786219709,6230.7692307692305,0.000041345000112265135,747.9027241655328,0.027000000000000003,0.32142857142857145,1-0-1544-1,@,UT_016,016,2,fave,181.58734371499904,63.082634654745746,10,the,0,0.05999800000006417,from,night,DH,#,DH,N,final
504.68931504526654,1736.6338342920355,3190.5620797883007,3.6562650825939387,3.305078154230383,4.074057053217976,6769.2307692307695,0.00020216185369436636,751.8967638276644,0.035,0.33653846153846156,1-0-1561-0,@,UT_016,016,2,fave,169.03939778434457,55.836616412602176,10,and,0,0.07995600000003833,her,visit,#,N,*hr,N,initial
652.0711547098466,1609.3185923564772,3083.096493427034,3.572285828662865,3.2204572196902572,3.9840275891671855,6051.282051282051,0.004559973652911872,752.3287538344671,0.07899999999999999,0.3376068376068376,1-0-1562-3,@,UT_016,016,2,fave,165.41160583965544,52.30833168540794,10,visit,0,0.21002199999998084,and,"",Z,#,Z,"",final
498.3298964463971,1675.4341604222468,3051.2400210780324,2.988065122173638,3.3047106116874647,3.9050967807042603,6410.25641025641,0.00007503136837378484,769.0873625034014,0.037000000000000005,0.324561403508772,1-0-1591-0,@,UT_016,016,2,fave,165.97241054360128,69.25658201474167,10,a,0,0.09002599999996619,was,very,#,#,Z,V,coextensive
593.8821356375275,1656.7143601836394,3086.1210859113503,3.639699209499623,3.123124218233572,4.515674691664017,6051.282051282051,0.00027091002767392453,770.5713481723355,0.045,0.3358208955223881,1-0-1595-3,@,UT_016,016,2,fave,86.88211043819223,63.0280589434035,10,person,0,0.11004600000001119,"","",S,N,S,N,internal
596.6868728185452,1410.8080763430037,2640.255284825456,3.4224127033097473,3.7922863657658312,3.4559067687181635,6051.282051282051,0.00004686059179253993,773.2543388344671,0.031,0.32978723404255317,1-0-1606-0,@,UT_016,016,2,fave,3014.529999154165,59.70848699007298,10,a,0,0.07000799999991614,had,larger,#,#,D,L,coextensive
497.33131644968347,1334.0597852965677,2785.9205985655167,3.4479371479857948,3.935144543216546,4.057103420067047,6051.282051282051,0.001058981704987088,774.8073325034014,0.037000000000000005,0.324561403508772,1-0-1613-3,@,UT_016,016,2,fave,-343438.9351951814,56.18967888685024,10,jiggle,0,0.09002699999996366,just,when,G,L,G,L,internal
788.1735864262101,1653.6682456099518,2991.787167685866,4.08290450256148,3.3294891141839877,4.1036866581632525,5512.820512820513,0.01801206472743365,776.0013411723355,0.045,0.3358208955223881,1-0-1617-0,@,UT_016,016,2,fave,312.8553280533323,50.6218114929048,10,and,0,0.11004600000001119,laughed,"",#,N,T,N,initial
572.4484716057555,1468.1056491421666,3157.124838483442,3.4350124169960035,3.467414840778788,3.9661365341404253,6051.282051282051,0.0003534305038611453,784.4263714965987,0.035,0.33653846153846156,1-0-1640-1,@,UT_016,016,2,fave,205.3889697564815,62.168551715373965,10,to,0,0.07995600000003833,got,leave,T,#,T,L,final
598.1087946758531,1618.4047146934483,2958.757569059315,3.4712061410670856,3.2687256716109623,4.110152021610134,6051.282051282051,0.00020699266113076211,789.638663834467,0.035,0.33653846153846156,1-0-1661-4,@,UT_016,016,2,fave,82.00427889034061,59.743314228664815,10,closet,0,0.080016999999998,little,with,Z,T,Z,T,internal
545.2773771207678,1513.0014461678159,2819.3797648528107,3.4111440357998775,3.5474446101523784,3.8942419597212115,5871.794871794871,0.0009517771489179919,795.8536361723355,0.045,0.3358208955223881,1-0-1686-1,@,UT_016,016,2,fave,172.74690918464665,55.614165281387116,10,was,0,0.11004600000001119,he,little,W,Z,W,Z,internal
632.0650947913857,1493.4525800825581,3069.5217345673454,3.8182607737454437,3.1537635043787633,4.21003703145645,5871.794871794871,0.0010808698849643287,796.4846288344671,0.047,0.3263888888888889,1-0-1688-0,@,UT_016,016,2,fave,163.10440811159197,55.13582894599266,10,and,0,0.11999600000001465,little,"",#,N,L,N,initial
653.0095508751679,1639.233373027727,3126.002829801198,3.79000216830997,3.7632708569344047,3.586871799038711,6051.282051282051,0.005841807416143598,800.0796544965987,0.037,0.32456140350877194,1-0-1699-0,@,UT_016,016,2,fave,175.4809639007151,53.71614957140126,10,and,0,0.08996600000000399,"","",#,N,"",N,initial
486.9040567076744,1756.3490735017433,2805.061660375211,3.587547612777886,4.126573824727686,4.0370497668229435,6051.282051282051,0.0028414174672240855,801.7296345034014,0.037000000000000005,0.324561403508772,1-0-1705-0,@,UT_016,016,2,fave,-170.429341304383,46.47568735770437,10,and,0,0.09002699999996366,sit,tie,#,N,T,N,initial
499.42532630117904,1567.7957177623834,3035.8586671719695,3.5486772141581566,3.0303448868751635,3.9543666392946424,6051.282051282051,0.0006812860937677839,808.3846581655329,0.027000000000000003,0.32142857142857145,1-0-1728-0,@,UT_016,016,2,fave,174.3337656801481,57.176207837491646,10,and,0,0.05999700000006669,quilts,"",#,N,S,N,initial
561.4042615064836,1594.135660910302,3103.0274158712305,3.723901522464364,3.551103187112717,4.2400504262707885,6051.282051282051,0.00048588227235363794,809.9386565034013,0.035,0.3365384615384616,1-0-1735-1,@,UT_016,016,2,fave,171.35177380869095,53.38867876249214,10,was,0,0.08001799999999548,"",to,W,Z,W,Z,internal
696.2636262691251,1741.6582244012372,2904.738078394704,3.8943666973762894,3.456638861199229,3.882926182331432,5692.3076923076915,0.010439542272164343,810.2286708344672,0.075,0.33482142857142855,1-0-1736-1,@,UT_016,016,2,fave,204.81382787615345,49.262808403968194,10,to,0,0.20001200000001518,was,"",T,#,T,"",final
570.9679324669548,1636.95339702967,3012.8937146015155,3.522615263901235,3.6596712762835,3.757228906742264,6410.25641025641,0.000183065160830546,811.0466368344671,0.031,0.32978723404255317,1-0-1739-1,@,UT_016,016,2,fave,162.4073958608578,65.56392085374468,10,the,0,0.07000700000003235,be,one,DH,#,DH,W,final
484.2008045349016,1796.1175192203332,2938.3092310282295,3.5815270291204464,3.118351507022491,4.091205029379652,6051.282051282051,0.0024290121067976,811.896672834467,0.031,0.32978723404255317,1-0-1742-1,@,UT_016,016,2,fave,161.19510884106188,54.811995469635164,10,the,0,0.07000800000002982,cutting,strings,DH,#,DH,S,final
504.04581370423017,1714.6251665106236,2997.4365853684453,3.823016408501526,3.4150189382166065,3.8862087522293947,6051.282051282051,0.0005450841718146948,812.6866508344671,0.031,0.32978723404255317,1-0-1744-0,@,UT_016,016,2,fave,170.91320230679287,58.10535344773654,10,and,0,0.07000800000002982,strings,"",#,N,Z,N,initial
733.3466956509653,1680.2086122489538,2891.313601472146,3.6684357706159068,2.775385830605939,3.9989671820614054,5692.3076923076915,0.014519886613849616,815.5516574965985,0.101,0.3322368421052631,1-0-1754-1,@,UT_016,016,2,fave,148.12839770212912,56.86428592535139,10,the,0,0.2799680000000535,underneath,"",DH,#,DH,"",final
576.3923656547239,1542.037255298818,2995.9759644633436,3.4951868321782285,3.759701538700766,3.9286330756564194,6051.282051282051,0.00007950556520950682,818.6827448344671,0.031,0.32978723404255317,1-0-1762-3,@,UT_016,016,2,fave,81.61951281644045,59.52702587176303,10,needle,0,0.07000799999991614,the,go,D,L,D,L,internal
702.484523431795,1574.8865621365399,3048.293731119332,3.8379367544870204,3.129955435858641,3.7587783805421515,5871.794871794871,0.0001888079016543563,819.3807511655328,0.027000000000000003,0.32142857142857145,1-0-1765-0,@,UT_016,016,2,fave,161.01982688836534,51.33848700190393,10,and,0,0.05999800000006417,down,up,#,N,N,N,initial
604.2229820632682,1530.9945520019667,3284.2322691814265,3.50909867551446,3.4460643022177426,4.307369135569954,5692.3076923076915,0.0022609229263393996,819.8807511655328,0.027000000000000003,0.32142857142857145,1-0-1767-0,@,UT_016,016,2,fave,NaN,53.805176716070235,10,and,0,0.05999800000006417,up,down,#,N,P,N,initial
769.3352888704496,1627.9454060470048,3058.1268858276353,3.3568488281337356,3.1483703277484163,3.3862323919061135,6051.282051282051,0.00011098610732474337,820.442749165533,0.031,0.32978723404255317,1-0-1769-0,@,UT_016,016,2,fave,160.3469784305787,50.315796248236786,10,and,0,0.07000700000003235,down,up,#,N,N,N,initial
521.9188539665984,1260.8715212843217,2769.894313154272,3.6848093311728007,3.915244735231437,4.523446822410508,6410.25641025641,0.003573903316523144,828.1727348344671,0.031,0.32978723404255317,1-0-1794-0,@,UT_016,016,2,fave,152.64801803589756,62.27981603139296,10,a,0,0.07000800000002982,had,little,#,#,D,L,coextensive
521.1848723323333,1563.6003985932507,2823.2949917388005,3.0479398590064712,3.245761611454231,4.077861343753598,6051.282051282051,0.00007574820244787871,829.8957554965987,0.037,0.32456140350877194,1-0-1802-1,@,UT_016,016,2,fave,158.60199781613895,63.4873989731619,10,the,0,0.08996600000000399,of,sidewalk,DH,#,DH,S,final
527.6033686292654,1690.2671826218427,3016.7222376770874,3.3592869853738265,3.2638892098099612,3.1777001536569176,6051.282051282051,0.00007649189659454225,835.1707291655329,0.027000000000000003,0.32142857142857145,1-0-1817-1,@,UT_016,016,2,fave,161.37971430775326,61.72145298643229,10,the,0,0.05999800000006417,[bracketed],night,DH,#,DH,N,final
502.642112615731,1635.0977975973549,3101.0270151307127,3.886232439958032,4.242178263764024,4.605384540179307,5512.820512820513,0.002221327064132894,839.4707341723355,0.027000000000000003,0.32142857142857145,1-0-1834-0,@,UT_016,016,2,fave,NaN,54.157915388332896,10,and,0,0.06005900000002384,"",so,#,N,"",N,initial
534.8734807758569,1603.9159788880754,3082.1501747375396,3.9439436844261966,3.118431095311828,4.287698843184426,6051.282051282051,0.0000665166718617936,850.1662798344671,0.027000000000000003,0.32142857142857145,1-0-1870-0,@,UT_016,016,2,fave,168.78249370021854,62.792275512344354,10,and,0,0.05999700000006669,chatting,talking,#,N,NG,N,initial
456.8417584549664,1626.0273052130478,3167.804884918698,4.0115725159263285,3.8226731996236465,3.580534880431576,6230.7692307692305,0.002138112135453371,853.3282528344671,0.031,0.32978723404255317,1-0-1883-0,@,UT_016,016,2,fave,164.9760769765007,57.63385051275319,10,and,0,0.07000700000003235,lawn,take,#,N,N,N,initial
536.1487259267752,1608.6187733299282,3075.469676813976,3.0599891454215076,3.6320330911028353,3.980433173339917,6051.282051282051,0.00019798755954362246,874.3954668344671,0.027000000000000003,0.32142857142857145,1-0-1921-1,@,UT_016,016,2,fave,NaN,58.55808695352047,10,was,0,0.05999700000006669,it,mostly,W,Z,W,Z,internal
633.9583863652031,1576.4516428772142,3157.444383864423,3.750594316325665,3.2911170284644813,3.8723579343067125,6051.282051282051,0.0005012031886503237,875.5974618276645,0.031,0.32978723404255317,1-0-1924-7,@,UT_016,016,2,fave,174.56566640230582,56.47609982593177,10,huntington,0,0.06994599999995899,just,"",T,N,T,N,internal
483.55836419887754,1705.394622474643,2979.0756845304277,3.361663859596713,3.6472874697327877,4.0115533139342086,6051.282051282051,0.001473335484059273,877.2854761655329,0.027000000000000003,0.32142857142857145,1-0-1929-1,@,UT_016,016,2,fave,472.7877287832655,74.82423751029425,10,was,0,0.059996999999953005,there,a,W,Z,W,Z,internal
561.3512179634761,1564.5899857287295,3315.2312278798736,3.171839235491718,3.5671443973800456,4.0693754161188,6051.282051282051,0.00015932389392565163,877.4254291655329,0.027000000000000003,0.32142857142857145,1-0-1930-0,@,UT_016,016,2,fave,178.08402028027956,65.08212035652515,10,a,0,0.05999799999995048,was,few,#,#,Z,F,coextensive
640.313893425745,1587.8384832005047,2997.26506534693,3.6992714620969065,3.7462636323244425,3.983629080452771,6051.282051282051,0.0008225179426688096,883.7724404965986,0.061000000000000006,0.33152173913043487,1-0-1950-5,@,UT_016,016,2,fave,79.38801720559026,53.11187058150443,10,cleveland,0,0.15997299999992265,or,"",L,N,L,N,internal
733.9579902138959,1205.5415122689608,3062.710279136533,3.5881201072212128,3.926530627357463,3.8139745479762923,5333.333333333333,0.00027599969155833157,884.2354271655329,0.027000000000000003,0.32142857142857145,1-0-1954-0,@,UT_016,016,2,fave,-362.03867196751236,53.14657432340614,10,a,0,0.059996999999953005,know,few,#,#,owF,F,coextensive
615.217201955279,1896.606216455328,2662.56504573604,3.939316367157831,4.0978977063551705,4.272734443383045,6051.282051282051,0.0013118426276456728,884.8704435034014,0.037000000000000005,0.324561403508772,1-0-1959-0,@,UT_016,016,2,fave,153.21428842168703,53.27881458464049,10,and,0,0.09002600000007988,here,there,#,N,R,N,initial
778.1238657771625,1777.5534216704095,3431.008926697879,3.4799930606227165,3.687286740110963,3.983776451995423,6051.282051282051,0.0019169326405699683,889.8604598344671,0.097,0.3299319727891156,1-0-1970-0,@,UT_016,016,2,fave,154.88840474065904,53.392974285404044,10,and,0,0.2700190000000475,"","",#,N,"",N,initial
769.9256666603457,1705.8785077629095,3372.9457849066403,3.5739739775714865,3.5875937107928317,3.87082372735954,6051.282051282051,0.0006486359765097264,890.3794525034014,0.035,0.3365384615384616,1-0-1972-0,@,UT_016,016,2,fave,161.5748765091987,52.92489361501943,10,another,0,0.080016999999998,"",uncle,#,N,"",N,initial
648.9989516841306,1686.1525864203659,3083.098902552218,3.874093322099166,3.6942453701903193,4.107228526634318,6051.282051282051,0.00031350949388568464,892.607422165533,0.031,0.32978723404255317,1-0-1977-0,@,UT_016,016,2,fave,75.6385755714556,55.780988393134955,10,a,0,0.07000700000003235,on,navajo,#,#,N,N,coextensive
682.7343305502495,1750.5477938620197,2990.8035937300915,3.528986230210075,3.7798659529928784,3.968566133053544,5871.794871794871,0.01436767042709645,896.9974638344671,0.11100000000000002,0.3323353293413173,1-0-1994-0,@,UT_016,016,2,fave,190.90434696142108,53.32396827882572,10,a,0,0.3099979999999505,married,na,#,#,D,N,coextensive
510.20099816577886,1615.3205877053542,2822.9225985258754,3.2648988081301122,3.7531805046149893,4.137392288290878,5871.794871794871,0.00027955466869783175,898.1704305034013,0.037000000000000005,0.324561403508772,1-0-1999-1,@,UT_016,016,2,fave,76.5506340894672,58.73392842594661,10,was,0,0.09002700000007735,marjorie,a,W,Z,W,Z,internal
666.0269996021361,1611.4625160081955,3029.555112123602,3.682277221729142,3.600465829570438,4.084127743082141,5692.3076923076915,0.012207882613455266,898.4014278344672,0.119,0.3361581920903954,1-0-2000-0,@,UT_016,016,2,fave,132.9250307438844,51.86807293927061,10,a,0,0.330016999999998,was,"",#,#,Z,"",coextensive
686.9859575148231,1227.253743226235,2939.1041621567297,3.336850403449511,3.8532701493594574,4.060415372436272,6230.7692307692305,0.00016841074000926415,899.2674618344671,0.031,0.32978723404255317,1-0-2002-3,@,UT_016,016,2,fave,133.19931198272445,56.35771467262271,10,navajo,0,0.07000700000003235,"",indian,V,HH,V,HH,internal
697.4076020887392,2005.3034098331805,3060.411433463077,3.964937587622859,3.728582484464553,4.448749145704882,6051.282051282051,0.0010340032767777486,899.9424505034013,0.040999999999999995,0.33064516129032256,1-0-2003-4,@,UT_016,016,2,fave,146.21994648226547,54.041654315171016,10,indian,0,0.10003700000004301,navajo,"",iy,N,iy,N,internal
593.1322367342759,1642.548065318035,1920.4014406107722,4.021197663758653,3.951140455968395,4.310312574092888,5153.846153846154,0.0007506503513447053,902.7742335034013,0.025,0.33783783783783783,1-0-2011-0,@,UT_016,016,2,fave,153.04089337822955,52.66816114496429,10,a,0,0.050047999999947024,for,period,#,#,*hr,P,coextensive
507.1587285131694,1797.5384847041676,2962.268204100387,3.2375515017339374,3.6880047341607605,3.9461342609123986,6051.282051282051,0.00005965242270505888,903.2052808344671,0.027000000000000003,0.32142857142857145,1-0-2013-0,@,UT_016,016,2,fave,78.43270567646516,55.33460112299296,10,of,0,0.05999800000006417,period,time,#,V,D,V,initial
700.7867589012528,1630.837945763815,2984.3708162952125,3.659465235280729,3.8485791029497256,3.7854519543114846,5692.3076923076915,0.001867746814875699,905.4902498344671,0.037000000000000005,0.324561403508772,1-0-2020-7,@,UT_016,016,2,fave,157.8869981485683,50.90595334053157,10,huntington,0,0.09002599999996619,to,"",T,N,T,N,internal
631.5781116744123,1557.6000789159598,3056.695940024528,4.155488731725703,3.8323054052428267,3.8422785827454513,5692.3076923076915,0.009025731061264744,907.4922384965987,0.04100000000000001,0.3306451612903227,1-0-2026-3,@,UT_016,016,2,fave,151.7921552735564,50.135145469137555,10,donna,0,0.09997499999997217,aunt,she,N,#,N,SH,final
359.55994464317655,2201.288831453587,2918.44745098367,3.684394545437508,4.19295171100302,4.017753221297321,6589.74358974359,0.001441099255165023,961.9679618344671,0.031,0.32978723404255317,1-0-2111-0,@,UT_016,016,2,fave,144.6362180031751,57.784805318949324,10,and,0,0.07000799999991614,learning,growing,#,N,NG,N,initial
739.2068847759292,1606.5362785370785,3330.275856863173,3.854846413108214,3.4990572817762366,3.7970359985728552,6051.282051282051,0.0006056228496278294,964.6874448344671,0.031,0.32978723404255317,1-0-2121-3,@,UT_016,016,2,fave,107.09802777931887,55.11429321080189,10,knowledgeable,0,0.07000700000003235,very,"",L,JH,L,JH,internal
664.4287306615211,1670.5504908617766,2853.2355039741756,4.15612032165276,3.568003188332783,3.862220329444892,6230.7692307692305,0.0036398830380595425,966.7844604965986,0.045,0.3358208955223881,1-0-2126-5,@,UT_016,016,2,fave,150.56144326751706,55.5379219152557,10,children,0,0.10998500000005151,[bracketed],"",R,N,R,N,internal
508.6862395132771,1094.5792590601798,2618.246380925718,3.5584187209926714,3.660328923159474,4.614267384967334,5871.794871794871,0.007139688422937258,969.0744341655329,0.065,0.3350515463917526,1-0-2131-5,@,UT_016,016,2,fave,NaN,51.03174386926713,10,development,0,0.169983000000002,child,"",L,P,L,P,internal
550.0513902462573,1576.9135090768373,3040.1115672935944,4.155265731816674,3.390244926546892,3.7876308709091955,6051.282051282051,0.0022401441815059235,969.3594618276644,0.055,0.3353658536585366,1-0-2131-8,@,UT_016,016,2,fave,80.84745716564998,58.13407776904738,10,development,0,0.1399539999999888,child,"",M,N,M,N,internal
622.461339224,1689.7572832856263,2739.6906728827234,3.294757514997004,3.37864194566571,3.895467840699748,6410.25641025641,0.00014342756902916123,973.4124654965987,0.04100000000000001,0.3306451612903227,1-0-2142-0,@,UT_016,016,2,fave,155.32435818383777,59.723140737416564,10,a,0,0.09997500000008586,have,gift,#,#,V,G,coextensive
669.948009731202,1667.3930988065001,2797.738293085468,3.6057435960247473,3.2853202566119504,3.798382019964185,6948.717948717948,0.002926647229294338,974.5344604965986,0.045,0.3358208955223881,1-0-2145-5,@,UT_016,016,2,fave,237.94281206825823,61.188448626855084,10,children,0,0.10998500000005151,with,"",R,N,R,N,internal
604.7571556636334,1625.2381663028032,2833.8756793667944,3.420838169326866,3.5364710517808926,3.7302791035356617,5871.794871794871,0.0005050837704835453,986.086177165533,0.04100000000000001,0.3306451612903227,1-0-2189-0,@,UT_016,016,2,fave,77.81334451178809,61.939301235625166,10,an,0,0.09997499999997217,have,"",#,N,V,N,initial
599.7541572485331,1861.2197081388854,3001.894843618463,3.1641849634704267,3.7512295207306554,4.001941562729462,6230.7692307692305,0.00006333977123703516,986.8891741655328,0.027000000000000003,0.32142857142857145,1-0-2193-0,@,UT_016,016,2,fave,159.09900658360718,59.020451159668816,10,ability,0,0.05999800000006417,"",to,#,B,"",B,initial
549.223533713017,1530.1658328401456,3029.090115844297,3.543598956429913,3.4626725466216213,4.11790286577636,5692.3076923076915,0.0006007751608886852,987.173148834467,0.035,0.3365384615384616,1-0-2193-4,@,UT_016,016,2,fave,79.42626220703099,58.96885392504614,10,ability,0,0.080016999999998,"",to,L,T,L,T,internal
423.0058986265522,2152.207965214948,2640.6041689317435,3.074738510120444,3.881387307324198,4.4388586083340265,5692.3076923076915,0.00009095545216244725,987.5281451723357,0.025,0.33783783783783783,1-0-2194-1,@,UT_016,016,2,fave,NaN,55.47147199969027,10,to,0,0.0500489999999445,ability,connect,T,#,T,K,final
772.6173361204302,1785.9471217032371,2771.289209649532,3.088786679130398,3.6152596759781948,3.8431895322754985,6051.282051282051,0.00033151512942766536,988.5691628344671,0.047,0.3263888888888889,1-0-2197-5,@,UT_016,016,2,fave,258.2717985526561,58.2064586332836,10,children,0,0.11999500000001717,with,"",R,N,R,N,internal
715.5303755789364,1807.675577014182,3050.1676785829204,4.0775265744900135,3.8487211689790533,4.075400517070865,5512.820512820513,0.014402553685504244,988.8641508344672,0.037,0.32456140350877194,1-0-2199-0,@,UT_016,016,2,fave,278.9185753125434,49.49301541848276,10,and,0,0.09002699999996366,"",understand,#,N,"",N,initial
667.9102723979795,1697.6087052139276,2999.6925500215275,3.7674928950074684,3.2740757586164175,3.940027638764338,6589.74358974359,0.0005333983708114809,990.023123834467,0.035,0.33653846153846156,1-0-2201-5,@,UT_016,016,2,fave,99.4206953127145,58.4064953991367,10,children,0,0.080016999999998,understand,"",R,N,R,N,internal
657.5696888950956,1351.0028527178154,3162.919366795198,3.6025783708040953,3.866971573880679,4.087116315425424,6410.25641025641,0.0020472713041755617,991.223126834467,0.055,0.3353658536585366,1-0-2205-0,@,UT_016,016,2,fave,502.1050912069411,51.36415973675883,10,a,0,0.140013999999951,also,knowledge,#,#,owF,N,coextensive
571.7533772399556,1585.05705934715,3373.010556499987,3.6953982355985193,3.47928270259614,3.800709365794962,6230.7692307692305,0.002403408649344044,991.6631445034013,0.035,0.3365384615384616,1-0-2206-3,@,UT_016,016,2,fave,80.41298833983105,54.225578306907195,10,knowledge,0,0.080016999999998,a,base,L,JH,L,JH,internal
615.877723068495,1335.6520342870695,2840.257920093402,3.5194098613440716,3.812649886011187,3.9465943407677186,5333.333333333333,0.00056391069388054,993.6811578344671,0.031,0.32978723404255317,1-0-2212-1,@,UT_016,016,2,fave,82.7040769922923,50.97073462011955,10,the,0,0.07000800000002982,understand,whys,DH,#,DH,W,final
415.2873145474378,1996.1318879284183,2920.5017941479,3.930254056499066,3.7068502162628927,4.2234719933147336,5512.820512820513,0.036990353780619586,996.6641445034014,0.037000000000000005,0.324561403508772,1-0-2218-1,@,UT_016,016,2,fave,476.7108072400223,46.46677067065112,10,to,0,0.09002699999996366,how,interact,T,#,T,i,final
694.0839784089138,1627.5657743655736,2883.0643080096697,3.541878527702643,3.9099268027517584,4.049813607012107,6051.282051282051,0.0006130286340752267,1019.7793721655329,0.027000000000000003,0.32142857142857145,1-0-2232-1,@,UT_016,016,2,fave,NaN,51.88684068593816,10,the,0,0.05999799999995048,in,early,DH,#,DH,*hr,final
684.6606181670645,1640.9074104134509,2345.1225125329343,2.621407481709869,3.383404277955178,3.997581815649471,5871.794871794871,0.0006722235113342423,1055.375239834467,0.051000000000000004,0.3311688311688312,1-0-2300-0,@,UT_016,016,2,fave,219.16031812058608,63.71913796054314,10,ability,0,0.13000499999998283,their,"",#,B,R,B,initial
587.9326783465178,1539.8712218236526,3205.7929978986726,3.222098113687901,3.4565007165128465,4.678655763669113,6589.74358974359,0.0004897421478637881,1055.8782384965984,0.037000000000000005,0.324561403508772,1-0-2300-4,@,UT_016,016,2,fave,92.70062346348676,61.500333676761294,10,ability,0,0.08996600000000399,their,"",L,T,L,T,internal
682.5797960838431,1389.3673896091495,3098.522206744942,3.642780120327134,3.7348794099881633,4.231539600725503,6589.74358974359,0.001276536457322838,1065.3832428276644,0.027000000000000003,0.32142857142857145,1-0-2313-5,@,UT_016,016,2,fave,630.1044107325934,57.42697417017864,10,developing,0,0.05993599999987964,"","",L,P,L,P,internal
716.715117671991,1484.466025312864,3058.826767995719,3.2581595826527647,3.7150156227394726,4.475990367930199,5871.794871794871,0.0010933472939517674,1071.280315165533,0.045,0.3358208955223881,1-0-2324-5,@,UT_016,016,2,fave,32.85243495244299,54.511135858590016,10,develop,0,0.1099859999999353,and,"",L,P,L,P,internal
542.1387315039204,1637.6760837277707,2979.6086169169516,3.455431198799083,4.170036639899148,3.770363781065358,5692.3076923076915,0.000035778639625296056,1075.4203515034014,0.025,0.33783783783783783,1-0-2333-1,@,UT_016,016,2,fave,153.2903434024196,61.40135876920759,10,the,0,0.05004900000017187,for,first,DH,#,DH,F,final
540.6805128463006,1678.6389459755642,2833.694165986325,3.160214669109249,3.5899016997334483,4.047865055961484,5692.3076923076915,0.00005218203807123351,1107.8807071723356,0.027000000000000003,0.32142857142857145,1-0-2375-1,@,UT_016,016,2,fave,77.22577607670779,59.76386925712322,10,the,0,0.060058999999910156,of,biggest,DH,#,DH,B,final
550.2271184852591,1742.5531828537737,2851.773381674194,3.2217620447677593,3.4573665687275557,4.045532507711469,5871.794871794871,0.0003243847924982845,1108.1627428412698,0.031,0.32978723404255317,1-0-2376-3,@,UT_016,016,2,fave,82.16755673627252,58.13986645479811,10,biggest,0,0.0700680000002194,the,hurdles,G,S,G,S,internal
673.5077468904491,1354.4224100531499,1880.5255514596588,3.5399393053637636,4.082407969216205,5.001001381439827,5333.333333333333,0.003417970119379569,1108.5677441655328,0.04100000000000001,0.3306451612903227,1-0-2377-3,@,UT_016,016,2,fave,76.41074315398468,57.02535530759329,10,hurdles,0,0.09997599999996964,biggest,"",D,L,D,L,internal
607.0785224467635,1611.6070888156873,2724.6196362547366,3.3514593951127623,3.7263918272366583,4.3803214150136105,6230.7692307692305,0.006959339999307464,1112.0457194965986,0.037000000000000005,0.324561403508772,1-0-2385-0,@,UT_016,016,2,fave,-108.92798645064724,57.714106669211446,10,a,0,0.08996499999989283,as,child,#,#,Z,CH,coextensive
519.784582210681,1720.0448971315482,2978.4845204410285,3.0825706948095215,3.6007331182484785,4.265323440930252,6051.282051282051,0.0007217623910615581,1115.64272284127,0.031,0.32978723404255317,1-0-2393-0,@,UT_016,016,2,fave,78.22017515872906,57.99596258178426,10,a,0,0.07006799999999203,as,child,#,#,Z,CH,coextensive
449.81121781420626,1682.9972168672696,2926.9031075764674,3.2677480756899926,3.5080631613616657,3.6611099898822688,6051.282051282051,0.000018333986152732413,1116.4397605034014,0.025,0.33783783783783783,1-0-2395-3,@,UT_016,016,2,fave,170.89140207559817,60.02029621288982,10,because,0,0.05004900000017187,child,as,K,Z,K,Z,internal
495.85971050543327,1650.1300168581652,3018.2154277318446,2.7964190466709664,3.281441673796556,3.2613564181635786,6051.282051282051,0.00009545432084540258,1116.7097591655331,0.045,0.3358208955223881,1-0-2397-0,@,UT_016,016,2,fave,157.48107096475266,63.182061505807546,10,adult,0,0.10998499999982414,as,we,#,D,Z,D,initial
626.2576888922366,1508.5346351600167,2939.388458674801,3.8556143379712626,3.2459059397456813,3.8442479983423437,5692.3076923076915,0.0005907695551999391,1123.04074784127,0.027000000000000003,0.32142857142857145,1-0-2413-4,@,UT_016,016,2,fave,80.44739781045325,59.897649759519986,10,schema,0,0.060057999999798994,our,of,M,#,M,ʌ,final
539.702603295304,1717.9315558574083,2609.914285837624,3.4679892161997294,3.858655307976528,3.9997229146295967,6230.7692307692305,0.00028254844505235096,1129.3597175102043,0.037,0.32456140350877194,1-0-2433-0,@,UT_016,016,2,fave,142.85158591614794,55.67450211708714,10,a,0,0.09008799999992334,to,child,#,#,Tuw,CH,coextensive
673.7655305351717,1707.8919680318977,3047.048914756052,4.045048870368946,3.324487385540087,3.389849220751226,6051.282051282051,0.001177629981656407,1136.98971684127,0.037000000000000005,0.324561403508772,1-0-2461-0,@,UT_016,016,2,fave,76.41941522244713,54.90277764961907,10,adult,0,0.09008799999992334,an,we've,#,D,N,D,initial
658.0667650746092,1645.5783525899146,2917.594796658747,3.630210938133539,3.9306143684923645,4.614578716934523,6589.74358974359,0.001880777793619481,1141.983807165533,0.045,0.3358208955223881,1-0-2481-0,@,UT_016,016,2,fave,77.99851439004551,60.035056102734515,10,a,0,0.10998499999982414,for,little,#,#,*hr,L,coextensive
718.6364743876215,1365.2232315693857,3015.098206547814,3.6909448952056434,4.007641161896767,3.7337218006926993,6410.25641025641,0.0003263279479297375,1143.8367808276641,0.031,0.32978723404255317,1-0-2487-0,@,UT_016,016,2,fave,164.05171867671461,60.21629742944846,10,of,0,0.06994600000007267,some,them,#,V,M,V,initial
599.8831498027006,1758.0371334361691,2919.8675608202443,3.5283521809679876,3.50490736755016,3.5643059109159925,6051.282051282051,0.0018168243784932316,1147.7917184965986,0.08100000000000002,0.3319672131147542,1-0-2504-1,@,UT_016,016,2,fave,146.01237534931744,55.28133844917277,10,the,0,0.21997000000010303,heard,"",DH,#,DH,"",final
484.4444790886686,1739.3309066131133,3022.0045208924857,3.897515112477604,3.841568625374089,3.721167865119743,6230.7692307692305,0.00046203981936636726,1150.1247261723356,0.027000000000000003,0.32142857142857145,1-0-2515-0,@,UT_016,016,2,fave,158.07486649839726,59.169705407066544,10,associated,0,0.06005900000013753,and,it,#,S,D,S,initial
519.7775880995607,2001.0270496808612,2997.9313814253305,3.6476583047296445,3.6133587145069086,3.755244414523998,6230.7692307692305,0.0001930344736671196,1150.8187664965988,0.035,0.33653846153846156,1-0-2515-7,@,UT_016,016,2,fave,143.638603162862,58.019119225593116,10,associated,0,0.07995600000003833,and,it,T,D,T,D,internal
533.5996634058679,1731.301447074854,2892.9224522361656,2.6207971002707318,3.5504909543482586,3.7810554891270334,5871.794871794871,0.0000642897261861164,1154.4000888276644,0.027000000000000003,0.32142857142857145,1-0-2529-1,@,UT_016,016,2,fave,161.87915551845896,68.202927403139,10,the,0,0.05993599999987964,"",biggest,DH,#,DH,B,final
506.11298084606545,2055.778695302672,2649.433980191977,3.182904925657181,3.9642070017940934,4.404178787870682,6230.7692307692305,0.0009385426392543394,1154.7750894965984,0.037000000000000005,0.324561403508772,1-0-2530-3,@,UT_016,016,2,fave,81.06878106270965,63.10225706713945,10,biggest,0,0.0899650000001202,the,hurdle,G,S,G,S,internal
651.680945028496,1320.7156850339406,2915.559678765415,3.7827495626486405,3.405398309181896,4.007442851132508,6589.74358974359,0.00013305295490160008,1155.2020431723356,0.031,0.32978723404255317,1-0-2531-3,@,UT_016,016,2,fave,154.8710981282194,59.12677555230613,10,hurdle,0,0.07006899999987581,biggest,people,D,L,D,L,internal
665.2723126404068,1776.124050863628,2783.624454594232,4.130176257831708,3.232382332771906,3.7813765554437673,6769.2307692307695,0.0011384038773937198,1158.449017165533,0.045,0.3358208955223881,1-0-2540-5,@,UT_016,016,2,fave,146.02280803961187,56.830717974980026,10,children,0,0.10998500000005151,little,"",R,N,R,N,internal
567.0277351323052,1624.6214457204667,3022.0450393128235,3.5248742379512854,3.4817520431419573,3.595315427285328,6051.282051282051,0.0002439870463895903,1160.2100531723356,0.027000000000000003,0.32142857142857145,1-0-2547-0,@,UT_016,016,2,fave,-258.8211073992905,46.236544669493476,10,a,0,0.060058999999910156,as,child,#,#,Z,CH,coextensive
551.0883892714875,1701.216689394734,2534.290521449342,3.227697235587009,3.4308426820620617,4.222200333967386,5692.3076923076915,0.00041924751413358627,1177.2095418412696,0.035,0.33653846153846156,1-0-2553-1,@,UT_016,016,2,fave,81.89392384326032,64.69904558649019,10,the,0,0.08007900000006885,think,biggest,DH,#,DH,B,final
500.44039862984596,1975.5188491618567,2683.4620677690314,3.270739574309328,3.6803837299775113,3.8759613277156637,5871.794871794871,0.00041480335559300886,1177.5305824965985,0.037000000000000005,0.324561403508772,1-0-2554-3,@,UT_016,016,2,fave,82.58502312499465,63.022044856292,10,biggest,0,0.08996600000000399,the,thing,G,S,G,S,internal
604.9399668276307,1644.150390217153,2944.8552220501856,3.3675018819552136,3.5367867021146355,4.391084243783373,5692.3076923076915,0.06691230875463351,1180.222538510204,0.08100000000000002,0.3319672131147542,1-0-2563-1,@,UT_016,016,2,fave,1.8236419077967017,57.97012143113994,10,to,0,0.22009200000002238,"",understand,T,#,T,ʌ,final
646.3260331148367,1625.0725282776564,2786.111427641312,3.837062003707104,2.981278587189597,3.938208913610568,6051.282051282051,0.00022998229374983665,1181.0475958276643,0.031,0.32978723404255317,1-0-2565-0,@,UT_016,016,2,fave,157.9312489435314,60.65255531922571,10,and,0,0.06994699999995646,understand,learn,#,N,D,N,initial
521.1155525566542,1653.7032669081693,2956.2730959535315,3.0295989576460167,3.117956036247098,3.3500585061433394,6051.282051282051,0.000733580557789867,1183.940472165533,0.045,0.3358208955223881,1-0-2570-1,@,UT_016,016,2,fave,148.139877920014,66.28522232866875,10,that,0,0.10998500000005151,"",this,DH,T,DH,T,internal
520.4418720479597,1559.3016748791931,2885.6700021362194,3.498851497439236,3.572309697435641,3.3623986686072684,6051.282051282051,0.0004142593539222759,1186.6634408276643,0.031,0.32978723404255317,1-0-2578-0,@,UT_016,016,2,fave,147.9834068472001,56.96069325417924,10,a,0,0.0699459999998453,as,fir,#,#,Z,F,coextensive
501.72639066833204,1819.6454767423058,2894.7550140150925,3.0415008744983676,3.1466931612471822,3.7139759696454737,6051.282051282051,0.00009419584639191764,1195.0814848276643,0.027000000000000003,0.32142857142857145,1-0-2603-1,@,UT_016,016,2,fave,79.36469847030672,59.38456561906513,10,to,0,0.0599369999999908,back,times,T,#,T,T,final
546.6382689738141,1775.8664192144647,2790.597981822271,3.7583421523502833,3.19392211081296,3.684358203716238,6051.282051282051,0.0001429448882743717,1195.6814608276643,0.027000000000000003,0.32142857142857145,1-0-2605-0,@,UT_016,016,2,fave,118.38221726471106,55.75419781789127,10,and,0,0.05993599999987964,times,experiences,#,N,Z,N,initial
396.8221708080123,2068.313528450589,2811.805350909755,3.5365172142359595,3.8862241264001636,3.935001254538399,5871.794871794871,0.00006650086441178476,1196.4804151723354,0.025,0.33783783783783783,1-0-2606-7,@,UT_016,016,2,fave,NaN,53.09996498453179,10,experiences,0,0.05004900000017187,and,when,iy,N,iy,N,internal
549.7528157218716,1544.1036706294317,2908.100287192353,3.5664262557992124,3.5857446532600354,3.907639702090862,5692.3076923076915,0.0030346865234653596,1200.0564614965986,0.037000000000000005,0.324561403508772,1-0-2615-1,@,UT_016,016,2,fave,8339.834204979466,53.16567568550511,10,the,0,0.08996600000000399,for,first,DH,#,DH,F,final
523.9022789802107,1700.1780377410455,2723.3733241349146,4.040581862635576,3.4902928453362527,4.078649912699723,5692.3076923076915,0.000841140818691009,1200.7804641723355,0.025,0.33783783783783783,1-0-2618-0,@,UT_016,016,2,fave,-724.0773439350247,55.02691279357925,10,and,0,0.0500489999999445,time,help,#,N,M,N,initial
615.4570554440206,1537.2845982654349,3013.428720430734,3.0703745364695054,3.542958917306148,3.8833309116137538,6230.7692307692305,0.0002929819809499344,1201.1464274965986,0.037000000000000005,0.324561403508772,1-0-2620-1,@,UT_016,016,2,fave,110.79604246474214,64.01617475697329,10,them,0,0.08996499999989283,help,understand,DH,M,DH,M,internal
544.6377959544047,1647.617513089731,2795.0978518557968,3.7672937132273803,3.065615275370815,4.001677312882636,5871.794871794871,0.00015081789037304065,1202.1054158412696,0.035,0.3365384615384616,1-0-2622-0,@,UT_016,016,2,fave,153.73462539454485,55.348899502689974,10,and,0,0.08007900000006885,understand,see,#,N,D,N,initial
546.9128865253556,1495.0088513635449,3013.5375069071956,3.4447629123561803,3.503849396233201,3.3932644904875198,5871.794871794871,0.000013076298039657166,1205.9104635034016,0.025,0.33783783783783783,1-0-2633-1,@,UT_016,016,2,fave,75.83403179624734,59.73002709884095,10,the,0,0.0500489999999445,all,background,DH,#,DH,B,final
343.94877388342854,2133.9563978030255,2621.390589349186,3.3459766615751403,4.225378053196029,4.075206836162516,5692.3076923076915,0.00037287365905879974,1207.1604635034016,0.025,0.33783783783783783,1-0-2635-7,@,UT_016,016,2,fave,NaN,51.16534173731807,10,experiences,0,0.0500489999999445,background,that,iy,N,iy,N,internal
707.3933175334878,1496.8182512556266,2752.153452362919,3.388357074899247,3.773219403610879,4.433294048114477,6051.282051282051,0.00035655893624537147,1215.7165418276643,0.031,0.32978723404255317,1-0-2662-0,@,UT_016,016,2,fave,-876.0109367821905,60.55750819797832,10,allows,0,0.0699459999998453,"",them,#,L,"",L,initial
649.8900150347289,1722.9086570275463,2537.962411406253,3.4086735332079643,3.6232947267584237,4.458432086434865,6948.717948717948,0.0020350630222781387,1222.9985708276645,0.035,0.33653846153846156,1-0-2684-2,@,UT_016,016,2,fave,150.37797977801458,62.33546376094421,10,frustrations,0,0.07995600000003833,the,that,R,S,R,S,internal
538.791052924515,1734.3370917694651,2965.9320644394256,3.4544159898180666,3.5743581864881735,3.5527214843280643,6051.282051282051,0.0005122919326984032,1223.8085408412696,0.035,0.3365384615384616,1-0-2686-0,@,UT_016,016,2,fave,75.60165072669916,53.72107004859348,10,a,0,0.08007900000006885,that,child,#,#,T,CH,coextensive
597.7305043408888,1579.8327272480262,2957.1754460612715,3.4624940767428303,3.2685802870598404,3.695868018130177,5871.794871794871,0.0007804186167648205,1224.8415424965985,0.040999999999999995,0.33064516129032256,1-0-2689-0,@,UT_016,016,2,fave,NaN,53.05760859423799,10,and,0,0.09997499999985848,has,the,#,N,Z,N,initial
515.4709479435654,1220.593322515224,2037.5495449759574,3.430645723691811,3.9385303575916644,4.78818853112466,6051.282051282051,0.00006984641048330794,1226.5635451723354,0.025,0.33783783783783783,1-0-2692-3,@,UT_016,016,2,fave,154.20435377539266,66.40807643378203,10,hurdles,0,0.05004900000017187,"",that,D,L,D,L,internal
570.3383588636658,1615.4887659203891,3040.106309593529,3.5484855174916583,3.3208220394070023,3.6673117923575087,6051.282051282051,0.0005169562172739747,1226.8145451723356,0.027000000000000003,0.32142857142857145,1-0-2693-1,@,UT_016,016,2,fave,NaN,58.22671093106007,10,that,0,0.06005900000013753,hurdles,a,DH,T,DH,T,internal
522.6845814915231,1654.3396937683974,3035.308196709833,3.4369772308298296,3.7132265180875286,3.639201444167897,6230.7692307692305,0.0006954746337335193,1226.9185268412698,0.035,0.3365384615384616,1-0-2694-0,@,UT_016,016,2,fave,97.25061408805814,55.13179792704558,10,a,0,0.08007799999995768,that,child,#,#,T,CH,coextensive
654.2316542199659,1192.8776537103392,2849.8318204302705,3.7284922490019112,3.6430827945062902,4.134921952526047,6051.282051282051,0.0007970646684742988,1231.5685508412696,0.035,0.3365384615384616,1-0-2710-0,@,UT_016,016,2,fave,130.7906804816554,56.62204983506089,10,a,0,0.08007800000018506,to,hundred,#,#,Tuw,HH,coextensive
535.48632414306,1674.1423075208086,2941.5427705191246,3.441944529917746,3.455665493719398,3.597339533420901,6230.7692307692305,0.00036473625227994303,1237.6295814965986,0.037000000000000005,0.324561403508772,1-0-2727-0,@,UT_016,016,2,fave,92.26526682812398,54.10458959158358,10,a,0,0.08996600000000399,that,child,#,#,T,CH,coextensive
604.4151297123642,1505.244722059145,3034.7853412497284,3.2399093340675873,4.002165968530609,4.243163586421839,6230.7692307692305,0.002035103785700751,1255.4614488412699,0.031,0.32978723404255317,1-0-2747-0,@,UT_016,016,2,fave,NaN,58.59311989899309,10,of,0,0.07006799999999203,experiences,working,#,V,Z,V,initial
578.1672328862707,1604.8667607051589,3007.2045416931887,3.200218413963527,3.231407755270561,3.7470552534531847,6051.282051282051,0.00031187600864797437,1259.516475165533,0.040999999999999995,0.33064516129032256,1-0-2759-0,@,UT_016,016,2,fave,134.750647288863,58.495952134581266,10,of,0,0.09997499999985848,experiences,working,#,V,Z,V,initial
622.0142387970747,1510.674326710497,3121.1663930161617,3.743780928412035,3.5730449808749296,4.467021121679953,6051.282051282051,0.0014327197831121186,1260.6894231723356,0.027000000000000003,0.32142857142857145,1-0-2763-0,@,UT_016,016,2,fave,NaN,55.45613034471136,10,and,0,0.060058999999910156,them,th,#,N,M,N,initial
722.8511271434709,1522.6365000243575,2968.5845259144066,3.243119685182022,3.53530126107973,3.6800060140609188,6051.282051282051,0.00002324415036347651,1264.0276515034016,0.025,0.33783783783783783,1-0-2778-0,@,UT_016,016,2,fave,NaN,55.805014066581315,10,of,0,0.05004800000006071,lot,modeling,#,V,T,V,initial
563.092510410708,1787.0740870151806,3006.853590512792,3.931319773048955,3.6648127173397906,3.9102309307296412,6051.282051282051,0.001414817329190495,1264.73061384127,0.031,0.32978723404255317,1-0-2780-0,@,UT_016,016,2,fave,147.9013460895428,55.411174565163584,10,of,0,0.07006799999999203,modeling,"",#,V,NG,V,initial
662.5821730002087,1620.6470902914289,2982.8445467617635,3.529924730058645,3.4342237880723343,3.834271758616438,6230.7692307692305,0.0012339659555814387,1266.1506308344672,0.051000000000000004,0.3311688311688312,1-0-2785-0,@,UT_016,016,2,fave,9865.553811114713,55.37167257376659,10,and,0,0.13000499999998283,"","",#,N,"",N,initial
554.1145115072476,951.8057083819558,2395.0164476981613,3.9705208096013043,3.8647354617582788,4.917691827378877,5153.846153846154,0.02586897919746934,1270.632854165533,0.045,0.3358208955223881,1-0-2795-3,@,UT_016,016,2,fave,NaN,51.89745440730869,10,modeling,0,0.1099859999999353,i'm,it,D,L,D,L,internal
576.7033757316159,1609.880399601304,2998.9783182253077,3.561929764380763,3.378301495446662,4.236541590342375,5871.794871794871,0.00024095160963772774,1332.5036508276642,0.031,0.32978723404255317,1-0-2823-4,@,UT_016,016,2,fave,90.0239381310217,61.108138173582624,10,sentence,0,0.06994600000007267,each,or,T,N,T,N,internal
761.5953068373954,1637.1149067760543,3051.6712332197617,3.8419994136583537,3.871665750718203,4.3040613469101805,6051.282051282051,0.00025408346401017756,1334.1636848276642,0.031,0.32978723404255317,1-0-2833-0,@,UT_016,016,2,fave,149.57974312148653,57.24878240890744,10,a,0,0.06994700000018383,in,book,#,#,N,B,coextensive
615.9103614247907,1483.6541682697004,3115.625537039012,3.183571327634989,3.77866659076392,3.8195981015565708,6051.282051282051,0.00020628642218406112,1355.13665515873,0.027000000000000003,0.32142857142857145,1-0-2845-0,@,UT_016,016,2,fave,93.35784886960742,66.51649126204126,10,a,0,0.059936000000107015,"",ladder,#,#,"",L,coextensive
646.8440920445112,1861.4313955767298,3134.7312971668043,3.5882280018556694,3.035028666700518,3.8587650509363405,6051.282051282051,0.000044865548051440627,1356.9666451723356,0.027000000000000003,0.32142857142857145,1-0-2851-1,@,UT_016,016,2,fave,89.87814560156643,65.42748778952682,10,the,0,0.06005800000002637,"",man,DH,#,DH,M,final
632.0661912568659,1699.7031821320777,2969.6596749176465,3.207950513559803,3.234266477056988,3.948798128906171,6051.282051282051,0.000043978020670073,1357.9466251723356,0.027000000000000003,0.32142857142857145,1-0-2855-0,@,UT_016,016,2,fave,-7485.269419624816,62.01843747214724,10,a,0,0.060058999999910156,"",fiddle,#,#,"",F,coextensive
651.3850154535451,1188.6136490284684,2881.6008626014604,3.2178234141017374,4.103699824275977,4.212584383250885,5692.3076923076915,0.001737607191263358,1358.258662834467,0.051000000000000004,0.3311688311688312,1-0-2856-3,@,UT_016,016,2,fave,109.47708601065986,59.22676511860419,10,fiddle,0,0.13000499999998283,a,from,D,L,D,L,internal
605.2214719218526,1502.3669675961137,2899.2759933572124,3.415532608468297,3.725653383751231,4.26327115927259,6051.282051282051,0.00009067227178938096,1358.9166898276642,0.027000000000000003,0.32142857142857145,1-0-2859-2,@,UT_016,016,2,fave,82.8720832098436,60.54476911634192,10,italy,0,0.0599369999999908,"","",T,L,T,L,internal
508.0454044835951,1737.9050659465324,3089.060929865538,3.453860707791758,3.1810236159998206,4.403449993420773,6051.282051282051,0.00007150539854546407,1359.8666408276642,0.027000000000000003,0.32142857142857145,1-0-2861-1,@,UT_016,016,2,fave,91.58536601776837,63.70114536532734,10,the,0,0.0599369999999908,"",civil,DH,#,DH,S,final
596.8110351567392,1197.87820972786,3128.049821442794,3.1332986148930266,3.410148440508381,3.7772914352941767,6051.282051282051,4.7111357583263135e-6,1360.1966251723356,0.027000000000000003,0.32142857142857145,1-0-2862-3,@,UT_016,016,2,fave,139.9628267301569,72.01598927113736,10,civil,0,0.060058999999910156,the,war,V,L,V,L,internal
727.8685853293952,1350.6903678280742,3075.557385129618,3.5996678762118437,3.929867150057104,4.379332400997856,6230.7692307692305,0.000999664497194296,1361.276677165533,0.047,0.3263888888888889,1-0-2865-3,@,UT_016,016,2,fave,108.36554152640215,59.64377461147234,10,battles,0,0.1199949999997898,had,in,T,L,T,L,internal
607.7804941160099,1929.55808889064,3019.1582021911895,3.336759408148643,3.846054678008534,3.656873707773158,6230.7692307692305,0.000364753985233005,1363.1266508276642,0.027000000000000003,0.32142857142857145,1-0-2870-1,@,UT_016,016,2,fave,192.6828776402446,65.43961249954229,10,the,0,0.0599369999999908,"",children,DH,#,DH,CH,final
599.966323946897,1725.6549577482099,2987.6106628920234,4.014390843872368,3.3427220668236606,3.8442070398168755,6589.74358974359,0.0002223450068561956,1363.5366848276642,0.027000000000000003,0.32142857142857145,1-0-2871-5,@,UT_016,016,2,fave,106.31398770702401,62.16470975136326,10,children,0,0.0599369999999908,the,saw,R,N,R,N,internal
544.0761126467387,1544.552007457497,3395.4270564121975,3.8408338125599255,3.8538959384020104,4.857500895307541,5871.794871794871,0.0008893215578583342,1364.8066111723356,0.027000000000000003,0.32142857142857145,1-0-2876-1,@,UT_016,016,2,fave,165.93134823247604,54.45468618962976,10,the,0,0.06005800000002637,on,sofa,DH,#,DH,S,final
755.4393459468746,1620.097912508956,3209.0619881600437,3.287586669369809,3.3735079650551065,4.332602080210907,6230.7692307692305,0.0024039016236036457,1365.2406508412698,0.075,0.33482142857142855,1-0-2877-3,@,UT_016,016,2,fave,128.594332836806,53.98296788728732,10,sofa,0,0.20007299999997485,the,"",F,#,F,"",final
739.2365675213966,1662.3374555309747,2986.1743188493056,2.9555478691319013,3.5937494030171155,4.4703806727257795,6051.282051282051,0.00007226312337253931,1366.0166658276644,0.027000000000000003,0.32142857142857145,1-0-2879-1,@,UT_016,016,2,fave,94.86322007431254,68.95710867476788,10,the,0,0.05993599999987964,"",hiker,DH,#,DH,HH,final
483.4694253298059,1799.8157833188839,2931.2181677195163,3.3726335192654346,3.323110571331429,3.5102488472625994,6230.7692307692305,9.495136350859297e-6,1366.8266301723356,0.027000000000000003,0.32142857142857145,1-0-2882-0,@,UT_016,016,2,fave,175.07155067184263,61.679072605900764,10,a,0,0.060058999999910156,found,new,#,#,D,N,coextensive
736.725095395295,1450.3096325309234,3114.8293613079395,3.9896863097146573,4.009986275032893,3.5471444550626203,6410.25641025641,0.001374059671123367,1367.80861684127,0.031,0.32978723404255317,1-0-2886-1,@,UT_016,016,2,fave,161.1020710067828,59.30180527448049,10,the,0,0.07006799999999203,in,woods,DH,#,DH,W,final
578.783100455418,1746.8604019631478,2965.4693069318037,3.3055898935565096,3.51348240041282,3.81205356260813,6051.282051282051,0.00012493752012263185,1368.9386161723355,0.031,0.32978723404255317,1-0-2889-1,@,UT_016,016,2,fave,105.5765737700632,66.20410837970421,10,the,0,0.07006799999999203,"",sailor,DH,#,DH,S,final
631.1493763203727,1804.7576293838629,2988.8365901340417,3.160685168704547,3.2769010003850894,3.9184358605043395,6051.282051282051,0.000026443513430007918,1369.9566351723356,0.027000000000000003,0.32142857142857145,1-0-2893-1,@,UT_016,016,2,fave,95.43680233454923,61.60881949853661,10,the,0,0.06005900000013753,at,helm,DH,#,DH,HH,final
705.9955132129498,1301.1375480864604,3184.210510216772,3.6404581594477508,3.8047824840313997,4.2378092846186695,5692.3076923076915,0.001300454889410462,1370.4606408412697,0.035,0.33653846153846156,1-0-2895-0,@,UT_016,016,2,fave,-139.3878668282532,56.329750187767864,10,of,0,0.08007799999995768,helm,the,#,V,M,V,initial
495.8344528345048,1672.460989336267,3375.3188219907156,3.3698413446470576,3.5647501889267046,4.175670570238432,5871.794871794871,0.00021086290123941448,1370.6756061723354,0.025,0.33783783783783783,1-0-2896-1,@,UT_016,016,2,fave,85.15793462049216,59.49878958950465,10,the,0,0.0500489999999445,of,ship,DH,#,DH,SH,final
643.8761933670754,1588.4966237122387,2821.0181426702097,3.949205161936932,3.6836884828803953,3.8083444444934775,6230.7692307692305,0.0016085896630590793,1376.3436174965984,0.040999999999999995,0.33064516129032256,1-0-2910-0,@,UT_016,016,2,fave,90.9167363794354,64.31844699721444,10,an,0,0.09997599999996964,into,"",#,N,Tuw,N,initial
462.0721468378779,1775.7212950360922,3006.857064666508,2.9320816741141513,3.2911824936465712,3.287532698154769,6051.282051282051,0.00028128088424756657,1378.5507004965987,0.035,0.33653846153846156,1-0-2918-1,@,UT_016,016,2,fave,98.7301391885823,63.43791793193623,10,the,0,0.07995600000003833,"",sweater,DH,#,DH,S,final
587.4074978289766,1655.8534602451816,2967.2165737364603,3.5042737768099985,2.872483469627979,3.9648399612523537,6051.282051282051,0.00012837230763488138,1380.38665515873,0.027000000000000003,0.32142857142857145,1-0-2922-3,@,UT_016,016,2,fave,91.53614428177633,61.40465341712552,10,buttons,0,0.059936000000107015,lovely,of,T,N,T,N,internal
574.2059901679635,1576.2017774023086,3169.4172925611724,3.451387100331601,3.3601903285561083,4.405698936091959,6230.7692307692305,0.00013967092660629568,1380.6466708276644,0.027000000000000003,0.32142857142857145,1-0-2923-0,@,UT_016,016,2,fave,88.58090650572349,57.31151868891778,10,of,0,0.05993599999987964,buttons,gold,#,V,Z,V,initial
614.3346249897901,1695.2963464204795,2879.1483135236776,3.50337938183246,3.360886641683112,3.871074505521951,6051.282051282051,0.001446676766997805,1384.5895888276643,0.031,0.32978723404255317,1-0-2933-0,@,UT_016,016,2,fave,NaN,61.00134837072268,10,a,0,0.0699459999998453,with,mouse,#,#,TH,M,coextensive
597.030645069637,1966.214551648264,3338.9410510972875,3.440957911806384,3.416224414281209,3.7028592543251824,6051.282051282051,0.00020078608120450224,1386.8102391587302,0.027000000000000003,0.32142857142857145,1-0-2936-1,@,UT_016,016,2,fave,78.68089256770125,60.238965182186654,10,the,0,0.05993599999987964,"",shirt,DH,#,DH,SH,final
565.4508559065204,1902.156627242301,2912.2431683980867,3.1027592603662653,3.6085623266567906,3.854555014370532,6410.25641025641,0.00010248428438434648,1387.6902498276643,0.027000000000000003,0.32142857142857145,1-0-2940-0,@,UT_016,016,2,fave,82.86824555841376,64.18807401773073,10,of,0,0.059936000000107015,made,cotton,#,V,D,V,initial
708.2948887608475,1804.464486555544,2867.3596070256262,3.614569151969901,3.1782858371311256,3.7250388921586826,6051.282051282051,0.00032495174405913714,1388.1652254965986,0.037,0.32456140350877194,1-0-2941-3,@,UT_016,016,2,fave,83.15702610202878,60.84615248736615,10,cotton,0,0.08996600000000399,of,"",T,N,T,N,internal
515.3835726241205,1511.6420585433177,3197.345892807103,3.4283703356875166,3.7077097956044103,3.9185454356867337,6051.282051282051,0.00018966459190510835,1390.5242398412697,0.035,0.3365384615384616,1-0-2948-1,@,UT_016,016,2,fave,187.61450232918054,67.66900341981646,10,was,0,0.08007799999995768,he,looking,W,Z,W,Z,internal
657.9741537147381,1999.1496137078882,2864.4277664495376,2.9303367570117094,3.449410933217871,4.315463008964803,6230.7692307692305,0.006318825857689108,1391.745285834467,0.097,0.3299319727891156,1-0-2952-1,@,UT_016,016,2,fave,16665.250034870638,50.201301834620786,10,the,0,0.2700199999999313,for,ale,DH,#,DH,ey,final
677.2560903166518,1616.7273755996462,3210.6324327727184,3.999288418230945,3.5247246832859296,4.22502209452218,6051.282051282051,0.0004912236744842012,1392.7592185034016,0.025,0.33783783783783783,1-0-2956-1,@,UT_016,016,2,fave,79.66536347410818,55.913758399288575,10,the,0,0.0500489999999445,on,shelf,DH,#,DH,SH,final
554.7368133522967,1827.9076114261347,2805.825078252782,3.2651345796546036,3.765345563018385,3.7154117492035663,6410.25641025641,0.000015926039686184216,1394.1292191723355,0.025,0.33783783783783783,1-0-2959-1,@,UT_016,016,2,fave,93.49285941921075,64.92589179834016,10,the,0,0.0500489999999445,"",carpenter,DH,#,DH,K,final
589.9277257590727,1674.2869324850615,3025.560355635362,3.6871488577477654,3.4970786262027302,3.484310601601593,6051.282051282051,8.125228698975069e-6,1394.5392531723355,0.025,0.33783783783783783,1-0-2960-4,@,UT_016,016,2,fave,243.38169213441293,66.58116156222682,10,carpenter,0,0.0500489999999445,the,used,P,N,P,N,internal
586.6020028532316,1656.5044493685034,2945.2030425114617,3.5529347935709574,3.221236192758487,3.924882013389953,6410.25641025641,0.00034406900892500626,1396.2042644965989,0.035,0.33653846153846156,1-0-2966-1,@,UT_016,016,2,fave,82.54532447115771,63.62761625554138,10,the,0,0.07995599999981096,for,car,DH,#,DH,K,final
738.0256621328631,1684.9329365144138,2932.604922218486,3.4783383431443684,3.0404663615452474,3.961178188200342,6051.282051282051,0.00006250920621789299,1396.9902041723356,0.027000000000000003,0.32142857142857145,1-0-2968-5,@,UT_016,016,2,fave,81.82465059562074,61.01455532148608,10,cabinet,0,0.06005900000013753,car,"",N,T,N,T,internal
649.7497394364043,1858.7937450197478,3009.4787061947973,3.3905370441882745,3.1046203815669604,3.7238295686216163,6410.25641025641,0.0005581962954440973,1402.0502631723357,0.027000000000000003,0.32142857142857145,1-0-2980-1,@,UT_016,016,2,fave,100.25447386014189,64.41064246449888,10,the,0,0.060058999999910156,"",man,DH,#,DH,M,final
735.6903014831485,1424.3394950428235,2718.9700942113727,3.1833221855793172,3.509368866761238,4.480804470792167,6230.7692307692305,0.0002812893496229534,1403.6352305102043,0.037,0.32456140350877194,1-0-2985-0,@,UT_016,016,2,fave,76.34280422256383,64.76300073802432,10,a,0,0.09008799999992334,"",leather,#,#,"",L,coextensive
542.6423086823273,1715.422955615107,2944.979798166584,3.9152352818081306,3.05617159385335,4.333732870148055,6230.7692307692305,0.00010459965439590284,1408.4522644965987,0.031,0.32978723404255317,1-0-2998-5,@,UT_016,016,2,fave,174.9997584039179,64.57183829314374,10,children,0,0.06994699999995646,many,learn,R,N,R,N,internal
555.3467563571214,1802.1112643923225,3053.063925275207,4.065018570486447,3.2708206085090215,4.1701167869686175,6230.7692307692305,0.00020009238729063817,1408.8102391587302,0.027000000000000003,0.32142857142857145,1-0-3000-0,@,UT_016,016,2,fave,87.43154693933099,62.15406532774039,10,about,0,0.05993599999987964,learn,britain,#,B,N,B,initial
437.4301357242038,1834.6946155434357,2909.546884526306,3.7984959213882874,3.2485996772257133,4.168322184120239,6051.282051282051,0.003918139176973624,1409.4142198276645,0.035,0.3365384615384616,1-0-3001-4,@,UT_016,016,2,fave,NaN,55.09769664079998,10,britain,0,0.07995599999981096,about,in,T,N,T,N,internal
720.2278573379854,1651.58095433898,2985.9595570936276,3.624537073706622,3.5296555756293833,4.184071285134727,6051.282051282051,0.00037470531050510516,1412.05544284127,0.031,0.32978723404255317,1-0-3009-1,@,UT_016,016,2,fave,96.49259398415246,59.52416992794039,10,the,0,0.07006799999999203,in,fountain,DH,#,DH,F,final
535.4505386717525,1409.1681477988404,2952.8633373977723,3.3999563165792397,3.7447970237926667,3.8711977244466516,6051.282051282051,0.00041790401548183335,1412.9454521723355,0.031,0.32978723404255317,1-0-3011-3,@,UT_016,016,2,fave,NaN,57.46841191388618,10,noisily,0,0.07006799999999203,fountain,"",Z,L,Z,L,internal
575.2024921365859,1838.179362740488,3087.3065815015925,3.0262725849504717,3.876450977006834,3.617591144628269,6051.282051282051,0.0002482710307721093,1413.9374421723355,0.035,0.33653846153846156,1-0-3013-1,@,UT_016,016,2,fave,159.49695023808155,68.8595703427092,10,the,0,0.08007799999995768,"",child,DH,#,DH,CH,final
529.5737989355478,1528.3065296865898,2648.1423133506505,3.293269918773401,3.7395045857670537,4.421042958811434,6051.282051282051,0.0005559493769919128,1414.9234321723357,0.027000000000000003,0.32142857142857145,1-0-3016-0,@,UT_016,016,2,fave,89.54177431003174,63.31066653064317,10,a,0,0.060058999999910156,found,way,#,#,D,W,coextensive
563.9406071738169,1416.1622923456064,2773.9550614883033,3.6759222795208255,3.9517030034738467,4.406699891304014,6769.2307692307695,0.0011358923663036637,1415.82546184127,0.031,0.32978723404255317,1-0-3019-3,@,UT_016,016,2,fave,102.16494090979374,64.20975026316528,10,whittle,0,0.07006899999987581,to,sticks,T,L,T,L,internal
569.2805316837829,1839.3500146178799,3089.2400809061,3.489709623039816,3.1335020351801632,4.205678369258381,6230.7692307692305,0.0029783151692857773,1417.17543784127,0.031,0.32978723404255317,1-0-3022-1,@,UT_016,016,2,fave,92.02441122564855,65.27169439602486,10,the,0,0.07006799999999203,"",meal,DH,#,DH,M,final
557.8553051581029,1440.5581461090808,3017.3282308243593,2.97995090203017,3.437260061999004,3.496356898264827,6230.7692307692305,0.00014683814744635042,1417.6475024965987,0.035,0.33653846153846156,1-0-3024-1,@,UT_016,016,2,fave,104.2686088825376,67.21055230428769,10,was,0,0.07995600000003833,meal,cooked,W,Z,W,Z,internal
526.2411227305289,1636.7507567973412,2791.239742238174,3.281096881168271,3.4535993164340533,4.2887466965113274,6230.7692307692305,0.0010727401421475186,1418.6384924965985,0.037000000000000005,0.324561403508772,1-0-3027-1,@,UT_016,016,2,fave,84.36142335130054,64.39005503508216,10,the,0,0.08996600000000399,by,wooden,DH,#,DH,W,final
651.4758494616909,1585.8678997944749,2756.0914304835937,3.1316691112598,3.2923921550207234,3.668628287362153,5871.794871794871,0.0010322598756364971,1419.6082974421768,0.097,0.3299319727891156,1-0-3031-1,@,UT_016,016,2,fave,86.57944689366965,63.18021449450551,10,the,0,0.2694099999998798,by,"",DH,#,DH,"",final
700.4603566190087,1631.985761932046,3145.304096981842,3.151753380446141,3.6727575835311512,4.4041347178203045,6589.74358974359,0.0005773341083042819,1421.1791941655329,0.040999999999999995,0.33064516129032256,1-0-3033-1,@,UT_016,016,2,fave,168.14277347753588,67.42175773087276,10,the,0,0.09997599999996964,"",meal,DH,#,DH,M,final
544.8255457269306,1497.8258310439664,3077.512877248267,3.178308669407259,3.555867235876118,3.91471567535471,6230.7692307692305,0.000018900226143373113,1421.7111225034016,0.025,0.33783783783783783,1-0-3035-1,@,UT_016,016,2,fave,100.30947004512947,63.56022077416544,10,was,0,0.0500489999999445,meal,cooked,W,Z,W,Z,internal
578.1797340751842,1739.4740660229136,2788.912248931883,3.224672308626011,3.5257146815808724,4.340008519516821,6410.25641025641,0.00023220610074686196,1422.5361688276644,0.035,0.33653846153846156,1-0-3038-1,@,UT_016,016,2,fave,112.8054845693864,59.00007018244012,10,the,0,0.07995600000003833,by,writer,DH,#,DH,R,final
520.5212080717648,1744.440824948069,3003.62743079284,2.9590100445932817,3.522925617730481,3.6687406111815175,5871.794871794871,0.00009211594460777111,1424.3474534965987,0.035,0.3365384615384616,1-0-3042-1,@,UT_016,016,2,fave,151.94899276248915,66.52049881493959,10,the,0,0.07995600000003833,"",swimmer,DH,#,DH,S,final
584.2595906321055,1431.9362084058819,2891.757342933726,3.434841944810959,3.8603075334246832,4.131613394641959,5871.794871794871,0.0005025388801961781,1425.6475024965987,0.035,0.3365384615384616,1-0-3046-1,@,UT_016,016,2,fave,87.30643804220831,59.756766257735016,10,the,0,0.07995600000003833,into,water,DH,#,DH,W,final
551.4037187724385,1949.6459498264219,3338.4963701255106,2.897714514481426,4.463489448488312,3.714995543482078,6051.282051282051,0.00002262251829131235,1427.9673488276642,0.027000000000000003,0.32142857142857145,1-0-3051-1,@,UT_016,016,2,fave,160.9018044874723,65.21493436146785,10,the,0,0.0599369999999908,"",children,DH,#,DH,CH,final
670.3959047275019,1109.9634662464834,2296.8612099970555,3.160043617602132,4.012769913007715,4.841403739777377,6051.282051282051,0.00004913175537434877,1429.0173041723356,0.027000000000000003,0.32142857142857145,1-0-3054-3,@,UT_016,016,2,fave,103.27618224472698,64.81238258663649,10,waddle,0,0.06005900000013753,would,"",D,L,D,L,internal
506.9745855405826,1638.8341828188336,2998.4533165429257,3.06278761341847,4.142242744050424,4.346857916563155,6051.282051282051,0.0004127646467882725,1429.7073341587302,0.027000000000000003,0.32142857142857145,1-0-3057-1,@,UT_016,016,2,fave,89.00067739457259,54.58379657900649,10,the,0,0.05993599999987964,under,stars,DH,#,DH,S,final
648.8962429085694,1537.2696654001725,2988.8259403543407,3.029292040085985,4.112304767534296,4.5750781634902635,5871.794871794871,0.00014213899894652032,1431.8754768276642,0.031,0.32978723404255317,1-0-3060-1,@,UT_016,016,2,fave,142.9034670804409,65.17223466633753,10,the,0,0.06994699999995646,"",farmer,DH,#,DH,F,final
662.8150470635247,1717.288674641409,3085.176892677983,2.765201123535704,3.120893607169236,4.216012080334886,5871.794871794871,0.0003014883975256427,1435.5784334965986,0.037000000000000005,0.324561403508772,1-0-3069-1,@,UT_016,016,2,fave,85.19595426675006,68.76489860419724,10,the,0,0.08996600000000399,"",man,DH,#,DH,M,final
721.9991430608434,1326.9776508017649,2301.583798221046,3.3608837856814358,4.041913189510547,4.754542778937793,6051.282051282051,0.0006645108401206965,1436.98345715873,0.027000000000000003,0.32142857142857145,1-0-3073-3,@,UT_016,016,2,fave,NaN,58.783263331906035,10,bottle,0,0.059936000000107015,his,in,T,L,T,L,internal
636.4158046238944,1695.467575180827,2984.523126921081,4.252324820248074,2.862404766858758,4.131640773020931,6051.282051282051,0.0000253319424251649,1437.38348115873,0.027000000000000003,0.32142857142857145,1-0-3075-1,@,UT_016,016,2,fave,153.84638066060566,54.42094574017134,10,the,0,0.0599369999999908,in,dark,DH,#,DH,D,final
664.5808684917267,1769.2632656116402,3001.6543157379992,3.0855889124512177,3.4404442732549443,3.8484406850909783,6051.282051282051,0.000016272516042709323,1438.7118148412699,0.031,0.32978723404255317,1-0-3078-1,@,UT_016,016,2,fave,175.53588120462035,65.9537618176641,10,the,0,0.07006799999999203,"",gardener,DH,#,DH,G,final
638.5567973995802,1736.0233365121326,2574.414156484038,3.1851329736760574,3.8454602957475825,4.856596419247582,5692.3076923076915,0.0051285745583328855,1442.653996165533,0.047,0.3263888888888889,1-0-3086-4,@,UT_016,016,2,fave,259.40575282047377,63.33822124393752,10,texas,0,0.11999500000001717,"",has,S,S,S,S,internal
682.8306450261257,1637.2664173235714,2984.154575664253,3.274836637557957,3.5062801392389322,3.980708610311247,6051.282051282051,3.6538060896198304e-6,1444.9430621723354,0.025,0.33783783783783783,1-0-3094-1,@,UT_016,016,2,fave,152.056284780383,53.67948708342647,10,the,0,0.0500489999999445,in,fields,DH,#,DH,F,final
537.8484686129326,1878.1365932992767,3128.589426089878,3.1212429257727456,3.656645785704045,3.7077124288589167,6230.7692307692305,0.00007309782373059846,1446.4640471587302,0.027000000000000003,0.32142857142857145,1-0-3097-1,@,UT_016,016,2,fave,89.30354137759164,62.5498545314493,10,the,0,0.0599369999999908,"",children,DH,#,DH,CH,final
653.8975635855596,1696.1768510073455,3105.1088912814166,3.765374640105255,3.3777206477816843,3.7741030471133725,6589.74358974359,0.00005884901149149605,1446.8560734965986,0.031,0.32978723404255317,1-0-3098-5,@,UT_016,016,2,fave,106.8207803694666,59.87931445436926,10,children,0,0.06994600000007267,the,saw,R,N,R,N,internal
638.6928004552278,1680.2952108272052,2991.378140744549,3.430567141766398,3.6673666651521737,3.800426724928356,6051.282051282051,0.00013948490837524484,1447.2940371723357,0.027000000000000003,0.32142857142857145,1-0-3100-1,@,UT_016,016,2,fave,96.3066415419614,58.75732232630368,10,the,0,0.060058999999910156,saw,curtains,DH,#,DH,K,final
523.0490991640313,1807.3121414559412,3008.0314348141956,3.1594351736330397,3.0375457928279443,3.747515255757817,6051.282051282051,0.00016267059666062915,1450.9760628276642,0.031,0.32978723404255317,1-0-3108-1,@,UT_016,016,2,fave,85.38565058583752,61.17556681283909,10,the,0,0.06994600000007267,hammered,nail,DH,#,DH,N,final
505.03885458845093,1959.512522172947,3021.131906701242,3.3200199638448757,3.6065942917079146,3.7208826180103243,6589.74358974359,0.00034577708841923376,1452.8790934965984,0.037000000000000005,0.324561403508772,1-0-3113-1,@,UT_016,016,2,fave,188.0433741073771,63.895376217186275,10,mechanic,0,0.0899650000001202,the,found,M,K,M,K,internal
560.7662624033911,1797.7426124205226,3054.2086652707085,3.410629005179148,3.2644493837061064,3.8283890292173153,6051.282051282051,0.000016682217187106082,1453.8240388276643,0.027000000000000003,0.32142857142857145,1-0-3115-1,@,UT_016,016,2,fave,175.91363914179416,58.384855476617254,10,the,0,0.059936000000107015,found,kale,DH,#,DH,K,final
550.0219618349684,1732.7178782575086,3002.74732339726,3.658897220558234,2.9815359621100286,4.311584107005437,6051.282051282051,0.00007669332213821934,1454.6640331723356,0.027000000000000003,0.32142857142857145,1-0-3119-1,@,UT_016,016,2,fave,158.85647323934066,55.19849118214395,10,the,0,0.06005800000002637,in,<unk>,DH,#,DH,spn,final
664.412914551722,1804.8131401893004,2914.314752789325,3.7837507254754965,3.257767230517701,3.6237104248103935,6051.282051282051,0.00002869698171457482,1455.8240388276643,0.027000000000000003,0.32142857142857145,1-0-3123-1,@,UT_016,016,2,fave,80.33823927021179,57.060876384712884,10,the,0,0.059936000000107015,in,trunk,DH,#,DH,T,final
551.3963454382126,1803.5973950946097,3024.8698171793917,2.621340674780811,3.121082220559354,3.5902218983445273,6051.282051282051,0.000026393963926301696,1457.5401554965986,0.031,0.32978723404255317,1-0-3126-1,@,UT_016,016,2,fave,177.76932351964047,67.20160614687708,10,the,0,0.06994600000007267,"",school,DH,#,DH,S,final
347.27120759692514,1674.2669580759018,2808.377023199503,3.0947349683750183,4.119543957851727,3.735798003510779,5692.3076923076915,0.00004568235340859025,1460.6171341723355,0.025,0.33783783783783783,1-0-3135-4,@,UT_016,016,2,fave,152.16980756773333,55.07526096147807,10,carton,0,0.0500489999999445,a,of,T,N,T,N,internal
666.6739258894862,1775.9570106897593,2925.6410097655657,4.129187859814384,3.562635488900079,3.5733710548470383,6051.282051282051,0.0004407210381962063,1460.7321248412698,0.035,0.3365384615384616,1-0-3136-0,@,UT_016,016,2,fave,156.22466129266377,55.423118791430014,10,of,0,0.08007899999984147,carton,milk,#,V,N,V,initial
592.8596371097688,1704.358919890695,3071.4252563360365,2.7807494824483627,3.2754443920916336,3.7898509238249916,6230.7692307692305,0.000016163212424161527,1462.3040471723357,0.027000000000000003,0.32142857142857145,1-0-3139-1,@,UT_016,016,2,fave,186.84404128934014,67.62285368376378,10,the,0,0.060058999999910156,"",book,DH,#,DH,B,final
624.22613437628,1773.3940084083404,2912.9179881676687,3.345336142504637,2.848512343882906,3.695308512650111,6051.282051282051,0.00008132950561373066,1462.9440621723356,0.027000000000000003,0.32142857142857145,1-0-3142-0,@,UT_016,016,2,fave,87.90680592920553,61.16410221894823,10,a,0,0.06005800000002637,had,picture,#,#,D,P,coextensive
685.202410928968,1697.497290431715,2549.1284840184744,2.9985402665782797,3.6891239241879963,4.793825956741561,6948.717948717948,0.0027610704026518364,1463.516080489796,0.051000000000000004,0.3311688311688312,1-0-3144-0,@,UT_016,016,2,fave,-473352.83567546104,56.37248089697998,10,of,0,0.12988300000006348,picture,a,#,V,*hr,V,initial
609.683948017956,1693.1744306958128,2903.450991424885,3.5966303502602175,3.4135915311088882,3.9048644537522312,6051.282051282051,0.0008143012749100351,1463.6990394965985,0.037,0.32456140350877194,1-0-3145-0,@,UT_016,016,2,fave,161.84505540346885,54.085795625975315,10,a,0,0.08996600000000399,of,cell,#,#,V,S,coextensive
578.7868988364737,1833.0158214520304,2936.276161244496,3.295633063463275,3.114105194719229,3.512352300002269,6051.282051282051,0.00017904282354950452,1467.4104171723357,0.031,0.32978723404255317,1-0-3155-1,@,UT_016,016,2,fave,87.49842493944516,57.90949610823561,10,the,0,0.07006899999987581,eating,snails,DH,#,DH,S,final
583.8428497969875,1923.0445281428997,2908.925239003751,3.156276048068527,3.822555225198662,3.992531723057129,6051.282051282051,0.000029602547381157523,1469.9484561723357,0.027000000000000003,0.32142857142857145,1-0-3162-1,@,UT_016,016,2,fave,192.14077429992037,66.02056786353786,10,the,0,0.060058999999910156,"",children,DH,#,DH,CH,final
551.1356776727459,1864.1547274382697,3042.7302762749136,3.6894121200125096,3.5649011537351853,4.10960145170312,6410.25641025641,0.000044258279235559516,1470.3584628276642,0.027000000000000003,0.32142857142857145,1-0-3163-5,@,UT_016,016,2,fave,228.26446647302666,65.49979664090158,10,children,0,0.059936000000107015,the,needed,R,N,R,N,internal
574.2730799987542,1859.80696723463,3019.1912291466133,3.0304497615879056,3.1378531773460714,3.424295552926293,6410.25641025641,0.000057097741741492153,1470.8304328276643,0.031,0.32978723404255317,1-0-3165-0,@,UT_016,016,2,fave,167.96248178571142,63.46719515787706,10,a,0,0.06994699999995646,needed,bell,#,#,D,B,coextensive
571.3887798044886,1496.6982470309615,3063.006925277018,2.8246969442503396,3.7959001780657364,4.5210727574661185,5871.794871794871,0.00030598894905152756,1474.2224478276644,0.035,0.3365384615384616,1-0-3172-1,@,UT_016,016,2,fave,88.11971370728256,68.67068674133583,10,the,0,0.07995600000003833,"",woods,DH,#,DH,W,final
709.7224714548435,1621.6789407808549,2881.161538470796,3.6537843215097707,3.385096076774282,3.5885131034058166,6410.25641025641,0.00016135652031440151,1475.637493165533,0.045,0.3358208955223881,1-0-3177-0,@,UT_016,016,2,fave,84.70568157786393,60.74042655865038,10,an,0,0.10998500000005151,to,"",#,N,Tuw,N,initial
642.8044012876502,1909.3094407197925,3048.8272005616936,3.132883313632864,3.0359033028341234,3.73541258357846,6410.25641025641,0.0005443962298397457,1478.7104378276642,0.031,0.32978723404255317,1-0-3185-1,@,UT_016,016,2,fave,160.07757912150186,65.65219354664362,10,the,0,0.06994600000007267,"",man,DH,#,DH,M,final
672.2159424668835,1714.3116563688807,2978.5878203459415,2.7220760606709002,3.425677915342774,3.7600928331427332,6230.7692307692305,0.0001821797423778624,1480.2084661723356,0.027000000000000003,0.32142857142857145,1-0-3190-0,@,UT_016,016,2,fave,858.2619729922849,62.136176887743574,10,about,0,0.060058999999910156,"",latin,#,B,"",B,initial
574.6925938944166,1410.554543672187,3010.6563093454993,3.0028391231286533,3.38652365113055,4.210797153315804,6230.7692307692305,0.00021867804537691185,1482.69045284127,0.031,0.32978723404255317,1-0-3195-1,@,UT_016,016,2,fave,178.00388923124862,69.22717614091337,10,the,0,0.07006799999999203,"",watchmen,DH,#,DH,W,final
517.8865162903616,1699.4026178613078,2639.908279324277,2.685802796225238,3.6953225541150596,4.1133812193301225,4974.358974358975,0.0003794306241017134,1486.1324874965987,0.035,0.33653846153846156,1-0-3202-1,@,UT_016,016,2,fave,169.5856189615442,66.35310655547413,10,the,0,0.07995600000003833,"",rails,DH,#,DH,R,final
569.3979997570149,1730.2940265589054,3018.2487329005526,2.8151838333224917,3.296410725934152,3.9837490551992523,6051.282051282051,0.00010729660629708037,1489.4734534965985,0.037,0.32456140350877194,1-0-3210-0,@,UT_016,016,2,fave,96.23702616284827,72.2106857757478,10,a,0,0.08996600000000399,received,letter,#,#,D,L,coextensive
591.7715272809895,1728.5131275055187,3102.976564053945,4.069091796564004,3.3031913599308624,4.366609757434509,5871.794871794871,0.0012676930551439203,1490.1804371723356,0.031,0.32978723404255317,1-0-3213-1,@,UT_016,016,2,fave,85.47684674183681,59.377839895578106,10,the,0,0.07006799999999203,in,mail,DH,#,DH,M,final
553.3941361991934,1848.1819979647,3025.4303374594683,3.096126222616535,3.385194614452255,3.95959017016002,6230.7692307692305,0.00007029555028318159,1491.7174705034015,0.025,0.33783783783783783,1-0-3217-1,@,UT_016,016,2,fave,99.94121784474139,66.12373946028276,10,the,0,0.0500489999999445,"",children,DH,#,DH,CH,final
575.4448967483763,1716.8141567947396,3134.568270714111,3.5944483119887307,2.9808064040110325,3.7687802672158233,6051.282051282051,3.2016089075919305e-6,1492.0874711723354,0.025,0.33783783783783783,1-0-3218-5,@,UT_016,016,2,fave,244.65780337851234,67.65254609616564,10,children,0,0.0500489999999445,the,heard,R,N,R,N,internal
514.3867695527941,1723.794304351334,2084.11446309315,2.817693440729874,3.5467993501769914,4.365364156630707,5512.820512820513,0.00002277595611284082,1492.4574661723354,0.025,0.33783783783783783,1-0-3220-0,@,UT_016,016,2,fave,97.01915674511073,65.730957664744,10,about,0,0.0500489999999445,heard,the,#,B,D,B,initial
490.155415926071,1614.31908570679,3118.2744788524824,2.7709337263729035,3.504967708778492,3.7714445945783694,5871.794871794871,0.0000693751548626621,1492.7984321723357,0.027000000000000003,0.32142857142857145,1-0-3221-1,@,UT_016,016,2,fave,165.5758550408399,59.761505831918164,10,the,0,0.060058999999910156,about,sale,DH,#,DH,S,final
671.932334714901,1859.9170075227205,3103.944132487322,3.3489763517317845,3.103764676219939,4.334586071029791,6410.25641025641,0.0010720749760045536,1495.035809165533,0.045,0.3358208955223881,1-0-3226-1,@,UT_016,016,2,fave,92.89990579321648,66.97995836431858,10,the,0,0.10998500000005151,"",man,DH,#,DH,M,final
552.6580277848265,1860.6977546543283,2463.3759895997646,2.9235041582269052,3.401534100929669,4.768548528407176,5512.820512820513,0.0001554648678079627,1495.9068301723357,0.027000000000000003,0.32142857142857145,1-0-3229-0,@,UT_016,016,2,fave,88.65597325998966,64.04256177353747,10,about,0,0.060058999999910156,learned,the,#,B,D,B,initial
603.8982398634121,1577.9103227436558,3039.812203872387,3.412106734618889,3.0190949500923385,3.8001890489558807,6051.282051282051,0.00008142370296323909,1496.2968451723357,0.027000000000000003,0.32142857142857145,1-0-3230-1,@,UT_016,016,2,fave,82.18821821951995,60.16858549345676,10,the,0,0.060058999999910156,about,mountains,DH,#,DH,M,final
678.6814947316515,1680.9531118922996,2813.273762515366,3.232876447717764,3.3973484175206363,4.02403477453964,6051.282051282051,0.0008459517528374805,1497.6218644897958,0.057,0.32758620689655177,1-0-3233-4,@,UT_016,016,2,fave,NaN,52.58024246951049,10,africa,0,0.149902000000111,in,"",K,#,K,"",final
649.7749476762511,1426.056905201126,2869.145322044706,3.2277568559950525,3.4737826233797646,3.8605631464667782,6051.282051282051,0.00007704723472967395,1499.7108564965988,0.035,0.33653846153846156,1-0-3238-0,@,UT_016,016,2,fave,83.81034641981935,63.306692751036984,10,a,0,0.07995600000003833,drew,ladder,#,#,Tuw,L,coextensive
648.4793189007657,1815.4947238048799,3190.424573957194,3.215303224429847,3.4551048955785135,3.8234045447312694,6230.7692307692305,0.0005840699965982432,1502.2218664965985,0.037000000000000005,0.324561403508772,1-0-3245-1,@,UT_016,016,2,fave,97.24784275907228,67.21351165096824,10,the,0,0.08996600000000399,"",man,DH,#,DH,M,final
538.1272918443926,1728.701501440664,2972.19724952074,3.091088081614792,3.256494315747687,3.8386245541141433,6051.282051282051,0.000024877155022511367,1502.9668551587301,0.027000000000000003,0.32142857142857145,1-0-3248-0,@,UT_016,016,2,fave,86.13021573928873,64.15666467539567,10,a,0,0.0599369999999908,found,fiddle,#,#,D,F,coextensive
567.7728230926151,1458.684230592382,2878.3007636166367,3.328171403690013,3.812844311005947,4.591022158886243,6948.717948717948,0.00045045219205498515,1503.30886084127,0.031,0.32978723404255317,1-0-3249-3,@,UT_016,016,2,fave,78.1780304263715,62.81923059991248,10,fiddle,0,0.07006799999999203,a,from,D,L,D,L,internal
622.5801854002266,1451.3424840094924,3004.5049731018316,3.6271881158758847,3.6099717717830253,4.022666929827357,6051.282051282051,0.00005262824869438978,1503.9288501723356,0.031,0.32978723404255317,1-0-3252-2,@,UT_016,016,2,fave,84.68677108445715,63.532473387841954,10,italy,0,0.07006799999999203,"","",T,L,T,L,internal
592.6755149725617,1650.8935078812228,2794.406453474397,3.198712386581797,3.397668110613616,3.9837538052094694,6230.7692307692305,0.0005724749333615663,1505.4518464965986,0.037000000000000005,0.324561403508772,1-0-3255-5,@,UT_016,016,2,fave,111.40536542290432,66.70622038393014,10,breakfast,0,0.08996600000000399,my,is,F,S,F,S,internal
637.1287902205664,1823.913144714497,2981.23017931206,3.58807860271402,3.0778157218329936,3.8376639552614886,6051.282051282051,0.0004505074628917813,1506.2118564965986,0.037,0.32456140350877194,1-0-3258-0,@,UT_016,016,2,fave,95.43714528000835,59.851128476174644,10,and,0,0.08996600000000399,bread,butter,#,N,D,N,initial
373.9917416558421,2533.1702894781765,3352.627328394663,2.5005990735725585,3.807155818766618,4.364491346271174,6410.25641025641,0.00010006273168365078,45.67824816553288,0.040999999999999995,0.33064516129032256,1-0-4-1,iy,UT_016,016,2,fave,174.89290839735273,60.96611674729026,10,female,1,0.09999899999999684,"","",F,M,F,M,internal
384.589169835409,2479.390204895741,3037.793758393902,3.267796284644284,3.830656645758734,5.067137577166969,6589.74358974359,0.006246630811005651,92.27164616553287,0.037,0.32456140350877194,1-0-59-4,iy,UT_016,016,2,fave,160.9936380149259,50.498952382627174,10,fifteen,1,0.09000400000000752,"",years,T,N,T,N,internal
354.82595872759936,2550.462429108921,3161.598019254987,2.439096563095253,3.641940179753209,4.890992059248101,6589.74358974359,0.0032236082259518976,136.99895283446713,0.031,0.32978723404255317,1-0-121-1,iy,UT_016,016,2,fave,176.92238864905366,53.41698587065095,10,teacher,1,0.0700069999999755,kindergarten,"",T,CH,T,CH,internal
344.4922395198624,2496.385819875774,2985.931393284324,2.7694275778736093,3.6662517921243323,4.706259404524968,6589.74358974359,0.006176904732594907,142.5509558344671,0.035,0.33653846153846156,1-0-136-1,iy,UT_016,016,2,fave,120.24778435805814,49.50465393723414,10,teaching,1,0.08000200000000746,year,"",T,CH,T,CH,internal
376.635651014991,2546.519337710878,3097.649983517721,2.9876417275421097,3.9346593134140946,4.942210540529034,7307.692307692308,0.003500341246021635,144.9782421655329,0.035,0.33653846153846156,1-0-140-1,iy,UT_016,016,2,fave,90.17504196085972,51.944986246221944,10,teach,1,0.08000199999997903,"",my,T,CH,T,CH,internal
343.6042990321883,2595.8965766109022,3178.7982397819296,2.705475205149838,3.9269424923158134,4.596345153262169,6410.25641025641,0.0026682792853956407,216.3541501655329,0.037,0.32456140350877194,1-0-302-1,iy,UT_016,016,2,fave,161.6456669499417,59.27595130564978,10,phoenix,1,0.08999699999998256,of,"",F,N,F,N,internal
377.2180958542735,2258.7833528984925,2800.927207315144,3.085329570353232,4.298957959179531,4.692213890151161,6230.7692307692305,0.00443303682551642,241.07165983446714,0.027000000000000003,0.32142857142857145,1-0-362-7,iy,UT_016,016,2,fave,-38.45108914566228,52.7969996059462,10,activities,0,0.05999800000000732,"",with,T,Z,T,Z,internal
392.5001101264917,2296.109253043867,2657.120453172598,3.184669001063302,4.177987016206125,4.008848202872849,6589.74358974359,4.025704675928354e-6,324.7400535034014,0.025,0.33783783783783783,1-0-518-1,iy,UT_016,016,2,fave,165.01069540436774,64.72387687567463,10,people,1,0.05001799999996592,and,just,P,P,P,P,internal
434.4326804445335,1840.0835469983447,2589.6096635545364,3.072176453553034,3.8526429014528745,3.931916628154145,6230.7692307692305,0.00018285502694174972,330.7550521655329,0.035,0.3365384615384616,1-0-535-3,iy,UT_016,016,2,fave,85.43086271156389,61.657601005859604,10,always,0,0.07998600000001943,"",overwork,W,Z,W,Z,internal
400.76750582714743,2300.420922651718,2924.021748557264,2.8553899486050445,3.5474918548427916,4.411277406326983,6410.25641025641,0.0006627882594965149,376.83713983446717,0.055,0.3353658536585366,1-0-633-1,iy,UT_016,016,2,fave,165.4486215790092,67.88611826468143,10,remember,0,0.14001500000000533,"","",R,M,R,M,internal
359.6159550057005,2652.071649266389,3073.4329639779603,3.1825431295836095,4.3577887023399375,4.4341831282223785,6410.25641025641,0.0027396245116186667,403.68286116553287,0.031,0.32978723404255317,1-0-718-1,iy,UT_016,016,2,fave,256.27985171029286,51.408273572464,10,peach,1,0.0699769999999944,"",pies,P,CH,P,CH,internal
412.66485974995237,2583.8265582041586,2898.2709828967254,3.4399907333997417,4.353806089074962,4.467489295710191,6589.74358974359,0.0016540511966312826,440.65766016553283,0.055,0.33536585365853655,1-0-735-0,iy,UT_016,016,2,fave,84.15088460997788,62.21824918899433,10,each,1,0.13998400000002675,because,one,#,CH,Z,CH,initial
382.5094132508695,2046.5267278911049,2970.5274091482315,3.0958122934703423,4.168879439891329,4.369386064071548,7128.205128205128,0.0025462969548068195,451.3218481655329,0.037000000000000005,0.324561403508772,1-0-767-4,iy,UT_016,016,2,fave,75.72331959688003,60.32030562337119,10,memories,0,0.08999599999998509,core,of,*hr,Z,*hr,Z,internal
448.8118303047037,2119.73358458377,2428.783165131394,2.85273750081488,3.808102790505251,4.308657577249752,6230.7692307692305,0.0007103569022495123,476.4838468344671,0.061000000000000006,0.33152173913043487,1-0-836-2,iy,UT_016,016,2,fave,160.6324635371479,61.6200492110954,10,worries,0,0.16000399999995807,the,and,*hr,Z,*hr,Z,internal
387.41434677482073,2199.203009490888,3555.835996556094,3.114324116833877,3.820282408278807,4.871295120561439,7307.692307692308,0.0068393260743516305,489.2811581655329,0.057,0.3275862068965517,1-0-874-2,iy,UT_016,016,2,fave,146.10002192990854,59.39236932881449,10,worries,0,0.1499939999999924,"",weren't,*hr,Z,*hr,Z,internal
400.6848173850344,2540.9434256642453,3028.745256052169,3.275543508494619,3.6065145046105673,4.463401653529913,6230.7692307692305,0.0026053950805341977,495.0048521655329,0.057,0.3275862068965517,1-0-881-0,iy,UT_016,016,2,fave,200.99427347812448,65.30839407013569,10,each,1,0.1499939999999924,but,one,#,CH,T,CH,initial
319.2951967343047,2229.1900599688574,2463.3895277450665,3.089631661718624,4.334889637490063,4.672478452255733,6769.2307692307695,0.006151693021971128,498.9338408344671,0.075,0.3348214285714286,1-0-891-4,iy,UT_016,016,2,fave,157.9772481119163,56.089915297645774,10,memories,0,0.20001199999995833,core,"",*hr,Z,*hr,Z,internal
344.0426384488722,2297.750068156648,3447.6474732947563,2.4573764898815305,3.863273933849681,4.627731820062209,6410.25641025641,0.002084249791986445,501.21686216553286,0.047,0.3263888888888889,1-0-895-1,iy,UT_016,016,2,fave,168.64020362905478,55.85306309479427,10,reasons,1,0.11999500000001717,specific,"",R,Z,R,Z,internal
401.43055122195483,2654.3371618789934,2987.2781280013573,3.033601918071758,4.05131790027098,3.7610445086465587,6410.25641025641,0.0006338882315739299,513.7397361655329,0.051000000000000004,0.3311688311688312,1-0-932-1,iy,UT_016,016,2,fave,205.68776696230773,63.35526071083511,10,needed,1,0.13000499999998283,i,"",N,D,N,D,internal
472.3566100358374,1986.4113224458488,2761.621376629004,3.0080018382458107,4.07863547123192,4.452554729970809,6230.7692307692305,0.0003529887318883215,533.7486604965986,0.037000000000000005,0.324561403508772,1-0-966-3,iy,UT_016,016,2,fave,161.29052823710043,57.57507639103042,10,always,0,0.08996600000000399,would,play,W,Z,W,Z,internal
369.5298131068136,2454.669165879004,2975.404130164547,2.9923854618362147,4.004027287376732,4.215781404378165,6410.25641025641,0.0025916446478862877,538.2451484965985,0.08100000000000002,0.3319672131147542,1-0-978-3,iy,UT_016,016,2,fave,107.86627835363836,58.27565066652969,10,cities,0,0.21997000000010303,"",in,T,Z,T,Z,internal
389.07942248567457,2252.4172397509824,3360.468002698012,3.134968358777716,3.952031840814236,4.453816992394629,6410.25641025641,0.00023794080649020038,554.3881428344671,0.027000000000000003,0.32142857142857145,1-0-1030-1,iy,UT_016,016,2,fave,85.08172169493228,60.06918202721252,10,being,1,0.05999700000006669,and,on,B,i,B,i,internal
366.09966074765316,2541.211103927995,3011.2095548269394,3.016148609838374,4.092231392551396,4.08082880726405,6410.25641025641,0.000906647293173045,568.5778521655329,0.065,0.33505154639175255,1-0-1086-1,iy,UT_016,016,2,fave,132.67725286645307,58.24876852589271,10,wheat,1,0.169983000000002,the,and,W,T,W,T,internal
363.58193862444,2522.3330965186983,2892.4788460272443,3.203989944807037,4.034782716368275,4.21180843994276,6589.74358974359,0.0013298821481649691,569.8408521655329,0.091,0.33211678832116787,1-0-1091-1,iy,UT_016,016,2,fave,101.84220201296728,56.799317913071135,10,wheat,1,0.25,the,"",W,T,W,T,internal
373.49926493996503,2500.133097050646,2919.2391922527877,2.921542002942214,4.052334406073814,4.064692760326056,6230.7692307692305,0.0013887966908548985,581.252263834467,0.031,0.32978723404255317,1-0-1119-1,iy,UT_016,016,2,fave,82.52893325583693,60.27010764259423,10,people,1,0.07000800000002982,the,in,P,P,P,P,internal
418.34012936093217,2175.037631304164,2973.7678354504715,3.0637996257664177,3.9815178189120792,4.07015733441452,6410.25641025641,0.00012629479709413738,627.6675561655329,0.027000000000000003,0.32142857142857145,1-0-1217-4,iy,UT_016,016,2,fave,79.4312184343191,57.4726436926552,10,livelihoods,0,0.059996999999953005,our,and,L,HH,L,HH,internal
404.01783553692843,2237.6308914646434,3011.0280722073016,3.1548292809504708,3.4154956557357514,5.141687144898458,6948.717948717948,0.0018432636159615126,633.4825474965986,0.037,0.32456140350877194,1-0-1235-2,iy,UT_016,016,2,fave,76.89858071579575,62.79442972223511,10,breed,1,0.08996600000000399,would,horses,R,D,R,D,internal
346.6993918663001,2747.4795844482787,2958.7712264205306,2.789044856919606,4.292173338229715,4.692115491935671,6589.74358974359,0.00455631172967798,651.1017318344672,0.097,0.3299319727891156,1-0-1283-0,iy,UT_016,016,2,fave,84.05688367185203,61.43064687578134,10,eat,1,0.27001899999993384,and,"",#,T,D,T,initial
366.9970991146499,2348.4432114671736,2972.2650440600087,3.1607792888124044,4.067345512462257,4.630166732834609,6230.7692307692305,0.0017268309993996823,654.3357294965987,0.045,0.3358208955223881,1-0-1297-1,iy,UT_016,016,2,fave,100.04499613943112,62.8430097108283,10,sheep,1,0.1099859999999353,and,and,SH,P,SH,P,internal
352.120015925577,2374.848819497107,2893.423010222431,2.959681372986922,3.886676519487369,4.488115055552475,6051.282051282051,0.0001267107558223197,660.2421411655329,0.027000000000000003,0.32142857142857145,1-0-1311-1,iy,UT_016,016,2,fave,77.13326606124032,59.46707080423373,10,people,1,0.05999700000006669,other,"",P,P,P,P,internal
451.62197851447735,1674.5444792766152,2909.355727107369,2.9136516838954805,4.166517993224806,4.274758527699632,5871.794871794871,0.0001494689425204239,712.3568664965987,0.031,0.32978723404255317,1-0-1431-3,iy,UT_016,016,2,fave,156.9040287277805,60.19189953288945,10,always,0,0.06994699999995646,we'd,run,W,Z,W,Z,internal
371.5507542804429,2469.534100315032,2849.7246828464945,2.9969861604858905,3.524855401795399,4.802775522124099,6589.74358974359,0.001472848458359358,712.9698524965986,0.037000000000000005,0.324561403508772,1-0-1434-0,iy,UT_016,016,2,fave,97.05469843919595,55.91608938556433,10,each,1,0.08996600000000399,into,other,#,CH,Tuw,CH,initial
452.50589568315996,1770.9195572773908,2722.6652408084915,2.9030096238579506,4.000862145575841,4.5722109424018385,6410.25641025641,0.0011798726733199946,717.0438651655329,0.045,0.3358208955223881,1-0-1445-3,iy,UT_016,016,2,fave,154.68974968387545,59.51970580301895,10,always,0,0.10998600000004899,was,a,W,Z,W,Z,internal
447.7247138931553,2165.4104873679407,2280.587615018984,2.8052576281042216,4.27638631950761,4.211872493121834,6230.7692307692305,0.0013381191704640305,727.6738601655329,0.065,0.33505154639175255,1-0-1462-3,iy,UT_016,016,2,fave,78.02672990726668,62.35406619603657,10,street,1,0.169983000000002,the,"",R,T,R,T,internal
372.9499053841969,2474.334570046759,2449.3974441349746,2.8301886582595888,3.725334881030023,4.849735716743919,6589.74358974359,0.00027692483042874525,748.2717361723356,0.025,0.33783783783783783,1-0-1546-1,iy,UT_016,016,2,fave,90.50802683250811,61.199673201309864,10,before,2,0.050049000000058186,night,sitting,B,F,B,F,internal
404.9435311820486,2055.7411942221074,2535.832300598015,3.242061698026215,3.638051877533881,4.236735709896749,6589.74358974359,0.00009957518573190321,771.4923808344671,0.047,0.3263888888888889,1-0-1599-1,iy,UT_016,016,2,fave,161.04400919968444,66.1952553270939,10,remember,0,0.11999500000001717,i,her,R,M,R,M,internal
453.468778962744,2103.868706430318,2919.5884195199274,2.8622116657300714,3.6724325316094166,3.9163558991513097,6410.25641025641,0.00016825507164495009,784.591351165533,0.045,0.3358208955223881,1-0-1641-1,iy,UT_016,016,2,fave,151.42919277956625,62.72476769427411,10,leave,1,0.10998499999993783,to,i,L,V,L,V,internal
319.2793790741963,2368.890048907149,2968.0545576457143,3.061377102465578,3.9265677407358166,4.523812355918938,6051.282051282051,0.0035288765501763552,798.6646771655329,0.047,0.3263888888888889,1-0-1694-4,iy,UT_016,016,2,fave,107.56100649065661,58.19975822583043,10,parties,0,0.11999500000001717,quilting,at,T,Z,T,Z,internal
391.7507907538742,2238.8153879161537,2776.611983432944,2.9900220307999805,4.462435961797881,4.047039907943745,6230.7692307692305,0.0008865998304530307,801.1396524965986,0.037000000000000005,0.324561403508772,1-0-1702-3,iy,UT_016,016,2,fave,83.43047784398966,62.98894823265044,10,ladies,0,0.08996500000000651,the,would,D,Z,D,Z,internal
374.91737810958693,2510.9874357175336,3075.324715631449,3.4498967281407054,3.788931162522705,4.6481682640703,6410.25641025641,0.03583621557268677,806.098624834467,0.035,0.33653846153846156,1-0-1721-0,iy,UT_016,016,2,fave,77.25007777339852,58.750331863770825,10,either,1,0.080016999999998,"",quilt,#,DH,"",DH,initial
350.23578312303835,2103.4266771167772,2859.3375702293542,3.0071380231662834,3.8776051592500913,4.808116914509674,7307.692307692308,0.0005871760107712717,808.9416451655329,0.04100000000000001,0.3306451612903227,1-0-1731-1,iy,UT_016,016,2,fave,163.74788742395808,64.09348167367102,10,remember,0,0.09997600000008333,i,my,R,M,R,M,internal
322.3827902211448,2654.586138311864,2973.4221308807496,2.3351388356908998,3.854027705102003,4.69925649540866,6948.717948717948,0.009482796422259403,815.1836361655329,0.045,0.3358208955223881,1-0-1753-5,iy,UT_016,016,2,fave,161.9535721724862,61.269545698793586,10,underneath,1,0.10998500000005151,laying,the,N,TH,N,TH,internal
346.92763947091566,2314.641453515296,3023.0093075498057,2.7340628685691017,4.4057233706812875,4.44474740610701,6230.7692307692305,0.0008205879731573203,818.5647555034013,0.035,0.3365384615384616,1-0-1762-1,iy,UT_016,016,2,fave,165.1300508817998,58.65640249730498,10,needle,1,0.080016999999998,the,go,N,D,N,D,internal
363.804463159403,2228.1021308708328,3003.5994867632353,3.3392301463912046,3.912773597611274,3.869838618010898,6589.74358974359,0.0002767557043973494,829.4047598276644,0.035,0.3365384615384616,1-0-1799-0,iy,UT_016,016,2,fave,147.10571599193227,64.87840804622489,10,each,1,0.07995600000003833,on,side,#,CH,N,CH,initial
429.02703917157254,2261.943913063104,2716.6512726295973,3.8967620778732734,4.038334115736181,4.481734719902423,6948.717948717948,0.005074940373754408,896.7974648276644,0.051000000000000004,0.3311688311688312,1-0-1993-3,iy,UT_016,016,2,fave,76.98321101422226,60.12101631252451,10,married,0,0.129942999999912,he,a,R,D,R,D,internal
414.17395843441113,2531.763586188331,3891.9957519053582,3.394535025191053,3.6897772681981147,4.658514004901171,7128.205128205128,0.0008869857382745388,899.8344541655329,0.045,0.3358208955223881,1-0-2003-3,iy,UT_016,016,2,fave,147.9588676679611,55.96504011580409,10,indian,0,0.10998500000005151,navajo,"",D,@,D,@,internal
436.07613778762914,2110.073294568651,3099.485718415231,2.8900881771670908,3.4955066452336165,5.126184957619131,7487.179487179487,0.005036269780298782,903.0602454965987,0.037,0.32456140350877194,1-0-2012-3,iy,UT_016,016,2,fave,149.9775742589161,58.8076893775681,10,period,0,0.08996600000000399,a,of,R,@,R,@,internal
441.34213357892463,2290.2251820249344,2597.2362100318705,3.033728182702552,3.923613686372,4.440596152503049,6769.2307692307695,0.0003827523353521733,938.1689515034013,0.04100000000000001,0.3306451612903227,1-0-2060-1,iy,UT_016,016,2,fave,146.1616550373451,59.625650036499586,10,reading,1,0.10003700000004301,enjoy,i,R,D,R,D,internal
441.55893220882257,2119.7519984831943,2313.7751881694835,3.212271849177716,3.7765414838599223,4.550204531395227,6769.2307692307695,0.0018790729105074558,938.9689395034013,0.04100000000000001,0.3306451612903227,1-0-2063-1,iy,UT_016,016,2,fave,79.14506201832944,58.85591685985475,10,reading,1,0.10003700000004301,love,and,R,D,R,D,internal
465.5906884570885,1882.5295901391473,2570.6874406588827,2.9948348495540142,4.220365006878044,4.160163339761575,6589.74358974359,0.0008973920260982615,961.3349364965986,0.045,0.3358208955223881,1-0-2109-3,iy,UT_016,016,2,fave,78.90043250075293,62.2985792583634,10,always,0,0.10998500000005151,i'm,learning,W,Z,W,Z,internal
430.1416749346321,2228.56003071456,2802.585936626432,2.9414086770687002,3.612296781550728,4.394742147341117,7307.692307692308,0.0011979484236858302,977.5604455034014,0.037000000000000005,0.324561403508772,1-0-2151-1,iy,UT_016,016,2,fave,78.65258248335073,64.95133635673055,10,reading,1,0.09002699999996366,in,"",R,D,R,D,internal
413.64683300813704,2321.7437966583616,2922.436802574726,3.184266782180796,4.287036767488253,4.001254315145669,6410.25641025641,0.00026800660888353495,1117.8277555034012,0.061000000000000006,0.33152173913043487,1-0-2401-1,iy,UT_016,016,2,fave,127.92800058617533,60.77136484915116,10,these,1,0.160033999999996,all,experiences,DH,Z,DH,Z,internal
388.87258378273054,2319.8460946553582,3125.3938112458727,3.3953985709676835,3.3376863827783825,4.6228615195808445,7307.692307692308,0.0007470994739824478,1118.6547115034014,0.055,0.3353658536585366,1-0-2402-6,iy,UT_016,016,2,fave,149.6723584131149,60.42419727240341,10,experiences,0,0.1400149999999485,these,that,R,@,R,@,internal
373.5196739451789,2729.9038969625212,3520.7142246296476,3.4032254348051887,3.6890787243411,4.559375543705275,7307.692307692308,0.0010397983573768128,1122.89272284127,0.031,0.32978723404255317,1-0-2413-2,iy,UT_016,016,2,fave,79.33412918703,62.054440652779725,10,schema,1,0.07006799999999203,our,of,K,M,K,M,internal
436.02245043873563,2417.583573470186,3688.5281627292784,2.873304185431979,3.83343225457012,4.596403415959327,7487.179487179487,0.000662862805460988,1126.4087324965988,0.035,0.33653846153846156,1-0-2422-1,iy,UT_016,016,2,fave,147.01408087232787,68.92826303640867,10,we've,1,0.07995600000003833,"",experienced,W,V,W,V,internal
386.6045986535372,2274.9311292631974,3125.1316968489455,3.6492474426402444,3.6582450512778055,4.615341032691951,7487.179487179487,0.0006851441377590793,1127.0017325102042,0.040999999999999995,0.33064516129032256,1-0-2423-6,iy,UT_016,016,2,fave,80.54330753455079,59.60456850484781,10,experienced,0,0.10009800000011637,we've,life,R,@,R,@,internal
374.935072692115,2122.6699530710403,3013.639743381172,3.2045761579018643,3.8068246384168964,4.6368168860848415,7307.692307692308,0.0010685597887599542,1128.503704165533,0.045,0.3358208955223881,1-0-2428-6,iy,UT_016,016,2,fave,86.15437554471872,61.30586304840952,10,experienced,0,0.10998500000005151,already,things,R,@,R,@,internal
401.5299049130381,2237.3710825587063,2795.4067036692177,3.177717789227746,3.8077609493257625,4.310657238182916,6410.25641025641,0.000628052321788035,1137.424748165533,0.047,0.3263888888888889,1-0-2462-1,iy,UT_016,016,2,fave,76.44290597341842,58.923562674636,10,we've,1,0.11999500000001717,adult,"",W,V,W,V,internal
374.4413938592483,1982.587118905,2688.9166083340447,2.9882180912784357,4.1763982669646875,4.376115136415569,6948.717948717948,0.00021390860621867233,1137.8397864965984,0.037,0.32456140350877194,1-0-2464-1,iy,UT_016,016,2,fave,145.37468942246255,60.977924486519505,10,we've,1,0.08996600000000399,"",used,W,V,W,V,internal
410.83052440118473,2187.15063717248,2703.9081877724243,3.0360122434032957,3.8419854016676074,4.14006868021096,6410.25641025641,3.0545884549131826e-6,1138.4837055034016,0.025,0.33783783783783783,1-0-2468-1,iy,UT_016,016,2,fave,152.55094778537367,58.29321533619122,10,we've,1,0.0500489999999445,"",seen,W,V,W,V,internal
370.37040413690596,2417.4985700140624,2614.6597667954056,3.156554928761204,4.305984995257625,4.716286308951268,6410.25641025641,0.003414813121722466,1138.73971684127,0.037000000000000005,0.324561403508772,1-0-2469-1,iy,UT_016,016,2,fave,76.29901641750288,59.03965620175455,10,seen,1,0.09008799999992334,we've,it,S,N,S,N,internal
386.3055982196937,2409.2333937676344,2802.4679641782327,3.0680319580253737,4.646649251886827,3.9765664044554137,6410.25641025641,0.0018636533323506377,1145.5187255034014,0.055,0.3353658536585366,1-0-2495-1,iy,UT_016,016,2,fave,88.02839267716485,60.50301608439873,10,seen,1,0.1400140000000647,ever,"",S,N,S,N,internal
406.8846933757003,2360.5692821064226,2945.056039505132,3.2023360479203418,3.4531358683614437,4.575019382067584,6948.717948717948,0.002471672808735124,1151.4467681655328,0.051000000000000004,0.3311688311688312,1-0-2518-1,iy,UT_016,016,2,fave,77.8204497358373,61.86157350163085,10,reading,1,0.13000399999987167,with,"",R,D,R,D,internal
376.30509094828216,2476.2123617210295,2935.776042417026,3.004262158990035,3.970219524904003,4.369372826700574,6589.74358974359,0.0013615228921190884,1155.4920594965986,0.031,0.32978723404255317,1-0-2532-1,iy,UT_016,016,2,fave,99.59634367447612,61.952357427478546,10,people,1,0.06994699999995646,hurdle,"",P,P,P,P,internal
489.02334271252005,1841.861442971153,2969.639532397162,3.0437311815067623,3.5689749897179754,3.453088119329505,6589.74358974359,8.272019068651714e-6,1157.4100041723357,0.027000000000000003,0.32142857142857145,1-0-2537-1,iy,UT_016,016,2,fave,161.1306499748689,66.0574969964458,10,dealing,1,0.060058999999910156,"",with,D,L,D,L,internal
345.08740611852,2775.489425653809,3177.0079440489462,3.177063484757454,3.7725293091447836,4.426078644430128,7666.666666666666,0.001110825815630108,1179.6195498344673,0.055,0.3353658536585366,1-0-2561-1,iy,UT_016,016,2,fave,77.1170538926113,65.06893311637266,10,need,1,0.1400149999999485,they,"",N,D,N,D,internal
438.8255658938446,2217.2233770678426,2829.572383254635,3.4006774910039024,4.116416582620785,4.111869202562647,6230.7692307692305,0.0005037214023178088,1185.1634408276643,0.031,0.32978723404255317,1-0-2574-1,iy,UT_016,016,2,fave,79.91862858225875,60.351462678228,10,seeing,1,0.0699459999998453,is,this,S,i,S,i,internal
491.36298229137896,2144.9426221348886,3164.313229738831,3.7936795514851847,3.452796643621572,4.008740063780475,7846.153846153846,0.0001452051053732253,1188.8454948276644,0.035,0.3365384615384616,1-0-2587-6,iy,UT_016,016,2,fave,178.93426323029252,66.02481557914982,10,experiencing,0,0.07995600000003833,"",it,R,@,R,@,internal
420.0226703667368,2448.156458196715,2924.027169703367,2.9982025727561497,4.314133155809856,4.094990990004438,6410.25641025641,0.0013869077311159787,1190.3514848276643,0.067,0.32843137254901966,1-0-2591-1,iy,UT_016,016,2,fave,166.84851866725145,66.5672678121455,10,seeing,1,0.17993200000000797,and,it,S,i,S,i,internal
375.0092097026459,2289.7315423020054,2793.2864949846517,3.335799446076601,3.5869177486196975,4.612665621930419,6948.717948717948,0.0008795832357223967,1196.3804131655331,0.045,0.3358208955223881,1-0-2606-6,iy,UT_016,016,2,fave,-138.31574300080382,56.21460414031576,10,experiences,0,0.10998499999982414,and,when,R,@,R,@,internal
404.236433844247,2036.9420680322762,2915.342315700645,3.723976526019312,3.7356517602691253,4.59176537973337,6769.2307692307695,0.002935288607916816,1199.3854458412698,0.035,0.33653846153846156,1-0-2612-6,iy,UT_016,016,2,fave,NaN,56.2667059552958,10,experiencing,0,0.08007799999995768,also,it,R,@,R,@,internal
339.24802796053297,2151.267517195751,2990.467721930068,3.6530854757899034,3.8489259678422005,4.777299233469168,7307.692307692308,0.0009764962411064394,1207.060467165533,0.045,0.3358208955223881,1-0-2635-6,iy,UT_016,016,2,fave,150.41077329653174,57.87752851312729,10,experiences,0,0.10998500000005151,background,that,R,@,R,@,internal
381.6796513745422,2004.0286951934984,2868.3190636752615,3.4367884020159503,4.6155075844393725,3.931911311132656,6589.74358974359,0.001430994618714425,1235.0485318412698,0.035,0.33653846153846156,1-0-2720-4,iy,UT_016,016,2,fave,86.25035872469094,54.95239237267948,10,between,1,0.08007799999995768,in,"",W,N,W,N,internal
389.4993400593911,2294.205604512238,2803.6486108878607,3.206192950716565,4.23860446426464,4.339879483403742,6410.25641025641,0.0010447935849962385,1239.6496004965986,0.037000000000000005,0.324561403508772,1-0-2738-1,iy,UT_016,016,2,fave,128.98829197302217,51.82544533991953,10,between,0,0.08996600000000399,in,"",B,T,B,T,internal
334.71393073115513,2226.174087807225,2765.6202741772495,3.0489028632488795,4.623498152720043,4.075247433751883,6769.2307692307695,0.006108195289186038,1239.9795645034014,0.057,0.3275862068965517,1-0-2738-4,iy,UT_016,016,2,fave,77.60157415258269,53.61633121055848,10,between,1,0.15002400000003036,in,"",W,N,W,N,internal
429.15862922518545,1859.9483574231094,2361.653359153427,3.4634341330763414,4.322898181323966,4.1533324461445,5871.794871794871,0.001893323076505969,1254.979435165533,0.047,0.3263888888888889,1-0-2746-6,iy,UT_016,016,2,fave,147.76537910815716,59.1726545583996,10,experiences,0,0.11999599999990096,their,of,R,@,R,@,internal
460.6654633663096,2116.3003180845794,2657.6733340301575,3.6692219304758464,3.715716248468755,4.959162260132339,7307.692307692308,0.003615678577032268,1259.06442384127,0.037000000000000005,0.324561403508772,1-0-2758-6,iy,UT_016,016,2,fave,36975.674248416355,56.710304147680475,10,experiences,0,0.09008799999992334,with,of,R,@,R,@,internal
399.2386500015788,2427.859783394865,2950.0592471641494,3.2093372216120986,3.734085837594713,4.547297967692906,6589.74358974359,0.000597815734223933,1267.207684165533,0.045,0.3358208955223881,1-0-2787-4,iy,UT_016,016,2,fave,143.91397789393662,61.761201226976524,10,procedures,1,0.10998500000005151,"",and,S,JH,S,JH,internal
330.2325737331875,2174.2434355512223,3281.250121397194,2.7788947924862497,3.864487684849707,4.5363401014865605,7128.205128205128,0.00024680014007656985,1275.5541884965985,0.040999999999999995,0.33064516129032256,1-0-2808-6,iy,UT_016,016,2,fave,169.3836334495367,57.24769562748248,10,experiences,0,0.09997599999996964,those,with,R,@,R,@,internal
380.15991309907236,2166.2619503574083,2774.8906306663002,3.0171815030010687,3.9215044119539413,3.896934814066356,6051.282051282051,0.00003403792477155877,1331.6006495034014,0.025,0.33783783783783783,1-0-2821-1,iy,UT_016,016,2,fave,174.77402649764454,60.243176493253614,10,between,0,0.05004800000006071,pause,each,B,T,B,T,internal
348.03204788633286,2416.1428509978323,2925.159196284376,2.5484217101195976,4.205310983305817,3.9381724879564683,6230.7692307692305,0.003701231125903541,1331.9516088344672,0.047,0.3263888888888889,1-0-2822-0,iy,UT_016,016,2,fave,181.6528225110098,60.05373755232034,10,each,1,0.11999599999990096,between,sentence,#,CH,N,CH,initial
408.80476882662344,2111.512257484829,2450.3893934942953,3.0450311663518597,3.9872847306876054,3.9387973718851015,6410.25641025641,0.0001460267407511142,1333.1366614965984,0.037000000000000005,0.324561403508772,1-0-2826-1,iy,UT_016,016,2,fave,79.86636791665619,66.91427694237095,10,read,1,0.08996600000000399,just,em,R,D,R,D,internal
442.3519089219167,2763.2254344734083,4101.493816385825,3.5155843919183187,3.2636319944153875,4.312749804519175,8384.615384615383,0.0002727831252585468,1354.266667165533,0.047,0.3263888888888889,1-0-2842-1,iy,UT_016,016,2,fave,205.76365892736476,64.76076868866382,10,teacher,1,0.11999500000001717,my,drew,T,CH,T,CH,internal
337.3290539054271,2682.3165719418894,3346.774041427481,2.9495370265861407,4.068775023123298,4.51005764153336,6230.7692307692305,0.0013468209486207816,1362.1016274965984,0.037000000000000005,0.324561403508772,1-0-2868-0,iy,UT_016,016,2,fave,78.3145266559182,57.744289582905566,10,east,1,0.08996600000000399,the,"",#,S,iyF,S,initial
385.3199662200353,2525.0180071513723,2985.2171931862217,3.1114804947067816,3.6394127809823242,4.903793637509769,7307.692307692308,0.0017920954446651541,1383.047551165533,0.047,0.3263888888888889,1-0-2928-1,iy,UT_016,016,2,fave,92.95311361708048,63.14700994174693,10,feeds,1,0.11999500000001717,cat,her,F,D,F,D,internal
487.14575515290136,1970.7345821557972,2949.5816806980533,3.3943072574110484,4.014003493510749,3.8620982613403165,6589.74358974359,0.00013580433349995907,1417.3684724965985,0.037000000000000005,0.324561403508772,1-0-3023-1,iy,UT_016,016,2,fave,184.93291931581555,66.98504682886977,10,meal,1,0.08996600000000399,the,was,M,L,M,L,internal
619.6920117512151,2133.9655419829187,2858.9145229075193,3.4722398907871312,3.422099333467523,4.193569788733738,6589.74358974359,0.0001219754958329309,1421.4291941655329,0.040999999999999995,0.33064516129032256,1-0-3034-1,iy,UT_016,016,2,fave,231.7080831652798,65.51821153649078,10,meal,1,0.09997599999996964,the,was,M,L,M,L,internal
491.8399210558583,2054.0242019039865,2867.4018356273587,3.081370733205712,3.6659168901900845,4.0201799994219884,6589.74358974359,0.00025478956641045364,1445.1780478412697,0.035,0.33653846153846156,1-0-3095-1,iy,UT_016,016,2,fave,75.80429847107253,57.11890937981899,10,fields,1,0.08007799999995768,the,"",F,L,F,L,internal
390.982729780378,2735.4542196674324,3091.93872640401,3.282366774422825,4.005976263947891,4.420993317252457,6589.74358974359,0.006454896688091469,1467.0304798208617,0.051000000000000004,0.3311688311688312,1-0-3154-0,iy,UT_016,016,2,fave,162.68221448954728,61.868465313500444,10,eating,1,0.12988300000006348,"",the,#,T,"",T,initial
387.33590443648075,2701.821237183994,3118.781944952513,2.9140607505847362,3.520033252876088,3.826614077395707,6589.74358974359,0.00005270010964710191,1470.537423510204,0.045,0.3358208955223881,1-0-3164-1,iy,UT_016,016,2,fave,172.38302855577973,64.18164500324121,10,needed,1,0.11010799999985466,children,a,N,D,N,D,internal
404.2793680553958,2006.1709226412174,2319.590069387631,2.860314220692743,3.9798788171490327,4.522240529021924,6410.25641025641,0.0007702998700213946,1488.9504561723356,0.031,0.32978723404255317,1-0-3209-1,iy,UT_016,016,2,fave,190.10778459702155,72.60547202825391,10,received,0,0.07006899999987581,they,a,R,S,R,S,internal
428.2817622957796,2393.1074492404255,2951.5208532081056,3.1777692680987726,3.952579301485476,4.122335836937418,6410.25641025641,0.0004393381583084848,1489.2034415034013,0.057,0.32758620689655177,1-0-3209-3,iy,UT_016,016,2,fave,106.42042321794372,70.11246093391232,10,received,1,0.15002400000003036,they,a,S,V,S,V,internal
373.55348060303464,2502.570929296455,2783.67157459084,3.2136890219082117,4.150480512399924,4.372749655429846,6230.7692307692305,0.0015968287566979673,1493.68242284127,0.075,0.33482142857142855,1-0-3224-1,iy,UT_016,016,2,fave,128.83272025153374,59.788589870160955,10,cheese,1,0.20007399999985864,on,"",CH,Z,CH,Z,internal
428.2650032297086,2633.382726931705,3692.173579634642,3.248966574917058,3.977419414643141,4.677182007921895,6769.2307692307695,0.0010183737358694994,1499.1908374965988,0.035,0.3365384615384616,1-0-3236-1,iy,UT_016,016,2,fave,105.42738599220566,64.0850657091845,10,teacher,1,0.07995600000003833,my,drew,T,CH,T,CH,internal
914.7107836336601,1429.6600014073233,3048.645371423963,3.277463783606376,3.918003859289984,4.494684851190084,5871.794871794871,0.00045992358226993723,45.88225283446712,0.069,0.7340425531914894,1-0-4-3,ey,UT_016,016,2,fave,94.70560229881329,52.860624871915036,10,female,2,0.07000000000000028,"","",M,L,M,L,internal
514.8337743665222,2317.839748904468,3106.921929719153,2.8909389572806834,3.934415446112852,4.715949997554683,6410.25641025641,0.010388816525296439,71.10015483446712,0.025,0.14367816091954025,1-0-14-0,ey,UT_016,016,2,fave,108.96942000218633,52.002193219897684,10,eighteen,1,0.15000200000000063,"",years,#,T,"",T,initial
531.3299476115957,1878.044023131178,2482.582491497847,3.0686206032524574,3.8988003104295896,4.179458750660359,6230.7692307692305,0.00020223529606979085,132.89655116553288,0.025,0.21929824561403513,1-0-105-1,ey,UT_016,016,2,fave,173.49941765549036,56.827150020105,10,wake,1,0.08999700000001098,"",up,W,K,W,K,internal
551.5625652974512,1831.8626701630765,2168.5452634973126,3.0788159424995003,4.133911024730301,4.3124616023509175,6589.74358974359,0.0009870367229192468,172.16124616553287,0.025,0.20161290322580647,1-0-174-2,ey,UT_016,016,2,fave,93.77211399290282,59.78571972597451,10,greatest,1,0.10000600000000759,my,accomplishment,R,T,R,T,internal
543.4762061831902,1878.2511914862635,2301.5356024075654,3.220492170497399,3.814344528193761,4.360018445242158,6410.25641025641,0.00004787325806485179,177.50124783446714,0.025,0.33783783783783783,1-0-191-2,ey,UT_016,016,2,fave,NaN,49.50672105960423,10,grateful,1,0.050003000000003794,so,that,R,T,R,T,internal
513.1907072381218,2171.434202013599,2740.4799283992265,2.5480516236107715,4.073022461228684,4.731480100314511,6230.7692307692305,0.0001957580102625095,178.14124683446713,0.025,0.24038461538461536,1-0-195-0,ey,UT_016,016,2,fave,166.04229647052938,55.546899705774685,10,able,1,0.08000200000000746,was,to,#,B,Z,B,initial
474.20260157110664,1842.4105293357607,2436.2324321818255,2.7579697346091585,4.015540835245158,4.403868515412518,6230.7692307692305,0.00031905189599885507,184.92124583446713,0.025,0.20161290322580647,1-0-217-1,ey,UT_016,016,2,fave,156.5451062061068,51.66524144360091,10,raising,1,0.10000600000000759,still,my,R,Z,R,Z,internal
595.3194682442285,1935.667524175418,2326.054170091702,3.33591741879827,3.931965768807099,4.380068038707951,6230.7692307692305,0.0008971760673314874,197.35635316553288,0.057,0.22440944881889766,1-0-240-2,ey,UT_016,016,2,fave,157.99659708329548,56.95352417937606,10,grade,1,0.22999599999999987,first,"",R,D,R,D,internal
571.7725692713537,1886.3370425818766,2624.1929913325816,3.37557834094646,3.8453938132405185,4.319555837024669,6410.25641025641,0.0013461933885526313,202.8161421655329,0.041,0.3059701492537314,1-0-255-6,ey,UT_016,016,2,fave,77.18704321167301,54.653414452410324,10,accelerated,2,0.1100009999999827,an,pace,*hr,T,*hr,T,internal
542.9172411376117,2156.896591944465,2791.8357748964304,3.3086426823444315,4.038718194148907,4.482905036034863,6410.25641025641,0.0029100885686741077,203.23514016553287,0.039,0.29104477611940305,1-0-256-1,ey,UT_016,016,2,fave,80.88697244067004,55.425656786543385,10,pace,1,0.1100009999999827,accelerated,so,P,S,P,S,internal
451.3359127954905,2213.0006874456017,4814.126727670429,3.753317321896911,3.726411438160611,4.7857848003706325,7487.179487179487,0.0023249717404732408,319.36874416553286,0.031,0.2719298245614035,1-0-503-1,ey,UT_016,016,2,fave,139.2919307629512,56.65452157966386,10,maker,1,0.08999599999998509,pie,"",M,K,M,K,internal
566.5208513521757,2066.70525456056,2854.895505455943,3.886057676790487,3.7912642860489174,4.051951060493544,6051.282051282051,0.0015820217362654358,323.51005783446715,0.045,0.3629032258064516,1-0-514-3,ey,UT_016,016,2,fave,115.6986990954025,53.66915315648126,10,homemade,1,0.10000600000000759,best,pies,M,D,M,D,internal
466.6222146316293,2213.242589574542,3333.622475159741,3.5370966022375536,4.126566479456835,4.792358455675622,6769.2307692307695,0.0024664769276898585,335.78576216553284,0.041,0.3596491228070176,1-0-557-1,ey,UT_016,016,2,fave,77.41246337644577,59.42389106073047,10,make,1,0.08999599999998509,did,a,M,K,M,K,internal
561.8763795076111,2148.6485880900273,3958.498367958791,3.6721711845395535,3.4859642068992613,4.851537473981568,7128.205128205128,0.00231980612897981,338.2107508344671,0.051000000000000004,0.38059701492537323,1-0-567-2,ey,UT_016,016,2,fave,204.01377955887335,54.64073523212475,10,great,1,0.11001499999997577,was,"",R,T,R,T,internal
637.4611858757978,1741.2363003198413,2821.9195743269543,3.329023137798401,3.5414003890516117,4.216067527431158,6589.74358974359,0.00014434978796825046,355.2238428344671,0.025,0.18656716417910452,1-0-593-1,ey,UT_016,016,2,fave,133.60717582389393,64.53361993061931,10,later,1,0.11001599999997325,was,"",L,T,L,T,internal
494.53855535493994,2055.8719005644352,2885.1463537860855,3.719574776095032,4.116715910169543,4.514234884711502,6589.74358974359,0.0007425803065918227,383.7396451655329,0.025,0.21929824561403513,1-0-654-1,ey,UT_016,016,2,fave,148.59701472024534,61.93632194723686,10,making,1,0.08999699999998256,"",pies,M,K,M,K,internal
411.225233520967,2516.1596803623356,2785.8611520469403,3.736149648050026,4.226231846969613,4.739903798347227,6230.7692307692305,0.0021935930003134166,396.91484783446714,0.035,0.33653846153846156,1-0-703-1,ey,UT_016,016,2,fave,396.2073746477006,68.9762396100457,10,tasty,1,0.080016999999998,were,"",T,S,T,S,internal
604.7026438275616,1764.495354387177,2858.0263950006465,3.1256770836001007,3.612458983466444,4.055714715856292,6230.7692307692305,0.0006270904193433435,414.4849451655329,0.025,0.16233766233766234,1-0-728-1,ey,UT_016,016,2,fave,78.58583075506809,55.69980816751738,10,layers,1,0.13000499999998283,two,"",L,*hr,L,*hr,internal
525.4627648030165,1930.6862536084418,2511.069920192303,2.833476042868844,3.8291780475506827,4.429379067402374,6410.25641025641,0.000055452353137580955,442.09264783446713,0.025,0.26595744680851063,1-0-740-2,ey,UT_016,016,2,fave,168.73937295773507,63.51424052107087,10,places,1,0.0700069999999755,"",that,L,S,L,S,internal
476.42655034871143,2067.7180395989512,2778.2790801422398,3.0098944028682406,3.9023067877644833,4.366811236782129,6230.7692307692305,0.00032274284954224194,445.2926598344671,0.025,0.26595744680851063,1-0-750-2,ey,UT_016,016,2,fave,29.255265524223876,59.90473024838899,10,place,1,0.07000800000002982,special,to,L,S,L,S,internal
717.1506290819269,1881.9484686767871,2680.951862416547,3.753198152910103,3.8558616456472325,4.282219716552029,6410.25641025641,0.001576794614613977,452.4758511655329,0.025,0.11682242990654207,1-0-774-1,ey,UT_016,016,2,fave,77.21225711564206,58.43870428292323,10,raised,1,0.19000299999999015,being,in,R,Z,R,Z,internal
651.4918876085778,1763.0770290849732,2678.0093435323147,3.239693854775867,3.2482042055536042,4.835289426121238,6769.2307692307695,0.0012841328897552292,461.3458461655329,0.025,0.18656716417910452,1-0-796-2,ey,UT_016,016,2,fave,76.84418296445433,62.40251312755757,10,place,1,0.10998599999999215,different,than,L,S,L,S,internal
626.741149136342,2093.36061568555,2881.8496197380387,3.2367062062569425,3.8449593634631487,4.451737817105475,6230.7692307692305,0.0009912105097709839,484.6771678344671,0.029,0.10583941605839418,1-0-862-1,ey,UT_016,016,2,fave,150.6420993758567,59.28283973723746,10,safe,1,0.25,felt,"",S,F,S,F,internal
594.963737071537,1888.4571795163818,2753.104696933793,3.3604004109258114,3.8472220051299564,4.480062012281577,6410.25641025641,0.0020259741025450964,495.98885216553293,0.025,0.18656716417910452,1-0-885-2,ey,UT_016,016,2,fave,119.88418150272348,58.117267198328435,10,places,1,0.10998499999999467,my,have,L,S,L,S,internal
517.8106040793291,2234.93617515028,2900.4653686739152,3.441091031856991,3.836645969960446,4.078735043567077,6230.7692307692305,0.0003934157810898403,504.6981468344671,0.051000000000000004,0.44736842105263164,1-0-906-1,ey,UT_016,016,2,fave,-61187.59600904691,57.460025669314646,10,safety,1,0.08999599999998509,of,and,S,F,S,F,internal
515.2106183052163,2234.2818382024852,2912.7707363407653,3.823948819273408,3.653417519741987,4.059910053817799,6769.2307692307695,0.0006803631140429048,530.6698338344671,0.049,0.42982456140350883,1-0-958-1,ey,UT_016,016,2,fave,79.80930401179637,61.00098070557831,10,neighborhood,1,0.09002599999996619,of,"",N,B,N,B,internal
683.6265049021706,1774.3496995488906,3042.813240160516,3.4276094525406355,3.859176485111475,4.327571762745122,6230.7692307692305,0.003020819387151328,540.6071681655328,0.025,0.06510416666666666,1-0-986-1,ey,UT_016,016,2,fave,80.0309072594085,59.22609594471777,10,lakes,1,0.3599859999999353,build,we,L,K,L,K,internal
485.0366207647474,2384.16233388155,2984.4806015381637,3.6050832894449325,3.5842200982168055,4.133293637060057,6410.25641025641,0.002821444717069848,550.3941385034013,0.059000000000000004,0.3041237113402062,1-0-1019-1,ey,UT_016,016,2,fave,125.11747669272792,56.743333798334014,10,games,1,0.17004399999996167,night,"",G,M,G,M,internal
581.7245320836,1943.983442929482,3528.7864389241213,3.650827410513066,3.517587347453632,4.736326342566446,7846.153846153846,0.00272745585497282,562.4678251655328,0.025,0.11682242990654207,1-0-1056-2,ey,UT_016,016,2,fave,81.25231673133861,58.32089470256198,10,grain,1,0.190003000000047,the,in,R,N,R,N,internal
486.31200115648124,1901.9221569235563,2422.8905758465653,3.4825431666745104,3.843528549913455,4.562922178259363,6589.74358974359,0.006322559010316678,571.3292638276644,0.025,0.16233766233766234,1-0-1094-1,ey,UT_016,016,2,fave,82.4694596947297,61.28830360636517,10,raising,1,0.12994400000002315,[bracketed],the,R,Z,R,Z,internal
482.995250009024,2006.4070471823534,3021.836878908781,3.3009851842051723,4.06733840317719,4.480894320604498,6230.7692307692305,0.00015791461031428088,591.684627834467,0.025,0.2976190476190476,1-0-1152-2,ey,UT_016,016,2,fave,150.03062884746436,54.513506225289795,10,place,1,0.05999799999995048,fun,to,L,S,L,S,internal
517.8576041509004,2361.2772776032057,3056.37583744364,3.2062911979146396,4.686504424161636,3.7301635988688027,6769.2307692307695,0.0004974467228427214,626.7165431655328,0.025,0.18656716417910452,1-0-1215-1,ey,UT_016,016,2,fave,165.18208590432437,68.29010664646042,10,maintain,0,0.1099859999999353,"",our,M,N,M,N,internal
569.9984805951392,2269.5954890144944,2814.779491824524,3.92862244580735,3.8734640241660556,4.217533334505653,6589.74358974359,0.001049185702626492,627.0065325034013,0.025,0.20161290322580647,1-0-1215-4,ey,UT_016,016,2,fave,154.2604405225506,61.28478270444998,10,maintain,1,0.10003699999992932,"",our,T,N,T,N,internal
535.7827467236334,1877.664395818013,2700.132745722376,3.2902477177821527,3.9246109287332436,4.795842944702916,6589.74358974359,0.003387198490062368,631.0865448344671,0.025,0.15243902439024393,1-0-1229-1,ey,UT_016,016,2,fave,122.01082485178961,59.43945614284041,10,raise,1,0.140013999999951,would,horses,R,Z,R,Z,internal
731.1617585436962,1869.198204182401,3365.43320816545,4.276621018967434,4.253913932974635,4.583329348162685,6769.2307692307695,0.061263375167443915,634.4965674965987,0.025,0.14367816091954025,1-0-1238-1,ey,UT_016,016,2,fave,152.9509936774141,59.27488835485573,10,raise,1,0.149962999999957,and,them,R,Z,R,Z,internal
558.3978779862683,2225.297780861795,3257.3988297441792,3.8469760367833685,4.515667901998004,4.892256677935097,6589.74358974359,0.035701565295791354,646.926937834467,0.025,0.17361111111111113,1-0-1269-4,ey,UT_016,016,2,fave,160.62432022528904,67.57899623228707,10,sustain,1,0.11999500000001717,to,the,T,N,T,N,internal
534.2610516566566,1943.7096085611504,3026.4193490224984,3.442633433427732,3.778281528186863,4.167420109698677,6410.25641025641,0.001157089336886636,710.2538475034013,0.025,0.07961783439490445,1-0-1423-5,ey,UT_016,016,2,fave,147.66319703206153,59.9974714406342,10,holidays,2,0.29003899999997884,and,and,D,Z,D,Z,internal
710.7656495082289,1829.6084678907353,2892.1915124344596,3.2971875931089976,3.668277698747748,4.394048170233249,6589.74358974359,0.000021934171513027336,715.7138581655328,0.025,0.2976190476190476,1-0-1440-2,ey,UT_016,016,2,fave,164.94439850369653,66.80673360125151,10,playing,1,0.05999700000006669,"",with,L,i,L,i,internal
585.0673527593669,2017.4401915202743,2904.93833493588,3.3667286384942936,3.826731334671143,4.43684319339239,6589.74358974359,0.0003054228350633123,735.7917505034013,0.025,0.21929824561403513,1-0-1489-1,ey,UT_016,016,2,fave,154.84892605032917,64.66566084565821,10,take,1,0.09002699999996366,would,dinner,T,K,T,K,internal
542.7731035184142,2179.7170570524945,2759.7673923065613,3.434618501374901,3.726559330251562,4.596612680193741,6051.282051282051,0.00010525921961256418,736.874756165533,0.031,0.369047619047619,1-0-1495-1,ey,UT_016,016,2,fave,111.08603314268406,58.02752791157458,10,take,1,0.059996999999953005,would,her,T,K,T,K,internal
507.4140266980846,2150.202770002431,2792.0276008594383,3.3382531254124537,3.5047237198139234,4.115049950242852,6230.7692307692305,0.0000927775556195998,737.7217311655328,0.025,0.2976190476190476,1-0-1500-2,ey,UT_016,016,2,fave,84.4187076546809,61.59155274483978,10,plate,1,0.05999800000006417,a,of,L,T,L,T,internal
571.2083072538193,1957.3411668919675,2787.709771031859,3.6016085856257387,4.027221874150804,4.639190813282731,6410.25641025641,0.0014654841073854547,739.0017554965987,0.025,0.21929824561403513,1-0-1506-1,ey,UT_016,016,2,fave,78.50654556311022,62.99775149401357,10,make,1,0.08996500000000651,would,dinner,M,K,M,K,internal
493.0113901883059,2170.005910591437,2863.244350606464,3.131032133779353,3.7140136541270063,4.535313394239942,6589.74358974359,0.00015746386350400663,742.5127588276644,0.027000000000000003,0.2872340425531915,1-0-1524-1,ey,UT_016,016,2,fave,NaN,60.08606830072212,10,take,1,0.06994700000007015,and,dinner,T,K,T,K,internal
555.170998565128,2017.5959410372236,2867.98659029958,3.445193988363986,3.829875324900783,4.152411695908158,6589.74358974359,0.0000652622019664918,744.501766834467,0.025,0.26595744680851063,1-0-1531-2,ey,UT_016,016,2,fave,156.965452859479,63.61998841080661,10,plate,1,0.07000700000003235,a,of,L,T,L,T,internal
627.0123845524952,1946.31336280077,2865.7108261924536,3.1932289663379496,3.7060017286669553,4.276024706332494,6589.74358974359,0.0014854160126155926,747.4917511655328,0.025,0.18656716417910452,1-0-1542-2,ey,UT_016,016,2,fave,166.28577777030645,65.20687512413807,10,plate,1,0.10998499999993783,her,from,L,T,L,T,internal
614.8903341697077,2164.7703356344246,2884.574952070606,3.745168436736566,4.127912508412223,4.519172504631855,5871.794871794871,0.004097143783009219,792.881648165533,0.04100000000000001,0.3306451612903227,1-0-1676-1,ey,UT_016,016,2,fave,177.51756942077986,61.50214144591109,10,same,1,0.09997499999997217,the,trucks,S,M,S,M,internal
597.9650408323289,1725.704625776885,3177.919593241216,3.096369259113958,4.237731625709596,4.190785410480762,6410.25641025641,0.0009155569958696752,800.9886331655327,0.035,0.26119402985074636,1-0-1702-1,ey,UT_016,016,2,fave,82.7239478387096,65.39791279360233,10,ladies,1,0.10998600000004899,the,would,L,D,L,D,internal
540.2496952070028,2019.6935719980997,3014.413376603957,3.258931858177582,3.96005724150519,4.192046361635563,6410.25641025641,0.0007619402147460775,893.7464361655328,0.029,0.21641791044776124,1-0-1979-5,ey,UT_016,016,2,fave,151.1967852762442,56.31488584451002,10,reservation,1,0.10998600000004899,navajo,"",V,SH,V,SH,internal
642.3585228110476,1826.1455483611924,2978.1812185798412,3.542386320323067,4.131652643634479,3.968277714774859,6230.7692307692305,0.0018374686434624904,908.4572638276644,0.031000000000000003,0.2012987012987013,1-0-2033-1,ey,UT_016,016,2,fave,170.50212394292802,51.66052726853901,10,lake,1,0.12994400000002315,"","",L,K,L,K,internal
671.719565221812,1858.7902844273126,2828.249219132381,3.3159437294622216,3.5453501470488753,3.813628394400445,6410.25641025641,0.00024172688309244224,963.7744548276644,0.025,0.15243902439024393,1-0-2119-0,ey,UT_016,016,2,fave,78.04930582146363,61.46829547680853,10,am,1,0.13995299999999133,i,very,#,e,ay,e,initial
496.7838483022771,2224.9889286543275,2951.2353906859466,3.800182593056012,3.847373710362259,3.986121018135823,6410.25641025641,0.005575273915430035,986.5561495034015,0.061000000000000006,0.2606837606837607,1-0-2191-2,ey,UT_016,016,2,fave,80.45000758667801,60.08109756746581,10,innate,1,0.21002199999998084,"","",N,T,N,T,internal
462.47968288034514,2327.1969484801225,2949.8292319765324,3.7843603116757887,4.07186762561538,4.051035924856115,6230.7692307692305,0.0014815315706985565,992.0251748344671,0.059000000000000004,0.6276595744680852,1-0-2207-1,ey,UT_016,016,2,fave,81.62884642579192,49.910887128160404,10,base,1,0.07000800000002982,knowledge,that,B,S,B,S,internal
814.8134488941405,2619.170369208004,3475.9472920537355,3.2213045745720317,4.3450871800058195,4.72946915561859,6769.2307692307695,0.17548706530220104,1016.2714694965987,0.025,0.21929824561403513,1-0-2225-0,ey,UT_016,016,2,fave,204.00566160816297,59.580672647320156,10,eighteen,1,0.08996600000000399,"",years,#,T,"",T,initial
541.6681749817645,1858.7232704573632,2461.6052118291473,3.347601876722972,3.609459451778688,4.5191668191686905,7307.692307692308,0.0020166760051213936,1028.615479489796,0.033,0.17934782608695657,1-0-2253-2,ey,UT_016,016,2,fave,201.62744700464458,65.00104128917013,10,grade,1,0.15991200000007666,third,"",R,D,R,D,internal
575.0729467502748,2096.3392305177663,2784.7233062514006,3.1660742797409513,3.7116620712539405,4.307866821036042,6410.25641025641,0.002311305790488993,1030.1404331791384,0.043000000000000003,0.3208955223880598,1-0-2259-0,ey,UT_016,016,2,fave,265012.3078802191,54.873561552995405,10,eight,1,0.11010799999985466,"",years,#,T,"",T,initial
510.77959669547647,2014.521122407161,2432.070629498246,3.3550657208121426,3.9233624212067046,5.040582743232526,7128.205128205128,0.0035495470748341524,1036.1714381655331,0.025,0.17361111111111113,1-0-2276-2,ey,UT_016,016,2,fave,83.07483990710335,60.36838948615853,10,grades,1,0.11999599999990096,older,but,R,D,R,D,internal
473.15010551372717,2014.9441689591004,2994.3244447148445,3.2076204262584236,3.5942836081360845,4.775867393195641,7128.205128205128,0.00033022137311727764,1037.5764518276644,0.035,0.37234042553191493,1-0-2283-2,ey,UT_016,016,2,fave,79.71627525805218,56.15279346923047,10,grades,1,0.06994600000007267,younger,as,R,D,R,D,internal
560.3992709726857,2048.513995990822,2852.7619308118306,3.4454840246984237,3.7936557275151714,4.195807299002824,6410.25641025641,0.026779451405644132,1040.8714241791383,0.025,0.17361111111111113,1-0-2293-0,ey,UT_016,016,2,fave,574.3984568983877,48.075729775736384,10,eighteen,1,0.12011699999993652,"","",#,T,"",T,initial
470.98274379855366,2353.348412960021,2906.1163719813526,2.696140549828145,3.9634139666043056,4.812024705699971,7307.692307692308,0.006013330019231314,1059.3982341655328,0.097,0.25260416666666663,1-0-2304-3,ey,UT_016,016,2,fave,82.20787609977681,63.97092306049802,10,engage,1,0.3599859999999353,"","",G,JH,G,JH,internal
770.3982326502164,1839.4095787189915,2813.8778173779,4.0242647683201715,3.571348684544083,4.120967906548439,6051.282051282051,0.0026732381881604916,1144.9738014965988,0.025,0.21929824561403513,1-0-2493-1,ey,UT_016,016,2,fave,141.1580284788397,51.599498381930246,10,they've,1,0.08996499999989283,time,ever,DH,V,DH,V,internal
620.6235853201351,2099.501335765656,2847.0861389821544,3.9343847611130447,3.9000208384717756,3.744418132452257,6410.25641025641,0.0068185602108824786,1148.6537438344672,0.025,0.17361111111111113,1-0-2509-1,ey,UT_016,016,2,fave,129.38637838060905,53.445593006917136,10,makes,1,0.11999500000001717,it,an,M,K,M,K,internal
460.35749989470537,2379.7512693193344,2817.4107401426395,3.190578765935186,3.797252564217599,4.171575048674884,6589.74358974359,0.00048611611307508074,1150.635704834467,0.069,0.42073170731707327,1-0-2515-5,ey,UT_016,016,2,fave,132.9196743378802,60.30237684006926,10,associated,2,0.1400149999999485,and,it,iy,T,iy,T,internal
585.8101239666646,2135.7977588345357,2866.4019144487656,3.1406277994046152,3.5030070960951525,3.9434891676739348,6410.25641025641,0.0004054166377336701,1194.2404308412697,0.025,0.20161290322580647,1-0-2600-1,ey,UT_016,016,2,fave,153.79714441228762,66.26019360892239,10,take,1,0.10009800000011637,and,them,T,K,T,K,internal
476.8588162157995,2379.5605095123155,2874.081478214136,3.3288199206704006,3.5902518305006312,4.186503740683474,6410.25641025641,0.00002285444448664311,1217.0945695034015,0.027,0.3648648648648648,1-0-2667-1,ey,UT_016,016,2,fave,-16.897155751013113,58.82494993768191,10,patience,1,0.05004800000006071,more,and,P,SH,P,SH,internal
526.9538387423617,2026.974810292498,2450.4731888803467,3.076704145415077,4.042596919317441,4.554474574291967,6410.25641025641,0.00022981106093263363,1223.2875161723355,0.033,0.39285714285714285,1-0-2684-6,ey,UT_016,016,2,fave,-478.19131878689285,62.70048113149418,10,frustrations,1,0.06005900000013753,the,that,R,SH,R,SH,internal
622.7335284441158,1833.5384884289858,2973.505856555782,3.4293283938233903,3.7103636094052708,4.266535808635522,6230.7692307692305,0.0005698385781362613,1274.116141165533,0.025,0.18656716417910452,1-0-2804-8,ey,UT_016,016,2,fave,148.1103144403613,60.18036120779237,10,articulating,2,0.10998500000005151,as,and,L,T,L,T,internal
715.7014882514909,1574.4601029358566,2547.371231154378,3.2949041944075033,3.448002327418983,4.162788119715728,6589.74358974359,0.0003561404945495221,1367.377618834467,0.129,0.8376623376623377,1-0-2884-2,ey,UT_016,016,2,fave,81.91803698500146,61.01912710310588,10,trail,1,0.13000499999998283,new,in,R,L,R,L,internal
610.2272150607492,2110.075377374334,2787.416653183531,3.33860888463855,3.901830217400078,4.246279508287512,6230.7692307692305,0.00018319522027700604,1369.136667834467,0.047,0.3051948051948052,1-0-2890-1,ey,UT_016,016,2,fave,115.8524730188215,70.1775760020367,10,sailor,1,0.13000499999998283,the,stood,S,L,S,L,internal
523.929059846334,2121.0162867984363,3006.3206917569937,3.5106572968714502,3.7912811968488263,3.96112933829214,6410.25641025641,0.0003106573914604096,1387.489192834467,0.025,0.14367816091954025,1-0-2939-1,ey,UT_016,016,2,fave,89.16991539842466,63.443868338262256,10,made,1,0.15002500000014152,was,of,M,D,M,D,internal
769.4833934678493,1686.2807454305732,2784.9486447737604,3.0605957449793726,3.766780467340836,4.247990404740471,6410.25641025641,0.0005392248285659607,1392.0512831587303,0.16899999999999998,0.8711340206185567,1-0-2953-0,ey,UT_016,016,2,fave,179.62905079724806,67.5917039867136,10,ale,1,0.16992200000004232,the,"",#,L,@,L,initial
769.7237771648691,1630.8348253782187,2775.7541980516844,3.476141424845243,3.2832071503464264,4.180638193299745,6410.25641025641,0.00016259942797656354,1400.1112738276643,0.069,0.7340425531914894,1-0-2975-1,ey,UT_016,016,2,fave,83.92279915213737,66.47970079702814,10,whales,1,0.06994600000007267,to,in,W,L,W,L,internal
550.2985304519324,2155.7560639072376,3103.844385639415,3.2537738136629057,3.7135144164444434,4.852398570381196,6589.74358974359,0.0018414503410846632,1433.9224265034015,0.025,0.13586956521739132,1-0-3067-1,ey,UT_016,016,2,fave,83.70513040556128,56.69131962092167,10,daily,1,0.160033999999996,udder,"",D,L,D,L,internal
748.4171208108781,1663.7925135287767,2993.684612326723,3.8869246146590055,3.4724674894338707,3.9059119843140873,6410.25641025641,0.0012753754746364847,1451.194996165533,0.129,0.8376623376623377,1-0-3109-1,ey,UT_016,016,2,fave,81.81799799369385,58.87289323646075,10,nail,1,0.13000499999998283,the,firmly,N,L,N,L,internal
722.8724828852256,1655.8360988371714,2694.821007635415,3.168104794061821,3.630950665514528,4.202380406479729,6410.25641025641,0.00038441870709392104,1454.1300515034013,0.15899999999999997,0.8641304347826088,1-0-3116-1,ey,UT_016,016,2,fave,119.56279536405981,60.93097442045173,10,kale,1,0.160033999999996,the,"",K,L,K,L,internal
635.7034026712815,2383.119787048463,2874.6998413627066,3.6129697018187694,3.97003936230028,4.285868290197048,6410.25641025641,0.0020323104052818427,1458.59418315873,0.059000000000000004,0.3041237113402062,1-0-3129-1,ey,UT_016,016,2,fave,87.7662477995198,62.64480570177223,10,came,1,0.16992200000004232,lunch,with,K,M,K,M,internal
773.7118010910935,1653.2670989242495,2970.018402539493,3.5161219168477325,3.5174528613208076,4.080523675283013,6410.25641025641,0.00027941816815479556,1467.739435834467,0.129,0.8376623376623377,1-0-3156-2,ey,UT_016,016,2,fave,165.28516292817955,61.926598307334025,10,snails,1,0.13000499999998283,the,"",N,L,N,L,internal
746.1665264351162,1638.3145927346795,2683.94765723745,2.8066825319782773,3.823205313486372,4.509835014183572,6589.74358974359,0.000047430925475152404,1486.32944784127,0.069,0.7340425531914894,1-0-3203-1,ey,UT_016,016,2,fave,173.27798483348482,69.83223242628469,10,rails,1,0.07006799999999203,the,last,R,L,R,L,internal
845.8374232891155,1668.511462630526,2881.3988638026367,3.7759092676129073,3.576374372118837,4.043770890679092,6230.7692307692305,0.0002962747463065096,1490.3644384965985,0.099,0.7983870967741936,1-0-3214-1,ey,UT_016,016,2,fave,83.00144083649552,58.32979517342099,10,mail,1,0.09997599999996964,the,today,M,L,M,L,internal
714.8998332846285,1662.3083884152063,2796.2245472119107,3.0472644863300946,3.4388479957287585,4.603569040622954,6410.25641025641,0.00024105053960237236,1493.084400834467,0.13899999999999998,0.8475609756097561,1-0-3222-1,ey,UT_016,016,2,fave,148.58365140634223,63.92871232813577,10,sale,1,0.1400149999999485,the,on,S,L,S,L,internal
748.4002814335647,1695.7922642259432,3087.0922889570957,3.5194418669209324,3.687735661156161,4.361530219743342,6410.25641025641,0.00008233525495165948,68.38115383446711,0.027000000000000003,0.32142857142857145,1-0-9-1,ʌ,UT_016,016,2,fave,217.62469057600185,59.04666852633985,10,huntington,1,0.05999799999999311,"","",HH,N,HH,N,internal
827.5025153617429,1225.1982318071757,2931.919689530366,3.623295637947982,3.447379620416389,3.738512518499248,6051.282051282051,0.0002463781775436328,76.01814516553289,0.040999999999999995,0.33064516129032256,1-0-22-2,ʌ,UT_016,016,2,fave,168.97450743356694,52.57202189968807,10,one,1,0.09999899999999684,"",year,W,N,W,N,internal
808.7186282364777,1220.4828826731462,2925.457140202805,3.402189545864916,3.4697594792201025,4.067816694664224,6051.282051282051,0.00030705032129573476,78.72814983446712,0.040999999999999995,0.33064516129032256,1-0-29-1,ʌ,UT_016,016,2,fave,161.66803355328156,49.62328632244834,10,one,1,0.10000700000000506,for,year,W,N,W,N,internal
446.66234497091256,1151.1363891730466,2752.422305756014,3.8470528510843534,4.1155628629671375,4.7444808395524785,6948.717948717948,0.0015603991728652265,87.24615483446712,0.037,0.32456140350877194,1-0-40-1,ʌ,UT_016,016,2,fave,93.12282834505675,51.782760148728876,10,one,1,0.0899959999999993,twenty,years,W,N,W,N,internal
758.6865234473034,1670.0463488929313,2645.436006685149,3.1775550978325087,3.6038727329453133,3.888339200079064,5692.3076923076915,0.0008212370347424289,133.1425531655329,0.07700000000000001,0.3290598290598291,1-0-106-0,ʌ,UT_016,016,2,fave,216.60478850309906,55.121667659253056,10,up,1,0.20999100000000226,wake,"",#,P,K,P,initial
808.8797148848306,1462.9354211642228,2405.284256603756,3.218642721473969,3.5787228078718476,4.893043561356579,5692.3076923076915,0.0003049743925512851,174.08424983446713,0.031,0.32978723404255317,1-0-179-1,ʌ,UT_016,016,2,fave,83.51941767109861,55.74840146451305,10,motherhood,1,0.07000700000000393,of,"",M,DH,M,DH,internal
795.3729256827596,1530.6330680975714,2901.5168165422056,3.0844670043075935,3.5067748913844436,4.574987853331144,6051.282051282051,0.0001674199467437764,175.9462498344671,0.035,0.33653846153846156,1-0-184-1,ʌ,UT_016,016,2,fave,167.02068995111955,53.956987065914056,10,love,1,0.08000200000000746,i,my,L,V,L,V,internal
696.6235974023455,1680.134756366208,3452.3983829771596,3.3268715643517326,3.6393257603491627,5.16640239337262,7846.153846153846,0.00581365589289888,191.99634716553288,0.037000000000000005,0.324561403508772,1-0-225-1,ʌ,UT_016,016,2,fave,192.364110377675,57.44919300925288,10,juggling,1,0.08999600000001351,a,act,JH,G,JH,G,internal
686.7724468605537,1998.3904215480554,2868.3548826023,3.8985725638815536,3.6314561890246253,4.445727105251645,6230.7692307692305,0.0015127081308889347,196.19634416553288,0.037,0.32456140350877194,1-0-236-1,ʌ,UT_016,016,2,fave,82.63196910973954,55.26791639950815,10,youngest,1,0.08999600000001351,my,was,Y,NG,Y,NG,internal
563.4065635377311,1582.5649517295567,2944.575328745638,3.5521070661024696,3.645919447543377,4.190466649926461,6051.282051282051,0.0014073955954669887,211.38113916553286,0.051000000000000004,0.3311688311688312,1-0-281-0,ʌ,UT_016,016,2,fave,151.78001811096635,53.375359121836894,10,of,1,0.13000500000001125,lot,study,#,V,T,V,initial
684.0349516236043,1748.494819546783,2980.1435306434,3.263213477504754,3.3645515314141003,4.668879355473105,6051.282051282051,0.00046204484807597197,211.83615183446713,0.040999999999999995,0.33064516129032256,1-0-282-2,ʌ,UT_016,016,2,fave,147.41584373786048,57.823134705807014,10,study,1,0.10000599999997917,of,"",T,D,T,D,internal
535.1393435672405,1743.1970466123103,2860.1369551255025,3.3296207267613793,3.6125846524095784,3.971974204010742,6051.282051282051,0.00009547820030114424,230.25165283446714,0.027000000000000003,0.32142857142857145,1-0-325-0,ʌ,UT_016,016,2,fave,96.74796466458129,53.58104768666719,10,us,1,0.05999700000000985,drive,down,#,S,V,S,initial
716.9795849890023,1472.3241929880858,2709.3037216234816,3.4900579294994953,3.5537921016088894,4.596897611728056,5692.3076923076915,0.00004500967647458624,240.05165583446714,0.027000000000000003,0.32142857142857145,1-0-359-1,ʌ,UT_016,016,2,fave,162.77550322956895,58.06081275382962,10,fun,1,0.05999700000000985,do,little,F,N,F,N,internal
675.601470678071,1755.5329952541117,3472.8535741094815,3.637326376237482,3.2557941713350194,4.7393464179361855,6410.25641025641,0.00019767735220941425,249.74365783446711,0.031,0.32978723404255317,1-0-385-2,ʌ,UT_016,016,2,fave,107.15113939180914,60.28940430887995,10,study,1,0.06999200000001338,of,and,T,D,T,D,internal
783.9069126519422,1578.328409241661,2587.543566057717,3.1754137538216867,3.6881077635415256,3.8859736735601587,6051.282051282051,0.000031640014470349515,250.69165483446713,0.027000000000000003,0.32142857142857145,1-0-390-1,ʌ,UT_016,016,2,fave,172.67706029528787,59.643175868588266,10,couple,1,0.05999800000000732,a,times,K,P,K,P,internal
695.1852155195319,1651.0644052862142,2946.2413407153945,3.239441076505973,3.5267228186742985,4.439577560522221,6230.7692307692305,0.000356983039004064,252.5827548344671,0.035,0.33653846153846156,1-0-396-1,ʌ,UT_016,016,2,fave,156.81755746879696,61.327204952803676,10,doubled,1,0.08000200000000746,actually,up,D,B,D,B,internal
700.7844041222792,1400.850818673194,3201.941886038065,3.523469079038652,3.814068915283604,4.323218025488933,6230.7692307692305,0.0010820662110986566,252.8627538344671,0.035,0.33653846153846156,1-0-397-0,ʌ,UT_016,016,2,fave,164.06779859528967,58.49942762356208,10,up,1,0.08000200000000746,doubled,on,#,P,D,P,initial
722.2434554905692,1497.2968428807915,2924.955923591048,3.510722597941849,3.873913253989396,4.466349004100582,6410.25641025641,0.00024571996540894347,256.00874216553285,0.027000000000000003,0.32142857142857145,1-0-409-1,ʌ,UT_016,016,2,fave,80.68223636692598,59.266975609642664,10,double,1,0.059998000000035745,to,up,D,B,D,B,internal
677.2388581138107,1215.4960130402371,3093.9936572003917,3.663762282277322,3.388545939466624,3.8565899402529333,6051.282051282051,0.00016875090974234703,256.2127484965986,0.035,0.33653846153846156,1-0-410-0,ʌ,UT_016,016,2,fave,79.85118462904813,56.16771656935212,10,up,1,0.0799870000000169,double,on,#,P,L,P,initial
778.6736386138369,1570.890691441956,2910.9615873079115,3.3392218189634217,3.4411348884450357,4.527030031943454,6051.282051282051,0.000040878441337659924,317.7867628344671,0.027000000000000003,0.32142857142857145,1-0-498-1,ʌ,UT_016,016,2,fave,151.5476326395975,61.428990369902145,10,mother's,1,0.05999800000000732,my,an,M,DH,M,DH,internal
761.1749892673313,1537.776278339344,3031.360806097123,3.4758113440549745,3.8733559780031985,4.580023651726651,6051.282051282051,0.0004031214852273436,325.29304683446713,0.07100000000000001,0.3317757009345795,1-0-520-1,ʌ,UT_016,016,2,fave,157.94311107623125,61.96260035282215,10,loved,1,0.19000199999999268,just,"",L,V,L,V,internal
513.8576869813288,1241.6252317033213,2956.081647960977,2.9917444375088547,3.81099494919911,4.291670122773853,6230.7692307692305,0.0005155091951834599,334.73074883446714,0.031,0.32978723404255317,1-0-551-1,ʌ,UT_016,016,2,fave,78.82085061291015,64.52978428257812,10,the,1,0.07000800000002982,so,one,DH,#,DH,W,final
801.6651119352828,1228.2715085972013,2645.6824480968567,3.7862164018914277,3.3285819447151117,4.629632173418064,5512.820512820513,0.00014329135688967827,334.85074383446715,0.031,0.32978723404255317,1-0-552-1,ʌ,UT_016,016,2,fave,160.9480568867814,62.54511077573296,10,one,1,0.07000799999997298,the,time,W,N,W,N,internal
658.6494830226909,1281.3590146326312,2626.5761369654783,3.367883164313046,3.071008201000085,4.276166277795435,6410.25641025641,0.000353378976408689,339.86274816553293,0.035,0.3365384615384616,1-0-570-1,ʌ,UT_016,016,2,fave,219.96998759293243,73.37242107809847,10,wasn't,1,0.07998699999996006,it,it,W,Z,W,Z,internal
624.3230213329849,1457.0408852629134,2570.4896608205163,3.477179981849635,3.3841952885949844,4.469110787815212,6589.74358974359,0.0010739168174876176,340.31776016553283,0.045,0.3358208955223881,1-0-572-1,ʌ,UT_016,016,2,fave,207.04347413306454,68.09248072464428,10,wasn't,1,0.10998599999999215,it,mom,W,Z,W,Z,internal
758.7507485967976,1448.3002178975469,2706.0493000220617,3.326950883767142,3.5719014475383393,4.250148073613106,6230.7692307692305,0.0002497885405270019,341.65275283446715,0.055,0.33536585365853655,1-0-576-1,ʌ,UT_016,016,2,fave,130.09800951444976,63.57584214965104,10,but,1,0.14001500000000533,"","",B,T,B,T,internal
570.107929049278,1129.7293906118007,2560.6954033761035,3.6670636299274495,3.4749472164317674,4.600704047063403,5333.333333333333,0.0004934632568723193,361.6037381655329,0.037,0.32456140350877194,1-0-611-1,ʌ,UT_016,016,2,fave,178.06411779262862,66.50095109047486,10,one,1,0.08999699999998256,my,thing,W,N,W,N,internal
691.5969496334812,1796.7301756974293,2712.626398174187,3.1245327046510334,3.337090425372578,4.416920824324284,6230.7692307692305,0.0006210802396566412,374.5451518344671,0.07100000000000001,0.33177570093457953,1-0-629-3,ʌ,UT_016,016,2,fave,170.80722380064864,62.790787815864896,10,because,1,0.190003000000047,"","",K,Z,K,Z,internal
644.9632570715037,1617.2461401409196,2562.821019512395,3.2940522876554197,3.120808726918292,4.258556551196986,5333.333333333333,0.000015832335004817713,380.35964583446713,0.025,0.33783783783783783,1-0-645-1,ʌ,UT_016,016,2,fave,NaN,63.88946311195228,10,such,1,0.0500189999999634,"",a,S,CH,S,CH,internal
747.6086141322504,1315.77648869938,3138.3433475592556,3.2646325455861116,3.5669402664459984,4.002658017701703,6230.7692307692305,0.00007242334810342324,388.89964483446715,0.045,0.3358208955223881,1-0-674-1,ʌ,UT_016,016,2,fave,150.62039272436505,66.58604092598938,10,loved,1,0.11001600000003009,i,watching,L,V,L,V,internal
633.3913963225799,1462.122133623732,2383.03119033726,2.839341908246215,3.4551972161887163,4.6776547047266135,6051.282051282051,0.000011365711155159328,440.1226468344671,0.025,0.33783783783783783,1-0-733-1,ʌ,UT_016,016,2,fave,155.00843113105014,69.89313063360454,10,one,1,0.050018000000022766,hard,because,W,N,W,N,internal
728.5457096022974,1221.2659496499944,3014.183264148924,3.8325410363347228,3.679885389062362,3.9455917290477376,6230.7692307692305,0.00046014189379009034,441.0286465034013,0.037,0.32456140350877194,1-0-736-1,ʌ,UT_016,016,2,fave,94.71612342098356,64.39043360746822,10,one,1,0.09002700000002051,each,of,W,N,W,N,internal
654.8884884771875,1499.380142773122,2823.0093546310313,2.8144127656814497,3.22643191593176,4.339886859562187,5692.3076923076915,0.0003429436347597933,446.60994683446717,0.035,0.3365384615384616,1-0-754-1,ʌ,UT_016,016,2,fave,156.07565855183037,64.49500922054187,10,but,1,0.080016999999998,"",probably,B,T,B,T,internal
580.2178946132703,1840.2075937480724,2903.914215588434,3.0067871615617348,3.9061673302439273,3.694097704536387,5871.794871794871,0.00031100394868589586,457.00084583446716,0.035,0.3365384615384616,1-0-781-3,ʌ,UT_016,016,2,fave,171.14146501257545,67.38413376233541,10,because,1,0.080016999999998,"",of,K,Z,K,Z,internal
825.8759638919075,1738.4748153522999,2399.2103046604343,3.9061936343573422,2.914949402838917,4.677434467864727,7128.205128205128,0.00029570107354064443,459.8068381655329,0.027000000000000003,0.32142857142857145,1-0-791-1,ʌ,UT_016,016,2,fave,189.87806624427364,70.44634654014422,10,huntington,1,0.05999700000000985,and,was,HH,N,HH,N,internal
491.8170982761898,1265.792575475807,2815.9831967273,3.0202517594114457,3.625238147970266,4.057514069095556,6589.74358974359,0.0004088579176535379,476.1708541655329,0.035,0.3365384615384616,1-0-835-1,ʌ,UT_016,016,2,fave,161.32896217870123,61.21783085154069,10,the,1,0.07998600000001943,without,worries,DH,#,DH,W,final
660.5343033175334,1594.7568078003455,3019.9578930377083,3.5127498964917625,3.0634481533647917,3.89591330771864,5512.820512820513,0.041052736388308524,477.77285116553287,0.119,0.3361581920903954,1-0-839-0,ʌ,UT_016,016,2,fave,182.84853254945168,55.818364062271684,10,of,1,0.3299870000000169,stresses,"",#,V,Z,V,initial
731.9973683395048,1400.3906998597183,2771.560280682434,3.6355989177482346,3.6956330444503775,4.121134296133883,6230.7692307692305,0.0006375169194305214,486.4801491655329,0.035,0.3365384615384616,1-0-866-1,ʌ,UT_016,016,2,fave,81.38058432052743,64.13907828029544,10,comfortable,1,0.0799870000000169,"","",K,M,K,M,internal
510.681634302101,1712.3791148563157,2869.3456413786826,2.6332885077267854,3.8681810454425585,4.23755908589315,5871.794871794871,0.00019273679383233975,494.8698628344671,0.027000000000000003,0.32142857142857145,1-0-880-1,ʌ,UT_016,016,2,fave,169.91641101047344,74.41658280477743,10,but,1,0.05999700000000985,"",each,B,T,B,T,internal
817.4258706505711,1223.5687739292016,2805.1405972459042,3.3180636660865455,3.137490113020408,4.264586648739057,6230.7692307692305,0.0004277792946024996,495.3448638344671,0.037000000000000005,0.324561403508772,1-0-882-1,ʌ,UT_016,016,2,fave,155.08621160370942,68.57382731545152,10,one,1,0.08999599999998509,each,of,W,N,W,N,internal
499.60030844454684,1257.5173008057668,2787.2020849783685,3.5050579362952208,3.84892793456402,4.532738444449283,6589.74358974359,0.00022523519010899293,512.0477441655329,0.027000000000000003,0.32142857142857145,1-0-927-1,ʌ,UT_016,016,2,fave,89.79576693188251,59.03313573812471,10,what,1,0.059996999999953005,do,i,W,T,W,T,internal
814.5042435266414,1650.2960405877845,3031.205522287293,3.6922331157269785,3.6931687777192495,3.890687660185041,6230.7692307692305,0.0009999266764150107,553.8231258344671,0.057,0.32758620689655177,1-0-1028-0,ʌ,UT_016,016,2,fave,156.45267698378726,59.95495643380906,10,up,1,0.15002400000003036,going,and,#,P,NG,P,initial
707.2360850893806,1601.1008190407797,2917.446798448195,3.946120000474481,3.0087962893219027,4.845725147702246,5692.3076923076915,0.005864867924652715,564.3858591655329,0.040999999999999995,0.33064516129032256,1-0-1064-0,ʌ,UT_016,016,2,fave,84.29400630758467,53.142516121519094,10,us,1,0.09997600000008333,on,and,#,S,N,S,initial
774.9240731802741,1448.231363704736,2987.400995586517,3.3514587298755028,3.5251519720897027,4.353598531356998,5871.794871794871,0.00012206875555929381,565.4008238344671,0.031,0.32978723404255317,1-0-1070-0,ʌ,UT_016,016,2,fave,172.73523658448636,65.6294515886818,10,up,1,0.07000699999991866,climb,on,#,P,M,P,initial
771.241921700429,1541.76379829674,2985.5765509143966,3.6855506675120737,2.868342361362464,4.690548941371164,6051.282051282051,0.00044620354071759694,572.7442595034013,0.035,0.3365384615384616,1-0-1099-1,ʌ,UT_016,016,2,fave,156.87043301364784,54.470576818391415,10,loved,1,0.08001799999999548,i,being,L,V,L,V,internal
764.7555352493713,1564.6139713040336,3398.244249785225,3.2081203452447387,3.163426455924677,4.291983606716181,6589.74358974359,0.0019874269678780516,578.7392361723355,0.085,0.3346456692913386,1-0-1113-1,ʌ,UT_016,016,2,fave,136.63225257889474,58.595500061352695,10,loved,1,0.23004200000002584,i,"",L,V,L,V,internal
877.3938346746274,1521.751225300654,2714.7399269459,3.46420946344323,2.8675090038917523,4.469325340122866,5512.820512820513,0.0005495907216617004,591.2846434965986,0.045,0.3358208955223881,1-0-1151-1,ʌ,UT_016,016,2,fave,151.09919304893424,53.84860237438047,10,fun,1,0.10998500000005151,very,place,F,N,F,N,internal
712.9296853284299,1263.1250852742476,2642.33658853859,3.481143479434632,3.5040998773211656,4.2181595318224945,5333.333333333333,0.0005873901199716174,592.3696604965986,0.055,0.33536585365853655,1-0-1155-0,ʌ,UT_016,016,2,fave,166.52440828932686,50.922072953618844,10,up,1,0.1399539999999888,grow,"",#,P,owF,P,initial
715.5117548655776,1445.7047865538298,2898.2396589172777,3.750705241276268,3.4730054940332393,4.571693748721292,5692.3076923076915,0.0005429045540610243,596.1166445034013,0.040999999999999995,0.33064516129032256,1-0-1163-0,ʌ,UT_016,016,2,fave,79.37714064829797,57.10206140661155,10,of,1,0.10003700000004301,know,"",#,V,owF,V,initial
750.1876946672876,1565.4369168241194,2925.7614553244753,3.092532058554512,3.3816485228596385,4.154387078384315,5692.3076923076915,0.0003813285696455265,600.1816411655329,0.031,0.32978723404255317,1-0-1178-1,ʌ,UT_016,016,2,fave,76.69929305235017,55.4887503922297,10,loving,1,0.07000700000003235,very,and,L,V,L,V,internal
820.0974718973736,1318.6222235420255,2791.0577357382003,3.3393041218071478,3.2927388942304794,4.808283371068837,6051.282051282051,0.00003804852343160958,606.0396261655329,0.027000000000000003,0.32142857142857145,1-0-1190-1,ʌ,UT_016,016,2,fave,255.40962149945116,59.63589684796363,10,fun,1,0.059996999999953005,was,"",F,N,F,N,internal
654.5902961680875,1752.8692459307506,2619.501725095107,3.9219932719543946,3.3209244846939545,3.940378742749593,5512.820512820513,0.001065637576798319,691.6783375034013,0.045,0.3358208955223881,1-0-1358-1,ʌ,UT_016,016,2,fave,101.99608211440501,64.64621860844302,10,young,1,0.11004600000001119,very,when,Y,NG,Y,NG,internal
541.802403421952,1613.5129549828769,2849.7201468248236,3.1764508366158952,3.7429035567339386,3.937270511488698,6051.282051282051,0.0008877222076839049,692.8363601655329,0.040999999999999995,0.33064516129032256,1-0-1363-1,ʌ,UT_016,016,2,fave,59.513849075568274,64.14540856417261,10,but,1,0.09997499999997217,went,and,B,T,B,T,internal
749.6170751697157,1537.3695890050385,2843.0351978635013,3.462681023389999,3.3605297345906227,4.282531768530228,5692.3076923076915,0.00011667455627272184,697.3593281655329,0.027000000000000003,0.32142857142857145,1-0-1379-1,ʌ,UT_016,016,2,fave,79.13932241109787,58.503075985214345,10,mother's,1,0.05999799999995048,and,side,M,DH,M,DH,internal
682.3797201857657,1642.6153702532388,3187.575595236806,3.001624803077646,3.314942243937177,4.45530384806466,6589.74358974359,0.0011060309104195007,699.1306564965986,0.061000000000000006,0.3315217391304348,1-0-1388-1,ʌ,UT_016,016,2,fave,84.67447273495311,66.66571060016905,10,but,1,0.15997300000003634,"",[bracketed],B,T,B,T,internal
838.3935155092073,1470.8958513577513,3080.4517413503036,3.7440428740177985,3.652556977754876,4.343072341352331,6051.282051282051,0.0018238410797990485,701.6526415034012,0.045,0.3358208955223881,1-0-1399-0,ʌ,UT_016,016,2,fave,484.313726739006,62.14491827722004,10,uncles,1,0.11004600000001119,and,"",#,NG,D,NG,initial
747.2406503288572,1619.329784916325,3061.157201354367,3.034034044766081,3.538349639662997,4.241065465858594,6230.7692307692305,0.00045021470277469423,703.5838431655329,0.045,0.3358208955223881,1-0-1402-1,ʌ,UT_016,016,2,fave,115.7351551580679,65.18262228240373,10,cousins,1,0.1099859999999353,and,and,K,Z,K,Z,internal
890.9927720856059,1579.5981618718652,3706.7659865085357,3.0359662956809874,3.509462159630363,5.119487042277536,6589.74358974359,0.002013375707529493,705.9368248344672,0.051000000000000004,0.3311688311688312,1-0-1410-1,ʌ,UT_016,016,2,fave,287.8149615909667,64.24857579523515,10,fun,1,0.13000499999998283,was,"",F,N,F,N,internal
778.4556400343293,1515.823667795746,3131.276175167612,3.360598227891382,3.1728770474773933,4.219517785958488,5871.794871794871,0.0001674508442335394,708.8898525034014,0.037000000000000005,0.324561403508772,1-0-1420-4,ʌ,UT_016,016,2,fave,153.33835468113224,59.624696452327406,10,grandmother,2,0.09002700000007735,my,"",M,DH,M,DH,internal
579.704605194473,1643.3695564741963,2128.7058741234932,3.6349689250687476,3.764692323071419,4.83523552869323,5512.820512820513,0.0004756865148754644,712.5748431655329,0.027000000000000003,0.32142857142857145,1-0-1432-1,ʌ,UT_016,016,2,fave,78.30947503047805,60.39821950277117,10,run,1,0.05999799999995048,always,into,R,N,R,N,internal
683.7503234666036,1713.0250226155242,3095.5834262242684,3.244610178257105,3.5814680978605953,4.383158377640558,6051.282051282051,0.0005212731575329611,713.211848165533,0.040999999999999995,0.33064516129032256,1-0-1435-0,ʌ,UT_016,016,2,fave,621.6038676595173,58.339718436284066,10,other,1,0.09997599999996964,each,and,#,DH,CH,DH,initial
683.4757993908116,1611.320429743782,2739.536166255257,3.3316940841395106,3.4079879928667447,4.699810399435494,6410.25641025641,0.0005521682925236567,716.3398474965986,0.037000000000000005,0.324561403508772,1-0-1443-1,ʌ,UT_016,016,2,fave,155.7005867842687,60.65540709387707,10,cousins,1,0.08996600000000399,your,was,K,Z,K,Z,internal
782.1548289188427,1628.198064706387,2831.013205393315,3.334182605139509,3.591991567490709,4.907630786619067,6230.7692307692305,0.0005209169271759783,717.3988625034013,0.035,0.3365384615384616,1-0-1447-1,ʌ,UT_016,016,2,fave,159.0667025503979,58.26545861526325,10,fun,1,0.080016999999998,a,thing,F,N,F,N,internal
761.7487435817168,1527.578617737771,2920.6580193788,3.324576284417694,3.214062994968427,4.478593040798926,5871.794871794871,0.0004280794347380195,726.1887351655329,0.027000000000000003,0.32142857142857145,1-0-1456-4,ʌ,UT_016,016,2,fave,79.28181176974196,59.274421744884116,10,grandmother,2,0.05999700000006669,my,she,M,DH,M,DH,internal
789.9245851420498,1372.9346862552168,3080.229904117699,3.7465837816742513,3.729084978201126,4.088713588807155,5692.3076923076915,0.0005331810970709084,730.9467574965987,0.035,0.33653846153846156,1-0-1475-5,ʌ,UT_016,016,2,fave,80.4676168163295,52.78324869763571,10,grandmother,2,0.07995599999992464,my,and,M,DH,M,DH,internal
786.061272510837,1643.8661512885953,2492.7003230243813,3.20855845783645,3.360551250897878,3.939835612206059,6410.25641025641,0.00041717209061751094,736.3327681655329,0.047,0.3263888888888889,1-0-1491-0,ʌ,UT_016,016,2,fave,82.95052688819838,61.84988090696613,10,up,1,0.11999500000001717,dinner,"",#,P,*hr,P,initial
698.7336791562304,1628.5370817258174,2858.0924401713146,3.176359053100287,3.547099383889053,4.284493570112039,6230.7692307692305,0.0003735442201306438,741.5867285034013,0.035,0.3365384615384616,1-0-1519-0,ʌ,UT_016,016,2,fave,-4274.925135315054,60.69618180945121,10,up,1,0.080016999999998,walk,at,#,P,K,P,initial
624.4640058913229,1570.0952682752684,2944.305928093182,3.7072452754871246,3.349685728686058,3.9074540026763147,6230.7692307692305,0.00970628929897865,750.0517405034013,0.065,0.3350515463917526,1-0-1552-0,ʌ,UT_016,016,2,fave,82.79762727929649,56.35205733666728,10,us,1,0.17004399999996167,give,and,#,S,V,S,initial
750.9767179676561,1547.3861940961926,2686.282439200167,3.299169040549721,3.482115504871338,4.5900011322454635,6230.7692307692305,0.000893683627077631,790.9786345034013,0.035,0.3365384615384616,1-0-1667-2,ʌ,UT_016,016,2,fave,316.7838379715733,61.97462169534649,10,trucks,1,0.08001799999999548,old,and,R,K,R,K,internal
719.7105790474839,1459.8521839625676,2959.3527600998723,3.8957004151588115,3.4316538329267585,4.059581347580166,6051.282051282051,0.00006368873921230208,792.1146381655329,0.027000000000000003,0.32142857142857145,1-0-1672-1,ʌ,UT_016,016,2,fave,162.34464424271894,61.63006249136661,10,fun,1,0.05999799999995048,so,playing,F,N,F,N,internal
627.284645414596,1391.177915940645,3354.4341364824213,3.397062873742061,3.5160464208112825,3.8559292399116374,6051.282051282051,0.00007750717266551397,800.8646381655329,0.027000000000000003,0.32142857142857145,1-0-1701-1,ʌ,UT_016,016,2,fave,89.70142031894179,62.1426879216741,10,the,1,0.05999799999995048,"",ladies,DH,#,DH,L,final
665.6473720190704,1321.5069725355308,2818.373560046325,4.01848576829956,3.398616588647064,4.078331376571737,5692.3076923076915,0.0017424373122869204,811.2016494965987,0.04100000000000001,0.3306451612903227,1-0-1740-1,ʌ,UT_016,016,2,fave,156.9975286051591,60.05449333501397,10,one,1,0.09997599999996964,the,cutting,W,N,W,N,internal
807.6554765380322,1534.881512467388,2888.1650158651564,3.4034532820942793,3.29379619984205,4.3424570087022225,6410.25641025641,0.0005165521730573774,814.1946508344671,0.047,0.3263888888888889,1-0-1751-1,ʌ,UT_016,016,2,fave,157.40812728375263,65.18407130257609,10,loved,1,0.11999600000001465,i,laying,L,V,L,V,internal
730.7178864333777,1747.0142700089216,2858.566129434463,3.462035157122478,3.49215194545795,4.156998321706017,5692.3076923076915,0.0011620785709241604,814.7966368344671,0.031,0.32978723404255317,1-0-1753-0,ʌ,UT_016,016,2,fave,1759.5689337219874,56.155358396777245,10,underneath,2,0.07000700000003235,laying,the,#,N,NG,N,initial
874.3709605831168,1534.6872683660574,3052.9196482259513,3.5425621584170375,3.4544409520136266,3.8610259485324767,6051.282051282051,0.0005984035516174084,819.5347604965987,0.055,0.33536585365853655,1-0-1766-0,ʌ,UT_016,016,2,fave,7501.781467819867,49.973637484560584,10,up,1,0.1399539999999888,and,and,#,P,D,P,initial
836.1658400480273,1542.8284202738698,3175.018678139898,3.5270433603554774,3.4598838117953923,4.060977257126837,6051.282051282051,0.0006357005890932777,820.6027618276644,0.051000000000000004,0.3311688311688312,1-0-1770-0,ʌ,UT_016,016,2,fave,163.32559500040458,50.24306978082978,10,up,1,0.12994399999990947,and,"",#,P,D,P,initial
820.5651521433965,1540.846292898972,2946.354798506062,3.6696434086017207,3.469939964954855,3.865925551102085,5692.3076923076915,0.0002487657555868386,836.3647378344671,0.035,0.3365384615384616,1-0-1822-0,ʌ,UT_016,016,2,fave,80.91536449187198,57.69395311674663,10,up,1,0.080016999999998,come,at,#,P,M,P,initial
434.0370564684053,1101.4279177628,3148.4738322991334,4.0633011107001895,3.114860766462892,4.3402628009452515,6948.717948717948,0.0033656833824975605,845.3982508344671,0.051000000000000004,0.3311688311688312,1-0-1853-2,ʌ,UT_016,016,2,fave,80.86763572126814,56.402169464485844,10,plums,1,0.13000400000009904,with,"",L,M,L,M,internal
852.9734078180626,1230.8248856687171,2999.6435356886504,3.643444648687027,3.4328194022572807,3.5637469681401783,5871.794871794871,3.1680473916747554e-6,846.7952295034013,0.025,0.33783783783783783,1-0-1858-2,ʌ,UT_016,016,2,fave,155.2106275853961,61.81199856744638,10,plums,1,0.050049000000058186,picking,with,L,M,L,M,internal
639.4835068572984,1742.0306974639639,2990.4717090853596,3.1185844967924177,3.2373374100499985,3.8963512768438915,6410.25641025641,0.00002043735326794067,857.2282598276645,0.031,0.32978723404255317,1-0-1896-1,ʌ,UT_016,016,2,fave,192.02634751816254,73.19339853514136,10,but,1,0.06994699999995646,"",she,B,T,B,T,internal
679.382249633449,1783.096225047243,2791.8785234271227,4.207342682953752,4.370328427205373,4.6690039660035705,5512.820512820513,0.039379489294916685,858.5112258344672,0.07700000000000001,0.3290598290598291,1-0-1903-4,ʌ,UT_016,016,2,fave,1382.587490166404,64.90408755842279,10,grandmother,2,0.21002199999998084,only,that,M,DH,M,DH,internal
731.5440906294416,1422.5995903870366,2904.0810389451203,3.3827031856713514,3.5044667669256824,4.458728611621169,5692.3076923076915,0.0018838358245108734,863.898677165533,0.040999999999999995,0.33064516129032256,1-0-1911-1,ʌ,UT_016,016,2,fave,NaN,61.127759105629444,10,loved,1,0.09997499999997217,i,grandma,L,V,L,V,internal
661.6013831997253,1437.8907018816178,3101.2896944659688,3.7805387556534518,3.488347891594563,4.052212619936501,6051.282051282051,0.0006218127446720985,865.1862378344672,0.027000000000000003,0.32142857142857145,1-0-1918-1,ʌ,UT_016,016,2,fave,135.56585839235495,53.689472584312774,10,fun,1,0.05999799999995048,so,"",F,N,F,N,internal
715.5937635878789,1517.8452509872516,3455.965318073816,3.0757687818363757,3.271768472639666,4.388294687332465,6589.74358974359,0.00018496327465148597,879.4294348344671,0.035,0.33653846153846156,1-0-1939-1,ʌ,UT_016,016,2,fave,141.81257055617755,62.83613410399738,10,cousins,1,0.080016999999998,like,lived,K,Z,K,Z,internal
754.2351593879636,1284.4995443791781,2792.05988397456,2.7751773738663514,3.255376973767713,4.176319875786796,5692.3076923076915,0.00006194060027585251,886.2024434965987,0.04100000000000001,0.3306451612903227,1-0-1963-1,ʌ,UT_016,016,2,fave,163.7725315904362,68.25487015962332,10,one,1,0.09997499999997217,my,aunt,W,N,W,N,internal
804.8326424769883,1620.1522660537319,3117.1970458917863,3.3434671194023204,3.2367763389369575,3.6155205362283107,6051.282051282051,0.00019384052740574828,890.5504298344671,0.037,0.32456140350877194,1-0-1972-2,ʌ,UT_016,016,2,fave,157.2383848156747,57.03454594664364,10,another,1,0.09002700000007735,"",uncle,N,DH,N,DH,internal
805.141456126956,1449.375507709525,3194.3556742828127,3.9217772010080765,4.132008322865637,4.482464323685829,6051.282051282051,0.0013770071332898839,890.8454731655329,0.027000000000000003,0.32142857142857145,1-0-1973-0,ʌ,UT_016,016,2,fave,-1397.9725487596995,54.245577335001826,10,uncle,1,0.05999799999995048,another,lived,#,NG,*hr,NG,initial
732.581789103432,1567.674439299332,2899.460457173832,3.0905280115889893,3.5266517139083855,4.317045598407616,5871.794871794871,0.00016753608458976488,938.7069295034014,0.037000000000000005,0.324561403508772,1-0-2062-1,ʌ,UT_016,016,2,fave,76.670844214035,56.00732139853932,10,love,1,0.09002699999996366,i,reading,L,V,L,V,internal
733.2835333100086,1641.9277121388786,2994.3356443071475,3.1535333719558065,3.5712613701128135,4.1595798286772725,6051.282051282051,0.0001849901377716966,939.535940834467,0.035,0.33653846153846156,1-0-2066-1,ʌ,UT_016,016,2,fave,156.14737044599283,55.32958936555171,10,love,1,0.08001799999999548,i,puzzles,L,V,L,V,internal
692.0282353073342,1605.0388466251857,3045.7359457161897,3.175336939663944,3.6029424224285926,4.681026647254697,6051.282051282051,0.0004231729333192597,939.8159594965987,0.035,0.33653846153846156,1-0-2067-1,ʌ,UT_016,016,2,fave,131.5849946100972,54.98515012155638,10,puzzles,1,0.07995599999992464,love,"",P,Z,P,Z,internal
697.770970250671,1621.6513993640547,2847.1846598058637,2.707310295065577,3.3677514978303273,4.030538384749889,5692.3076923076915,0.0009076097707050498,960.3979358344671,0.07100000000000001,0.3317757009345795,1-0-2106-1,ʌ,UT_016,016,2,fave,221.78093285020557,68.20318691430727,10,but,1,0.19000200000004952,[bracketed],because,B,T,B,T,internal
710.4049131912841,1627.4840003674242,2974.7806623715496,2.4744035132307283,3.424990126510634,4.054578262103776,5871.794871794871,0.005048409605096048,980.709454834467,0.055,0.3353658536585366,1-0-2165-1,ʌ,UT_016,016,2,fave,175.31644839808516,66.02605290745188,10,but,1,0.1400140000000647,and,[bracketed],B,T,B,T,internal
713.8228057263527,1516.1301893041095,2983.504180844607,3.1630598665071634,3.4051742222562824,3.6231518805249596,6051.282051282051,0.0001305104103562463,983.0974618276645,0.031,0.32978723404255317,1-0-2175-1,ʌ,UT_016,016,2,fave,130.68736959375414,51.89561915512824,10,love,1,0.06994599999995899,i,"",L,V,L,V,internal
732.0401404197523,1612.3221433847561,2993.913882069172,3.101000659575646,3.267796634833354,4.008215441306019,5692.3076923076915,0.00017132203252521235,989.0211181655329,0.031,0.32978723404255317,1-0-2200-0,ʌ,UT_016,016,2,fave,NaN,58.68446906605629,10,understand,2,0.07000700000003235,and,children,#,N,D,N,initial
395.6777889451214,2156.5352437584593,2896.64751216783,3.8461915061859937,4.373926961538613,4.2033988114004,6589.74358974359,0.0028187286519551374,992.9341464965986,0.037000000000000005,0.324561403508772,1-0-2211-0,ʌ,UT_016,016,2,fave,138.81419577683718,51.482202516819456,10,understand,2,0.08996600000000399,me,the,#,N,iyF,N,initial
635.1632060867507,1233.4488437661419,2754.5385375856877,3.399087098670876,3.5021478273299103,4.295238082642078,6230.7692307692305,0.0003449888073225781,1023.7944398344671,0.031,0.32978723404255317,1-0-2239-2,ʌ,UT_016,016,2,fave,164.83974738107568,74.7957145699269,10,one,1,0.07000700000003235,"",year,W,N,W,N,internal
547.8135846369556,1246.6803351335118,2856.075865270848,3.708481553781496,3.5458085048046883,4.69952377250364,6410.25641025641,0.0009740338890332153,1027.1524361723357,0.027000000000000003,0.32142857142857145,1-0-2248-2,ʌ,UT_016,016,2,fave,88.99610583664928,68.57447947425335,10,one,1,0.06005800000002637,"",year,W,N,W,N,internal
635.4309695511963,1595.299346638977,2987.66808865836,3.4725068798928396,3.257428237521003,3.6953782677107436,6051.282051282051,0.0002183360844934789,1031.1094921655329,0.040999999999999995,0.33064516129032256,1-0-2263-1,ʌ,UT_016,016,2,fave,104.48800578229822,55.57106678988001,10,but,1,0.09997599999996964,"",[bracketed],B,T,B,T,internal
675.4310773402613,1323.5809074911786,3006.3330504741343,3.566042131335104,3.5651451917521784,4.023153593837208,6051.282051282051,0.00047187661908215054,1080.1153974965987,0.035,0.33653846153846156,1-0-2340-1,ʌ,UT_016,016,2,fave,77.30922591281484,63.732272534519375,10,the,1,0.07995600000003833,just,light,DH,#,DH,L,final
753.5897743044223,1503.9231810442109,3000.2623256368515,3.531742157712775,3.6604254008718127,4.330786934512354,6051.282051282051,0.0006785307667965022,1083.4253371723357,0.075,0.3348214285714286,1-0-2357-1,ʌ,UT_016,016,2,fave,153.78640460714206,59.115281804861695,10,love,1,0.20007299999997485,just,"",L,V,L,V,internal
584.713533536575,1271.6467827676802,2530.833583838909,3.263219528379804,3.3620974376654686,4.223930146926245,5512.820512820513,0.00044889616712644046,1107.6527271723355,0.031,0.32978723404255317,1-0-2373-1,ʌ,UT_016,016,2,fave,81.6223563576634,60.62006217117462,10,one,1,0.07006799999999203,think,of,W,N,W,N,internal
818.3433904793764,1657.8297015552705,2870.6539178606718,3.1937973000598046,3.340513815231375,3.9580556723660885,5692.3076923076915,0.0001615275297178421,1109.7757278412698,0.037000000000000005,0.324561403508772,1-0-2381-0,ʌ,UT_016,016,2,fave,249.290130359017,64.31070679900787,10,understanding,2,0.09008800000015071,"",them,#,N,"",N,initial
715.1936433604637,1403.1691436030203,3114.854821895622,3.293950686265871,3.8078825885294965,4.0013311631704545,6410.25641025641,0.00040032745831293103,1116.9257315034013,0.057,0.32758620689655177,1-0-2397-2,ʌ,UT_016,016,2,fave,146.8313060237674,64.40379208878332,10,adult,1,0.15002400000003036,as,we,D,L,D,L,internal
664.8702666147736,1548.183442300199,3112.701552251512,3.2205386551559174,3.725978620808404,3.8618801054608602,5871.794871794871,0.007290456204284297,1123.11776615873,0.061000000000000006,0.3315217391304348,1-0-2414-0,ʌ,UT_016,016,2,fave,276.91469118811017,55.53081505035074,10,of,1,0.15991200000007666,schema,understanding,#,V,@,V,initial
696.554982567494,1467.374844325755,2783.315799947477,3.160233289943574,3.438904710655404,4.163931554041722,5871.794871794871,0.0010837118376834374,1123.337764165533,0.04100000000000001,0.3306451612903227,1-0-2415-0,ʌ,UT_016,016,2,fave,NaN,57.18224262509364,10,understanding,2,0.09997499999985848,of,"",#,N,V,N,initial
710.4410314668216,1315.5466126126182,2747.5685215026137,3.7594640141627087,3.9202715885852335,4.396355577366658,6410.25641025641,0.001007362993968956,1137.1617381655328,0.040999999999999995,0.33064516129032256,1-0-2461-2,ʌ,UT_016,016,2,fave,146.30782727190626,56.74196255904548,10,adult,1,0.09997599999996964,an,we've,D,L,D,L,internal
648.6585080517934,1634.181965128592,2833.796312569176,2.4436674568380408,3.11484945903331,3.875368633651346,5871.794871794871,0.0001050909828866448,1141.6797524965984,0.037000000000000005,0.324561403508772,1-0-2479-1,ʌ,UT_016,016,2,fave,202.08351762099574,68.99324509150814,10,but,1,0.08996600000000399,"",for,B,T,B,T,internal
740.4369477331865,1543.2091588187457,2930.827001188709,3.3189241627402106,3.870162984547327,3.9666722325127597,6051.282051282051,0.00016320671224379264,1143.7247958276644,0.027000000000000003,0.32142857142857145,1-0-2486-1,ʌ,UT_016,016,2,fave,120.85931962380151,64.50645510438359,10,some,1,0.05993599999987964,"",of,S,M,S,M,internal
620.6248873172779,1349.5497119002616,3158.5756375025717,3.3431957777592807,4.045226359074019,4.160984601415967,6410.25641025641,0.0035431316385626022,1146.5047311723356,0.027000000000000003,0.32142857142857145,1-0-2497-1,ʌ,UT_016,016,2,fave,81.78642972364777,66.37538937888837,10,the,1,0.06005800000002637,"",letter,DH,#,DH,L,final
755.4158305367868,1565.8046635833978,2779.466545240986,3.352767709595547,3.197863138783436,3.837218022257017,6410.25641025641,0.000060648112707337515,1180.4155851587302,0.027000000000000003,0.32142857142857145,1-0-2564-0,ʌ,UT_016,016,2,fave,79.22292557833651,68.12925262546382,10,understand,2,0.0599369999999908,to,and,#,N,@,N,initial
759.7431940669217,1458.9732252713472,2842.8056918127113,3.7782421332941842,3.508116436886873,3.51630654244404,6410.25641025641,0.00007806964149298757,1201.2954458276645,0.035,0.33653846153846156,1-0-2621-0,ʌ,UT_016,016,2,fave,147.28844939707292,60.7887341557675,10,understand,2,0.07995600000003833,them,and,#,N,M,N,initial
647.6948671712273,1654.1050272346993,3014.6822127799255,3.224732640622412,2.989573624222164,3.7719588861029023,6051.282051282051,0.0002859151073272902,1205.0654648276643,0.035,0.3365384615384616,1-0-2630-1,ʌ,UT_016,016,2,fave,-55399.21989825383,61.81319345500868,10,doesn't,1,0.07995700000014949,child,have,D,Z,D,Z,internal
661.9030813356206,1379.2211059233714,3022.196321492895,3.6641016784746396,3.882495798385863,4.8267039517532835,6230.7692307692305,0.0005167251751047266,1208.0204541723353,0.025,0.33783783783783783,1-0-2638-2,ʌ,UT_016,016,2,fave,NaN,58.2117202103602,10,adults,1,0.05004900000017187,as,we,D,L,D,L,internal
749.9712911027439,1617.14011228058,2919.22074513067,3.859109696176797,3.7487282250116545,4.006388954730361,6589.74358974359,0.0006726933251267402,1229.344548165533,0.047,0.3263888888888889,1-0-2704-1,ʌ,UT_016,016,2,fave,149.39223654450174,64.20498543505411,10,jump,1,0.11999500000001717,can't,from,JH,M,JH,M,internal
729.3729854319372,1511.8389264732534,2384.9776421512684,3.912795946049536,4.101451119429445,4.153052423680102,6410.25641025641,0.002999946473216952,1229.7435721655331,0.045,0.3358208955223881,1-0-2705-2,ʌ,UT_016,016,2,fave,127.90533888013206,57.93002995501553,10,from,1,0.1099859999999353,jump,"",R,M,R,M,internal
820.054372248713,1564.0399240283054,2793.3209227067623,3.740309573504919,3.4597499704117403,4.032781169637878,6410.25641025641,0.0007782322779063937,1231.8145451723356,0.027000000000000003,0.32142857142857145,1-0-2711-1,ʌ,UT_016,016,2,fave,79.66687816333159,61.52256922168609,10,hundred,1,0.06005900000013753,a,"",HH,N,HH,N,internal
731.7527193525946,1471.5017347733037,2777.888890555423,3.801511880828793,3.4039745406520705,3.760723284938526,6051.282051282051,0.0019526246141679598,1236.8996004965986,0.037,0.32456140350877194,1-0-2725-0,ʌ,UT_016,016,2,fave,NaN,57.16179154540844,10,understand,2,0.08996600000000399,them,that,#,N,M,N,initial
742.4322678065304,1487.632524310103,2885.97218554243,3.2116923318575625,3.531604078655191,4.4148383778226625,6769.2307692307695,0.00048686222075229027,1379.635662165533,0.045,0.3358208955223881,1-0-2921-1,ʌ,UT_016,016,2,fave,90.82984557210338,70.58908377172486,10,lovely,1,0.10998500000005151,had,buttons,L,V,L,V,internal
785.8101858021427,1533.7999194960735,2721.922247639666,3.24193674672171,3.3891342234276904,4.327062763436597,6230.7692307692305,0.0007079853896641457,1380.1616854965985,0.037000000000000005,0.324561403508772,1-0-2922-1,ʌ,UT_016,016,2,fave,88.62043197712106,62.33183043257214,10,buttons,1,0.08996600000000399,lovely,of,B,T,B,T,internal
595.1567018590999,1323.4630026722807,2367.0109073649364,3.1053234336655002,3.40178248440696,4.292773455246162,5512.820512820513,0.0003621240346735174,1410.92543784127,0.031,0.32978723404255317,1-0-3005-1,ʌ,UT_016,016,2,fave,94.35270746655893,68.68645383846675,10,the,1,0.07006799999999203,"",water,DH,#,DH,W,final
762.6809589296874,1454.9666076389371,2933.1067684011714,2.7975681469459093,3.3059601053152976,4.213423438748174,6051.282051282051,0.00007644140586127289,1429.3313404965988,0.035,0.33653846153846156,1-0-3056-0,ʌ,UT_016,016,2,fave,223.05394803167954,61.04488684687782,10,under,1,0.07995600000003833,"",the,#,N,"",N,initial
736.2584346339376,1604.6663972953952,3360.181901424145,2.882278497310432,3.6137556422479244,4.516374445103676,6230.7692307692305,0.0011156274487593757,1433.5504385102042,0.040999999999999995,0.33064516129032256,1-0-3066-0,ʌ,UT_016,016,2,fave,197.05030278427466,60.59669647294556,10,udder,1,0.100097999999889,"",daily,#,D,"",D,initial
815.2740954090051,1371.7189275591602,2368.759871212812,3.791939454785471,3.860325188284119,3.8630221557142845,6051.282051282051,0.00006655831528627724,1456.0660288276642,0.031,0.32978723404255317,1-0-3124-2,ʌ,UT_016,016,2,fave,147.79400881088694,61.3287000588483,10,trunk,1,0.06994600000007267,the,"",R,NG,R,NG,internal
735.2767890979926,1520.0763872001107,3186.030007104236,2.9858659316859413,3.8150960346798333,4.037710715392706,6410.25641025641,0.00023277068258835428,1458.148142834467,0.047,0.3263888888888889,1-0-3128-1,ʌ,UT_016,016,2,fave,181.59546358919985,65.45852217185772,10,lunch,1,0.11999500000001717,school,came,L,N,L,N,internal
590.0903967598088,1730.7407023162882,2562.967840466766,3.8119818826551666,3.323295535784439,4.504503909648686,6589.74358974359,0.0002047196984980404,1503.6168791587302,0.027000000000000003,0.32142857142857145,1-0-3250-2,ʌ,UT_016,016,2,fave,85.7177700102382,62.45013106593851,10,from,1,0.0599369999999908,fiddle,"",R,M,R,M,internal
727.8653053682715,1582.9467901723654,2845.6240632876356,2.9455765006366743,3.1876673226541166,4.195741196992295,6051.282051282051,0.00024345735075255134,1506.41183584127,0.037000000000000005,0.324561403508772,1-0-3259-1,ʌ,UT_016,016,2,fave,161.685160665202,62.912913862370765,10,butter,1,0.09008799999992334,and,with,B,T,B,T,internal
434.395191369234,1633.5896486815936,3160.278879038746,3.960719769815948,4.406225213317755,4.520263455052079,6589.74358974359,0.008412423038746435,1523.847896834467,0.051000000000000004,0.3311688311688312,1-0-3274-0,ʌ,UT_016,016,2,fave,186.4820147491654,53.26518117656019,10,uh,1,0.13000400000009904,"","",#,#,"","",coextensive
304.8495020932191,918.7770645017052,1493.2683625249736,3.383507791087333,3.657188931400622,4.329930792043905,5333.333333333333,0.000445391639180408,1524.0898854965988,0.035,0.3365384615384616,1-0-3276-1,ʌ,UT_016,016,2,fave,291.34574896771187,58.24660752795906,10,huh,1,0.07995600000003833,"","",HH,#,HH,"",final
471.96619219483864,2425.706150568361,3158.6825589233304,3.226119585085949,3.733701654710723,4.839458867182415,6589.74358974359,0.0009072364441606292,68.51515083446712,0.035,0.33653846153846156,1-0-9-4,i,UT_016,016,2,fave,226.8071454097056,57.261659879771486,10,huntington,0,0.08000199999999325,"","",T,NG,T,NG,internal
491.7901148571624,1976.7126421403832,2757.3976291298923,2.7068108850935313,3.4771830858981927,4.6051165333856385,6051.282051282051,8.096325027919879e-6,107.87234883446712,0.025,0.33783783783783783,1-0-80-1,i,UT_016,016,2,fave,246.96030460586067,59.85718699665049,10,did,1,0.050003000000003794,long,we,D,D,D,D,internal
601.0322034848767,1734.1106921769479,2954.323133798748,3.538778410868053,3.6954250660758685,4.117875288745494,6051.282051282051,0.00038051787673206827,108.16534416553287,0.031,0.32978723404255317,1-0-82-1,i,UT_016,016,2,fave,NaN,43.72274346531126,10,live,1,0.06999999999999318,we,in,L,V,L,V,internal
461.54877501884505,2050.4792421879483,2816.1317471650577,2.7710956601765036,3.587395566323199,4.114070992378363,6230.7692307692305,0.00010834493201196276,133.7895511655329,0.031,0.32978723404255317,1-0-108-1,i,UT_016,016,2,fave,81.82836616761355,53.20875570960101,10,get,1,0.06999199999998496,"",ready,G,T,G,T,internal
335.4374636328906,2371.042005527467,2896.207250397527,3.195220806482014,4.078925883602531,3.927389124796184,6230.7692307692305,0.005123961354155753,139.38595783446712,0.045,0.3358208955223881,1-0-127-0,i,UT_016,016,2,fave,180.00027733491152,45.342428179384584,10,in,1,0.11000100000001112,elementary,kaysville,#,N,iyF,N,initial
589.86945753268,1598.2721920144925,2985.006427541653,3.1303197751114102,2.88763336826178,4.077002369131189,6230.7692307692305,0.00005016543111680076,145.41424416553286,0.027000000000000003,0.32142857142857145,1-0-142-1,i,UT_016,016,2,fave,181.22878642009533,55.92595028482752,10,little,1,0.05999800000000732,my,<unk>,L,T,L,T,internal
473.9488837771304,2034.878390061397,2952.0272845953386,3.1906762769285435,3.7955842782975244,3.7566137034957947,5692.3076923076915,0.00008608908044775203,155.61424683446714,0.027000000000000003,0.32142857142857145,1-0-166-0,i,UT_016,016,2,fave,NaN,54.94201493231475,10,if,1,0.060012999999997874,"",i'm,#,F,"",F,initial
483.2411224530755,1838.793348534985,2991.3235918200166,3.0912885610740606,3.2845351465193104,4.423306017111359,6230.7692307692305,0.0003422446611250359,173.4892531655329,0.04100000000000001,0.3306451612903227,1-0-176-0,i,UT_016,016,2,fave,86.9707729642877,55.64728406105538,10,is,0,0.09999100000001704,accomplishment,that,#,Z,T,Z,initial
466.5089353814443,2069.5321803930974,2524.17976947411,3.0826423776836998,3.9262800199781145,5.012398175383319,6589.74358974359,0.0015650481383406912,178.75724716553287,0.057,0.3275862068965517,1-0-197-2,i,UT_016,016,2,fave,157.27862239822323,53.82075665155354,10,bring,1,0.1499939999999924,to,"",R,NG,R,NG,internal
532.738243119457,1991.735802779651,2784.192624090803,3.2646583235135935,3.6587976752526234,4.261947232025722,6230.7692307692305,0.00011174863209593622,179.8462531655329,0.035,0.3365384615384616,1-0-200-1,i,UT_016,016,2,fave,105.89189989121348,53.7104243401071,10,kids,1,0.07998699999998848,four,to,K,D,K,D,internal
536.3144436737515,1548.0450646242293,3111.3354809052985,3.122898621222166,3.7319238024543564,4.74526709372796,6051.282051282051,0.00016500582429571504,180.2442471655329,0.031,0.32978723404255317,1-0-202-1,i,UT_016,016,2,fave,185.30184954679248,53.11960197663011,10,this,0,0.06999200000001338,to,earth,DH,S,DH,S,internal
378.5481449661829,1909.4783979830593,2960.1186694438147,2.518283830395872,3.8483825613905474,3.3315887392243932,6051.282051282051,4.385754711109964e-6,182.74124716553288,0.025,0.33783783783783783,1-0-208-3,i,UT_016,016,2,fave,185.47350451918354,52.48459247540791,10,finishing,0,0.050003000000003794,[bracketed],my,N,SH,N,SH,internal
488.2159525860187,1825.4361549770072,2953.345721309959,3.145429966945116,3.481928809068909,4.018754962111027,6230.7692307692305,0.00011026083660523839,184.7042541655329,0.031,0.32978723404255317,1-0-216-2,i,UT_016,016,2,fave,79.96693271458217,53.24027706928491,10,still,1,0.06999200000001338,was,raising,T,L,T,L,internal
539.4579814961224,1753.4709525917826,2490.813398580195,3.0644697681525495,3.9494960723136217,4.398077797990235,5692.3076923076915,0.0001991373649474729,192.2053541655329,0.035,0.3365384615384616,1-0-225-4,i,UT_016,016,2,fave,176.43546059024862,58.42287033412202,10,juggling,0,0.07998599999999101,a,act,L,NG,L,NG,internal
562.6989474684519,1673.1223746825278,3040.8098007545127,3.4505143242046086,3.5924802699692258,4.384493156448807,6230.7692307692305,5.490983206891944e-6,195.6103421655329,0.025,0.33783783783783783,1-0-234-1,i,UT_016,016,2,fave,171.8333337353386,59.74523878287957,10,children,1,0.05000299999997537,four,my,CH,L,CH,L,internal
444.6512636980236,1753.1052281270404,2987.52360978422,3.004657745199428,3.657961564600161,4.210709692694693,5871.794871794871,0.0002160035876145053,196.75134783446714,0.027000000000000003,0.32142857142857145,1-0-238-0,i,UT_016,016,2,fave,166.86555329052013,55.62814811084301,10,in,0,0.0600120000000004,was,first,#,N,Z,N,initial
680.014990822612,1847.8791161393356,2552.404468979424,3.828544878833916,4.27494428867457,4.195846336559265,6051.282051282051,0.00018918306080276676,200.5611421655329,0.031,0.32978723404255317,1-0-247-3,i,UT_016,016,2,fave,156.85143387249067,59.25687137647785,10,trying,0,0.0700069999999755,was,to,ay,NG,ay,NG,internal
556.6817313170704,1800.0222809852933,2877.288830498496,3.28173166754255,3.2933327424346093,3.7404942490565665,6051.282051282051,0.0005690640092668145,202.9631568344671,0.035,0.33653846153846156,1-0-255-8,i,UT_016,016,2,fave,513.8419027577726,51.93013326660432,10,accelerated,0,0.08000200000000746,an,pace,T,D,T,D,internal
527.1364953051484,1929.4023445030857,2885.283332552876,3.2895928980161964,3.342979369810676,3.6882427413534473,6230.7692307692305,0.0003624804414836123,213.93415216553288,0.037,0.32456140350877194,1-0-291-0,i,UT_016,016,2,fave,158.60481244686855,58.5085107023171,10,it,1,0.08999700000001098,"",was,#,T,"",T,initial
471.4128031135263,1715.1243548412701,2693.676774265382,2.4588103405530664,3.7611606396065698,3.7687410053960786,6230.7692307692305,0.000030179619971259033,215.3111421655329,0.031,0.32978723404255317,1-0-299-1,i,UT_016,016,2,fave,158.00100308836772,59.782998304440504,10,with,0,0.0700069999999755,"",university,W,TH,W,TH,internal
366.462938142779,2242.8171425352657,2853.3044446908716,3.0636951107041264,3.5844530580749128,3.7648440675132666,6230.7692307692305,0.00009618377469215912,216.5091441655329,0.047,0.3263888888888889,1-0-302-3,i,UT_016,016,2,fave,174.02475825772,57.08908735088524,10,phoenix,0,0.11999499999998875,of,"",N,K,N,K,internal
390.09269300218233,1599.132365348202,2791.384690709772,3.1873171320564757,3.7607332549256918,4.377588517629819,6051.282051282051,0.0007159011954486353,240.87664783446715,0.037,0.32456140350877194,1-0-362-5,i,UT_016,016,2,fave,80.25245141581588,53.35053093626775,10,activities,0,0.09001099999997564,"",with,V,T,V,T,internal
521.4047413141208,2120.2642395032835,2907.8212834917363,3.113722396204695,3.653913885240045,3.925724051898589,6410.25641025641,0.000611880830525676,241.66065183446713,0.065,0.33505154639175255,1-0-365-1,i,UT_016,016,2,fave,126.11831483169681,55.685644675540686,10,kids,1,0.16999799999999254,the,"",K,D,K,D,internal
505.8900478313493,1878.187761766761,3118.641872434555,3.3451228289299793,3.8026618244978616,4.465135171614711,6230.7692307692305,0.0006981382698294637,243.5556558344671,0.035,0.33653846153846156,1-0-369-1,i,UT_016,016,2,fave,87.71237112368739,59.41567043667551,10,kids,1,0.08000200000000746,you,while,K,D,K,D,internal
341.6960780187998,1796.4804314022406,2891.4231472890488,3.4484917455601285,4.220599658187531,4.164469790111436,6410.25641025641,0.00002687545797026298,255.52775183446713,0.025,0.33783783783783783,1-0-407-3,i,UT_016,016,2,fave,173.12696190003098,50.943357455838886,10,permission,1,0.050003000000003794,special,to,M,SH,M,SH,internal
368.44952764198945,1640.2509253424698,2835.4319460577635,3.721363538282507,4.331477208246085,3.853390984665782,6410.25641025641,0.00032078554692962065,258.8927471655329,0.035,0.3365384615384616,1-0-418-2,i,UT_016,016,2,fave,160.15081074656115,58.37638322643896,10,doing,0,0.0799870000000169,was,that,Tuw,NG,Tuw,NG,internal
530.2049319632862,1675.8049361121234,2874.974698041289,3.9415902534473255,3.5559414606037976,4.365820114669786,5512.820512820513,0.00033279433635658427,281.2477378344671,0.025,0.33783783783783783,1-0-483-1,i,UT_016,016,2,fave,561.2365573367244,37.28300140742304,10,just,0,0.05001900000002024,was,getting,JH,S,JH,S,internal
400.9195252837468,1764.9384621599518,2973.0386704763896,3.118760791096644,3.7074263431178727,4.451098529468723,6230.7692307692305,0.000601532071542286,331.91305516553285,0.031,0.32978723404255317,1-0-541-1,i,UT_016,016,2,fave,448.66051799555044,56.81643526229735,10,just,0,0.0699769999999944,i,was,JH,S,JH,S,internal
371.7800128322265,1695.841508707026,3217.9489085830905,3.6862409613315585,3.3113338429569747,4.3761303638326865,6948.717948717948,0.0013234784643441889,336.8937528344671,0.037,0.32456140350877194,1-0-562-0,i,UT_016,016,2,fave,78.34649858713688,58.8624924297442,10,it,1,0.08999599999998509,and,finally,#,T,D,T,initial
447.22053277613287,1823.1160342903918,2924.876871755981,4.034058380818988,3.8383368473717843,4.347293529227466,5871.794871794871,0.0029710326990494244,339.7577478344671,0.025,0.33783783783783783,1-0-569-0,i,UT_016,016,2,fave,NaN,54.74558038773225,10,it,1,0.05001799999996592,"",wasn't,#,#,"",W,coextensive
547.7912426326818,1878.6063937833894,2853.4512210607163,3.215278512241396,3.741274985035519,4.318071389013507,6230.7692307692305,0.00008481124225342592,340.2177398344671,0.025,0.33783783783783783,1-0-571-0,i,UT_016,016,2,fave,149.59908230290438,67.88510024798387,10,it,0,0.05001799999996592,wasn't,wasn't,#,#,T,W,coextensive
442.6812288538039,2417.0411903181257,2855.1220686770534,3.0890214213552585,3.8388743626663424,4.085700497433543,6230.7692307692305,0.000944508519307053,342.05274683446714,0.055,0.33536585365853655,1-0-578-0,i,UT_016,016,2,fave,165.4349835618417,57.132932813963336,10,it,1,0.14001500000000533,"",was,#,T,"",T,initial
540.5141558919729,2046.6801108997893,2921.8139497592474,3.574305300147106,3.8328591130885994,4.461622886152352,6230.7692307692305,0.0005010656552642077,361.8787581655329,0.047,0.3263888888888889,1-0-612-1,i,UT_016,016,2,fave,188.40058146785952,64.95834860950274,10,thing,1,0.11999500000001717,one,that,TH,NG,TH,NG,internal
455.506012262839,1576.8587257072406,3112.7497117443695,3.277237785651105,3.8835594447086774,4.550021777241522,6051.282051282051,0.000586224291319425,362.31075449659863,0.031,0.32978723404255317,1-0-614-0,i,UT_016,016,2,fave,174.7371453801826,59.612510844193224,10,is,0,0.0699769999999944,that,my,#,Z,T,Z,initial
511.6335559285069,1385.9707240037221,2921.9039935808796,3.3737659407578455,3.8299534456423583,4.413421596438652,5692.3076923076915,0.0019673157918102266,363.0737401655329,0.037,0.32456140350877194,1-0-616-5,i,UT_016,016,2,fave,150.07212628882277,52.53753782175203,10,nemesis,0,0.08999599999998509,my,"",S,S,S,S,internal
376.48004504062084,2332.0802711213164,2882.257315259243,2.7100468890449427,4.085546271571781,4.527901533865292,6948.717948717948,0.00007688710867702933,374.2931351655329,0.027000000000000003,0.32142857142857145,1-0-629-1,i,UT_016,016,2,fave,174.38695745583576,65.57893355105622,10,because,0,0.05999800000000732,"","",B,K,B,K,internal
507.10933905440675,1377.785166684292,2837.033660159496,3.4691709114481215,3.9506905162291757,4.071084791499034,6230.7692307692305,0.000060970581448998847,382.7996488344671,0.025,0.33783783783783783,1-0-651-1,i,UT_016,016,2,fave,152.10707881395533,70.05181958739404,10,with,0,0.05001799999996592,"",mom,W,TH,W,TH,internal
452.71073485993816,1727.2922219370414,3293.9991071870795,3.200600694929902,3.449521459970247,4.003465242435526,6230.7692307692305,0.00019471157933836003,390.8846544965986,0.035,0.33653846153846156,1-0-680-2,i,UT_016,016,2,fave,166.25429699846637,47.446153124651914,10,edges,0,0.07998599999996259,the,"",JH,Z,JH,Z,internal
522.4661561619538,1605.2649000058896,2968.9467641414817,3.3007775346249244,3.4824272465300607,4.8190781621397205,7487.179487179487,0.0001910218736986084,402.7608481655329,0.027000000000000003,0.32142857142857145,1-0-715-1,i,UT_016,016,2,fave,114.19273351181417,55.801069965918614,10,really,1,0.05999700000000985,i,like,R,L,R,L,internal
493.46235592357834,1629.1152922810047,2679.9945251682716,3.208800697154303,3.0283550054697987,4.539084739998769,5692.3076923076915,0.0009054862718070262,412.34796116553287,0.031,0.32978723404255317,1-0-723-1,i,UT_016,016,2,fave,80.88101768188362,62.966616496042064,10,just,0,0.0699769999999944,no,the,JH,S,JH,S,internal
429.34915501295643,2185.0080133207452,2953.338629661088,2.8935396478302993,3.9895244568871897,4.496844238526036,6410.25641025641,0.0004354809205633908,440.28564983446716,0.031,0.32978723404255317,1-0-734-1,i,UT_016,016,2,fave,85.88958207003503,63.31641040324522,10,because,0,0.07000799999997298,one,each,B,K,B,K,internal
431.07829753094984,1571.9716302331112,2909.8463580053226,3.0346366793622557,3.8517461691405113,4.378584118685598,5871.794871794871,0.00003245596745539492,442.2726408344671,0.025,0.33783783783783783,1-0-740-4,i,UT_016,016,2,fave,81.07576560758856,55.565835659340436,10,places,0,0.050018000000022766,"",that,S,Z,S,Z,internal
626.3221208848311,1619.995376072903,2887.370186132236,3.5400425446639727,3.0218911191945774,4.054557857521752,6230.7692307692305,0.00011586660442364231,442.75865183446706,0.037000000000000005,0.324561403508772,1-0-743-1,i,UT_016,016,2,fave,153.30069454954085,58.682838157149554,10,lived,1,0.08999600000004193,i've,in,L,V,L,V,internal
476.54756969618114,1989.0466965074886,2937.3046721825444,3.222634515255571,3.639588125681265,3.989663913568399,6230.7692307692305,0.00016765587586125907,442.9776471655329,0.035,0.3365384615384616,1-0-744-0,i,UT_016,016,2,fave,90.08593218212658,57.82338461762318,10,in,0,0.07998600000001943,lived,utah,#,N,D,N,initial
354.9540891903351,2393.854813082061,2823.126725135773,3.2084152030227893,4.501264140302989,4.167053124047496,6051.282051282051,0.009563875099821826,452.2108621655329,0.035,0.3365384615384616,1-0-773-2,i,UT_016,016,2,fave,75.69379601627095,55.26402196975655,10,being,0,0.0799870000000169,was,raised,iy,NG,iy,NG,internal
340.64299511136244,2221.1924267005024,2989.11794114471,3.3592752529337204,4.243209973401938,3.791918582889006,6051.282051282051,0.000026281203665074336,453.1458398344671,0.025,0.33783783783783783,1-0-776-4,i,UT_016,016,2,fave,153.51293276451585,57.52594539450695,10,huntington,0,0.050018000000022766,in,utah,T,NG,T,NG,internal
373.2112796114397,2282.4387995884445,3585.4872543695055,2.2302398462591224,3.9256105113151154,4.849956705013867,6769.2307692307695,0.0001761202493106698,456.8268571655329,0.027000000000000003,0.32142857142857145,1-0-781-1,i,UT_016,016,2,fave,176.20004481728492,72.53178740434096,10,because,0,0.05999800000000732,"",of,B,K,B,K,internal
416.8826359057755,1717.610946105034,3111.6794432541496,3.447567083219435,3.535085643803566,4.564553975911354,6051.282051282051,0.00005467709690945085,457.43585450340134,0.025,0.33783783783783783,1-0-784-1,i,UT_016,016,2,fave,76.55158027590748,60.61321483664325,10,simplicity,0,0.050018000000022766,the,of,S,M,S,M,internal
410.0301208026374,2116.4273692098195,2968.6252753164213,3.425757928743426,3.604600973508647,3.6311811159745533,6769.2307692307695,7.5126480518859785e-6,459.92583883446713,0.025,0.33783783783783783,1-0-791-4,i,UT_016,016,2,fave,179.77851807471956,72.12621566261369,10,huntington,0,0.05001799999996592,and,was,T,NG,T,NG,internal
489.61678426702287,1971.7104795007895,2536.5029655957323,2.888111108750749,3.2447505989583743,3.812613562258304,6589.74358974359,0.00010546453321404089,460.8508461655329,0.035,0.3365384615384616,1-0-795-1,i,UT_016,016,2,fave,78.26454785758153,65.85445672097933,10,different,1,0.0799870000000169,very,place,D,F,D,F,internal
368.5782838674432,1858.1790128374912,2993.5989297164087,3.9507845408483093,3.315021801785523,3.3894624197291137,6230.7692307692305,0.0010132758632342876,461.74586116553286,0.045,0.3358208955223881,1-0-798-0,i,UT_016,016,2,fave,157.49777199796844,57.76904508352251,10,it,0,0.10998499999999467,than,is,#,T,N,T,initial
489.8517879821743,1909.5840391599884,2807.9907618509174,3.3116841242497697,2.7972702561036162,4.222697653045005,6948.717948717948,0.004195497413622807,461.9068455034013,0.047,0.3263888888888889,1-0-799-0,i,UT_016,016,2,fave,79.51513177269236,58.85861148692174,10,is,0,0.12002599999999575,it,currently,#,Z,T,Z,initial
359.48761927364166,2269.619769863821,3140.687172930939,2.9709366717506853,3.9708846607270702,4.234818808429127,6230.7692307692305,0.0007082319335547083,464.1538398344671,0.04100000000000001,0.3306451612903227,1-0-804-0,i,UT_016,016,2,fave,134.9196770490263,58.351287699658144,10,it's,1,0.10000600000000759,"",a,#,T,"",T,initial
323.1583811283518,2399.587161044724,2884.8252510218567,2.830374680098487,3.842184739749602,3.9541975427657943,6230.7692307692305,0.00003822932019802703,467.1768445034014,0.027000000000000003,0.32142857142857145,1-0-811-3,i,UT_016,016,2,fave,149.5604948014524,60.184372199324294,10,mining,0,0.060027999999988424,community,community,N,NG,N,NG,internal
446.1725337472563,1979.3034043746532,2746.0303161848774,3.8917145126130537,3.4872662596300894,3.6739162988792704,6051.282051282051,0.0007893797609657295,467.7018521655329,0.037000000000000005,0.324561403508772,1-0-812-6,i,UT_016,016,2,fave,151.615873899758,56.20020280159211,10,community,0,0.08999699999998256,mining,"",N,T,N,T,internal
359.96412725051124,2054.7423272917613,2885.849563376194,3.8931994362968605,3.862130145988052,4.40593427019181,6589.74358974359,0.0026137852955371403,469.3338481655329,0.061000000000000006,0.33152173913043487,1-0-816-1,i,UT_016,016,2,fave,150.7187957884344,58.68852861933797,10,knit,1,0.1600029999999606,close,very,N,T,N,T,internal
484.9323529132366,1789.793886618218,3023.311491829202,2.934387485412706,4.320313165915719,3.6457653635155363,5692.3076923076915,0.000020574824030191396,471.8058438344671,0.025,0.33783783783783783,1-0-822-1,i,UT_016,016,2,fave,173.84814059498711,64.2874737464332,10,just,0,0.050018000000022766,"",a,JH,S,JH,S,internal
495.67607382609293,1605.4170521398692,2796.761981337363,3.500536520896105,3.744338753955336,4.16186232414356,6410.25641025641,0.0004434659124642801,475.7468458344671,0.027000000000000003,0.32142857142857145,1-0-834-1,i,UT_016,016,2,fave,77.89755775759856,58.8852940307485,10,without,0,0.05999800000000732,and,the,W,TH,W,TH,internal
384.7727817930576,2459.973919528864,3237.9144910051996,2.505140626560126,4.100400672889891,4.399194827162832,6230.7692307692305,0.00006472023364777076,482.0081481655328,0.031,0.32978723404255317,1-0-850-1,i,UT_016,016,2,fave,180.5774449418817,65.62719905513184,10,think,1,0.07000700000003235,i,that,TH,NG,TH,NG,internal
349.9334543384442,1896.1453902402116,2878.3090591631,3.356074869879316,3.723716429136051,4.005416961736081,6230.7692307692305,0.00001719788725065461,483.2861471655329,0.027000000000000003,0.32142857142857145,1-0-856-0,i,UT_016,016,2,fave,153.49770471168554,58.86777222301997,10,in,0,0.05999700000000985,time,my,#,N,M,N,initial
486.72317241582743,1546.0318024840221,2880.119202093502,3.2853230328562892,3.5269254362069873,4.206765230633615,6051.282051282051,0.00031551654668051147,496.2398521655329,0.027000000000000003,0.32142857142857145,1-0-885-4,i,UT_016,016,2,fave,90.50966799187809,52.94642499148295,10,places,0,0.05999700000000985,my,have,S,Z,S,Z,internal
410.665711283944,2181.4884998461785,2939.458618647694,3.3512219229517006,3.822240528066928,3.7870431720964373,6230.7692307692305,0.00003376797696059188,503.10815983446713,0.031,0.32978723404255317,1-0-899-1,i,UT_016,016,2,fave,168.0538593213803,65.93829522849286,10,think,1,0.07000800000002982,i,just,TH,NG,TH,NG,internal
448.377766661098,1845.8022346063294,2713.9544150011347,3.1865654531476646,3.1162972623079734,3.3201853652746958,6230.7692307692305,0.00004973533448015853,503.3061361655329,0.027000000000000003,0.32142857142857145,1-0-900-1,i,UT_016,016,2,fave,78.5631405601675,62.84999626111072,10,just,0,0.05999700000000985,think,because,JH,S,JH,S,internal
563.7789869637803,1636.9104567555844,2826.843981170399,3.9840259595165186,3.5184241404351657,3.9280565465523885,6410.25641025641,0.0007341133851646159,504.2711581655329,0.037,0.32456140350877194,1-0-904-3,i,UT_016,016,2,fave,147.43085013753347,58.732251822616135,10,feeling,0,0.08999599999998509,that,of,L,NG,L,NG,internal
490.014371134102,1782.6785414664673,2856.017405706354,3.285773076116966,3.261978791029122,4.698666833258584,6051.282051282051,0.00041541616345035085,510.67975383446714,0.031,0.32978723404255317,1-0-921-1,i,UT_016,016,2,fave,88.72400991390982,57.287885657133344,10,just,0,0.07000800000002982,could,roam,JH,S,JH,S,internal
582.320369611583,1828.6043317441872,2967.463009159413,3.1697773580759803,3.069288847420281,3.8037519350338593,6230.7692307692305,0.00009148361255866948,513.9047305034013,0.04100000000000001,0.3306451612903227,1-0-932-3,i,UT_016,016,2,fave,158.27214473583976,67.92092668680719,10,needed,0,0.10003700000004301,i,"",D,D,D,D,internal
526.1003694756088,2120.404976381136,2897.6154318604113,3.2691727938768063,3.685776642126481,4.3528571569372065,6410.25641025641,0.0016687352647957914,516.9576634965987,0.075,0.33482142857142855,1-0-940-1,i,UT_016,016,2,fave,186.4085430332728,62.862602330674456,10,kid,1,0.19995099999994181,a,"",K,D,K,D,internal
486.8666967345294,1779.3172326354058,3368.6479338099552,3.250714428999488,3.6911279811781674,3.913743778303643,8205.128205128205,0.000257277983026151,529.2628584965987,0.035,0.33653846153846156,1-0-953-1,i,UT_016,016,2,fave,91.69370754658144,65.62955011162681,10,really,1,0.07995599999992464,a,tight,R,L,R,L,internal
578.6889228881034,1975.0718961136618,2865.2696477393524,3.468556268410932,3.6328540159500973,4.000189704878738,6230.7692307692305,0.0014059695513388433,531.2678541655329,0.065,0.33505154639175255,1-0-960-1,i,UT_016,016,2,fave,122.29983997314389,57.500233094568316,10,kids,1,0.169983000000002,"","",K,D,K,D,internal
467.3172259643108,1990.354506357299,2956.6956929495127,2.8123313169636455,3.3173292914393806,3.706878578484764,6230.7692307692305,0.00014419889322684782,535.0331454965986,0.037000000000000005,0.324561403508772,1-0-970-1,i,UT_016,016,2,fave,164.0301806882692,62.774928386267035,10,just,0,0.08996600000000399,we,had,JH,S,JH,S,internal
448.30426725601666,1863.3738627633577,2813.322642108469,3.13824733961773,3.4837731240940037,4.031605837992653,6230.7692307692305,0.0003065101446170259,536.0131435034014,0.037,0.32456140350877194,1-0-974-1,i,UT_016,016,2,fave,84.09647984562358,62.71219597755217,10,build,1,0.09002700000007735,would,big,B,L,B,L,internal
447.128004409098,2194.85823200636,2972.176055071384,2.879408603855997,3.722868489921039,3.9378312146828645,6230.7692307692305,0.0007967812352346463,536.7001661655328,0.091,0.33211678832116787,1-0-975-1,i,UT_016,016,2,fave,86.52913056039446,64.82810721829499,10,big,1,0.25,build,huge,B,G,B,G,internal
375.1973600758195,1991.6174888073963,2940.172698187149,3.2338607878262344,3.5347304446966454,3.762952294770787,6230.7692307692305,0.00007905554934046673,538.1101738344671,0.031,0.32978723404255317,1-0-978-1,i,UT_016,016,2,fave,133.84481682232283,60.568962552240606,10,cities,1,0.07000800000002982,"",in,S,T,S,T,internal
470.7422801206988,1961.7767436619472,2967.8655996799407,3.4005872908251527,3.3949260091216042,4.162550087244399,6230.7692307692305,0.004397686311676816,538.5771461723356,0.045,0.3358208955223881,1-0-979-0,i,UT_016,016,2,fave,752.3806844398017,53.07894976155606,10,in,0,0.11004700000000867,cities,the,#,N,Z,N,initial
479.7897257275858,1775.878323099793,2865.780935315945,2.9823748033634385,3.3814822020761985,4.145626153945744,6230.7692307692305,0.0003656422811165785,540.262137834467,0.035,0.33653846153846156,1-0-985-1,i,UT_016,016,2,fave,163.87437650836267,63.834710178456824,10,build,1,0.080016999999998,would,lakes,B,L,B,L,internal
521.627438125292,1269.2762129076518,3153.5164277787844,3.7335989273176406,3.5204831688834957,3.5533591720779834,6230.7692307692305,0.00007648834822053016,541.7581321655329,0.027000000000000003,0.32142857142857145,1-0-990-1,i,UT_016,016,2,fave,82.73430372304313,55.9878043676526,10,little,1,0.05999700000006669,have,mountains,L,T,L,T,internal
697.2331343335402,1687.7819230306443,3120.19244495423,4.0256128721486615,3.9790001677825777,4.351768568255023,6589.74358974359,0.0030999727319099514,553.5881448344671,0.047,0.3263888888888889,1-0-1027-2,i,UT_016,016,2,fave,163.92352766044726,61.61673806972541,10,going,0,0.11999500000001717,"",up,ow,NG,ow,NG,internal
355.1631140525788,2489.0003412879228,3206.287409514097,3.005525115065101,3.6899448482292736,4.660666139306493,6410.25641025641,0.0005121155967500324,554.4481398344672,0.027000000000000003,0.32142857142857145,1-0-1030-2,i,UT_016,016,2,fave,77.16936586061739,60.21762177559148,10,being,0,0.05999799999995048,and,on,iy,NG,iy,NG,internal
347.3359602403776,2085.463375648175,2966.617918210069,3.3731600723199193,3.6472443193727413,4.574729767664643,7487.179487179487,0.0018329707155418451,558.5681371723355,0.047,0.3263888888888889,1-0-1045-1,i,UT_016,016,2,fave,159.01273248782186,55.44809701486666,10,remember,0,0.12005600000009053,i,laying,R,M,R,M,internal
388.31050198168697,2312.9018789712554,2971.0075845828733,4.01821019683811,3.8569883613870046,4.071936352317226,6589.74358974359,0.009388004818344467,559.1681461655329,0.067,0.3284313725490196,1-0-1046-2,i,UT_016,016,2,fave,153.4805526366141,56.46983289866033,10,laying,0,0.17999299999996765,remember,in,ey,NG,ey,NG,internal
498.2662312447057,2027.0745006706086,3000.676658067867,3.8978734232510313,3.6905732726948943,4.02051819624275,5871.794871794871,0.005272327726159438,559.3851385034013,0.04100000000000001,0.3306451612903227,1-0-1047-0,i,UT_016,016,2,fave,76.82323106607161,53.56371996861327,10,in,0,0.10003700000004301,laying,the,#,N,NG,N,initial
624.8831896906507,1968.4461012136264,3044.8194424603807,3.486406811923073,3.8209836648623647,3.827655779913403,6410.25641025641,0.0012863299127623194,561.4258485034013,0.04100000000000001,0.3306451612903227,1-0-1052-1,i,UT_016,016,2,fave,164.53258137985148,60.30831901298471,10,him,1,0.10003700000004301,"","",HH,M,HH,M,internal
334.9936750052326,2411.706640594182,3034.523304142353,3.8411172857735303,3.5762505363307713,4.103885922586352,6230.7692307692305,0.019801241829100914,562.7558465034015,0.08099999999999999,0.3319672131147541,1-0-1057-0,i,UT_016,016,2,fave,79.82158977529978,56.54835668436357,10,in,0,0.2200319999999465,grain,and,#,N,N,N,initial
637.1434663550449,1488.8015286128964,3012.8121593369265,3.1662195402887354,3.480991774483178,3.937042502546849,6230.7692307692305,0.0003225584142638922,566.2388351655329,0.047,0.3263888888888889,1-0-1074-0,i,UT_016,016,2,fave,42449.03428819082,53.43468395526995,10,it,0,0.11999500000001717,of,"",#,T,V,T,initial
609.3263474334409,1616.4290727879818,3069.931954635417,4.166670126860968,3.2287774178145345,3.7435706535471187,6769.2307692307695,0.0005889851179598978,567.1588281655329,0.027000000000000003,0.32142857142857145,1-0-1079-0,i,UT_016,016,2,fave,80.32642002868907,52.14069504100195,10,it,0,0.059996999999953005,on,and,#,T,N,T,initial
498.09713456395764,2211.1138777429146,2999.6647986337935,3.867221977646365,3.521809669166425,3.909438428598518,6410.25641025641,0.00041705783061451903,568.2208251655329,0.031,0.32978723404255317,1-0-1084-0,i,UT_016,016,2,fave,84.43767112363138,57.624702809062846,10,in,0,0.07000700000003235,lay,the,#,N,eyF,N,initial
387.70725329895345,2403.2831086672404,2975.1378786932837,3.5278079852516857,4.256015979297904,4.386362666524744,6410.25641025641,0.014418891999388,573.0252285034014,0.037000000000000005,0.324561403508772,1-0-1100-2,i,UT_016,016,2,fave,154.17634405418016,55.30663688107941,10,being,0,0.09002699999996366,loved,around,iy,NG,iy,NG,internal
469.45688520318595,1547.8750455287077,2871.0154743830676,3.5227556093763006,3.791739658007005,3.966094651130092,6948.717948717948,0.00008898216758379284,580.9042335034013,0.035,0.3365384615384616,1-0-1117-2,i,UT_016,016,2,fave,180.9759814518821,66.97438925271204,10,knowing,0,0.080016999999998,"",the,ow,NG,ow,NG,internal
682.2684548446051,1476.18137978834,3184.6207730792703,4.032189494623226,3.6984140742026486,3.735504043878359,6051.282051282051,0.00022357520902983953,581.4822448344671,0.031,0.32978723404255317,1-0-1120-0,i,UT_016,016,2,fave,159.24146068557695,56.12019499970859,10,in,0,0.07000700000003235,people,the,#,N,L,N,initial
493.47731667913206,2134.8040820428337,3060.4561149354886,3.139002797050489,3.7661757526539796,4.138146752441196,6410.25641025641,0.0025246895016927118,583.2442348344672,0.075,0.33482142857142855,1-0-1124-0,i,UT_016,016,2,fave,84.78210207172873,61.106128666540855,10,it,1,0.2000119999999015,"","",#,T,"",T,initial
413.93164105605786,1890.9590287859953,3098.3600971298392,4.0322475246040765,4.033682538520704,3.693188432879894,6051.282051282051,0.004363719594618116,586.7692681655329,0.045,0.3358208955223881,1-0-1136-6,i,UT_016,016,2,fave,77.91169321054899,54.20142007115339,10,community,0,0.10998499999993783,and,"",N,T,N,T,internal
439.9029267635549,1662.2346066221442,3061.121410334697,2.907325764196886,3.7154226435865927,4.342401990846024,5871.794871794871,0.0012674809313520897,589.9506435034014,0.037000000000000005,0.324561403508772,1-0-1143-0,i,UT_016,016,2,fave,271879.7289391028,56.573309937709276,10,it,0,0.09002700000007735,was,was,#,#,Z,W,coextensive
407.67748310821486,2080.3396512032714,2991.683434311761,3.4271104009653497,3.7284280132308547,4.138369755645544,6410.25641025641,0.0009625716281653001,600.328655165533,0.045,0.3358208955223881,1-0-1178-3,i,UT_016,016,2,fave,100.3339019628035,53.96032656783579,10,loving,0,0.1099859999999353,very,and,V,NG,V,NG,internal
597.3866121398853,1512.9852853932844,2856.023310331701,3.8674091080073607,3.4704782415543423,3.6174248078531446,5512.820512820513,0.00002084849426871858,601.2996418344671,0.027000000000000003,0.32142857142857145,1-0-1181-1,i,UT_016,016,2,fave,157.5504209052214,54.038800674394864,10,with,0,0.059996999999953005,nurturing,me,W,TH,W,TH,internal
425.6587875746618,1735.550805917915,2927.479188545704,3.2243364908418446,3.424717223691646,3.5887685919216623,5871.794871794871,0.00001482327069703637,625.7565381723357,0.025,0.33783783783783783,1-0-1212-1,i,UT_016,016,2,fave,80.15074982802247,58.47459995510652,10,just,0,0.0500489999999445,to,to,JH,S,JH,S,internal
460.355383544166,1676.8265121607053,3037.4984754650363,3.093833301307801,3.4764506717968526,4.001292596125499,6051.282051282051,0.001764192426608869,631.7435545034014,0.07899999999999999,0.3376068376068376,1-0-1230-4,i,UT_016,016,2,fave,167.55273442873738,54.76346800157648,10,horses,0,0.21002199999998084,raise,and,S,Z,S,Z,internal
485.6332176301171,1560.1991794122052,3033.447291142204,3.3302642401714446,3.955036957690898,4.252639758257797,6230.7692307692305,0.004871452693814892,634.0425525034013,0.057,0.32758620689655177,1-0-1236-4,i,UT_016,016,2,fave,111.294278074095,53.35998516071559,10,horses,0,0.15002400000003036,breed,and,S,Z,S,Z,internal
464.8198362878847,2012.3951606650535,2785.7545560928324,3.068953560133652,3.6450392175603494,3.987447897973529,6051.282051282051,0.0007512925460597701,652.9657325034013,0.085,0.3346456692913386,1-0-1293-1,i,UT_016,016,2,fave,114.31641873644678,59.847200293639204,10,pigs,1,0.23004100000002836,the,and,P,G,P,G,internal
372.43421787143484,1674.9622904303556,2537.1031885825773,3.2051166379893887,3.5501840750999145,3.3031193369873426,6230.7692307692305,0.0008465283560673747,674.5469418344671,0.031,0.32978723404255317,1-0-1322-0,i,UT_016,016,2,fave,307.0517462092586,46.691055911541106,10,is,1,0.07000699999991866,"",there,#,Z,"",Z,initial
450.5624878781183,2136.817730914071,3003.3050826399462,3.507808777320091,3.4996175646717225,3.5286483095241956,7128.205128205128,0.00004442299397068161,685.5343664965986,0.037,0.32456140350877194,1-0-1339-1,i,UT_016,016,2,fave,198.61940657504476,70.99032142140784,10,didn't,1,0.08996600000000399,i,know,D,D,D,D,internal
451.5440907151486,2111.5671340148247,2845.1530794429577,3.222008534736056,3.4750966782606714,4.273453978047998,6948.717948717948,0.001012704022377397,698.097647834467,0.035,0.3365384615384616,1-0-1384-1,i,UT_016,016,2,fave,82.62158441474396,66.3591292269802,10,didn't,1,0.080016999999998,i,know,D,N,D,N,internal
513.2350555039513,1610.4047759173716,3086.767709777102,4.024119738456672,3.6190978914498846,3.5300628199181663,6230.7692307692305,0.00010398386577706984,705.5688388344671,0.035,0.33653846153846156,1-0-1408-0,i,UT_016,016,2,fave,218.55652362766952,62.4669853798064,10,it,1,0.08001799999999548,and,was,#,T,D,T,initial
499.0376391908939,2087.7752073457455,2856.175326916632,2.7526544074354944,3.4369430401702483,3.893901886926659,6230.7692307692305,5.936363826236497e-6,706.5538411723356,0.025,0.33783783783783783,1-0-1414-1,i,UT_016,016,2,fave,173.42365961215995,63.35750505227175,10,get,1,0.05004800000006071,would,together,G,T,G,T,internal
459.020973474037,2205.4018614804863,2869.9449607220213,2.8422623378114733,3.317495970849443,3.9848242706943657,6230.7692307692305,0.00009135200862996065,707.9068658344671,0.031,0.32978723404255317,1-0-1417-6,i,UT_016,016,2,fave,162.62018006591106,63.88190657155539,10,thanksgiving,1,0.07000800000002982,for,and,G,V,G,V,internal
369.25766882696206,2319.4393256439726,2878.03186211565,3.5074944192606643,3.8557171668603116,4.099219003160679,6230.7692307692305,0.0008001240019543978,708.0498594965986,0.057,0.3275862068965517,1-0-1417-8,i,UT_016,016,2,fave,154.84861797881445,59.37369432448523,10,thanksgiving,0,0.14996399999995447,for,and,V,NG,V,NG,internal
455.89229061342473,2355.2503233333364,2986.730409772921,3.379645432257446,3.8276221931266234,3.995608814095811,6230.7692307692305,0.0015985368732390874,711.4338701655329,0.065,0.33505154639175255,1-0-1428-1,i,UT_016,016,2,fave,80.9081481696683,58.23925023793292,10,things,1,0.169983000000002,do,and,TH,NG,TH,NG,internal
391.96089193422756,2034.562138837688,2979.3819091161267,3.68503256998532,4.028583903000062,4.075701555380001,6589.74358974359,0.0006514363332960113,712.6918461723355,0.04100000000000001,0.3306451612903227,1-0-1433-0,i,UT_016,016,2,fave,154.2653806945065,59.50118504218633,10,into,0,0.10003600000004553,run,each,#,N,N,N,initial
498.70138062152915,2267.628992843219,3012.115899893545,3.7288620271933453,4.187883505362298,4.301844578168357,6230.7692307692305,0.0005364822954633146,715.7788608344671,0.035,0.33653846153846156,1-0-1440-3,i,UT_016,016,2,fave,157.57732830823286,63.68630568318051,10,playing,0,0.080016999999998,"",with,ey,NG,ey,NG,internal
514.6690161966955,2021.7640204008992,3095.437187389166,3.5650835819918525,3.7982770049685692,4.736424055121878,6410.25641025641,0.0000611360697153144,717.6348411655329,0.027000000000000003,0.32142857142857145,1-0-1448-1,i,UT_016,016,2,fave,156.97660342316826,57.73472539917549,10,thing,1,0.05999700000006669,fun,to,TH,NG,TH,NG,internal
564.4653480812848,1741.7558367861247,2983.3495821130687,3.4265531713083397,3.002415525033122,3.5900507503079364,6230.7692307692305,0.0000938156802262221,726.7137484965987,0.037000000000000005,0.324561403508772,1-0-1458-1,i,UT_016,016,2,fave,155.88543875997783,63.59211195866625,10,lived,1,0.08996600000000399,she,right,L,V,L,V,internal
482.5624128949469,1768.1206658098567,2963.336639485575,2.77634608279217,4.016487846886302,4.104112984236222,5871.794871794871,0.0012952051048009598,731.936758834467,0.035,0.3365384615384616,1-0-1479-1,i,UT_016,016,2,fave,155.40008127388694,60.35448309612063,10,visiting,1,0.080016999999998,and,with,V,Z,V,Z,internal
373.54237562870753,2429.61816916378,2710.3811622215353,3.746526569747805,4.37744870813547,4.7257354511132394,6230.7692307692305,0.004571396786688697,732.2867348344671,0.035,0.33653846153846156,1-0-1479-5,i,UT_016,016,2,fave,128.69104063892183,50.090664791161345,10,visiting,0,0.080016999999998,and,with,T,NG,T,NG,internal
482.62679594421763,1922.2244347864682,2915.146529591812,3.334381518673735,3.0965170096565817,3.728593826463024,6230.7692307692305,0.0001113168271373476,738.0027668344671,0.027000000000000003,0.32142857142857145,1-0-1502-1,i,UT_016,016,2,fave,159.89270467651568,59.914266934879365,10,dinner,1,0.059996999999953005,of,"",D,N,D,N,internal
477.11888064869055,1932.84075696635,2929.567014883059,3.921717051819445,3.3771533807280045,3.9143072468068487,6230.7692307692305,0.00033875818083391076,741.8827718344671,0.027000000000000003,0.32142857142857145,1-0-1521-1,i,UT_016,016,2,fave,80.0653165721753,59.84458828273036,10,dinner,1,0.05999700000006669,at,"",D,N,D,N,internal
453.5275493856697,2037.9846926588145,2973.3254341517622,3.2995917397759658,3.4574394447221857,4.187967681029343,6230.7692307692305,0.0002496721351536667,742.734746834467,0.031,0.32978723404255317,1-0-1525-1,i,UT_016,016,2,fave,159.597238225775,60.0981878206149,10,dinner,1,0.07000700000003235,take,up,D,N,D,N,internal
458.53234283221894,1952.5676577266504,3015.3241548450274,4.0678867141059785,3.5844554175368017,3.9572467014486135,6230.7692307692305,0.00057583496008061,744.816763834467,0.035,0.33653846153846156,1-0-1533-1,i,UT_016,016,2,fave,152.71419472614892,58.95570841478142,10,dinner,1,0.080016999999998,of,every,D,N,D,N,internal
506.91147422081684,1856.6748579540142,2969.152769386071,3.2383378828322607,3.162062397981299,3.851934744383172,6410.25641025641,0.00018548905729142405,748.8747618344671,0.031,0.32978723404255317,1-0-1547-1,i,UT_016,016,2,fave,172.0966222077085,62.30124482717922,10,sitting,1,0.07000700000003235,before,there,S,T,S,T,internal
531.8758062221698,2036.8488931462696,2925.568941662814,3.5928068439621597,3.7214674032451907,4.1280584743250115,6410.25641025641,0.00032851880994907014,749.8977694965986,0.037000000000000005,0.324561403508772,1-0-1551-1,i,UT_016,016,2,fave,160.9113598952946,58.81352054438054,10,give,1,0.08996600000000399,to,us,G,V,G,V,internal
504.7710406160691,1757.9633474981124,2974.1672589358495,3.0951344781414916,3.1676833430646187,3.9217822133430023,6230.7692307692305,0.00005782904930821513,750.8127638344671,0.027000000000000003,0.32142857142857145,1-0-1555-1,i,UT_016,016,2,fave,173.5583557662099,57.628123926467374,10,sit,1,0.05999800000006417,we'd,"",S,T,S,T,internal
488.8492757830785,1781.826332733794,2948.202622688466,3.055566854356725,3.460478054896119,4.089159409204144,6051.282051282051,0.0002600323847703415,752.1197404965988,0.04100000000000001,0.3306451612903227,1-0-1562-1,i,UT_016,016,2,fave,154.78037161393237,55.971014270045806,10,visit,1,0.09997599999996964,and,"",V,Z,V,Z,internal
474.7302841606707,2040.9759449592723,2845.2127804063884,3.29706755158176,3.8062656215865323,3.863172158606131,6051.282051282051,0.0008764872539306088,795.3016425034014,0.040999999999999995,0.33064516129032256,1-0-1683-1,i,UT_016,016,2,fave,159.63037052761297,56.641184594116254,10,did,0,0.10003599999993185,dad,when,D,D,D,D,internal
554.1318014660201,1566.0868442768044,3159.388589019005,3.783289569438709,3.202968473778082,3.740323593092482,6230.7692307692305,0.0008149452229094993,796.1166438344671,0.031,0.32978723404255317,1-0-1687-1,i,UT_016,016,2,fave,82.73571823783205,55.05873950680455,10,little,1,0.07000699999991866,was,and,L,T,L,T,internal
564.408484440302,1897.9889343649447,2920.8585575145457,2.925507535152554,3.465371511330687,3.8584695688005994,6230.7692307692305,0.00005154121338687894,801.5866758344671,0.031,0.32978723404255317,1-0-1704-1,i,UT_016,016,2,fave,185.86233264487447,61.29888300681292,10,sit,1,0.07000700000003235,would,and,S,T,S,T,internal
569.2285787832759,1715.6411111002903,2883.820467919564,3.603986883047263,3.5148263061412175,3.823773549255763,6230.7692307692305,0.00017834604500362064,803.098624834467,0.035,0.33653846153846156,1-0-1709-2,i,UT_016,016,2,fave,81.15088584642862,61.37638812231902,10,quilt,1,0.080016999999998,and,"",W,L,W,L,internal
516.627752949722,1614.8820218391643,2971.9290622547346,3.636889630696777,3.123696080273181,3.8253383568771033,6410.25641025641,0.00018352045891352833,807.9746288344671,0.027000000000000003,0.32142857142857145,1-0-1727-2,i,UT_016,016,2,fave,83.3792352151197,59.36530571169,10,quilts,1,0.05999800000006417,tie,and,W,L,W,L,internal
442.5735721347157,2208.464995196189,2970.2721631313284,3.128932477829938,3.89729988584298,4.001261349890224,6230.7692307692305,0.00012319281193006392,811.6366638344671,0.031,0.32978723404255317,1-0-1741-3,i,UT_016,016,2,fave,158.80772920263186,60.751816983641525,10,cutting,0,0.07000700000003235,one,the,T,NG,T,NG,internal
411.987840463663,1993.6186179808046,3197.9031456852454,3.1084890274560286,3.924681845225434,4.7047984476703295,7307.692307692308,0.004129745089813909,812.2266638276643,0.051000000000000004,0.3311688311688312,1-0-1743-3,i,UT_016,016,2,fave,164.52485629557518,60.944370561203534,10,strings,1,0.12994400000002315,the,and,R,NG,R,NG,internal
530.4718167464501,2249.10678223056,2837.708591325927,3.769295037184547,4.024718457371105,4.18643420485717,6589.74358974359,0.003183477703857184,814.5646411655329,0.047,0.3263888888888889,1-0-1752-2,i,UT_016,016,2,fave,78.72907907255963,59.8003439531689,10,laying,0,0.11999500000001717,loved,underneath,ey,NG,ey,NG,internal
539.9133476571014,1542.1738406522893,2950.2018919458696,3.441650700407533,3.22682459597213,4.069864157004887,6051.282051282051,0.00011249834458390501,816.2166638276644,0.031,0.32978723404255317,1-0-1756-2,i,UT_016,016,2,fave,86.56048767603798,62.119843457960435,10,quilts,1,0.06994600000007267,"","",W,L,W,L,internal
577.7008740115397,1618.7384708075033,2911.139298808801,3.461013915448785,3.1144489993994338,4.148356736136073,6230.7692307692305,0.0003827668545966501,822.3377641655329,0.04100000000000001,0.3306451612903227,1-0-1775-2,i,UT_016,016,2,fave,79.09058206227941,59.21548502375296,10,quilt,1,0.09997500000008586,would,"",W,L,W,L,internal
447.4003377564471,1797.919940841131,2829.7755838719695,3.282732316314268,3.49972133562654,3.760099551393231,6051.282051282051,0.002377871842321695,831.4327291655329,0.051000000000000004,0.3311688311688312,1-0-1806-3,i,UT_016,016,2,fave,85.4190327923946,59.82191591237154,10,roses,0,0.13000499999998283,were,"",Z,Z,Z,Z,internal
509.31678751153663,1545.046591483992,2902.2136990279528,3.471093979252255,3.805207983682978,3.7277708704276113,6230.7692307692305,0.0002494532979202532,845.0552441723356,0.025,0.33783783783783783,1-0-1852-1,i,UT_016,016,2,fave,151.34781436737492,56.13551807053164,10,with,0,0.050049000000058186,lined,plums,W,TH,W,TH,internal
542.171859794671,1571.9721655283408,2986.594114937963,2.7356564531511918,3.4335769929971836,4.30938485886742,5692.3076923076915,0.0003190020513913108,878.0054418344671,0.047,0.3263888888888889,1-0-1933-1,i,UT_016,016,2,fave,79.4041645238353,64.0209570283659,10,lived,1,0.11999600000001465,that,in,L,V,L,V,internal
522.431391804965,1888.7351213770312,3441.07772070614,3.284255258981267,3.861393335174713,4.210059151263374,7128.205128205128,0.002604567314857815,878.3024704965986,0.061000000000000006,0.3315217391304348,1-0-1934-0,i,UT_016,016,2,fave,79.03244378209205,61.77394572209142,10,in,0,0.15997299999992265,lived,"",#,N,D,N,initial
641.4362168613462,1649.2268100426745,2975.067748102529,3.258934654100519,3.2619156454014955,4.279790418810908,6230.7692307692305,0.0006826735741239311,887.009441834467,0.055,0.33536585365853655,1-0-1966-1,i,UT_016,016,2,fave,80.0959451416151,58.27278333023078,10,lived,1,0.14001500000006217,she,in,L,V,L,V,internal
311.00252384973953,2322.2410022503946,2800.549487899934,3.7899900089680454,3.9546941346383373,4.070387482881083,6230.7692307692305,0.10154759844886037,887.2944404965987,0.10500000000000001,0.3343949044585987,1-0-1967-0,i,UT_016,016,2,fave,183.2830457880093,55.071986142278476,10,in,0,0.2899779999999055,lived,colorado,#,N,D,N,initial
634.0538682773259,1618.2069961831953,3163.0034886510953,3.2823893877932604,3.5857759033829035,3.888775894628146,6051.282051282051,0.0006280127750187389,891.2604475034013,0.057,0.32758620689655177,1-0-1974-1,i,UT_016,016,2,fave,148.26796160414347,56.549436826447966,10,lived,1,0.15002500000002783,uncle,"",L,V,L,V,internal
441.868349469797,2049.896587694995,2704.074647965158,3.1669191641994248,3.955594337542725,4.365185862650158,6230.7692307692305,0.0002614995994545073,895.4744341723357,0.025,0.33783783783783783,1-0-1989-1,i,UT_016,016,2,fave,76.4711344638752,59.181835652859434,10,because,0,0.0500489999999445,"",my,B,K,B,K,internal
419.42974229499833,1836.4354973450202,2946.754943395436,3.3034293733747653,4.180378540217629,3.6597602247319108,6230.7692307692305,0.0018125482867466295,899.579449834467,0.055,0.33536585365853655,1-0-2003-0,i,UT_016,016,2,fave,-1131.597920933863,54.8639635028982,10,indian,1,0.1400140000000647,navajo,"",#,N,owF,N,initial
552.211741211399,1736.628832375054,3006.7188601240387,3.185852217297439,3.3374158590707625,3.808015598733257,6230.7692307692305,0.00026278462022999893,902.1902504965987,0.037000000000000005,0.324561403508772,1-0-2008-1,i,UT_016,016,2,fave,83.66288004195465,62.111718854052235,10,lived,1,0.08996600000000399,they,there,L,V,L,V,internal
339.8485656161811,2408.4941314956613,2899.962375216286,3.043352339395334,4.670055545091122,4.323631600679433,6230.7692307692305,0.0003770699044562219,905.1852618344672,0.027000000000000003,0.32142857142857145,1-0-2020-4,i,UT_016,016,2,fave,153.7120731180136,56.31997591996467,10,huntington,0,0.059996999999953005,to,"",T,NG,T,NG,internal
561.0374617744192,1639.4874712643498,3138.36938553892,3.2103003130373886,3.918134748848451,3.8155692317752616,5692.3076923076915,0.00007984695905947654,907.7742335034013,0.025,0.33783783783783783,1-0-2028-1,i,UT_016,016,2,fave,77.46544703403255,53.75097537633007,10,lived,1,0.050047999999947024,she,"",L,V,L,V,internal
579.4006315373387,1752.1366428337572,2989.730230063191,2.955613754782385,2.917341977655338,3.84628997425637,6230.7692307692305,0.00005870063531511285,911.3992228344671,0.035,0.33653846153846156,1-0-2044-1,i,UT_016,016,2,fave,377.1410534023607,65.81106679198898,10,lived,1,0.080016999999998,she,there,L,V,L,V,internal
553.6655567440024,1832.84343391212,2873.0966542930446,3.0026057718305488,4.110465173905575,4.137602568002994,5692.3076923076915,0.001513861038298456,912.6392695034012,0.055,0.33536585365853655,1-0-2050-1,i,UT_016,016,2,fave,332.34590321366767,51.464394167699346,10,did,0,0.14001500000006217,she,"",D,D,D,D,internal
537.6047152096219,1860.3068996276124,3005.2610566235703,3.1389360309253393,3.5744240980744397,4.538653827225112,7666.666666666666,0.0003732621721525384,937.4769495034014,0.037,0.32456140350877194,1-0-2058-1,i,UT_016,016,2,fave,173.5934443014274,69.14628505333246,10,really,1,0.09002699999996366,i,enjoy,R,L,R,L,internal
475.05799499812485,2505.266932607592,3167.6502173621197,3.7227672671265712,4.0365072501420585,4.536885661821175,6769.2307692307695,0.0008488156837173873,938.3209651655329,0.045,0.3358208955223881,1-0-2060-3,i,UT_016,016,2,fave,150.6996419674431,55.887399343680435,10,reading,0,0.10998499999993783,enjoy,i,D,NG,D,NG,internal
382.4779977982668,2546.45020725099,3077.6757941904184,3.1126049438148202,3.9746742493366525,4.576155729274815,6589.74358974359,0.00040113810237747845,939.1369664965987,0.037000000000000005,0.324561403508772,1-0-2063-3,i,UT_016,016,2,fave,159.42139383965807,59.46504639818051,10,reading,0,0.08996600000000399,love,and,D,NG,D,NG,internal
509.5723823594157,1742.9595932627853,2387.837268101646,3.223081034697403,3.628352833431585,4.072818973103793,5871.794871794871,0.00009320821034223805,950.4359658344671,0.035,0.3365384615384616,1-0-2087-1,i,UT_016,016,2,fave,196.66965120929953,68.35479937453218,10,really,1,0.080016999999998,i,"",R,L,R,L,internal
463.2128910777757,1761.7451960175667,2968.561847251866,2.9945722591394417,3.3414991022550398,3.592476837578403,6230.7692307692305,0.0023376619778775363,954.2119351723355,0.047,0.3263888888888889,1-0-2101-0,i,UT_016,016,2,fave,NaN,56.14722035568827,10,is,0,0.12005699999997432,expert,like,#,Z,T,Z,initial
426.39511452961193,2286.8984628584326,2814.5293799002225,2.927195661126714,3.6731875563480165,4.71425697055658,6410.25641025641,0.00004297111117805317,960.6759398412697,0.027000000000000003,0.32142857142857145,1-0-2107-1,i,UT_016,016,2,fave,86.61574773206647,64.96624199020646,10,because,0,0.06005900000002384,but,i'm,B,K,B,K,internal
330.66539919870644,2348.7160103538913,3055.856222015347,2.9914239811739267,4.016808543760417,4.901907342612174,6769.2307692307695,0.0017616744225141122,961.7979628276645,0.031,0.32978723404255317,1-0-2110-3,i,UT_016,016,2,fave,153.18030683707204,61.59483100471232,10,learning,0,0.06994599999995899,always,and,N,NG,N,NG,internal
425.97251959582815,2016.417621890225,2914.150311015916,3.7276677659097524,4.222723751487457,4.042513048678847,6410.25641025641,0.0017176918597899497,962.4499328344671,0.055,0.3353658536585366,1-0-2112-3,i,UT_016,016,2,fave,146.77636514295202,59.56952451926498,10,growing,0,0.1400149999999485,and,"",ow,NG,ow,NG,internal
349.82163863649765,2499.6071702598106,2887.4802565703453,3.7074979224299116,3.825721539161151,4.0242893730457965,6230.7692307692305,0.03152725406372025,965.2044361723356,0.10500000000000001,0.33439490445859876,1-0-2123-0,i,UT_016,016,2,fave,149.19828698823179,57.82216949162035,10,in,1,0.29003900000009253,"","",#,N,"",N,initial
445.6780924849302,2220.0227816731167,2893.4626962438865,3.1699415312177965,3.9021745807934263,4.1728695265649725,6589.74358974359,0.0007971038597697032,973.6644711655329,0.045,0.3358208955223881,1-0-2143-1,i,UT_016,016,2,fave,78.68321455031558,60.983248966531995,10,gift,1,0.10998500000005151,a,with,G,F,G,F,internal
517.2031947256489,1647.3377093706451,3005.8535370260383,3.257694675506573,3.397309047817832,4.076787690078655,6230.7692307692305,0.00009585457038024924,974.2454418344671,0.027000000000000003,0.32142857142857145,1-0-2145-1,i,UT_016,016,2,fave,155.3223758119988,62.71595314079542,10,children,1,0.05999800000006417,with,"",CH,L,CH,L,internal
435.0471989421884,2019.0892722467995,2939.0713354153418,3.445557921133509,3.2405177297065584,3.8088898291179403,6230.7692307692305,0.0001209296322543743,977.1594598276644,0.035,0.3365384615384616,1-0-2150-0,i,UT_016,016,2,fave,168.32233549391535,66.45177519099416,10,in,0,0.07995600000003833,and,reading,#,N,D,N,initial
401.4916178490525,2283.989307675604,2722.489237204336,3.1342719403653323,4.441759373869003,4.266603533188821,6051.282051282051,0.002818067055154602,977.6954448344671,0.047,0.3263888888888889,1-0-2151-3,i,UT_016,016,2,fave,79.86241674271108,59.782494372680944,10,reading,0,0.11999500000001717,in,"",D,NG,D,NG,internal
537.9842515217492,1621.0858062978584,3000.8384867514246,3.0775578485816073,3.8097157789520493,4.361322498647435,6230.7692307692305,0.00012570696825116477,982.3554221655329,0.027000000000000003,0.32142857142857145,1-0-2170-1,i,UT_016,016,2,fave,-90.50966799187809,57.492104057858306,10,children,1,0.059996999999953005,"",and,CH,L,CH,L,internal
601.299076620873,1423.3954015125662,3104.6491512969087,3.675838983625334,4.154631752867046,4.125448916047766,6051.282051282051,0.0006903473584899414,983.8491408344671,0.027000000000000003,0.32142857142857145,1-0-2180-1,i,UT_016,016,2,fave,192.3207805481302,47.3937440378362,10,children,1,0.05999800000006417,with,and,CH,L,CH,L,internal
317.21647717874345,2433.232769346025,2990.7431435553704,3.4128785284751566,3.769585172777669,3.77226512063345,6230.7692307692305,0.0043482198326148455,986.2781295034013,0.045,0.3358208955223881,1-0-2191-0,i,UT_016,016,2,fave,162.9863132211483,57.091889880312856,10,innate,0,0.11004600000001119,"","",#,N,"",N,initial
488.994884642141,1778.4753331996897,2792.4956974380048,2.7856794627924297,3.681485495261243,3.7528309404320797,6230.7692307692305,0.00004829825353369369,987.0391438344672,0.027000000000000003,0.32142857142857145,1-0-2193-2,i,UT_016,016,2,fave,112.65043237436284,63.312386161103,10,ability,1,0.059996999999953005,"",to,B,L,B,L,internal
382.1179737267795,1837.346677947724,3134.8144087662404,3.4784676152672342,3.565228871647798,4.118580113082963,6230.7692307692305,0.0010634590830673075,1019.6093281655329,0.027000000000000003,0.32142857142857145,1-0-2231-0,i,UT_016,016,2,fave,-35024.65062941638,63.30975068881161,10,in,0,0.05999799999995048,"",the,#,N,"",N,initial
443.67124665168575,1927.8432645535165,2984.9293236255085,3.63666872756418,3.502249123385549,3.774083091964229,6230.7692307692305,0.008216778595038676,1032.5124958276642,0.067,0.32843137254901966,1-0-2268-0,i,UT_016,016,2,fave,249.0048533666649,53.211541897510756,10,in,1,0.17993100000012419,then,tutoring,#,N,N,N,initial
487.23932456075323,2086.1877151122258,3033.588997829323,3.9898310497497484,3.522337726325006,4.572856708670645,7128.205128205128,0.004448410630711179,1033.182438165533,0.047,0.3263888888888889,1-0-2269-4,i,UT_016,016,2,fave,144.7048834082232,58.303519996151834,10,tutoring,0,0.11999599999990096,in,i,*hr,NG,*hr,NG,internal
497.5092623303284,1615.415863571181,2943.7574484578536,2.8882154476543227,3.4195233985752638,3.6308688423534785,6051.282051282051,0.0000275437568779868,1040.0614645034016,0.025,0.33783783783783783,1-0-2289-4,i,UT_016,016,2,fave,NaN,56.87605414547443,10,consistently,1,0.0500489999999445,"","",S,S,S,S,internal
506.77450053313544,1976.2452153871905,2854.3263216557843,2.7512585981855655,3.6137014123973774,3.920746349491045,6769.2307692307695,0.00012509254296268907,1055.663273165533,0.047,0.3263888888888889,1-0-2300-2,i,UT_016,016,2,fave,175.35489366150546,65.23586507520825,10,ability,1,0.11999500000001717,their,"",B,L,B,L,internal
392.3296775312852,2146.7009181818985,2801.63584696492,3.6441762724598097,3.761306628035262,3.975623781742401,6410.25641025641,0.0006152211781070997,1060.162273165533,0.045,0.3358208955223881,1-0-2307-0,i,UT_016,016,2,fave,83.32528272616896,58.065572623027386,10,enjoy,0,0.10998600000016268,and,"",#,N,D,N,initial
338.79965297623744,2421.27991234674,3068.2449374414587,2.85912351323758,3.8033555882147008,4.65680612893752,6230.7692307692305,0.0023886442948239488,1063.2082015034014,0.057,0.32758620689655177,1-0-2309-3,i,UT_016,016,2,fave,101.78239698587961,61.57016669920618,10,learning,0,0.15002499999991414,"","",N,NG,N,NG,internal
503.30195916183465,1868.1034697091873,2876.1534860938596,2.613814626372706,3.5119749007841916,3.919691614837368,6230.7692307692305,0.000043121707321237845,1065.0653024965986,0.031,0.32978723404255317,1-0-2313-1,i,UT_016,016,2,fave,163.64270058986335,66.5655105366907,10,developing,0,0.06994600000007267,"","",D,V,D,V,internal
366.1151989475134,2420.150563959479,2934.2939462978775,3.177829428646179,4.4650217979761,3.821969602915534,6230.7692307692305,0.003994862652254657,1065.6082265034013,0.057,0.32758620689655177,1-0-2313-7,i,UT_016,016,2,fave,76.709118217555,56.448291914853286,10,developing,0,0.15002400000003036,"","",P,NG,P,NG,internal
462.79744194451354,2213.911962191624,3367.03088199701,3.129848091170138,3.855466852793095,4.632178727223294,6410.25641025641,0.0011986284771343609,1067.4552171723356,0.031,0.32978723404255317,1-0-2316-3,i,UT_016,016,2,fave,1448.1546878700494,57.22941770053663,10,watching,0,0.07006799999999203,and,them,CH,NG,CH,NG,internal
470.75540069562163,1862.6280403341057,2845.576557758795,3.164224645622512,3.788464573055036,3.823058656522132,6230.7692307692305,0.00007314313472416784,1070.9713721587302,0.027000000000000003,0.32142857142857145,1-0-2324-1,i,UT_016,016,2,fave,75.91966657311865,58.197198825226025,10,develop,0,0.05993599999987964,and,"",D,V,D,V,internal
420.65134043625056,2414.537675147334,2827.208323499028,3.1173123116367383,3.661802368888084,4.099802302259831,6230.7692307692305,0.00017833934061374477,1072.9233288276641,0.031,0.32978723404255317,1-0-2330-1,i,UT_016,016,2,fave,84.35188237241125,62.30027742574132,10,things,1,0.06994600000007267,see,"",TH,NG,TH,NG,internal
473.7744340269534,1676.2246955448998,2895.4469535133044,2.7201178477552905,3.912590458250089,4.147928645466714,5692.3076923076915,0.0007785857041602221,1079.7953294965987,0.035,0.33653846153846156,1-0-2339-1,i,UT_016,016,2,fave,150.81836002138223,66.23342938630364,10,just,0,0.07995600000003833,"",the,JH,S,JH,S,internal
476.7405602526237,1629.2320224656767,2805.185849608119,3.9564513458291493,3.43522524783693,4.361670973643978,6051.282051282051,0.0003398315125882267,1081.0113231723356,0.027000000000000003,0.32142857142857145,1-0-2344-0,i,UT_016,016,2,fave,-1106.5751562472587,53.180881662767874,10,it's,0,0.06005800000002637,and,like,#,T,D,T,initial
509.8126576310586,1567.6978638619787,3071.6746155663236,3.163780064083325,3.6035146627837658,4.15324080839537,6230.7692307692305,0.00026552550725240394,1082.0913671587302,0.027000000000000003,0.32142857142857145,1-0-2349-1,i,UT_016,016,2,fave,226.1305285557138,55.70691115949391,10,this,1,0.05993599999987964,"",is,DH,S,DH,S,internal
435.4600097046204,1748.0429393334102,3061.136487580645,2.7572366965311623,3.715997442849361,3.9949590230210026,6230.7692307692305,6.402767480786653e-6,1083.1203081723354,0.025,0.33783783783783783,1-0-2356-1,i,UT_016,016,2,fave,83.1426202185681,58.35333519588029,10,just,0,0.0500489999999445,i,love,JH,S,JH,S,internal
521.9989180197199,1970.0462583485967,2304.997845013003,3.7440984461990694,4.147644917602318,4.052161456341714,6230.7692307692305,0.00199174569844807,1084.3253528276643,0.035,0.3365384615384616,1-0-2359-3,i,UT_016,016,2,fave,75.50142713669656,57.15547528101645,10,sharing,0,0.07995600000003833,"",that,R,NG,R,NG,internal
438.8469549143247,2088.4959041721618,2877.822305801041,3.4831360623886427,4.241835785058272,4.765000829960247,6410.25641025641,0.0018959491122812052,1107.3957285102042,0.037000000000000005,0.324561403508772,1-0-2372-1,i,UT_016,016,2,fave,81.44727623649923,61.513956201949135,10,think,1,0.09008800000015071,i,one,TH,NG,TH,NG,internal
474.6543874821062,1890.6705702200416,2637.7163204394647,3.052834865570285,4.19140516350268,4.24540584844619,6410.25641025641,0.0003067187057016567,1108.0147178412697,0.035,0.3365384615384616,1-0-2376-1,i,UT_016,016,2,fave,82.32956071451,61.02904000176001,10,biggest,1,0.08007799999995768,the,hurdles,B,G,B,G,internal
480.61345886479995,1964.4750278082736,2946.6028909041597,3.0987956084903585,3.647363943756132,3.7984575830141933,6230.7692307692305,0.0019685905650560554,1108.935715834467,0.097,0.3299319727891156,1-0-2379-0,i,UT_016,016,2,fave,214.39342483136457,56.31130327518633,10,is,0,0.2700190000000475,"","",#,Z,"",Z,initial
464.45769920045944,2216.20028829248,2934.5963533452245,3.592038711411121,3.758460549066145,4.165597107552249,6410.25641025641,0.0004017219636144623,1110.54274784127,0.031,0.32978723404255317,1-0-2381-9,i,UT_016,016,2,fave,78.26071973954743,59.14763868191711,10,understanding,0,0.07006799999999203,"",them,D,NG,D,NG,internal
427.6726114409602,1757.0998932413697,2987.4038804524835,3.2250301129163477,3.9495180997630848,4.3951395624783585,6589.74358974359,0.0005380829659749933,1115.0777484965986,0.04100000000000001,0.3306451612903227,1-0-2390-3,i,UT_016,016,2,fave,161.37234977250316,68.21096740645972,10,viewing,0,0.09997499999985848,"",them,uw,NG,uw,NG,internal
399.8190293690351,2156.3907821803023,2961.293745064653,2.9866456742119483,4.022978084795707,4.3433040120183595,6230.7692307692305,0.0005167086230514508,1116.2807321723355,0.027000000000000003,0.32142857142857145,1-0-2395-1,i,UT_016,016,2,fave,NaN,58.78367815424968,10,because,0,0.06005800000002637,child,as,B,K,B,K,internal
668.3490324326552,1904.953179327646,2994.5466496602,3.000151433946106,3.6263023601348516,3.782108213720492,5512.820512820513,0.09449557802124108,1118.0827668412696,0.07100000000000001,0.33177570093457953,1-0-2402-0,i,UT_016,016,2,fave,360.1433576408023,53.78030027187532,10,experiences,0,0.19006400000012036,these,that,#,K,Z,K,initial
496.3582933832456,1639.17082738364,2888.8082651283867,2.9547612744991554,3.57238348747446,3.7473394304663343,6051.282051282051,0.0004283161912886286,1119.0177235102042,0.040999999999999995,0.33064516129032256,1-0-2402-10,i,UT_016,016,2,fave,89.98922399642314,59.13570453160216,10,experiences,0,0.10009800000011637,these,that,S,Z,S,Z,internal
392.1765749756523,2266.9372296648075,2994.2962501929856,3.337398457739314,4.228786602059388,3.855158395418138,6410.25641025641,0.0010483355554812604,1122.259808165533,0.045,0.3358208955223881,1-0-2411-0,i,UT_016,016,2,fave,83.05642300159268,61.965271979684594,10,in,0,0.10998500000005151,have,our,#,N,V,N,initial
468.4425928572845,2221.547567351893,3176.121938071732,3.8076610406001086,3.9481222881855826,4.135479133384648,6410.25641025641,0.0007935840615564229,1124.0997674965986,0.045,0.3358208955223881,1-0-2415-9,i,UT_016,016,2,fave,142.47647338080793,56.55599236614176,10,understanding,0,0.10998600000016268,of,"",D,NG,D,NG,internal
476.4548505703857,2099.702221349526,2914.537706800027,3.189159423050901,3.8422101482398108,3.92771881241351,6230.7692307692305,0.00384692945855144,1124.4447271723357,0.11500000000000002,0.3343023255813954,1-0-2417-0,i,UT_016,016,2,fave,168.9418724111496,55.08862235674797,10,is,0,0.320067999999992,"","",#,Z,"",Z,initial
432.3408905842956,1951.8987333883622,3062.169356238641,3.0254549323876696,3.7439915550999,3.8971297908608107,6230.7692307692305,0.001935703751799654,1125.2314401655328,0.04100000000000001,0.3306451612903227,1-0-2419-0,i,UT_016,016,2,fave,166.68167052528344,56.70207992837673,10,is,1,0.09997599999996964,"",big,#,Z,"",Z,initial
532.0298576573738,2183.2744714066007,2953.3357578864066,3.0400146896226863,4.087794826774335,4.026235684644858,6410.25641025641,0.001141916838472706,1125.5134444965986,0.085,0.3346456692913386,1-0-2420-1,i,UT_016,016,2,fave,89.95646053295192,61.3662038054054,10,big,1,0.22998099999995247,is,"",B,G,B,G,internal
443.1499130705698,2045.8862901331736,2578.449252057725,2.980372430053944,3.8423734172083934,3.988314323619427,6410.25641025641,0.0000614901509849242,1126.55474615873,0.027000000000000003,0.32142857142857145,1-0-2423-0,i,UT_016,016,2,fave,NaN,63.649283333799744,10,experienced,0,0.059936000000107015,we've,life,#,K,V,K,initial
425.497785490304,2317.784528511298,3036.705425348637,3.269771364771221,3.724943474300551,4.627917093670074,6410.25641025641,0.000748399642567481,1128.0887808276643,0.035,0.33653846153846156,1-0-2428-0,i,UT_016,016,2,fave,340.80647615045257,55.02989936856402,10,experienced,0,0.07995600000003833,already,things,#,K,iyF,K,initial
464.1863621942055,1548.1419858980466,3058.402142677151,3.2353455008051566,3.543642046598985,4.216255375449197,5871.794871794871,0.00008729773277609101,1130.1447451723357,0.027000000000000003,0.32142857142857145,1-0-2436-0,i,UT_016,016,2,fave,121.22865845112752,54.24717296621839,10,is,0,0.060058999999910156,this,the,#,Z,S,Z,initial
514.1643508430025,1809.3794552590007,2136.5948536877845,2.9863549592513543,4.106589046916704,4.71086030705917,7128.205128205128,0.00021946076291693155,1133.3837305034015,0.025,0.33783783783783783,1-0-2444-0,i,UT_016,016,2,fave,82.31532184083002,64.01169485291766,10,example,0,0.05004900000017187,for,the,#,G,*hr,G,initial
408.01121824041593,1975.0715635485456,2895.641573542156,3.7810403471803666,3.48479949937658,3.808424186388634,6230.7692307692305,0.00088565255996211,1138.894719165533,0.047,0.3263888888888889,1-0-2470-0,i,UT_016,016,2,fave,147.7938178029942,54.89099886848291,10,it,0,0.11999500000001717,seen,throughout,#,T,N,T,initial
563.0024866147622,1796.5011603358728,2394.123354968266,4.134943549674278,3.5469668601648903,4.402695187792036,6769.2307692307695,0.0018466532345863393,1139.98971684127,0.037,0.32456140350877194,1-0-2475-0,i,UT_016,016,2,fave,78.64778245826224,53.73055052150178,10,entire,0,0.09008799999992334,our,"",#,N,R,N,initial
348.7818667175618,2483.0362500018873,3067.8260683370877,3.18007735354478,3.8545873000096504,3.9501139790452164,6410.25641025641,0.000864130009818736,1143.1137851587303,0.065,0.3350515463917526,1-0-2484-3,i,UT_016,016,2,fave,294.34299872760033,57.62986422267471,10,learning,0,0.16992199999981494,child,"",N,NG,N,NG,internal
518.9510617680143,1822.3173760097943,2939.6275555889283,3.522509707044422,3.548453758727186,3.655495387665571,6230.7692307692305,0.00013022865539469446,1148.5037311723354,0.025,0.33783783783783783,1-0-2508-0,i,UT_016,016,2,fave,NaN,52.046026220586086,10,it,1,0.0500489999999445,that,makes,#,T,T,T,initial
544.2846758832054,1927.5452845265543,2941.5576842505275,3.483577847718026,3.2353398623471628,3.571121893605003,6230.7692307692305,0.0003550699132077429,1150.933758165533,0.045,0.3358208955223881,1-0-2516-0,i,UT_016,016,2,fave,NaN,57.37239708575014,10,it,1,0.10998500000005151,associated,with,#,T,D,T,initial
539.1886824228734,1569.4706109964302,2720.6436022646308,3.7342342780366278,3.973066501410661,4.365382801979349,6410.25641025641,0.0005741276040863061,1151.1747468276642,0.027000000000000003,0.32142857142857145,1-0-2517-1,i,UT_016,016,2,fave,146.953787944723,55.2549670993047,10,with,0,0.059936000000107015,it,reading,W,TH,W,TH,internal
378.10266026236536,2698.3860936643337,3160.8965038191322,3.429491362135206,4.255683826213346,3.925465110009482,6589.74358974359,0.00476677475494767,1151.62971184127,0.07700000000000001,0.3290598290598291,1-0-2518-3,i,UT_016,016,2,fave,6870.20293970335,55.818129580844385,10,reading,0,0.2100829999999405,with,"",D,NG,D,NG,internal
445.7271723773866,2299.109713841606,2874.377694916671,3.317172625607697,3.8515427947923433,3.876346655818022,6230.7692307692305,0.0003476732891153522,1153.5587588344672,0.055,0.33536585365853655,1-0-2527-1,i,UT_016,016,2,fave,85.7099724696811,62.13462738183168,10,think,1,0.14001500000017586,i,"",TH,NG,TH,NG,internal
497.72314653971034,2123.384686206709,2666.1843268713533,2.4366432112626257,3.6599254494922473,4.054373479497107,5871.794871794871,0.00042256292707909754,1154.620060165533,0.047,0.3263888888888889,1-0-2530-1,i,UT_016,016,2,fave,159.87673777790798,72.26073086254205,10,biggest,1,0.11999599999990096,the,hurdle,B,G,B,G,internal
532.9097728928089,1748.3366731410285,2847.0584210286042,3.0782525587876255,3.776772944813756,4.191259668150112,6589.74358974359,0.000562304762406619,1156.890080165533,0.047,0.3263888888888889,1-0-2535-1,i,UT_016,016,2,fave,94.81785689426765,64.26224795800329,10,with,1,0.11999500000001717,have,"",W,TH,W,TH,internal
622.8004837019078,1643.8311205099724,3158.6418908983637,3.6646001545450004,3.656249713030654,3.99863410333307,6410.25641025641,0.0010639872407645625,1157.5340984965987,0.035,0.33653846153846156,1-0-2537-3,i,UT_016,016,2,fave,213.14472690799911,58.427275493003194,10,dealing,0,0.07995600000003833,"",with,L,NG,L,NG,internal
635.2425217517416,1401.179388769549,2778.616469647364,3.7663537684694854,3.7800923421679444,3.9990438362014853,5333.333333333333,0.00004873745346198021,1157.7090531723354,0.025,0.33783783783783783,1-0-2538-1,i,UT_016,016,2,fave,139.6861207978246,51.96632929907392,10,with,0,0.0500489999999445,dealing,little,W,TH,W,TH,internal
554.6124028004751,1398.3537808940164,3228.655292541786,3.246216118976588,3.873481492754505,3.9078988545822373,6410.25641025641,0.00003459803663349194,1157.8900788276642,0.027000000000000003,0.32142857142857145,1-0-2539-1,i,UT_016,016,2,fave,77.44754029259664,57.29947948155003,10,little,1,0.059936000000107015,with,children,L,T,L,T,internal
478.9808972099719,2186.1208129768875,2934.770842858035,2.756880807104224,3.781883924625884,3.995971174855437,6230.7692307692305,0.0005925153076964167,1159.189007165533,0.045,0.3358208955223881,1-0-2542-0,i,UT_016,016,2,fave,155.51517203056764,65.801721453709,10,is,1,0.10998500000005151,"",viewing,#,Z,"",Z,initial
486.5079990044328,1559.8439215205726,2594.0911710756727,3.70302677251685,4.17547363092876,3.7647835781874646,5333.333333333333,0.0006758386509729519,1159.5840198276644,0.035,0.3365384615384616,1-0-2543-3,i,UT_016,016,2,fave,NaN,57.2495804211437,10,viewing,0,0.07995600000003833,is,them,uw,NG,uw,NG,internal
496.87487438364695,2091.045492726015,3061.8628471645093,3.4948963500199186,3.9563347360440004,3.5572777174531445,6410.25641025641,0.0004869434491170305,1176.984539165533,0.045,0.3358208955223881,1-0-2552-1,i,UT_016,016,2,fave,186.18252627529532,67.36834856174775,10,think,1,0.10998500000005151,i,the,TH,NG,TH,NG,internal
516.8341923998466,1950.9357333436715,2701.8655754810584,3.040092161346788,3.6765687234535998,4.239582447139433,6230.7692307692305,0.0001131928947411902,1177.3825574965986,0.040999999999999995,0.33064516129032256,1-0-2554-1,i,UT_016,016,2,fave,82.43306471722471,66.0129657745285,10,biggest,1,0.09997599999996964,the,thing,B,G,B,G,internal
457.65371634161966,2044.2069724059725,2828.549510241921,3.3732448862123015,4.624208769227742,4.478017877878164,6589.74358974359,0.010433430677447517,1177.7775768276642,0.031,0.32978723404255317,1-0-2555-1,i,UT_016,016,2,fave,78.75219773055612,62.198659992399165,10,thing,1,0.06994600000007267,biggest,that,TH,NG,TH,NG,internal
482.0236769665327,2171.471381041815,2987.100364021644,3.1256759977033606,3.750926956810509,3.887218007256228,6230.7692307692305,0.0015058864304747905,1182.2725334965987,0.121,0.3324175824175823,1-0-2568-0,i,UT_016,016,2,fave,135.6758923285724,66.50021619363237,10,is,0,0.339966000000004,"","",#,Z,"",Z,initial
530.1237537513467,1774.4135801593363,2812.242677311041,3.2914533305928835,3.195719631551532,3.75395851792733,6230.7692307692305,0.0005610407254442564,1184.12643584127,0.037,0.32456140350877194,1-0-2571-1,i,UT_016,016,2,fave,105.0183839047493,64.30717791871939,10,this,1,0.09008799999992334,that,child,DH,S,DH,S,internal
475.96504112768594,1715.4514898414836,3072.117656171231,2.949476400345733,3.5829729009968667,3.985794821632973,6230.7692307692305,0.0011259510413542853,1184.9254564965988,0.035,0.33653846153846156,1-0-2573-0,i,UT_016,016,2,fave,NaN,53.495637176098334,10,is,0,0.07995600000003833,child,seeing,#,Z,D,Z,initial
330.7973765762893,2883.89833510857,3249.023823802994,3.1117600633438935,3.7617933732005495,5.61899000602451,7846.153846153846,0.0005144154658339335,1185.2304151723354,0.025,0.33783783783783783,1-0-2574-2,i,UT_016,016,2,fave,75.87579686368105,57.946137535336874,10,seeing,0,0.05004900000017187,is,this,iy,NG,iy,NG,internal
644.248838586518,1797.3309335904967,2881.5179355708256,4.098569387067629,3.3721161826213315,3.686455149292356,6051.282051282051,0.0017420998105639057,1185.4384721655329,0.040999999999999995,0.33064516129032256,1-0-2575-1,i,UT_016,016,2,fave,149.7118050856295,55.10766626207303,10,this,0,0.09997500000008586,seeing,"",DH,S,DH,S,internal
514.8774922029,1887.082976361921,2872.439904780537,2.8265633740515983,3.7763050449261155,4.038409624173244,6230.7692307692305,0.0006233780269366344,1188.411442165533,0.047,0.3263888888888889,1-0-2587-0,i,UT_016,016,2,fave,345.76496080019035,66.97405915774253,10,experiencing,0,0.11999500000001717,"",it,#,K,"",K,initial
421.86614239242994,2306.2706032894475,2786.496021139598,3.277787424774413,4.120692027426475,4.202449209315343,6051.282051282051,0.0002959837878695288,1189.1114201723356,0.027000000000000003,0.32142857142857145,1-0-2587-10,i,UT_016,016,2,fave,82.37391851087217,60.513556405690004,10,experiencing,0,0.06005900000013753,"",it,S,NG,S,NG,internal
385.2132903906708,2335.557658997356,2789.377830665776,3.686744852704869,3.746030782378409,3.8851343973764503,6230.7692307692305,0.0021882611564092045,1189.2634238344672,0.051000000000000004,0.3311688311688312,1-0-2588-0,i,UT_016,016,2,fave,79.86632266048724,60.70132522199874,10,it,1,0.13000499999998283,experiencing,"",#,T,NG,T,initial
444.70566591464217,1907.5653899180545,2803.446135882131,3.778094244742313,4.0224392677013965,4.241953390282507,6948.717948717948,0.0010549468562581583,1190.6604445034015,0.065,0.33505154639175255,1-0-2592-0,i,UT_016,016,2,fave,128.5481825106294,58.24465158251959,10,it,0,0.1700429999998505,seeing,"",#,T,NG,T,initial
421.84766104901337,2294.3463990365526,2847.5290194582385,3.17887180586896,3.8690081244156316,4.289629555699367,6230.7692307692305,0.00029992966700821943,1195.9514798276643,0.027000000000000003,0.32142857142857145,1-0-2606-0,i,UT_016,016,2,fave,78.44795803733943,57.650270579365795,10,experiences,0,0.0599369999999908,and,when,#,K,D,K,initial
442.8504878286939,1677.2223013707694,2923.5379470773337,2.99770558276732,3.5934648399579388,4.083048404047093,6051.282051282051,0.0001531925684740382,1196.7414251723355,0.027000000000000003,0.32142857142857145,1-0-2606-10,i,UT_016,016,2,fave,77.05547188699997,56.08903129607833,10,experiences,0,0.06005900000013753,and,when,S,Z,S,Z,internal
635.7177630291555,1231.3405132283146,2880.155798712391,3.3347682725374517,3.987693089154116,4.252756156013623,6230.7692307692305,0.0067411842585997275,1198.9634968344672,0.051000000000000004,0.3311688311688312,1-0-2612-0,i,UT_016,016,2,fave,30359.758219037216,53.78262727208966,10,experiencing,0,0.13000499999998283,also,it,#,K,owF,K,initial
394.9487709023949,1974.306615829364,2698.521156282393,3.405592213807802,3.8067625702244556,4.873015844293139,6051.282051282051,0.0013910910043075037,1206.6314401723357,0.027000000000000003,0.32142857142857145,1-0-2635-0,i,UT_016,016,2,fave,87.0827545988503,53.9523037677027,10,experiences,0,0.06005800000002637,background,that,#,K,D,K,initial
450.4679691053337,1530.5130420336561,2880.4763545342607,3.2410821315897937,3.420474876097936,3.6542775745987246,5871.794871794871,0.00044985369400241744,1207.4014591723355,0.027000000000000003,0.32142857142857145,1-0-2635-10,i,UT_016,016,2,fave,7960.173796733537,56.182673453821636,10,experiences,0,0.06005900000013753,background,that,S,Z,S,Z,internal
437.32066379072955,2342.529135132667,2886.699504764261,3.4264349248359713,4.344278081175314,3.775922622221086,6051.282051282051,0.0020265744657342304,1211.4195325102044,0.037000000000000005,0.324561403508772,1-0-2645-1,i,UT_016,016,2,fave,87.41108510085236,60.88444031325132,10,think,1,0.09008799999992334,i,when,TH,NG,TH,NG,internal
541.2730930585475,1724.6506782341348,2710.1095367830962,3.3693768733632234,3.78783799462572,4.13213137216989,6410.25641025641,0.000015447518858978043,1211.7135701723355,0.025,0.33783783783783783,1-0-2646-1,i,UT_016,016,2,fave,81.13163259339342,61.560712260376256,10,when,1,0.05004799999983334,think,"",W,N,W,N,internal
481.4984706202137,2574.9499981278323,3007.4503629659594,3.3481111924502422,4.348891219992263,3.957038608073519,6410.25641025641,0.00013207001389839668,1215.3365368276643,0.031,0.32978723404255317,1-0-2659-1,i,UT_016,016,2,fave,83.67611594353309,62.6120675375818,10,think,1,0.0699459999998453,i,it,TH,NG,TH,NG,internal
538.3425353360559,1999.222041848781,2936.5710863064237,3.355076072786801,3.5821807130794303,3.7916312286861666,6410.25641025641,0.0005244052592469024,1215.5695224965984,0.037000000000000005,0.324561403508772,1-0-2660-0,i,UT_016,016,2,fave,78.26531274267425,59.23289110647235,10,it,1,0.08996600000000399,think,"",#,T,K,T,initial
556.4331721728647,2021.5611101320355,2917.7887132439614,3.9413215326303725,4.302789932097858,3.90590899769501,5871.794871794871,0.0012917369749846008,1218.3385424965988,0.035,0.3365384615384616,1-0-2669-9,i,UT_016,016,2,fave,145.0606583776118,55.44161374780653,10,understanding,0,0.07995600000003833,and,with,D,NG,D,NG,internal
532.5429149527874,1448.8366765501085,2752.7630841929404,3.6726824577051227,3.907627817114584,4.029244548135053,6410.25641025641,0.0004199923799299888,1218.5945411587302,0.027000000000000003,0.32142857142857145,1-0-2670-1,i,UT_016,016,2,fave,1030.595013434039,56.33380498150499,10,with,0,0.05993599999987964,understanding,a,W,TH,W,TH,internal
439.5455628305656,1428.401107997711,2689.563408024158,4.16698418916649,4.220281089197281,4.315446691813956,5333.333333333333,0.12010974458695399,1220.6735055034014,0.065,0.3350515463917526,1-0-2677-2,i,UT_016,016,2,fave,-992224.698117982,47.338973858018,10,going,0,0.17004400000018904,are,through,ow,N,ow,N,internal
489.3523017227635,1453.7488656028993,2551.7848263562173,2.797683680064333,3.8087591288032447,4.077988293845178,5512.820512820513,0.00016939289934445826,1233.1645211723358,0.027000000000000003,0.32142857142857145,1-0-2713-1,i,UT_016,016,2,fave,157.84347428705726,66.6137264307285,10,without,0,0.060057999999798994,"",knowing,W,TH,W,TH,internal
591.5276099882961,1621.407317641953,2822.5705664773113,4.031260720208106,3.7842361960250224,3.6734943185688205,6410.25641025641,0.0019131641135376241,1233.6695325102044,0.037000000000000005,0.324561403508772,1-0-2714-2,i,UT_016,016,2,fave,339.70352705313553,58.148962337482835,10,knowing,0,0.09008799999992334,without,all,ow,NG,ow,NG,internal
441.57302334104565,2076.2513148751264,2831.5809607631363,3.19790590167855,4.013045650536974,3.761552588545389,6230.7692307692305,0.00010241108058897383,1236.6145658276644,0.027000000000000003,0.32142857142857145,1-0-2723-4,i,UT_016,016,2,fave,78.71984428286143,59.09537828859678,10,helping,0,0.0599369999999908,and,them,P,NG,P,NG,internal
584.8421531402428,1788.371407617398,2304.587781546547,3.0655693530764507,3.657312878577639,4.596310390068734,6589.74358974359,0.0025368529962276603,1254.5514091723355,0.031,0.32978723404255317,1-0-2746-0,i,UT_016,016,2,fave,526.199202921338,57.97087392981238,10,experiences,0,0.07006799999999203,their,of,#,K,R,K,initial
520.2691196791855,1673.0419421750296,2987.4528858006884,3.0177139759591625,3.380243283358454,3.568011554842923,6230.7692307692305,0.00016922901352582056,1255.2844884965984,0.037000000000000005,0.324561403508772,1-0-2746-10,i,UT_016,016,2,fave,115.31021864390063,60.60733048071367,10,experiences,0,0.08996600000000399,their,of,S,Z,S,Z,internal
626.5086221341169,1512.6119058876056,3116.803669148026,3.351730318204858,3.894965362284573,3.892530848198449,5871.794871794871,0.00004856164131254889,1256.13946215873,0.027000000000000003,0.32142857142857145,1-0-2749-1,i,UT_016,016,2,fave,93.08775758762353,57.444947857364895,10,with,0,0.0599369999999908,working,the,W,TH,W,TH,internal
520.9918715016915,1649.9191214597283,2921.8995682170603,3.121301565614594,3.436817560351121,4.194664948974893,6051.282051282051,0.0007041876670802404,1259.3634444965987,0.035,0.33653846153846156,1-0-2758-10,i,UT_016,016,2,fave,NaN,57.09102896721732,10,experiences,0,0.07995600000003833,with,of,S,Z,S,Z,internal
628.0793614431927,1540.316189884809,3022.432347864751,3.4307570317553355,3.8081462409339153,3.680288161099823,6230.7692307692305,0.0002192805410357851,1260.17140984127,0.031,0.32978723404255317,1-0-2761-1,i,UT_016,016,2,fave,148.58288392712203,55.76086890357889,10,with,0,0.07006799999999203,working,them,W,TH,W,TH,internal
534.2036673010124,1993.9903587753838,2962.8776615890274,3.5986217522683006,3.825684963949889,3.7607686132939118,6230.7692307692305,0.00105912871683497,1262.5234808344674,0.055,0.33536585365853655,1-0-2771-5,i,UT_016,016,2,fave,78.06304729023947,58.877141344019684,10,modeling,0,0.14001399999983732,and,"",L,NG,L,NG,internal
631.193491602216,1595.2738923562147,3089.741433162322,3.9035653077896804,3.923507450548697,3.8676573532541183,6051.282051282051,0.002310930383350068,1264.5356344965985,0.04100000000000001,0.3306451612903227,1-0-2779-5,i,UT_016,016,2,fave,150.09030087571162,56.31977871303373,10,modeling,0,0.09997499999985848,of,of,L,NG,L,NG,internal
384.9362556268463,2195.9503481883366,2869.0755908785645,3.6516498793129095,4.11768381951999,4.302505908923834,6230.7692307692305,0.0031730032734897,1265.0136215034013,0.057,0.32758620689655177,1-0-2783-0,i,UT_016,016,2,fave,145.44340559665832,55.09161258508523,10,instructions,0,0.15002500000014152,my,"",#,N,ay,N,initial
387.18342852158895,1674.61179567919,2990.313337080193,3.9101291347230296,4.017573628009335,4.017573611615193,6051.282051282051,0.0009788327387917526,1270.92388615873,0.027000000000000003,0.32142857142857145,1-0-2796-0,i,UT_016,016,2,fave,181.06597490208318,54.09782445054927,10,it,0,0.0599369999999908,modeling,"",#,T,NG,T,initial
340.9029767605836,2385.7192032381113,2990.4122426442427,3.124549040718086,3.8799977792546323,4.322599819874761,6230.7692307692305,0.0007311181665892411,1274.2621494965986,0.037000000000000005,0.324561403508772,1-0-2804-10,i,UT_016,016,2,fave,77.9957635551059,59.1095082907399,10,articulating,0,0.08996600000000399,as,and,T,NG,T,NG,internal
514.6733785106815,1942.7271706665308,2932.021932698322,4.076689910187091,3.971537884777466,4.734230980428287,6230.7692307692305,0.0018563576641332142,1274.7811638276644,0.035,0.3365384615384616,1-0-2806-3,i,UT_016,016,2,fave,150.3626425777495,57.7673779495305,10,sharing,0,0.07995600000003833,and,those,R,NG,R,NG,internal
492.8603483550676,1436.7029173710096,2962.0800808745253,4.107310999100428,3.9382667429105034,4.26984226823944,6051.282051282051,0.003523180901979649,1275.8511381723356,0.035,0.33653846153846156,1-0-2808-10,i,UT_016,016,2,fave,-399.4194659400176,42.90554863296935,10,experiences,0,0.08007799999995768,those,with,S,Z,S,Z,internal
450.2150239434987,1685.3115686677372,2957.0336559781204,2.663132112132738,3.394941517784257,3.8481771098359148,6230.7692307692305,0.0000676755394750101,1332.8516551723355,0.027000000000000003,0.32142857142857145,1-0-2825-1,i,UT_016,016,2,fave,80.10379225883557,66.22628856496125,10,just,0,0.06005800000002637,or,read,JH,S,JH,S,internal
421.91177199654356,2161.1340625746197,2910.5753389092592,3.4208064924368,3.633398653085821,4.206885572349052,6230.7692307692305,0.0008226519612238866,1334.0166664965984,0.037000000000000005,0.324561403508772,1-0-2832-0,i,UT_016,016,2,fave,-2789417.4578416906,58.09022372522375,10,in,0,0.08996600000000399,"",a,#,N,"",N,initial
558.5764494141737,1963.1637464313512,3274.7216544399885,3.8218439889790026,3.6813948560985854,4.836792159919309,7307.692307692308,0.0098145355961602,1355.6216545034015,0.057,0.32758620689655177,1-0-2847-0,i,UT_016,016,2,fave,367.6623571249161,55.234080068019665,10,in,0,0.15002399999980298,ladder,our,#,N,*hr,N,initial
561.3141994948323,1895.513099985882,2863.331317105133,3.088576614421644,4.086379512684704,4.030865959798082,5871.794871794871,0.000015197069762796807,1358.13665515873,0.027000000000000003,0.32142857142857145,1-0-2856-1,i,UT_016,016,2,fave,246.88524331303623,64.28595068740474,10,fiddle,1,0.059936000000107015,a,from,F,D,F,D,internal
450.6265755556496,2285.6522696444185,3100.1560211131737,3.419826933713453,3.5842103112930404,3.985329490558998,6230.7692307692305,0.0009444296683781793,1358.8007004965987,0.035,0.33653846153846156,1-0-2859-0,i,UT_016,016,2,fave,-24586.84165319988,57.43674517333851,10,italy,1,0.07995600000003833,"","",#,T,"",T,initial
526.0922799334517,1733.8665536162232,2986.7098815914364,3.232889865868222,3.391103859656888,3.5653002018777995,6230.7692307692305,0.00011682807949373774,1360.0606168412696,0.035,0.3365384615384616,1-0-2862-1,i,UT_016,016,2,fave,110.56939570724045,70.50720447713766,10,civil,1,0.08007799999995768,the,war,S,V,S,V,internal
1622.0412599654908,2296.736366907482,3218.841502809103,3.9229829654562827,4.026662144802397,4.056497413037867,5871.794871794871,0.09653353914597396,1361.6006288344672,0.055,0.3353658536585366,1-0-2866-0,i,UT_016,016,2,fave,374.5392319348385,49.75450416688015,10,in,0,0.1400149999999485,battles,the,#,N,Z,N,initial
579.2660358618014,1836.8114966157777,3104.8138256267134,3.0734654126156005,3.9088469463247284,3.853959181584774,6230.7692307692305,0.00007627642506105317,1363.3066111723356,0.027000000000000003,0.32142857142857145,1-0-2871-1,i,UT_016,016,2,fave,190.92704278904043,67.12509520293104,10,children,1,0.06005800000002637,the,saw,CH,L,CH,L,internal
604.729104482212,1739.1753455512217,3134.864522759421,3.7475194711290007,3.7955712264196513,3.900321067961971,6051.282051282051,0.003555876236081375,1367.576603165533,0.047,0.3263888888888889,1-0-2885-0,i,UT_016,016,2,fave,-236.98240492409397,54.51869857556995,10,in,0,0.11999599999990096,trail,the,#,N,L,N,initial
585.2906878081825,1888.7382313959242,2869.349851011209,3.2353051942332502,3.3127072020005914,3.698815598348214,6230.7692307692305,0.00015848558975371446,1370.9156854965986,0.045,0.3358208955223881,1-0-2897-1,i,UT_016,016,2,fave,85.63737501346871,64.3128728484627,10,ship,1,0.10998600000016268,the,"",SH,P,SH,P,internal
467.6853413296415,2048.4156943005696,2892.9850021108427,3.652387004679876,3.323773681734842,3.7355393968527224,6230.7692307692305,0.00019533170456535664,1376.0366848276642,0.027000000000000003,0.32142857142857145,1-0-2909-0,i,UT_016,016,2,fave,106.56120721377177,63.654187311561294,10,into,0,0.0599369999999908,crashed,an,#,N,T,N,initial
490.3275808036022,2349.3157970730754,3085.835351780363,2.5935451548246617,3.501321249683016,4.632654798496357,6051.282051282051,0.00015157337905626,1383.9775091723357,0.027000000000000003,0.32142857142857145,1-0-2931-1,i,UT_016,016,2,fave,491.3883582197983,59.5497794703911,10,kittens,1,0.060058999999910156,tiny,with,K,T,K,T,internal
400.8268522319075,2666.860719641495,2948.323329572205,3.4494668707628375,3.997426662407838,4.302281047312589,6230.7692307692305,0.0004427306967428702,1390.9152254965986,0.037000000000000005,0.324561403508772,1-0-2949-3,i,UT_016,016,2,fave,210.47961210684485,61.78654120734704,10,looking,0,0.08996600000000399,was,"",K,NG,K,NG,internal
449.6882711520423,2423.150456303021,3022.3255671615975,3.047381111634526,3.727658784286545,4.195396935481354,6230.7692307692305,0.0018521561776894252,1399.1442135034015,0.055,0.3353658536585366,1-0-2972-0,i,UT_016,016,2,fave,-4570.429651223786,60.61738329290614,10,is,0,0.1400149999999485,bay,home,#,Z,eyF,Z,initial
444.6529599260773,1781.9491864023312,3095.8438184887023,3.375340340143875,3.3710462598741744,4.028763024118485,6230.7692307692305,0.0012238430325177436,1400.5052255102044,0.037,0.32456140350877194,1-0-2976-0,i,UT_016,016,2,fave,NaN,53.48207993527912,10,in,0,0.09008799999992334,whales,the,#,N,Z,N,initial
415.8034264178732,2077.2265029289124,2573.302670347922,3.281457775276678,4.039606011703793,4.509141172704115,6769.2307692307695,0.0013353475079858922,1401.040231834467,0.047,0.3263888888888889,1-0-2978-3,i,UT_016,016,2,fave,168.94081531837878,63.03448690846554,10,spring,1,0.11999600000012833,the,"",R,NG,R,NG,internal
457.53086284056565,1875.5544409398085,2995.3288494161857,3.5630425985906884,3.761002673732388,4.386940229703788,6051.282051282051,0.0002556672118888907,1404.9622688276643,0.031,0.32978723404255317,1-0-2990-1,i,UT_016,016,2,fave,81.25005243728972,57.81433191426421,10,his,0,0.0699459999998453,from,pant,HH,Z,HH,Z,internal
564.5217527562305,1828.5542323786603,2765.8756125731893,2.7994430623624105,3.6072520635776946,4.075030787226425,6230.7692307692305,5.429263947413997e-6,1408.2391985034014,0.025,0.33783783783783783,1-0-2998-1,i,UT_016,016,2,fave,183.52056090140206,70.75930619155609,10,children,1,0.05004900000017187,many,learn,CH,L,CH,L,internal
531.9665415936845,1735.4784447838554,2123.77965532037,2.922076051950138,3.549060427526777,4.110796215764168,5692.3076923076915,0.00010396376558717264,1409.2702341723357,0.027000000000000003,0.32142857142857145,1-0-3001-2,i,UT_016,016,2,fave,89.67294601041664,66.94850335614409,10,britain,1,0.06005800000002637,about,in,R,T,R,T,internal
341.77979790974825,1926.7998681619802,2944.9205599708953,3.5040111820963187,3.1886613721119748,4.587514782703222,6230.7692307692305,0.000401759200832667,1409.5852694965986,0.037000000000000005,0.324561403508772,1-0-3002-0,i,UT_016,016,2,fave,159.72800094070647,60.6863076650799,10,in,0,0.08996600000000399,britain,school,#,N,N,N,initial
430.7212383762712,1997.0832861203448,2791.4341897420863,3.2203814354396503,3.5645373808620473,3.8806318532486426,6051.282051282051,0.00018055285334059266,1415.6974294965987,0.035,0.33653846153846156,1-0-3019-1,i,UT_016,016,2,fave,175.9250748483239,64.57123456764256,10,whittle,1,0.07995600000003833,to,sticks,W,T,W,T,internal
507.7292751782179,2117.48990448138,2926.72518147926,2.9621304112165916,3.4556959760989026,3.911120501849568,6230.7692307692305,0.000320642465089091,1416.2284584965985,0.037000000000000005,0.324561403508772,1-0-3020-2,i,UT_016,016,2,fave,412.2568432143943,56.91644255335371,10,sticks,1,0.08996600000000399,whittle,"",T,K,T,K,internal
543.454886608551,1655.2620919759836,2930.0543697963817,3.898019684445452,4.080907316371512,3.7190019041495157,6769.2307692307695,0.0002844070768208614,1424.6475024965987,0.035,0.3365384615384616,1-0-3043-2,i,UT_016,016,2,fave,122.44636539479055,65.7781176961249,10,swimmer,1,0.07995600000003833,the,dove,W,M,W,M,internal
451.3708715915759,2135.725363453465,2889.3050762618996,3.0272677617806183,3.8282122678863386,4.095739720948497,6230.7692307692305,0.0011089211903419344,1425.3104201655328,0.04100000000000001,0.3306451612903227,1-0-3045-0,i,UT_016,016,2,fave,13485.940530789836,58.493590259061335,10,into,0,0.09997500000008586,dove,the,#,N,V,N,initial
593.3945614647456,1733.738949387903,3144.1884178477094,2.9701368079119375,3.9289260910935226,4.1792414180325395,6410.25641025641,0.00005247330775673175,1428.1673281723356,0.027000000000000003,0.32142857142857145,1-0-3052-1,i,UT_016,016,2,fave,189.36908959125822,65.91100765538444,10,children,1,0.06005900000013753,the,would,CH,L,CH,L,internal
596.3302194713581,1814.419330284846,2933.754035212015,3.503533847493824,3.655361432116321,3.80569595284107,6589.74358974359,0.00012594475336453754,1432.5074818276644,0.035,0.3365384615384616,1-0-3062-1,i,UT_016,016,2,fave,89.65012195127377,63.39356433793827,10,milked,1,0.07995600000003833,farmer,the,M,L,M,L,internal
545.7663648423365,1643.370381563874,3197.720116686109,3.8913556418182607,3.7155983019959087,4.344200328464543,6051.282051282051,0.0052147115726259375,1437.153508165533,0.047,0.3263888888888889,1-0-3074-0,i,UT_016,016,2,fave,121838.38748573867,48.43917255775443,10,in,0,0.11999500000001717,bottle,the,#,N,L,N,initial
589.7269570075719,1859.4275173054573,2161.6722015359655,3.9120352604231634,4.156744933372722,4.216686126478031,4256.410256410256,0.02336772675736721,1440.5788991655331,0.045,0.3358208955223881,1-0-3082-0,i,UT_016,016,2,fave,537.4866457061129,48.905651861506996,10,in,0,0.1099859999999353,shells,the,#,N,Z,N,initial
390.10988050224046,2136.123367520696,2832.785172552494,3.8386673895908863,3.742166449900549,4.160765044466292,6230.7692307692305,0.007908721437915772,1444.5810515034013,0.061000000000000006,0.3315217391304348,1-0-3093-0,i,UT_016,016,2,fave,135.88769181874667,55.12188417257344,10,in,1,0.160033999999996,"",the,#,N,"",N,initial
704.9734437522311,2309.855316206307,3036.533033272528,3.7140022681353555,4.151273362719485,3.8596960982793407,6230.7692307692305,0.00015044082488344617,1453.27902384127,0.037,0.32456140350877194,1-0-3113-5,i,UT_016,016,2,fave,122.73581297197828,61.47505144426125,10,mechanic,0,0.09008799999992334,the,found,N,K,N,K,internal
471.25858298521814,2172.795179111593,3005.0403245981756,3.719847981155499,3.645204115892449,4.302862128294133,6051.282051282051,0.004594101653237071,1454.4510394965985,0.04100000000000001,0.3306451612903227,1-0-3118-0,i,UT_016,016,2,fave,-85.43292985629938,55.43962402811084,10,in,0,0.09997500000008586,"",the,#,N,"",N,initial
358.50482952040056,2230.4268764406443,2933.1937753567886,3.6055790401555874,3.869331275491374,3.827341614046362,6051.282051282051,0.0023384473272350247,1455.6310991655328,0.040999999999999995,0.33064516129032256,1-0-3122-0,i,UT_016,016,2,fave,165157.51666817954,54.41172243711472,10,in,0,0.09997500000008586,"",the,#,N,"",N,initial
590.0386693402568,1564.8428404779984,3098.7237942383276,3.6736164321247418,3.5207945042305173,3.8571350400172504,6230.7692307692305,0.00003182904708350785,1458.8881541723356,0.027000000000000003,0.32142857142857145,1-0-3130-1,i,UT_016,016,2,fave,165.13505729843146,57.69820014343172,10,with,0,0.06005800000002637,came,snacks,W,TH,W,TH,internal
755.8867777380897,1888.100736091772,2774.3623893374656,3.6765568462493516,3.435568521015701,4.2201284784427555,6051.282051282051,0.00025162654420628325,1460.9521838276644,0.035,0.3365384615384616,1-0-3137-1,i,UT_016,016,2,fave,130.06714919635638,54.87592371223504,10,milk,1,0.07995600000003833,of,"",M,L,M,L,internal
503.55820575075853,1153.9712632743983,3089.8013839446558,3.813951175119652,4.218625614082599,4.500125037680456,6230.7692307692305,0.039022786815450745,1464.2610784965987,0.08099999999999999,0.3319672131147541,1-0-3147-0,i,UT_016,016,2,fave,155.1399894643377,48.282542063017104,10,in,0,0.21997099999998682,cell,it,#,N,L,N,initial
697.0377156926799,1603.7973189447448,3042.089095415298,3.959887657780713,3.846049289371638,4.051214753194412,6230.7692307692305,0.004215389893490791,1464.523019510204,0.045,0.3358208955223881,1-0-3148-0,i,UT_016,016,2,fave,NaN,47.36677291635695,10,it,0,0.11010799999985466,in,"",#,T,N,T,initial
422.8779195708837,2515.358544054331,3041.5232755244665,3.2965730509573627,3.9707971635613584,3.9668288778962566,6410.25641025641,0.00002130732951560169,1467.1884471723356,0.027000000000000003,0.32142857142857145,1-0-3154-2,i,UT_016,016,2,fave,180.2751220019325,60.58987315632116,10,eating,0,0.06005800000002637,"",the,T,NG,T,NG,internal
527.2915733749757,1898.9602128311772,3048.8073313094897,3.2101674158500293,4.066888724022872,4.098754237644388,6410.25641025641,0.00004890185311358121,1470.1404974965985,0.031,0.32978723404255317,1-0-3163-1,i,UT_016,016,2,fave,206.69396259975855,66.52977573776644,10,children,1,0.06994600000007267,the,needed,CH,L,CH,L,internal
500.47474907856935,2019.5146459486698,3037.829802436971,3.216968991026787,3.348130382656151,3.479667995388669,6769.2307692307695,0.0001562983021807281,1470.6854144965985,0.04100000000000001,0.3306451612903227,1-0-3164-3,i,UT_016,016,2,fave,90.48895216269479,63.89728268205642,10,needed,0,0.09997500000008586,children,a,D,D,D,D,internal
650.1993779863918,1730.00066888933,3004.915253221506,3.4482795546480913,3.287563138504337,4.642784801369358,6230.7692307692305,0.00027033188529204276,1476.8334384965985,0.037000000000000005,0.324561403508772,1-0-3181-1,i,UT_016,016,2,fave,89.07394734354376,63.71423943981675,10,since,1,0.08996600000000399,"",last,S,N,S,N,internal
530.3145815759748,1967.4111777529567,3529.1766864860447,3.5910804431777428,3.4763040951361797,5.058434131220325,6948.717948717948,0.0030159542697119094,1489.9384271723357,0.067,0.3284313725490196,1-0-3212-0,i,UT_016,016,2,fave,87.60150594060138,57.84838953307584,10,in,0,0.18005399999992733,letter,the,#,N,*hr,N,initial
582.6410909660488,1793.2047280181016,3038.423712246913,3.225897678087459,3.3714639695030364,3.9886131191741185,6230.7692307692305,0.00006643299751836427,1491.9084171723357,0.027000000000000003,0.32142857142857145,1-0-3218-1,i,UT_016,016,2,fave,114.72496503319897,69.13066197662067,10,children,1,0.060058999999910156,the,heard,CH,L,CH,L,internal
445.7668617468816,2426.2879132627436,3123.4772788185096,3.6691260263021954,3.5826337180735295,3.958655014224922,6230.7692307692305,0.0034737688786524714,1500.715862165533,0.045,0.3358208955223881,1-0-3241-0,i,UT_016,016,2,fave,89.4791337594505,59.958415180319484,10,in,1,0.1099859999999353,"",our,#,N,"",N,initial
492.7984112784593,2065.0360114669334,2930.243001022559,3.386377347325788,3.182806984527147,3.7068631958493925,6230.7692307692305,0.0000221298175550848,1503.1838274965985,0.040999999999999995,0.33064516129032256,1-0-3249-1,i,UT_016,016,2,fave,199.89283010340608,66.60575669446466,10,fiddle,1,0.09997599999996964,a,from,F,D,F,D,internal
363.91566666862116,2274.528700135391,3162.45014592793,3.6996953329944486,4.0034862210813,4.230142807826282,6410.25641025641,0.011686563386797522,1503.786809165533,0.047,0.3263888888888889,1-0-3252-0,i,UT_016,016,2,fave,337.74898360144795,58.087976259703666,10,italy,1,0.11999500000001717,"","",#,T,"",T,initial
461.5311341610601,2165.83977464715,2927.890132763351,3.103312629148907,3.567709189908836,3.8247364371406607,6051.282051282051,0.00044341745694718656,1505.673823165533,0.040999999999999995,0.33064516129032256,1-0-3256-0,i,UT_016,016,2,fave,172.2345906439697,61.98578972678464,10,is,1,0.09997599999996964,breakfast,bread,#,Z,T,Z,initial
599.1100215554311,1514.5733689454387,2920.819387620483,3.7902847519121425,3.7344392007203746,4.216679451898605,5333.333333333333,0.0005519158451321826,1506.7068508276643,0.027000000000000003,0.32142857142857145,1-0-3260-1,i,UT_016,016,2,fave,85.26927032846378,53.30852451640995,10,with,0,0.0599369999999908,butter,jam,W,TH,W,TH,internal
425.2870916947045,852.3623763897849,2628.1250064322203,3.1893167468393933,3.2035752526805004,4.259506235825746,5333.333333333333,0.0014400219059752808,69.66115383446713,0.087,0.32954545454545453,1-0-11-1,owr,UT_016,016,2,fave,92.59514992983111,54.393117813961496,10,for,1,0.23999799999999993,"",approximately,F,R,F,R,internal
414.67735455675665,743.4301378459502,2613.754913279264,2.8695942388827502,3.154667322621312,4.233351242881361,6051.282051282051,0.0010828373135622605,74.74115583446712,0.087,0.32954545454545453,1-0-20-1,owr,UT_016,016,2,fave,84.71441914398267,52.512522145186416,10,for,1,0.23999799999999993,"","",F,R,F,R,internal
482.7343009085636,933.3186921583143,2467.180310528675,3.000304651711739,3.30953261535929,4.02418848779947,5153.846153846154,0.0007876531873272307,83.62315083446713,0.11100000000000002,0.3323353293413174,1-0-35-1,owr,UT_016,016,2,fave,116.37120884398284,52.34473939618659,10,for,1,0.31000500000000386,"","",F,R,F,R,internal
396.088407003856,674.4983644218723,2458.356715515899,3.4848269598560386,3.649643872815552,4.60312616704693,5333.333333333333,0.006868019362460718,96.97365116553289,0.04100000000000001,0.3306451612903227,1-0-71-1,owr,UT_016,016,2,fave,85.00292452832817,44.51361336210264,10,for,1,0.09999799999999937,"","",F,R,F,R,internal
502.9693353048515,874.7214848903125,2559.4845112636403,2.6938345191170123,2.888433518411785,3.8632307606272858,6051.282051282051,0.00007449047047725306,657.9561518276644,0.035,0.3365384615384616,1-0-1302-0,owr,UT_016,016,2,fave,131.6340619855521,71.4430330438594,10,or,1,0.07995600000003833,"",he,#,R,"",R,initial
446.0574876831466,958.680680271811,2398.3771042619364,3.303234134942813,2.9545485211546003,3.624947855075155,5333.333333333333,0.0000891408577497644,689.3693438344671,0.027000000000000003,0.32142857142857145,1-0-1349-3,owr,UT_016,016,2,fave,81.71060680390343,60.941950502286886,10,before,1,0.059996999999953005,away,"",F,R,F,R,internal
384.40069952180494,865.5458424061276,3059.8378254070494,3.9927956147925903,3.5855863898790123,3.9387834540418716,6051.282051282051,0.00893628236444598,883.0224385034014,0.101,0.3322368421052631,1-0-1949-0,owr,UT_016,016,2,fave,155.6694321214151,54.689596500634096,10,or,1,0.2800290000000132,elmo,cleveland,#,R,owF,R,initial
619.9211690491671,1596.480563974085,1983.2440924622645,3.0294601004786075,3.6509271937073318,3.6594109922711584,5153.846153846154,0.00010051121101851696,1147.2247958276644,0.027000000000000003,0.32142857142857145,1-0-2502-0,owr,UT_016,016,2,fave,NaN,55.17696644364573,10,or,1,0.05993599999987964,"",heard,#,R,"",R,initial
473.82462950261504,838.196706931972,2636.785608378164,3.269754631090709,3.13482390181729,3.724037398900481,5153.846153846154,0.0002215005528821424,1360.4436218412698,0.040999999999999995,0.33064516129032256,1-0-2863-1,owr,UT_016,016,2,fave,87.29153750511482,63.81637048031489,10,war,1,0.10009700000000521,civil,had,W,R,W,R,internal
508.6014196213892,836.4101151225874,2482.7659476040417,3.3019290469177074,2.9998917867647172,3.4460370051009805,5333.333333333333,0.00008800006593362579,1405.7152744965986,0.037000000000000005,0.324561403508772,1-0-2993-1,owr,UT_016,016,2,fave,106.27317751946956,68.66261481960551,10,for,1,0.08996600000000399,"",his,F,R,F,R,internal
752.0830320628589,1661.9719536295618,2635.0159284272163,3.197989737085189,3.542763233231803,4.4285524843319815,6410.25641025641,0.0006633017313675206,73.58015083446712,0.025,0.18656716417910452,1-0-17-2,ay0,UT_016,016,2,fave,173.48300452622556,56.00231591746107,10,price,1,0.1100009999999969,"",utah,R,S,R,S,internal
751.7631999167562,1693.2954609390267,2965.102863100608,3.3127122240475266,3.22073943750745,4.449035064438494,6230.7692307692305,0.00007935518880843239,265.9197518344671,0.029,0.34523809523809523,1-0-443-1,ay0,UT_016,016,2,fave,82.73258494020384,57.856833059907885,10,title,1,0.05999700000000985,"",one,T,T,T,T,internal
750.2142187141994,1647.8246241754805,2914.107824228911,3.049898893303523,3.3905673521529263,4.058973721330785,6230.7692307692305,0.00021347935247573077,403.0458428344671,0.057,0.37012987012987014,1-0-716-1,ay0,UT_016,016,2,fave,97.37497475060069,58.02648788718941,10,like,1,0.13000499999998283,really,"",L,K,L,K,internal
844.358841115829,1572.5334136049519,2752.309542617798,3.290776537902189,3.5811364884775334,4.397428608491602,5871.794871794871,0.0018698999103843724,458.2628401655329,0.059000000000000004,0.3390804597701149,1-0-786-1,ay0,UT_016,016,2,fave,186.04401836130913,58.066814442237636,10,life,1,0.1499939999999924,of,we,L,F,L,F,internal
799.0023479624618,1682.8996389505241,2688.640266641341,3.481330316070663,3.4633326192756066,4.077111697206536,6230.7692307692305,0.0005641604042802832,469.9558378344671,0.025,0.18656716417910452,1-0-818-1,ay0,UT_016,016,2,fave,77.23803460901247,56.226060123358046,10,tight,1,0.11001600000003009,very,community,T,T,T,T,internal
827.1264141122408,1628.4178133158402,2770.009274672235,3.4318580148355715,3.5048666021613744,4.021167008409132,5512.820512820513,0.0035018646767803452,483.6431545034013,0.061,0.3144329896907217,1-0-858-1,ay0,UT_016,016,2,fave,79.09961735778262,57.92867866177553,10,life,1,0.1700140000000374,my,where,L,F,L,F,internal
775.8188940425714,1806.4051425972455,2749.80268878262,3.4389708517236617,3.550445224442446,3.9431276453675097,6230.7692307692305,0.0004954088488743931,529.6078515034013,0.025,0.20161290322580647,1-0-954-1,ay0,UT_016,016,2,fave,82.24528600236118,60.0462895465035,10,tight,1,0.10003599999993185,really,little,T,T,T,T,internal
842.3510058224019,1756.1532810878641,2720.0745799755327,3.8904823539894293,3.6324829561398833,3.767448842723565,6589.74358974359,0.0012441718733302528,550.0761315034014,0.063,0.3247422680412371,1-0-1018-1,ay0,UT_016,016,2,fave,164.37124148741447,63.09060603184631,10,night,1,0.17004400000007536,"",games,N,T,N,T,internal
822.1277077803662,1521.0670177523116,3222.964538264539,3.8145798245733613,3.6853816145003533,4.529773764893899,6589.74358974359,0.008821955254958595,597.162658834467,0.093,0.3394160583941606,1-0-1168-1,ay0,UT_016,016,2,fave,122.39137479500248,57.14477961886421,10,life,1,0.25,home,and,L,F,L,F,internal
676.2855496944804,1745.4102874467794,2288.5436920166608,3.3286788614679765,3.5627291680099242,4.282523558442345,6230.7692307692305,0.00010652702809328393,726.9557451655329,0.04100000000000001,0.3306451612903227,1-0-1459-1,ay0,UT_016,016,2,fave,150.42287719336613,62.715917300810986,10,right,1,0.09997500000008586,lived,up,R,T,R,T,internal
860.9907575429006,1777.9160808015606,3032.644672345628,4.041343182414809,3.737429229860206,3.8665758589572996,6589.74358974359,0.0104370340112989,745.5307644965985,0.063,0.2581967213114754,1-0-1535-1,ay0,UT_016,016,2,fave,159.99923793910526,54.577723777256296,10,night,1,0.21997099999998682,every,and,N,T,N,T,internal
826.7783248790496,1745.3016108852885,2809.671724044925,3.6916394092605826,3.448841979007416,4.065599831845747,6410.25641025641,0.00165981448345906,748.0427291655329,0.047,0.3263888888888889,1-0-1545-1,ay0,UT_016,016,2,fave,169.22823675949104,62.38506744115784,10,night,1,0.11999499999990348,the,before,N,T,N,T,internal
902.9387078894576,1754.5785548621905,2881.7236907311294,3.4943035230496924,3.342650626910952,4.148702726655036,6230.7692307692305,0.00038842793307615524,825.7187681655328,0.043,0.34677419354838707,1-0-1785-1,ay0,UT_016,016,2,fave,158.47928568034496,58.44424998813909,10,night,1,0.09997600000008333,for,crawlers,N,T,N,T,internal
781.564052242942,1823.0558785931314,2800.7751954778278,3.5723429521263004,3.3741107808049016,3.830697692784567,6230.7692307692305,0.0003142597037765008,835.3227555034014,0.051000000000000004,0.49038461538461553,1-0-1818-1,ay0,UT_016,016,2,fave,150.31692899272608,62.78403223421164,10,night,1,0.080016999999998,the,crawlers,N,T,N,T,internal
876.929243547475,1654.0441131900407,2811.6818342846977,3.757908711650014,3.268342681236021,3.9555293378620715,6230.7692307692305,0.002848213834593572,841.4777341723355,0.041,0.3059701492537314,1-0-1841-1,ay0,UT_016,016,2,fave,82.06094129482055,59.917464704138915,10,night,1,0.11004700000000867,for,crawlers,N,T,N,T,internal
736.0857461483295,1722.2218185918857,3238.1642117005163,3.280758843397179,3.2979235408013476,4.074498029991069,6769.2307692307695,0.00048420822022342047,879.1604711655328,0.037,0.4404761904761904,1-0-1938-1,ay0,UT_016,016,2,fave,88.34543974830655,59.03846153423002,10,like,1,0.05999700000006669,mean,cousins,L,K,L,K,internal
692.994215723983,1725.0339175013646,2771.136840533414,3.9266601712341225,3.9133335544597787,4.440772778166173,6410.25641025641,0.0005832361930193079,951.6059488344671,0.035,0.37234042553191493,1-0-2092-1,ay0,UT_016,016,2,fave,79.24264581403536,59.18206308318497,10,myself,2,0.07000699999991866,consider,an,M,S,M,S,internal
737.2383869712619,1695.6874227333983,3012.6288526485705,3.092004174736073,3.587358607612496,3.8057920117559747,6948.717948717948,0.0004057150134741047,959.4809561655329,0.057,0.3097826086956522,1-0-2104-1,ay0,UT_016,016,2,fave,-1681.5401519625282,65.16806527123809,10,like,1,0.15997399999992012,"",[bracketed],L,K,L,K,internal
661.9926537383141,1517.2281133405968,2811.6988578286023,2.9826164415956535,3.5756411488222883,4.465474835450558,6589.74358974359,0.00024198951135232156,972.8844454965987,0.025,0.21929824561403513,1-0-2139-1,ay0,UT_016,016,2,fave,51382.44458500637,62.28869214264903,10,like,1,0.08996600000000399,feel,i,L,K,L,K,internal
726.3038092176972,1498.3826571288728,2973.4442092861304,3.5603208939448105,3.380516894540954,4.110353089732357,6230.7692307692305,0.001733144490858796,984.5761614965987,0.040999999999999995,0.33064516129032256,1-0-2184-1,ay0,UT_016,016,2,fave,158.2342056752489,57.18236929599896,10,like,1,0.09997599999996964,feel,i,L,K,L,K,internal
804.8413161369319,1670.7621618964372,2570.792729712326,3.048266317711305,3.4764824361557616,4.620203443300772,6051.282051282051,0.00011506886460621485,1081.2503031723356,0.045000000000000005,0.5357142857142857,1-0-2345-1,ay0,UT_016,016,2,fave,NaN,55.200635938107204,10,like,1,0.060058999999910156,it's,"",L,K,L,K,internal
810.9104891825029,1541.2985618306561,2466.2398028805137,3.382353682727494,3.7101485370385263,4.339549495317838,6230.7692307692305,0.0006107938193997849,1127.372704834467,0.043000000000000003,0.24712643678160923,1-0-2424-1,ay0,UT_016,016,2,fave,NaN,59.36983260721957,10,life,1,0.15002499999991414,experienced,"",L,F,L,F,internal
851.0664573323247,1543.6147247479291,2617.0827299343578,3.292581910962644,3.563772767351761,4.02309519429766,6230.7692307692305,0.0006616972607070214,1140.6397275102042,0.077,0.3031496062992126,1-0-2477-1,ay0,UT_016,016,2,fave,81.75742834857934,56.726867408085106,10,life,1,0.2301030000000992,"","",L,F,L,F,internal
767.5413418275599,1780.0400911065624,2914.7425951722244,3.489352937624424,3.539283567544298,4.386003681308178,6051.282051282051,0.00003868112193477567,1268.2906661723357,0.031000000000000003,0.4189189189189189,1-0-2790-1,ay0,UT_016,016,2,fave,NaN,51.44943264539661,10,like,1,0.0500489999999445,things,that,L,K,L,K,internal
719.2062931214389,1669.9549220505698,2411.3748062075224,3.0191718011606015,3.5936312139764692,4.456998359585255,6230.7692307692305,0.0005642316935758924,1330.8146118412697,0.053,0.4649122807017544,1-0-2817-1,ay0,UT_016,016,2,fave,258.2021826147819,68.51928831877431,10,like,1,0.09008800000015071,you,me,L,K,L,K,internal
773.6097078285254,1879.787321187478,2665.849736030275,3.1483019983712404,3.957271500738576,4.404038667079482,6230.7692307692305,0.0005621510163897053,1366.190627510204,0.035,0.26119402985074636,1-0-2880-1,ay0,UT_016,016,2,fave,192.32037927903096,67.49931734658455,10,hiker,1,0.11010699999997087,the,found,HH,K,HH,K,internal
844.7922784124605,1663.0023538684738,2568.2455520035614,3.2340079110237956,3.7357156775411915,4.537117722973417,6589.74358974359,0.0011448318262536894,1422.701092165533,0.045,0.2922077922077922,1-0-3039-1,ay0,UT_016,016,2,fave,175.66068040970512,66.78994819557512,10,writer,1,0.13000499999998283,the,tonight,R,T,R,T,internal
787.2397001644616,1658.2915243918653,2893.110093375628,3.505111348885493,3.603567989496246,4.043627727067987,6230.7692307692305,0.0005577301817149312,1487.5534165034014,0.057,0.32758620689655177,1-0-3206-1,ay0,UT_016,016,2,fave,79.48217115990667,61.144185261061295,10,night,1,0.15002499999991414,friday,"",N,T,N,T,internal
401.6336616224767,1951.5410477477874,2401.803154259578,2.6091752926698755,3.976833019135009,4.099620549748245,5692.3076923076915,5.829300315150884e-6,73.95015383446712,0.025,0.33783783783783783,1-0-18-1,uw,UT_016,016,2,fave,195.46207936353954,55.342522690318845,10,utah,1,0.050003000000003794,price,"",Y,T,Y,T,internal
355.9533639082134,2364.4167676407624,2791.792366410681,2.2309100805642412,3.754429990374032,4.565038290087006,6051.282051282051,0.00007891033083824896,77.88115383446711,0.027000000000000003,0.32142857142857145,1-0-26-1,uw,UT_016,016,2,fave,175.01997199566787,55.21888797369037,10,utah,1,0.05999799999999311,logan,"",Y,T,Y,T,internal
419.1974288485086,1913.8103708507156,2518.611549121802,3.094012439162449,3.887778669738183,3.8233322639455225,5692.3076923076915,0.00005654823718650998,82.76115083446712,0.027000000000000003,0.32142857142857145,1-0-33-1,uw,UT_016,016,2,fave,183.79249824758156,54.307401570706666,10,utah,1,0.060006000000001336,clearfield,"",Y,T,Y,T,internal
396.95244223451704,2255.625596503552,2731.1007182202775,3.084010220532211,4.164025871059696,4.641369190105305,6230.7692307692305,0.00019973001809144695,96.07564416553288,0.025,0.33783783783783783,1-0-68-6,uw,UT_016,016,2,fave,175.45368341691642,53.41787045919115,10,syracuse,2,0.050002999999989584,"",utah,Y,Z,Y,Z,internal
394.36545821135076,2127.1693992162823,2665.885499045811,2.837722679729828,4.092176154550287,4.688551486672593,5871.794871794871,0.0013007213994189084,96.31664916553288,0.027000000000000003,0.32142857142857145,1-0-69-1,uw,UT_016,016,2,fave,85.13154902563635,50.56262077843184,10,utah,1,0.05999799999999311,syracuse,"",Y,T,Y,T,internal
370.6095298300547,2125.251224281956,2616.3546367650106,3.3337537824344023,3.907163175696629,3.739406699611277,5692.3076923076915,0.00006248143772205945,140.30594516553288,0.025,0.33783783783783783,1-0-129-1,uw,UT_016,016,2,fave,157.8017242991829,47.67931653778047,10,utah,1,0.050003000000003794,kaysville,"",Y,T,Y,T,internal
362.3840351425668,1961.925484538183,3036.5473662662007,3.4319634671999286,4.07001099149831,4.382011006093073,6589.74358974359,0.0007495250459382976,239.09864883446713,0.04100000000000001,0.3306451612903227,1-0-355-1,uw,UT_016,016,2,fave,152.4820339449513,55.6207622513012,10,movie,1,0.10000599999997917,a,or,M,V,M,V,internal
357.8481036469643,1940.4214978881246,2293.0797271833385,2.8372790392748795,4.7048870100148665,4.877204935334187,6410.25641025641,0.0016515535809553188,395.5408471655329,0.027000000000000003,0.32142857142857145,1-0-699-2,uw,UT_016,016,2,fave,170.81434235848093,69.5066579676814,10,beautiful,1,0.05999700000000985,as,as,Y,T,Y,T,internal
313.95974581940476,1995.6186152100108,2935.8297230222706,3.145233202818036,4.189230065063331,3.984445795889451,6410.25641025641,0.000019215008981266707,470.4658525034014,0.025,0.33783783783783783,1-0-819-4,uw,UT_016,016,2,fave,153.00984496973987,57.00636218719767,10,community,1,0.0500189999999634,tight,and,Y,N,Y,N,internal
401.23306523653196,1746.106042577932,2623.3027011787003,2.805574506555841,3.5969046778279745,3.687058585737968,5512.820512820513,0.0003982120968995266,537.3381315034013,0.087,0.32954545454545453,1-0-976-2,uw,UT_016,016,2,fave,85.75456646357047,61.43673030240396,10,huge,1,0.24005099999999402,big,"",Y,JH,Y,JH,internal
393.95504775727784,2016.8992201017159,2583.016779430529,2.8657843143395354,3.732526358583304,3.9576777284833904,5692.3076923076915,0.0006663115472792709,561.9858465034014,0.040999999999999995,0.33064516129032256,1-0-1054-1,uw,UT_016,016,2,fave,89.50951997586313,60.66059715168089,10,shooting,1,0.10003699999992932,"",the,SH,T,SH,T,internal
370.70862959541034,2253.644769227499,2720.9750442840486,2.8577887187611877,3.9111038648098897,4.1830872244577115,6230.7692307692305,0.0013982593749609397,569.4238338344671,0.057,0.32758620689655177,1-0-1089-1,uw,UT_016,016,2,fave,84.05714538986004,59.64410031977553,10,chew,1,0.15002400000003036,just,the,CH,#,CH,DH,final
394.920751767193,2040.5737283448013,2740.6636578277225,2.938206171823,3.3654590795322656,3.6966963153463968,6051.282051282051,0.00019668616958540578,658.5571438344672,0.037,0.32456140350877194,1-0-1305-1,uw,UT_016,016,2,fave,79.40694674733471,63.38724328057665,10,use,1,0.09002699999996366,would,em,Y,Z,Y,Z,internal
336.99197562376327,1950.8251143739622,3050.1250712829406,3.5893302261776006,3.996578575154668,4.392404374293846,5692.3076923076915,0.00006923866696187846,661.7811361723357,0.025,0.33783783783783783,1-0-1315-4,uw,UT_016,016,2,fave,153.23501352610435,59.463727617042544,10,community,1,0.050047999999947024,the,"",Y,N,Y,N,internal
361.76550697651027,1699.7851106336045,2515.690045961087,3.102844147841849,3.888835439848585,4.013415231344943,5333.333333333333,0.0007770783631482281,838.2207738344671,0.047,0.3263888888888889,1-0-1829-2,uw,UT_016,016,2,fave,119.81853470973263,62.97289277412934,10,huge,1,0.11999600000001465,were,night,Y,JH,Y,JH,internal
330.1059408132396,1724.8418004410871,2974.36675275628,3.011506373795656,4.595036471647489,4.31189851021141,5692.3076923076915,0.002353609786896348,859.3782408344671,0.031,0.32978723404255317,1-0-1906-2,uw,UT_016,016,2,fave,173.32389479457885,59.16033465487642,10,knew,1,0.07000700000003235,i,"",Y,#,Y,"",final
499.1484878282924,1857.6709677296817,2783.6208618261403,2.34774020093179,3.5081334332739433,3.8819128151386835,5871.794871794871,8.078549035546144e-6,877.7254341723356,0.027000000000000003,0.32142857142857145,1-0-1931-2,uw,UT_016,016,2,fave,164.19801240839783,70.36779982342208,10,few,1,0.06005900000002384,a,that,Y,#,Y,DH,final
456.970822337487,2129.597403153106,2895.080547974107,3.839138687499685,3.870174708562401,3.631200333500063,6410.25641025641,0.0001871988376491224,884.0654441655329,0.027000000000000003,0.32142857142857145,1-0-1952-1,uw,UT_016,016,2,fave,153.8840766681537,58.38247489825191,10,you,1,0.05999700000006669,"",know,Y,#,Y,N,final
361.0696398520113,1920.68742040396,3055.0412019349237,3.340431846433667,4.062489622805833,4.496654582420637,6230.7692307692305,0.0013492761666545683,904.1302524965986,0.037000000000000005,0.324561403508772,1-0-2017-1,uw,UT_016,016,2,fave,158.82770278615874,56.81240101558836,10,moved,1,0.08996600000000399,they,back,M,V,M,V,internal
454.137637247035,1219.7582405022615,2403.2640188393766,2.9936416544241284,4.710050674131261,4.0815659859869005,5333.333333333333,0.004217782477120195,1115.0027968276643,0.031,0.32978723404255317,1-0-2390-2,uw,UT_016,016,2,fave,171.40702793911498,70.17989235049113,10,viewing,1,0.06994600000007267,"",them,Y,i,Y,i,internal
432.56091930764507,2155.3357135313827,2630.5789424783584,3.192624476382091,3.8761930031480563,4.164928883005336,5692.3076923076915,0.000037508317466195795,1138.1347361723356,0.027000000000000003,0.32142857142857145,1-0-2465-1,uw,UT_016,016,2,fave,154.44646017571225,60.63471907046348,10,used,1,0.06005800000002637,we've,it,Y,Z,Y,Z,internal
428.3671683993383,1747.3776614967783,2511.2571185997517,3.294717431473877,3.627860176752158,3.9818990495948703,5512.820512820513,0.0002568360697348714,1159.52007815873,0.027000000000000003,0.32142857142857145,1-0-2543-2,uw,UT_016,016,2,fave,76.49029301389565,59.90453217959596,10,viewing,1,0.059936000000107015,is,them,Y,i,Y,i,internal
388.265355190623,2058.2856314940336,3019.4414955509415,3.9158855016295657,3.8566916729397405,4.233126158822025,6051.282051282051,0.0006455186652426929,1228.3335651723355,0.025,0.33783783783783783,1-0-2698-1,uw,UT_016,016,2,fave,79.79145233598203,58.16464636743592,10,you,1,0.0500489999999445,"",know,Y,#,Y,N,final
370.3654848096591,2604.4642957218207,2702.0613842801126,3.289892831413815,3.8815760669109856,4.880962444083453,6589.74358974359,0.000054806057694111116,1228.7735061723354,0.025,0.33783783783783783,1-0-2702-1,uw,UT_016,016,2,fave,77.82329064539992,57.72312646892321,10,you,1,0.05004900000017187,mean,can't,Y,#,Y,K,final
379.22739756180346,2179.5331682971346,2881.1637181801198,2.938748473630152,3.7428735302747413,4.074879432440812,6230.7692307692305,0.00020100764795065803,1395.0192014965987,0.045,0.3358208955223881,1-0-2961-1,uw,UT_016,016,2,fave,180.5889573785107,64.42247212536923,10,used,1,0.10998499999982414,carpenter,"",Y,Z,Y,Z,internal
458.53483995648645,924.4172239933821,2951.873358038482,2.554521371137841,3.1885226517466725,3.8277143730442083,5512.820512820513,0.00021181480278164032,1409.9972155102041,0.04100000000000001,0.3306451612903227,1-0-3003-2,uw,UT_016,016,2,fave,158.53770362428668,65.92524817885575,10,school,1,0.10009800000011637,in,"",K,L,K,L,internal
458.5150881506678,876.4785397496183,3148.7848703725613,2.445386287541438,3.369573287785677,4.077585716397088,5512.820512820513,0.0001855534123782922,1457.8831285034014,0.057,0.3275862068965517,1-0-3127-2,uw,UT_016,016,2,fave,120.11723741817653,70.02596070268275,10,school,1,0.15002499999991414,the,lunch,K,L,K,L,internal
824.4599935568581,1509.3888900643087,3150.5662537608127,3.412244688589536,3.5880951247793136,4.302503927839369,6051.282051282051,0.0009489512529329814,74.21715483446712,0.119,0.33615819209039544,1-0-18-3,o,UT_016,016,2,fave,140.22411076805486,49.636556488417796,10,utah,2,0.33000199999999325,price,"",T,#,T,"",final
807.4883438086215,1409.6662778005668,2941.2935520107253,3.3118147188822102,4.058658888479992,4.368301220184336,5692.3076923076915,0.002116403296629826,78.12115483446712,0.067,0.32843137254901966,1-0-26-3,o,UT_016,016,2,fave,98.50489203187145,49.78349478003186,10,utah,2,0.1800010000000043,logan,"",T,#,T,"",final
781.670115015346,1436.7921957529306,2856.2243603167285,3.47560613519342,3.865032673881434,4.066798819717403,6051.282051282051,0.0014099037788624594,83.06515383446713,0.11500000000000002,0.3343023255813954,1-0-33-3,o,UT_016,016,2,fave,87.07795672975496,49.688438408458936,10,utah,2,0.3199989999999957,clearfield,"",T,#,T,"",final
804.1943983980916,1524.2994243137261,3189.686452760258,3.4124310872768966,3.636476198420678,4.444315654451618,6051.282051282051,0.0012572810944825904,96.56864516553289,0.07100000000000001,0.3317757009345795,1-0-69-3,o,UT_016,016,2,fave,166.31471450368014,46.895012407904574,10,utah,2,0.19000199999999268,syracuse,"",T,#,T,"",final
831.7217234242738,1519.4734733343544,2679.136568905075,3.567361169333773,3.6900191081661315,4.099134150179967,5871.794871794871,0.001925400686162184,140.5909508344671,0.095,0.33450704225352107,1-0-129-3,o,UT_016,016,2,fave,196.86639385580773,47.84213130519637,10,utah,2,0.2600089999999966,kaysville,"",T,#,T,"",final
901.8734293891604,1599.3806229055247,3288.299594940259,3.7423481105821454,3.475214387910196,4.23265432201491,6230.7692307692305,0.00017234313006373754,155.9062501655329,0.031,0.32978723404255317,1-0-168-1,o,UT_016,016,2,fave,84.17864657335599,55.001141226196445,10,not,1,0.06999200000001338,i'm,too,N,T,N,T,internal
930.5171490504142,1537.926597224082,2934.2599814032474,3.521598894128722,3.615456102471258,4.444351675945795,6051.282051282051,0.0017119999861039826,206.4831461655329,0.055,0.33536585365853655,1-0-267-1,o,UT_016,016,2,fave,118.15120598920869,52.58035269622717,10,not,1,0.13999899999998888,and,"",N,T,N,T,internal
819.0783387669442,1199.8376740251795,2750.6299772625107,3.5455453975383953,4.146547714789569,4.571453281523811,5333.333333333333,0.0015786918965825822,207.44814716553287,0.045,0.3358208955223881,1-0-271-1,o,UT_016,016,2,fave,115.62731627271026,51.430077268784316,10,lot,1,0.11000000000001364,a,of,L,T,L,T,internal
805.3753099055682,1251.2485301697334,3769.5667096395264,3.386905792987418,3.585485506528714,5.025809199707868,6410.25641025641,0.0064244565386019125,211.1511548344671,0.07100000000000001,0.3317757009345795,1-0-280-1,o,UT_016,016,2,fave,79.40367015000062,59.56767204173496,10,lot,1,0.19000300000001857,a,of,L,T,L,T,internal
770.4563410823372,1483.887044437028,2551.302975306338,3.2178545879412805,3.9053564150944413,4.318972139137401,5512.820512820513,0.0019813904109812776,223.2350531655329,0.055,0.33536585365853655,1-0-312-0,o,UT_016,016,2,fave,-189.48555613023055,56.73486162282786,10,often,1,0.1399990000000173,actually,"",#,F,iyF,F,initial
738.3179216349785,1287.9146213432155,2439.9528753494737,3.2592074955340804,3.328078397231442,4.212326129381726,5512.820512820513,0.000981204592161411,238.7086498344671,0.04100000000000001,0.3306451612903227,1-0-353-1,o,UT_016,016,2,fave,153.06904139017973,58.14821956798211,10,watch,1,0.10000600000000759,"",a,W,CH,W,CH,internal
776.4039814000809,1374.3344024146136,3027.4958932284044,3.2162230211273277,3.849649193660695,4.494865194579285,6410.25641025641,0.0009227176810603758,249.29565183446712,0.055,0.3353658536585366,1-0-383-1,o,UT_016,016,2,fave,165.3253631964246,62.525082656385486,10,lot,1,0.13999899999998888,a,of,L,T,L,T,internal
797.9618955716027,1378.189221454804,2873.414310858204,3.641567978558329,3.5515751424985624,4.331563896809752,6051.282051282051,0.000038593666485790244,253.07875483446713,0.027000000000000003,0.32142857142857145,1-0-398-0,o,UT_016,016,2,fave,160.84019792664404,53.348938465656936,10,on,1,0.05999800000000732,up,the,#,N,P,N,initial
711.9307882314918,1460.0856664802807,2271.0271275914174,2.9120048932050477,3.674319057558079,4.492769040558244,6051.282051282051,0.00013814998631540837,254.77075783446713,0.031,0.32978723404255317,1-0-405-1,o,UT_016,016,2,fave,88.50277750449469,59.79267309300197,10,got,1,0.06999199999998496,i,special,G,T,G,T,internal
819.9226238834692,1392.1028746829252,3506.1032496875837,3.7948788084702842,3.60318523025126,4.519454237174572,6051.282051282051,0.00010296857609797086,256.4077418344671,0.025,0.33783783783783783,1-0-411-0,o,UT_016,016,2,fave,22.627416997969522,52.06781532050834,10,on,1,0.05001799999996592,up,the,#,N,P,N,initial
719.0905732750946,1425.6034796706278,2787.1753610542874,3.498590971032378,3.7705249821359894,4.485801336808244,5871.794871794871,0.0033750831681198575,263.5827491655329,0.035,0.33653846153846156,1-0-436-0,o,UT_016,016,2,fave,433.00209372862156,58.84481839471502,10,also,1,0.0799870000000169,was,working,#,L,Z,L,initial
858.5556757732327,1420.0888264173414,2538.812626888347,3.762635428440856,3.536858190702521,4.50432285319259,6051.282051282051,0.0004416637460970094,332.52505250340135,0.035,0.3365384615384616,1-0-544-1,o,UT_016,016,2,fave,NaN,64.37006689258324,10,not,1,0.080016999999998,"",good,N,T,N,T,internal
906.0886004983748,1279.7598053599822,2693.9036342044583,3.868622986081623,3.8271377663418273,4.0844335962963045,6051.282051282051,0.0002333426249419181,340.6707361655329,0.051000000000000004,0.3311688311688312,1-0-573-1,o,UT_016,016,2,fave,170.64981816950726,68.39003155374355,10,mom,1,0.13000499999998283,wasn't,quality,M,M,M,M,internal
765.1089152705605,1261.0915613248824,2608.8364905133903,3.335935770705148,3.430257119270714,3.7771818532334835,6051.282051282051,0.000052641019182048175,341.0337621655329,0.037000000000000005,0.324561403508772,1-0-574-2,o,UT_016,016,2,fave,156.29346999577794,66.2670228056195,10,quality,1,0.08999599999998509,mom,"",W,L,W,L,internal
668.9503126508642,1507.0240742544192,2822.6458094867035,3.836144055917703,3.6131716660440505,3.8803354040267592,5871.794871794871,0.004212268237217288,342.3707381655329,0.07100000000000001,0.3317757009345795,1-0-579-1,o,UT_016,016,2,fave,135.03488914111523,51.058233710371425,10,was,1,0.19000299999999015,it,"",W,Z,W,Z,internal
819.8466613391892,1304.9986162421155,2654.191789957694,3.1479585743166525,3.5482888072126575,4.193324510975716,6230.7692307692305,7.23206020477039e-6,373.1121488344671,0.025,0.33783783783783783,1-0-625-2,o,UT_016,016,2,fave,238.33709089420728,66.74470928790467,10,probably,1,0.05001799999996592,"","",R,B,R,B,internal
888.7419462699112,1228.8816113860812,2597.6670584357776,3.621573573019321,3.455018844733516,4.762306845764147,5333.333333333333,0.0014916494858842643,383.11765683446714,0.08099999999999999,0.3319672131147541,1-0-652-1,o,UT_016,016,2,fave,143.38113168480606,65.86892401314826,10,mom,1,0.2200019999999654,with,"",M,M,M,M,internal
744.1429620375735,1161.3522294376112,2724.583929752361,2.977845863194711,3.1978203057181025,3.705463897872672,6051.282051282051,0.00025203284192140663,389.1576548344671,0.040999999999999995,0.33064516129032256,1-0-675-1,o,UT_016,016,2,fave,NaN,59.35438417932219,10,watching,1,0.10000600000000759,loved,her,W,CH,W,CH,internal
858.4417970172389,1457.2860667162256,2576.1295757715357,3.2868037637831957,3.8476671288421067,4.4159004561568,6589.74358974359,0.00015410719004933037,401.54285283446717,0.031,0.32978723404255317,1-0-710-2,o,UT_016,016,2,fave,243.83275228114172,69.45363433554138,10,probably,1,0.0700069999999755,so,"",R,B,R,B,internal
825.8373766476449,1521.003183356865,2901.422444126877,3.297829624557267,3.68420650867947,4.352624607753305,6051.282051282051,0.002099616430745939,443.39764549659867,0.055,0.33536585365853655,1-0-745-3,o,UT_016,016,2,fave,91.92032895227675,58.37466579323469,10,utah,2,0.1399839999999699,in,has,T,#,T,HH,final
843.2926635512986,1422.4850131037138,2596.2183819205707,3.0986479721421563,3.7454619913699707,4.509511831481019,5692.3076923076915,0.0014906441343045527,446.9879418344671,0.051000000000000004,0.3311688311688312,1-0-755-2,o,UT_016,016,2,fave,228.87572091570365,70.93808410888695,10,probably,1,0.13000499999998283,but,"",R,B,R,B,internal
800.4462817402283,1484.8916993758878,2681.100425205528,3.489791122057943,3.8361723313310288,4.165174636609573,5871.794871794871,0.0016343624015011924,453.8138648344671,0.061000000000000006,0.3315217391304348,1-0-777-3,o,UT_016,016,2,fave,181.75752113822003,57.66787467543473,10,utah,2,0.1600029999999606,huntington,"",T,#,T,"",final
813.9785431141536,1330.2786986546876,3160.064819404257,3.540480041129866,3.7753788308075458,4.46190264603611,6410.25641025641,0.0005816255213489306,472.1418508344671,0.057,0.32758620689655177,1-0-824-1,o,UT_016,016,2,fave,150.69298859505224,64.36006772122639,10,lot,1,0.1499939999999924,a,of,L,T,L,T,internal
701.2978139313448,1160.1958262512537,3094.5543661673946,3.822991214856566,3.620027496592167,3.732618599905197,6230.7692307692305,0.004418110627947788,487.5261581655329,0.047,0.3263888888888889,1-0-870-0,o,UT_016,016,2,fave,78.0980276600945,59.24277280818962,10,all,1,0.11999500000001717,know,the,#,L,owF,L,initial
889.4982226250644,1074.6651272888137,2784.7048583965493,3.669101655619057,3.6036131831032217,4.306050236315326,6051.282051282051,0.0013856563266445598,497.79886016553286,0.065,0.33505154639175255,1-0-889-1,o,UT_016,016,2,fave,131.08178380658484,63.47336603589837,10,fond,1,0.169983000000002,"",core,F,N,F,N,internal
672.0597294042227,1225.4787366762787,2091.876597116738,3.41307034591604,3.47595989473956,4.24165249349785,5871.794871794871,0.0001077297750722682,508.79974983446715,0.031,0.32978723404255317,1-0-913-4,o,UT_016,016,2,fave,181.17712304950024,61.3918038952943,10,responsibility,2,0.0700069999999755,of,i,P,N,P,N,internal
810.2241556800866,1431.5745639194458,2757.7675900747454,3.3243792698911387,3.723499748597273,4.895036750219435,6769.2307692307695,0.00468580724857131,515.2326295034014,0.10500000000000001,0.33439490445859876,1-0-936-1,o,UT_016,016,2,fave,168.66869130958705,66.09518463993479,10,jobs,1,0.29003899999997884,my,and,JH,B,JH,B,internal
624.7158679219967,1477.5315584488994,3102.589475769607,3.4119571327198113,3.8257125593552828,4.151882299788989,6410.25641025641,0.0026785281377306285,533.4986514965987,0.057,0.3275862068965517,1-0-966-0,o,UT_016,016,2,fave,141.30635958493022,53.68356986310733,10,always,1,0.149962999999957,would,play,#,L,D,L,initial
839.1891227808585,1471.6237270213971,2887.122483278626,3.6457405651194157,3.521570143311319,4.295681283912575,6051.282051282051,0.0011879725231754847,543.7151455034015,0.061000000000000006,0.33152173913043487,1-0-997-0,o,UT_016,016,2,fave,78.80243996894782,54.220617668993356,10,on,1,0.160033999999996,drive,and,#,N,V,N,initial
789.6767874880161,1452.2159775155042,2525.2685746683173,3.749617978556145,3.582520816852805,4.351542338864423,6051.282051282051,0.0006020024288016163,545.415156165533,0.040999999999999995,0.33064516129032256,1-0-1003-4,o,UT_016,016,2,fave,86.23380718861873,55.725715734078875,10,matchbox,2,0.09997599999996964,drive,cars,B,K,B,K,internal
795.5156701856127,1360.3922331222102,3082.0211317116814,3.5792649775804284,3.6705082431094067,4.065475884322726,5692.3076923076915,0.0009725226979822566,554.6251341723356,0.040999999999999995,0.33064516129032256,1-0-1031-0,o,UT_016,016,2,fave,79.10154796582141,57.35196384320875,10,on,1,0.10003699999992932,being,the,#,N,NG,N,initial
781.1230966705356,1114.3226965172705,3257.496540483168,3.631870529099368,3.4792875877595257,3.9810734879554395,5692.3076923076915,0.0015878171120148057,564.1178371723355,0.085,0.3346456692913386,1-0-1063-0,o,UT_016,016,2,fave,81.26905763512364,54.247573548329285,10,on,1,0.23004200000002584,pile,us,#,N,L,N,initial
772.9218821115495,1449.8518595472228,2958.8854470135193,3.3738516116902835,3.5446661357039257,3.8605574337220694,6051.282051282051,0.00040522988572549263,565.5928315034013,0.035,0.3365384615384616,1-0-1071-0,o,UT_016,016,2,fave,166.07086291203714,58.29094450645844,10,on,1,0.080016999999998,up,top,#,N,P,N,initial
855.1737886823671,1533.6240540483382,3048.1789582280576,3.7977840341097515,3.369506333995284,4.270332575728905,6410.25641025641,0.006202535369134904,565.8528315034013,0.055,0.3353658536585366,1-0-1072-1,o,UT_016,016,2,fave,152.24322089589762,54.15065678085884,10,top,1,0.14001500000006217,on,of,T,P,T,P,internal
795.1887577347017,1432.4316572019004,2903.1626088080643,3.8537638375117886,3.175589164764019,4.114448015286236,6051.282051282051,0.0008232403518813176,566.9638558276644,0.057,0.32758620689655177,1-0-1078-0,o,UT_016,016,2,fave,75.65886346153422,53.58664105590928,10,on,1,0.14996300000007068,pile,it,#,N,L,N,initial
798.1487745685895,1576.1176552041027,2892.492941047089,3.9822899210793903,3.4035161652237234,4.309571061423325,5692.3076923076915,0.00746904280815898,583.761229165533,0.10899999999999999,0.3364197530864197,1-0-1126-1,o,UT_016,016,2,fave,80.14928176982251,54.090795276515095,10,was,1,0.2999879999999848,"","",W,Z,W,Z,internal
797.8428597920478,1398.0930839024772,2355.620377847198,3.9804529052101345,3.764974155408948,4.231982458963674,5512.820512820513,0.005129258115837102,585.0822718344672,0.051000000000000004,0.3311688311688312,1-0-1131-0,o,UT_016,016,2,fave,149.14591432331994,56.24404532981531,10,all,1,0.13000399999998535,were,just,#,L,*hr,L,initial
720.9168404446542,1269.7108377920567,2866.4156844445483,3.6258255696416817,3.562603485048091,4.313753057207338,6230.7692307692305,0.002199513440286207,595.2786671655329,0.045,0.3358208955223881,1-0-1159-1,o,UT_016,016,2,fave,152.46774330823968,59.984377753361066,10,fond,1,0.10998600000004899,very,memory,F,N,F,N,internal
920.5754675824605,1316.183311879133,2940.525578646745,3.447287259815623,3.523239644675743,4.328950769161661,6410.25641025641,0.0009554232482283998,598.7316758344672,0.07100000000000001,0.3317757009345795,1-0-1172-1,o,UT_016,016,2,fave,150.58349045062147,62.59649254588183,10,mom,1,0.19000200000004952,and,and,M,M,M,M,internal
858.6664793301339,1487.8532272457128,2897.4496039413875,4.100556281181009,3.359185406423488,4.295523742686189,5692.3076923076915,0.0002829323383287915,637.2495674965987,0.031,0.32978723404255317,1-0-1250-1,o,UT_016,016,2,fave,163.44676349064864,57.14803296944041,10,lot,1,0.06994599999995899,a,of,L,T,L,T,internal
766.3450266851678,1445.6784191283377,2452.9150794671605,3.340738505766403,3.661769800628431,4.3055082156819235,6230.7692307692305,0.00018569755673806545,644.9069631655329,0.045,0.3358208955223881,1-0-1265-2,o,UT_016,016,2,fave,78.57381764068505,67.15925030630562,10,crops,1,0.1099859999999353,the,to,R,P,R,P,internal
872.9347882470269,1513.4698898408744,2561.8682071228586,3.6163572879153407,3.8988456499049637,4.19317882137997,5153.846153846154,0.009969479915000634,693.7463345034015,0.061000000000000006,0.33152173913043487,1-0-1366-6,o,UT_016,016,2,fave,242.8734129717961,62.91296698035997,10,grandfathers,2,0.160033999999996,my,passed,F,DH,F,DH,internal
773.1853500856256,1291.523819870217,2761.67091222461,3.708463294614879,3.845059015965835,4.0362893840547,5512.820512820513,0.0013042441083848516,696.9313261655329,0.051000000000000004,0.3311688311688312,1-0-1377-1,o,UT_016,016,2,fave,115.8628990847322,59.928824886688425,10,father,1,0.13000399999998535,my,and,F,DH,F,DH,internal
797.7108905476047,1458.4559414923192,2284.0638940243884,3.238522093417512,3.875989921670347,5.083052074109945,6410.25641025641,0.0002986339875753474,700.5176365034013,0.035,0.3365384615384616,1-0-1393-1,o,UT_016,016,2,fave,90.92125785138388,72.1181767429218,10,lots,1,0.080016999999998,a,of,L,T,L,T,internal
894.0938283537494,1292.1247813641914,3043.4026021507334,3.4183787495862212,3.5975945003388157,3.950155194894562,6051.282051282051,0.0000684330702473172,710.0048361655329,0.027000000000000003,0.32142857142857145,1-0-1423-1,o,UT_016,016,2,fave,82.45880074507821,67.89526746979456,10,holidays,1,0.05999700000006669,and,and,HH,L,HH,L,internal
582.1411703289962,1480.0708817220461,3146.161263537564,3.5073772819970643,3.9033133865208964,4.591429620525611,6410.25641025641,0.0003578687552715406,716.878836834467,0.035,0.33653846153846156,1-0-1445-0,o,UT_016,016,2,fave,158.16995774014583,58.905496465924834,10,always,1,0.080016999999998,was,a,#,L,Z,L,initial
784.8730313893159,1336.5445833518672,3007.4491980801436,3.383867255154441,3.5878112683404195,4.678383706606176,6230.7692307692305,0.007817816327768946,729.7547568344672,0.051000000000000004,0.3311688311688312,1-0-1470-1,o,UT_016,016,2,fave,84061.20770084737,61.45894033416046,10,lot,1,0.13000499999998283,a,of,L,T,L,T,internal
664.6707307817927,1652.2009723486385,2904.7277889101356,3.254427548159549,3.466989624495248,4.108477759287431,5692.3076923076915,0.00017111718459365268,737.3047538344671,0.031,0.32978723404255317,1-0-1497-2,o,UT_016,016,2,fave,82.29309267099443,58.24822455888515,10,pla,1,0.07000800000002982,her,"",L,#,L,"",final
826.8910240492041,1413.7969906701546,3022.9851508345682,3.5631128729414354,3.7679107702982444,4.6476758603835,5871.794871794871,0.00018358363292792293,738.6967574965987,0.035,0.3365384615384616,1-0-1504-1,o,UT_016,016,2,fave,169.98100304710567,72.07763674916724,10,mom,1,0.07995599999992464,"",would,M,M,M,M,internal
719.598171750386,1175.8141524086598,2704.2360037263097,3.382082283497806,3.2496320524876086,3.7760230815222084,5692.3076923076915,0.0003508960023399032,741.3497375034013,0.040999999999999995,0.33064516129032256,1-0-1518-1,o,UT_016,016,2,fave,155.5169748601085,64.04305341316889,10,walk,1,0.10003700000004301,"",up,W,K,W,K,internal
880.5218045461905,1355.3358626673817,2993.1275852248177,3.7252210813734163,3.735922963944186,3.4920064266743847,6051.282051282051,0.0016718500086273667,743.5717581655329,0.045,0.3358208955223881,1-0-1528-4,o,UT_016,016,2,fave,156.587844730121,57.12609738192177,10,grandma,0,0.10998600000004899,to,"",M,#,M,"",final
683.0220820943942,1505.8252525090072,2618.9938751833574,3.494109768292232,3.80352935205648,4.210368774373342,6051.282051282051,0.0006217237975875569,784.1663568276645,0.035,0.3365384615384616,1-0-1639-1,o,UT_016,016,2,fave,77.57054476339486,58.411613114393255,10,got,1,0.07995599999992464,i,to,G,T,G,T,internal
859.0575402158518,1450.6170371150881,2729.7767696116907,3.5589339703249436,3.7076147216268933,4.668602286109028,6051.282051282051,0.0034380482577433206,789.4336361655329,0.045,0.3358208955223881,1-0-1661-2,o,UT_016,016,2,fave,152.89787512408478,62.72956774456979,10,closet,1,0.10998500000005151,little,with,L,Z,L,Z,internal
908.43441019768,1452.0355453109917,3426.981227050442,3.997331919473487,3.682678172330261,4.6659253956278315,5871.794871794871,0.0013269419587877186,799.3146411655329,0.047,0.3263888888888889,1-0-1696-6,o,UT_016,016,2,fave,123.71719874195614,56.714571781261405,10,grandma's,2,0.11999500000001717,at,house,M,Z,M,Z,internal
480.6989472302959,1485.852862305949,2854.789160921861,3.4087062810777886,3.5003501696468535,4.313475824118485,6230.7692307692305,0.017959414406266583,804.3346501655328,0.067,0.3284313725490196,1-0-1714-0,o,UT_016,016,2,fave,82.67102357219167,61.69802871011496,10,on,1,0.17999300000008134,put,quilts,#,N,T,N,initial
731.8682928254165,1567.2803391235684,2264.8189418220645,3.195897066863584,3.4417320113237264,4.644616868293261,5333.333333333333,0.0021969047226671743,809.6846361655329,0.047,0.3263888888888889,1-0-1733-1,o,UT_016,016,2,fave,-161469.24769751052,59.57835134955463,10,job,1,0.11999500000001717,my,"",JH,B,JH,B,internal
752.9297417330985,1229.2519564422391,2589.1491333808676,3.416007659576794,3.702676348056452,4.295678403110143,6230.7692307692305,0.0013693072394177336,828.9047668344671,0.055,0.33536585365853655,1-0-1796-4,o,UT_016,016,2,fave,118.81261461644897,61.48878777354752,10,sidewalk,2,0.1400149999999485,little,and,W,K,W,K,internal
806.9112589498138,1621.4171533124993,3011.244785975902,3.6419037601591784,3.05086042520074,4.43144231926285,6230.7692307692305,0.000054079666003008956,829.2827648276644,0.031,0.32978723404255317,1-0-1798-0,o,UT_016,016,2,fave,159.28026436653536,64.90023505834738,10,on,1,0.06994600000007267,and,each,#,N,D,N,initial
751.6187920936673,1195.3621247377944,2708.0683327020843,3.5344617554465083,3.5899873106167925,3.9597215896666267,6051.282051282051,0.0007453895461050034,833.7957704965986,0.057,0.3275862068965517,1-0-1813-1,o,UT_016,016,2,fave,80.59135270189013,65.6449501866498,10,water,1,0.14996300000007068,would,em,W,T,W,T,internal
831.6286106389581,1542.6090052931763,2593.4474470214177,3.899020348186068,3.381445746084271,5.089240197405039,5512.820512820513,0.00570540753747935,848.7562358344671,0.047,0.3263888888888889,1-0-1865-0,o,UT_016,016,2,fave,168.6161378751577,62.55111858272408,10,on,1,0.11999500000001717,sitting,her,#,N,NG,N,initial
840.495873954333,1424.1517089429235,2740.751211439256,3.5184893098291443,3.7885248084164362,4.524129560000606,6230.7692307692305,0.0017019758114209618,850.4082598344672,0.051000000000000004,0.3311688311688312,1-0-1871-1,o,UT_016,016,2,fave,80.169642846805,61.50497056444235,10,talking,1,0.13000499999998283,and,when,T,K,T,K,internal
752.9224805439403,1480.99510191224,2521.689118198839,3.242157916371176,3.36622438951938,4.138699293387946,6051.282051282051,0.0001864236083743006,851.060232834467,0.035,0.33653846153846156,1-0-1874-1,o,UT_016,016,2,fave,62.65896040369461,64.12522274448162,10,got,1,0.08001799999999548,i,"",G,T,G,T,internal
918.9799905543582,1238.0682853239973,2995.1941604098697,3.4672738382657493,3.534680942624508,4.386538358521693,6051.282051282051,0.003017881079223573,853.0462491655329,0.087,0.32954545454545453,1-0-1882-1,o,UT_016,016,2,fave,93.64333711694084,59.41137509140819,10,lawn,1,0.23999099999991813,her,and,L,N,L,N,internal
767.7879797932693,961.8955329625703,3103.2752688737924,4.14458871915198,4.178017515708491,4.007471906925485,6051.282051282051,0.004253288746852801,864.3956714965987,0.035,0.33653846153846156,1-0-1912-4,o,UT_016,016,2,fave,172.75040522410265,56.1816701042554,10,grandma,0,0.07995600000003833,loved,"",M,#,M,"",final
805.4877559011227,1538.7452671531182,2872.0672973406568,3.667668341755318,4.174635198240284,4.292560382861802,6051.282051282051,0.002414322283079596,888.1394525034013,0.055,0.3353658536585366,1-0-1968-4,o,UT_016,016,2,fave,149.48843333926806,54.73011448796125,10,colorado,1,0.1400149999999485,in,"",*hr,D,*hr,D,internal
853.7199743815387,1468.4146651223218,3012.6142439887844,3.3309212011657556,3.6635300041214895,4.406792657624114,5692.3076923076915,0.0020207992974384725,892.1894568344671,0.135,0.3341584158415841,1-0-1976-0,o,UT_016,016,2,fave,136.61037903904187,57.168242357838906,10,on,1,0.38000499999998283,"",a,#,N,"",N,initial
839.098899922861,1655.510829119282,2939.635636120285,3.5507761571907217,3.831814807427839,4.1117441554968455,6230.7692307692305,0.0017986770468239603,892.767446165533,0.051000000000000004,0.3311688311688312,1-0-1978-1,o,UT_016,016,2,fave,73.93883954985469,56.716885051972326,10,navajo,1,0.13000499999998283,a,reservation,N,V,N,V,internal
834.2731003733554,1890.4139883624766,3014.3122227340937,3.3580442497438714,3.5004232281941423,4.176227505192659,6051.282051282051,0.0009803105165109875,897.3254441655329,0.047,0.3263888888888889,1-0-1995-1,o,UT_016,016,2,fave,126.14211881953742,56.2072109155936,10,na,1,0.11999500000001717,a,"",N,#,N,"",final
734.723271677429,1484.7979876412319,3002.2287511216373,3.4714787687480193,4.089206995069563,3.984919235984592,6051.282051282051,0.0013441944737074005,907.3052411655328,0.047,0.3263888888888889,1-0-2026-1,o,UT_016,016,2,fave,155.35516683189184,58.84490390773169,10,donna,1,0.11999500000001717,aunt,she,D,N,D,N,internal
713.8163964224166,1102.9204702323846,2615.7083197256925,3.536699155659163,3.6837501873865826,4.168907725749384,5692.3076923076915,0.017128896752038776,961.094952165533,0.045,0.3358208955223881,1-0-2109-0,o,UT_016,016,2,fave,386.0346375179213,58.21557288668402,10,always,1,0.10998499999993783,i'm,learning,#,L,M,L,initial
841.9977925035947,1556.5744019099186,2775.1185034227674,3.6916248924085533,3.803466450982148,4.206617514867142,5692.3076923076915,0.0005500641090136077,964.514446165533,0.045,0.3358208955223881,1-0-2121-1,o,UT_016,016,2,fave,141.97155040619646,57.03639011180754,10,knowledgeable,1,0.1099859999999353,very,"",N,L,N,L,internal
758.0024957751253,1331.4803128104581,2520.759992332736,2.985121627405197,3.7215412924571734,4.697117781978355,6589.74358974359,0.0009807926177238706,990.7411401655329,0.051000000000000004,0.3311688311688312,1-0-2204-0,o,UT_016,016,2,fave,137.55700744763342,62.941911214019356,10,also,1,0.13000500000009652,but,a,#,L,T,L,initial
934.9056116942209,1450.8955420012035,2832.4087866238538,3.9254425043121177,4.054354759565107,3.9317117308062497,5871.794871794871,0.008063124516172483,991.493145834467,0.055,0.3353658536585366,1-0-2206-1,o,UT_016,016,2,fave,31.830549304409487,53.413912731240046,10,knowledge,1,0.14001500000006217,a,base,N,L,N,L,internal
826.644025730444,1456.601066821942,2551.772756646037,3.223988550656915,3.5322566056856854,3.8511667735047928,6051.282051282051,0.0005058969771463296,1024.4344438344672,0.051000000000000004,0.3311688311688312,1-0-2242-1,o,UT_016,016,2,fave,-204551.8496616445,67.91489386849572,10,taught,1,0.13000499999998283,i,three,T,T,T,T,internal
846.4499581706592,1367.4357880579548,2751.5012760873906,3.3867927172668035,3.704995549610257,4.098832596234354,6051.282051282051,0.0012163781746813587,1027.791424165533,0.045,0.3358208955223881,1-0-2251-1,o,UT_016,016,2,fave,155.6297209008406,62.330662350285564,10,taught,1,0.10998500000005151,i,third,T,T,T,T,internal
768.384745904588,1171.265235738641,2885.0001983712323,3.3134841717657224,3.4252726083467753,4.1779073651004355,6051.282051282051,0.0004889132398579731,1034.9965014965987,0.035,0.33653846153846156,1-0-2272-0,o,UT_016,016,2,fave,73.38259122019348,70.56545051741229,10,also,1,0.07995600000003833,"",tutored,#,L,"",L,initial
739.276479000699,1102.3757899211241,2512.4072189301405,3.2695017636082344,3.514273129952327,3.907120455183928,6051.282051282051,0.00019196366752419192,1067.1772818276645,0.035,0.3365384615384616,1-0-2316-1,o,UT_016,016,2,fave,86.61329173414147,65.24078123490229,10,watching,1,0.07995599999981096,and,them,W,CH,W,CH,internal
819.0814920987705,1219.7636959820002,2469.984587309175,3.296963045788401,3.923427749349093,4.243029507203327,6051.282051282051,0.0003972083042292426,1068.8503784965988,0.045,0.3358208955223881,1-0-2319-2,o,UT_016,016,2,fave,86.46998121430758,65.42677569508879,10,process,1,0.10998499999982414,"",and,R,S,R,S,internal
736.9215908998103,1176.4784494110954,2799.924446393377,3.347156264933283,3.6142280169501557,4.522498101527561,5692.3076923076915,0.0007843998840181938,1117.580754165533,0.047,0.3263888888888889,1-0-2400-0,o,UT_016,016,2,fave,76.88010143781639,60.008751220135494,10,all,1,0.1199949999997898,have,these,#,L,V,L,initial
677.0127212850738,1691.38101753076,2483.326235655835,3.2431488609515675,3.3416812579655537,3.8587766764045615,6051.282051282051,0.00009403576594626647,1119.5627328276641,0.031,0.32978723404255317,1-0-2405-0,o,UT_016,016,2,fave,144.12206718166613,59.43715094818629,10,already,0,0.06994600000007267,we,"",#,L,iyF,L,initial
996.577546922376,1687.6283941079803,2653.6913714268553,3.4865984052589054,3.6443879141935773,4.268351330644715,5871.794871794871,0.0024171330249078866,1149.2017324965987,0.121,0.3324175824175823,1-0-2512-0,o,UT_016,016,2,fave,150.26780806406964,55.61713235224022,10,ah,1,0.339966000000004,"","",#,#,"","",coextensive
774.3387331395567,1350.1289867564844,2388.173626804893,3.3937216379642243,3.5379913603502415,4.117950906553068,6051.282051282051,0.00007782238167988338,1198.6764564965986,0.037,0.32456140350877194,1-0-2611-0,o,UT_016,016,2,fave,141.4448324630586,68.3384426779232,10,also,1,0.08996600000000399,were,experiencing,#,L,*hr,L,initial
829.4309461735447,1209.7417132402215,2923.726417903279,3.95438496991407,3.8954251168620053,3.817308589790255,6051.282051282051,0.0008902642248344132,1205.690472165533,0.045,0.3358208955223881,1-0-2632-0,o,UT_016,016,2,fave,150.79638530988242,60.71794047586653,10,all,1,0.10998500000005151,have,the,#,L,V,L,initial
615.8825788428227,1233.1285573361642,2858.8972968956423,3.699291233874129,3.768983888916561,4.27298564730538,6051.282051282051,0.005012769248566964,1233.8295324965986,0.037,0.32456140350877194,1-0-2715-0,o,UT_016,016,2,fave,10094.656408219153,57.898268032074384,10,all,1,0.08996600000000399,knowing,"",#,L,NG,L,initial
791.211166433503,1547.5802965447924,2822.819555654681,3.0296946044188253,3.971303904383828,4.0219197884316,6948.717948717948,0.000281414554426013,1253.69142884127,0.031,0.32978723404255317,1-0-2743-0,o,UT_016,016,2,fave,215.27706769322884,72.5121368960727,10,also,1,0.07006900000010319,and,through,#,L,D,L,initial
888.6355455816433,1216.5081153526837,3223.477290353917,3.4943980881616805,3.7420968380086395,4.240455021180204,6769.2307692307695,0.002943742785510783,1262.17648215873,0.061000000000000006,0.33152173913043487,1-0-2771-1,o,UT_016,016,2,fave,132.38354694513313,63.336329675880634,10,modeling,1,0.15991200000007666,and,"",M,D,M,D,internal
792.0273028488259,1401.53355206633,2935.500960505418,3.1818812090690582,3.622110019184184,4.348859357783334,5871.794871794871,0.0004600724332867221,1263.878605165533,0.047,0.3263888888888889,1-0-2777-1,o,UT_016,016,2,fave,136.94996699753662,58.74755644452658,10,lot,1,0.11999600000012833,a,of,L,T,L,T,internal
733.7914973150018,1080.1536259983316,2872.750304619554,3.7541876412175026,3.2830626509502245,4.13708278150738,5692.3076923076915,0.011845287189529149,1264.2436025034015,0.057,0.32758620689655177,1-0-2779-1,o,UT_016,016,2,fave,112.21135301327485,55.83987446571389,10,modeling,1,0.15002399999980298,of,of,M,D,M,D,internal
858.2394709730181,1269.7301759523937,2818.605385096842,3.4726509910952985,3.745899123500903,3.9178500984216797,6051.282051282051,0.0004358516874868163,1270.4658101655327,0.051000000000000004,0.3311688311688312,1-0-2795-1,o,UT_016,016,2,fave,107.3269231738685,58.63301511599892,10,modeling,1,0.13000499999998283,i'm,it,M,D,M,D,internal
832.4346579530151,1214.7026934986466,2755.795298300591,3.585065841549317,3.9550827425155393,4.863700281823288,6769.2307692307695,0.006594403694787094,1331.3256048344672,0.055,0.3353658536585366,1-0-2820-1,o,UT_016,016,2,fave,81.8689301003127,61.2449403031743,10,pause,1,0.1400140000000647,to,between,P,Z,P,Z,internal
784.9203481582546,1419.5138035874716,3412.0705837570126,3.1510276950904643,3.84830743841536,5.052300013803575,6769.2307692307695,0.017428060917587994,1363.7906975034014,0.055,0.3353658536585366,1-0-2872-1,o,UT_016,016,2,fave,94.27073111966841,66.69456715159808,10,saw,1,0.1400149999999485,children,the,S,#,S,DH,final
607.0346911034268,1721.7882398471743,2493.579365522307,3.578562024126552,3.8691830623736108,4.835898770584755,5871.794871794871,0.021228917866830482,1364.5786031655327,0.051000000000000004,0.3311688311688312,1-0-2875-0,o,UT_016,016,2,fave,324.3137382414476,55.28432555624112,10,on,1,0.13000499999998283,mittens,the,#,N,Z,N,initial
853.8256596535455,1411.2238528763476,2490.6526488247014,3.206427602323566,3.55910224387371,4.1047333052221395,6410.25641025641,0.0004222809201907142,1372.0616834897958,0.057,0.32758620689655177,1-0-2900-1,o,UT_016,016,2,fave,91.74033614662903,71.27146332979594,10,doctor,1,0.149902000000111,the,checked,D,K,D,K,internal
729.2834531316358,1300.6177445686,2965.3651501466475,3.1413170381655076,3.6691913142761647,4.268955712331828,6051.282051282051,0.001150433550146249,1377.0706258412697,0.035,0.3365384615384616,1-0-2913-0,o,UT_016,016,2,fave,81.5569049005813,61.89761240697772,10,on,1,0.08007900000006885,elk,my,#,N,K,N,initial
879.2148466319195,1424.4132691669272,2574.564008848641,3.338297881361103,3.58428936395291,4.6950647536485315,6230.7692307692305,0.0007104678981943994,1387.9642688276645,0.035,0.3365384615384616,1-0-2941-1,o,UT_016,016,2,fave,119.617978369583,68.36690181129565,10,cotton,1,0.07995600000003833,of,"",K,T,K,T,internal
675.2081805883934,1140.1000616663737,3071.501201438499,3.753704741819522,3.3273712912678577,4.215923547098895,5692.3076923076915,0.012284008468452968,1392.5452304965986,0.037000000000000005,0.324561403508772,1-0-2955-0,o,UT_016,016,2,fave,81.17675074203783,58.81517155541729,10,on,1,0.08996600000000399,"",the,#,N,"",N,initial
853.6722116215748,1249.2617407516593,3141.94886201621,3.349817850689538,3.2316807295952446,3.7243808088673025,6051.282051282051,0.00003756068112622514,1398.3172504965985,0.04100000000000001,0.3306451612903227,1-0-2970-1,o,UT_016,016,2,fave,189.49444289550738,73.14837235377658,10,monterey,2,0.09997500000008586,"",bay,M,N,M,N,internal
843.8102151835501,1201.936867779527,2781.7352783469073,3.3450663609550113,3.697320930881403,4.383209148796269,6230.7692307692305,0.0018198532347649475,1403.29423984127,0.075,0.33482142857142855,1-0-2983-1,o,UT_016,016,2,fave,89.84716051292358,70.85609437256917,10,bought,1,0.20007299999997485,"","",B,T,B,T,internal
773.9288922445888,1182.4627457799686,2938.0133018983943,3.1151874552114087,3.492380424659195,3.645052501436897,6230.7692307692305,0.00019480313029400647,1411.0854448344671,0.051000000000000004,0.3311688311688312,1-0-3006-1,o,UT_016,016,2,fave,173.56488943993165,72.85184134498931,10,water,1,0.13000499999998283,the,splashed,W,T,W,T,internal
748.9479081693252,1153.372345979281,2739.072236909467,3.1776156724862243,3.6190122473024386,4.2377151857536095,6051.282051282051,0.0005763800699238639,1425.803410165533,0.047,0.3263888888888889,1-0-3047-1,o,UT_016,016,2,fave,101.7221464252101,62.955198804844855,10,water,1,0.11999500000001717,the,"",W,T,W,T,internal
792.6764322698746,1192.0379356549938,2912.5730301235926,3.210728299104389,3.418947801903798,4.340373684263101,6230.7692307692305,0.0007299118937523426,1428.8343475034014,0.061000000000000006,0.3315217391304348,1-0-3054-1,o,UT_016,016,2,fave,86.55911312281492,65.51267549880934,10,waddle,1,0.160033999999996,would,"",W,D,W,D,internal
848.6949103465599,1319.396487967319,2938.039350908006,3.4227426720783143,3.82649529432698,4.541039009671278,5871.794871794871,0.00067862296620325,1436.2024365034015,0.065,0.33505154639175255,1-0-3071-1,o,UT_016,016,2,fave,89.29828762298966,62.95160057636369,10,lost,1,0.17004399999996167,man,his,L,S,L,S,internal
798.9141716121065,1186.7581204861192,3123.3037409482504,3.364725725000748,3.7743323400823328,4.101007414427998,6230.7692307692305,0.0008373917949443758,1436.7924025034015,0.065,0.3350515463917526,1-0-3073-1,o,UT_016,016,2,fave,80.57357206042242,63.856710626668885,10,bottle,1,0.17004399999996167,his,in,B,T,B,T,internal
825.7071983048191,1353.7461921346332,2280.5298772496176,3.269848087386685,3.7662060208397894,5.2678606602091165,6589.74358974359,0.022005616009590025,1447.1180905034014,0.055,0.3353658536585366,1-0-3099-1,o,UT_016,016,2,fave,88.73161047388399,64.26397828955163,10,saw,1,0.1400149999999485,children,the,S,#,S,DH,final
786.9313472843168,1421.4478447756117,2399.646753611321,3.7560551692534756,3.6128896290156094,4.022386698151412,6051.282051282051,0.00026634056867231063,1468.8124478412697,0.035,0.3365384615384616,1-0-3160-5,o,UT_016,016,2,fave,NaN,54.049646952873836,10,restaurant,2,0.08007799999995768,the,"",R,N,R,N,internal
759.2441628091224,1143.217031718526,2944.2783555525793,3.41299130565555,3.3092543157617023,3.8543230592228137,6589.74358974359,0.006089791395665746,1479.2054415034013,0.061000000000000006,0.3315217391304348,1-0-3187-1,o,UT_016,016,2,fave,167.9061505468007,62.56833998585363,10,watches,1,0.160033999999996,man,shows,W,CH,W,CH,internal
872.4289742539274,1532.1241287751257,2937.335954531498,3.343692762959661,3.7967209157256554,4.111492972285745,6051.282051282051,0.0001515124903884085,1481.0434335102043,0.037000000000000005,0.324561403508772,1-0-3192-0,o,UT_016,016,2,fave,153.03478204801408,55.721733568280555,10,on,1,0.09008799999992334,latin,<unk>,#,N,N,N,initial
783.3615297673174,1184.7818288067738,2867.9135143423514,3.150561712863049,3.580282005035293,4.698564494618316,6230.7692307692305,0.009755594525566727,1482.8834888344672,0.057,0.32758620689655177,1-0-3196-1,o,UT_016,016,2,fave,207.77228255378606,71.08072850639238,10,watchmen,1,0.15002499999991414,the,found,W,CH,W,CH,internal
790.4200692340542,1233.3482731800066,2573.8271160675777,3.1233111615870213,3.806582767690093,4.182232456627253,6410.25641025641,0.000647676506909468,1484.308415165533,0.047,0.3263888888888889,1-0-3199-1,o,UT_016,016,2,fave,192.3139788577979,65.49341505294385,10,watchmen,1,0.11999500000001717,"",found,W,CH,W,CH,internal
744.2136763311901,1099.7732271179902,3027.996236016699,3.774356453902144,3.599788997785833,4.126265454292844,6051.282051282051,0.0006176682201750324,1493.2934008344673,0.057,0.32758620689655177,1-0-3223-0,o,UT_016,016,2,fave,78.45192613202407,57.82901675124998,10,on,1,0.15002499999991414,sale,cheese,#,N,L,N,initial
660.2963682122762,1239.4549081848527,3237.6653906888896,3.358472571395642,3.5725710786990725,4.3622054960382535,6410.25641025641,0.0006413286760694097,77.48015283446712,0.025,0.18656716417910452,1-0-25-1,ow,UT_016,016,2,fave,188.43852599546543,58.50542701201107,10,logan,1,0.10999999999999943,"",utah,L,G,L,G,internal
706.7347101226035,1065.3492368005632,3121.0205944842664,3.765687576437162,3.4573170993479008,4.336317403551044,6230.7692307692305,0.004291210167738851,151.32324816553287,0.025,0.0984251968503937,1-0-154-1,ow,UT_016,016,2,fave,185.75325467865656,53.693672901885975,10,home,1,0.22999599999999987,come,and,HH,M,HH,M,internal
638.6127430144568,1014.0583584791873,2629.1420684907257,4.336256085288266,3.6726266133847703,5.104457350023075,5692.3076923076915,0.003478687045976853,153.37325116553288,0.025,0.2976190476190476,1-0-164-1,ow,UT_016,016,2,fave,-181.01933598375618,47.65486031071055,10,home,1,0.05999800000000732,the,"",HH,M,HH,M,internal
539.5115762306281,1197.7015397830228,2063.8965887401578,3.4626851108386942,3.1316721708070467,4.212497815827769,6051.282051282051,0.000010454554878236873,201.73815583446714,0.025,0.33783783783783783,1-0-252-2,ow,UT_016,016,2,fave,152.46053148074714,58.136601818543205,10,program,1,0.050003000000003794,the,at,R,G,R,G,internal
597.2912024136097,1038.8077962835205,2005.1187608556468,4.073748090279514,3.889470595405022,4.823563801417761,6051.282051282051,0.021400791219826822,237.48064883446713,0.025,0.20161290322580647,1-0-349-1,ow,UT_016,016,2,fave,79.67448057330797,58.3433826165472,10,homework,1,0.10000600000000759,do,"",HH,M,HH,M,internal
480.1217209250217,2078.5263064409796,2954.9265455740306,3.4276298281653625,3.922271468762127,4.764425168764919,6051.282051282051,0.0006778568359141457,274.3077544965986,0.025,0.26595744680851063,1-0-459-0,ow,UT_016,016,2,fave,176.31948218246902,51.99041197401953,10,over,1,0.0699769999999944,"",a,#,V,"",V,initial
638.1110817882917,1578.4610906549271,2868.780120233232,3.656393102056813,3.991229428607657,4.070888950925309,6051.282051282051,0.0002422565249155634,280.14775149659863,0.025,0.26595744680851063,1-0-478-2,ow,UT_016,016,2,fave,84.22339864330614,59.80400392892941,10,associate,1,0.0699769999999944,"",degree,S,SH,S,SH,internal
556.690417437398,1482.5192976610954,2583.827747459861,3.3748012452769367,3.491193013617343,4.121461001319288,5692.3076923076915,0.0003030452530364226,330.8910418344671,0.027000000000000003,0.2014925373134329,1-0-536-0,ow,UT_016,016,2,fave,115.38158602925941,66.46663845460296,10,overwork,2,0.11001599999997325,always,the,#,V,Z,V,initial
550.0187869371329,1073.0969231713104,2665.1101110624645,3.7955346865561697,3.5869038672925297,3.982269151990371,6051.282051282051,0.0011989559846960324,384.8096388344671,0.065,0.4220779220779221,1-0-657-1,ow,UT_016,016,2,fave,77.53821715149013,63.890179877142536,10,going,1,0.13000499999998283,and,and,G,i,G,i,internal
609.8141061904641,1319.1824078483737,2942.6265686911643,3.4188376300499845,3.726954144334167,3.599383388390386,6051.282051282051,0.00012313693162283515,468.96584683446713,0.025,0.21929824561403513,1-0-815-2,ow,UT_016,016,2,fave,149.4294982615263,61.276505132796444,10,close,1,0.08999699999998256,very,knit,L,S,L,S,internal
592.6753458718518,1217.1015378086026,2081.224767538219,4.04446620433988,3.5294585732112913,4.888808148460213,5871.794871794871,0.032003382257553115,473.2048521655329,0.043000000000000003,0.12874251497005987,1-0-828-1,ow,UT_016,016,2,fave,146.7019452391664,57.8585000780229,10,roam,1,0.3099980000000073,to,and,R,M,R,M,internal
691.2081006808314,1341.9491957116602,2085.8967691687835,3.650201406236829,3.478087890134593,3.6474332967870295,5692.3076923076915,0.006933266659821996,510.9977561655329,0.027,0.17532467532467533,1-0-922-1,ow,UT_016,016,2,fave,158.70001395645167,62.57747939076403,10,roam,1,0.13000499999998283,just,and,R,M,R,M,internal
639.8725234003429,1316.5502416141105,2702.832043858043,3.571858729916931,3.394457895154214,4.412131777089195,5512.820512820513,0.0004148078814066496,553.4871674965987,0.025,0.21929824561403513,1-0-1027-1,ow,UT_016,016,2,fave,79.9721331208861,64.54875562006977,10,going,1,0.08996600000000399,"",up,G,i,G,i,internal
698.9236678903951,1627.1405882369504,1912.6407555879973,3.5433787727639907,3.9380557087095824,4.259733373484299,5512.820512820513,0.0007806944646735424,580.8192604965986,0.025,0.24038461538461536,1-0-1117-1,ow,UT_016,016,2,fave,181.76289110079372,68.48714731736207,10,knowing,1,0.07995600000003833,"",the,N,i,N,i,internal
508.5806592447795,844.611653535865,3267.9375022215186,4.343095420338266,3.6885663309554872,3.68460700755665,6769.2307692307695,0.003871573443520466,596.8586331655328,0.025,0.18656716417910452,1-0-1167-1,ow,UT_016,016,2,fave,82.35118012201916,61.08870654633145,10,home,1,0.10998600000004899,"",life,HH,M,HH,M,internal
585.9045208790169,1353.1098289415954,2140.4877066973386,3.520214162001183,3.692966264887881,4.020892383408167,6051.282051282051,0.00006506029975343188,637.7165488344671,0.025,0.26595744680851063,1-0-1252-2,ow,UT_016,016,2,fave,156.51112953260497,54.54649090842947,10,thoroughbreds,0,0.07000800000002982,of,and,*hr,B,*hr,B,internal
468.7509567429744,925.32614564609,2522.987676067885,2.9700263285983444,4.287782451412923,4.116408688031074,5692.3076923076915,0.00020329176694285685,677.638968834467,0.035,0.37234042553191493,1-0-1328-1,ow,UT_016,016,2,fave,115.23118551850413,56.99854431657412,10,whole,1,0.07000700000003235,your,family,HH,L,HH,L,internal
620.1767979712324,1185.9272926416995,3007.658135268096,3.4810872473465784,3.458714753611798,4.222163705023989,6230.7692307692305,0.0007916438629471654,696.508357834467,0.025,0.24038461538461536,1-0-1375-1,ow,UT_016,016,2,fave,81.75431824830888,67.22217283820632,10,both,1,0.08001799999999548,on,my,B,TH,B,TH,internal
591.1727117949747,1061.5553113302517,2601.4730402206105,3.47719541779416,3.19165197516647,4.736282459922659,5512.820512820513,0.0004240862378692942,766.321346834467,0.025,0.26595744680851063,1-0-1579-1,ow,UT_016,016,2,fave,161.09328673693884,58.864472823982155,10,whole,1,0.07000700000003235,the,room,HH,L,HH,L,internal
572.8508972287253,1037.8263127782734,2960.025095290714,3.4472500043597787,3.3604420286402803,3.7260611893115287,6051.282051282051,0.003109419585053102,790.5236721655328,0.025,0.17361111111111113,1-0-1666-0,ow,UT_016,016,2,fave,62.36424079136426,59.9257419090357,10,old,1,0.11999499999990348,"",trucks,#,L,"",L,initial
629.9621387076616,1483.2064761539082,2842.6130383952727,3.464839789274896,3.930237484417611,4.59569691808058,6948.717948717948,0.0013529755043234994,831.1197535034013,0.025,0.13586956521739132,1-0-1806-1,ow,UT_016,016,2,fave,152.23664083471658,60.53900184431681,10,roses,1,0.160033999999996,were,"",R,Z,R,Z,internal
589.8685638514592,1017.8687287204779,2890.731577410565,3.1762105145277912,2.90827859724402,3.9787307509941234,5512.820512820513,0.0015672912811047096,851.1952421655328,0.025,0.17361111111111113,1-0-1876-0,ow,UT_016,016,2,fave,261.9397233126788,61.34562221156899,10,older,1,0.11999500000001717,"",i,#,L,"",L,initial
674.0806789584988,1499.3050419383999,2743.977438213934,3.5307874073691154,3.543877054034208,4.513666199252267,5512.820512820513,0.007265716836307317,858.0492578276644,0.053000000000000005,0.32317073170731714,1-0-1902-0,ow,UT_016,016,2,fave,320.6620063403612,64.12413013106897,10,only,1,0.1399539999999888,my,grandmother,#,N,ay,N,initial
751.0329314629371,1234.936506994404,2869.546712295724,3.795596689773706,3.8501322535612603,4.199354817243901,6051.282051282051,0.0009948636742490018,874.5754598344671,0.027000000000000003,0.2872340425531915,1-0-1922-1,ow,UT_016,016,2,fave,NaN,58.330979496076395,10,mostly,1,0.07000700000003235,was,just,M,S,M,S,internal
620.7778186284249,1385.3600458796477,2997.457087983979,3.4538876327825307,4.478514108416262,4.1005417889752245,5692.3076923076915,0.001160375824820498,940.9809595034013,0.025,0.21929824561403513,1-0-2070-1,ow,UT_016,016,2,fave,79.69215725280591,52.17303432477162,10,those,1,0.09002699999996366,[bracketed],are,DH,Z,DH,Z,internal
692.6387639941356,1714.5547887880575,2949.509245725869,3.4803221136169253,3.504692351792077,4.210707863554077,6589.74358974359,0.0004983782042373951,949.2199281655328,0.043000000000000003,0.29861111111111116,1-0-2082-1,ow,UT_016,016,2,fave,130.78268244430726,64.91256189647243,10,don't,1,0.11999500000001717,i,"",D,N,D,N,internal
684.2407536808453,1541.9011189032965,2833.7946695132923,3.0658869995626747,3.6566869314359725,4.072072160910828,6769.2307692307695,0.0009683303972621653,951.0169714965987,0.037000000000000005,0.2983870967741936,1-0-2090-1,ow,UT_016,016,2,fave,212.56459260077253,66.72469313198803,10,don't,1,0.09997599999996964,i,consider,D,N,D,N,internal
722.5042984912869,1345.6579501091792,2091.112579434604,3.779769709273945,3.494473589237881,4.705163832248314,6051.282051282051,0.008824792497526287,962.2659384965987,0.027000000000000003,0.13917525773195877,1-0-2112-2,ow,UT_016,016,2,fave,NaN,59.664227777747,10,growing,1,0.169983000000002,and,"",R,i,R,i,internal
683.6910109508377,1326.7981961877415,3305.2577799660967,4.1805636507386,4.193979149352157,4.654519609773627,5333.333333333333,0.006148095084168109,1030.651419165533,0.025,0.20161290322580647,1-0-2261-0,ow,UT_016,016,2,fave,81.49370745073898,54.78607189767183,10,old,1,0.09997499999985848,years,"",#,L,Z,L,initial
648.8124170362997,1047.323203829284,3181.0743701871907,3.4871005545196327,3.4670529250792006,4.488219760108008,6051.282051282051,0.00584663901353875,1035.7814184965987,0.025,0.21929824561403513,1-0-2275-0,ow,UT_016,016,2,fave,NaN,63.486573591536406,10,older,1,0.08996600000000399,"",grades,#,L,"",L,initial
580.1183085642613,1550.3291959617748,2841.0305280122057,3.145054546706789,4.056356394237395,4.409230665020263,5692.3076923076915,0.0005774577627096378,1150.3137664965986,0.025,0.24038461538461536,1-0-2515-2,ow,UT_016,016,2,fave,78.63633223370441,62.57110286754831,10,associated,1,0.07995600000003833,and,it,S,SH,S,SH,internal
612.5230089203122,1181.5821336208614,2690.5259480456166,3.551560224149908,3.5188169732648418,4.300656353557062,6051.282051282051,0.0015985713978863237,1220.5835368276646,0.025,0.26595744680851063,1-0-2677-1,ow,UT_016,016,2,fave,NaN,57.35038156880287,10,going,1,0.0699459999998453,are,through,G,i,G,i,internal
841.8235818413652,1437.774264875235,2614.1410903105952,4.047977909027298,3.5539386733896237,4.670085605497512,5153.846153846154,0.0016055174881269142,1233.563528165533,0.025,0.20161290322580647,1-0-2714-1,ow,UT_016,016,2,fave,138.61376812424174,61.11667297559115,10,knowing,1,0.09997600000019702,without,all,N,i,N,i,internal
570.9313382674897,1502.647725118689,2869.7282650208413,3.621988024749077,3.357946631407553,3.801030468864787,5692.3076923076915,0.0003457069735704607,1274.9861304965987,0.025,0.21929824561403513,1-0-2807-1,ow,UT_016,016,2,fave,80.76201391773054,56.97048883433139,10,those,1,0.08996499999989283,sharing,experiences,DH,Z,DH,Z,internal
629.8269824330507,1464.465710338647,3003.5943472561758,3.5450949125124263,3.9619859839507225,4.500337406865444,6410.25641025641,0.0007689358585861398,1365.0056558276644,0.025,0.24038461538461536,1-0-2877-1,ow,UT_016,016,2,fave,172.4094156715741,61.70788794913753,10,sofa,1,0.07995600000003833,the,"",S,F,S,F,internal
695.9249538460015,1149.1135634060256,2998.1199017951085,4.141269844590299,3.4257897160162436,3.837717864725895,6948.717948717948,0.0007404276748203435,1377.6956195034015,0.025,0.14367816091954025,1-0-2916-1,ow,UT_016,016,2,fave,85.01653112417442,62.588136558904374,10,home,1,0.15002499999991414,way,"",HH,M,HH,M,internal
530.3358769530751,1008.6957166226208,2797.5484896359285,3.2821386972071807,3.5175330304669177,4.323311523716971,6051.282051282051,0.0007605117958868681,1380.875662165533,0.025,0.18656716417910452,1-0-2924-1,ow,UT_016,016,2,fave,66.1733296394205,61.12272600400779,10,gold,1,0.10998500000005151,of,"",G,L,G,L,internal
669.7846922901456,1070.3587864624617,3299.8271557366184,4.037249222897072,3.750097565686755,4.0474603174288495,6589.74358974359,0.003207090671692254,1399.5192341723355,0.025,0.1288659793814433,1-0-2973-1,ow,UT_016,016,2,fave,85.20033893660352,64.94469220486029,10,home,1,0.17004399999996167,is,to,HH,M,HH,M,internal
602.1003213960256,1594.8511609901202,2643.9950457254795,2.6980911981203044,3.474140906977301,4.316686260754218,5692.3076923076915,0.0011753226635510222,1425.0164974965987,0.033,0.13524590163934427,1-0-3044-1,ow,UT_016,016,2,fave,171.3696070177404,69.26398251901009,10,dove,1,0.21997099999998682,swimmer,into,D,V,D,V,internal
754.174447500542,1253.889952162541,3153.6905729968757,4.090991962319497,3.9106499844815588,3.482054867102761,6769.2307692307695,0.00455931539955502,1475.067435165533,0.025,0.0984251968503937,1-0-3175-1,ow,UT_016,016,2,fave,85.24202538723912,62.51781554178791,10,home,1,0.22998000000006869,are,to,HH,M,HH,M,internal
632.5098700566095,1712.6287648381922,2912.049538672789,2.8940324238486674,3.72473477114955,4.081878138043009,6410.25641025641,0.0016834150305973967,1479.7774008344672,0.025,0.08503401360544217,1-0-3188-1,ow,UT_016,016,2,fave,84.08797766156347,63.262756422008074,10,shows,1,0.2700199999999313,watches,"",SH,Z,SH,Z,internal
520.149325232023,1160.3972219906707,1812.233978428527,3.016085788426427,3.610085153366251,4.041220069900481,4794.871794871795,0.00021181994078922473,78.47814983446712,0.04100000000000001,0.3306451612903227,1-0-28-2,*hr,UT_016,016,2,fave,165.47368547528546,52.58049224933427,10,for,0,0.10000700000000506,"",one,R,#,R,W,final
699.6375252753719,1600.0886577232343,1861.2327420570614,3.5313583787685325,3.6971096059729995,4.002606438484934,4794.871794871795,0.0019165649476863482,89.93365016553288,0.04100000000000001,0.3306451612903227,1-0-49-6,*hr,UT_016,016,2,fave,217.2830082575313,40.801098053358515,10,remember,0,0.09999799999999937,"","",B,#,B,"",final
574.9285993219507,1642.1330847377587,2284.406818551165,3.001969751367254,3.8296969806567507,3.965598455793575,5333.333333333333,0.00024274084503355628,113.98055283446712,0.037000000000000005,0.324561403508772,1-0-95-1,*hr,UT_016,016,2,fave,175.1704687046634,53.848977896169465,10,thirteen,1,0.09000400000000752,"","",TH,T,TH,T,internal
571.3348330166401,1380.5607145834845,1883.1645328653942,3.3766396426577976,4.096746315685778,3.972705540231066,4974.358974358975,0.0004006092889844617,134.2915511655329,0.035,0.3365384615384616,1-0-110-2,*hr,UT_016,016,2,fave,87.26536914353835,52.650956902924804,10,for,0,0.08000199999997903,ready,work,R,#,R,W,final
608.4223716965282,1595.1060810992285,1812.561485393971,3.4535916593631786,3.8218756852450824,3.9747028271671443,5333.333333333333,0.002414676904268526,134.4845541655329,0.101,0.3322368421052631,1-0-111-1,*hr,UT_016,016,2,fave,199.64249671449443,53.44190545016454,10,work,1,0.27999900000000366,for,go,W,K,W,K,internal
612.3267200317505,1547.8737202791885,1886.0329889986053,3.516197506259977,3.85977415162479,4.192030919429338,5333.333333333333,0.0016160121210918258,135.3545498344671,0.08099999999999999,0.3319672131147541,1-0-114-1,*hr,UT_016,016,2,fave,182.97758181396875,53.12599897443365,10,work,1,0.22000099999999634,to,"",W,K,W,K,internal
446.74246504796173,1874.4484462467908,2812.829180886783,3.6270666245967225,3.346881370492313,4.75548348505384,6589.74358974359,0.000575203690520853,136.52594616553287,0.025,0.33783783783783783,1-0-120-4,*hr,UT_016,016,2,fave,174.29054952757355,53.435608334659015,10,kindergarten,0,0.050003000000003794,a,teacher,D,G,D,G,internal
566.8541038639887,1625.189804386668,1899.899644395575,3.438780435580544,4.4733664764588905,3.620768903768142,5153.846153846154,0.0091876501839079,137.2419481655329,0.07700000000000001,0.3290598290598291,1-0-121-3,*hr,UT_016,016,2,fave,220.3245258757391,50.17239329933605,10,teacher,0,0.20999199999999973,kindergarten,"",CH,#,CH,"",final
561.2525280933232,1672.072071822222,2830.3502043814815,3.478759721899022,3.6066996354282743,4.408361059044673,6051.282051282051,0.00007940562023106189,150.01325683446714,0.025,0.33783783783783783,1-0-148-1,*hr,UT_016,016,2,fave,192.67040057919942,53.65068570894923,10,for,0,0.050003000000003794,prep,the,F,#,F,DH,final
504.5042837432775,2109.2295089144686,2700.888823244701,3.7494473241754163,3.7100611179325105,4.379159558896078,5512.820512820513,0.005437931822725072,156.4162458344671,0.07100000000000001,0.3317757009345795,1-0-170-2,*hr,UT_016,016,2,fave,143.54471673083043,46.911638064797366,10,tired,0,0.19000299999999015,too,"",ay,D,ay,D,internal
620.6359276353296,1678.6137233228328,2850.759568600492,3.3254592255796522,3.6481265883504697,4.320895541428234,5512.820512820513,0.000010564408059008274,174.21124916553288,0.025,0.33783783783783783,1-0-179-3,*hr,UT_016,016,2,fave,164.55829586484484,52.8490565934174,10,motherhood,0,0.050003000000003794,of,"",DH,HH,DH,HH,internal
611.8208460202975,1643.2427065036618,1983.2736656374477,3.0452329392671706,3.776134247589873,4.026394764690784,5153.846153846154,0.007921817621085599,180.45125016553288,0.065,0.3350515463917526,1-0-203-0,*hr,UT_016,016,2,fave,151.44873214277715,53.709326720999826,10,earth,1,0.16999800000002097,this,"",#,TH,S,TH,initial
561.7971236380914,1501.8056187296158,1853.7238783205812,3.3097354458209756,4.0219251218732435,3.790510580167843,4974.358974358975,0.0007596952474188076,196.99035883446712,0.045,0.3358208955223881,1-0-239-1,*hr,UT_016,016,2,fave,161.48244450485168,57.11441696224205,10,first,1,0.11000000000001364,in,grade,F,S,F,S,internal
596.9487528312943,1602.0912491129184,2984.4350335156614,3.335787003055394,3.6394517316792054,4.607969770733033,6230.7692307692305,0.0018305452057120577,202.70814116553288,0.045,0.3358208955223881,1-0-255-5,*hr,UT_016,016,2,fave,78.77638182191757,53.21975092550442,10,accelerated,0,0.11000100000001112,an,pace,L,ey,L,ey,internal
508.71541372291045,1725.5941370488981,2684.2763207815146,3.312690385322528,3.81416013781545,4.280188741681769,6051.282051282051,0.0015352148408439127,204.12313916553288,0.035,0.3365384615384616,1-0-260-3,*hr,UT_016,016,2,fave,152.87105187082568,53.91563226034329,10,enter,0,0.08000200000000746,could,the,T,#,T,DH,final
560.0938216234521,1205.934991141619,1787.9736133466915,3.4449089713745984,3.6388858792374386,3.5518359129344557,4974.358974358975,0.0002954240266153919,204.36414516553288,0.037000000000000005,0.324561403508772,1-0-262-1,*hr,UT_016,016,2,fave,81.84399372165765,52.11087194534958,10,workforce,1,0.08999600000001351,the,quickly,W,K,W,K,internal
571.3791974902053,1467.6412933914285,1824.0955350532113,3.3234244772665296,3.663097689284978,3.759383966652947,5153.846153846154,0.0004481736713653216,207.1431491655329,0.055,0.33536585365853655,1-0-269-2,*hr,UT_016,016,2,fave,77.65836330438422,54.291813851897416,10,occur,1,0.14000000000001478,"",a,K,#,K,@,final
644.4490919984977,1481.2104922784445,1848.897179362161,3.203359743716987,3.5645665523978884,3.4829794276123502,5153.846153846154,0.003924897973533821,212.7341511655329,0.07700000000000001,0.3290598290598291,1-0-285-1,*hr,UT_016,016,2,fave,166.9796697092232,58.27183147249582,10,work,1,0.20999199999999973,and,and,W,K,W,K,internal
513.6573865822376,1590.3811806390174,2199.069798622294,2.9605050464455913,3.678084802291322,4.04166353416555,5333.333333333333,0.0000925591322113159,215.8131421655329,0.035,0.33653846153846156,1-0-300-5,*hr,UT_016,016,2,fave,161.57966555472737,59.33464375935601,10,university,1,0.08000199999997903,with,of,V,S,V,S,internal
630.6703834090991,1300.9953678742174,1894.4088123072368,3.9796163117202723,3.765699611691626,3.8836034907376202,5153.846153846154,0.0020862732931302827,237.70365483446713,0.051000000000000004,0.3311688311688312,1-0-349-4,*hr,UT_016,016,2,fave,165.05231144760415,55.209369868549174,10,homework,2,0.13000500000001125,do,"",W,K,W,K,internal
465.0749686545625,1711.8936792896322,2008.546415860887,3.1530168808099566,3.988274464128514,4.44738919660456,4794.871794871795,0.006369705823391431,239.44664483446712,0.057,0.32758620689655177,1-0-356-0,*hr,UT_016,016,2,fave,161.9634359481714,53.91559154005364,10,or,0,0.15001000000000886,movie,"",#,#,iyF,"",coextensive
577.9576810333047,1562.6995101167536,2206.683471413597,3.53857127578629,3.1500205109888557,4.074110105841528,5153.846153846154,0.0038202124082651915,244.3206518344671,0.10500000000000001,0.3343949044585987,1-0-372-1,*hr,UT_016,016,2,fave,160.09269188739057,50.69780324224957,10,were,0,0.29000800000000027,we,"",W,#,W,"",final
677.6718618520199,1513.8861412039348,1990.7975301735278,3.3709233648720742,3.315597138721953,3.4487751763369743,5333.333333333333,0.0006287926256774528,250.2206441655329,0.065,0.33505154639175255,1-0-387-1,*hr,UT_016,016,2,fave,153.17024013868166,59.560563877141426,10,work,1,0.16999800000002097,and,"",W,K,W,K,internal
383.0725093206082,1433.2471052759374,2960.969796534406,3.5768095766774843,4.540813906360593,4.912597790440624,6769.2307692307695,0.01184922994427778,255.4227518344671,0.035,0.3365384615384616,1-0-407-1,*hr,UT_016,016,2,fave,140.65467188032557,48.41423585127673,10,permission,0,0.08000200000000746,special,to,P,M,P,M,internal
550.0935040260528,1639.8389631840012,1971.5089217099694,3.597823770119338,3.776373882408044,3.9424307452485845,5333.333333333333,0.00988152238305687,262.5987548344671,0.067,0.3284313725490196,1-0-430-4,*hr,UT_016,016,2,fave,137.1459312506427,53.726504548467716,10,quicker,0,0.1799930000000245,little,"",K,#,K,"",final
532.4453408709867,1267.2802234294704,1903.4345767257632,3.701994669864801,3.5192830080382627,3.5266994041627444,4794.871794871795,0.0010550040335187206,263.9537451655329,0.037,0.32456140350877194,1-0-437-1,*hr,UT_016,016,2,fave,-12.708977558714391,53.95757949089343,10,working,1,0.08999599999998509,also,as,W,K,W,K,internal
474.9842454845646,1670.7369761826828,2923.505488524454,3.711458730114521,3.755170367197502,4.4659763056502495,6051.282051282051,0.00244278414635657,277.7887621655329,0.047,0.3263888888888889,1-0-468-4,*hr,UT_016,016,2,fave,86.11274003837892,47.99587625248014,10,bachelor's,0,0.11999500000001717,my,"",L,Z,L,Z,internal
721.4039693755474,1664.900841727939,2595.279489514132,4.063751070836919,3.419348058835451,4.231079043440661,4615.384615384615,0.003712358407832968,282.16875183446706,0.027000000000000003,0.32142857142857145,1-0-486-4,*hr,UT_016,016,2,fave,171.35493491646966,43.6380360834838,10,bachelor's,0,0.05999700000000985,my,degree,L,Z,L,Z,internal
589.2538098133176,1773.885561317828,2659.529734451197,3.4066766100812234,3.560684347471786,4.8197475868020305,7128.205128205128,0.0015169698558642965,317.9117445034014,0.07700000000000001,0.3290598290598291,1-0-498-3,*hr,UT_016,016,2,fave,143.59396472139363,58.38369291670869,10,mother's,0,0.21002199999998084,my,an,DH,Z,DH,Z,internal
594.3572044974272,1684.7089823361518,2056.726741566114,3.6410009530909733,3.7580049030643643,4.088162299626938,6051.282051282051,0.011770493938897678,319.6367441655329,0.067,0.3284313725490196,1-0-503-3,*hr,UT_016,016,2,fave,104.81024673108213,57.00804190375189,10,maker,0,0.17999299999996765,pie,"",K,#,K,"",final
596.6682218207674,1567.1810578129748,1902.3717408919533,3.3858765067551375,3.4678164206247386,3.425528878829447,5333.333333333333,0.0010857405573683767,326.0080578344671,0.04100000000000001,0.3306451612903227,1-0-522-1,*hr,UT_016,016,2,fave,149.31566424395444,59.72524932504649,10,her,0,0.10000600000000759,"",pies,HH,#,HH,P,final
560.5386913839895,1237.7630143088186,1848.363719622413,3.5864813428769704,3.536312631985304,3.5482745936556395,5871.794871794871,0.0003135525569648946,331.05804483446707,0.04100000000000001,0.3306451612903227,1-0-536-2,*hr,UT_016,016,2,fave,140.3446859020972,61.21785934911915,10,overwork,0,0.10000700000000506,always,the,V,W,V,W,internal
561.7635246594916,1170.3849250146895,1652.195542720604,3.3970407641735796,3.629703668923456,3.6328836465476733,5692.3076923076915,0.00048354006597703115,331.2060445034013,0.037000000000000005,0.324561403508772,1-0-536-4,*hr,UT_016,016,2,fave,147.13222963610787,62.41281236329874,10,overwork,1,0.09002700000002051,always,the,W,K,W,K,internal
528.1891757989449,1437.5791848732665,1958.1506624942444,3.590414752324385,3.9443471721547585,3.9306116122459187,4974.358974358975,0.004354981315697767,337.61274383446715,0.055,0.3353658536585366,1-0-564-1,*hr,UT_016,016,2,fave,202.5151620518581,55.59807551290336,10,worked,1,0.14001500000000533,finally,it,W,K,W,K,internal
520.8296707042081,1495.9811956819117,1763.9549037544157,3.714529277350452,3.9191181018516015,4.755607166951127,5153.846153846154,0.04404511191068347,353.0629621655329,0.047,0.3263888888888889,1-0-589-6,*hr,UT_016,016,2,fave,192.1507955678452,51.62418289468592,10,remember,0,0.11999499999996033,"","",B,#,B,"",final
538.2106487427459,1762.424488209822,2555.641187662286,3.225334586740715,3.363048925267763,4.663379814884856,5333.333333333333,0.00004058159548440801,355.3748621655329,0.027000000000000003,0.32142857142857145,1-0-593-3,*hr,UT_016,016,2,fave,144.83000346869738,65.2223865023762,10,later,0,0.05999700000000985,was,"",T,#,T,"",final
462.36611278771926,1378.521744753347,1937.40722307375,3.151712656135256,3.800422081359867,3.9537869381828243,4974.358974358975,0.0005995484944126095,359.25273783446715,0.035,0.33653846153846156,1-0-606-1,*hr,UT_016,016,2,fave,152.92356218157772,58.34895871502367,10,were,0,0.080016999999998,just,my,W,#,W,M,final
533.0041411822825,1669.6860522366242,2140.320044868311,3.269899903842024,4.448210031837997,4.130023565072431,5153.846153846154,0.01011750043290347,364.70964283446716,0.045,0.3358208955223881,1-0-622-4,*hr,UT_016,016,2,fave,176.4237940135532,53.39533208013789,10,master,0,0.11001599999997325,to,it,T,#,T,i,final
580.0273130824532,1540.544840528625,1809.292276865756,3.186531867752982,4.055231043267962,3.727365573709277,5153.846153846154,0.0060990890991349765,377.5281448344671,0.17700000000000002,0.3314606741573034,1-0-633-6,*hr,UT_016,016,2,fave,126.84553274899525,57.945550272256234,10,remember,0,0.5100100000000225,"","",B,#,B,"",final
655.663589038269,1620.4283298668781,1825.8224389509846,4.104052736152298,3.706561896756044,4.045678948101174,4974.358974358975,0.0002519530218124847,381.83264783446714,0.031,0.32978723404255317,1-0-649-3,*hr,UT_016,016,2,fave,150.19350416911357,58.727532365893396,10,memory,0,0.07000700000003235,childhood,"",M,iyF,M,iyF,internal
431.71367157625315,1261.1866949237444,2204.8690047904956,4.068007009647386,3.9989307492586437,4.159761696548125,5153.846153846154,0.0004898784927119855,385.9906451655329,0.027000000000000003,0.32142857142857145,1-0-662-1,*hr,UT_016,016,2,fave,147.53879069627055,58.00183274335777,10,from,0,0.05999800000000732,apples,the,F,M,F,M,internal
658.3099149146095,1776.0536520995704,2090.738712053699,4.021797755705722,3.6597224749103834,4.082543963724798,6051.282051282051,0.000255247679967674,394.0148481655329,0.035,0.3365384615384616,1-0-691-1,*hr,UT_016,016,2,fave,80.07433169669383,61.642729357905566,10,her,0,0.07998600000001943,and,highs,HH,#,HH,HH,final
534.4500308235539,1614.7465644080744,3661.5832387574833,3.3713284925144276,3.2307418045941354,4.666746904999773,7307.692307692308,0.0037622571673040736,396.4618511655329,0.10899999999999999,0.3364197530864197,1-0-702-1,*hr,UT_016,016,2,fave,153.56684818985485,63.418346239786544,10,were,0,0.2999879999999848,they,tasty,W,#,W,T,final
548.466901765936,1732.632187994579,2056.704003109935,3.419675895793047,4.3127813422437695,4.325621570117695,5153.846153846154,0.005020504731421084,414.6299501655328,0.055,0.33536585365853655,1-0-728-2,*hr,UT_016,016,2,fave,123.96334041616788,51.88660692992497,10,layers,0,0.13998500000002423,two,"",ey,Z,ey,Z,internal
464.91992133462054,1558.4847098476541,1990.992240774264,4.032035452239133,3.293853317143595,3.505391979426082,5153.846153846154,0.009328351429486702,462.27084449659867,0.055,0.3353658536585366,1-0-800-1,*hr,UT_016,016,2,fave,77.10161457091941,56.14045260436409,10,currently,1,0.1399839999999699,is,"",K,@,K,@,internal
532.9746655137875,1429.5083481990491,1888.0776452544837,3.21978485146183,3.4829461458397075,3.241930683447431,5512.820512820513,0.000299215978441018,476.34085716553284,0.055,0.33536585365853655,1-0-836-1,*hr,UT_016,016,2,fave,158.53594383130948,61.886267220929135,10,worries,1,0.13998400000002675,the,and,W,iy,W,iy,internal
521.4102896562899,1303.782458756524,1763.139421886288,3.510285039569999,3.6588711340842375,3.8869773105772816,5153.846153846154,0.0018645133384078555,487.9231478344671,0.061000000000000006,0.3315217391304348,1-0-872-1,*hr,UT_016,016,2,fave,78.50343417766373,62.96343392386719,10,worldly,1,0.16000399999995807,the,"",W,L,W,L,internal
517.8844225229274,1407.8902973177824,1702.0602752841226,3.2886598693664424,3.6680289932521153,3.6771620586368514,5153.846153846154,0.0017597013815529089,488.9981658344671,0.11100000000000002,0.3323353293413174,1-0-874-1,*hr,UT_016,016,2,fave,146.5670000233446,61.22556425764907,10,worries,1,0.3099980000000073,"",weren't,W,iy,W,iy,internal
557.9303812667309,1350.2691446952208,2028.2283457823182,3.4246690952936825,3.3377074185808127,3.673760160277233,5333.333333333333,0.00020789857579385688,489.5801551655329,0.035,0.33653846153846156,1-0-875-1,*hr,UT_016,016,2,fave,65.83613744731909,59.06579390449306,10,weren't,1,0.0799870000000169,worries,there,W,@,W,@,internal
625.6511320400144,1572.7239955548505,1758.6922061521204,4.221363669960567,4.133260967484302,4.080995156169004,5153.846153846154,0.0014503910156879287,498.81685916553283,0.04100000000000001,0.3306451612903227,1-0-891-3,*hr,UT_016,016,2,fave,146.43383070892517,56.81853280681081,10,memories,0,0.09997600000002649,core,"",M,iy,M,iy,internal
506.10977560040845,1491.3658284985213,1922.8146719723272,3.102101727839129,3.254167271851926,3.605666885340536,5692.3076923076915,0.00021087417996093244,530.8188678344671,0.027000000000000003,0.32142857142857145,1-0-958-3,*hr,UT_016,016,2,fave,83.80751412727858,63.29799417844003,10,neighborhood,0,0.059996999999953005,of,"",B,HH,B,HH,internal
603.2709118923761,1604.9487530830688,2016.1713182529334,3.399105980543208,3.2918538105850574,3.6080191986895125,5153.846153846154,0.0011236609853429735,538.9831455034014,0.097,0.3299319727891156,1-0-981-1,*hr,UT_016,016,2,fave,82.66905626802725,57.849395484896775,10,dirt,1,0.2700199999999313,the,"",D,T,D,T,internal
533.5987546987532,1504.7046962817042,1896.6299443631444,3.551342131224301,3.5789283394038547,3.8268737169309146,5153.846153846154,0.0002052590978299117,558.9401298344671,0.031,0.32978723404255317,1-0-1045-6,*hr,UT_016,016,2,fave,78.58462012609702,55.49106205326177,10,remember,0,0.07000799999991614,i,laying,B,#,B,L,final
355.39236328760086,1730.7155662850896,1985.9884650417036,3.9138833520118514,4.075339700389165,4.154793413008421,5512.820512820513,0.008865522424549969,560.040142165533,0.07100000000000001,0.3317757009345795,1-0-1049-4,*hr,UT_016,016,2,fave,160.05199058876354,53.239178970451825,10,granary,0,0.19000199999993583,the,and,N,iyF,N,iyF,internal
424.953316300168,1743.2516015643284,1904.8541233199478,3.9035696282288264,4.146035402802493,3.85756511988057,5153.846153846154,0.0066133703494183505,573.2192361723355,0.045,0.3358208955223881,1-0-1101-0,*hr,UT_016,016,2,fave,157.87922366835753,52.70705859928678,10,around,0,0.11004700000000867,being,the,#,aw,NG,aw,initial
518.9800185868886,1412.9506151421583,1799.493983723774,3.4604895285443424,3.5384200597835678,3.545781141880846,5512.820512820513,0.0013935028355470955,584.9442568344671,0.055,0.3353658536585366,1-0-1130-1,*hr,UT_016,016,2,fave,9.299083913954812,60.33203399664738,10,were,0,0.1400149999999485,we,all,W,#,W,o,final
486.7452417581601,1392.2683217683445,1977.6924819003796,3.505571653725755,3.6073027792689922,3.538368485604062,5333.333333333333,0.0001537679852130279,599.6736368344671,0.035,0.3365384615384616,1-0-1176-1,*hr,UT_016,016,2,fave,152.99890812987923,55.07985796937751,10,were,0,0.080016999999998,they,very,W,#,W,V,final
596.2540144046549,1742.5640221565377,2046.5987759485417,3.9461563565679127,3.72805529745022,4.05456057874403,5333.333333333333,0.0024082111888010112,600.7086544965987,0.045,0.3358208955223881,1-0-1180-1,*hr,UT_016,016,2,fave,154.34547104200394,54.53325753456277,10,nurturing,1,0.10998499999993783,and,with,N,CH,N,CH,internal
693.4231701489126,1771.7882665063337,2100.871152559234,3.666575733087729,3.8071238662709104,4.607028157257438,6051.282051282051,0.0024613718717455776,627.2365474965986,0.045,0.3358208955223881,1-0-1216-1,*hr,UT_016,016,2,fave,121.48063911092166,58.1909162827572,10,our,0,0.10998600000004899,maintain,livelihoods,aw,#,aw,L,final
484.1000644662984,1572.9937495892684,1868.990648839135,3.6047298847228366,3.3590392827834132,4.042925906463934,5153.846153846154,0.0016398394287551088,637.5825305034014,0.057,0.32758620689655177,1-0-1252-1,*hr,UT_016,016,2,fave,152.96724336825255,54.023187978710276,10,thoroughbreds,1,0.15002400000003036,of,and,TH,ow,TH,ow,internal
502.323459257012,1627.4518173719225,2019.4010407977519,3.2919038450209537,3.5877710324657537,3.976159079457715,5333.333333333333,0.0012068014325141412,650.7267401655329,0.067,0.32843137254901966,1-0-1281-3,*hr,UT_016,016,2,fave,80.37432643216323,61.98150074446105,10,butcher,0,0.17999299999996765,to,and,CH,#,CH,@,final
514.0051334551355,1733.3664987901636,3092.892573519828,3.198274709660436,3.3870330222670306,4.431874300888441,6230.7692307692305,0.0022569439114815152,660.0091501655329,0.04100000000000001,0.3306451612903227,1-0-1310-2,*hr,UT_016,016,2,fave,77.39343741238879,57.523280570931945,10,other,0,0.09997600000008333,to,people,DH,#,DH,P,final
557.008081614082,1652.8287516951602,2025.0614723894134,4.088901406024298,4.053815770304115,4.152689059720863,5153.846153846154,0.00037243173758775444,687.3213558344671,0.031,0.32978723404255317,1-0-1344-3,*hr,UT_016,016,2,fave,161.2884803857623,59.78317059010606,10,maternal,1,0.07000700000003235,[bracketed],grandparents,T,N,T,N,internal
917.9603604234045,1706.6435553834522,2511.7070654073423,4.165664454519503,3.5623567677782986,4.107556568226232,4974.358974358975,0.0015177396182470535,693.9713628276645,0.031,0.32978723404255317,1-0-1366-8,*hr,UT_016,016,2,fave,172.2792572066176,64.39282719703277,10,grandfathers,0,0.06994699999995646,my,passed,DH,Z,DH,Z,internal
611.9286884655932,1662.2826213466744,2799.101981752229,3.1745326351440974,3.44340005280246,3.94250497914848,5333.333333333333,0.00018511371783096558,697.1113338344671,0.031,0.32978723404255317,1-0-1377-3,*hr,UT_016,016,2,fave,80.37362528931115,60.43263449194515,10,father,0,0.07000699999991866,my,and,DH,#,DH,@,final
563.8136209901243,1735.3425242787175,2861.3007813773543,3.4718145423077837,3.2844160302891696,4.436576828280761,5512.820512820513,0.0002514356067010212,697.479323165533,0.027000000000000003,0.32142857142857145,1-0-1379-3,*hr,UT_016,016,2,fave,87.57339929278997,58.44265455645511,10,mother's,0,0.05999799999995048,and,side,DH,Z,DH,Z,internal
550.6029728464727,1769.0809003126742,2121.8133919834227,3.3388848012262153,3.529331886740193,4.204612883249208,5333.333333333333,0.0025184332493318404,707.1068488344672,0.091,0.3321167883211679,1-0-1415-5,*hr,UT_016,016,2,fave,163.59534691447232,60.494524689636535,10,together,0,0.25,get,for,DH,#,DH,F,final
588.9758007467946,1713.7976668436258,2167.410963017606,3.7250896500810406,3.4408107434469857,4.105163379150935,5512.820512820513,0.04553544321910009,709.0738751655329,0.085,0.3346456692913386,1-0-1420-6,*hr,UT_016,016,2,fave,146.61616346554186,59.003272147132506,10,grandmother,0,0.22998000000006869,my,"",DH,#,DH,"",final
634.3500544151278,1673.827707832501,2016.693718824213,3.3993783904857624,3.891525012434031,4.083910028075919,5333.333333333333,0.0034444906944709787,713.4118325034013,0.121,0.3324175824175823,1-0-1435-2,*hr,UT_016,016,2,fave,156.54638466769208,56.921406779188175,10,other,0,0.34002699999996366,each,and,DH,#,DH,@,final
582.7958549476497,1779.497268661516,2210.5155228104863,3.467396432132859,4.03646374528071,4.092270327556724,5333.333333333333,0.0016632867162658738,726.3437534965987,0.037000000000000005,0.324561403508772,1-0-1456-6,*hr,UT_016,016,2,fave,2053034.6881470673,56.175460162976236,10,grandmother,0,0.08996600000000399,my,she,DH,#,DH,SH,final
554.5223625586509,1594.7514412996493,1841.2198110072698,3.7408971001903755,3.803999069123906,4.239921568836645,5153.846153846154,0.015513966493872247,732.703734165533,0.10899999999999999,0.33641975308641964,1-0-1481-1,*hr,UT_016,016,2,fave,79.84802600029151,53.62238229340383,10,her,0,0.2999879999999848,with,and,HH,#,HH,@,final
731.373988336418,1869.8050237536424,2856.8004630494925,4.019765097224387,3.4954198164000863,4.573315124548562,6410.25641025641,0.004278714378441934,736.1797455034015,0.061000000000000006,0.33152173913043487,1-0-1490-3,*hr,UT_016,016,2,fave,79.63214848593323,58.42856360805331,10,dinner,0,0.160033999999996,take,up,N,#,N,ʌ,final
683.5387070740929,1774.3000659998831,2162.1573624478406,3.944183867291605,3.8991722440815577,4.008681623560636,5512.820512820513,0.010597789761725996,738.1347618344672,0.051000000000000004,0.3311688311688312,1-0-1502-3,*hr,UT_016,016,2,fave,164.47954316460698,58.145296213537314,10,dinner,0,0.13000499999998283,of,"",N,#,N,"",final
690.9767807146816,1698.7900485899904,2237.0735636705735,4.0310203281470285,3.2204747893413437,3.9044213225786244,5333.333333333333,0.0015249864331666168,739.3397285034014,0.04100000000000001,0.3306451612903227,1-0-1507-3,*hr,UT_016,016,2,fave,156.61461052844385,60.953133348352566,10,dinner,0,0.10003599999993185,make,for,N,#,N,F,final
565.4331801373239,1653.330618404463,2421.4521042257416,3.4419109117331383,3.1937627028646034,4.14906182557154,5692.3076923076915,0.00021304263446733965,739.5127701655329,0.027000000000000003,0.32142857142857145,1-0-1508-1,*hr,UT_016,016,2,fave,150.28921869836344,63.37632242757183,10,for,0,0.05999800000006417,dinner,the,F,#,F,DH,final
663.3001792266092,1741.619874601487,1996.5341200505252,4.169764724131314,3.955306272309928,3.956249840063355,5153.846153846154,0.02099138497282665,742.0397305034014,0.061000000000000006,0.33152173913043487,1-0-1521-3,*hr,UT_016,016,2,fave,134.95815844442063,54.013133862135525,10,dinner,0,0.160033999999996,at,"",N,#,N,"",final
703.8784581894859,1722.6849349948473,1944.5867762079322,4.019873832780435,3.5241646057207046,3.9990128320174994,5512.820512820513,0.00038431430268338527,742.8817561655329,0.045,0.3358208955223881,1-0-1525-3,*hr,UT_016,016,2,fave,153.20125996980983,58.77851644781302,10,dinner,0,0.10998499999993783,take,up,N,#,N,ʌ,final
560.9766820844023,1927.033071176679,2579.6412765536265,4.271556629879592,3.8851429606664465,4.555243849001127,6410.25641025641,0.02877921864671907,744.959763165533,0.061000000000000006,0.3315217391304348,1-0-1533-3,*hr,UT_016,016,2,fave,143.6187226193812,57.907562482290686,10,dinner,0,0.15997299999992265,of,every,N,#,N,e,final
617.0949861141802,1704.1771689658322,2067.660660004711,3.4015284883343506,3.6129287483427364,3.713086479068997,5333.333333333333,0.0004956479769537477,751.7327335034014,0.067,0.3284313725490196,1-0-1560-1,*hr,UT_016,016,2,fave,158.93267073519135,57.25320339578146,10,her,0,0.18005299999992985,with,and,HH,#,HH,@,final
556.7260140005868,1629.9769940554309,1964.0393225330927,3.3768451383677243,3.72289969366857,3.443815319377749,5153.846153846154,0.00005448309596940475,767.5363518276644,0.035,0.33653846153846156,1-0-1585-1,*hr,UT_016,016,2,fave,146.754190546998,59.50034611632121,10,her,0,0.07995600000003833,with,laughter,HH,#,HH,L,final
538.8809091158837,1652.2730070603548,2071.075025547205,3.321274188575136,3.5385338855179915,3.9796145077018212,5153.846153846154,0.0031467780029794446,768.0223431655329,0.047,0.3263888888888889,1-0-1586-4,*hr,UT_016,016,2,fave,165.45392256416812,55.80164031848274,10,laughter,0,0.11999500000001717,her,"",T,#,T,"",final
511.5983464372259,1604.7649050885298,1964.084548213799,2.94434352795207,3.5801230804619912,3.412234249289825,5512.820512820513,0.0004460767688841018,770.3463658344671,0.035,0.33653846153846156,1-0-1595-1,*hr,UT_016,016,2,fave,163.44539992228238,62.1785238614806,10,person,1,0.080016999999998,"","",P,S,P,S,internal
509.68022347042466,1410.0618193726089,1932.5381284935672,3.6216116535697007,3.3512144751971142,3.717095422549724,5512.820512820513,0.000026847979410082664,771.8223411655329,0.027000000000000003,0.32142857142857145,1-0-1599-6,*hr,UT_016,016,2,fave,158.8378192115996,63.318878731830296,10,remember,0,0.05999700000006669,i,her,B,#,B,HH,final
435.06836849815886,1852.260140389672,2845.160347562064,3.082075560414046,3.4345481751323876,4.456692676676959,6410.25641025641,0.00046582995851819436,773.6323381655329,0.027000000000000003,0.32142857142857145,1-0-1607-4,*hr,UT_016,016,2,fave,NaN,57.63160855795952,10,larger,0,0.05999799999995048,a,belly,JH,#,JH,B,final
539.781028071909,1703.0131021432935,1851.2451245826453,3.4885256947686414,3.9336543347077377,3.5724573907119517,5333.333333333333,0.0008993194623161147,790.1196495034014,0.037,0.32456140350877194,1-0-1663-1,*hr,UT_016,016,2,fave,80.57247406588195,60.64480612882269,10,her,0,0.09002699999996366,with,little,HH,#,HH,L,final
538.9317839349926,1872.582110124068,2632.772394649399,3.2294868525182787,3.7125651079731186,4.328231960576328,5512.820512820513,0.0007918352352378588,806.2316401723356,0.04100000000000001,0.3306451612903227,1-0-1721-2,*hr,UT_016,016,2,fave,81.79350226540028,65.0212617278724,10,either,0,0.10003700000004301,"",quilt,DH,#,DH,K,final
508.28338626543916,1687.3092951184112,2170.177079525558,3.3590543571861753,3.7311011018453955,4.1985100712648205,5333.333333333333,0.0013770908964147275,807.3216444965987,0.040999999999999995,0.33064516129032256,1-0-1725-0,*hr,UT_016,016,2,fave,157.17759437252596,59.17245642355836,10,or,0,0.09997600000008333,hand,tie,#,#,D,T,coextensive
570.9441242577549,1515.868217911867,1908.9005367638724,3.6644436556326694,3.5496735021189867,3.4286851194964,4794.871794871795,0.001349999004527058,809.308646834467,0.035,0.3365384615384616,1-0-1731-6,*hr,UT_016,016,2,fave,80.02659468605766,59.54057882147122,10,remember,0,0.080016999999998,i,my,B,#,B,M,final
557.0399513636195,1807.4913000227334,2500.6110311315206,4.017878062776008,4.1753691470009,4.707393854950789,6410.25641025641,0.00658673600975766,814.9816401723356,0.04100000000000001,0.3306451612903227,1-0-1753-3,*hr,UT_016,016,2,fave,159.12472006989236,58.431743128306266,10,underneath,0,0.10003700000004301,laying,the,D,N,D,N,internal
586.4756486894493,1594.047265394126,1877.3124726282858,3.4519606796049787,3.9496440410100346,3.8189578230850554,4974.358974358975,0.010089948876424712,824.0917341655329,0.10899999999999999,0.3364197530864197,1-0-1779-6,*hr,UT_016,016,2,fave,109.58464710614265,54.948321235408805,10,remember,0,0.2999880000000985,i,"",B,#,B,"",final
501.31142543334136,1644.3032101316026,1992.3002406317717,3.5171672370806033,4.082127418788265,4.005831821922659,5333.333333333333,0.00015619526283541343,825.5707541655329,0.027000000000000003,0.32142857142857145,1-0-1784-1,*hr,UT_016,016,2,fave,163.18178590578893,58.98218244785854,10,for,0,0.059996999999953005,hunting,night,F,#,F,N,final
688.0283585252743,1576.441509345122,2048.6164419536926,4.1953808973950455,3.9023854331810717,4.054033961567754,4794.871794871795,0.024338620104478893,826.1807291655329,0.047,0.3263888888888889,1-0-1786-4,*hr,UT_016,016,2,fave,174.46916562683592,50.05712268258124,10,crawlers,0,0.11999600000001465,night,"",L,Z,L,Z,internal
529.5179746803875,1366.6910622827945,1772.79578550853,3.4297514949184067,3.694879926459668,3.4560431342345947,4794.871794871795,0.0022541213191767254,830.8927511655329,0.051000000000000004,0.3311688311688312,1-0-1805-1,*hr,UT_016,016,2,fave,153.52839358886717,59.449755669303485,10,were,0,0.13000500000009652,there,roses,W,#,W,R,final
652.8815705597912,1631.548347945912,2010.6204015940204,3.6840849368616735,3.3557765577366445,3.7301434942480443,5153.846153846154,0.00042635873178467756,833.9877285034014,0.061000000000000006,0.33152173913043487,1-0-1813-3,*hr,UT_016,016,2,fave,78.77377074542166,60.75779828228268,10,water,0,0.160033999999996,would,em,T,#,T,e,final
689.5053986341709,1533.0438448074192,2011.92449819203,3.759019549793654,3.6406521801069975,4.475758610552151,4794.871794871795,0.022718009113870587,835.7507371655329,0.047,0.3263888888888889,1-0-1819-4,*hr,UT_016,016,2,fave,572.0513805709617,41.23764151198756,10,crawlers,0,0.11999500000001717,night,would,L,Z,L,Z,internal
515.9780094919306,1421.4925552862949,1936.8070011905954,3.216136012366342,3.363804889167388,3.438608140436048,5333.333333333333,0.000053617169671004824,837.9027598276645,0.031,0.32978723404255317,1-0-1828-1,*hr,UT_016,016,2,fave,158.2325821087424,67.8161045614593,10,were,0,0.06994599999995899,they,huge,W,#,W,HH,final
466.52447361571086,1542.1484074386613,1960.0023555944065,3.614172327835224,3.6499175948791662,4.328589953206532,5333.333333333333,0.012849405175632489,839.064739834467,0.055,0.3353658536585366,1-0-1832-4,*hr,UT_016,016,2,fave,523.9435281771432,53.40179994958661,10,crawlers,0,0.14001500000006217,"","",L,Z,L,Z,internal
568.6462947127881,1653.0883821892576,2001.087152848812,3.9757941281787677,3.5828617686555537,3.9495063590317643,4974.358974358975,0.007947923572702171,842.0497661655329,0.085,0.3346456692913386,1-0-1842-4,*hr,UT_016,016,2,fave,157.63000735378705,54.88303787416389,10,crawlers,0,0.22998099999995247,night,"",L,Z,L,Z,internal
548.5511059716794,1538.92993131389,1793.8057811307692,3.242499053199766,3.6282631322518424,3.517631045817208,5153.846153846154,0.000761386282966696,843.3562471655329,0.087,0.32954545454545453,1-0-1846-1,*hr,UT_016,016,2,fave,211.4129574494446,64.50813579990492,10,her,1,0.23999000000003434,"",[bracketed],HH,#,HH,spn,final
502.1851899361951,1516.2706558721463,1740.6676116469393,3.7130592575903134,3.629928636389351,4.1821886125234675,4435.897435897436,0.0009342351332597389,846.0962671655329,0.027000000000000003,0.32142857142857145,1-0-1856-6,*hr,UT_016,016,2,fave,128.70561988147676,54.456412054279234,10,remember,0,0.059996999999953005,i,picking,B,#,B,P,final
617.406122280177,1587.1918482975834,1889.1374690172702,3.978471383347,3.970144038408848,4.008987170484758,4974.358974358975,0.0738118428144795,847.4272365034014,0.149,0.33558558558558554,1-0-1860-1,*hr,UT_016,016,2,fave,112.0346177574236,53.86704067314375,10,her,0,0.42004399999996167,with,"",HH,#,HH,"",final
617.3149911375432,1828.0183348315459,4328.01560218929,4.470932296776977,3.290560380613981,5.015166389017033,8205.128205128205,0.001960094470322566,848.9662621655328,0.027000000000000003,0.32142857142857145,1-0-1866-1,*hr,UT_016,016,2,fave,81.51638222543578,58.6319304830105,10,her,0,0.05999700000006669,on,porch,HH,#,HH,P,final
511.2832138074003,1594.8904799194074,1975.1740596867244,3.5706863565905023,3.55283687668816,4.200751402341512,5153.846153846154,0.002012985677970752,851.4752521655329,0.065,0.3350515463917526,1-0-1876-3,*hr,UT_016,016,2,fave,163.5880405233056,57.94177295873547,10,older,0,0.169983000000002,"",i,D,#,D,ay,final
591.549083331725,1564.7113771701986,1870.3836254746611,3.9628994110340674,3.3866209293813503,3.561660317562048,5512.820512820513,0.00033399300848566826,852.8562818344672,0.027000000000000003,0.32142857142857145,1-0-1881-1,*hr,UT_016,016,2,fave,82.25109866088914,63.05473661205417,10,her,0,0.05999799999995048,mow,lawn,HH,#,HH,L,final
531.8284006407757,1534.545575931038,1904.9953307392823,3.4447624832023727,3.6197994338544826,3.8450004434922493,5333.333333333333,0.0001490458969112736,854.0562328344671,0.027000000000000003,0.32142857142857145,1-0-1887-1,*hr,UT_016,016,2,fave,76.85599791805478,55.531355463478846,10,her,0,0.05999800000006417,of,yard,HH,#,HH,Y,final
630.2028200009612,1523.371430292038,1885.9765306664237,3.8775408458252993,3.6388800650108757,3.669113451895411,4794.871794871795,0.010910709410326817,855.3902465034013,0.055,0.3353658536585366,1-0-1894-1,*hr,UT_016,016,2,fave,179.23184709776973,52.77709691082034,10,her,0,0.1400140000000647,"","",HH,#,HH,"",final
582.2688302944,1675.92451056406,2398.126309664313,4.2030141275080775,3.214868323908418,4.436278479232893,5153.846153846154,0.003281078035168289,858.760245834467,0.035,0.3365384615384616,1-0-1903-6,*hr,UT_016,016,2,fave,181.6049684247609,65.38020969030241,10,grandmother,0,0.080016999999998,only,that,DH,#,DH,DH,final
709.4959427828187,1359.4906723357883,2847.9427829279143,3.535886418529355,3.7614849422119883,4.504314432592326,4974.358974358975,0.05012895200960882,881.5264434965986,0.189,0.33510638297872336,1-0-1946-0,*hr,UT_016,016,2,fave,161.81441690339716,48.02754199718475,10,or,0,0.5399780000000192,dale,"",#,#,L,"",coextensive
601.9158020192017,1525.0171839832472,1971.7743833096426,3.33774287838543,3.9819496489434276,4.09106542254917,4974.358974358975,0.004163794356060223,887.999432834467,0.055,0.3353658536585366,1-0-1968-3,*hr,UT_016,016,2,fave,86.89159767513532,56.63202070880215,10,colorado,0,0.1400140000000647,in,"",L,o,L,o,internal
652.9109179123423,1694.3653723388588,1928.9939850171838,3.207982538193962,3.584409165545457,4.143069432915232,5153.846153846154,0.004649162638852396,890.7104548344671,0.057,0.32758620689655177,1-0-1972-4,*hr,UT_016,016,2,fave,144.87433340740967,53.04558351531626,10,another,0,0.15002400000003036,"",uncle,DH,#,DH,ʌ,final
567.1445465787747,1522.5238849686277,1621.6790609053187,3.5767423119541277,4.241107994018262,4.444843228147304,4974.358974358975,0.002708139358840182,894.5154618344671,0.027000000000000003,0.32142857142857145,1-0-1983-6,*hr,UT_016,016,2,fave,76.6062756336827,53.71460040441946,10,remember,0,0.05999799999995048,don't,where,B,#,B,W,final
592.360537281416,1506.5888144947762,1903.0479918804103,3.432737073104389,4.053724751182194,3.904934421542074,5153.846153846154,0.0010054228497061147,902.6902504965987,0.037,0.32456140350877194,1-0-2010-1,*hr,UT_016,016,2,fave,75.81191188516128,55.67125204787177,10,for,0,0.08996600000000399,there,a,F,#,F,@,final
528.4830936813939,1566.7369356542908,1852.1177611178132,3.5886256295321832,4.518443533749516,3.5997139869180175,4794.871794871795,0.0044404806655621125,909.5502468344671,0.037000000000000005,0.324561403508772,1-0-2037-1,*hr,UT_016,016,2,fave,154.92690832743557,59.15635801214299,10,kearns,1,0.09002700000007735,"",for,K,N,K,N,internal
587.7230309687629,1611.5787689837516,4135.539787685131,3.608928550858623,3.7647200744908917,5.12522228778391,7666.666666666666,0.002763526355234071,909.9502604965986,0.037000000000000005,0.324561403508772,1-0-2038-1,*hr,UT_016,016,2,fave,92.0498432806126,52.2759544883606,10,for,0,0.08996500000000651,kearns,a,F,#,F,@,final
511.56829184271265,1604.4965020754123,1969.832453402773,3.3889126488508325,3.95821678677025,4.6651259112034795,5333.333333333333,0.008633733056394446,941.2019601655329,0.067,0.32843137254901966,1-0-2071-0,*hr,UT_016,016,2,fave,76.55350002089568,54.946212979287154,10,are,0,0.17999299999996765,those,enjoyable,#,#,Z,e,coextensive
549.189783190985,1693.5310303075955,2072.0330134820592,3.626911299125799,4.294530782244111,4.563456330657837,5333.333333333333,0.00007975297377222966,942.3909381723356,0.025,0.33783783783783783,1-0-2074-2,*hr,UT_016,016,2,fave,85.74870504841348,59.88345077500286,10,for,0,0.050049000000058186,things,me,R,#,R,M,final
603.0668462696392,1512.3929891539985,1907.7245846363728,3.1904587685136065,3.780777205240328,4.269729877229912,5512.820512820513,0.00032220481069013447,952.738948165533,0.04100000000000001,0.3306451612903227,1-0-2095-4,*hr,UT_016,016,2,fave,238.4316533127003,66.5573289824559,10,expert,0,0.09997499999997217,"",because,P,T,P,T,internal
487.6467447111977,1452.0583594031482,1784.4598345633858,2.7643216321821376,3.8286655866001094,3.8150148935386556,5153.846153846154,0.000323634848152525,954.0439408344672,0.051000000000000004,0.3311688311688312,1-0-2100-4,*hr,UT_016,016,2,fave,155.51422356734201,64.72820291725375,10,expert,0,0.13000499999998283,"",is,P,T,P,T,internal
644.3282127288006,1580.2248915933558,2269.40301984693,3.797698660766539,3.620635044481474,4.008824194426856,5333.333333333333,0.0014106848832148868,961.6179768344672,0.051000000000000004,0.3311688311688312,1-0-2110-1,*hr,UT_016,016,2,fave,150.90458995385026,60.65885056768974,10,learning,1,0.13000499999998283,always,and,L,N,L,N,internal
561.1164963135742,1722.862354788201,2264.1150043766506,3.041052205534787,3.6024282566450565,4.154763458050681,5153.846153846154,0.0011991855442875766,989.1931508276645,0.035,0.33653846153846156,1-0-2200-3,*hr,UT_016,016,2,fave,NaN,57.11865640793558,10,understand,0,0.07995599999992464,and,children,D,S,D,S,internal
532.1325665270672,1784.8886519793366,2256.379664795237,3.401419257904856,3.872373499966444,4.580369490770008,5153.846153846154,0.0019321544559007349,993.126155165533,0.04100000000000001,0.3306451612903227,1-0-2211-3,*hr,UT_016,016,2,fave,126.69867466695463,50.63108664912528,10,understand,0,0.09997499999997217,me,the,D,S,D,S,internal
608.3832406871563,1602.4217758518805,1977.084243155277,3.1432341012254805,3.559913332861602,3.80546619470023,5333.333333333333,0.00040162646637442414,1019.8533588276644,0.055,0.3353658536585366,1-0-2233-0,*hr,UT_016,016,2,fave,115.0355637467808,61.62793321341059,10,early,1,0.13995300000010502,the,childhood,#,L,@,L,initial
521.5400878772726,1682.5526977605434,1992.409824613464,3.1660594937464324,3.4665471865261948,3.4993686794359165,5333.333333333333,0.0006345874747130842,1025.2914325102042,0.085,0.3346456692913386,1-0-2245-0,*hr,UT_016,016,2,fave,79.96111182019956,68.43309185234695,10,or,0,0.23010299999987183,"",[bracketed],#,#,"",spn,coextensive
546.7650873245113,1676.566215770847,2170.8087630166915,3.3362095986717804,3.303031083597126,3.668805816680669,5333.333333333333,0.0008161727759359923,1028.2294544897961,0.061000000000000006,0.3315217391304348,1-0-2252-1,*hr,UT_016,016,2,fave,81.44276755581201,64.78236484292843,10,third,1,0.15991299999996045,taught,grade,TH,D,TH,D,internal
556.3027618710237,1284.9766396454165,2022.6307859676867,3.321738452095983,3.4047259922537103,3.636833481434429,5333.333333333333,0.0009153811149873951,1030.0074168412698,0.037000000000000005,0.324561403508772,1-0-2257-1,*hr,UT_016,016,2,fave,47081.64436513449,58.08225923440045,10,were,0,0.09008800000015071,they,"",W,#,W,"",final
549.6579102480093,1807.445997176869,2095.832558746881,3.9556626318566046,3.634553345227908,3.7134520452635105,5333.333333333333,0.000646399320129215,1033.054439834467,0.051000000000000004,0.3311688311688312,1-0-2269-3,*hr,UT_016,016,2,fave,145.25129797103972,57.77945647848796,10,tutoring,0,0.13000400000009904,in,i,T,i,T,i,internal
454.1502007911416,1642.2283698987321,2069.3407454567237,3.0266511957505795,3.4934033205392416,3.9572786796120134,5333.333333333333,0.0006144441090871729,1035.5894674965984,0.040999999999999995,0.33064516129032256,1-0-2273-3,*hr,UT_016,016,2,fave,324.2711264379991,60.99764613101823,10,tutored,0,0.09997500000008586,also,"",T,D,T,D,internal
473.16319181254653,1647.4889310163837,3368.3793037057894,3.732283164485466,3.108202495622391,4.008960933049219,7307.692307692308,0.001316234352907589,1035.9564624965988,0.035,0.3365384615384616,1-0-2275-3,*hr,UT_016,016,2,fave,82.40650531009308,62.57236054223665,10,older,0,0.07995600000003833,"",grades,D,#,D,G,final
448.2961781054724,1761.3475300294695,3741.013049155347,3.2402077730358196,2.8325119158395626,5.0167530579721005,6948.717948717948,0.0034410462928888825,1037.3544864965986,0.031,0.32978723404255317,1-0-2282-4,*hr,UT_016,016,2,fave,161.60290814372507,55.49105425544333,10,younger,0,0.06994600000007267,with,grades,G,#,G,G,final
577.7074623608014,1677.1620006261653,2166.695245067252,3.8535878384285067,3.9976350524278863,4.322615176678988,5512.820512820513,0.004943675446944397,1062.9872258344672,0.055,0.3353658536585366,1-0-2309-1,*hr,UT_016,016,2,fave,163.51468366565038,65.16097259127764,10,learning,1,0.1400140000000647,"","",L,N,L,N,internal
633.1284331807107,1701.394409911905,2030.3631418790712,3.8193754003679548,4.028490097440568,3.567524285597908,5153.846153846154,0.005795947545543001,1070.192310165533,0.129,0.33593749999999994,1-0-2321-1,*hr,UT_016,016,2,fave,79.3288393511842,57.86970487530699,10,learn,1,0.3599859999999353,and,"",L,N,L,N,internal
537.5992895126715,1519.7607815900294,2756.075157718071,2.9874494701537087,4.262007372755675,4.4518234445800395,5512.820512820513,0.0003303300742324052,1075.3113428276642,0.027000000000000003,0.32142857142857145,1-0-2332-1,*hr,UT_016,016,2,fave,172.16198431884342,67.51867748525008,10,for,0,0.0599369999999908,"",the,F,#,F,DH,final
593.7833676431422,1436.5967430847713,1818.4945281869097,3.1341866896261026,3.6046441391790984,3.5147108708856076,5153.846153846154,0.0004804301899094192,1075.5683541655328,0.04100000000000001,0.3306451612903227,1-0-2334-1,*hr,UT_016,016,2,fave,82.62417401638216,64.4555772463058,10,first,1,0.09997599999996964,the,time,F,S,F,S,internal
489.05789954048845,1822.36376836036,3160.9310414643332,2.507785709133405,3.25753099658844,4.66462914450083,6948.717948717948,0.0016353839305903904,1110.0048024965988,0.035,0.3365384615384616,1-0-2381-3,*hr,UT_016,016,2,fave,159.91471740336272,65.94865338693405,10,understanding,0,0.07995600000003833,"",them,D,S,D,S,internal
495.04528853447744,1782.4803400927276,2389.5975779704822,3.3531913111093274,3.516739258334542,4.4822584240794425,5153.846153846154,0.0009648928809241734,1123.5277278412698,0.040999999999999995,0.33064516129032256,1-0-2415-3,*hr,UT_016,016,2,fave,110.19102833138967,58.226689589199935,10,understanding,0,0.10009800000011637,of,"",D,S,D,S,internal
557.0591844131393,1535.2606362387305,1962.2226813957764,3.549189113547105,3.6126326812927294,3.988166555625162,5153.846153846154,0.00232728293755089,1130.474797165533,0.047,0.3263888888888889,1-0-2438-1,*hr,UT_016,016,2,fave,6438.202106857144,52.43400190379249,10,first,1,0.11999500000001717,the,time,F,S,F,S,internal
631.5206983337334,1614.2149887360831,1924.0394743068487,3.6081661794791424,3.5145502650642135,3.5204740505966003,5153.846153846154,0.0006150120876167335,1134.223797165533,0.045,0.3358208955223881,1-0-2446-3,*hr,UT_016,016,2,fave,NaN,58.45080351028183,10,letter,0,0.10998500000005151,the,a,T,#,T,eyF,final
564.9594993407768,1669.444015124182,2106.791001831743,3.3036287552051182,3.718379200425003,3.729927055864341,5153.846153846154,0.0006383040513631167,1136.344792165533,0.047,0.3263888888888889,1-0-2456-3,*hr,UT_016,016,2,fave,NaN,55.06234084726863,10,letter,0,0.11999500000001717,the,"",T,#,T,"",final
589.3353354892809,1851.65143308992,2212.154171521633,3.242305081694856,3.762674852329188,3.9932236139509496,5153.846153846154,0.004684492875842319,1140.3697964965986,0.07700000000000001,0.3290598290598291,1-0-2475-4,*hr,UT_016,016,2,fave,818.7885011054856,52.35607051934617,10,entire,0,0.20996099999979378,our,"",ay,#,ay,"",final
634.9899789196583,1747.6823392265992,3048.0997835853486,3.913341508136069,3.4498724625228068,4.59557969376937,6948.717948717948,0.004891476992813738,1142.923748165533,0.045,0.3358208955223881,1-0-2484-1,*hr,UT_016,016,2,fave,81.9151887768316,61.05492387912391,10,learning,1,0.10998500000005151,child,"",L,N,L,N,internal
526.9558597242166,1502.1726180732442,2042.983128270628,3.100253655164377,3.7629723275069833,3.8607529788703445,5153.846153846154,0.00009049653614799721,1144.5647608276643,0.027000000000000003,0.32142857142857145,1-0-2491-1,*hr,UT_016,016,2,fave,167.00856565119204,56.9401077831373,10,first,1,0.0599369999999908,the,time,F,S,F,S,internal
561.1311003774825,1678.5587511794415,2764.763058712923,3.6839136841264084,3.63490157354851,5.509146118775096,7307.692307692308,0.003114406763279825,1145.27675584127,0.031,0.32978723404255317,1-0-2494-2,*hr,UT_016,016,2,fave,143.31460811861217,53.90438443843803,10,ever,0,0.07006900000010319,they've,seen,V,#,V,S,final
632.8248708963619,1692.4117163281385,2036.938329280643,2.872441225903634,3.6117061553031258,3.7022008212222572,5333.333333333333,0.0004524192104959862,1146.744694165533,0.047,0.3263888888888889,1-0-2498-3,*hr,UT_016,016,2,fave,1070.193537222543,60.87671765871638,10,letter,0,0.11999500000001717,the,"",T,#,T,"",final
555.5055565052016,1622.664554964104,1923.7938368087948,3.5071403357962274,3.425253893420442,3.9323076981195455,5333.333333333333,0.00027021613131519905,1147.4997268412699,0.037000000000000005,0.324561403508772,1-0-2503-1,*hr,UT_016,016,2,fave,149.64461182906345,59.25892773502671,10,heard,1,0.09008799999992334,or,the,HH,D,HH,D,internal
531.522763801363,1595.555489364061,1936.0084351576959,3.2262550085641335,3.4090590635253655,3.3177080484315553,5153.846153846154,0.00010032702830984163,1155.1020398276642,0.031,0.32978723404255317,1-0-2531-1,*hr,UT_016,016,2,fave,157.25667946786913,61.65639571810863,10,hurdle,1,0.06994600000007267,biggest,people,HH,D,HH,D,internal
520.0025109674664,1629.5458680803188,1910.1981874059027,3.1036930440592534,3.740794067592078,3.8611208939524584,5333.333333333333,0.00044610715618756137,1180.5595178412698,0.035,0.33653846153846156,1-0-2564-3,*hr,UT_016,016,2,fave,79.80979967930806,63.62498930010953,10,understand,0,0.08007799999995768,to,and,D,S,D,S,internal
694.9134854010729,1604.942381394445,2126.49061013319,3.969856261036357,3.5121321573859334,3.91164033290323,5333.333333333333,0.0018185196156263665,1181.2915724965985,0.07899999999999999,0.3376068376068376,1-0-2566-1,*hr,UT_016,016,2,fave,155.28787981611902,61.2129544716861,10,learn,1,0.20996100000002116,and,"",L,N,L,N,internal
548.2577556057702,1646.0245513508094,2804.2896146066605,3.7635649249561114,3.5305907684403306,4.800067657362463,7128.205128205128,0.0190409178839898,1186.9104445034015,0.065,0.3350515463917526,1-0-2579-1,*hr,UT_016,016,2,fave,150.02533319835823,56.640880858779525,10,fir,1,0.1700429999998505,a,"",F,#,F,"",final
559.3493686540417,1562.4069015850118,2598.3687249348754,3.1228999817101273,3.5745287712574583,4.654681490660292,6410.25641025641,0.000056325278088134165,1192.1214301723357,0.027000000000000003,0.32142857142857145,1-0-2594-1,*hr,UT_016,016,2,fave,156.94544070503127,67.51724368680074,10,for,0,0.060058999999910156,"",the,F,#,F,DH,final
593.1303805494146,1434.5401827059202,1810.397365292717,3.0376291744691253,3.420155084197864,3.2911385638790036,5153.846153846154,0.0012583566527845677,1192.3604215102039,0.045,0.3358208955223881,1-0-2596-1,*hr,UT_016,016,2,fave,NaN,60.571226500900295,10,first,1,0.11010800000008203,the,time,F,S,F,S,internal
613.1805768255821,1420.1218109263782,1922.5532737499657,3.180621930467911,3.630404244765321,3.386881942302494,5512.820512820513,0.0004175838649996369,1198.5704704965985,0.045,0.3358208955223881,1-0-2610-1,*hr,UT_016,016,2,fave,147.55455110414738,68.3656574262316,10,were,0,0.10998600000016268,"",also,W,#,W,o,final
524.7728792488932,1557.600640997912,1883.298317354253,3.7404188043012523,3.8472837333271896,3.935666189842717,4974.358974358975,0.00448654284280428,1200.2584124965986,0.04100000000000001,0.3306451612903227,1-0-2616-1,*hr,UT_016,016,2,fave,-1856.2814956969744,50.28739729043986,10,first,1,0.09997499999985848,the,time,F,S,F,S,internal
546.9041851411813,1698.4613417121814,2221.6881949629937,3.252606217109822,3.544770691069461,4.242431387118856,5333.333333333333,0.0011229142187941504,1201.47641184127,0.037000000000000005,0.324561403508772,1-0-2621-3,*hr,UT_016,016,2,fave,75.52182942772258,57.78288672090605,10,understand,0,0.09008699999981218,them,and,D,S,D,S,internal
493.03277296019996,1832.3645337230269,2820.561638876116,3.9087494974977246,3.59032052891894,4.148669928943444,6410.25641025641,0.0031915941661908344,1213.5685508412696,0.035,0.3365384615384616,1-0-2655-3,*hr,UT_016,016,2,fave,87.02910074267537,52.08518526759367,10,understand,0,0.08007800000018506,and,that,D,S,D,S,internal
491.07322255847896,1820.112492534677,2974.0243742865714,3.487280067925149,3.3510271032566004,4.350707818099284,6410.25641025641,0.0008321777524433278,1217.8085408412696,0.035,0.3365384615384616,1-0-2669-3,*hr,UT_016,016,2,fave,119.86963391538305,54.22871666760885,10,understanding,0,0.08007900000006885,and,with,D,S,D,S,internal
669.0624551496812,1663.8719095960935,1950.1240960510358,3.5126328358580885,3.7468669251287485,3.6846987042266925,5333.333333333333,0.00016958562133658118,1220.343548165533,0.045,0.3358208955223881,1-0-2676-0,*hr,UT_016,016,2,fave,136.1176848876937,58.60955898508857,10,are,0,0.10998499999982414,they,going,#,#,eyF,G,coextensive
508.361803557064,1308.9789740924246,1815.364893782637,2.7887163125545915,4.217841447413082,3.37397051823292,5153.846153846154,0.00031333202006130715,1226.4665418276643,0.031,0.32978723404255317,1-0-2692-1,*hr,UT_016,016,2,fave,160.8908144144514,69.21422247127217,10,hurdles,1,0.0699459999998453,"",that,HH,D,HH,D,internal
608.0536801449384,1706.8069679932232,2067.4198669464954,3.5068513242608086,3.576866834318974,4.297836770046548,6948.717948717948,0.0014806567279926912,1232.0644991655327,0.087,0.32954545454545453,1-0-2711-4,*hr,UT_016,016,2,fave,136.80030500194488,57.93330051218746,10,hundred,0,0.23999000000003434,a,"",D,D,D,D,internal
505.6616218263768,1795.940960041068,2853.9445366152618,3.6795168900408446,3.113125600080211,4.003531918891253,6589.74358974359,0.00021745670410648797,1237.0765551723357,0.031,0.32978723404255317,1-0-2725-3,*hr,UT_016,016,2,fave,75.81493160144116,54.43420760732512,10,understand,0,0.07006799999999203,them,that,D,S,D,S,internal
564.1594544586593,1371.6341923658713,1805.2719752762855,3.087764115206544,3.4098991267740697,3.134675501053725,5333.333333333333,0.00036514707161200535,1255.7244294965985,0.037000000000000005,0.324561403508772,1-0-2748-1,*hr,UT_016,016,2,fave,130.21169646137042,61.50632945181403,10,working,1,0.08996600000000399,of,with,W,K,W,K,internal
599.5953667443883,1230.8592035150064,1849.9360964964042,3.322868271075392,3.4962946732904774,3.3515418236756207,5153.846153846154,0.0004377427099071881,1259.7444494965985,0.037,0.32456140350877194,1-0-2760-1,*hr,UT_016,016,2,fave,44847.540489975596,58.88954610538663,10,working,1,0.08996600000000399,of,with,W,K,W,K,internal
505.17667007348024,1692.2741732118136,2136.1995754686436,3.099060509342197,3.7902908361422267,4.337280835133956,5333.333333333333,0.0024871923857674675,1267.4486471587302,0.067,0.3284313725490196,1-0-2787-6,*hr,UT_016,016,2,fave,19339.018465762907,57.57828619941947,10,procedures,0,0.17993200000000797,"",and,JH,Z,JH,Z,internal
580.9793131964044,1780.8984137262908,2076.402328859298,3.568701064583631,3.7199903813847737,3.5478180074218155,5512.820512820513,0.0005824228561390099,1354.5986301723356,0.07100000000000001,0.33177570093457953,1-0-2842-3,*hr,UT_016,016,2,fave,97.19765722052165,65.43380046855876,10,teacher,0,0.19006400000012036,my,drew,CH,#,CH,D,final
680.6197286583408,1744.4138211180075,3367.8327901435773,3.48787591932174,3.161208317130715,4.362661387113904,6589.74358974359,0.007082243987715711,1355.505657165533,0.045,0.3358208955223881,1-0-2846-3,*hr,UT_016,016,2,fave,80.91408662171088,62.84904624045845,10,ladder,0,0.10998600000016268,a,in,D,#,D,i,final
616.6372872713932,1592.0950676501652,3873.8491074647,3.4807016795856494,3.9536004148550594,5.564749471851075,7487.179487179487,0.0027629337544420643,1358.6266508276642,0.027000000000000003,0.32142857142857145,1-0-2857-1,*hr,UT_016,016,2,fave,93.92068437930358,57.78518330031704,10,from,0,0.0599369999999908,fiddle,"",F,M,F,M,internal
558.6287642602377,1716.6509922903126,2240.077316565576,3.3671757066387924,3.7538025361774876,3.776698528128423,5512.820512820513,0.0004527060290132804,1366.4016764965986,0.037,0.32456140350877194,1-0-2880-3,*hr,UT_016,016,2,fave,227.58901653883427,66.94929920689674,10,hiker,0,0.08996499999989283,the,found,K,#,K,F,final
646.5270217860134,1746.5923770690247,2865.0508371237734,3.407988465208681,3.914791083147322,4.26387344276276,6948.717948717948,0.0002459683440440713,1369.3136225102041,0.040999999999999995,0.33064516129032256,1-0-2890-3,*hr,UT_016,016,2,fave,243.6678066903593,68.88889816356962,10,sailor,0,0.10009700000000521,the,stood,L,#,L,S,final
456.77792950161705,1895.4780975444485,2450.293112623586,3.0722747063961084,3.723611267138208,4.273088980146689,5512.820512820513,0.0000530882497267411,1374.1766061723356,0.027000000000000003,0.32142857142857145,1-0-2905-4,*hr,UT_016,016,2,fave,82.95924907218861,58.17074651980749,10,yesterday,0,0.06005800000002637,health,"",T,D,T,D,internal
648.100637918455,1666.398134570084,2079.0716998067237,3.3929259449421325,3.3764713579552486,3.6995090622522633,5512.820512820513,0.00030571441523735715,1379.0026324965984,0.07899999999999999,0.3376068376068376,1-0-2919-4,*hr,UT_016,016,2,fave,219.7092928417216,67.50778192161344,10,sweater,0,0.20996100000002116,the,had,T,#,T,HH,final
570.3590659106757,1761.2238793031513,2141.0130629876426,3.253656751556177,4.027813921105687,3.9582027261989285,5153.846153846154,0.00043153782193088594,1387.0522418344672,0.051000000000000004,0.3311688311688312,1-0-2937-1,*hr,UT_016,016,2,fave,100.62199994013115,65.13759778625518,10,shirt,1,0.13000499999998283,the,was,SH,T,SH,T,internal
551.2814057620016,1733.2998964500212,2959.3472931052233,2.7708452803971073,3.237107682999089,4.128802010212763,5692.3076923076915,0.00013770645861117006,1389.0552404965986,0.037000000000000005,0.324561403508772,1-0-2943-3,*hr,UT_016,016,2,fave,171.73294719703637,68.0287644100135,10,rather,0,0.08996600000000399,"",than,DH,#,DH,DH,final
501.94619438248327,1887.2958913098937,2576.2163576229946,3.174617158681114,3.565310126488174,5.020980812131222,6589.74358974359,0.0012265650113079682,1394.690251165533,0.047,0.3263888888888889,1-0-2960-7,*hr,UT_016,016,2,fave,232.33143189088855,68.34280004458371,10,carpenter,0,0.11999500000001717,the,used,T,#,T,Y,final
529.3873718781176,1627.8943454834853,2762.8087435728257,3.0967761391935325,3.479842805007156,4.218249983264151,7128.205128205128,0.00017077533740717004,1396.0642448276644,0.035,0.3365384615384616,1-0-2965-1,*hr,UT_016,016,2,fave,83.68634669349721,66.60785168441002,10,for,0,0.07995600000003833,"",the,F,#,F,DH,final
500.19350656749776,1647.5309760721832,2015.552628145784,2.806679234355469,3.7147540620831925,3.7252921734046933,5512.820512820513,0.00025931571295594264,1398.510197165533,0.047,0.3263888888888889,1-0-2970-4,*hr,UT_016,016,2,fave,242.0640957892764,72.57490711332291,10,monterey,0,0.1199949999997898,"",bay,T,eyF,T,eyF,internal
570.9112274216043,1713.384503803875,2364.1534980992096,3.18775119818512,3.514166191495508,4.292814720190303,5512.820512820513,0.001236753564946889,1404.0222071655328,0.051000000000000004,0.3311688311688312,1-0-2986-3,*hr,UT_016,016,2,fave,95.24955763182516,64.31250405076639,10,leather,0,0.13000499999998283,a,belt,DH,#,DH,B,final
575.5690874332815,1553.242404811067,2051.0720817475667,3.6193129272285476,3.213389581792788,3.733767147015653,5512.820512820513,0.00006374096348461672,1404.7302831587301,0.027000000000000003,0.32142857142857145,1-0-2989-1,*hr,UT_016,016,2,fave,86.12800509747825,62.13187425491294,10,from,0,0.059936000000107015,"",his,F,M,F,M,internal
635.2087359940333,1679.40325964052,2110.1078209003917,3.8808129232191275,3.2876755993730162,3.9386376424157166,5333.333333333333,0.00040000112704029103,1408.632197834467,0.051000000000000004,0.3311688311688312,1-0-2999-1,*hr,UT_016,016,2,fave,83.54637382797317,63.546730322607125,10,learn,1,0.1300050000002102,children,about,L,N,L,N,internal
533.9178403899892,1674.0835057929737,1944.5877333028473,3.0431226844297363,3.7374640414554405,4.156768437704979,5333.333333333333,0.00036903693426179666,1411.2484774965985,0.037000000000000005,0.324561403508772,1-0-3006-3,*hr,UT_016,016,2,fave,108.73154725087117,67.64003705136561,10,water,0,0.08996600000000399,the,splashed,T,#,T,S,final
507.99674905014376,1769.3367369937323,2097.2706389903346,3.0622095389492494,3.9073428737882154,4.0087908998443105,5153.846153846154,0.0014168831902081117,1422.8771394965986,0.037,0.32456140350877194,1-0-3039-3,*hr,UT_016,016,2,fave,-244.36090535706285,57.89358498390421,10,writer,0,0.08996600000000399,the,tonight,T,#,T,T,final
807.5125359721288,1643.8367979849506,2044.105764374811,3.2516309186780834,3.491393489753401,4.067138370895854,5512.820512820513,0.0013348115094986392,1424.803410165533,0.047,0.3263888888888889,1-0-3043-4,*hr,UT_016,016,2,fave,269.6133774457315,65.40801044487874,10,swimmer,0,0.11999500000001717,the,dove,M,#,M,D,final
554.7886307759514,1768.2785380883258,1997.014389480668,3.369119813213489,3.9331107219672687,4.111415126155865,5153.846153846154,0.0044793620578387604,1426.002483165533,0.045,0.3358208955223881,1-0-3047-3,*hr,UT_016,016,2,fave,NaN,51.31021057182209,10,water,0,0.1099859999999353,the,"",T,#,T,"",final
568.6957590242026,1793.8390736527617,2760.5490727995116,3.3404948749180545,3.677943699211068,4.434373955613821,7128.205128205128,0.0012986860383727864,1429.546307165533,0.045,0.3358208955223881,1-0-3056-3,*hr,UT_016,016,2,fave,86.80663171566364,60.04899922812574,10,under,0,0.10998499999982414,"",the,D,#,D,DH,final
736.6079162552314,1533.9473149026833,1878.7585934148667,3.696455137843212,4.232061327544361,3.5292398090006345,5333.333333333333,0.0011217212957818606,1432.2924341791384,0.045,0.3358208955223881,1-0-3061-4,*hr,UT_016,016,2,fave,222.9835085047384,62.29673050877917,10,farmer,0,0.11010799999985466,the,milked,M,#,M,M,final
547.8830615715526,1753.044594552652,2056.3948045068355,2.994293126763844,3.6521164493628704,3.8482165225759917,5333.333333333333,0.00034443925513298894,1433.7184555034014,0.057,0.3275862068965517,1-0-3066-2,*hr,UT_016,016,2,fave,138.26814428290916,59.97258280914617,10,udder,0,0.15002499999991414,"",daily,D,#,D,D,final
658.5055878401926,1756.6244640431346,2197.6311555421635,3.887219049318989,3.884143682821093,3.78576943334443,5153.846153846154,0.001882235580782896,1439.309880165533,0.047,0.3263888888888889,1-0-3079-6,*hr,UT_016,016,2,fave,79.64907124589897,55.32653236306468,10,gardener,0,0.11999500000001717,the,planted,N,#,N,P,final
541.6771593442111,1647.6698693189169,2013.8219173598177,3.023893345243503,3.5457029113233145,3.734354978184779,5333.333333333333,0.00029284753901915694,1447.523019510204,0.045,0.3358208955223881,1-0-3101-1,*hr,UT_016,016,2,fave,102.3856665977337,61.117990732113995,10,curtains,1,0.11010799999985466,the,from,K,T,K,T,internal
685.6632857448044,1687.369795438312,2554.1170169658753,3.8422827708894944,3.8289227348953263,4.6380125682127975,6051.282051282051,0.00007719791220088137,1448.0430315034016,0.025,0.33783783783783783,1-0-3102-1,*hr,UT_016,016,2,fave,166.4775314133697,56.86123850823813,10,from,0,0.0500489999999445,curtains,outside,F,M,F,M,internal
607.4354713421598,1584.8232987756041,1969.1653212933395,3.2165354061366043,4.047652378683112,3.244470496565145,5153.846153846154,0.0015101298547116088,1450.1580018344673,0.055,0.3353658536585366,1-0-3106-7,*hr,UT_016,016,2,fave,240.80830415398574,66.43891979966595,10,carpenter,0,0.1400149999999485,the,hammered,T,#,T,HH,final
736.4868874443378,1628.2135245935087,1957.1099723329655,3.8022176039289923,3.558866593317201,4.0151563690535195,5333.333333333333,0.0007363259964344163,1450.734074165533,0.047,0.3263888888888889,1-0-3107-3,*hr,UT_016,016,2,fave,80.03405378708368,59.31031512643018,10,hammered,0,0.11999500000001717,carpenter,the,M,D,M,D,internal
627.4639567289735,1533.2113482213292,1877.2183840734522,3.636552116429099,3.6183682935759283,3.344650025627521,5333.333333333333,0.0009013473999086738,1451.546016834467,0.051000000000000004,0.3311688311688312,1-0-3110-1,*hr,UT_016,016,2,fave,79.43024114376584,59.90277968200049,10,firmly,1,0.13000499999998283,nail,"",F,M,F,M,internal
537.3102862353592,1805.5640346838734,2183.0720169895994,3.2794526700344826,3.9705958553859486,4.300543036156522,5333.333333333333,0.000582860454866216,1463.4190388412699,0.037000000000000005,0.324561403508772,1-0-3143-4,*hr,UT_016,016,2,fave,89.97154453585789,59.31065695450188,10,picture,0,0.09008700000003955,a,of,CH,#,CH,@,final
554.629206194327,1675.3741278307145,3015.3083085103494,2.8427559454862243,3.530051369663364,4.592095713210637,6948.717948717948,0.00022312165305063338,1471.5804328276643,0.031,0.32978723404255317,1-0-3168-1,*hr,UT_016,016,2,fave,82.81508411635926,63.385818101137325,10,for,0,0.06994699999995646,"",the,F,#,F,DH,final
564.0112626204469,1778.2826339988362,2988.4394675561553,3.41030666795001,3.387063660910521,5.045434626831721,6589.74358974359,0.003204761511548809,1489.8254351655328,0.040999999999999995,0.33064516129032256,1-0-3211-3,*hr,UT_016,016,2,fave,84.27256493565098,64.6216218409551,10,letter,0,0.09997500000008586,a,in,T,#,T,i,final
601.4478293864807,1708.2224502864117,2053.450301196532,3.3050092854424302,3.5125990145940333,3.476728928207661,5512.820512820513,0.00011242558900856941,1492.317425165533,0.045,0.3358208955223881,1-0-3219-1,*hr,UT_016,016,2,fave,97.20240857469517,64.59206109256058,10,heard,1,0.10998500000005151,children,about,HH,D,HH,D,internal
653.2847051390784,1847.4435663234055,2985.558919444049,3.7453363401765634,3.673495958021713,4.665825048255339,7128.205128205128,0.0030118441263293208,1495.6128614965985,0.07899999999999999,0.3376068376068376,1-0-3228-1,*hr,UT_016,016,2,fave,101.30071500968793,64.93454330109101,10,learned,1,0.20996100000002116,man,about,L,N,L,N,internal
624.6487189143293,1512.7633381060675,1923.4280288141495,3.5109006409194534,3.616763074419738,4.003072452106475,5333.333333333333,0.000050478212216498626,1497.4058301723355,0.025,0.33783783783783783,1-0-3233-2,*hr,UT_016,016,2,fave,NaN,52.818151430282086,10,africa,0,0.0500489999999445,in,"",F,K,F,K,internal
473.16321730850234,2072.630516200368,2830.5302303463545,3.089294478280157,3.719290962698085,4.549742757267188,6051.282051282051,0.00019381755548378182,1499.3968211723356,0.027000000000000003,0.32142857142857145,1-0-3236-3,*hr,UT_016,016,2,fave,216.8078174762188,61.61972045864389,10,teacher,0,0.06005800000002637,my,drew,CH,#,CH,D,final
636.7537697488193,1725.736234296718,2061.6812798705305,3.1387181317158337,3.701107915988118,3.8907252178865788,5333.333333333333,0.0023719054906791047,1500.1028514965985,0.07899999999999999,0.3376068376068376,1-0-3239-3,*hr,UT_016,016,2,fave,153.2416321871853,58.2591589532388,10,ladder,0,0.20996100000002116,a,"",D,#,D,"",final
576.5188923985617,1729.562295427655,1867.5006771240946,3.3376805419907822,3.5794650366073286,3.953745147744432,5153.846153846154,0.0009564045478769345,1506.5508238344673,0.055,0.3353658536585366,1-0-3259-3,*hr,UT_016,016,2,fave,159.7514510786897,59.06598454281975,10,butter,0,0.1400149999999485,and,with,T,#,T,W,final
601.9052421766796,1709.5953766753942,3018.87031098416,3.5830028597680252,3.6180581856219107,4.260475726294659,6769.2307692307695,0.00004119913947487515,82.10115483446711,0.027000000000000003,0.32142857142857145,1-0-32-2,iyr,UT_016,016,2,fave,201.1948437544173,55.60725678063762,10,clearfield,1,0.05999800000000732,"",utah,L,R,L,R,internal
443.1272415543488,2425.685794097099,2961.2225892495226,2.6652184298680326,3.755988330591809,4.304801282975761,6230.7692307692305,0.00017729142904039175,100.07064916553288,0.035,0.3365384615384616,1-0-76-1,iyr,UT_016,016,2,fave,228.83003436427165,45.493808069867676,10,years,1,0.07999399999999923,three,"",Y,R,Y,R,internal
416.7501533594887,2552.5886928090968,3109.5639156430834,2.9023868179903505,4.150827562817501,4.370990610766423,6769.2307692307695,0.0010076141767012812,1230.9965708276643,0.031,0.32978723404255317,1-0-2708-1,iyr,UT_016,016,2,fave,152.31641315011382,65.07077991977522,10,zero,1,0.0699459999998453,point,to,Z,R,Z,R,internal
484.79318380819205,2086.332991160097,2916.8849465438066,2.9448757181428076,3.9718481600267737,4.444576305546091,6410.25641025641,0.00012091233323119964,1477.57045784127,0.031,0.32978723404255317,1-0-3183-1,iyr,UT_016,016,2,fave,164.43273588114263,63.61762237090118,10,year,1,0.07006799999999203,last,"",Y,R,Y,R,internal
738.9190684931667,1566.1450004183014,2871.4450300611943,4.1361408531669825,4.2445904545291375,4.1279025586674924,6410.25641025641,0.01683414504425665,91.68564416553288,0.025,0.18656716417910452,1-0-57-1,owF,UT_016,016,2,fave,1017894.353653659,43.68213361341682,10,no,1,0.1100009999999969,"","",N,#,N,"",final
527.4378291925997,1461.9164463968668,2108.0248223419267,4.205051292423453,4.3934962824354375,4.82153649117391,4615.384615384615,0.08470262003852437,113.78454983446713,0.025,0.24038461538461545,1-0-93-1,owF,UT_016,016,2,fave,222.1150250765689,36.66617271598159,10,so,1,0.08000199999999325,"","",S,#,S,"",final
583.1914298441442,1281.2327023511752,2499.5015588158362,3.399330303105314,3.929406232618096,4.582164656197697,5333.333333333333,0.0007500973627254319,134.92655583446714,0.025,0.21929824561403513,1-0-112-1,owF,UT_016,016,2,fave,85.30060697789685,53.91697915524287,10,go,1,0.08999599999998509,work,to,G,#,G,T,final
555.9359366291502,1272.3035958056496,2785.1783532925147,2.9717581937914703,3.5443075067048,4.52200162754276,5333.333333333333,0.00006069526169581309,177.31124483446715,0.025,0.2976190476190476,1-0-190-1,owF,UT_016,016,2,fave,164.46358791168856,55.95815661391578,10,so,1,0.060012999999997874,"",grateful,S,#,S,G,final
638.3521649336985,1486.3369207764704,2902.506918361039,3.401725599372235,3.9694868429789794,4.45590871653726,5512.820512820513,0.0007060045704244109,203.5481471655329,0.025,0.26595744680851063,1-0-257-1,owF,UT_016,016,2,fave,82.47525320811825,53.93465198376455,10,so,1,0.06999199999998496,pace,i,S,#,S,ay,final
591.0650075500954,1225.8690342271373,3053.043809100871,3.5511095942460136,3.6516882209787407,4.5396763887233895,6230.7692307692305,0.0012383648895513087,263.8277548344671,0.025,0.2976190476190476,1-0-436-3,owF,UT_016,016,2,fave,146.42087547219924,55.383917183549364,10,also,0,0.05999800000000732,was,working,S,#,S,W,final
357.39677502254233,1367.8703337602192,2319.310596181256,4.012903950230843,4.032730429090099,4.651904469316895,5153.846153846154,0.025530981825355202,271.8527548344671,0.07500000000000001,0.4310344827586208,1-0-451-0,owF,UT_016,016,2,fave,168.73862969748134,51.28353711946084,10,oh,1,0.1499939999999924,"","",#,#,"","",coextensive
843.2801856046171,1449.778995324504,2639.970925531011,3.803507618328947,3.8112890002212607,3.966424536036317,6230.7692307692305,0.0004211107061130748,278.34875349659865,0.047,0.3790322580645161,1-0-472-1,owF,UT_016,016,2,fave,79.8581412912555,58.15706829768634,10,no,1,0.09997599999996964,"","",N,#,N,"",final
558.7041673791765,1113.2064839400057,2540.7779865840653,3.243112625815394,3.244290979748722,4.37676433029767,5333.333333333333,0.00297319797352768,327.0820601655329,0.10900000000000001,0.38380281690140844,1-0-525-1,owF,UT_016,016,2,fave,184.67139908663682,60.1562908280726,10,so,1,0.2599789999999871,"","",S,#,S,"",final
721.344473490615,1463.2791517171595,2460.052283068187,3.5594114252854507,4.081771559141212,4.190196343871986,6051.282051282051,0.0025606707738314045,331.61505816553284,0.055,0.4104477611940299,1-0-538-1,owF,UT_016,016,2,fave,-445.74679219271644,60.04826776876969,10,dough,1,0.10998499999999467,the,"",D,#,D,"",final
583.1254258848844,1573.6927574191923,2971.457612672435,3.32677337186747,3.5544659849795552,3.9627362303369664,5871.794871794871,0.00030392695968504166,334.5577601655329,0.025,0.17361111111111113,1-0-550-1,owF,UT_016,016,2,fave,80.96089446871873,64.37598742754716,10,so,1,0.11999600000001465,and,the,S,#,S,DH,final
867.8455364152471,1611.235510377417,3019.3605342571527,4.139735266342337,4.209656132605484,4.209471731530859,4974.358974358975,0.0006883700917475566,358.3077544965986,0.025,0.26595744680851063,1-0-603-1,owF,UT_016,016,2,fave,156.08287068758824,57.96404118218774,10,know,1,0.0699769999999944,don't,pies,N,#,N,P,final
618.1077703900004,1420.8630429674001,2759.754668012435,4.102154364863709,4.307770311883688,4.40627105635068,6051.282051282051,0.006716816250565126,379.1996428344671,0.025,0.24038461538461536,1-0-639-1,owF,UT_016,016,2,fave,148.9730508426776,59.94202081966684,10,know,1,0.080016999999998,you,that,N,#,N,DH,final
828.6630645753761,1540.549388109229,2768.9291229118157,3.886333012811463,3.6056492190857083,4.412089098409464,5692.3076923076915,0.052656505343044446,388.36964216553287,0.10500000000000001,0.44871794871794873,1-0-671-1,owF,UT_016,016,2,fave,142.0180846051285,55.217768425505476,10,know,1,0.20999100000000226,you,"",N,#,N,"",final
646.3752139251845,1415.5498717648197,2893.141624646003,3.7366415246987086,3.5809115505836666,4.259134156210046,5512.820512820513,0.0026408789673336396,391.9696561655329,0.025,0.18656716417910452,1-0-687-1,owF,UT_016,016,2,fave,117.45429733448522,55.656232162696625,10,so,1,0.10998599999999215,it,meticulously,S,#,S,M,final
745.8314222364692,1561.6824823555553,2350.276669487516,3.8057858362108496,3.5844100022249514,4.8383040045206664,5512.820512820513,0.013970366043611356,411.9519581655329,0.059000000000000004,0.16666666666666663,1-0-722-1,owF,UT_016,016,2,fave,77.50085560546869,63.991773069626305,10,no,1,0.32998600000001943,"",just,N,#,N,JH,final
582.2102327473372,1169.1293357853028,2690.861143473015,3.373535901733249,3.388308661728636,3.7763025943458803,6051.282051282051,0.0005236507953038534,449.1749538344671,0.025,0.26595744680851063,1-0-761-1,owF,UT_016,016,2,fave,80.43055612678135,58.76999217758259,10,go,1,0.07000700000003235,to,back,G,#,G,B,final
617.5172714358127,1531.726755403341,2724.353278261361,3.3386372495247434,3.4443409080056346,4.716732476163778,5512.820512820513,0.0008521755766130071,481.6871621655329,0.049,0.3951612903225807,1-0-848-1,owF,UT_016,016,2,fave,85.27919963309071,66.94827847600634,10,so,1,0.09997499999997217,and,i,S,#,S,ay,final
688.6158919294057,1481.501120831037,2962.89533301606,4.0763550764639005,3.822874484563196,3.5797691922429853,6051.282051282051,0.004296632996570732,487.3791545034013,0.033,0.201219512195122,1-0-869-1,owF,UT_016,016,2,fave,101.4588756360585,57.39540012778711,10,know,1,0.14001500000000533,you,all,N,#,N,o,final
676.0715254939088,1652.402805057459,3060.710284704429,3.9088916349209075,4.011828035266957,4.426965991533971,6230.7692307692305,0.024202274631046412,491.3321608344671,0.039,0.09653465346534652,1-0-878-1,owF,UT_016,016,2,fave,147.35657479450512,55.02957277742426,10,so,1,0.38000499999998283,"","",S,#,S,"",final
589.8364445819694,1381.756764928156,2538.008711997871,3.412192887735195,3.705420678222232,4.860715640822787,5153.846153846154,0.008493908705378384,511.37275683446705,0.037000000000000005,0.1456692913385827,1-0-924-1,owF,UT_016,016,2,fave,159.97056873068342,57.12080890713544,10,go,1,0.23001100000004726,and,"",G,#,G,"",final
632.0258731593119,1565.1853089331576,3332.280118154113,3.250684087607097,4.310533598800419,4.281648201805107,6410.25641025641,0.009778400286482383,532.962642834467,0.025,0.16233766233766234,1-0-963-1,owF,UT_016,016,2,fave,165.54547430241925,62.011376737910446,10,so,1,0.13000499999998283,and,we,S,#,S,W,final
666.9118643851259,1488.6501435573873,2024.1795646312999,3.7047805316888245,3.619786681898809,3.873037277654115,5153.846153846154,0.001975277165122016,592.2146568344671,0.025,0.15243902439024393,1-0-1154-2,owF,UT_016,016,2,fave,159.43650227395884,51.746823884721564,10,grow,1,0.1400149999999485,to,up,R,#,R,ʌ,final
746.6531765826418,1516.5310877111872,2551.643443360303,4.0200211951168825,3.693060384950215,5.160891428658585,5333.333333333333,0.006982527760377355,596.0086581655328,0.025,0.20161290322580647,1-0-1162-1,owF,UT_016,016,2,fave,81.14791536873933,58.54570951681398,10,know,1,0.09997499999997217,you,of,N,#,N,ʌ,final
744.9071334707689,1707.2103270755194,2725.647231651165,3.451482505851543,3.5642424515269937,4.454324704380655,5512.820512820513,0.0005886701082166259,621.4969315034014,0.039,0.22413793103448273,1-0-1195-1,owF,UT_016,016,2,fave,138.45958252929515,65.1613308304295,10,no,1,0.15002400000003036,"",it,N,#,N,i,final
653.8782251173783,1523.4015986374936,3131.227408796167,3.6416098358885756,3.7378529878928917,4.026828758996959,5871.794871794871,0.01843595763555543,641.2335431655329,0.059000000000000004,0.22348484848484848,1-0-1258-1,owF,UT_016,016,2,fave,312.03259533732836,49.05467353092663,10,so,1,0.23999100000003182,"","",S,#,S,"",final
553.8771875143152,1486.5416674702783,2965.7266419323455,3.3339964293673034,3.658829610723988,4.396229435208745,5692.3076923076915,0.000261275611563432,644.076961834467,0.025,0.2976190476190476,1-0-1260-1,owF,UT_016,016,2,fave,83.07943172690693,66.6551171937778,10,so,1,0.05999799999995048,"",we,S,#,S,W,final
636.166906278227,1370.9936489684137,2126.2858629932216,3.0806365899886714,3.687943794024159,3.8986845990619874,5512.820512820513,0.00004515206380889444,644.5369285034013,0.025,0.20161290322580647,1-0-1263-2,owF,UT_016,016,2,fave,148.45722598189408,70.57917754018254,10,grow,1,0.10003699999992932,would,the,R,#,R,DH,final
613.7990747513652,1259.7576630436945,2119.2263987871693,3.5577025512768117,3.520378983858892,4.3029412319665665,5692.3076923076915,0.0022748734565720104,648.3737628276643,0.040999999999999995,0.2662337662337662,1-0-1275-2,owF,UT_016,016,2,fave,78.530351425684,63.839040965322006,10,grow,1,0.12994400000002315,would,the,R,#,R,DH,final
736.306667163925,1610.499947827615,2919.522791188117,3.8038095130338863,3.373312058666034,4.239719250564429,5692.3076923076915,0.001085254468840661,651.9757601655328,0.025,0.26595744680851063,1-0-1288-1,owF,UT_016,016,2,fave,76.28808478144104,58.92343530171822,10,know,1,0.07000699999991866,you,the,N,#,N,DH,final
737.8874215185992,1512.6753406493558,3145.317381979222,3.9854780255486597,3.9480012399260436,4.20884466000699,6051.282051282051,0.06943088647521979,655.2857514965987,0.025,0.10683760683760683,1-0-1300-1,owF,UT_016,016,2,fave,181.80169295729672,54.50582637998085,10,so,1,0.20996100000002116,that,"",S,#,S,"",final
471.44810285236844,1203.9089596658182,2629.349730308424,3.422872541968713,3.270371562844935,3.32138780642944,5692.3076923076915,0.0008713541801523926,677.2639624965987,0.025,0.21929824561403513,1-0-1325-1,owF,UT_016,016,2,fave,132.4783092687604,53.793305741406975,10,so,1,0.08996600000000399,"",is,S,#,S,i,final
731.4379855105908,1761.6154377820753,3067.1783525602436,3.983631771465978,3.428132845459657,3.745719462904008,6769.2307692307695,0.007536378176201166,685.9873231655329,0.043000000000000003,0.15693430656934307,1-0-1340-1,owF,UT_016,016,2,fave,165.8095210379831,68.79993030287706,10,know,1,0.25,didn't,my,N,#,N,M,final
738.8755536902213,1564.6691049692897,2709.7081303934733,3.9905275515317853,3.6503171001756844,5.016123343563602,5333.333333333333,0.009973361896988843,698.3646678344671,0.029,0.18831168831168832,1-0-1385-1,owF,UT_016,016,2,fave,101.44362048405794,63.4544163000456,10,know,1,0.13000399999998535,didn't,them,N,#,N,DH,final
581.7427254200176,1530.9033886674845,2817.325477175096,3.586568902911328,3.911765711767019,4.08432937914871,6230.7692307692305,0.00045682854409163855,791.9136318344671,0.025,0.24038461538461536,1-0-1671-1,owF,UT_016,016,2,fave,NaN,64.64678961126832,10,so,1,0.080016999999998,was,fun,S,#,S,F,final
730.146832539803,1545.3806093293408,3046.722506444864,3.24691328323381,3.6407692114109347,4.260297530407105,6410.25641025641,0.000586663417230482,813.7706474965987,0.059000000000000004,0.32065217391304357,1-0-1748-1,owF,UT_016,016,2,fave,106.70858410829393,62.986574194480816,10,lo,1,0.15997300000003634,would,"",L,#,L,"",final
571.5000469313541,1201.0931239006193,2675.157276152981,3.227655775800004,3.853033428259522,4.2180002234091845,5333.333333333333,0.00007939670316966098,818.8897611655328,0.025,0.2976190476190476,1-0-1763-1,owF,UT_016,016,2,fave,171.46131554531618,55.86230977029215,10,go,1,0.05999799999995048,needle,down,G,#,G,D,final
632.4000833211649,1208.7085055863308,2764.9320940864895,3.8234254494099855,4.043321653076031,4.556028488211485,5512.820512820513,0.09090013320795812,839.8417455034014,0.10900000000000001,0.4467213114754099,1-0-1835-1,owF,UT_016,016,2,fave,113.69559876960021,56.85800939067226,10,so,1,0.22003200000006018,and,"",S,#,S,"",final
649.8690433370854,1335.7085844483609,2602.6621998649257,3.4378844790096146,3.3865574989059617,4.336346262949615,5512.820512820513,0.00019421342096554773,840.7237228344671,0.033,0.35106382978723405,1-0-1838-1,owF,UT_016,016,2,fave,77.51003186829129,64.82961320833567,10,go,1,0.07000800000002982,we'd,hunting,G,#,G,HH,final
709.618776083354,1142.9285467664815,2948.189684512655,3.7370527959876054,3.4560457870525108,3.9157426051683855,6410.25641025641,0.0022696070966328197,852.568237165533,0.031000000000000003,0.2012987012987013,1-0-1880-1,owF,UT_016,016,2,fave,161.48551848469444,68.18900723431999,10,mow,1,0.13000499999998283,"",her,M,#,M,HH,final
694.9723653989353,1500.5485564996904,3069.9023543432463,3.616730558531708,3.9384021838399597,4.373828191169697,5512.820512820513,0.008345633037330642,859.8172238344671,0.069,0.42073170731707327,1-0-1908-1,owF,UT_016,016,2,fave,127.32929980475507,57.1273582075765,10,so,1,0.1400140000000647,"","",S,#,S,"",final
611.9981722778912,1432.3377105677177,3136.8556995476897,3.9851940445263976,3.955287699737351,4.594369899819103,5871.794871794871,0.0013325073131216858,864.9852315034013,0.025,0.33783783783783783,1-0-1917-1,owF,UT_016,016,2,fave,133.62615841780945,53.284425231499725,10,so,1,0.0500489999999445,was,fun,S,#,S,F,final
445.2603586548669,905.3739021978547,3150.612940333349,4.51625653211502,3.2168448850712776,4.622655928782054,6230.7692307692305,0.022253079254294487,882.9064598276644,0.029,0.2788461538461539,1-0-1948-3,owF,UT_016,016,2,fave,153.66598991997157,56.74343228294612,10,elmo,0,0.07995600000003833,"",or,M,#,M,owr,final
823.6251805988504,1099.001867711991,2518.2187546640703,4.236458623296535,4.089608890452522,4.473835069608269,4974.358974358975,0.00988691539838947,884.1744291655328,0.025,0.2976190476190476,1-0-1953-1,owF,UT_016,016,2,fave,1854.6778532925564,66.97754356807181,10,know,1,0.05999799999995048,you,a,N,#,N,@,final
732.085195067873,1461.5863544606102,2819.298414711701,3.263112300990093,3.861051283048917,3.88811637720944,5333.333333333333,0.00119105434793829,888.3344688344671,0.025,0.11682242990654207,1-0-1968-6,owF,UT_016,016,2,fave,131.8899700916147,54.90738130855805,10,colorado,0,0.1900029999999333,in,"",D,#,D,"",final
655.9836795010857,1242.1113092488174,3016.481869873388,3.3709777668940757,3.367432236865313,4.412507435056659,5512.820512820513,0.0026467082787759635,893.1454611655329,0.027,0.14673913043478262,1-0-1978-5,owF,UT_016,016,2,fave,535.7361167944592,56.927473683880784,10,navajo,2,0.15997300000003634,a,reservation,HH,#,HH,R,final
657.4934854678677,1229.1156192150797,2871.3047674407976,3.164055802803552,3.3502751189048436,4.027410800722308,5692.3076923076915,0.0007360345262986331,899.4444491655328,0.025,0.17361111111111113,1-0-2002-5,owF,UT_016,016,2,fave,38.21781211327273,56.726616424270965,10,navajo,2,0.11999500000001717,"",indian,HH,#,HH,i,final
541.328640798928,1528.955869370974,3028.172261235327,3.159801342278025,3.3088475264269097,3.457122225716867,5692.3076923076915,0.0000900228181188401,901.8942341723357,0.025,0.2976190476190476,1-0-2006-1,owF,UT_016,016,2,fave,82.92056750211769,59.69196281684377,10,so,1,0.06005799999991268,[bracketed],they,S,#,S,DH,final
359.17438132296684,979.1304379639789,1594.4584064547082,3.768720611402318,3.861648173701252,4.2530349621534445,3358.974358974359,0.012987787780691977,979.4954418344671,0.027000000000000003,0.32142857142857145,1-0-2158-1,owF,UT_016,016,2,fave,435.06475455311437,51.86481385650389,10,go,1,0.05999800000006417,don't,"",G,#,G,"",final
600.4212641979573,1437.8547324937074,3200.0858774615026,3.464860930787791,3.558271576399918,4.058408255305597,5512.820512820513,0.0025060873507298056,991.0801658276645,0.029,0.18831168831168832,1-0-2204-3,owF,UT_016,016,2,fave,156.9983763895117,58.57036113418182,10,also,0,0.12994400000002315,but,a,S,#,S,@,final
508.23206700185455,1100.783000975065,1913.9428229631674,3.9354574831747366,3.870289431801622,4.507510295832814,4076.923076923077,0.045990203705593424,1010.3881415034014,0.36500000000000005,0.343045112781955,1-0-2223-0,owF,UT_016,016,2,fave,117.67008394047862,48.82103545923029,10,oh,1,1.0400389999999788,"","",#,#,"","",coextensive
543.4564389480236,1474.5399424382879,3099.434107454439,3.189277266568788,3.5627594050723443,3.5786544183146933,5871.794871794871,0.0001379003567443749,1029.7414958276645,0.025,0.2976190476190476,1-0-2255-1,owF,UT_016,016,2,fave,88.1566056079447,64.23752339459833,10,so,1,0.059936000000107015,"",they,S,#,S,DH,final
565.9060111839161,1142.408419732285,3196.5580995215482,3.4748418418186655,3.796696814124393,4.513535206286482,6230.7692307692305,0.0007623838206484404,1035.2414958276645,0.025,0.2976190476190476,1-0-2272-3,owF,UT_016,016,2,fave,-569.0776873871538,64.52966865415213,10,also,0,0.059936000000107015,"",tutored,S,#,S,T,final
656.9985016100552,1482.2935168151653,3160.1996397961766,3.7334935340713096,4.017127902624674,4.559385025287442,5333.333333333333,0.02726582645901729,1038.6214128412698,0.025,0.10683760683760685,1-0-2287-1,owF,UT_016,016,2,fave,181.69695443911718,52.435948661680136,10,so,1,0.2100829999999405,"","",S,#,S,"",final
587.9626213841362,1143.763445256434,2410.491984181219,4.004886631533721,4.3278535125988356,4.433973313981354,5153.846153846154,0.05205323674833112,1082.4403501655331,0.045000000000000005,0.31250000000000006,1-0-2351-1,owF,UT_016,016,2,fave,3347.593526036027,54.70213213376061,10,so,1,0.1199949999997898,is,"",S,#,S,"",final
700.7076217444243,1524.3881811464478,2431.566173367032,3.954981204531011,3.8394540398025123,4.642544188265807,5153.846153846154,0.03013223229251136,1134.8087574965987,0.035,0.3070175438596492,1-0-2450-1,owF,UT_016,016,2,fave,45.51293050662654,55.57999128237872,10,know,1,0.0899650000001202,you,we,N,#,N,W,final
660.071155155615,1714.4418299991316,2859.531517586691,3.531748757911315,3.7480618028019896,4.010335017260175,5871.794871794871,0.0010592011488962212,1135.83977515873,0.037000000000000005,0.19072164948453613,1-0-2454-1,owF,UT_016,016,2,fave,150.95936042841683,64.06088329077217,10,know,1,0.16992200000004232,we,the,N,#,N,DH,final
642.9138247325067,1355.3179025080929,3177.6135798634446,2.977826858344182,3.7727847595584003,4.009001969766479,6410.25641025641,0.0013970523868570932,1153.193777165533,0.025,0.18656716417910452,1-0-2525-1,owF,UT_016,016,2,fave,88.0422569643445,63.904335359392554,10,so,1,0.1099859999999353,"",i,S,#,S,ay,final
550.7789476091459,1367.9389560168054,2089.6811526244014,3.7613639791576814,3.859945688151277,4.456666847390994,5512.820512820513,0.007751522254802502,1231.160499834467,0.039,0.2378048780487805,1-0-2708-3,owF,UT_016,016,2,fave,139.6902882117993,59.13123509845379,10,zero,0,0.14001500000017586,point,to,R,#,R,T,final
721.3288361707329,1599.6664813970501,3042.066616901811,3.9196594728205585,3.673398622749647,3.9446330609235907,6051.282051282051,0.0005129429890102403,1238.5635451723354,0.025,0.2976190476190476,1-0-2731-1,owF,UT_016,016,2,fave,0.0,55.85280826374108,10,know,1,0.06005900000013753,to,all,N,#,N,o,final
635.189958768724,1378.6990689775982,3189.9735424659807,3.094331239463268,3.766244033405882,4.062595795319847,5871.794871794871,0.00017614580072983314,1253.937396165533,0.043000000000000003,0.29861111111111116,1-0-2743-3,owF,UT_016,016,2,fave,186.46812899815947,71.04329958904492,10,also,0,0.11999599999990096,and,through,S,#,S,TH,final
778.650359897713,1530.9800593566958,2878.8770970132646,4.0798173129651145,4.0622159572791965,4.989201879127527,6051.282051282051,0.009650596657018045,1257.6214544965985,0.031000000000000003,0.25000000000000006,1-0-2754-1,owF,UT_016,016,2,fave,152.33629377109008,62.26480810344969,10,know,1,0.09997500000008586,you,providing,N,#,N,P,final
781.1468359179512,1767.26806605108,3009.0395651186795,3.7795277572814387,3.103594807991274,3.8239115429818913,6051.282051282051,0.00011301384390750973,94.04664516553288,0.027000000000000003,0.32142857142857145,1-0-65-0,ae,UT_016,016,2,fave,181.70713168944042,46.53567139388482,10,and,1,0.06000500000000386,"",then,#,N,"",N,initial
691.1425059128176,1714.830501564053,2973.13923915994,3.1472313233948994,3.2841229247133916,4.3367530797953515,6051.282051282051,0.000011853794049315232,137.9159451655329,0.025,0.33783783783783783,1-0-123-0,ae,UT_016,016,2,fave,-789.4634663072686,50.72446877591356,10,at,1,0.050003000000003794,"",samuel,#,T,"",T,initial
824.2221519844882,1821.2637682203017,2743.7809252152147,3.5538014653444896,3.700034521144574,4.878073796897738,6051.282051282051,0.0008721687139738515,138.14395183446712,0.040999999999999995,0.33064516129032256,1-0-124-1,ae,UT_016,016,2,fave,175.04349942266356,55.436641531821024,10,samuel,1,0.10000700000000506,at,morgan,S,M,S,M,internal
746.5921147610675,1820.6668637898408,2890.0682640688938,3.2143232359635974,3.668622830126993,4.6882575460209726,5871.794871794871,0.0017904154345687808,148.39324616553287,0.045,0.3358208955223881,1-0-145-0,ae,UT_016,016,2,fave,183.8869809550348,54.375448879182784,10,and,1,0.11000000000001364,"",then,#,N,"",N,initial
836.1978870179173,1601.0025062733891,2601.536993088445,3.3787976042663335,3.685452432658766,4.390834311348514,5871.794871794871,0.0005684052793581303,152.56124416553288,0.04100000000000001,0.3306451612903227,1-0-160-1,ae,UT_016,016,2,fave,87.83151543484357,51.31943300245896,10,tasks,1,0.10000600000000759,my,here,T,S,T,S,internal
563.1672615588731,1745.8282624358978,2024.3553912944826,3.4285054239222195,3.4718346735692416,4.6939556712601735,6230.7692307692305,0.00006933855359135068,153.06425416553287,0.027000000000000003,0.32142857142857145,1-0-162-0,ae,UT_016,016,2,fave,85.12612270373825,50.71034991313265,10,at,1,0.059996999999981426,here,the,#,T,R,T,initial
873.4221609256497,1533.2396351595257,2756.2471265650447,3.1037885200522566,3.8851921803545695,4.60683950840925,5871.794871794871,0.0006403908937970306,173.71125416553286,0.045,0.3358208955223881,1-0-177-1,ae,UT_016,016,2,fave,163.16214966755152,54.54222156499376,10,that,1,0.10998500000002309,is,of,DH,T,DH,T,internal
908.6171302793234,1799.4526550870314,2574.9634008633625,3.64270764097518,3.571013285228324,4.209867328332349,6051.282051282051,0.000787391973367383,192.40135183446714,0.067,0.32843137254901966,1-0-226-0,ae,UT_016,016,2,fave,146.57767184617416,50.98637000739031,10,act,1,0.18000799999998662,juggling,we,#,K,NG,K,initial
922.0711413715419,1571.9244254999878,2691.2820959064343,3.2396486061339287,3.6852182125703257,4.5220180358635735,5692.3076923076915,0.0024269719633620707,193.5453528344671,0.135,0.3341584158415841,1-0-229-1,ae,UT_016,016,2,fave,158.86778722381126,55.19284483956435,10,had,1,0.38000500000001125,"","",HH,D,HH,D,internal
823.3883567136414,1686.8088257219895,2689.061158364436,3.116660411728715,3.4866262588237116,4.764683618032653,6051.282051282051,0.00011192545569956071,195.11334783446713,0.031,0.32978723404255317,1-0-232-1,ae,UT_016,016,2,fave,168.37741213164534,62.50828966284771,10,had,1,0.0700080000000014,i,four,HH,D,HH,D,internal
794.0092473282742,2037.7825844526858,3324.3460425394155,3.6464299534621922,3.6243481190586406,3.692230547280955,6230.7692307692305,0.0014333118784062694,198.83814316553287,0.145,0.3341013824884792,1-0-242-0,ae,UT_016,016,2,fave,88.77444860890168,52.686622334529346,10,and,1,0.4100039999999865,"","",#,N,"",N,initial
750.4958673465686,1698.8372904162334,2331.95054748024,3.324695672990676,3.3095754262317434,3.6392946567093074,5871.794871794871,0.0002649662052748216,201.90615316553288,0.04100000000000001,0.3306451612903227,1-0-252-5,ae,UT_016,016,2,fave,148.43820570972727,54.75453339196653,10,program,2,0.09999100000001704,the,at,R,M,R,M,internal
693.419089039679,1287.7584084483813,2878.834080713959,4.011197543911162,3.996379826760339,3.8298605923733002,6051.282051282051,0.0037770159636155215,202.06414783446715,0.037,0.32456140350877194,1-0-253-0,ae,UT_016,016,2,fave,114.03224954323015,52.15413468512605,10,at,1,0.09001099999997564,program,an,#,T,M,T,initial
630.1160859048639,1664.2157764790693,2800.1431718407252,3.9259963960908184,3.624974282433715,3.91267895317493,6051.282051282051,0.0019299353904901992,202.34915016553288,0.027000000000000003,0.32142857142857145,1-0-255-0,ae,UT_016,016,2,fave,199.76550329207535,49.686197391213625,10,accelerated,0,0.0599979999999789,an,pace,#,K,N,K,initial
566.0911554029457,1982.3321411425118,2842.548731102289,3.365973860101664,3.529559691091935,4.153405603870132,6230.7692307692305,0.00022234429579190255,213.11814516553287,0.045,0.3358208955223881,1-0-286-0,ae,UT_016,016,2,fave,141.21269316674528,56.88060295082014,10,and,1,0.11000100000001112,work,"",#,N,K,N,initial
540.068323135169,2343.0915074081595,2708.0017487961604,3.7994822215013455,3.654358388478573,4.252168777301596,6051.282051282051,0.002806202670368409,217.6311461655329,0.131,0.33248730964467005,1-0-304-0,ae,UT_016,016,2,fave,163.41789957152147,60.23201125547306,10,and,1,0.36999499999998875,"","",#,N,"",N,initial
832.1220690230522,1729.2854152295786,2713.6902322492188,3.385063485960651,3.834145207461738,4.646430186167322,5692.3076923076915,0.00167361636598511,222.78504683446712,0.055,0.33536585365853655,1-0-311-0,ae,UT_016,016,2,fave,3166.8770052543123,52.091552958959326,10,actually,1,0.13999899999998888,"",often,#,K,"",K,initial
848.9362141572523,1806.7387401284427,2992.067308719686,3.9955402080919904,4.2419899727333545,4.883328123192032,6230.7692307692305,0.004428122433088498,225.22104316553288,0.047,0.3263888888888889,1-0-318-1,ae,UT_016,016,2,fave,98.30828545790766,54.965509434528855,10,campus,1,0.1200110000000052,the,"",K,M,K,M,internal
871.793542598074,1952.7239735089734,3295.4331436936955,3.832276618104406,3.707902664292648,3.9325544456443224,6230.7692307692305,0.003253792103414815,227.95365583446713,0.11100000000000002,0.3323353293413173,1-0-320-0,ae,UT_016,016,2,fave,92.7560352319031,55.32887303595205,10,and,1,0.3099979999999789,"","",#,N,"",N,initial
808.7094130208776,1701.1175067735423,2380.3567896283953,3.2281687737750064,3.9018065318592163,4.672690715081429,6051.282051282051,0.0015207059690594167,229.6186531655329,0.061000000000000006,0.3315217391304348,1-0-322-1,ae,UT_016,016,2,fave,82.95886042072496,65.58240168638767,10,dad,1,0.15998799999999846,"",would,D,D,D,D,internal
869.0835443200907,1787.1444652058708,2863.392081480284,3.9768574038876863,3.4122949343785485,3.878726498339496,6051.282051282051,0.001373026471616931,231.05564616553286,0.075,0.33482142857142855,1-0-328-0,ae,UT_016,016,2,fave,171.39377776698797,47.946253690717924,10,and,1,0.1999969999999962,"","",#,N,"",N,initial
869.2200580516896,1538.1462548970626,2688.8318462758207,3.639032140720962,3.297770608142313,4.214312662160573,5871.794871794871,0.0005446869263489175,234.15365183446715,0.051000000000000004,0.3311688311688312,1-0-338-2,ae,UT_016,016,2,fave,178.09448201938702,53.665219494243935,10,classes,1,0.13000499999998283,attend,and,L,S,L,S,internal
852.3099014502692,1555.6638715429358,2870.09626136661,3.928013111650735,3.49553631570591,4.183412028549509,5871.794871794871,0.0022328274082147838,235.61065883446713,0.045,0.3358208955223881,1-0-343-2,ae,UT_016,016,2,fave,206.5496958703069,48.080976335010305,10,classes,1,0.10999999999998522,attended,dad,L,S,L,S,internal
835.4093514824024,1696.8606530363056,2707.1331922138766,3.3153254408458537,3.606539715229621,4.265026549788698,5871.794871794871,0.0007213758694262178,236.15165783446713,0.067,0.32843137254901966,1-0-344-1,ae,UT_016,016,2,fave,82.19416270492684,49.43086387647533,10,dad,1,0.1799919999999986,classes,"",D,D,D,D,internal
767.5947804315624,1662.9298092141219,2743.843291450264,3.326037347854556,3.5270259153407837,4.857904463898564,5333.333333333333,0.0016512747685278118,240.5536501655329,0.031,0.32978723404255317,1-0-362-0,ae,UT_016,016,2,fave,-10420.359182895614,57.22963427867651,10,activities,0,0.06999200000001338,"",with,#,K,"",K,initial
789.7085203603551,1324.798509656065,2760.4187382522036,3.914837989255443,3.7184701463434235,4.959831457909066,6051.282051282051,0.05266613402143819,245.36565883446713,0.055,0.3353658536585366,1-0-378-2,ae,UT_016,016,2,fave,402.51770606711597,53.68617410416618,10,class,1,0.13999899999998888,in,"",L,S,L,S,internal
912.2123918048991,1568.3870059009141,2171.41671769975,3.3122145708347137,3.913956804726856,4.978082715020914,6410.25641025641,0.012557269443807237,252.0927498344671,0.035,0.33653846153846156,1-0-395-0,ae,UT_016,016,2,fave,NaN,58.63118626528274,10,actually,1,0.08000200000000746,"",doubled,#,K,"",K,initial
909.3253647049319,1465.7046170524673,2892.290778992954,3.678181114747669,3.6472912987413064,4.108262339422344,5871.794871794871,0.0004423879188758416,253.50875383446711,0.047,0.3263888888888889,1-0-400-2,ae,UT_016,016,2,fave,81.71763643660478,54.510637665344,10,classes,1,0.11999499999998875,the,"",L,S,L,S,internal
795.058097893624,1444.6300641384164,2810.6576873873655,3.738594590291646,3.4796096354184853,4.284838616757976,6051.282051282051,0.000957534109983748,256.77775216553283,0.045,0.3358208955223881,1-0-413-2,ae,UT_016,016,2,fave,79.80347599993108,53.7052979348178,10,classes,1,0.10998499999999467,the,"",L,S,L,S,internal
991.911888183096,1681.8649271851782,2634.951443211293,3.6557617036355636,3.646767665364579,4.429421048594512,5692.3076923076915,0.002565335597788949,259.1487581655329,0.087,0.32954545454545453,1-0-419-1,ae,UT_016,016,2,fave,153.44886163882006,53.99719175850362,10,that,1,0.23999000000003434,doing,"",DH,T,DH,T,internal
357.2398256980266,1689.2252009293725,3055.283540000439,3.108404005968201,3.5730298700098957,3.7184350874003367,6051.282051282051,0.00002987920155492153,264.31774583446713,0.025,0.33783783783783783,1-0-438-0,ae,UT_016,016,2,fave,84.94441783152244,53.55307262014114,10,as,1,0.05001799999996592,working,a,#,Z,NG,Z,initial
824.0445747185846,1574.8687501163017,2644.925950584228,3.503553643502809,3.983485814267184,4.595809962532538,5692.3076923076915,0.0049082548234206476,281.86274816553293,0.035,0.3365384615384616,1-0-486-1,ae,UT_016,016,2,fave,215.06323100370804,48.922701417076105,10,bachelor's,1,0.07998699999996006,my,degree,B,CH,B,CH,internal
556.3999273613499,1588.9751839188414,2674.8584599224014,3.0504157180131806,3.399632613276658,4.048527803560942,6051.282051282051,0.00019403399230007417,332.8710471655329,0.027000000000000003,0.32142857142857145,1-0-546-0,ae,UT_016,016,2,fave,-2172.2320318050743,58.51900549379544,10,at,1,0.05999700000000985,good,pies,#,T,D,T,initial
761.8153119253303,1764.581801183195,3275.9206879727167,3.7977441604054656,3.316392068938315,4.299712793157525,6051.282051282051,0.0003987177816962952,334.2627478344672,0.035,0.33653846153846156,1-0-549-0,ae,UT_016,016,2,fave,122.62972049945043,60.851358907230725,10,and,1,0.080016999999998,"",so,#,N,"",N,initial
690.1325125376746,1691.5493578426785,2503.978749223025,3.3753886446602115,3.5519167058461227,3.9335795654865016,5512.820512820513,0.0011494177659590087,336.67274183446716,0.055,0.3353658536585366,1-0-561-0,ae,UT_016,016,2,fave,2450860.3878638214,52.9456706598803,10,and,1,0.14001500000000533,"",it,#,N,"",N,initial
783.8537802247523,1342.6135152078195,2831.294817588547,3.2812009918514153,3.1795655759838963,4.452357132700619,6589.74358974359,0.00012764298670092962,357.13373716553286,0.037,0.32456140350877194,1-0-596-0,ae,UT_016,016,2,fave,225.91452953945262,71.64294757249715,10,and,1,0.0899970000000394,well,i,#,N,L,N,initial
542.126316571614,1681.3190554522646,3078.8539291673733,3.0979975356870972,3.2323519312823232,4.635610457316326,6051.282051282051,0.0000797031526471986,362.20075083446716,0.031,0.32978723404255317,1-0-613-1,ae,UT_016,016,2,fave,180.1236911356714,67.19342912649152,10,that,1,0.0700069999999755,thing,is,DH,T,DH,T,internal
814.0113567664033,1592.4319061655553,3004.639862539996,3.2006887235481316,3.7394415022750382,4.550780787955645,6051.282051282051,0.003071195782483188,364.32765883446706,0.061000000000000006,0.3315217391304348,1-0-622-1,ae,UT_016,016,2,fave,199.88778137430185,53.545079703569606,10,master,1,0.16000300000001744,to,it,M,S,M,S,internal
987.5094779750539,1443.2118493286684,2754.9246885949947,3.4946795794117858,3.748321559263693,4.1331037623631754,6230.7692307692305,0.0006037137354347697,373.4631391655329,0.047,0.3263888888888889,1-0-627-0,ae,UT_016,016,2,fave,77.91860582541905,64.71844435828775,10,apple,1,0.11999500000001717,"","",#,P,"",P,initial
878.7286240162941,1765.6614808780062,3046.0595851018516,3.7500461872150463,3.7576784937654906,4.417107675367926,6589.74358974359,0.00113062831734224,378.5181571655329,0.057,0.3275862068965517,1-0-636-0,ae,UT_016,016,2,fave,147.42792088788437,58.522071393885234,10,apple,1,0.1499939999999924,picking,"",#,P,NG,P,initial
959.646986125106,1535.876957220175,2918.7816567644045,3.9198900317047114,3.6291984037364844,4.46713065935817,6230.7692307692305,0.0011042066892154737,385.5856421655329,0.037,0.32456140350877194,1-0-661-0,ae,UT_016,016,2,fave,122.35409870136466,60.56308891480362,10,apples,1,0.08999599999998509,the,from,#,P,@,P,initial
958.5965681624357,1447.464717448819,2580.4143944254693,3.2610741788963153,3.487828685154626,4.392467244248843,5333.333333333333,0.0007565013127351385,386.27464983446714,0.035,0.3365384615384616,1-0-664-0,ae,UT_016,016,2,fave,-8679.660969881263,56.669025303059115,10,apple,1,0.080016999999998,the,tree,#,P,@,P,initial
546.5586703785574,1965.9111334436827,2733.906172993527,3.573974395269987,3.154630183456661,3.837794488402539,5692.3076923076915,0.000026468833666612788,387.0346541655329,0.035,0.3365384615384616,1-0-666-0,ae,UT_016,016,2,fave,139.50092870082858,56.594520895389095,10,and,1,0.07998600000001943,tree,"",#,N,iyF,N,initial
793.3253077015322,1778.1982472637433,2661.5158820775778,3.4166675435471494,3.2954393396661965,4.665506497803393,5512.820512820513,0.003761945760590378,387.8606511655329,0.067,0.32843137254901966,1-0-668-0,ae,UT_016,016,2,fave,124.12975076114749,61.74414306965078,10,and,1,0.17999299999996765,"","",#,N,"",N,initial
473.16090200038957,1943.339888302905,2405.4949267196153,4.115099827246812,3.5472924478996126,4.254952266568233,6230.7692307692305,0.0027296781730916752,389.92464383446713,0.035,0.33653846153846156,1-0-677-2,ae,UT_016,016,2,fave,75.92347791462623,58.76638702904715,10,cramp,1,0.08001700000005485,her,"",R,M,R,M,internal
787.7695728107655,1729.925162598836,2667.6008846073933,3.0753814314166097,3.611120177800148,5.141243439516084,6230.7692307692305,0.0015447025619005114,394.8928588344672,0.031,0.32978723404255317,1-0-695-1,ae,UT_016,016,2,fave,80.39261217687378,66.02591496870066,10,had,1,0.0700069999999755,pies,to,HH,D,HH,D,internal
442.5190832449948,2091.919376449523,2829.9202970552456,3.0772610926670754,3.3022974706301933,3.9793613316086334,6230.7692307692305,0.00003290203944661714,395.26285383446714,0.031,0.32978723404255317,1-0-698-0,ae,UT_016,016,2,fave,151.8078238437842,62.50660025682735,10,as,1,0.07000700000003235,be,beautiful,#,Z,iyF,Z,initial
1004.8109124686606,1476.748679454821,2494.9326901039676,3.5184472407560734,3.9390569992486633,4.345210693255844,6051.282051282051,0.002505433487799918,402.0448485034014,0.055,0.3353658536585366,1-0-712-0,ae,UT_016,016,2,fave,148.28005479698461,66.8355092022722,10,apple,1,0.14001400000000785,"",but,#,P,"",P,initial
739.0172871666679,1657.1472351907037,2388.4255873668776,3.127186096826155,3.5449898986191304,4.779036656962855,5692.3076923076915,0.005588765109186744,443.61365216553287,0.047,0.3263888888888889,1-0-746-1,ae,UT_016,016,2,fave,81.65888098170689,57.29315981253309,10,has,1,0.11999500000001717,utah,a,HH,Z,HH,Z,internal
913.4260302185914,1521.5639647899347,2520.453613765614,3.3552973816738407,3.6597158803529926,4.613234103778715,5692.3076923076915,0.00042384889911654456,448.84796116553287,0.031,0.32978723404255317,1-0-759-1,ae,UT_016,016,2,fave,81.46687693174718,60.352350144380424,10,have,1,0.0699769999999944,would,to,HH,V,HH,V,internal
819.6037093997703,1544.236490388882,2629.6672735431644,3.017587699741971,3.51337131806261,4.125531198893759,6051.282051282051,0.0004336193494365262,449.32094350340134,0.037000000000000005,0.324561403508772,1-0-762-1,ae,UT_016,016,2,fave,NaN,62.061470471943395,10,back,1,0.09002699999996366,go,to,B,K,B,K,internal
892.6591860871978,1590.6961146116028,3031.785276741616,3.5600375110426508,3.658637605551396,4.665488985390437,6051.282051282051,0.004431805990173982,458.80084483446706,0.075,0.33482142857142855,1-0-788-1,ae,UT_016,016,2,fave,186.82282024267428,56.74590473906403,10,had,1,0.20001200000001518,we,"",HH,D,HH,D,internal
609.6735223045832,1772.0091067504559,2931.0482879430097,3.769006992319974,3.0504060704346627,4.509235479234843,6589.74358974359,0.002001225129533657,459.5968518344671,0.027000000000000003,0.32142857142857145,1-0-790-0,ae,UT_016,016,2,fave,-752.3250168822885,64.22675655703122,10,and,1,0.05999800000000732,"",huntington,#,N,"",N,initial
637.4384770481607,2029.0930509045786,2808.3077906977333,4.143171557041735,3.682678367877099,4.000117894325954,6051.282051282051,0.004584698538220255,470.9688378344671,0.051000000000000004,0.3311688311688312,1-0-820-0,ae,UT_016,016,2,fave,153.49008633175654,54.51833148668469,10,and,1,0.13000499999998283,community,"",#,N,iyF,N,initial
666.3821237506462,1947.518902965915,2801.6719935838055,4.032908613388692,3.441478237070271,3.8404192580061216,6051.282051282051,0.001162448911800246,474.37585616553287,0.065,0.33505154639175255,1-0-831-0,ae,UT_016,016,2,fave,146.56381215459422,53.45555330305486,10,and,1,0.16998299999994515,play,"",#,N,eyF,N,initial
819.0709134976701,1844.6904895806044,2911.352080438326,3.625466661024552,3.357915549315449,3.7676284678961007,6051.282051282051,0.0009659172813742752,475.4168551655329,0.087,0.32954545454545453,1-0-833-0,ae,UT_016,016,2,fave,161.330184263875,58.44810942645172,10,and,1,0.2399899999999775,"",without,#,N,"",N,initial
854.9154018901726,1584.560482432674,3244.218852194411,3.5380249438233777,3.7146788911123467,4.314126309564774,6410.25641025641,0.0010852082311626557,479.85584616553285,0.045,0.3358208955223881,1-0-844-1,ae,UT_016,016,2,fave,77.9877996524943,55.21667943384664,10,have,1,0.10998599999999215,you,today,HH,V,HH,V,internal
707.2466621201734,1739.0699843433338,2926.586043269916,3.402727271353519,3.2879650368214786,4.1473534144483315,5871.794871794871,0.0006209014096376301,481.2981471655329,0.051000000000000004,0.3311688311688312,1-0-847-0,ae,UT_016,016,2,fave,221.3699544631834,57.706695316775544,10,and,1,0.13000499999998283,"",so,#,N,"",N,initial
814.720560922108,1688.674884246117,2550.6417703026596,3.3496187977601544,3.3689524548359704,4.356780414521198,5512.820512820513,0.00036199697738866995,482.2581438344671,0.051000000000000004,0.3311688311688312,1-0-851-1,ae,UT_016,016,2,fave,136.78769996484675,63.08510434315417,10,that,1,0.13000499999998283,think,was,DH,T,DH,T,internal
850.6367642712379,1847.604559228265,2909.78746491983,3.102370071112347,3.4862159625097062,4.813871990028596,6589.74358974359,0.001874220378012665,508.08274216553286,0.037,0.32456140350877194,1-0-910-0,ae,UT_016,016,2,fave,245.3185731064605,70.61301706643394,10,and,1,0.0899970000000394,"",lack,#,N,"",N,initial
895.6902720146361,1377.272256149751,2474.7061875199574,3.290736849847464,3.5725749355376997,4.79954470334935,6051.282051282051,0.0008794401799959102,508.31175316553293,0.035,0.3365384615384616,1-0-911-1,ae,UT_016,016,2,fave,218.2459434057855,68.03557581288923,10,lack,1,0.07998699999996006,and,of,L,K,L,K,internal
908.5082160331303,1555.7146221910382,3053.3494255434935,3.213269954244382,3.639134290789774,4.2196711474419795,6589.74358974359,0.0019193003629003303,525.8908301655329,0.11100000000000002,0.3323353293413174,1-0-944-1,ae,UT_016,016,2,fave,172.1088601676257,62.657815991778186,10,yeah,1,0.3099979999999505,"","",Y,#,Y,"",final
800.0109855049928,1672.5552970670085,2761.484306789228,3.087839622544702,3.2417003099240724,4.096387526405897,6230.7692307692305,0.00008163756642687519,528.1538295034014,0.037,0.32456140350877194,1-0-949-1,ae,UT_016,016,2,fave,214.64786807061117,76.56414343308636,10,had,1,0.09002699999996366,we,a,HH,D,HH,D,internal
879.7504446028123,1633.5879629008161,2520.0586756254875,3.3359541935853954,3.487837705578862,4.499967575555967,5871.794871794871,0.0022572767105510597,535.3221598276643,0.075,0.33482142857142855,1-0-971-1,ae,UT_016,016,2,fave,77.33231605574524,57.95189944089891,10,had,1,0.1999510000000555,just,we,HH,D,HH,D,internal
846.3810091779737,1483.1713696094073,2718.957153768429,3.3622786288000337,3.7209586822185137,4.655763663869422,5512.820512820513,0.0003037556764307401,541.6001648344671,0.031,0.32978723404255317,1-0-989-1,ae,UT_016,016,2,fave,81.0731134205504,56.778934913721464,10,have,1,0.07000699999991866,would,little,HH,V,HH,V,internal
896.7062903212524,1764.2923642390654,2761.5050547376836,3.3581696451947436,3.309996518145626,4.415691537780726,6230.7692307692305,0.0019735842764519356,545.0751315034014,0.061000000000000006,0.3315217391304348,1-0-1003-1,ae,UT_016,016,2,fave,84.19627713916732,59.98121805241134,10,matchbox,1,0.160033999999996,drive,cars,M,CH,M,CH,internal
785.4100557496184,1817.9316751848107,2953.3414864416945,3.637617649215587,3.353384738815475,3.8765670599440187,6230.7692307692305,0.0023896512228976322,547.5751435034013,0.161,0.33264462809917356,1-0-1007-0,ae,UT_016,016,2,fave,81.92468385230195,59.769546284383416,10,and,1,0.46002199999998084,"","",#,N,"",N,initial
827.6900085264998,1660.3847372376365,2565.1415154040947,3.434489489416681,3.280259068518334,4.2122109551736155,6051.282051282051,0.0010887984328925757,548.7671584965987,0.10500000000000001,0.3343949044585987,1-0-1013-1,ae,UT_016,016,2,fave,79.75363462998989,59.1407384189432,10,had,1,0.28997800000001916,just,we,HH,D,HH,D,internal
780.5523710835076,1711.9664123465004,2778.495514649953,3.476385284212348,3.4522857830671603,4.446853112488584,6410.25641025641,0.0004613887068216471,557.115159165533,0.061000000000000006,0.3315217391304348,1-0-1039-1,ae,UT_016,016,2,fave,133.62624201660864,61.785477217569365,10,dad,1,0.15997299999992265,when,would,D,D,D,D,internal
852.6720197766662,1794.4560545864701,3076.68145953885,3.622363009657401,3.4793759964966573,4.259367103601225,6051.282051282051,0.0020049483174112395,558.2651335034014,0.061000000000000006,0.33152173913043487,1-0-1043-1,ae,UT_016,016,2,fave,154.86069354999998,55.06425648626326,10,that,1,0.160033999999996,and,i,DH,T,DH,T,internal
497.0206813975083,1925.86242431643,2536.910956144584,4.012782533475666,3.9862961978758977,4.707272401884198,7128.205128205128,0.01930301100318325,559.7871364965987,0.065,0.33505154639175255,1-0-1049-2,ae,UT_016,016,2,fave,76.33752275859703,53.658715170084434,10,granary,1,0.16998200000000452,the,and,R,N,R,N,internal
363.17961308968654,2321.779330523438,2848.953870752065,3.884688001358618,4.0117413217971425,4.382496093653725,6589.74358974359,0.0009465697935141166,560.4078351723356,0.045,0.3358208955223881,1-0-1050-0,ae,UT_016,016,2,fave,164.0406071006645,54.696337210110926,10,and,1,0.11004600000001119,granary,"",#,N,iyF,N,initial
829.2763602207791,1707.0641894560063,2877.8926805457413,3.5801310331141747,3.217959137228542,4.200379526179683,6230.7692307692305,0.0022830918826506116,572.1002298344671,0.047,0.3263888888888889,1-0-1097-0,ae,UT_016,016,2,fave,79.0963582058291,56.47378846345216,10,animals,1,0.11999500000001717,farm,i,#,N,M,N,initial
913.9831612157647,1621.1531556309906,2878.3063862126783,2.9866940920185137,3.662809614974128,3.9256032533118503,5692.3076923076915,0.00007879301856766207,573.7722228344671,0.031,0.32978723404255317,1-0-1103-0,ae,UT_016,016,2,fave,156.21737745784787,54.30473463789451,10,animals,1,0.07000699999991866,the,"",#,N,@,N,initial
838.4105941336634,1841.5808307151617,3060.86681741694,4.002649428961872,3.303684309126461,3.877665346259867,5692.3076923076915,0.036771968146765074,575.296224834467,0.19899999999999998,0.33501683501683494,1-0-1105-0,ae,UT_016,016,2,fave,164.15751330079925,53.72313749166065,10,and,1,0.5700070000000323,"","",#,N,"",N,initial
728.6177117453666,1741.6509518263085,3107.8551982810245,3.71273275643992,3.4156011834496143,4.333621533083157,6051.282051282051,0.0028062991106199073,576.0422318344672,0.051000000000000004,0.3311688311688312,1-0-1107-0,ae,UT_016,016,2,fave,149.2637357113787,51.7860629796418,10,and,1,0.13000499999998283,"",that,#,N,"",N,initial
953.9071807982978,1675.2365372198426,3095.598737519697,3.599183142911901,3.3083376843563395,3.9901977117428875,6051.282051282051,0.0026694737142182053,576.3462575034015,0.119,0.33615819209039544,1-0-1108-1,ae,UT_016,016,2,fave,155.55425492143587,52.76377778390826,10,that,1,0.330016999999998,and,"",DH,T,DH,T,internal
679.6434457151042,1677.7981155608131,3073.5976377354536,3.6904200996167504,3.396617525658245,4.0022701538323044,6051.282051282051,0.00272216760961173,598.4546544965987,0.037,0.32456140350877194,1-0-1171-0,ae,UT_016,016,2,fave,184.9180211134074,56.21677000756239,10,and,1,0.08996600000000399,"",mom,#,N,"",N,initial
824.471409850468,1700.811370075148,2902.073097870848,3.5911450121547013,3.5374076932652336,4.217843730151735,6230.7692307692305,0.0024884951271257724,599.2046425034014,0.097,0.3299319727891156,1-0-1174-1,ae,UT_016,016,2,fave,149.64825800079126,56.575076711019534,10,dad,1,0.27001899999993384,and,they,D,D,D,D,internal
708.08807107755,1965.8660929849837,2954.980232878991,3.8145614142942144,3.8031181705887778,4.10526063183315,6051.282051282051,0.00042359042517926295,601.8916588344672,0.051000000000000004,0.3311688311688312,1-0-1183-0,ae,UT_016,016,2,fave,75.64463002781935,53.20729814279351,10,and,1,0.13000499999998283,me,"",#,N,iyF,N,initial
864.4852386904535,1701.0774387339764,2822.6473928689106,3.8782431513470756,3.0355027337997655,4.057729531326814,5512.820512820513,0.0039918665349748935,602.9396374965986,0.167,0.3313492063492064,1-0-1185-0,ae,UT_016,016,2,fave,154.19033455204755,51.294853478475986,10,and,1,0.479979999999955,"","",#,N,"",N,initial
795.1003811614676,1721.3325444032998,2757.2938693643314,3.188104238974941,3.400482143933489,4.544531583181347,6051.282051282051,0.00042718101374370583,624.0899471655329,0.045,0.3358208955223881,1-0-1204-1,ae,UT_016,016,2,fave,135.70988960967625,63.059172239668726,10,that,1,0.10998500000005151,[bracketed],"",DH,T,DH,T,internal
769.2094329986135,1857.0718008142715,3204.780244773973,3.8372391259550915,4.107594664464701,4.451325166986502,6589.74358974359,0.0017336468403722298,624.4409221655329,0.047,0.3263888888888889,1-0-1206-1,ae,UT_016,016,2,fave,186.93501605470118,55.19916734112952,10,yeah,1,0.11999499999990348,"","",Y,#,Y,"",final
809.4036567145325,1728.1123580719616,2946.5128578489903,4.371214855835071,3.3329298849300986,4.079728060538364,6051.282051282051,0.0027422705161324877,628.604548165533,0.040999999999999995,0.33064516129032256,1-0-1220-0,ae,UT_016,016,2,fave,161.19348323353873,50.032770050836895,10,and,1,0.09997599999996964,"",that,#,N,"",N,initial
920.135577673262,1747.5569257606694,2916.3954769120783,3.61322547300883,3.2912072181081666,4.104024945007607,6051.282051282051,0.0007255947069773948,628.8575291655328,0.087,0.32954545454545453,1-0-1221-1,ae,UT_016,016,2,fave,155.42044400689267,51.64576034971694,10,that,1,0.23999000000003434,and,"",DH,T,DH,T,internal
763.2077508074982,1694.6890327391836,3002.5598873303793,4.121031119001144,3.1829920615194385,3.897437901322766,6051.282051282051,0.003579474237923472,629.1925594965986,0.057,0.3275862068965517,1-0-1223-0,ae,UT_016,016,2,fave,78.01986075823012,50.55721906319711,10,and,1,0.14996399999995447,"","",#,N,"",N,initial
806.6513523508808,1701.798752551153,2820.8092157514793,3.589887265218549,3.456792935853986,4.2975478293987575,6230.7692307692305,0.0008798830125415339,630.6625418344671,0.057,0.32758620689655177,1-0-1227-1,ae,UT_016,016,2,fave,151.72500414002016,65.31356551382366,10,dad,1,0.15002400000003036,"",would,D,D,D,D,internal
756.4631874914542,1651.7062133376926,2940.517844758761,3.585169591482884,3.813004916557081,4.2119780485228056,5692.3076923076915,0.0013869265196705001,639.0825305034014,0.057,0.32758620689655177,1-0-1256-1,ae,UT_016,016,2,fave,157.46364411852838,51.67676422139951,10,that,1,0.15002400000003036,like,"",DH,T,DH,T,internal
948.7779165759954,1613.1627400382172,2949.9615186790224,3.644437591164744,3.3003981475518227,4.204910626041272,5871.794871794871,0.0006241057007001405,647.311932834467,0.055,0.3353658536585366,1-0-1271-0,ae,UT_016,016,2,fave,79.36594102518809,62.53727281966095,10,animals,1,0.1400140000000647,the,"",#,N,@,N,initial
894.8909008153514,1583.0773471100117,2751.4215553760723,3.4018304134466653,3.239044898288826,3.97500389007692,6051.282051282051,0.00010426662335574019,648.7387748344671,0.031,0.32978723404255317,1-0-1277-0,ae,UT_016,016,2,fave,148.68804282136836,62.15513390464708,10,animals,1,0.07000800000002982,the,to,#,N,@,N,initial
857.3522338871459,1691.6492968568912,3323.110569888338,3.737827243545926,3.1975441323529017,4.329754911229811,5871.794871794871,0.0025541460459487363,654.7587748344672,0.07100000000000001,0.3317757009345795,1-0-1299-1,ae,UT_016,016,2,fave,159.64157784358358,56.6083774852065,10,that,1,0.1900029999999333,and,so,DH,T,DH,T,internal
666.5633023162778,1951.9812874476333,2918.38528367045,3.3962149617567556,3.7006646493088944,4.1165768499726365,6230.7692307692305,0.001334098601163159,669.1387288344672,0.051000000000000004,0.3311688311688312,1-0-1320-1,ae,UT_016,016,2,fave,NaN,51.86982710885776,10,yeah,1,0.13000499999998283,"","",Y,#,Y,"",final
792.2801286994749,1775.0827022510928,2322.6382471988873,3.738918755187238,3.39436447264928,3.8411990347995832,6230.7692307692305,0.00019468316644325837,687.673331834467,0.035,0.33653846153846156,1-0-1345-2,ae,UT_016,016,2,fave,149.80021778133832,60.05816041192341,10,grandparents,1,0.080016999999998,maternal,they,R,N,R,N,internal
830.4067314421716,1566.6760137780575,2865.2440081208697,3.4520007183125,3.5540230147237395,4.713373770638555,6230.7692307692305,0.0021652954793350797,688.5063374965987,0.040999999999999995,0.33064516129032256,1-0-1347-1,ae,UT_016,016,2,fave,-1562.6918048506832,61.64121868437003,10,passed,1,0.09997499999997217,they,away,P,S,P,S,internal
660.6253414344696,1726.38196616803,2835.257860388263,3.436233767448884,3.335544371552825,4.314502417957258,6230.7692307692305,0.0008704504691716234,693.0543415034014,0.037,0.32456140350877194,1-0-1364-0,ae,UT_016,016,2,fave,92.02293990430962,68.08039917114941,10,and,1,0.09002700000007735,but,my,#,N,T,N,initial
801.926713013553,1752.7422142258818,2535.4549662681043,4.019107166384394,3.6811836079345603,4.0319234014004,6051.282051282051,0.0007525687225086832,693.5313608276645,0.031,0.32978723404255317,1-0-1366-2,ae,UT_016,016,2,fave,NaN,66.42325432582933,10,grandfathers,1,0.06994599999995899,my,passed,R,N,R,N,internal
695.8422717351137,1605.3971087024809,2946.0261916870354,3.937724924530656,4.116902295547754,4.694933986861574,6051.282051282051,0.011621551330409815,694.1683614965987,0.065,0.33505154639175255,1-0-1367-1,ae,UT_016,016,2,fave,-397156.42314836103,63.886080074690035,10,passed,1,0.169983000000002,grandfathers,away,P,S,P,S,internal
675.5789932895741,1950.3572774605357,2716.0123554514216,3.2676063552982004,3.5256944991147305,4.405139596735287,6230.7692307692305,0.0003729946265000675,700.9236548344671,0.047,0.3263888888888889,1-0-1396-0,ae,UT_016,016,2,fave,79.54841743732254,67.45860457044233,10,aunts,1,0.11999500000001717,"","",#,N,"",N,initial
692.9284763174563,1797.8654064999237,3079.856849486532,3.3935641734875683,3.051881712147434,4.145880865244811,6051.282051282051,0.0009159016787747622,704.1968348344672,0.051000000000000004,0.3311688311688312,1-0-1403-0,ae,UT_016,016,2,fave,106.8943384036292,58.633064562472335,10,and,1,0.13000400000009904,cousins,"",#,N,Z,N,initial
869.9626556040893,1677.670714680069,2849.4036119034313,3.6048516005423434,3.400974548702896,4.672585205130177,6410.25641025641,0.0027725292474872166,705.0648298344671,0.047,0.3263888888888889,1-0-1405-0,ae,UT_016,016,2,fave,196.9143942150977,65.54757510855687,10,and,1,0.11999500000001717,"",that,#,N,"",N,initial
871.2265559306934,1686.3190774594764,2947.531457437042,3.8288112127578624,3.4898607241228903,4.297845735560035,6051.282051282051,0.0006230615356332761,705.3018594965986,0.061000000000000006,0.33152173913043487,1-0-1406-1,ae,UT_016,016,2,fave,173.68757680791322,64.01562139022582,10,that,1,0.15997300000003634,and,and,DH,T,DH,T,internal
659.0130627972158,2055.4988335082026,2923.393093662837,4.134703424965587,3.8693558409887374,4.0042705574265085,6230.7692307692305,0.0016210828106197701,708.2768518344672,0.051000000000000004,0.3311688311688312,1-0-1418-0,ae,UT_016,016,2,fave,161.2227668619776,58.70456566405898,10,and,1,0.13000500000009652,thanksgiving,my,#,N,NG,N,initial
655.9964070594202,1657.452477678784,2244.6738674767867,3.307364952945317,3.5819962533588554,4.085801602318156,6230.7692307692305,0.00004588605760387108,708.7168638344671,0.031,0.32978723404255317,1-0-1420-2,ae,UT_016,016,2,fave,152.091485985507,62.99553857446794,10,grandmother,1,0.07000700000003235,my,"",R,M,R,M,internal
862.152334365067,1696.0567645642082,3056.184008996862,3.3548993274230225,3.609370658099839,4.608356184948847,6051.282051282051,0.002016965873910898,725.6507571655329,0.031,0.32978723404255317,1-0-1454-0,ae,UT_016,016,2,fave,-646.0670646420617,62.8289921663674,10,and,1,0.07000700000003235,"",my,#,N,"",N,initial
746.4947949964617,1725.2088141535185,2197.0555476921754,3.342438657317911,3.397067014276251,4.056334352683031,5692.3076923076915,0.00013157933146270014,726.0137535034014,0.037000000000000005,0.324561403508772,1-0-1456-2,ae,UT_016,016,2,fave,156.1084786335813,66.4592396995034,10,grandmother,1,0.09002699999996366,my,she,R,M,R,M,internal
605.7066754866195,1795.3008844466503,2889.062092892518,3.6403557938233075,3.2053762034854345,4.166968683312451,6230.7692307692305,0.0018849826103173376,727.9368758344672,0.07100000000000001,0.33177570093457953,1-0-1464-0,ae,UT_016,016,2,fave,230.45749174800676,57.21815484142166,10,and,1,0.19000200000004952,"",[bracketed],#,N,"",N,initial
825.4287658332432,1616.944094971439,2724.9236829657707,3.6698813242754555,3.611679221143976,3.9808673849499505,6230.7692307692305,0.00011591633898477144,730.7547668344671,0.031,0.32978723404255317,1-0-1475-2,ae,UT_016,016,2,fave,81.20174302486777,55.660061217593125,10,grandmother,1,0.07000700000003235,my,and,R,N,R,N,internal
751.3849879438839,1725.9507844385798,3034.372229260858,3.8927882618797933,2.988200141026248,3.8838883235151123,6051.282051282051,0.0003699128283877904,731.734746834467,0.031,0.32978723404255317,1-0-1478-0,ae,UT_016,016,2,fave,NaN,55.22878119485825,10,and,1,0.07000700000003235,"",visiting,#,N,"",N,initial
842.644935952896,1804.0869269331395,2941.001793409154,3.4220047143886894,3.101002791328503,3.787571466099177,6230.7692307692305,0.00013215766566382388,739.8077505034014,0.057,0.32758620689655177,1-0-1510-1,ae,UT_016,016,2,fave,150.1316175343851,62.32580283113648,10,family,1,0.15002400000003036,the,and,F,M,F,M,internal
486.16454436237024,1648.5291806262717,3168.410637452453,4.035080979800901,3.8410880876914124,3.8631867397591586,6051.282051282051,0.006332977063868591,742.2197335034014,0.040999999999999995,0.33064516129032256,1-0-1523-0,ae,UT_016,016,2,fave,125.1093268987092,54.694049445302575,10,and,1,0.10003599999993185,"",take,#,N,"",N,initial
823.9985463207878,1681.0125058403073,2192.4301944535737,4.10131559707466,3.338919352660079,4.14556819699804,5512.820512820513,0.00034913296524266156,743.3797504965987,0.040999999999999995,0.33064516129032256,1-0-1528-2,ae,UT_016,016,2,fave,151.20257929649867,55.89220682668151,10,grandma,1,0.09997499999997217,to,"",R,M,R,M,internal
860.0010213123101,1598.5767639774156,2671.927057347432,3.205918955448211,3.5255893454604785,4.681305883385846,6230.7692307692305,0.0002532973383100203,747.0267305034013,0.035,0.3365384615384616,1-0-1540-1,ae,UT_016,016,2,fave,176.8780486242964,64.85909023370243,10,have,1,0.080016999999998,would,her,HH,V,HH,V,internal
803.6333145153927,1674.7777332093365,2776.421127145403,3.210452345547151,3.4968825741822536,4.5406052420710115,6230.7692307692305,0.0014263289517627382,751.2497454965987,0.040999999999999995,0.33064516129032256,1-0-1558-1,ae,UT_016,016,2,fave,82.82517129137243,60.44828850617567,10,chat,1,0.09997499999997217,and,with,CH,T,CH,T,internal
817.0177925650725,1556.27803382661,2817.5709991244094,3.6338128803077185,3.6696826146238046,4.406954200490964,6051.282051282051,0.004358936976288756,764.9023381655329,0.067,0.3284313725490196,1-0-1572-1,ae,UT_016,016,2,fave,145.22444632535093,57.368241255409636,10,laughed,1,0.17999299999996765,she,"",L,F,L,F,internal
838.4344727445911,1507.034242924925,2649.2841462262686,3.496446274375686,3.3607185144903555,4.104241461364951,6051.282051282051,0.0010681026046990261,767.7043361655329,0.051000000000000004,0.3311688311688312,1-0-1586-1,ae,UT_016,016,2,fave,143.30132516892175,57.087025976826716,10,laughter,1,0.13000499999998283,her,"",L,F,L,F,internal
938.050065815921,1536.888195618681,2592.0372511629694,3.5256599567850038,3.627180256257464,4.598531656203379,5871.794871794871,0.0017238445689930686,769.6673624965987,0.037000000000000005,0.324561403508772,1-0-1593-1,ae,UT_016,016,2,fave,155.6067061411358,61.50417345831893,10,happy,1,0.08996500000000651,very,"",HH,P,HH,P,internal
712.2452149971167,1761.1255165878865,2578.807061791853,3.2176894105872957,3.333703864463614,4.684114468755255,6230.7692307692305,0.00008397095629969148,773.1423481655329,0.027000000000000003,0.32142857142857145,1-0-1605-1,ae,UT_016,016,2,fave,156.2085580817329,61.70151773078409,10,had,1,0.05999799999995048,she,a,HH,D,HH,D,internal
893.1777744212687,1582.6153784176724,2700.5160408294087,3.381272292550265,3.489938996841378,4.165232873378359,6051.282051282051,0.0013451589042780474,775.4973594965986,0.07700000000000001,0.3290598290598291,1-0-1616-1,ae,UT_016,016,2,fave,157.6757487578596,57.55146852208152,10,laughed,1,0.20996100000002116,she,and,L,F,L,F,internal
840.9873288251778,1744.2129996914018,3191.082971884903,3.4923585966691983,3.2911201116302915,4.047427800010403,6051.282051282051,0.0027856700686853682,776.9043538344672,0.051000000000000004,0.3311688311688312,1-0-1619-0,ae,UT_016,016,2,fave,176.44597787106278,56.20291240632992,10,and,1,0.13000499999998283,"",that,#,N,"",N,initial
927.8401903209491,1735.7254455631376,3015.8027872235198,3.138783153684373,3.1447401655181877,3.939662989142368,6051.282051282051,0.0006318024033671587,777.1743381655328,0.11100000000000002,0.3323353293413173,1-0-1620-1,ae,UT_016,016,2,fave,156.10538408890247,60.970503252709804,10,that,1,0.3099979999999505,and,"",DH,T,DH,T,internal
849.3429135823272,1624.26951004632,2575.8140514486495,3.252920346188372,3.237595448047423,4.335130068019801,6230.7692307692305,0.0008857674431672227,779.4693418344672,0.08100000000000002,0.3319672131147542,1-0-1627-1,ae,UT_016,016,2,fave,77.62642982620955,64.55588291144755,10,had,1,0.22003200000006018,she,"",HH,D,HH,D,internal
766.4588556313358,2067.157789100332,2831.494219768755,3.491189077515938,3.244361854672343,3.9041924860911164,6230.7692307692305,0.0001050365069028334,781.9713551655329,0.045,0.3358208955223881,1-0-1632-1,ae,UT_016,016,2,fave,168.55525752418342,72.07712376727034,10,candy,1,0.1099859999999353,a,drawer,K,N,K,N,internal
788.5252530081127,2043.3151228010136,2877.104311560867,3.4599773499398454,3.5504255671643232,4.080042836753024,6051.282051282051,0.00024452519010737303,786.1513481655329,0.045,0.3358208955223881,1-0-1650-1,ae,UT_016,016,2,fave,162.232048007721,59.70467690504293,10,candy,1,0.10998500000005151,of,from,K,N,K,N,internal
733.8614129124537,2155.5030489347077,2964.4317560284526,3.757259162389211,3.8729209919707417,3.798078868429536,6051.282051282051,0.000933119181362728,787.0373574965986,0.037,0.32456140350877194,1-0-1653-1,ae,UT_016,016,2,fave,174.3922190734175,61.25338141319508,10,candy,1,0.08996600000000399,her,"",K,N,K,N,internal
725.5509600748288,1774.025769587882,2946.3268732076262,3.2186200030802756,3.421311612488032,4.649833358361029,6230.7692307692305,0.0002973498554310938,788.9066658276645,0.031,0.32978723404255317,1-0-1658-1,ae,UT_016,016,2,fave,128.26820966581226,71.46605323325038,10,had,1,0.06994599999995899,she,a,HH,D,HH,D,internal
623.8575806315197,1650.9857151048438,3039.885029501398,3.0874062438729095,3.4697496200805378,3.2511563984423235,6051.282051282051,0.0000989379954806142,793.6946551655329,0.027000000000000003,0.32142857142857145,1-0-1678-1,ae,UT_016,016,2,fave,NaN,56.45208522100217,10,that,1,0.05999799999995048,trucks,"",DH,T,DH,T,internal
864.4909243243205,1722.4229901845256,2674.5782371961677,3.604430302671004,3.765645873088881,4.30049475752534,5692.3076923076915,0.0021261009518063955,794.9336714965987,0.085,0.3346456692913386,1-0-1682-1,ae,UT_016,016,2,fave,134.85088444026408,57.05798635758099,10,dad,1,0.22998099999995247,my,did,D,D,D,D,internal
906.6898481701405,1536.354372967346,2742.2935976344406,3.2691232774979375,3.593671577907046,4.040124527707095,5692.3076923076915,0.0004652949604638312,797.6136395034013,0.045,0.3358208955223881,1-0-1692-1,ae,UT_016,016,2,fave,82.29828424755286,62.22768243299018,10,have,1,0.11004700000000867,would,quilting,HH,V,HH,V,internal
919.6723340303545,1681.5760840640053,2233.381119649173,3.5458470691738477,3.0744866475385124,3.9559118699512337,6051.282051282051,0.0007839334141119564,799.0816544965987,0.04100000000000001,0.3306451612903227,1-0-1696-2,ae,UT_016,016,2,fave,-2711.1369257189563,48.81253209907758,10,grandma's,1,0.09997599999996964,at,house,R,N,R,N,internal
881.7721858222909,1638.8004931274538,2624.352423428844,3.5000856530429503,3.207498106870279,3.8359783254902133,6051.282051282051,0.0005080299362082974,807.0266531655329,0.07100000000000001,0.3317757009345795,1-0-1724-1,ae,UT_016,016,2,fave,81.1717779685973,58.677136898032245,10,hand,1,0.19000200000004952,by,or,HH,N,HH,N,internal
824.2942393135122,2115.637101937497,3495.2498245211864,4.055506890988089,3.687132488201612,4.172153560774293,6051.282051282051,0.004498527850321854,817.7657585034013,0.057,0.32758620689655177,1-0-1758-0,ae,UT_016,016,2,fave,186.89647761204324,52.8348364735894,10,and,1,0.15002400000003036,"","",#,N,"",N,initial
817.8290878291331,1681.4272493362027,2544.275606519553,3.5500848690471094,3.815256075844558,4.7446066162103016,5692.3076923076915,0.00222956469062339,828.0377704965987,0.04100000000000001,0.3306451612903227,1-0-1793-1,ae,UT_016,016,2,fave,158.56190273136673,62.88783365656416,10,had,1,0.09997499999997217,she,a,HH,D,HH,D,internal
704.5333758330707,2011.55859340805,3015.0803751397066,3.669918456866968,3.3776723820704424,3.6717018765607468,6051.282051282051,0.0029782524019565065,832.5857484965986,0.057,0.3275862068965517,1-0-1808-0,ae,UT_016,016,2,fave,84.34309358017009,62.62834727481017,10,and,1,0.149962999999957,"",when,#,N,"",N,initial
765.2255466954658,1685.9331879479623,2803.036033653134,3.6211893474694423,3.149192687429791,3.759205421426521,6051.282051282051,0.000577937150668458,836.9357505034014,0.037000000000000005,0.324561403508772,1-0-1825-0,ae,UT_016,016,2,fave,159.3750513711204,60.05079195944839,10,and,1,0.09002699999996366,"","",#,N,"",N,initial
858.8680762324866,1680.1789316153208,2799.2302170667645,3.5401323386673345,3.9218020247844314,4.436559772141418,6230.7692307692305,0.0019151413016053427,849.8662818344671,0.047,0.3263888888888889,1-0-1869-1,ae,UT_016,016,2,fave,82.6840260758596,55.85069313537482,10,chatting,1,0.11999500000001717,and,and,CH,T,CH,T,internal
665.0665342422668,1591.6733206433435,3238.6118631002255,4.172964328399433,3.684264364548376,3.833042133581423,6051.282051282051,0.0010479761697830112,854.7762591655329,0.027000000000000003,0.32142857142857145,1-0-1890-1,ae,UT_016,016,2,fave,136.1072324589385,52.69969228014137,10,that,1,0.05999799999995048,and,"",DH,T,DH,T,internal
730.1364306086357,1684.1195785670152,2310.6775987482974,3.8594255075780843,3.582510684932407,4.0924885612597075,5333.333333333333,0.00020281815020755766,864.223633165533,0.031,0.32978723404255317,1-0-1912-2,ae,UT_016,016,2,fave,170.319137170165,55.008316867754,10,grandma,1,0.07000699999991866,loved,"",R,M,R,M,internal
701.8000319474392,1862.0070712472045,3035.264763618144,4.0117900472200425,3.64730354124782,3.648247957800491,6051.282051282051,0.012266570161708564,876.2804504965986,0.057,0.3275862068965517,1-0-1926-1,ae,UT_016,016,2,fave,172.07323381113773,48.90649743927901,10,yeah,1,0.149962999999957,"","",Y,#,Y,"",final
830.5788239097985,1513.473373369778,3214.938820484378,3.656229593419806,4.0216956522582725,4.959460870819902,6051.282051282051,0.0007917193979413934,881.0094518344671,0.035,0.33653846153846156,1-0-1944-1,ae,UT_016,016,2,fave,104.65423249764903,54.907186967432416,10,castle,1,0.080016999999998,or,dale,K,S,K,S,internal
629.3130407337516,2035.2558821176945,2834.5641390399974,3.715851154228922,3.589316674786746,3.8196217862178212,6051.282051282051,0.020926848986291494,886.4044435034014,0.10500000000000001,0.33439490445859876,1-0-1964-0,ae,UT_016,016,2,fave,179.60521003407246,56.42990673891613,10,aunt,1,0.29003899999997884,one,she,#,N,N,N,initial
816.5840750520734,1704.5392964372656,2979.8256375866763,3.3034111090192395,3.738845087800656,4.305163526743013,6051.282051282051,0.004222975279198995,895.0314518344671,0.07899999999999999,0.3376068376068376,1-0-1987-0,ae,UT_016,016,2,fave,190.15045455316164,53.722738588609914,10,at,1,0.21002199999998084,was,"",#,T,Z,T,initial
776.3105423892123,1826.8475343902876,3156.1801566619733,3.503581268505746,3.3364383447838892,4.166782892771067,6410.25641025641,0.0007820704545805969,897.4894285034013,0.055,0.3353658536585366,1-0-1997-0,ae,UT_016,016,2,fave,82.92113819413912,60.60360511897093,10,aunt,1,0.1400149999999485,"",marjorie,#,N,"",N,initial
869.5709163416175,1795.9796925860594,3005.9133805021934,3.436945717336905,3.3896334715105785,4.087817528272368,6410.25641025641,0.0002592674003796912,899.1044731655329,0.045,0.3358208955223881,1-0-2002-1,ae,UT_016,016,2,fave,150.02139702857258,61.98785885456302,10,navajo,1,0.10998500000005151,"",indian,N,V,N,V,internal
747.543082129535,1639.188489449827,2990.8830863707008,3.203960062642499,3.7754718872714816,4.447098904656925,6230.7692307692305,0.001925303707816445,904.3602448344672,0.037000000000000005,0.324561403508772,1-0-2018-1,ae,UT_016,016,2,fave,84.58964198376852,53.61788012453332,10,back,1,0.09002699999996366,moved,to,B,K,B,K,internal
804.6520070051412,1680.3900784330526,3237.8247467988263,3.1724062639192208,3.635458278164955,4.24587719149573,6051.282051282051,0.0002667219040678504,906.5372368344671,0.031,0.32978723404255317,1-0-2022-0,ae,UT_016,016,2,fave,-440.4473512581078,56.2696288007404,10,and,1,0.07000800000002982,"",then,#,N,"",N,initial
566.0077274361836,2298.3062329520726,3056.308204831612,3.788525840306031,3.6146641010675458,4.158278911229573,6410.25641025641,0.007823252153398207,906.9802694965986,0.07700000000000001,0.3290598290598291,1-0-2025-0,ae,UT_016,016,2,fave,183.1229469652533,56.91951258731538,10,aunt,1,0.20996100000002116,my,donna,#,N,ay,N,initial
823.3937928583147,1827.1100035292457,2926.2056194450556,3.7323908770094967,3.5753748112414354,3.731819624145729,6230.7692307692305,0.012031546786499037,967.6724674965986,0.181,0.3327205882352941,1-0-2128-0,ae,UT_016,016,2,fave,104.56966076442194,57.127294013963706,10,and,1,0.5199589999999716,"","",#,N,"",N,initial
887.033870539798,1691.2089784797654,2848.066059288118,3.604180346382734,3.4195539700635975,3.8702469113463187,6051.282051282051,0.002712465619420705,970.0794618344671,0.155,0.334051724137931,1-0-2133-0,ae,UT_016,016,2,fave,130.4173641788465,54.65301001343136,10,and,1,0.4400020000000495,"","",#,N,"",N,initial
808.6099878065828,1569.4215899293465,2746.308837784042,3.33377297889628,3.5753347828371114,4.413539332660808,6410.25641025641,0.00018030774943422488,973.2794548276644,0.035,0.33653846153846156,1-0-2141-1,ae,UT_016,016,2,fave,79.65253537988339,60.958519458659204,10,have,1,0.07995600000003833,i,a,HH,V,HH,V,internal
703.0635568383768,1807.0367062480573,2865.958215244824,3.397768278814722,3.4734043242918475,4.393332569880186,6230.7692307692305,0.0015254877199894735,977.0024475034013,0.04100000000000001,0.3306451612903227,1-0-2149-0,ae,UT_016,016,2,fave,82.78285999995866,61.85067629101034,10,and,1,0.10003700000004301,"",in,#,N,"",N,initial
433.6926659939646,1877.0070579134974,3021.876890238872,3.788985377882459,4.1394689397625255,3.8678310501989195,6410.25641025641,0.005613032985563241,978.9104554965986,0.057,0.3275862068965517,1-0-2153-0,ae,UT_016,016,2,fave,129.6945332518405,53.28236318209831,10,and,1,0.149962999999957,"",yeah,#,N,"",N,initial
819.2511320311065,2084.5259279997085,2682.2507704286463,3.7523797581501133,3.6816361946201317,4.257999612452338,5333.333333333333,0.0012642262530077855,979.2304285034014,0.037,0.32456140350877194,1-0-2154-1,ae,UT_016,016,2,fave,NaN,55.96652508751261,10,yeah,1,0.09002699999996366,and,"",Y,#,Y,"",final
852.7015243296192,1711.3578183643413,2828.4235248244127,3.888837072982329,4.119832527503857,4.451887494323763,5692.3076923076915,0.0002416555584245387,979.9254291655329,0.027000000000000003,0.32142857142857145,1-0-2162-1,ae,UT_016,016,2,fave,NaN,51.72559355689057,10,that,1,0.05999799999995048,"","",DH,T,DH,T,internal
866.0608238822282,1685.4612077855593,2957.889343813959,3.3735773647908744,3.99904911965543,4.076657420054369,6589.74358974359,0.003773502576851901,980.4304305034013,0.057,0.32758620689655177,1-0-2164-0,ae,UT_016,016,2,fave,163.16642638267854,58.136529882140124,10,and,1,0.15002500000002783,"",but,#,N,"",N,initial
758.2858893950854,1857.4705745953875,2821.629627961598,3.398639907605903,3.6946592424136453,4.5314228145160715,6410.25641025641,0.0019016947805724513,981.7344341723356,0.045,0.3358208955223881,1-0-2168-1,ae,UT_016,016,2,fave,-3650.281349227116,58.45758846953901,10,yeah,1,0.11004600000001119,"","",Y,#,Y,"",final
893.4607812804851,1489.4471350705792,2719.405263998399,3.188151650259298,3.6621265756833363,4.3788956015304565,6410.25641025641,0.00035352458832790037,985.9061345034013,0.04100000000000001,0.3306451612903227,1-0-2188-1,ae,UT_016,016,2,fave,81.90310453912475,66.00094980557915,10,have,1,0.10003700000004301,i,an,HH,V,HH,V,internal
815.0555398607911,1785.1233184244356,2481.148572096355,3.3552161358455583,3.6824276328928756,4.443041819328281,6230.7692307692305,0.0007648294918215112,989.4531678344671,0.055,0.33536585365853655,1-0-2200-6,ae,UT_016,016,2,fave,83.25547777500837,58.711052521200656,10,understand,1,0.1400149999999485,and,children,T,N,T,N,internal
828.8446420753003,1867.3963093052535,2897.826499466432,3.7914282042259733,3.6561445401512405,4.341811294566127,5512.820512820513,0.0025604611707244307,993.4091231655328,0.047,0.3263888888888889,1-0-2211-6,ae,UT_016,016,2,fave,170.56447526007426,47.03230052331221,10,understand,1,0.11999500000001717,me,the,T,N,T,N,internal
679.1659397009732,1693.0083959819942,2527.2812412911885,3.8220706990226274,4.000496337218952,4.774720551320309,6230.7692307692305,0.00419822199948491,996.9641268344672,0.037000000000000005,0.324561403508772,1-0-2219-4,ae,UT_016,016,2,fave,145.2580861896025,48.45816724098089,10,interact,1,0.09002599999996619,to,with,*hr,K,*hr,K,internal
494.5286937923729,1499.0160326827388,2973.5838349559044,3.1870696770411615,3.558018143797367,3.5850616596985176,5692.3076923076915,0.0004737195259519049,1037.8524808276643,0.027000000000000003,0.32142857142857145,1-0-2284-0,ae,UT_016,016,2,fave,-2878.91135088748,52.992227723335034,10,as,1,0.0599369999999908,grades,well,#,Z,Z,Z,initial
679.457695714289,1863.6400526139055,2961.9128929158765,3.523936543239351,3.4904722720260604,3.9665420377156013,6230.7692307692305,0.00020285927230038602,1059.9882234965985,0.037000000000000005,0.324561403508772,1-0-2306-0,ae,UT_016,016,2,fave,225.6912292430562,54.60800360694177,10,and,1,0.08996600000000399,"",enjoy,#,N,"",N,initial
863.818018508696,1793.5496142518432,2874.52201089208,3.7937959115468165,3.6825820463139354,3.9026743726155932,6051.282051282051,0.005770327644050617,1063.8732981655328,0.167,0.3313492063492064,1-0-2311-0,ae,UT_016,016,2,fave,154.3948366574112,53.34677509376489,10,and,1,0.4799799999998413,"","",#,N,"",N,initial
815.931783281513,1874.999372114505,3080.6772065305163,3.8934291506900074,3.5306087134429074,4.407067963020239,6410.25641025641,0.003622983268702605,1066.6252968276644,0.151,0.3325991189427312,1-0-2315-0,ae,UT_016,016,2,fave,82.17028169112963,57.53082420352936,10,and,1,0.4299309999998968,"",watching,#,N,"",N,initial
753.1372755433816,1914.3428214568967,2727.9327451740905,3.2163663814857535,3.3160854393421655,4.0639470090445045,6051.282051282051,0.004145998453492637,1069.6023711723356,0.10899999999999999,0.33641975308641964,1-0-2320-0,ae,UT_016,016,2,fave,218.3346056693058,55.30247917484585,10,and,1,0.3000489999999445,process,learn,#,N,S,N,initial
723.1455860159224,1975.9442931676958,2865.8612153762874,3.7295752160802613,3.4507414922959594,3.493261895734506,6051.282051282051,0.002868284518261356,1070.7513201791382,0.047,0.3263888888888889,1-0-2323-0,ae,UT_016,016,2,fave,248.43433548362702,52.300948539182464,10,and,1,0.12011699999993652,"",develop,#,N,"",N,initial
626.9333082495086,2003.920020550934,3049.9463468419285,3.5597237012527883,3.707340395372661,3.809749039418602,6230.7692307692305,0.011738239613048358,1072.0132961655327,0.051000000000000004,0.3311688311688312,1-0-2326-0,ae,UT_016,016,2,fave,165.52678054667754,54.572916461482336,10,and,1,0.13000499999998283,"","",#,N,"",N,initial
873.7697672590612,1742.360329210966,2964.0001930401454,3.510178382711297,3.520105360598564,4.043448278114694,6051.282051282051,0.0051278845730425016,1078.0903175034011,0.185,0.33393501805054143,1-0-2337-0,ae,UT_016,016,2,fave,78.96910042930966,60.68432998775518,10,and,1,0.5300290000000132,"","",#,N,"",N,initial
858.8692779961433,1759.9839191729163,2837.313838898654,3.5068372126253893,3.6335343970345413,4.747844820086661,6051.282051282051,0.002933875955348211,1110.292720834467,0.051000000000000004,0.3311688311688312,1-0-2381-6,ae,UT_016,016,2,fave,77.57709710657157,59.738197498867365,10,understanding,1,0.13000499999998283,"",them,T,N,T,N,internal
771.010271772129,2052.837753372994,3224.6058825586533,3.3834599172999056,3.6044366851668417,4.056029101424496,6051.282051282051,0.001639284479260377,1113.982759165533,0.091,0.33211678832116787,1-0-2388-0,ae,UT_016,016,2,fave,151.79284948046222,54.95823619846823,10,and,1,0.25,"","",#,N,"",N,initial
603.2914253749834,1646.9829718069925,2907.5262949820817,4.128530921916604,2.9670438781691315,4.437862818652327,6051.282051282051,0.0009026094976439528,1115.4807768276644,0.027000000000000003,0.32142857142857145,1-0-2392-0,ae,UT_016,016,2,fave,150.44733153594828,56.60704977600301,10,as,1,0.0599369999999908,them,a,#,Z,M,Z,initial
829.4139612774441,1511.4164189222565,2722.426428408095,3.3747759859060293,3.8605351992741017,4.254602271625189,6051.282051282051,0.0006159915210864952,1117.4527478276643,0.031,0.32978723404255317,1-0-2399-1,ae,UT_016,016,2,fave,76.60079992116279,57.969033204433416,10,have,1,0.0699459999998453,we,all,HH,V,HH,V,internal
915.8801392006951,1609.2028949790915,2997.892615672095,3.4261104438727332,3.4441997011479577,4.310752507428633,6589.74358974359,0.0008517117458386401,1121.987768165533,0.08100000000000002,0.3319672131147542,1-0-2410-1,ae,UT_016,016,2,fave,88.00581343766946,62.528939344759685,10,have,1,0.21997099999998682,we,in,HH,V,HH,V,internal
761.22089921352,1822.1243248213348,2989.2118167908843,3.518771444944416,3.451407433208966,4.049289679946239,6230.7692307692305,0.0004153541113651831,1123.8357598344674,0.057,0.32758620689655177,1-0-2415-6,ae,UT_016,016,2,fave,121.9574692702841,57.33885039930766,10,understanding,1,0.15002399999980298,of,"",T,N,T,N,internal
727.8155466141341,1809.7490196506476,2542.3582502375257,3.431663646704616,3.5574896611097837,4.085507421505529,6410.25641025641,0.002007747051607423,1133.576777834467,0.051000000000000004,0.3311688311688312,1-0-2444-3,ae,UT_016,016,2,fave,NaN,63.72629362860807,10,example,1,0.13000499999998283,for,the,Z,M,Z,M,internal
595.5836413310483,2001.8405405968745,2869.4340859226254,3.736286049059991,3.8632184270875682,4.152997991343278,6230.7692307692305,0.0007826815263141721,1136.7197914965984,0.037000000000000005,0.324561403508772,1-0-2459-0,ae,UT_016,016,2,fave,76.66039055901078,54.142334606705674,10,as,1,0.08996600000000399,a,an,#,Z,eyF,Z,initial
759.257073967627,1836.0014077953763,3034.6433285220937,3.152512457022438,3.7890102195604483,3.536094707951125,6051.282051282051,0.00019335793611184116,1149.9867111723356,0.031,0.32978723404255317,1-0-2514-0,ae,UT_016,016,2,fave,79.68428756579242,60.355147556126106,10,and,1,0.07006899999987581,"",associated,#,N,"",N,initial
621.6567206570869,2021.4213945955698,2845.5404129705653,4.101333676636458,3.799662403670945,3.801332301455968,6051.282051282051,0.0141119039220148,1152.053733165533,0.085,0.3346456692913386,1-0-2520-0,ae,UT_016,016,2,fave,212.87613490932037,53.610631092227834,10,and,1,0.22998099999995247,"","",#,N,"",N,initial
759.3092396346278,1813.248227521684,2800.5508917318675,3.422371812073767,3.4759169971571393,3.906094595229892,6051.282051282051,0.00019039959546389377,1152.55474615873,0.027000000000000003,0.32142857142857145,1-0-2522-0,ae,UT_016,016,2,fave,153.5412304192753,55.40875582027638,10,and,1,0.059936000000107015,"",that,#,N,"",N,initial
732.7680804754444,1740.2060416440702,2895.5834830513154,3.549348589700137,3.5604738227302803,3.3444417228824066,5871.794871794871,0.00013413777762345247,1152.7347111723357,0.027000000000000003,0.32142857142857145,1-0-2523-1,ae,UT_016,016,2,fave,86.15311735051193,51.140146415336645,10,that,1,0.060058999999910156,and,"",DH,T,DH,T,internal
857.2928540838992,1426.831505473112,2805.5840786024164,3.5103165369515406,3.747460391434406,4.0872161118351125,6230.7692307692305,0.001413530385600828,1156.4600071655327,0.087,0.32954545454545453,1-0-2534-1,ae,UT_016,016,2,fave,91.82322613572441,60.48437196606536,10,have,1,0.23999000000003434,"",with,HH,V,HH,V,internal
873.3598855135053,1509.842620747894,2756.296836531218,4.106128203415474,4.492721373960844,4.47123980279707,6051.282051282051,0.0027576095793088403,1160.04201484127,0.031,0.32978723404255317,1-0-2546-0,ae,UT_016,016,2,fave,NaN,53.31198224548312,10,as,1,0.07006799999999203,"",a,#,Z,"",Z,initial
523.3085843788892,1756.3137026744464,2960.948215993822,3.185426254823699,3.0743765892233883,3.6063895996926516,6051.282051282051,7.592800745326568e-6,1179.2155461723357,0.027000000000000003,0.32142857142857145,1-0-2559-1,ae,UT_016,016,2,fave,156.06980460546288,68.57574491236254,10,that,1,0.060058999999910156,"",they,DH,T,DH,T,internal
697.1684207777975,1830.152923861913,2761.2920550171216,3.476754586675729,3.411284796927263,3.905097644365966,6410.25641025641,0.0005187536218137838,1180.810584489796,0.057,0.32758620689655177,1-0-2564-6,ae,UT_016,016,2,fave,80.07066080739065,63.039497044258816,10,understand,1,0.1499029999999948,to,and,T,N,T,N,internal
769.0280780466289,1680.010796267217,2626.6765804963643,2.9331751138075695,3.4849897553063505,4.062513393434964,6230.7692307692305,0.0005311518288688006,1187.1254158412698,0.075,0.33482142857142855,1-0-2581-0,ae,UT_016,016,2,fave,103.17314325948362,61.78699841537755,10,at,1,0.20007400000008602,"","",#,T,"",T,initial
809.2077787194083,1623.1536684837201,2559.371105440645,3.0682352160666264,3.47384589224501,4.2477339188440215,6051.282051282051,0.00021559297024151145,1187.4784175102043,0.040999999999999995,0.33064516129032256,1-0-2583-0,ae,UT_016,016,2,fave,698.9162762194934,64.97037124935166,10,at,1,0.10009700000000521,"","",#,T,"",T,initial
759.5543976486393,2003.084540367011,2681.076880454573,3.13915859603391,3.772611584273437,4.1288523497523215,5871.794871794871,0.001796537114051022,1189.9464835034014,0.057,0.32758620689655177,1-0-2590-0,ae,UT_016,016,2,fave,213.53286935895355,60.02348968592234,10,and,1,0.15002400000003036,"",seeing,#,N,"",N,initial
757.8551298786526,1877.4429869977416,3021.8347985883465,2.9576110572789736,3.8327337406890347,3.957288270766397,6051.282051282051,0.0009490221867687178,1193.9504811655331,0.045,0.3358208955223881,1-0-2599-0,ae,UT_016,016,2,fave,140.0131448998291,61.350467441760806,10,and,1,0.1099859999999353,"",take,#,N,"",N,initial
804.4325872932467,1615.679236319776,2617.083287360688,2.8435896518289314,3.5705888536312296,3.926013411552563,6051.282051282051,0.00012519348455838092,1194.7254118412698,0.035,0.3365384615384616,1-0-2602-1,ae,UT_016,016,2,fave,NaN,64.19588428798659,10,back,1,0.08007799999995768,them,to,B,K,B,K,internal
808.2876752980612,1855.8231162705924,2553.115742535298,3.1490816707558342,3.2454969444089836,4.148342277128718,6051.282051282051,0.0008144562810956672,1201.7984314965986,0.08100000000000002,0.3319672131147542,1-0-2621-6,ae,UT_016,016,2,fave,76.67978688140384,56.45753401375656,10,understand,1,0.21997099999998682,them,and,T,N,T,N,internal
755.2876369881833,1736.3093325151676,2666.8804318132306,3.1552245828642334,3.312691253718194,4.020685557014105,6051.282051282051,0.0003468801426141775,1202.7734338344671,0.051000000000000004,0.3311688311688312,1-0-2624-1,ae,UT_016,016,2,fave,77.43095470321562,56.8739226703634,10,that,1,0.13000499999998283,see,"",DH,T,DH,T,internal
661.8760746248864,1745.2790170209046,3028.1680146348194,2.9759821842048293,3.7325748507235015,3.7589244464435954,6410.25641025641,0.0003354747565296074,1203.8584891587302,0.061000000000000006,0.3315217391304348,1-0-2626-1,ae,UT_016,016,2,fave,81.31050096892075,65.86035731226953,10,that,1,0.15991200000007666,"","",DH,T,DH,T,internal
767.3108316694478,1762.6098039539934,2858.598679140044,2.985973242614531,3.45250722250497,4.2669100635531825,6230.7692307692305,0.00031806263310592736,1204.3485004965985,0.040999999999999995,0.33064516129032256,1-0-2628-1,ae,UT_016,016,2,fave,148.0096840882914,68.88885679318471,10,that,1,0.09997500000008586,"",child,DH,T,DH,T,internal
873.1611123058287,1497.4429287314513,2807.7703126513084,3.566976547046859,3.8142008648105516,4.012990333764769,6051.282051282051,0.000040435197128831116,1205.5214541723356,0.027000000000000003,0.32142857142857145,1-0-2631-1,ae,UT_016,016,2,fave,77.08478301317189,62.92875824230724,10,have,1,0.06005900000013753,doesn't,all,HH,V,HH,V,internal
855.9848069431166,1570.2435464407827,2730.278895433583,3.170837403475261,3.457436894417442,4.017520145456525,6230.7692307692305,0.00047665049495842755,1206.1034778208618,0.051000000000000004,0.3311688311688312,1-0-2634-1,ae,UT_016,016,2,fave,75.16966827930054,63.8105429205749,10,background,1,0.12988300000006348,the,experiences,B,K,B,K,internal
506.1326169238375,1604.245253927427,2999.1720162713154,3.140697200588648,3.487845701580717,3.967845194440338,5871.794871794871,0.001165947438636811,1207.7054854965988,0.035,0.3365384615384616,1-0-2637-0,ae,UT_016,016,2,fave,45.254833995939045,55.58977556176911,10,as,1,0.07995600000003833,that,adults,#,Z,T,Z,initial
787.2604180905996,1720.212360538027,2847.77792911384,3.787797545810745,3.3351230109433727,3.746674541071523,6410.25641025641,0.0011159617865286495,1209.7934351723356,0.11100000000000002,0.3323353293413174,1-0-2642-0,ae,UT_016,016,2,fave,131.61669766894616,60.84967095376118,10,and,1,0.310057999999799,"","",#,N,"",N,initial
757.5869927125157,1824.7024685165723,2647.4638704268814,3.3963442311996483,3.342126530393526,4.120220813280221,6051.282051282051,0.0011282633330519454,1213.1035524965987,0.045,0.3358208955223881,1-0-2652-1,ae,UT_016,016,2,fave,-462900.3832359615,58.04975537595747,10,that,1,0.10998500000005151,see,"",DH,T,DH,T,internal
854.1050707988257,1736.685417808211,2498.881717364285,3.2111741612422966,3.417150784118767,4.092642072582725,6051.282051282051,0.0005967757778920777,1213.8815601587303,0.061000000000000006,0.3315217391304348,1-0-2655-6,ae,UT_016,016,2,fave,80.19327562802036,60.67284717645907,10,understand,1,0.15991199999984929,and,that,T,N,T,N,internal
899.9516086386253,1613.698495640102,2850.7194142104872,3.1236499833665015,3.4723248242255753,3.7460651079640788,6051.282051282051,0.000569600066424233,1214.189499834467,0.097,0.3299319727891156,1-0-2656-1,ae,UT_016,016,2,fave,184.96739079233666,60.276995006716035,10,that,1,0.2700200000001587,understand,"",DH,T,DH,T,internal
805.3077728556228,1816.2773887655721,2705.6081064404257,3.1869538752536255,3.062992585273032,3.8449446131578373,6051.282051282051,0.0007513906264331428,1218.1085638344673,0.055,0.3353658536585366,1-0-2669-6,ae,UT_016,016,2,fave,127.9527006323039,58.368065455393435,10,understanding,1,0.1400140000000647,and,with,T,N,T,N,internal
830.05686461326,1784.311751953251,2577.1063539719717,3.5452930188377523,3.2572302471056434,3.819095613306136,6051.282051282051,0.0017961057669243323,1221.9436004965987,0.125,0.33422459893048123,1-0-2681-0,ae,UT_016,016,2,fave,113.13074344866381,56.69464947565149,10,and,1,0.34997599999996964,"","",#,N,"",N,initial
872.221618358242,1485.7242114102712,2592.573414853734,3.444232136651124,3.79138590048627,4.61740634719866,5692.3076923076915,0.0010694355606149716,1224.5085878344673,0.055,0.33536585365853655,1-0-2688-1,ae,UT_016,016,2,fave,81.3946080397252,54.17158167746957,10,has,1,0.1400149999999485,child,and,HH,Z,HH,Z,internal
948.2577910819804,1575.9616335433252,2811.897938914165,3.5492350474127607,3.5991256097307702,4.024734608728726,6051.282051282051,0.001801789312290991,1227.6985111723357,0.11500000000000002,0.3343023255813954,1-0-2696-1,ae,UT_016,016,2,fave,131.85752655118313,58.19737669254713,10,has,1,0.320067999999992,child,"",HH,Z,HH,Z,internal
798.348356466552,1840.2967745009148,2702.792417035191,3.634316183820469,3.37223043415701,3.641066583672081,6230.7692307692305,0.0002730430742669868,1228.994572165533,0.047,0.3263888888888889,1-0-2703-1,ae,UT_016,016,2,fave,113.1986781687338,59.76705017377217,10,can't,1,0.1199949999997898,you,jump,K,N,K,N,internal
746.0000715278102,1870.213303313195,2912.211594690488,3.5828999078253765,3.3693090639521523,3.746260853378962,6230.7692307692305,0.0004536030119332902,1236.0905224965984,0.07899999999999999,0.3376068376068376,1-0-2722-0,ae,UT_016,016,2,fave,156.22241415874072,60.97674470888215,10,and,1,0.20996100000002116,"",helping,#,N,"",N,initial
832.433201515373,1759.618543861542,2901.8887423751994,3.302985828699758,3.3041618213111215,4.214285369243775,6051.282051282051,0.0001674839956325571,1237.326533834467,0.051000000000000004,0.3311688311688312,1-0-2725-6,ae,UT_016,016,2,fave,110.30855469972843,58.87790892727444,10,understand,1,0.13000499999998283,them,that,T,N,T,N,internal
707.5315027753782,1647.9933240988419,2992.487421264346,3.701692548463394,3.1635689459113054,3.5903389501940213,6051.282051282051,3.902612144512655e-6,1237.5235061723354,0.025,0.33783783783783783,1-0-2726-1,ae,UT_016,016,2,fave,147.60265504303422,57.13789466520065,10,that,1,0.05004900000017187,understand,a,DH,T,DH,T,internal
845.2917749957205,1718.5061425735134,2941.1788308480072,3.223872635532487,3.760819097742878,4.614989289946781,6589.74358974359,0.00028651141660295643,1253.5494091723356,0.027000000000000003,0.32142857142857145,1-0-2742-0,ae,UT_016,016,2,fave,115.07143928738884,69.74402187927367,10,and,1,0.06005800000002637,"",also,#,N,"",N,initial
810.8700619105243,1714.8582510774731,2856.7649011134263,3.1820722895627256,3.087761499840364,3.8245118627440124,6230.7692307692305,0.00036260990101821334,1261.0744338412699,0.037,0.32456140350877194,1-0-2766-0,ae,UT_016,016,2,fave,-299.96939524217544,57.95823660645017,10,and,1,0.09008799999992334,"",things,#,N,"",N,initial
825.4166737100663,1676.1233516394714,2740.2111360830586,3.2714874134952816,3.782342119875515,4.443217267618821,5871.794871794871,0.0019330046342611173,1261.6644664897958,0.057,0.32758620689655177,1-0-2769-1,ae,UT_016,016,2,fave,NaN,56.83531803569856,10,that,1,0.1499029999999948,like,and,DH,T,DH,T,internal
760.2524177675389,1787.310197031189,2697.786792596031,3.219539141389895,3.1855501272304565,3.358470839285337,6230.7692307692305,0.00015308656905397186,1261.9144934965984,0.037000000000000005,0.324561403508772,1-0-2770-0,ae,UT_016,016,2,fave,137.92174777755332,58.782808668306785,10,and,1,0.08996600000000399,that,modeling,#,N,T,N,initial
782.1310263166383,1666.2843412241232,2693.400906785544,3.9472561006228104,3.5613286375948108,4.093988896954835,5871.794871794871,0.0023435553635266643,1268.5406471723356,0.07100000000000001,0.33177570093457953,1-0-2791-1,ae,UT_016,016,2,fave,131.75645936881432,51.553217590262705,10,that,1,0.1900630000000092,like,"",DH,T,DH,T,internal
714.28232973854,1622.6813939580536,3078.0067833846674,3.989877689900996,3.855884512101382,4.22680924304215,5692.3076923076915,0.001235735091639774,1333.4356168412696,0.035,0.33653846153846156,1-0-2828-0,ae,UT_016,016,2,fave,76.8169902894294,57.23631669237586,10,as,1,0.08007799999995768,em,i,#,Z,M,Z,initial
910.2768663315069,1666.2434074894786,3013.1322874261386,3.4943965365385243,3.7161596051240724,4.486591454020354,5871.794871794871,0.0032307935706700425,1355.30567915873,0.065,0.3350515463917526,1-0-2846-1,ae,UT_016,016,2,fave,77.37448417812618,62.28730642723854,10,ladder,1,0.16992200000004232,a,in,L,D,L,D,internal
869.1009042081236,1524.2508259963126,2818.3457922405833,3.446163901452374,3.516359756583032,4.165517968293072,6051.282051282051,0.0032816146813026133,1356.1136445034012,0.061000000000000006,0.33152173913043487,1-0-2849-2,ae,UT_016,016,2,fave,NaN,51.10863459004716,10,class,1,0.160033999999996,our,"",L,S,L,S,internal
823.4937922217287,1948.2767135752326,3169.246339359983,3.2238655856330194,3.6666689029081447,4.47235290772996,6589.74358974359,0.002089635332310056,1357.1336635034013,0.061000000000000006,0.3315217391304348,1-0-2852-1,ae,UT_016,016,2,fave,87.77631166546523,62.94543137138556,10,man,1,0.160033999999996,the,found,M,N,M,N,internal
834.7389535006077,1678.0854797434408,2626.799887163105,3.1338984500216793,3.2455157449066174,4.267851454494738,6051.282051282051,0.0003531277439708268,1360.8116225102042,0.037000000000000005,0.324561403508772,1-0-2864-1,ae,UT_016,016,2,fave,87.66608808327861,64.78615720697663,10,had,1,0.09008800000015071,war,battles,HH,D,HH,D,internal
872.8686850006557,1656.4332992373174,3093.526668271229,3.1913438228498774,3.78497929454699,4.781692327011229,6410.25641025641,0.0032489618266581368,1361.06568915873,0.065,0.3350515463917526,1-0-2865-1,ae,UT_016,016,2,fave,86.00643629399683,62.73063145140592,10,battles,1,0.16992200000004232,had,in,B,T,B,T,internal
595.491822289785,1775.904940652561,2939.465350218172,2.762580373958968,3.099934995125182,3.4877050095902113,6051.282051282051,0.000024227906915303124,1369.7886848276642,0.031,0.32978723404255317,1-0-2892-0,ae,UT_016,016,2,fave,361.37826488456545,65.98288323960068,10,at,1,0.06994700000018383,stood,the,#,T,D,T,initial
907.0177182506908,1567.6399049576696,2379.7324581058283,3.3035524182782248,3.656588211058515,4.534360522717053,6410.25641025641,0.001069012489595222,1375.7136195034013,0.061000000000000006,0.33152173913043487,1-0-2908-2,ae,UT_016,016,2,fave,178.91735452645233,73.4437393498113,10,crashed,1,0.16003500000010717,i,into,R,SH,R,SH,internal
888.2991452319179,1672.5786839697712,2570.5306413672947,3.162675874228858,3.23142319982185,4.185929532296873,6051.282051282051,0.00011504134214299335,1379.3456174965986,0.045,0.3358208955223881,1-0-2920-1,ae,UT_016,016,2,fave,176.75934782648204,67.97849153013905,10,had,1,0.10998500000005151,sweater,lovely,HH,D,HH,D,internal
977.4310153214612,1702.8883937508256,3634.6304231454933,3.37135118192651,3.750029057207425,5.136871323574618,7487.179487179487,0.003910833336852764,1382.6525375034014,0.057,0.3275862068965517,1-0-2927-1,ae,UT_016,016,2,fave,115.13291078331416,71.60078031923784,10,cat,1,0.15002499999991414,my,feeds,K,T,K,T,internal
804.5347388542189,1662.9398605641697,2646.6299683852803,2.9508597399541716,3.555546999505499,4.320979990383779,6769.2307692307695,0.00030316329399394373,1388.8902078344672,0.047,0.3263888888888889,1-0-2943-1,ae,UT_016,016,2,fave,170.17508539496666,72.34736878549619,10,rather,1,0.11999500000001717,"",than,R,DH,R,DH,internal
759.6067475314125,1749.2277554539921,3006.991715908786,3.326625844710357,3.3527147843116953,4.23915283122882,6051.282051282051,0.00037348222398244263,1389.207270165533,0.040999999999999995,0.33064516129032256,1-0-2944-1,ae,UT_016,016,2,fave,81.49905428277427,60.78990242920387,10,than,1,0.09997599999996964,rather,wool,DH,N,DH,N,internal
893.0907945728794,1692.2972957990848,2581.0844786974894,3.463999510821052,3.842094820575161,4.382666171378654,6051.282051282051,0.002855798612818483,1396.7222858344671,0.051000000000000004,0.3311688311688312,1-0-2968-1,ae,UT_016,016,2,fave,86.22769341371678,64.29925062380883,10,cabinet,1,0.13000499999998283,car,"",K,B,K,B,internal
773.2175551782983,2083.8476763785025,2790.308075136058,3.372333987496476,3.0319934392148955,3.891755577484415,6410.25641025641,0.000281752746918162,1402.2252644965986,0.07700000000000001,0.3290598290598291,1-0-2981-1,ae,UT_016,016,2,fave,203.38332992451544,67.43878707391077,10,man,1,0.20996100000002116,the,"",M,N,M,N,internal
610.5690671759133,2215.7670009458143,2839.4480758877726,3.7974825134174504,3.3969567874253364,3.809310612354694,6051.282051282051,0.0004078237171749737,1405.289226165533,0.045,0.3358208955223881,1-0-2991-1,ae,UT_016,016,2,fave,80.93061563962318,59.93997765278471,10,pant,1,0.10998600000016268,his,"",P,N,P,N,internal
586.619809865993,2211.7310050332785,2895.689830920246,3.6722628770799557,3.423573920805539,3.6462113300303276,6230.7692307692305,0.00048294144818703856,1406.2822488412698,0.031,0.32978723404255317,1-0-2995-1,ae,UT_016,016,2,fave,NaN,54.044495929871424,10,pants,1,0.07006900000010319,his,"",P,N,P,N,internal
890.4768112960743,1437.1308315327826,2728.9327120783123,3.318823663998987,3.494349784024877,4.18773143000255,6051.282051282051,0.00022011357692248496,1411.6184805034013,0.057,0.32758620689655177,1-0-3007-3,ae,UT_016,016,2,fave,85.68257038915159,67.65074573682627,10,splashed,1,0.15002400000003036,water,in,L,SH,L,SH,internal
735.5306843624193,2056.0412416433137,2870.8583312026026,3.254301520147568,3.534127653886902,3.9497117223703846,6230.7692307692305,0.00044620101576185397,1435.8174058344673,0.095,0.33450704225352107,1-0-3070-1,ae,UT_016,016,2,fave,97.56519570456412,64.12544599083434,10,man,1,0.26000999999996566,the,lost,M,N,M,N,internal
738.8794702635929,1838.032523122226,2851.2548561793737,3.4816063810686866,3.168020276642886,4.015321721022076,6230.7692307692305,0.0001322354913345198,1439.6168161655328,0.04100000000000001,0.3306451612903227,1-0-3080-2,ae,UT_016,016,2,fave,85.96776055030521,60.41888193356904,10,planted,1,0.09997599999996964,gardener,shells,L,N,L,N,internal
789.3643260337325,1696.666386124111,2588.444662787238,3.1140616842740134,3.684250477636245,4.677714499132607,6051.282051282051,0.0005998041243955088,1442.9810741655328,0.040999999999999995,0.33064516129032256,1-0-3087-1,ae,UT_016,016,2,fave,86.68710044814817,61.607460587628495,10,has,1,0.09997599999996964,texas,many,HH,Z,HH,Z,internal
853.812546115517,1944.334047256543,2702.5623619977096,3.627792904440406,3.7238811725891114,4.365587270239347,6410.25641025641,0.0020550657615293335,1450.4980898344672,0.055,0.3353658536585366,1-0-3107-1,ae,UT_016,016,2,fave,96.98640433150773,62.05481636119097,10,hammered,1,0.1400149999999485,carpenter,the,HH,M,HH,M,internal
892.1985795297716,1843.4126094656224,2491.28187161892,3.268715107259981,3.5028263950046945,4.517611602376234,6230.7692307692305,0.00021119164912579354,1453.1210834965984,0.040999999999999995,0.33064516129032256,1-0-3113-3,ae,UT_016,016,2,fave,101.57424640843251,63.43435229721727,10,mechanic,1,0.09997500000008586,the,found,K,N,K,N,internal
739.5327868454302,2110.872838244943,2575.696855469585,3.7683493933403223,3.694208835690993,4.431286065970328,6051.282051282051,0.002270501119835546,1459.370093834467,0.091,0.3321167883211679,1-0-3131-2,ae,UT_016,016,2,fave,229.38440980225394,59.08401319068139,10,snacks,1,0.25,with,"",N,K,N,K,internal
806.3329017725089,1885.8995750355102,2715.518024870182,3.5160678542095183,3.319728308866905,4.288121673365136,6051.282051282051,0.000434144881427479,1460.0151321655328,0.040999999999999995,0.33064516129032256,1-0-3133-0,ae,UT_016,016,2,fave,82.93178782940046,57.446433066438296,10,and,1,0.09997500000008586,"",a,#,N,"",N,initial
858.7415047908453,1646.9738102734436,2365.6647387450566,3.093172215754702,3.6430566371951016,5.072989396169664,5871.794871794871,0.0032078954824638238,1462.8360478276643,0.031,0.32978723404255317,1-0-3141-1,ae,UT_016,016,2,fave,89.50619627427405,66.36235476055379,10,had,1,0.06994699999995646,book,a,HH,D,HH,D,internal
838.220566153839,1515.424133575848,2484.9890837696576,2.9472762710053253,3.9685586111325177,5.045923232434838,5512.820512820513,0.0014328345874095336,1468.1404974965985,0.031,0.32978723404255317,1-0-3158-0,ae,UT_016,016,2,fave,NaN,58.94870103492403,10,at,1,0.06994600000007267,"",the,#,T,"",T,initial
860.8825949845206,1433.1760421553465,2648.990955516318,3.3638768010229576,3.666007348252124,4.522539795068604,6051.282051282051,0.0010808376736545257,1477.1633968344672,0.057,0.32758620689655177,1-0-3182-1,ae,UT_016,016,2,fave,2121.5880549465874,59.30520830596896,10,last,1,0.15002400000003036,since,year,L,S,L,S,internal
707.6799227002773,2153.128331178837,2880.163849489583,3.2183618465296226,3.2112050627765405,4.186066083916848,6410.25641025641,0.0002850477035172383,1478.8824684965987,0.075,0.33482142857142855,1-0-3186-1,ae,UT_016,016,2,fave,192.76284836381683,67.62372217580273,10,man,1,0.1999510000000555,the,watches,M,N,M,N,internal
827.4831731186052,1637.7793468405155,2711.1760829818254,3.29339450709464,3.2730600676567776,4.264448750908353,6051.282051282051,0.0003189393093897549,1480.6424988344672,0.055,0.3353658536585366,1-0-3191-1,ae,UT_016,016,2,fave,166.8265931211226,62.92609729060031,10,latin,1,0.1400149999999485,about,on,L,T,L,T,internal
797.0908934885709,1410.3618349657563,3203.8913038296932,3.310295057777886,3.7585238307494624,5.338257621741901,6769.2307692307695,0.010852388452098622,1486.7304591655327,0.051000000000000004,0.3311688311688312,1-0-3204-1,ae,UT_016,016,2,fave,160.12773177509192,64.18146589562492,10,last,1,0.13000499999998283,rails,friday,L,S,L,S,internal
777.8705101959706,2049.508466197038,2853.9838730942533,3.1677822983519137,3.241642292342725,4.0220771607846055,6410.25641025641,0.0001769177358101977,1495.2688898276645,0.07100000000000001,0.33177570093457953,1-0-3227-1,ae,UT_016,016,2,fave,213.40823134787553,67.4987493813694,10,man,1,0.18994199999997363,the,learned,M,N,M,N,internal
842.5412646870599,1804.9215245840633,2687.973700091808,3.7322441488543436,3.2130258019263302,4.292835982286,6051.282051282051,0.000541425106825855,1497.1438891587302,0.061000000000000006,0.3315217391304348,1-0-3233-0,ae,UT_016,016,2,fave,159.34873953566986,57.8826030798373,10,africa,1,0.15991200000007666,in,"",#,F,N,F,initial
903.2869156469011,1601.115872044324,2535.191081573797,3.3592156855461894,3.48103454866994,4.489632681137107,6051.282051282051,0.00015654507737320847,1499.9018055034014,0.057,0.32758620689655177,1-0-3239-1,ae,UT_016,016,2,fave,132.84353298220995,67.29281159400125,10,ladder,1,0.15002400000003036,a,"",L,D,L,D,internal
958.8947201987053,1497.7914652937209,2740.70731876402,3.721898548037057,3.8644041335959938,4.504030865923809,5871.794871794871,0.0032464907181808857,1501.2158635034016,0.065,0.33505154639175255,1-0-3243-2,ae,UT_016,016,2,fave,103.03271329822029,60.811331653568516,10,class,1,0.17004399999996167,our,"",L,S,L,S,internal
757.6347523670288,1984.6069963492087,2985.452937633672,3.102316124272607,3.350165720815624,3.8674878743436545,6410.25641025641,0.00008491274271359976,1502.3958891587301,0.065,0.3350515463917526,1-0-3246-1,ae,UT_016,016,2,fave,188.60226965432113,68.49799030375226,10,man,1,0.16992200000004232,the,found,M,N,M,N,internal
564.3819682119054,2046.0381462852795,2884.004471999003,3.273395205605246,3.462516878886579,4.119735963403381,6051.282051282051,0.003569953291135845,1506.9308218276644,0.035,0.3365384615384616,1-0-3261-1,ae,UT_016,016,2,fave,265.9302732648115,55.41943231740581,10,jam,1,0.07995600000003833,with,"",JH,M,JH,M,internal
815.9642878990002,1558.5813594238384,2555.030125087149,3.2656957870379744,3.685752005638342,4.121222418907386,5871.794871794871,0.005806435979740302,132.1585538344671,0.14900000000000002,0.2058011049723757,1-0-103-0,ay,UT_016,016,2,fave,150.50109071477772,53.40503646884765,10,i,1,0.6999969999999962,"","",#,#,"","",coextensive
703.7782367171142,1794.396629401905,2467.7674854692314,3.1618727680260488,3.8533358508222046,4.2825722151222925,6051.282051282051,0.002899710883624822,135.67795116553287,0.069,0.26136363636363635,1-0-116-0,ay,UT_016,016,2,fave,85.7666117205614,51.12072177847854,10,i,1,0.23999000000000592,"","",#,#,"","",coextensive
487.31266116573244,1880.07115866582,2999.6384279530566,3.9830991415743413,3.947290193521104,4.347182241297734,6230.7692307692305,0.004994192097652338,141.60595883446712,0.045000000000000005,0.5357142857142857,1-0-133-1,ay,UT_016,016,2,fave,166.5467363859512,48.76968568659901,10,my,1,0.05999800000000732,is,fourteenth,M,#,M,F,final
882.5977633575125,1501.6094820768253,2833.5007540363813,3.044981557489681,3.7537186278994956,4.090538641857238,6230.7692307692305,0.006816062204095776,143.92325416553288,0.025,0.02620545073375262,1-0-138-0,ay,UT_016,016,2,fave,156.67807338693694,53.2168066180929,10,i,1,0.9299929999999961,"","",#,#,"","",coextensive
751.4761796734421,1958.1278604138968,2963.810732951393,3.94386309223543,3.8728157290650507,4.67203434865183,6230.7692307692305,0.0006507006702677295,145.26325683446714,0.025,0.24038461538461536,1-0-141-1,ay,UT_016,016,2,fave,173.95666230738803,54.249769224369864,10,my,1,0.08000099999998156,teach,little,M,#,M,L,final
685.6856880952791,1810.7576530059425,2671.2281363438938,3.603633917989255,3.8210726658511245,3.9042409577266444,6230.7692307692305,0.00016403349003921906,152.33024816553285,0.039,0.4148936170212766,1-0-159-1,ay,UT_016,016,2,fave,181.08264859606106,52.204940361321896,10,my,1,0.06999200000001338,of,tasks,M,#,M,T,final
817.6797903683646,1738.650211880367,2791.0509617722787,3.654779702378348,3.730220077981318,3.989349807349704,6230.7692307692305,0.0005603372291174743,171.9012511655329,0.025,0.20161290322580647,1-0-173-1,ay,UT_016,016,2,fave,178.7032287706598,56.19013576306376,10,my,1,0.09999099999998862,[bracketed],greatest,M,#,M,G,final
897.3512824844297,1560.8683599735198,2933.200395753595,3.4448045735985633,3.248791277269137,4.4432753836035035,6051.282051282051,0.00037587774860772604,175.70125416553287,0.025,0.21929824561403513,1-0-183-0,ay,UT_016,016,2,fave,73.3258401721143,50.897477780312286,10,i,1,0.08999600000001351,"",love,#,#,"",L,coextensive
591.6297079212175,1782.6425171095902,2927.7969142989195,3.4086065471057836,4.253591241431844,4.274085135372847,6230.7692307692305,0.0005898113150885417,176.17124583446713,0.025,0.24038461538461536,1-0-185-1,ay,UT_016,016,2,fave,88.94556751627286,54.55964719148625,10,my,1,0.08000200000000746,love,children,M,#,M,CH,final
773.1324072854677,1802.9802428103708,2952.455108915284,3.900267650780546,3.8955989183648443,4.309435335622994,6051.282051282051,0.0012852622890408383,176.92924616553287,0.061,0.5350877192982456,1-0-188-0,ay,UT_016,016,2,fave,161.67521865830903,50.3201495521515,10,i'm,1,0.08999600000001351,and,"",#,M,D,M,initial
689.5627355941466,1674.4159025863526,3074.023605798803,3.222793912379588,3.7656574028973444,4.674012261559651,6230.7692307692305,0.0004925015325664946,177.9002468344671,0.043,0.34677419354838707,1-0-193-0,ay,UT_016,016,2,fave,169.72796757527885,52.68576219151659,10,i,1,0.10000600000000759,that,was,#,#,T,W,coextensive
539.2481751141881,1996.7838715922853,2665.5035006417247,3.563791301563123,3.946185397721656,3.9860591628099273,6230.7692307692305,0.0007059778035017892,183.08724916553288,0.057,0.45967741935483875,1-0-209-1,ay,UT_016,016,2,fave,182.80377475652236,52.90299941957509,10,my,1,0.09999099999998862,finishing,degree,M,#,M,D,final
782.8913123890941,1458.2998767208119,3474.5010458621614,3.1508727382454715,3.7968436328737605,4.751853896240236,6230.7692307692305,0.0006159712179144413,183.8832481655329,0.089,0.7807017543859649,1-0-212-2,ay,UT_016,016,2,fave,83.0716177796438,54.61603812964957,10,while,1,0.08999599999998509,"","",W,L,W,L,internal
806.8619951668326,1497.2104208105134,2653.7437758274045,3.2353759625177085,3.8849035894767106,4.700978220432667,5871.794871794871,0.0027303229464489456,184.1382521655329,0.059000000000000004,0.3041237113402062,1-0-214-0,ay,UT_016,016,2,fave,111.88250551980043,52.059663620517306,10,i,1,0.16999799999999254,"",was,#,#,"",W,coextensive
318.74559252901855,2025.7667211655964,2640.2445517018227,3.0460662377652086,4.22638110540635,4.37432448332484,6051.282051282051,0.00031133630007437437,185.3062501655329,0.055,0.5851063829787234,1-0-218-1,ay,UT_016,016,2,fave,170.39684110715135,46.99769707466943,10,my,1,0.06999200000001338,raising,children,M,#,M,CH,final
768.9921994702805,1667.9788354818286,2843.8101825325693,3.732193958217211,3.842339419354584,4.350504118591455,6230.7692307692305,0.00003996939796082458,196.0523451655329,0.029,0.39189189189189183,1-0-235-1,ay,UT_016,016,2,fave,173.9906182655012,58.63775536721752,10,my,1,0.050003000000003794,children,youngest,M,#,M,Y,final
844.6370051226506,1603.1498407740112,2779.1735943624576,3.256188313610748,3.6695946460034485,4.226871751056489,6230.7692307692305,0.00726132297349706,199.3481501655329,0.025,0.04960317460317461,1-0-244-0,ay,UT_016,016,2,fave,142.75630152110972,55.10370088806261,10,i,1,0.47999599999999987,"","",#,#,"","",coextensive
666.7460135862942,1644.1420341191538,2710.855886958243,3.2781528171895453,3.9271149005990074,4.050312775619642,6051.282051282051,0.0005096907789086753,203.6271391655329,0.043,0.34677419354838707,1-0-258-0,ay,UT_016,016,2,fave,152.63254091237317,55.04171015406075,10,i,1,0.10000700000000506,so,could,#,#,owF,K,coextensive
812.9269028717152,1678.3422963752682,2532.6455310002734,3.63301495193573,3.658296912643605,4.2262169260527225,6230.7692307692305,0.0026324841611140024,213.43415316553285,0.097,0.5271739130434784,1-0-288-0,ay,UT_016,016,2,fave,177.37279281474838,50.49509928902449,10,i,1,0.15998900000002436,"",would,#,#,"",W,coextensive
722.3065162619175,1693.1659776129775,2644.8354697810178,3.2166778463203327,3.4090344457558106,4.364555158600054,6051.282051282051,0.0004299410814717423,214.67414816553287,0.057,0.5000000000000001,1-0-295-0,ay,UT_016,016,2,fave,826.1869690083316,52.760303592193885,10,i,1,0.08999600000001351,"",went,#,#,"",W,coextensive
727.2908429141504,1719.9657430244583,2488.028211187161,3.079720120425291,3.676774543931373,4.023245286366882,6589.74358974359,0.0009059040546817447,224.25605216553288,0.037000000000000005,0.2761194029850747,1-0-314-2,ay,UT_016,016,2,fave,115.68664600075158,64.57975909175521,10,drive,1,0.11000000000001364,"",down,R,V,R,V,internal
672.4479307964514,1657.4479917356261,2175.4213017311886,3.559879878023333,3.67500319610715,4.084350957915091,6410.25641025641,0.00024771490800711113,230.0906431655329,0.025,0.21929824561403513,1-0-324-2,ay,UT_016,016,2,fave,150.65269795825898,56.84362193685957,10,drive,1,0.08999599999998509,would,us,R,V,R,V,internal
739.0371790904429,1705.453867213746,2381.4850427351744,3.5710373021676984,3.6745188140564613,3.9946744859226473,6230.7692307692305,0.0010854238296571393,232.13765783446715,0.039,0.29104477611940305,1-0-332-2,ay,UT_016,016,2,fave,80.2504126442551,51.37938042184091,10,drive,1,0.10999999999998522,would,down,R,V,R,V,internal
799.7380979575903,1720.7630861438222,2828.444285555054,3.478464947840649,3.8468498899743695,4.332981307859967,6589.74358974359,0.0002685123479069413,233.3366491655329,0.037000000000000005,0.2983870967741936,1-0-335-0,ay,UT_016,016,2,fave,81.8341582057596,57.15193753564198,10,i,1,0.09998999999999114,"",would,#,#,"",W,coextensive
887.7362059793655,1420.0587003724766,2816.96713675986,3.602094190761399,3.9345294156375306,4.075831495996848,6051.282051282051,0.0007048976404358551,234.7126448344671,0.089,0.6180555555555556,1-0-340-1,ay,UT_016,016,2,fave,160.9400159408583,52.487853629208345,10,while,1,0.1200110000000052,and,i,W,L,W,L,internal
842.7829527266588,1355.7695574164402,2794.835482120775,3.441925804670991,3.515980021380969,3.8955288208344965,6051.282051282051,0.00012496396095090825,234.83065483446714,0.025,0.24038461538461536,1-0-341-0,ay,UT_016,016,2,fave,160.45997981390573,52.1066178748529,10,i,1,0.08000100000000998,while,attended,#,#,L,@,coextensive
831.681583433961,1654.241533149518,2838.139535675314,4.082127940730068,3.8216121909613747,4.249488491440471,6230.7692307692305,0.000754003776159609,244.78265116553288,0.049,0.3951612903225807,1-0-375-0,ay,UT_016,016,2,fave,166.73572907074856,52.807753007961736,10,i,1,0.09999100000001704,while,was,#,#,L,W,coextensive
762.2208486530556,1546.4944668842656,3011.9941003251383,3.31455267121358,3.6330012412922645,4.556847102874471,6230.7692307692305,0.0017822711414868793,251.03765183446714,0.03900000000000001,0.19117647058823534,1-0-391-1,ay,UT_016,016,2,fave,151.52946575854975,57.617181709868014,10,times,1,0.18000699999998915,couple,"",T,M,T,M,internal
692.652024239067,1828.4709302364267,2890.177321575267,3.3897586263716444,3.683643201569496,4.718928511411141,6230.7692307692305,0.00189234227074106,251.45042421088436,0.025,0.16447368421052633,1-0-393-0,ay,UT_016,016,2,fave,78.48225230703851,52.626532755085876,10,i,1,0.12710500000000025,"","",#,#,"","",coextensive
801.4023882595698,1688.2329708463385,2558.22127145025,3.810490075877823,3.870452580933482,4.2456571668316965,6230.7692307692305,0.0012464901921902577,254.6177431655329,0.025,0.2976190476190476,1-0-404-0,ay,UT_016,016,2,fave,NaN,58.06853048836471,10,i,1,0.05999700000000985,"",got,#,#,"",G,coextensive
855.2314166662246,1355.5574908081744,2999.4200037827263,3.2981630760776635,3.957509708523703,4.710925591096768,5692.3076923076915,0.002192691150844625,258.0617468344671,0.07300000000000001,0.5887096774193549,1-0-415-2,ay,UT_016,016,2,fave,84.40285958617218,61.68147531157921,10,while,1,0.10000600000000759,"",i,W,L,W,L,internal
828.0665689794617,1456.0443098531696,2919.0421687668086,3.3959499186947504,3.673009357975232,4.228570129015965,5512.820512820513,0.00163467549133871,258.18475183446714,0.059000000000000004,0.3041237113402062,1-0-416-0,ay,UT_016,016,2,fave,80.98621020124584,57.112946759271175,10,i,1,0.17001300000003994,while,was,#,#,L,W,coextensive
778.1030376538589,1818.4700398602342,3164.341680281977,3.4190415649818964,3.9070738537270895,4.346066090388905,6230.7692307692305,0.0020707450310079936,260.85275349659867,0.05500000000000001,0.3571428571428572,1-0-423-0,ay,UT_016,016,2,fave,149.4574443336049,57.330716103180194,10,i,1,0.12997500000000173,that,could,#,#,T,K,coextensive
802.705743222971,1730.8338327522408,2884.0110980147883,4.099051842820323,3.554482678591023,3.6279656669011096,6230.7692307692305,0.0003016796173236364,263.38274283446714,0.035,0.33653846153846156,1-0-434-0,ay,UT_016,016,2,fave,81.70562298553156,59.46659258697456,10,i,1,0.080016999999998,then,was,#,#,N,W,coextensive
755.995875973794,1886.2342093568093,3031.883776745709,4.073364241340518,3.8518541787023586,3.498943712236888,6051.282051282051,0.00028731775209207025,266.9917531655329,0.033,0.39285714285714285,1-0-449-1,ay,UT_016,016,2,fave,175.93786658727467,52.06000566462639,10,time,1,0.05999800000000732,the,"",T,M,T,M,internal
692.6231415635099,1647.2558564808894,2687.227270193554,3.257668368688394,3.3629207619956283,4.284458239267696,6051.282051282051,0.0001978664246273605,276.6207481655329,0.051000000000000004,0.38059701492537323,1-0-464-0,ay,UT_016,016,2,fave,166.07542796669867,62.63410158746453,10,i,1,0.10998599999999215,because,already,#,#,Z,owr,coextensive
741.6622473669713,1645.6936945676607,2805.6456438417777,3.824721449042629,3.7966176072109006,4.311092605112728,6230.7692307692305,0.0009291423353964055,277.2477378344671,0.025,0.24038461538461536,1-0-467-1,ay,UT_016,016,2,fave,79.12844632616117,53.90764149115554,10,my,1,0.080016999999998,had,bachelor's,M,#,M,B,final
488.52692567634426,2238.5343185913034,2993.5614074604646,3.7756369628786164,4.000065221349416,4.2730130636777215,6051.282051282051,0.013235023115998031,279.26975616553284,0.20900000000000002,0.8931623931623932,1-0-476-1,ay,UT_016,016,2,fave,153.8325696334164,50.741563552948726,10,my,1,0.20999100000000226,bachelor's,"",M,#,M,"",final
738.9369419062523,1916.7470714193341,2601.1043699019533,4.076621569719816,3.7895836826965956,4.392926917335147,5153.846153846154,0.00453630154272543,281.6997408344671,0.049,0.5212765957446809,1-0-485-1,ay,UT_016,016,2,fave,173.4739754154144,51.08103620512981,10,my,1,0.07000700000003235,getting,bachelor's,M,#,M,B,final
775.5310587718803,1507.1855420374698,2837.9143758322225,3.707614619320957,3.5155466203062042,4.247443319376583,5692.3076923076915,0.00007218308321739425,317.6057398344671,0.025,0.26595744680851063,1-0-497-1,ay,UT_016,016,2,fave,178.06448819660102,65.84722862821316,10,my,1,0.07000700000003235,so,mother's,M,#,M,M,final
768.0639296581318,1793.6144917103834,2315.5132640171587,3.448712446197404,3.7877062012257454,4.90021081501062,5871.794871794871,0.005925105450739692,319.17574683446713,0.025,0.18656716417910452,1-0-502-1,ay,UT_016,016,2,fave,77.90200966042339,59.08673368636769,10,pie,1,0.11001599999997325,exceptional,maker,P,#,P,M,final
900.4764215236485,1392.4205572815727,2352.3319729211753,3.389663495903772,3.5692231773409384,4.588649287982222,5871.794871794871,0.0006739943909687642,326.2300588344672,0.045000000000000005,0.47872340425531923,1-0-523-1,ay,UT_016,016,2,fave,NaN,61.723588503902725,10,pies,1,0.0700069999999755,her,"",P,Z,P,Z,internal
934.4931060701147,1624.4378041465345,2584.8304743806843,3.3754308748098714,3.534879819479033,4.152228387088648,6230.7692307692305,0.0007935352226962665,327.3950538344671,0.135,0.6026785714285715,1-0-527-0,ay,UT_016,016,2,fave,82.59871515653734,64.40456455724288,10,i,1,0.20001200000001518,"",and,#,#,"",@,coextensive
921.932687794067,1608.0554596008342,2554.6316642965526,3.27984343853993,3.806155961485633,4.082722733823681,6051.282051282051,0.04333992034971905,329.48605283446716,0.257,0.4812734082397004,1-0-530-0,ay,UT_016,016,2,fave,150.08460446058373,66.41677046744,10,i,1,0.5100099999999657,"","",#,#,"","",coextensive
826.3116233902615,1535.7114685958445,2415.594143049447,3.3574602851230404,3.3042629870812035,3.9604509785052757,6230.7692307692305,0.00023111412896053727,331.7480478344671,0.040999999999999995,0.2662337662337662,1-0-540-0,ay,UT_016,016,2,fave,114.35147065047536,67.32547979793691,10,i,1,0.13000499999998283,"",just,#,#,"",JH,coextensive
704.4697508491754,1874.0874111413198,2641.426261020745,3.160045089324299,3.7711210272590496,3.8849274776394536,6051.282051282051,0.0015408846109482522,333.18004416553293,0.025,0.10683760683760683,1-0-547-1,ay,UT_016,016,2,fave,135.7859337026593,56.3803696012907,10,pies,1,0.20999199999999973,at,"",P,Z,P,Z,internal
774.9292107975084,1776.1735619852707,2865.2150613464128,3.654125911537955,3.2941306791698612,4.381584228185864,6230.7692307692305,0.0004677634825722024,335.1177581655329,0.025,0.24038461538461545,1-0-553-1,ay,UT_016,016,2,fave,80.15027623525339,61.83543353466817,10,time,1,0.0799870000000169,one,i,T,M,T,M,internal
736.2741786672354,1540.4242224280028,3079.7708458962197,3.559660697841382,3.952975563384087,4.560022327631194,6410.25641025641,0.00670482522221965,335.2577478344671,0.025,0.0984251968503937,1-0-554-0,ay,UT_016,016,2,fave,78.43232026365082,57.1075733820214,10,i,1,0.23001099999999042,time,"",#,#,M,"",coextensive
855.5558919918452,1531.455156142526,2599.690232668073,3.3259504098816937,3.8447971996849972,3.9870343892777997,5333.333333333333,0.00818872466303977,336.2077541655329,0.025,0.057603686635944694,1-0-559-1,ay,UT_016,016,2,fave,158.97573876337856,55.72276201872901,10,pie,1,0.4100040000000149,a,"",P,#,P,"",final
735.6560743365823,1743.8275307176837,2720.328236811717,3.7640383844220757,3.344388524709325,3.8072900003236754,6230.7692307692305,0.00013102057000186326,337.16174183446714,0.033,0.3173076923076923,1-0-563-1,ay,UT_016,016,2,fave,81.95985238153528,61.048433507320276,10,finally,1,0.080016999999998,it,worked,F,N,F,N,internal
840.8790833787907,1685.330070827398,2983.526897366386,3.2070736780539293,3.365966995611763,4.086143561790418,6051.282051282051,0.0017225025015237074,357.3077544965986,0.025,0.11682242990654208,1-0-597-0,ay,UT_016,016,2,fave,144.07580171267153,65.50228186615506,10,i,1,0.18997200000001158,and,"",#,#,D,"",coextensive
696.4674571863695,1853.091077791375,2597.8391547049364,3.1679525460200475,3.3344764008429166,3.804277217708939,6589.74358974359,0.00011071599237616087,357.5377468344671,0.025,0.24038461538461536,1-0-599-0,ay,UT_016,016,2,fave,111.26718229837124,61.45883759584392,10,i,1,0.080016999999998,"",just,#,#,"",JH,coextensive
718.0425963952941,1746.981754271201,2831.919287923256,3.6116754456905316,3.2934278032283077,4.479021828614993,6230.7692307692305,0.0006166211299858847,358.0367621655329,0.043000000000000003,0.3771929824561404,1-0-601-0,ay,UT_016,016,2,fave,NaN,58.838172343515126,10,i,1,0.08999599999998509,just,don't,#,#,T,D,coextensive
811.35609577207,1721.1872432118398,2934.7650650122464,3.5725232860270086,3.6932165351891464,4.072812770426831,6051.282051282051,0.001257370922037466,358.5777491655329,0.025,0.1524390243902439,1-0-604-1,ay,UT_016,016,2,fave,77.07391360105184,57.55434726347313,10,pies,1,0.13998500000002423,know,just,P,Z,P,Z,internal
821.5207036986723,1485.9380802003946,2837.4179055103573,3.7313848421458795,3.466432412570737,4.305146678586619,6051.282051282051,0.00006400255225943156,359.4177518344671,0.025,0.26595744680851063,1-0-607-1,ay,UT_016,016,2,fave,155.34813345909794,58.59591106061418,10,my,1,0.07000700000003235,were,f,M,#,M,e,final
599.070446285262,1689.1969312032936,2930.2350788316403,3.675008399066747,4.043706814815924,4.596327457778623,6230.7692307692305,0.00018082725028363593,362.5327564965986,0.035,0.37234042553191493,1-0-615-1,ay,UT_016,016,2,fave,179.28818734996815,60.85437981909749,10,my,1,0.06997599999999693,is,nemesis,M,#,M,N,final
668.4428831619647,1636.0688122293755,2919.4573599068517,3.1714941489446793,3.4254891179582514,4.38154356084734,6230.7692307692305,0.0002348772918716373,363.94465716553293,0.035,0.37234042553191493,1-0-619-0,ay,UT_016,016,2,fave,85.76366740249613,58.27252081441385,10,i'm,1,0.0699769999999944,but,going,#,M,T,M,initial
922.3154152222946,1504.905379625101,3030.7170467359197,3.3627887923473794,3.8884309307904608,4.476202426689836,6410.25641025641,0.012938511283095385,374.92214583446713,0.025,0.03602305475504323,1-0-631-0,ay,UT_016,016,2,fave,159.19310316620837,58.8870701227952,10,i,1,0.6700139999999806,"","",#,#,"","",coextensive
806.242726615496,1635.0353017886453,3027.8113816279033,3.5011299469437316,3.8287027474167834,4.759702303626552,6230.7692307692305,0.0028817752867329087,381.11964016553287,0.045000000000000005,0.25862068965517243,1-0-648-1,ay,UT_016,016,2,fave,147.77637738922562,58.034644872206016,10,childhood,1,0.1499939999999924,core,memory,CH,L,CH,L,internal
811.4595827019746,1499.0497404833986,2789.5153179116405,3.2964842483946613,3.762257827968044,4.493085696062298,6230.7692307692305,0.001394573089526669,384.1796481655329,0.025,0.0946969696969697,1-0-655-1,ay,UT_016,016,2,fave,124.23347409067131,61.735067661570326,10,pies,1,0.2399899999999775,making,and,P,Z,P,Z,internal
795.5870556695824,1680.2725003927699,2699.5340879382343,3.1270593782153253,3.488723993703069,4.587923467991167,5512.820512820513,0.0011642702761511929,388.64963916553285,0.045,0.3629032258064516,1-0-673-0,ay,UT_016,016,2,fave,-1039.4585873874223,57.035147803807796,10,i,1,0.10000600000000759,"",loved,#,#,"",L,coextensive
882.9622978306834,1719.1945999963093,2723.470875366172,3.3269132530169183,3.60769058925869,4.336777905212924,6230.7692307692305,0.0012369978657293815,394.1898411655329,0.025,0.14367816091954022,1-0-692-1,ay,UT_016,016,2,fave,155.22636706378168,56.70529014006843,10,highs,1,0.14999299999999494,her,"",HH,Z,HH,Z,internal
731.3410784793972,1773.3016633040602,2391.587064821914,3.0876855016914533,3.723390206760141,4.813154696196314,6948.717948717948,0.0005467822967124449,394.6498378344671,0.025,0.20161290322580647,1-0-694-1,ay,UT_016,016,2,fave,170.26247643254646,67.53322411004788,10,pies,1,0.10000600000000759,"",had,P,Z,P,Z,internal
729.9155197837342,1586.5661879177383,2949.3054295312013,2.933841319985167,3.4483460781146724,4.516393112823973,6410.25641025641,0.00017029929548399147,402.5298428344671,0.025,0.2976190476190476,1-0-714-0,ay,UT_016,016,2,fave,143.96910762380213,60.131754979234124,10,i,1,0.05999700000000985,but,really,#,#,T,R,coextensive
951.2667827922653,1585.542347546842,2910.86397521886,3.6450305951548327,3.7657450639913113,4.350765355029663,6230.7692307692305,0.0071689701089940215,441.58164849659863,0.10300000000000001,0.24879227053140093,1-0-738-1,ay,UT_016,016,2,fave,138.38632758824164,59.63353106427858,10,my,1,0.38998400000002675,of,"",M,#,M,"",final
690.9224670109217,1764.5384890311,2535.743743357634,3.3345528835325426,3.3350587440419392,4.745622059718388,6230.7692307692305,0.0008252951265504687,442.53164650340136,0.043000000000000003,0.3771929824561404,1-0-742-0,ay,UT_016,016,2,fave,76.95167389206078,59.637041057938234,10,i've,1,0.09002700000002051,that,lived,#,V,T,V,initial
891.0312213027097,1599.6422924864871,2746.4630394969226,3.450069285680133,3.7713759982559867,4.404492497533878,6410.25641025641,0.002617027071109863,448.53395416553286,0.043000000000000003,0.3208955223880598,1-0-757-0,ay,UT_016,016,2,fave,234.12434503241187,59.16003355755307,10,i,1,0.10998499999999467,"",would,#,#,"",W,coextensive
772.2401674649076,1629.4524258517868,3060.976551181905,3.6190268011060365,3.985139802332446,4.144764798929949,6230.7692307692305,0.001075647961182842,450.6158465034014,0.025,0.21929824561403513,1-0-765-1,ay,UT_016,016,2,fave,161.02137164122934,63.75390844698804,10,my,1,0.09002699999996366,"",core,M,#,M,K,final
793.4808978941924,1641.8579709595342,2725.712816910184,4.040425250210532,4.145474281391234,4.199305075666548,6230.7692307692305,0.005450301386550442,451.7978491655329,0.049,0.3181818181818182,1-0-770-0,ay,UT_016,016,2,fave,77.32077509301475,55.22760962829611,10,i,1,0.13000499999998283,when,"",#,#,N,"",coextensive
919.3293835966327,1581.3252373459522,2680.90250357148,3.9567126891892936,3.6414699643963213,3.7053427137170543,6230.7692307692305,0.0009310556835318846,467.0158444965986,0.045,0.3358208955223881,1-0-811-1,ay,UT_016,016,2,fave,151.44597309227564,57.39705906133341,10,mining,1,0.10998499999999467,community,community,M,N,M,N,internal
828.8875961242329,1573.967052150119,2666.250360607293,3.6223499381051814,3.985629711313952,4.785012343957118,6589.74358974359,0.0021551373177359427,478.8978551655329,0.049,0.36567164179104483,1-0-841-3,ay,UT_016,016,2,fave,78.5608116108121,56.878511446199965,10,society,1,0.10998499999999467,"",that,S,@,S,@,internal
724.1592034660732,1545.8354945394703,2453.7153241519386,3.2178131330343245,3.6018255873443685,4.222048865073904,5692.3076923076915,0.00042342148430909966,481.7821428344671,0.039,0.29104477611940305,1-0-849-0,ay,UT_016,016,2,fave,80.69518014148117,66.06228832272127,10,i,1,0.11001600000003009,so,think,#,#,owF,TH,coextensive
837.6488522319219,1706.099948242247,2588.2586228242367,3.9737121766059174,3.382650116493207,3.9089096561263466,6230.7692307692305,0.0009264537041967422,483.1051541655329,0.025,0.17361111111111113,1-0-855-1,ay,UT_016,016,2,fave,78.16985116535412,57.214391619053025,10,time,1,0.11999500000001717,a,in,T,M,T,M,internal
712.1550111545828,1734.1613944496485,2867.3059964209365,4.031640850043952,3.7873277465894173,4.203058614768836,6410.25641025641,0.0008478326829100362,483.4671658344671,0.049,0.42982456140350883,1-0-857-1,ay,UT_016,016,2,fave,-87545.65314183937,57.35720597095453,10,my,1,0.0899970000000394,in,life,M,#,M,L,final
700.7556586151519,1698.5793007405377,2336.3649072538565,3.4739075415131104,3.702989896342853,4.4556761059913175,6230.7692307692305,0.001205504418148303,484.0251428344671,0.025,0.1524390243902439,1-0-860-0,ay,UT_016,016,2,fave,148.73954908705878,56.930598879077785,10,i,1,0.14001500000000533,where,felt,#,#,R,F,coextensive
862.1939620758785,1572.0195453974766,2631.857937137552,3.6397841863847553,3.319972908323344,3.841790208186146,6230.7692307692305,0.00025067445987124356,495.6788598344671,0.025,0.20161290322580647,1-0-884-1,ay,UT_016,016,2,fave,141.5009821366231,61.37573664272142,10,my,1,0.10000600000000759,of,places,M,#,M,P,final
770.0695867166,1715.0112172930642,2615.177011008267,3.0936797832681266,3.2124552752102047,3.931023635622518,6948.717948717948,0.00016322041962808326,502.9081378344671,0.051000000000000004,0.38059701492537323,1-0-898-0,ay,UT_016,016,2,fave,154.05163618578928,71.468511016203,10,i,1,0.11001599999997325,but,think,#,#,T,TH,coextensive
375.3543732384512,1986.5082946692473,2936.995051673559,2.7151068026906042,3.8870367989722903,4.79768573280703,5871.794871794871,0.00498275020144302,510.30473416553286,0.061000000000000006,0.3315217391304348,1-0-918-0,ay,UT_016,016,2,fave,177.99377422092587,55.528495191648865,10,i,1,0.16000300000001744,"","",#,#,"","",coextensive
700.467469911659,1792.0035492452803,2951.2835510391437,3.6150945731834985,3.3471380920702205,3.7990765373705586,7128.205128205128,0.0003677289544484228,513.5557441655328,0.043000000000000003,0.3208955223880598,1-0-931-0,ay,UT_016,016,2,fave,82.97459263222588,69.92363177904456,10,i,1,0.10998500000005151,"",needed,#,#,"",N,coextensive
719.1714490213428,1663.549403601619,2793.775680075869,3.5713889552734512,3.659707514418144,4.239445731356707,6410.25641025641,0.00019529209666478144,514.9726585034012,0.025,0.21929824561403513,1-0-935-1,ay,UT_016,016,2,fave,167.54964467986065,66.94043251995178,10,my,1,0.09002700000007735,do,jobs,M,#,M,JH,final
851.9715685218266,1474.8973211509228,2835.310865897874,2.9872450418771153,3.629009936822301,4.179668715500639,6589.74358974359,0.002322834185396572,526.1878571655328,0.025,0.06510416666666666,1-0-946-0,ay,UT_016,016,2,fave,159.1378147955269,61.822038784125866,10,i,1,0.3599849999999378,"","",#,#,"","",coextensive
691.2084651533745,1699.959091510972,2509.303168460973,3.7823936000410243,3.7936117974673222,4.60754272083558,6230.7692307692305,0.0026683754674151432,543.4971528276644,0.065,0.39634146341463417,1-0-996-2,ay,UT_016,016,2,fave,155.6444577889598,54.16504656167627,10,drive,1,0.13995299999999133,would,on,R,V,R,V,internal
781.0858706728304,1710.0627130889752,2372.7857687093683,3.393322624929827,3.7181142370799605,4.561155532559748,6948.717948717948,0.000542590518439588,544.7901568344672,0.051000000000000004,0.3311688311688312,1-0-1002-2,ay,UT_016,016,2,fave,157.95941116838173,64.83986193863772,10,drive,1,0.13000499999998283,"",matchbox,R,V,R,V,internal
659.0216507817325,1821.5998918125538,2814.912091624886,3.3000348018002805,3.9974234812516873,4.218175148050339,6410.25641025641,0.001418768732119194,548.1251591655329,0.081,0.6044776119402986,1-0-1009-0,ay,UT_016,016,2,fave,5370.191028375734,57.75783383603296,10,i,1,0.10998499999993783,"",mean,#,#,"",M,coextensive
699.2653688305368,1718.9867089025222,3029.002614000487,4.073665257451953,3.0751125072655547,4.110229558562421,6230.7692307692305,0.00002280638429224754,558.4451355034014,0.040999999999999995,0.554054054054054,1-0-1044-0,ay,UT_016,016,2,fave,79.71622128841884,53.31697911065674,10,i,1,0.0500489999999445,that,remember,#,#,T,R,coextensive
929.5844673864457,1519.5490744266667,2765.9912885719746,3.420309944713391,3.403992569625871,4.051029854226548,6051.282051282051,0.001095841327014217,563.8078521655328,0.025,0.09124087591240876,1-0-1062-1,ay,UT_016,016,2,fave,80.59630971805852,56.0702488911861,10,pile,1,0.25,just,on,P,L,P,L,internal
830.3723071801239,1594.380902972967,2676.9129844559093,3.3097144474779197,3.2220459664153145,4.3625872839662945,5692.3076923076915,0.0007181376187437371,565.1868528344672,0.043000000000000003,0.2621951219512195,1-0-1069-2,ay,UT_016,016,2,fave,80.05280210762318,61.89152783653138,10,climb,1,0.1400149999999485,would,up,L,M,L,M,internal
801.7319342981436,1500.7823436317656,2876.580228151861,3.665411862268043,3.410846584720706,3.9420431603194435,6410.25641025641,0.0010124313987180012,566.6678371655328,0.025,0.0946969696969697,1-0-1077-1,ay,UT_016,016,2,fave,87.05042328563543,54.584491189512136,10,pile,1,0.23999100000003182,and,on,P,L,P,L,internal
772.6855863450518,1731.816053012521,2832.211589419969,3.7982143188866604,3.449259892674297,4.3215196933561755,6051.282051282051,0.0001867206275002431,572.5662618344671,0.039,0.4148936170212766,1-0-1098-0,ay,UT_016,016,2,fave,167.4239426594859,58.406540751578255,10,i,1,0.07000700000003235,animals,loved,#,#,Z,L,coextensive
856.0724924982196,1812.8748886033466,2930.5665399434415,3.2230642220010277,3.831809970435021,4.288229133489249,5871.794871794871,0.0030190876988139092,578.4872505034014,0.04100000000000001,0.3306451612903227,1-0-1112-0,ay,UT_016,016,2,fave,154.48223328655743,57.5031832260363,10,i,1,0.10003599999993185,"",loved,#,#,"",L,coextensive
819.4441470158974,1574.739998666774,3015.882233599904,3.3288318459421906,3.5520229020316076,4.767375502663336,6410.25641025641,0.002624656313576287,627.3865318344671,0.025,0.16233766233766234,1-0-1217-1,ay,UT_016,016,2,fave,-142.57317748199736,57.185055040312946,10,livelihoods,1,0.13000499999998283,our,and,L,V,L,V,internal
689.9559630169631,1738.7070878543861,2826.9928635844835,3.184830309780248,3.2709531889119523,3.861287372133862,6410.25641025641,0.00042320490310851315,685.3403601655328,0.049,0.3951612903225807,1-0-1338-0,ay,UT_016,016,2,fave,142.76948736669087,67.60786033898393,10,i,1,0.09997499999997217,yes,didn't,#,#,S,D,coextensive
814.1456407234134,1675.0957638757004,3025.9048094235104,3.496939782182188,3.385377711430542,3.99407056372026,6410.25641025641,0.0015384939428103356,686.3443658344671,0.057,0.14108910891089108,1-0-1341-1,ay,UT_016,016,2,fave,107.24644723233132,65.72821606089894,10,my,1,0.38000499999998283,know,"",M,#,M,"",final
780.6994093233552,1500.36044919078,2601.7768647999083,3.546435638846207,3.772075966039418,4.447278202393619,6230.7692307692305,0.013973867714374819,689.6283424965986,0.025,0.06684491978609625,1-0-1351-0,ay,UT_016,016,2,fave,160.4480413733073,57.207695938536,10,i,1,0.34997500000008586,"","",#,#,"","",coextensive
804.9257416946889,1414.7912500683724,2323.200907868678,3.3855626492234676,3.5622327675967833,4.171121062220857,6230.7692307692305,0.00034833061592082714,691.0213464965987,0.051000000000000004,0.4112903225806452,1-0-1355-0,ay,UT_016,016,2,fave,254.5330002830412,76.88343565053296,10,i,1,0.09997600000008333,"",was,#,#,"",W,coextensive
594.4821304798645,1497.8538147462941,2995.1367293183575,4.162917423932555,3.9047932904489264,4.106746255936672,6410.25641025641,0.018092937570964994,692.3983671655328,0.025,0.16233766233766234,1-0-1361-0,ay,UT_016,016,2,fave,155.8799563408494,59.541435687946745,10,i,1,0.13000499999998283,when,went,#,#,N,W,coextensive
750.9578209598974,1625.28440646012,2791.779051005578,4.0954542430745144,3.619113499441889,4.4116492210535085,6230.7692307692305,0.0005178050965995263,693.328365834467,0.025,0.2976190476190476,1-0-1365-1,ay,UT_016,016,2,fave,NaN,68.91279667084312,10,my,1,0.05999700000006669,and,grandfathers,M,#,M,G,final
705.2614279576807,1689.838293798582,2940.2075047684943,4.191915629943526,3.50879387280062,3.886419399656212,6230.7692307692305,0.0024287938489254693,696.7283231655329,0.025,0.2976190476190476,1-0-1376-1,ay,UT_016,016,2,fave,77.69018768052541,60.32264392880475,10,my,1,0.05999799999995048,both,father,M,#,M,F,final
737.1462287865977,1866.0021340234896,3462.097697021183,3.830970658597208,3.5418415366923646,4.7425367705679555,6230.7692307692305,0.0013879762784762939,697.6883508344671,0.025,0.21929824561403513,1-0-1380-1,ay,UT_016,016,2,fave,160.47482822168752,63.32359026459419,10,side,1,0.09002699999996366,mother's,"",S,D,S,D,internal
647.2977939827908,1605.9904812809764,2778.022572678215,3.3843573470345323,3.707689339054193,4.46834713914605,6230.7692307692305,0.000437411458045833,697.962642834467,0.025,0.24038461538461536,1-0-1383-0,ay,UT_016,016,2,fave,80.9787840069308,62.21911626572365,10,i,1,0.080016999999998,so,didn't,#,#,owF,D,coextensive
699.0190275762504,1797.4565188365077,2737.29102890739,3.899384741088515,3.849074849786521,4.367396491343932,5692.3076923076915,0.00031263791969419715,708.5258551655329,0.029,0.34523809523809523,1-0-1419-1,ay,UT_016,016,2,fave,110.10884405198023,62.50091137460818,10,my,1,0.05999799999995048,and,grandmother,M,#,M,G,final
775.2457207994246,1823.4448420020003,2877.227468402467,3.6773989192740353,3.7438338234753004,4.326606739286208,6410.25641025641,0.00033212782218184077,725.817745834467,0.025,0.26595744680851063,1-0-1455-1,ay,UT_016,016,2,fave,165.1874497595933,67.59683546461004,10,my,1,0.07000700000003235,and,grandmother,M,#,M,G,final
638.0313202881077,1866.174164869842,2851.273018663218,3.7023965932359912,3.7458892341480174,4.886464890768854,6589.74358974359,0.0005031517042953548,729.1477751655328,0.037,0.4404761904761904,1-0-1467-0,ay,UT_016,016,2,fave,93.55691432327414,61.18407540664594,10,i,1,0.05999800000006417,"",spent,#,#,"",S,coextensive
816.1296622653794,1728.8832204698201,3013.016733307691,3.8274431620036484,3.857855493348617,4.007650451061667,6051.282051282051,0.0023088640671259128,730.151729834467,0.025,0.24038461538461536,1-0-1472-1,ay,UT_016,016,2,fave,173.6955187509664,60.923154200707124,10,time,1,0.080016999999998,of,with,T,M,T,M,internal
719.6548013790816,1740.0869603056667,2753.8822590342647,4.001754519353015,3.7340408053307184,4.193240786622114,6230.7692307692305,0.0017495082462981018,730.5137588276644,0.029,0.2788461538461539,1-0-1474-1,ay,UT_016,016,2,fave,79.03711882265522,56.557819368856336,10,my,1,0.07995600000003833,with,grandmother,M,#,M,G,final
711.8716026525004,1800.5421651597335,3022.4181842516928,3.880216521379009,3.0739323470633977,4.03151700886203,7307.692307692308,0.0014938514117596741,771.3713461723356,0.025,0.33783783783783783,1-0-1598-0,ay,UT_016,016,2,fave,165.5529060607283,66.86827324458483,10,i,1,0.05004800000006071,and,remember,#,#,D,R,coextensive
718.3912814551153,1914.8704371820315,2944.9095368020185,3.5490960475437148,3.035146716232739,3.852967534643163,6230.7692307692305,7.903459053280916e-6,783.8313568344671,0.025,0.2976190476190476,1-0-1637-1,ay,UT_016,016,2,fave,154.22512945274968,64.60427649735247,10,time,1,0.059996999999953005,every,i,T,M,T,M,internal
754.1217972022712,1784.95286456151,2946.878891508739,3.854720845177227,3.749442277359507,4.456966693725221,6230.7692307692305,0.0017259974875727562,783.9593461655329,0.041,0.3059701492537314,1-0-1638-0,ay,UT_016,016,2,fave,153.17978663171397,59.34227395882076,10,i,1,0.10998500000005151,time,got,#,#,M,G,coextensive
664.5338114965223,1730.8798808545164,2580.7247735071646,3.630655487568052,3.8705880997264703,4.045619719636874,6051.282051282051,0.00022342357771718411,784.7783588344671,0.039,0.46428571428571425,1-0-1642-0,ay,UT_016,016,2,fave,NaN,59.777702573650075,10,i,1,0.05999800000006417,leave,got,#,#,V,G,coextensive
771.7020140598156,1772.687490754264,2815.9822419632287,3.876760177907367,3.9577323937093527,4.066973042107898,6230.7692307692305,0.000841875896529078,794.7226694965985,0.043,0.34677419354838707,1-0-1681-1,ay,UT_016,016,2,fave,84.81780432641887,62.913951571311976,10,my,1,0.09997499999997217,that,dad,M,#,M,D,final
838.1768797663957,1734.3804697305018,2586.6930856041513,3.540500783187217,3.821579967106605,4.128230343783425,6230.7692307692305,0.0010934843221515134,802.0636501655327,0.025,0.16233766233766234,1-0-1706-1,ay,UT_016,016,2,fave,80.92772739253239,59.12000989707035,10,tie,1,0.13000500000009652,and,quilts,T,#,T,K,final
787.7719841671933,1515.879856280957,2838.6935221337167,3.4608392864609634,3.660729088058785,4.22252379039619,6230.7692307692305,0.0009456533764943731,806.7436545034013,0.025,0.21929824561403513,1-0-1723-1,ay,UT_016,016,2,fave,84.0554303780626,61.28424422907621,10,by,1,0.09002699999996366,quilt,hand,B,#,B,HH,final
863.7756775714395,1622.7671271652655,2824.2202890723456,3.549816879068919,3.5263233785380734,4.293293293946484,6410.25641025641,0.0009355295751412595,807.603633834467,0.025,0.14367816091954025,1-0-1726-1,ay,UT_016,016,2,fave,79.07775398036966,59.07834718999748,10,tie,1,0.15002500000002783,or,quilts,T,#,T,K,final
782.4520766098944,1791.4082393761216,2896.0807675163765,3.5509126661727795,3.1141471975414063,3.6390451709960776,6410.25641025641,0.0009315194353322668,808.7836574965986,0.065,0.625,1-0-1730-0,ay,UT_016,016,2,fave,92.62737724657228,59.00416562742064,10,i,1,0.07995600000003833,"",remember,#,#,"",R,coextensive
739.7069726906086,1680.789434006591,2862.7483459627556,4.015673262835753,3.797289164948603,4.294564868622313,6769.2307692307695,0.0011432116017108414,809.4636694965986,0.025,0.21929824561403513,1-0-1732-1,ay,UT_016,016,2,fave,81.85661507882742,59.11468408800901,10,my,1,0.08996600000000399,remember,job,M,#,M,JH,final
795.8188968057743,1712.4534739203555,2885.339340013296,3.6569694797476693,3.4475458534933767,4.381900770195452,6410.25641025641,0.006292298642022256,813.3956538344671,0.069,0.4480519480519481,1-0-1746-0,ay,UT_016,016,2,fave,83.44329973162924,59.23811538784485,10,i,1,0.13000499999998283,"",would,#,#,"",W,coextensive
809.4344876911492,1686.2649024437876,2709.9584690710362,3.197994403331307,3.646041047372283,4.5696788852689405,6769.2307692307695,0.0008392216658720791,813.956665165533,0.031000000000000003,0.25000000000000006,1-0-1750-0,ay,UT_016,016,2,fave,79.39306022246663,64.68979503512249,10,i,1,0.09997599999996964,"",loved,#,#,"",L,coextensive
769.2644299253895,1726.0034258633507,3002.7496000083443,4.224127402682533,3.2490668458163503,3.6272314797801997,6230.7692307692305,0.0016761916092534745,823.5837698344671,0.033,0.39285714285714285,1-0-1778-0,ay,UT_016,016,2,fave,155.81638740469086,53.94443601620642,10,i,1,0.05999700000006669,[bracketed],remember,#,#,spn,R,coextensive
807.7238613549995,1621.3354304015577,2982.045252364795,3.380285244124555,3.710038691896479,4.623218572618104,6230.7692307692305,0.0017206681901833385,828.6137378344672,0.033,0.18965517241379312,1-0-1796-1,ay,UT_016,016,2,fave,123.58710562031834,59.052013364559265,10,sidewalk,1,0.15002400000003036,little,and,S,D,S,D,internal
699.9470705598083,1775.4329086429707,2809.404786840063,3.384292042933163,3.1456601673830833,3.8122044361123884,6230.7692307692305,0.00012402160656670798,829.6777348344672,0.040999999999999995,0.39423076923076916,1-0-1800-1,ay,UT_016,016,2,fave,77.6616638423971,68.46151253311989,10,side,1,0.08001799999999548,each,of,S,D,S,D,internal
726.6707416540687,1774.1909404120952,2752.34414607995,3.476824211138326,3.43580655168784,3.807822217121297,6230.7692307692305,0.000180763942388347,830.1637315034014,0.033,0.26612903225806456,1-0-1803-1,ay,UT_016,016,2,fave,152.51045630653522,60.05076058908585,10,sidewalk,1,0.10003600000004553,the,there,S,D,S,D,internal
913.0743814544489,1548.3542480541064,2903.5329426098574,4.048158110532587,3.5427734409250857,4.247650558710653,6051.282051282051,0.0092069874353818,844.8072351723356,0.049,0.3402777777777778,1-0-1851-1,ay,UT_016,016,2,fave,130.18095584488708,55.9652437279625,10,lined,1,0.12005599999997685,was,with,L,N,L,N,internal
697.0691160445855,1660.0654639068907,3121.5493591454024,3.9114465244750756,3.7096235339274677,3.5641854444664784,6051.282051282051,0.0001752027940888225,845.743220165533,0.041,0.4880952380952381,1-0-1855-0,ay,UT_016,016,2,fave,84.51181629072903,56.32017718971111,10,i,1,0.05999799999995048,"",remember,#,#,"",R,coextensive
763.2411125777356,1848.835480658673,2898.9001031409516,4.128416479540548,3.402760597605057,3.8091900912887953,6589.74358974359,0.0014292275442998553,850.8912508344671,0.037000000000000005,0.3557692307692308,1-0-1873-0,ay,UT_016,016,2,fave,82.83123826546007,61.77664536191569,10,i,1,0.080016999999998,when,got,#,#,N,G,coextensive
720.3053698797719,1729.725066510718,3277.1790700986176,3.8449045600718095,3.5222164847472786,4.389047541260821,6230.7692307692305,0.002362571775937505,851.625240834467,0.025,0.16233766233766234,1-0-1877-0,ay,UT_016,016,2,fave,165.08152893802892,56.73549605714379,10,i,1,0.13000499999998283,older,would,#,#,*hr,W,coextensive
690.3136894578084,1795.3213270847145,2697.8801644325245,3.5112116139767195,3.427932310871999,4.256051495202275,6230.7692307692305,0.0002698086875725091,857.7172621655328,0.029,0.34523809523809523,1-0-1899-1,ay,UT_016,016,2,fave,NaN,74.7673481088445,10,kind,1,0.05999700000006669,was,of,K,N,K,N,internal
688.1290801935426,1976.1824637981226,2948.3501777361366,3.991666734471422,3.724412547104635,4.11506132255259,6410.25641025641,0.0018880554117446475,857.9722621655328,0.039,0.4148936170212766,1-0-1901-1,ay,UT_016,016,2,fave,NaN,64.32408867723751,10,my,1,0.07000700000003235,of,only,M,#,M,ow,final
857.3941012787614,1902.857651836151,2986.0009786583623,4.426253369434257,3.669050510156719,3.5296087618722143,6051.282051282051,0.010012533161474626,859.0512295034014,0.037000000000000005,0.2983870967741936,1-0-1905-0,ay,UT_016,016,2,fave,160.11147649661447,59.068572695101246,10,i,1,0.10003600000004553,that,knew,#,#,T,N,coextensive
793.101114484053,1742.2115629725695,2796.216691897709,3.6976820683703164,3.442007105637283,4.608205641875075,5871.794871794871,0.00007710888130126457,863.7256331655328,0.035,0.4166666666666667,1-0-1910-0,ay,UT_016,016,2,fave,767.6570059183019,59.31860157545105,10,i,1,0.059996999999953005,"",loved,#,#,"",L,coextensive
666.2070452030113,1733.5571293750413,2962.8212771163267,4.14835192998323,4.047654117162131,4.554251391816232,6410.25641025641,0.03956434164272037,895.8344688344671,0.025,0.11160714285714286,1-0-1990-1,ay,UT_016,016,2,fave,162.70528911668964,55.38442197175628,10,my,1,0.20001300000001265,because,"",M,#,M,"",final
792.1166742448315,1669.7528116453948,3019.3978510369384,3.5441963861764396,3.592551489433606,4.188973697724504,6230.7692307692305,0.0016920840107451471,903.4412618344671,0.039,0.27083333333333337,1-0-2014-1,ay,UT_016,016,2,fave,153.90605290632368,56.46107620580932,10,time,1,0.11999500000001717,of,before,T,M,T,M,internal
751.0279369591095,1960.181250451414,2961.714478658903,3.502236225722501,3.7897619943377276,4.290914039682915,6410.25641025641,0.00021823940158372033,938.5209375034013,0.025,0.24038461538461545,1-0-2061-0,ay,UT_016,016,2,fave,156.83028441953044,54.145925803607746,10,i,1,0.080016999999998,reading,love,#,#,NG,L,coextensive
795.9744865893445,1808.1507412372478,3001.7148071695874,3.7416779161333142,3.289856409584008,3.6694695078735635,6230.7692307692305,0.00003021894498422721,939.390926834467,0.025,0.2976190476190476,1-0-2065-0,ay,UT_016,016,2,fave,152.1800899095201,53.7204779523561,10,i,1,0.05999700000006669,and,love,#,#,D,L,coextensive
844.2357142573337,1750.7555225033998,3147.697695752426,3.267987585544857,3.477004878700838,4.486382396804321,7307.692307692308,0.0008560737384996547,949.0309408344671,0.025,0.24038461538461545,1-0-2081-0,ay,UT_016,016,2,fave,211.44488287457398,69.547358070915,10,i,1,0.08001799999999548,"",don't,#,#,"",D,coextensive
806.2341397526196,1691.666998932801,3021.9249496502352,2.8556934427704412,3.8381317411836116,4.943927028110772,6948.717948717948,0.009847694057541285,949.940975834467,0.025,0.12254901960784315,1-0-2084-0,ay,UT_016,016,2,fave,258.88171148626606,67.76525240706168,10,i,1,0.17999199999997018,"","",#,#,"","",coextensive
762.5712146118194,1672.5439057388307,2481.3615447739066,2.5422392507843816,3.405620035219182,3.9676305381820094,5871.794871794871,0.000015119004988106403,950.2009351723357,0.025,0.2976190476190476,1-0-2086-0,ay,UT_016,016,2,fave,311.4626119164195,69.31835338582431,10,i,1,0.06005900000002384,"",really,#,#,"",R,coextensive
880.1721977406463,1760.7985208626567,2946.6249674827004,3.0047581111118102,3.727263392579549,4.508180556060076,6410.25641025641,0.0037075048016336314,950.844928834467,0.053,0.3680555555555556,1-0-2089-0,ay,UT_016,016,2,fave,538.2972639790123,61.34073372193148,10,i,1,0.11999500000001717,"",don't,#,#,"",D,coextensive
675.5997867847016,1874.7561722061494,2759.9479437070568,2.906320614444127,3.6050970268008293,4.381229684875007,6589.74358974359,0.002069661571884398,960.9449385034013,0.045000000000000005,0.3947368421052632,1-0-2108-0,ay,UT_016,016,2,fave,162.0154325711071,67.76088131375424,10,i'm,1,0.09002699999996366,because,always,#,M,Z,M,initial
724.9137070578344,1748.0253312879697,2860.5899964928185,2.63721229487992,3.8449840946033462,4.092934354325852,6410.25641025641,0.0003466870056260535,963.1744348344671,0.025,0.16233766233766234,1-0-2115-0,ay,UT_016,016,2,fave,167.02921876282414,70.2747075064157,10,i,1,0.13000499999998283,but,do,#,#,T,D,coextensive
684.2956920951086,1637.7271317777927,2968.205345248099,2.9919225203729902,3.627221833281486,3.6078390567214833,5692.3076923076915,0.00010962058388116259,963.7264638344672,0.069,0.7340425531914894,1-0-2118-0,ay,UT_016,016,2,fave,77.26775883648924,64.43654875744156,10,i,1,0.07000799999991614,feel,am,#,#,L,ey,coextensive
704.3452336028805,1759.3775444748035,2496.590060084298,3.545191822183411,3.3483988603175523,4.514266290510959,6230.7692307692305,0.0008760426216999507,968.5844688344671,0.025,0.16233766233766234,1-0-2130-1,ay,UT_016,016,2,fave,78.20443096763763,60.63039625620567,10,child,1,0.13000499999998283,"",development,CH,L,CH,L,internal
724.0674289819585,1632.3355749366694,3086.3356475933997,3.4227695204457635,3.2575103963465257,3.3758726826297463,6410.25641025641,0.0006240051101266527,972.5684384965986,0.033,0.26612903225806456,1-0-2137-0,ay,UT_016,016,2,fave,-27.733974608388852,60.987815065146194,10,i,1,0.09997499999997217,"",feel,#,#,"",F,coextensive
794.6221403054218,1685.1003767327825,2858.262007723651,3.4455390682059193,3.5275761498157245,4.321081885321852,6051.282051282051,0.0003406828869897824,982.9414505034014,0.03900000000000001,0.3750000000000001,1-0-2174-0,ay,UT_016,016,2,fave,79.19194000228076,53.34825524865157,10,i,1,0.080016999999998,"",love,#,#,"",L,coextensive
640.6499325276875,1744.2481789644094,2964.180674269825,3.8717514725587696,4.097929822926914,3.9304620839944935,6230.7692307692305,0.00009717525608246428,984.2881438344671,0.025,0.2976190476190476,1-0-2182-0,ay,UT_016,016,2,fave,169.31419136746194,56.47949388615404,10,i,1,0.059996999999953005,and,feel,#,#,D,F,coextensive
762.4120440349154,1765.3913160735717,2572.719234668118,3.536944366888995,3.803914766151596,4.165196106208143,6230.7692307692305,0.01715147078446244,984.798152834467,0.025,0.10683760683760683,1-0-2185-0,ay,UT_016,016,2,fave,108.21152086999992,51.530009234362396,10,i,1,0.21002199999998084,like,"",#,#,K,"",coextensive
855.8405256074751,1817.4942282422917,2808.3064521593005,3.2453943761549593,3.72925982599192,4.463603922394542,6230.7692307692305,0.0008626410030209072,985.648128834467,0.025,0.24038461538461536,1-0-2187-0,ay,UT_016,016,2,fave,128.0147264997375,60.261995329372276,10,i,1,0.080016999999998,"",have,#,#,"",HH,coextensive
769.2716233076944,1490.2774144496802,2771.7870523491083,3.918050465069953,3.9819248412596857,4.264322551320627,5871.794871794871,0.006126496146015638,993.8681521723355,0.065,0.2559055118110236,1-0-2213-1,ay,UT_016,016,2,fave,159.0756935551463,49.66981279734533,10,whys,1,0.23004200000002584,the,behind,W,Z,W,Z,internal
421.94716347764574,1776.4608379250656,3022.1333122891583,3.270598069643077,4.1166402112545954,3.813786650811287,6051.282051282051,0.0004985594744163356,994.5281451723357,0.025,0.18656716417910452,1-0-2214-3,ay,UT_016,016,2,fave,170.3554634630066,53.45814405689522,10,behind,1,0.1100459999998975,whys,"",HH,N,HH,N,internal
752.3714158277575,1688.6634094830922,2968.994658823275,3.5641285023574003,3.865687526539965,4.110301857120988,6230.7692307692305,0.001314489809912953,1020.2783721655328,0.025,0.12254901960784313,1-0-2234-1,ay,UT_016,016,2,fave,158.6418181020161,55.46230047841893,10,childhood,1,0.17999299999996765,early,"",CH,L,CH,L,internal
629.3853858639138,1719.4328252065318,2244.1065376603674,2.9201892430229672,3.822434277131505,4.476590307222182,6230.7692307692305,0.00011135222628562926,1024.1614234965987,0.025,0.21929824561403513,1-0-2241-0,ay,UT_016,016,2,fave,145.01843432031143,70.60944911085552,10,i,1,0.08996499999989283,year,taught,#,#,R,T,coextensive
719.4498831532302,1805.1549503546357,2395.419789396635,3.5958342505655017,3.7108846967733866,4.519343040269989,5512.820512820513,0.0013158609426167157,1027.4344481655328,0.031000000000000003,0.25000000000000006,1-0-2250-0,ay,UT_016,016,2,fave,78.5962058196729,61.9181663912839,10,i,1,0.09997599999996964,year,taught,#,#,R,T,coextensive
760.3595863105777,1770.4208769470713,2868.3191286020747,3.7586972746423988,3.791952369775556,4.136993701475658,6230.7692307692305,0.019286104670242533,1033.4164248344673,0.055,0.2007299270072993,1-0-2270-0,ay,UT_016,016,2,fave,569950.7001529076,54.501503724522536,10,i,1,0.25,tutoring,"",#,#,NG,"",coextensive
698.7373408750889,1760.4647305390322,2883.7652630211087,3.92172388305948,3.827566665950965,4.114426742155371,6230.7692307692305,0.0029975215609397243,1036.5704374965987,0.063,0.6057692307692307,1-0-2278-0,ay,UT_016,016,2,fave,NaN,54.2393472644669,10,i,1,0.07995600000003833,but,"",#,#,T,"",coextensive
741.7052814742962,1552.389213512506,2882.256166873571,3.429871093592442,4.0885216907896265,3.9595544631040895,6230.7692307692305,0.0013088457958951992,1040.7705014965986,0.08300000000000002,0.6693548387096776,1-0-2291-1,ay,UT_016,016,2,fave,168.19233253545423,52.15443228391448,10,by,1,0.09997500000008586,"","",B,#,B,"",final
945.0826395948974,1497.3041139971654,2871.721355669336,3.653294003855216,3.4611152196352895,3.674010631307386,6230.7692307692305,0.0012352868656036388,1075.9523478276642,0.049,0.22897196261682246,1-0-2335-1,ay,UT_016,016,2,fave,141.71084755310378,58.53789383311946,10,time,1,0.18994199999997363,first,"",T,M,T,M,internal
940.4755795130969,1532.2661377742502,2767.146504182964,3.27212777750434,3.927642228347902,4.172396110033544,6230.7692307692305,0.0058805221188976044,1080.41031384127,0.10499999999999998,0.29661016949152536,1-0-2341-1,ay,UT_016,016,2,fave,73513.47262258294,58.71203503133134,10,light,1,0.3300779999999577,the,"",L,#,L,"",final
625.5696398947562,1822.8890226971491,2611.023137302882,2.932872771597903,3.4329257623675664,4.331725461467469,6051.282051282051,0.0005634930620093048,1082.9733778276643,0.031,0.32978723404255317,1-0-2355-0,ay,UT_016,016,2,fave,1086.1160159025371,59.18013374419507,10,i,1,0.0699459999998453,"",just,#,#,"",JH,coextensive
765.460639637016,1531.8277296497358,2887.450283015792,3.3624139123678747,3.5434968034123027,4.206929818180518,6051.282051282051,0.0007993573594489909,1107.149710165533,0.025,0.18656716417910452,1-0-2371-0,ay,UT_016,016,2,fave,85.67927070832992,62.22936322944233,10,i,1,0.10998500000005151,[bracketed],think,#,#,spn,TH,coextensive
875.6582785255223,1588.9116341896838,2528.2264586557058,3.5933286070873733,3.758578190936306,4.046224846516029,6051.282051282051,0.0011895025818917542,1112.2997568412698,0.025,0.11160714285714286,1-0-2386-1,ay,UT_016,016,2,fave,114.59538799150575,55.93712221196886,10,child,1,0.20007400000008602,a,"",CH,L,CH,L,internal
831.7207073672662,1547.6358649529984,2710.5890879220688,3.709964070390184,3.602364612739408,4.112858043847375,6230.7692307692305,0.0026461079021971754,1115.8817974965987,0.049,0.20081967213114754,1-0-2394-1,ay,UT_016,016,2,fave,137.33889820667022,58.458760625016566,10,child,1,0.21996999999987565,a,because,CH,L,CH,L,internal
869.9665566808508,1521.4755954949028,2570.556479189572,3.4087576795788754,3.542282960464772,4.098556296926904,6230.7692307692305,0.0007656315126078212,1129.627727510204,0.053000000000000005,0.20866141732283466,1-0-2434-1,ay,UT_016,016,2,fave,82.87702456888782,59.39534194234531,10,child,1,0.2301030000000992,a,this,CH,L,CH,L,internal
875.2018368026523,1687.1153506913095,2879.404694605464,3.7948442424684847,3.5580538456943245,3.883669843482194,6230.7692307692305,0.009329711142462607,1130.8187745034013,0.055,0.2835051546391753,1-0-2439-1,ay,UT_016,016,2,fave,NaN,51.91277532292522,10,time,1,0.17004400000018904,first,"",T,M,T,M,internal
858.678516582069,1485.860715587017,2315.697230253721,3.554276855586189,3.711205301557895,4.569570914691479,6051.282051282051,0.003760457497172732,1139.62471184127,0.067,0.3130841121495328,1-0-2473-1,ay,UT_016,016,2,fave,136.1351538313239,55.71853353739373,10,lives,1,0.19006399999989299,our,our,L,V,L,V,internal
806.1269873529886,1660.0984875654096,2407.9029697099777,3.133152216215547,3.5771358374309337,4.083081811149884,6230.7692307692305,0.00017963740064868522,1140.2777558412697,0.033,0.35106382978723405,1-0-2475-3,ay,UT_016,016,2,fave,NaN,56.05790312828893,10,entire,1,0.07006900000010319,our,"",T,*hr,T,*hr,internal
855.2651768108358,1481.309362048849,2477.3442703959727,3.4927236702724413,3.7338960629419757,4.198212490296752,6230.7692307692305,0.0019772687155635784,1142.4937211723354,0.025,0.11682242990654207,1-0-2483-1,ay,UT_016,016,2,fave,77.10632869959457,58.24344262968246,10,child,1,0.19006400000012036,little,learning,CH,L,CH,L,internal
731.2478212298789,1533.2657132357713,2543.341604819534,2.960101492535118,3.8694561826279967,4.262682357976412,6410.25641025641,0.000636476215096237,1153.3117574965984,0.041,0.3059701492537314,1-0-2526-0,ay,UT_016,016,2,fave,84.31799398483832,64.5150232281082,10,i,1,0.10998500000005151,so,think,#,#,owF,TH,coextensive
823.1932975597505,1659.7746798092878,2865.660072596769,4.153366605230689,3.559821910147059,3.7889201587084456,6051.282051282051,0.007779727079266047,1160.4490431723355,0.025,0.12254901960784313,1-0-2548-1,ay,UT_016,016,2,fave,305.3823747276455,47.99796907272724,10,child,1,0.18005399999992733,a,"",CH,L,CH,L,internal
824.0006804053091,1605.2685247414659,2881.089755502851,3.0535302503562356,3.055855384190157,3.687764300106701,6230.7692307692305,0.00006889704474655618,1176.8895618276645,0.035,0.4166666666666667,1-0-2551-0,ay,UT_016,016,2,fave,88.49642711290944,69.36499956150821,10,i,1,0.0599369999999908,[bracketed],think,#,#,spn,TH,coextensive
822.3379596239282,1472.7099303063308,2456.8689635434407,3.5386934095962177,3.6620415800705493,4.097232602722917,6230.7692307692305,0.0008066220680510133,1184.551457165533,0.047,0.17153284671532845,1-0-2572-1,ay,UT_016,016,2,fave,118.47791136052149,60.185812111747424,10,child,1,0.25,this,is,CH,L,CH,L,internal
863.9484449439325,1562.1556089355217,2902.7069895496966,3.705549419921404,3.6674141211731524,3.8578530853708233,6410.25641025641,0.0027423946713906384,1192.7024811655328,0.049,0.36567164179104483,1-0-2597-1,ay,UT_016,016,2,fave,-10983880.66222064,55.296155463338316,10,time,1,0.1099859999999353,first,"",T,M,T,M,internal
931.7493539804988,1627.0554819694535,2711.026673281441,3.6589264023836288,3.4114502548791372,3.85617385868347,6230.7692307692305,0.0015077621517539277,1195.3144558276645,0.053,0.24766355140186916,1-0-2604-1,ay,UT_016,016,2,fave,76.91699533260633,60.65591262526882,10,times,1,0.18994099999986247,to,and,T,M,T,M,internal
865.837768300154,1659.4438272673408,2981.6361453419618,3.9826792812288034,3.6374794389723797,4.0412492481130045,6410.25641025641,0.004915995609424392,1200.600421510204,0.025,0.18656716417910452,1-0-2617-1,ay,UT_016,016,2,fave,-557.9836092010403,52.287999010875936,10,time,1,0.11010800000008203,first,and,T,M,T,M,internal
831.6051025426101,1547.0313049965084,2526.6178572203485,3.521624089309706,3.3676110371612187,4.181335404213441,6230.7692307692305,0.0006201054268360603,1204.7004741587302,0.025,0.1288659793814433,1-0-2629-1,ay,UT_016,016,2,fave,79.14690083730021,61.19080422460639,10,child,1,0.16992200000004232,that,doesn't,CH,L,CH,L,internal
867.0972546493905,1549.6481300093858,2687.9992678415647,3.207510683938506,3.656432834180109,4.028876921806536,6230.7692307692305,0.0010672040035994037,1211.1635041655331,0.025,0.18656716417910452,1-0-2644-0,ay,UT_016,016,2,fave,171.1741995237436,66.29356212837872,10,i,1,0.10998499999982414,"",think,#,#,"",TH,coextensive
774.7756494388422,1564.2624892586439,2658.4330106360617,3.046146907364571,3.811514793571152,4.2762773853412686,6051.282051282051,0.0010654498340045247,1215.1035614965986,0.025,0.20161290322580647,1-0-2658-0,ay,UT_016,016,2,fave,13.21157665925357,61.10287447641399,10,i,1,0.09997600000019702,"",think,#,#,"",TH,coextensive
857.088145408323,1401.2763637542198,2527.4453632695063,3.2902231630378527,3.38980201396321,3.8661701226351686,6230.7692307692305,0.0004994238279019951,1219.003592165533,0.025,0.0946969696969697,1-0-2672-1,ay,UT_016,016,2,fave,154.37598366542,60.003497430194564,10,child,1,0.23999000000003434,a,"",CH,L,CH,L,internal
802.1200755164824,1702.1914592666817,2672.320999250378,3.4926962553323118,3.489973166936125,4.023309072841667,6051.282051282051,0.0008320458810776556,1224.0695351723357,0.057,0.2663551401869159,1-0-2687-1,ay,UT_016,016,2,fave,71.48917000918433,54.06997983335116,10,child,1,0.19006400000012036,a,has,CH,L,CH,L,internal
840.6663673764372,1568.929277257699,2606.4617944632078,3.540822724837966,3.432947315083528,4.16001262815873,6051.282051282051,0.0010625742243031313,1227.1765211723357,0.051000000000000004,0.23831775700934585,1-0-2695-1,ay,UT_016,016,2,fave,146.50419286134735,56.440491853286446,10,child,1,0.19006299999978182,a,has,CH,L,CH,L,internal
733.8779141346462,1637.8842911364318,2770.701373030772,4.373596231658912,3.736931368518851,4.184591581097783,6589.74358974359,0.001288811073340172,1228.4905564965984,0.059000000000000004,0.5175438596491229,1-0-2700-0,ay,UT_016,016,2,fave,76.11178276537218,59.56921408741477,10,i,1,0.08996600000000399,know,mean,#,#,owF,M,coextensive
825.3524678034147,1643.7386230640866,2772.183426831455,3.347863431697046,3.3285326718629316,3.8120634350158946,6230.7692307692305,0.0006849634438720069,1237.8635885034016,0.025,0.14367816091954025,1-0-2728-1,ay,UT_016,016,2,fave,NaN,55.901375737263166,10,child,1,0.15002399999980298,a,needs,CH,L,CH,L,internal
762.4614320492492,1580.2123269216984,2733.9318156184313,3.0324125949000655,3.6250850358328535,4.147918984852448,6589.74358974359,0.0007667496815884248,1256.5284808344672,0.065,0.2288732394366197,1-0-2751-1,ay,UT_016,016,2,fave,160.96777357082524,61.51780237402729,10,child,1,0.2600089999998545,the,"",CH,L,CH,L,internal
790.5228896494195,1580.6570328208336,2543.432156081755,3.2573884738993817,3.6240695569775228,3.7850859735222464,6589.74358974359,0.0001999813382562115,1257.994440834467,0.077,0.46951219512195125,1-0-2755-4,ay,UT_016,016,2,fave,150.3657823579761,64.50826928473396,10,providing,1,0.1400149999999485,know,them,V,D,V,D,internal
814.0471266028209,1603.5172919577822,2875.073351872825,3.705910488645379,3.5862331827394462,3.9153522046821103,6230.7692307692305,0.0015217206401772706,1263.4576874965987,0.025,0.20161290322580647,1-0-2774-0,ay,UT_016,016,2,fave,NaN,57.95124529132295,10,i,1,0.09997599999996964,[bracketed],do,#,#,spn,D,coextensive
717.3650501049558,1706.6846766594751,3169.7358321060397,3.4669886697328263,3.446538820989853,4.531580719350148,6410.25641025641,0.002276516414459923,1333.6136381655326,0.051000000000000004,0.38059701492537323,1-0-2829-0,ay,UT_016,016,2,fave,75.97815569037171,62.77109899649387,10,i,1,0.10998500000005151,as,would,#,#,Z,W,coextensive
941.0938372315907,1539.385149886703,2441.095954913977,3.443211540224215,4.121325064284971,4.478447824852583,5512.820512820513,0.003294464850694157,1353.8936835034012,0.040999999999999995,0.22282608695652176,1-0-2841-1,ay,UT_016,016,2,fave,241.8360863361155,71.456022821007,10,my,1,0.160033999999996,"",teacher,M,#,M,T,final
811.8127471207756,1593.9363754567644,2642.677519345755,3.418269626992512,3.516075837698778,4.480477346576662,6230.7692307692305,0.00087716016226359,1373.1656898276644,0.025,0.11682242990654207,1-0-2903-1,ay,UT_016,016,2,fave,87.97700205095687,62.6710406482704,10,child's,1,0.189942000000201,the,health,CH,L,CH,L,internal
872.5242084324739,1650.0500762353659,2934.590960038605,3.295393005928597,3.9347870184659994,4.591721621627805,6410.25641025641,0.0023024300398183295,1375.3556488344673,0.025,0.17361111111111113,1-0-2907-0,ay,UT_016,016,2,fave,100.15960733208189,63.755938983922654,10,i,1,0.1199949999997898,"",crashed,#,#,"",K,coextensive
714.9595042877896,1730.169746835393,2752.9597109303672,3.875513770634771,3.4419329859266496,4.213513457418314,6230.7692307692305,0.00012516698432870753,1377.2656714965988,0.025,0.24038461538461536,1-0-2914-1,ay,UT_016,016,2,fave,172.18622872800708,61.51146647924231,10,my,1,0.07995599999981096,on,way,M,#,M,W,final
850.2200164920516,1608.3516253167454,2869.0862076000376,3.3815118420832455,3.5301424195138376,4.228090421516905,6589.74358974359,0.0018513408866192706,1382.3235801655328,0.039,0.29104477611940305,1-0-2926-1,ay,UT_016,016,2,fave,175.95052168665023,70.29207238276292,10,my,1,0.10998500000005151,"",cat,M,#,M,K,final
722.980476431632,1929.2542691560311,2614.8515861315245,3.700379857273091,3.830268504351371,3.931110700808875,6230.7692307692305,0.0002536266146969641,1383.5565644965986,0.025,0.21929824561403513,1-0-2930-1,ay,UT_016,016,2,fave,91.52883379751616,61.99272412319669,10,tiny,1,0.08996600000000399,her,kittens,T,N,T,N,internal
866.2190977259207,1414.6595507677137,2858.5749533513836,3.2620850163681356,3.485029129475042,4.341735404044087,6230.7692307692305,0.0014125388422268268,1414.2234484965986,0.047,0.19262295081967212,1-0-3014-1,ay,UT_016,016,2,fave,159.4460223074722,68.43028729414561,10,child,1,0.21997099999998682,the,found,CH,L,CH,L,internal
722.4554876016207,1623.1683794734017,2598.4189777115685,3.2533875047945076,3.3085668247419218,4.1162344679669856,6230.7692307692305,0.00022359863946080195,1418.452440834467,0.045,0.2922077922077922,1-0-3026-1,ay,UT_016,016,2,fave,147.52861259770154,64.04242257552318,10,by,1,0.13000400000009904,cooked,the,B,#,B,DH,final
731.1625756893366,1592.4171992566617,2361.546718182973,3.090158718509861,3.4256542861254795,4.26971492450789,6410.25641025641,0.00039035006355121727,1419.392508165533,0.025,0.18656716417910452,1-0-3030-1,ay,UT_016,016,2,fave,85.1006427419183,69.46143968225287,10,by,1,0.10998500000005151,"",the,B,#,B,DH,final
773.7745259706965,1622.4579425065212,2517.720556334678,3.0991986101204714,3.7621221419833755,4.301485275649592,6410.25641025641,0.00020774498564867834,1422.3811494965987,0.025,0.21929824561403513,1-0-3037-1,ay,UT_016,016,2,fave,78.32126807014004,63.478712301015406,10,by,1,0.08996600000000399,cooked,the,B,#,B,DH,final
898.0698331263313,1614.6854063574244,2344.830619258462,3.2290838573366867,3.8001317117849793,4.8857386285975375,6051.282051282051,0.008692122941456071,1448.5250861587303,0.069,0.37500000000000006,1-0-3103-3,ay,UT_016,016,2,fave,102.80449555685361,59.22623816414658,10,outside,1,0.15991299999996045,from,"",S,D,S,D,internal
704.3721156162383,1544.0556696866838,1971.8637444717165,3.0830972447974623,3.535681686993802,4.763214995679652,6589.74358974359,0.001687572095739379,1487.1574115034016,0.025,0.13586956521739132,1-0-3205-2,ay,UT_016,016,2,fave,167.10530490769762,65.54212661146356,10,friday,1,0.1600349999998798,last,night,R,D,R,D,internal
741.7958261385517,1723.5228392137753,3563.885077206211,3.1224243417323323,4.226313931668166,4.471369807258761,6051.282051282051,0.001784189636015919,1498.9488408276643,0.031000000000000003,0.2980769230769232,1-0-3235-1,ay,UT_016,016,2,fave,160.8342951300327,62.54830580284213,10,my,1,0.07995699999992212,"",teacher,M,#,M,T,final
799.582541590172,1666.0709159710166,2956.6883951485174,3.3263638668518274,3.4032701490219375,4.178412133134885,6948.717948717948,0.0007558096299105883,1504.9658664965987,0.025,0.21929824561403513,1-0-3254-1,ay,UT_016,016,2,fave,152.7405426756668,68.67593785906355,10,my,1,0.08996600000000399,"",breakfast,M,#,M,B,final
754.438663774672,1980.2623994499502,2978.9066573827054,3.763830816347288,4.091829407794979,4.368641714983841,5153.846153846154,0.0024220532700366003,1520.0385488412699,0.07899999999999999,0.7596153846153846,1-0-3268-0,ay,UT_016,016,2,fave,NaN,46.17803879033025,10,i,1,0.08007799999995768,"","",#,#,"","",coextensive
632.3119449769843,1928.6267834187609,2850.877310056037,3.269857532594377,3.8927409260307444,4.046070609955301,6230.7692307692305,0.0015664526373490978,150.2632511655329,0.025,0.06868131868131867,1-0-150-1,eyF,UT_016,016,2,fave,207.29109234107605,52.453482168802516,10,day,1,0.3399959999999851,the,and,D,#,D,@,final
608.7260865145773,1655.2699300808506,3021.6486251973715,2.810782084312228,4.077480713553644,3.8838161823347974,6230.7692307692305,0.0010140555754542633,396.1698568344671,0.025,0.13586956521739132,1-0-701-1,eyF,UT_016,016,2,fave,160.37975548502092,64.68681411369766,10,they,1,0.1600040000000149,as,were,DH,#,DH,W,final
679.8009758436756,1732.6487266536149,2891.3660138454056,3.5824703502097424,3.6762820259211644,4.068685513452211,6230.7692307692305,0.0021531626944804095,473.9758511655329,0.025,0.061881188118811874,1-0-830-2,eyF,UT_016,016,2,fave,149.19600750319645,55.864724567069395,10,play,1,0.38000500000003967,and,and,L,#,L,ae,final
606.932559302838,2003.9192649362608,3137.928813238657,3.3578850449921247,3.9295108460559773,4.632161076528161,6410.25641025641,0.011855780166957774,480.2758448344671,0.025,0.08503401360544217,1-0-845-3,eyF,UT_016,016,2,fave,174.81034777188054,54.27663180861089,10,today,1,0.270020000000045,have,"",D,#,D,"",final
696.5280610221708,1799.2309816513764,2896.271502843715,3.298714865476182,3.8634854639704828,4.1538971489990395,6230.7692307692305,0.0011329895256548773,534.1026578344671,0.025,0.11160714285714286,1-0-967-2,eyF,UT_016,016,2,fave,78.23104608063994,55.530678791315985,10,play,1,0.2000119999999015,always,"",L,#,L,"",final
540.6733212125765,1932.4905941275665,2912.272486364555,3.2117685418033086,3.9629073099573566,4.29586717873743,6410.25641025641,0.0034598446458696933,549.5471711655327,0.025,0.06510416666666667,1-0-1016-2,eyF,UT_016,016,2,fave,161.29961505238725,59.55335293735465,10,play,1,0.3599850000000515,would,"",L,#,L,"",final
716.5652562513767,1745.7508584132984,2827.0970512365707,3.6683613283852323,3.6876777252847637,4.12551804671228,6410.25641025641,0.03811779586162353,551.3071315034013,0.025,0.04432624113475177,1-0-1023-2,eyF,UT_016,016,2,fave,126.67607262204066,53.69946007805634,10,play,1,0.5400390000000925,would,"",L,#,L,"",final
696.018668715725,1868.9145486386444,3055.543744072444,3.574117099441145,3.527926763228297,4.044857708564112,6589.74358974359,0.0006299278012057581,568.087825834467,0.025,0.16233766233766234,1-0-1083-1,eyF,UT_016,016,2,fave,81.65782236716899,59.95368715119205,10,lay,1,0.13000499999998283,and,in,L,#,L,i,final
504.3042402489503,2018.1836015527538,2941.568281323104,3.0547422333538323,4.0703697316372685,4.21706996838216,6230.7692307692305,0.0012908132713924981,584.5792751655327,0.025,0.18656716417910452,1-0-1128-1,eyF,UT_016,016,2,fave,84.6269532820489,62.94242866849353,10,they,1,0.10998600000004899,"",we,DH,#,DH,W,final
481.68517057800904,1956.326543818669,2948.9018793216796,3.2339070123875624,3.6324695193849625,4.116450091044961,6051.282051282051,0.00018973339608827967,599.5486475034013,0.025,0.24038461538461545,1-0-1175-1,eyF,UT_016,016,2,fave,156.77075364758755,58.574773508148674,10,they,1,0.080016999999998,dad,were,DH,#,DH,W,final
581.0951898525998,1920.422107793565,3119.8030144274826,3.222659703750312,3.899687911990122,4.868288506266848,6051.282051282051,0.0039129443492671254,624.7965544965987,0.025,0.24038461538461536,1-0-1208-1,eyF,UT_016,016,2,fave,173.32941198898206,63.23832406765776,10,they,1,0.0799570000000358,"",were,DH,#,DH,W,final
516.4591890564947,2070.851429119328,3041.237917904982,3.160335950667998,3.780666809308906,4.510751707222047,6410.25641025641,0.000054915730496129446,688.328365834467,0.025,0.2976190476190476,1-0-1346-1,eyF,UT_016,016,2,fave,157.10604050193893,64.80388638138697,10,they,1,0.05999700000006669,grandparents,passed,DH,#,DH,P,final
492.2487923659743,2051.8047075943787,2776.1559027240446,3.3944706428087064,3.741467238128227,3.9727150374675424,6410.25641025641,0.0010795543896085574,688.9303261655328,0.049,0.3402777777777778,1-0-1348-2,eyF,UT_016,016,2,fave,79.75161536816016,60.92781698298755,10,away,1,0.11999500000001717,passed,before,W,#,W,B,final
504.8604081936833,2095.653939420771,2903.470654388447,3.1846834687675663,3.69954172305294,4.295326172515737,6230.7692307692305,0.0005600717416626012,694.5943644965986,0.037000000000000005,0.2983870967741936,1-0-1368-2,eyF,UT_016,016,2,fave,169.57873120801253,58.538972323381486,10,away,1,0.09997500000008586,passed,before,W,#,W,B,final
646.8365713119824,1891.6204987051224,2922.5044904716565,3.5431395607706335,3.269225032019116,3.89730070971442,6410.25641025641,0.0003378407630861076,805.3546361723355,0.047,0.3507462686567165,1-0-1718-1,eyF,UT_016,016,2,fave,83.29654424417713,62.40525577966174,10,they,1,0.11004600000001119,so,would,DH,#,DH,W,final
567.8744152316791,1942.1001741240473,2981.60051640462,3.1572989128569815,3.661027758905871,4.42917449460746,6410.25641025641,0.000581342178803391,821.804739834467,0.035,0.21341463414634151,1-0-1773-1,eyF,UT_016,016,2,fave,79.14504096742598,60.29648493849251,10,they,1,0.14001500000006217,as,would,DH,#,DH,W,final
531.1776267637993,2036.285324557759,3107.264638738272,3.22175335787455,3.693747332041946,4.534967211618298,7128.205128205128,0.00026228687781579686,837.8137498344672,0.033,0.39285714285714285,1-0-1827-1,eyF,UT_016,016,2,fave,81.01274043963842,68.47876582073297,10,they,1,0.05999799999995048,"",were,DH,#,DH,W,final
550.8418554511766,1838.6847827545782,2986.478261667087,2.992558741305611,3.5189765539288844,4.24226450518658,6769.2307692307695,0.00044562096183061557,902.0242335034013,0.025,0.18656716417910452,1-0-2007-1,eyF,UT_016,016,2,fave,81.83205183086308,65.47548849387282,10,they,1,0.11004600000001119,so,lived,DH,#,DH,L,final
568.3150343180744,2026.2839565320935,3044.87713316983,3.3923497584421325,3.82021828325245,3.964021747254473,6051.282051282051,0.00030523991410264943,903.979229834467,0.05500000000000001,0.5288461538461539,1-0-2016-1,eyF,UT_016,016,2,fave,82.33931890894299,54.36773803988922,10,they,1,0.080016999999998,before,moved,DH,#,DH,M,final
571.2913389623745,1776.4260941773587,2896.802469509924,3.0928477400656686,3.6714531419103626,4.09250698004867,6410.25641025641,0.0004379700630665225,1029.841482165533,0.025,0.18656716417910452,1-0-2256-1,eyF,UT_016,016,2,fave,77.97660383007519,63.237698256624526,10,they,1,0.1099859999999353,so,were,DH,#,DH,W,final
664.1895849667692,2024.926236740496,2892.9241903900056,3.4804249607181243,3.7470393023828255,4.360153051395417,6769.2307692307695,0.0023794251619435893,1134.3687708276643,0.11499999999999999,0.3549382716049382,1-0-2447-0,eyF,UT_016,016,2,fave,81.57238952228045,59.213599649542026,10,a,1,0.29992700000002515,letter,"",#,#,*hr,"",coextensive
659.5868507263709,2124.933680332604,2827.241203621574,3.5768600295337136,3.6766120723746982,4.133817643702029,6410.25641025641,0.00301691163433535,1136.5287225102043,0.11499999999999999,0.452755905511811,1-0-2458-0,eyF,UT_016,016,2,fave,-141.93768596760586,54.508342191979814,10,a,1,0.23010299999987183,"",as,#,#,"",ae,coextensive
651.954029737784,2051.084602390978,2779.055366121891,3.229663738661,3.7601798955146437,4.052676971211639,6410.25641025641,0.0016086189755978916,1146.8937395034015,0.025,0.07961783439490445,1-0-2500-0,eyF,UT_016,016,2,fave,350.1662755714251,56.65847978546158,10,a,1,0.29004000000009,"","",#,#,"","",coextensive
579.1709414864263,1977.6418627108017,2885.3095190225677,3.256442969989622,4.038900864488522,4.3736122075930615,6589.74358974359,0.0034497830071364196,1178.1445604897958,0.025,0.057603686635944694,1-0-2557-1,eyF,UT_016,016,2,fave,107.51502415675766,59.710203814653354,10,they,1,0.40991200000007666,that,"",DH,#,DH,"",final
529.1910349639581,2026.449288582787,2979.7622728457363,2.9584984787468285,4.029641614831983,4.427349507048092,6410.25641025641,0.0018201278926450685,1179.402588834467,0.041,0.25000000000000006,1-0-2560-1,eyF,UT_016,016,2,fave,158.0576477174529,70.15632418441295,10,they,1,0.1400149999999485,that,need,DH,#,DH,N,final
709.9258745283713,2488.22056966084,3122.648721290354,3.593176707663845,3.8687373094185546,4.101173050585159,6410.25641025641,0.06384272458917375,1197.4324151723354,0.42900000000000005,0.9449339207048457,1-0-2608-1,eyF,UT_016,016,2,fave,147.90059537214714,56.924515618778564,10,they,1,0.4300540000001547,when,"",DH,#,DH,"",final
578.9773231473488,2025.2377694089168,2846.8192714794136,3.3514699471019753,3.6422430697872796,3.9958113290181663,6410.25641025641,0.00043759559467146695,1212.452533165533,0.043000000000000003,0.3208955223880598,1-0-2649-1,eyF,UT_016,016,2,fave,77.97796601857387,61.37372178523407,10,they,1,0.10998500000005151,when,can,DH,#,DH,K,final
637.5654428305049,1920.7203117209547,2868.2073166877067,3.271596109300248,3.9442540510720905,4.393614190441091,6769.2307692307695,0.0012025206262143108,1220.1835345034015,0.025,0.14367816091954022,1-0-2675-1,eyF,UT_016,016,2,fave,143.40292226995436,64.29915267220287,10,they,1,0.15002500000014152,as,are,DH,#,DH,*hr,final
886.6030870208931,2299.2927356537566,3164.4613075305265,3.8512865907277196,4.047400195950668,4.904393312321521,6769.2307692307695,0.019052109021320228,1336.6267231791385,0.07100000000000001,0.49305555555555564,1-0-2837-1,eyF,UT_016,016,2,fave,NaN,47.705313114506794,10,kay,1,0.12011800000004769,mm,"",K,#,K,"",final
625.1490734165469,2219.1800787043985,3601.090164131631,2.7229748829379274,3.731070576497106,5.073463020364008,7666.666666666666,0.0011455852243422385,1344.5558324965987,0.025,0.21929824561403513,1-0-2839-1,eyF,UT_016,016,2,fave,300.14554065888007,64.63008087444592,10,kay,1,0.08996600000000399,"","",K,#,K,"",final
612.6668019991035,2213.694459709651,2875.8266907607253,3.9869018154882983,3.9579296457269093,4.411715021511009,6410.25641025641,0.03823052196645656,1374.3197118344672,0.07300000000000001,0.26642335766423364,1-0-2905-6,eyF,UT_016,016,2,fave,191.74986145483783,48.02307460383653,10,yesterday,2,0.25,health,"",D,#,D,"",final
652.7216584686981,1821.8745836925239,2676.7503012990005,3.5749999909927737,3.739809917970772,4.294821108043837,6410.25641025641,0.00037436332437740813,1377.445636510204,0.025,0.20161290322580647,1-0-2915-1,eyF,UT_016,016,2,fave,83.17776173658044,61.27693156714469,10,way,1,0.100097999999889,my,home,W,#,W,HH,final
652.8167810316753,1961.150126017078,2632.3887884006526,3.279224787771273,3.9142955748217583,4.473004905678654,6769.2307692307695,0.0004310322788123162,1398.621197834467,0.029,0.17682926829268295,1-0-2970-5,eyF,UT_016,016,2,fave,254.225187403545,71.1844266735982,10,monterey,1,0.14001500000017586,"",bay,*hr,#,*hr,B,final
557.0543341459822,2155.9760501873407,2862.4233356160976,2.838494436868128,3.667551405218756,4.078703854517516,6410.25641025641,0.0004623649551325687,1398.8592824897958,0.025,0.08503401360544217,1-0-2971-1,eyF,UT_016,016,2,fave,162.69392253337915,70.77868497969453,10,bay,1,0.2698970000001282,monterey,is,B,#,B,i,final
552.0188042538415,1918.4419743473684,2740.268036960363,3.4705856177933962,3.6418197800139955,3.9293764405937863,6230.7692307692305,0.00070001113022878,1415.0724334965987,0.025,0.10683760683760685,1-0-3017-1,eyF,UT_016,016,2,fave,81.21743203476046,62.209721244194114,10,way,1,0.20996100000002116,a,to,W,#,W,T,final
635.884128920851,2073.3600513531983,2859.770141743838,3.1833509043039334,4.103773506083918,4.693252662303009,6410.25641025641,0.006753704311606638,1426.3324378276645,0.025,0.11682242990654208,1-0-3049-3,eyF,UT_016,016,2,fave,311.23566949849175,55.845066804586416,10,today,1,0.18994199999997363,"","",D,#,D,"",final
494.1607434144744,2084.739759820754,2989.677511815501,3.116103068772562,3.6069967246644636,4.28206835716475,6410.25641025641,0.00012493382568198852,1487.3654741655328,0.040999999999999995,0.33064516129032256,1-0-3205-4,eyF,UT_016,016,2,fave,164.12102548074338,62.619048028198854,10,friday,2,0.09997500000008586,last,night,D,#,D,N,final
518.2275385949459,1992.5540920075643,3160.1614442214923,3.608266866985876,3.486733058823198,4.271387318258641,7487.179487179487,0.0006737366332928886,1488.8124478412697,0.035,0.3365384615384616,1-0-3208-1,eyF,UT_016,016,2,fave,100.0083855845188,72.94459110293506,10,they,1,0.08007799999995768,"",received,DH,#,DH,R,final
619.8311459544179,2026.1098298563913,2938.436148240108,3.290118963027111,3.9026851003969747,4.246068131526631,6410.25641025641,0.005783624807737476,1490.7874221723355,0.025,0.11682242990654208,1-0-3215-3,eyF,UT_016,016,2,fave,441.5475390228542,53.29519724875579,10,today,1,0.19006399999989299,mail,"",D,#,D,"",final
393.69883046296263,2112.85375009786,2857.1424484880667,3.053744398974804,3.9501072344482977,4.304703405782865,6589.74358974359,0.00005808017513303695,156.15325583446713,0.025,0.33783783783783783,1-0-169-1,Tuw,UT_016,016,2,fave,88.20283541790265,54.919174801002654,10,too,1,0.050003000000003794,not,tired,T,#,T,T,final
458.00261217526884,1932.6924145994528,2334.526973054896,2.7329430324865394,3.572134284182558,4.193641760167545,6051.282051282051,0.0005625157972764006,201.25815983446714,0.025,0.0984251968503937,1-0-250-2,Tuw,UT_016,016,2,fave,159.805942763888,60.34073608673801,10,through,1,0.22999599999999987,get,the,R,#,R,DH,final
463.60763354235604,1671.2218146327573,2080.9559433622126,2.6321379641994427,3.7707853722073645,4.01322194406258,5153.846153846154,0.0003993344550012863,215.15815383446713,0.025,0.24038461538461545,1-0-297-2,Tuw,UT_016,016,2,fave,204.90305780893934,54.94578312262754,10,through,1,0.08000200000000746,went,"",R,#,R,"",final
427.19033072786004,2109.2032277623653,3403.246361871654,3.0804130866678907,3.7059736460008654,4.39574294756638,6410.25641025641,0.0003439041622878379,224.8500431655329,0.025,0.24038461538461545,1-0-316-1,Tuw,UT_016,016,2,fave,163.06685789187193,59.39936873571763,10,to,1,0.08000099999998156,down,the,T,#,T,DH,final
414.1279113998953,2118.3287341681716,3037.690732094853,3.091811828793117,3.9297627323005506,4.384064448709407,6410.25641025641,0.0002933461313475804,237.2606411655329,0.025,0.24038461538461545,1-0-348-1,Tuw,UT_016,016,2,fave,87.05792170754711,62.10140655690363,10,do,1,0.08000200000000746,"",homework,D,#,D,HH,final
403.4332718392973,1944.5308246215216,2496.4952074019093,2.7578498601283443,4.039193905610735,4.120653423969606,5692.3076923076915,0.00020441718840045583,239.88065783446714,0.025,0.2976190476190476,1-0-358-1,Tuw,UT_016,016,2,fave,81.10522593474111,62.99619257463043,10,do,1,0.059996999999981426,"",fun,D,#,D,F,final
408.74758988852653,2074.940036493914,2868.5153287617622,3.2203240062423966,3.70461603317938,4.107528285208588,5692.3076923076915,0.0007059507134855804,258.7777621655329,0.025,0.18656716417910452,1-0-418-1,Tuw,UT_016,016,2,fave,83.24379104284138,62.34831327550879,10,doing,1,0.10998499999999467,was,that,D,i,D,i,internal
503.86801838379984,1856.3320499134716,2432.424367333749,3.121669805974332,3.7626487472632255,4.1732470641989625,5333.333333333333,0.01125922522212867,261.6577418344671,0.025,0.08503401360544217,1-0-426-2,Tuw,UT_016,016,2,fave,164.279754433744,54.04127905068061,10,through,1,0.27001999999998816,get,"",R,#,R,"",final
451.43190544215526,1788.4204510153934,2794.5818577102364,3.1007349007476677,3.716267076891919,3.6178856257217413,5512.820512820513,0.00008077277942772847,391.6196501655329,0.025,0.24038461538461545,1-0-685-1,Tuw,UT_016,016,2,fave,154.94323633640073,55.89349204034772,10,do,1,0.0799870000000169,just,it,D,#,D,i,final
402.35120255198484,2280.4261835560965,2760.170727370766,3.3876131333382213,4.505745739546432,4.254291747427925,5871.794871794871,0.011500121861476913,404.4798548344671,0.025,0.13586956521739132,1-0-720-1,Tuw,UT_016,016,2,fave,330.81591433518804,47.60362696192306,10,too,1,0.1600040000000149,pies,"",T,#,T,"",final
438.48667029934825,1949.3129767683943,2629.094988510371,3.1845050412037335,3.8250279592938923,4.364794269041339,5512.820512820513,0.03168461147105759,412.8649558344671,0.025,0.0880281690140845,1-0-725-1,Tuw,UT_016,016,2,fave,131.52912405069284,59.46625097514912,10,two,1,0.2600100000000225,the,"",T,#,T,"",final
398.5558793935562,2219.6444408049347,2835.0187094515613,2.854896031529988,4.280615111195684,4.019207799724527,6051.282051282051,0.00016943461653626252,445.6426601655329,0.025,0.2976190476190476,1-0-751-1,Tuw,UT_016,016,2,fave,185.1358720485067,62.33259378333559,10,to,1,0.05999800000000732,place,me,T,#,T,M,final
477.0119258289049,1807.4217088177804,2803.0247675387923,2.9760043685156528,3.5855985914178126,3.779822640530489,6051.282051282051,0.00056632512556378,449.70494716553293,0.025,0.11682242990654207,1-0-763-1,Tuw,UT_016,016,2,fave,76.9818748741352,60.585985954392626,10,to,1,0.19000199999999268,back,"",T,#,T,"",final
433.06024221453157,1738.4404525899024,3181.5755483335256,4.120619960032458,3.620592005680007,4.229908345273203,7487.179487179487,0.0015442852317186062,472.5458534965986,0.025,0.13586956521739132,1-0-826-1,Tuw,UT_016,016,2,fave,148.37638543299408,60.45924304449901,10,room,1,0.1599729999999795,of,to,R,M,R,M,internal
404.05565597712,1950.382346111001,2640.697903351434,3.195964659231792,3.635571624898091,3.744867185713886,5871.794871794871,0.00007160690520733958,511.9367638344671,0.025,0.24038461538461545,1-0-926-1,Tuw,UT_016,016,2,fave,164.44559632841793,62.55127264496599,10,do,1,0.08001699999994116,"",what,D,#,D,W,final
427.7430849955391,2135.0182151624185,2842.166222063323,3.470791367772671,4.061463847325387,3.8233090929309244,6051.282051282051,0.0003194720113148957,514.832637834467,0.025,0.24038461538461536,1-0-934-1,Tuw,UT_016,016,2,fave,182.3857200506399,69.09455321535435,10,do,1,0.080016999999998,"",my,D,#,D,M,final
408.93445168781636,1565.7261464027317,2150.2827021869916,2.860727592485928,3.5388133984889163,3.572773030893166,5512.820512820513,0.0008868788182182967,530.1278591655328,0.025,0.18656716417910452,1-0-956-2,Tuw,UT_016,016,2,fave,83.39750463349583,63.69334454211233,10,group,1,0.10998600000004899,little,of,R,P,R,P,internal
422.5254509685776,1932.2624561367143,2627.076178113881,3.2385286125352244,3.7478416164962822,4.234937588342853,5512.820512820513,0.0033750086213881277,645.4369468344671,0.025,0.05165289256198347,1-0-1266-1,Tuw,UT_016,016,2,fave,92.3377238964028,61.04751550747908,10,to,1,0.46002199999998084,crops,"",T,#,T,"",final
431.9368122517416,1995.3411956495966,2710.050996728891,3.122678501501322,4.036467596160365,4.1252371471810525,5512.820512820513,0.07049345005650434,649.4957238344671,0.025,0.05165289256198347,1-0-1278-1,Tuw,UT_016,016,2,fave,97.68494169444118,59.19976954449414,10,to,1,0.46002199999998084,animals,"",T,#,T,"",final
419.6733283854713,2105.0994477604054,2753.807161324871,2.9739730702648135,3.4866681187175823,3.6216869331746793,6051.282051282051,0.000054138940072080614,659.0911771655328,0.025,0.17361111111111113,1-0-1307-1,Tuw,UT_016,016,2,fave,149.6940781485111,62.739818411297215,10,to,1,0.11999500000001717,em,sell,T,#,T,S,final
421.9820650896503,2114.808644020553,2874.890299719222,3.171094906644782,3.8991876279659152,4.061376438540204,5692.3076923076915,0.0009073215688481131,711.1638701655328,0.025,0.18656716417910452,1-0-1427-1,Tuw,UT_016,016,2,fave,81.32823302526435,58.646647684968706,10,do,1,0.10998500000005151,would,things,D,#,D,TH,final
459.6370823361076,2138.567907381288,3070.7780728109224,3.102292578527486,3.921525149563366,4.471942968037204,6410.25641025641,0.00617903521252117,718.053829834467,0.025,0.0748502994011976,1-0-1450-1,Tuw,UT_016,016,2,fave,102.83869427422641,55.520887298778945,10,do,1,0.3099970000000667,to,"",D,#,D,"",final
416.43208656071295,1709.2821302858983,3149.035867409403,3.702381117183364,3.7860189647713782,4.3947411525341495,7128.205128205128,0.0009218537847924231,766.5313574965986,0.025,0.21929824561403513,1-0-1580-1,Tuw,UT_016,016,2,fave,152.93680893172532,58.68459114038768,10,room,1,0.08996600000000399,whole,with,R,M,R,M,internal
443.43001179872516,2005.9434412615844,2860.032431339339,2.90411935998585,4.305921134308021,3.9852285841319786,5692.3076923076915,0.0014845980821588545,904.7242455034013,0.025,0.10245901639344263,1-0-2019-1,Tuw,UT_016,016,2,fave,77.06618119562602,56.20768087300031,10,to,1,0.2200319999999465,back,huntington,T,#,T,HH,final
418.4594347936509,2215.471001181276,3008.4788174105274,2.260019044849776,3.9112857917023596,4.3674258065092095,7487.179487179487,0.0008418185548839071,963.3744525034014,0.025,0.21929824561403513,1-0-2116-1,Tuw,UT_016,016,2,fave,196.28624403072956,70.85240781749206,10,do,1,0.09002699999996366,i,feel,D,#,D,F,final
436.86526646016034,2059.7562418853577,2556.4799427773173,2.981638797977041,3.8224623481009887,4.159197502907849,5692.3076923076915,0.0001892826213804113,1032.9214324965988,0.025,0.24038461538461536,1-0-2269-1,Tuw,UT_016,016,2,fave,156.8634326947814,64.82523035576617,10,tutoring,1,0.07995599999981096,in,i,T,T,T,T,internal
416.8177404395499,2001.9679654041474,2510.423420702477,3.0923237229918934,3.921338133801656,4.071319488451339,5512.820512820513,0.005930485627065181,1057.5822165034015,0.025,0.03109452736318408,1-0-2302-1,Tuw,UT_016,016,2,fave,139.43016744868603,60.864679754622465,10,to,1,0.7800290000000132,"","",T,#,T,"",final
446.35388996608856,1787.9202422377564,2490.4556312504865,3.088595463819437,3.618913960808512,3.980726752923196,5333.333333333333,0.00023060526974975657,1221.1135658276646,0.025,0.26595744680851063,1-0-2678-2,Tuw,UT_016,016,2,fave,77.14846186495289,55.0717375679682,10,through,1,0.0699459999998453,going,things,R,#,R,TH,final
404.4200532244402,1473.2336813829652,2737.092503215397,3.12486720856932,3.9428347599103017,4.262677446640404,6051.282051282051,0.0037984096463559228,1231.4735564965986,0.025,0.21929824561403513,1-0-2709-1,Tuw,UT_016,016,2,fave,NaN,58.11552657616872,10,to,1,0.08996600000000399,zero,a,T,#,T,@,final
462.9033358641134,1933.7789474305819,2394.9518276101044,2.395904272198974,3.469905038360486,3.8769309964714824,5692.3076923076915,0.00007185043482029945,1254.218435165533,0.025,0.17361111111111113,1-0-2744-2,Tuw,UT_016,016,2,fave,141.03363612441117,69.06680904500993,10,through,1,0.11999599999990096,also,their,R,#,R,DH,final
460.86431309415434,2048.770035380103,2877.9559894970375,3.2122447617656458,3.9668881155573397,4.064672806137883,6410.25641025641,0.0009148193765034203,1263.647635165533,0.025,0.20161290322580647,1-0-2775-1,Tuw,UT_016,016,2,fave,180.0524074487259,59.29237660775534,10,do,1,0.09997499999985848,i,a,D,#,D,@,final
412.79498529097333,1824.4898006975407,2169.594829844983,2.947812006887767,3.512116553992589,3.806887160751681,5692.3076923076915,0.0004371032615854501,1354.9256061723354,0.025,0.12254901960784313,1-0-2843-2,Tuw,UT_016,016,2,fave,115.99774277570707,67.05544821955819,10,drew,1,0.1800540000001547,teacher,"",R,#,R,"",final
348.71326705977674,2157.261430055811,3009.7213257601557,2.819550101560652,4.077202570884908,4.362971100515694,6948.717948717948,0.0007250772088271396,1366.965633834467,0.025,0.14367816091954025,1-0-2883-1,Tuw,UT_016,016,2,fave,186.16158382668698,63.91433085839894,10,new,1,0.15002400000003036,a,trail,N,#,N,T,final
439.96724949882037,1813.3971771761335,2658.587334230573,3.2043095512028867,3.699921224975177,3.8543858981172017,6051.282051282051,0.000019133521727140343,1376.2756748276645,0.025,0.2976190476190476,1-0-2909-3,Tuw,UT_016,016,2,fave,101.06704456024815,64.9797920605271,10,into,1,0.0599369999999908,crashed,an,T,#,T,@,final
399.78438160615656,1802.4646707766358,2738.985415506393,2.908160969628322,3.7322824832947843,4.18612012444898,6230.7692307692305,0.002391259024310204,1399.9092198276646,0.025,0.24038461538461545,1-0-2974-1,Tuw,UT_016,016,2,fave,93.61798733486532,65.70629006228667,10,to,1,0.07995599999981096,home,whales,T,#,T,W,final
375.44830598010975,1886.7406079239083,2726.31392489575,2.894362794980213,3.834504717520528,4.007630523007672,5692.3076923076915,0.0011017399100041556,1415.462454165533,0.025,0.18656716417910452,1-0-3018-1,Tuw,UT_016,016,2,fave,78.17620062242536,60.2836162816226,10,to,1,0.10998500000005151,way,whittle,T,#,T,W,final
474.01807912977023,1760.0516816280801,2718.604197714574,3.1080135743668627,3.7116689590077057,3.9914914124115666,6051.282051282051,0.0002057958562666886,1475.5574478412698,0.025,0.26595744680851063,1-0-3176-1,Tuw,UT_016,016,2,fave,90.14119775729507,62.37465883054609,10,to,1,0.07006799999999203,home,an,T,#,T,@,final
434.74440315346436,1887.0945498130354,2341.808805250573,3.263522381899312,3.7386104325319356,4.100035837575463,5692.3076923076915,0.0002155820500615624,1499.5858728344672,0.025,0.17361111111111113,1-0-3237-2,Tuw,UT_016,016,2,fave,86.59637353911555,63.57717053808179,10,drew,1,0.11999500000001717,teacher,a,R,#,R,@,final
700.0828156708509,1661.827397730417,2887.433946681479,2.994372270581028,3.88726074541429,4.252532160199962,5871.794871794871,0.0009677119325452152,174.3862521655329,0.055,0.33536585365853655,1-0-179-5,u,UT_016,016,2,fave,204.92040042796907,52.172170779389624,10,motherhood,2,0.13999999999998636,of,"",HH,D,HH,D,internal
504.23318420663486,1657.5897102248343,2600.835310043574,2.768040793613791,3.600408573525902,4.210237184827617,6230.7692307692305,0.00003008023019212651,213.6311491655329,0.031,0.32978723404255317,1-0-289-1,u,UT_016,016,2,fave,161.89256043337792,62.29788002595013,10,would,1,0.06999200000001338,i,"",W,D,W,D,internal
506.4783705587363,1794.116124798601,2819.9944388882486,2.8683056270554954,3.5281938918469993,3.865698996856037,5692.3076923076915,0.00009482316539862917,222.5930481655329,0.031,0.32978723404255317,1-0-309-1,u,UT_016,016,2,fave,79.97303279668846,56.0083934138054,10,would,1,0.06999199999998496,we,"",W,D,W,D,internal
487.41991874273634,1530.4888027174661,2722.5822436749027,2.6325079005045717,3.7243327295557305,4.293348050343841,5692.3076923076915,0.000041144068364302816,229.87064783446715,0.025,0.33783783783783783,1-0-323-1,u,UT_016,016,2,fave,164.50923605174057,61.19599393764605,10,would,1,0.05000299999997537,dad,drive,W,D,W,D,internal
554.3153461895262,1600.2895694007175,2834.748936440377,3.5553494373679317,3.7459326451112758,3.923306756487559,5692.3076923076915,0.0028631360375001797,231.72764983446712,0.07899999999999999,0.3376068376068376,1-0-331-1,u,UT_016,016,2,fave,80.57401752761537,50.895496408628986,10,would,1,0.21000600000002123,we,drive,W,D,W,D,internal
552.1212699846068,1637.1588321787601,2549.287143551189,3.2510512308722213,3.6452547095676864,4.158085604139729,5692.3076923076915,0.0001141271387303659,233.48164316553286,0.027000000000000003,0.32142857142857145,1-0-336-1,u,UT_016,016,2,fave,83.6889130307269,59.783446099136505,10,would,1,0.05999700000000985,i,attend,W,D,W,D,internal
546.9088734593994,1968.7194284412064,2873.0055151528927,3.395090088361224,3.758574204666008,4.146337474964448,5692.3076923076915,0.0009532065655669118,261.12775816553284,0.045,0.3358208955223881,1-0-424-1,u,UT_016,016,2,fave,103.10984652950918,55.328629300215525,10,could,1,0.10998499999999467,i,get,K,D,K,D,internal
544.1703580267641,1713.3031347785084,2888.706098884893,3.2910750407429936,3.0690457022874478,3.8617936559179658,5871.794871794871,4.9908669766475825e-6,381.4306481655329,0.027000000000000003,0.32142857142857145,1-0-648-5,u,UT_016,016,2,fave,136.4778569320992,59.66033750781516,10,childhood,2,0.05999700000000985,core,memory,HH,D,HH,D,internal
466.5869864366736,1835.6860413257762,2780.7230516222103,2.8515463831901133,3.9792663043042555,4.100581334156166,5512.820512820513,0.00003056938026696441,391.2306351655329,0.027000000000000003,0.32142857142857145,1-0-683-1,u,UT_016,016,2,fave,159.54825653607753,52.74681565400937,10,would,1,0.05999800000000732,she,just,W,D,W,D,internal
538.8419756416758,1850.4517038270253,2977.536373628241,3.069391682489266,3.5260091189464475,4.206815165721075,5692.3076923076915,0.000044830808206334664,530.9788351655329,0.027000000000000003,0.32142857142857145,1-0-958-5,u,UT_016,016,2,fave,164.6811682678808,61.779879401268644,10,neighborhood,2,0.059996999999953005,of,"",HH,D,HH,D,internal
536.5760385484127,1554.086040238745,2952.9134014106594,3.3095205121981217,3.7045590548169134,4.304067706354087,5692.3076923076915,0.0005282388549578163,533.3486535034014,0.037000000000000005,0.324561403508772,1-0-965-1,u,UT_016,016,2,fave,79.35783608130875,57.378659907468816,10,would,1,0.09002700000007735,we,always,W,D,W,D,internal
481.4668243661927,1619.7081241058227,2544.8000250557834,3.1962923229284916,3.5418238411644145,4.000857620469636,5692.3076923076915,0.00029046513138279376,535.8081201655328,0.027000000000000003,0.32142857142857145,1-0-973-1,u,UT_016,016,2,fave,80.9871339932235,61.703223190925854,10,would,1,0.05999700000006669,we,build,W,D,W,D,internal
489.52884300023567,1819.2015180229303,2726.6134531047474,3.098000695789225,3.7255313073693475,4.183869081460028,5692.3076923076915,0.00022835932762894657,540.0631258344671,0.037000000000000005,0.324561403508772,1-0-984-1,u,UT_016,016,2,fave,166.61791440496975,63.973655098619126,10,would,1,0.09002600000007988,we,build,W,D,W,D,internal
479.2156907205588,1596.3579565068344,2643.9710713892987,3.572040744641716,3.0817430738780915,3.7821581626434635,5512.820512820513,0.0006078316356484024,541.3401548344671,0.031,0.32978723404255317,1-0-988-1,u,UT_016,016,2,fave,81.15494674230989,54.97108898757296,10,would,1,0.07000700000003235,we,have,W,D,W,D,internal
588.3531398567516,1628.1672397736058,2568.654801875523,3.6477294071369433,3.191299825081891,3.999885581266362,5692.3076923076915,0.0000813841923402139,544.1601618344671,0.031,0.32978723404255317,1-0-1000-1,u,UT_016,016,2,fave,157.45346364084918,57.459315327339475,10,would,1,0.07000800000002982,we,"",W,D,W,D,internal
490.28744627026975,1635.6848742441382,2686.601240675432,3.1013429002500787,3.1955415878061575,4.253250303559116,5871.794871794871,0.0004118000657002449,549.2151384965987,0.040999999999999995,0.33064516129032256,1-0-1015-1,u,UT_016,016,2,fave,83.72730558404008,61.15094454117253,10,would,1,0.09997599999996964,we,play,W,D,W,D,internal
501.9781168791644,1599.3809270946792,2626.8085003389033,3.4094559830402007,3.040174083071676,3.9018652453118325,5692.3076923076915,0.0005740500914622757,550.972159834467,0.035,0.3365384615384616,1-0-1022-1,u,UT_016,016,2,fave,83.36713158842882,54.92112107251649,10,would,1,0.080016999999998,we,play,W,D,W,D,internal
591.273082762434,1584.9382921749793,3086.2339877208387,3.4806407688760497,3.2095700567661467,3.771603053366464,5871.794871794871,0.000520255911990184,627.8825624965987,0.057,0.3275862068965517,1-0-1217-6,u,UT_016,016,2,fave,77.18982284855741,54.82052451223832,10,livelihoods,2,0.149962999999957,our,and,HH,D,HH,D,internal
466.10638216260816,1675.5800129231523,2582.629211542183,2.517810815921139,3.9449633402655704,3.833117023022168,5692.3076923076915,0.00004912506203213763,644.2779681655329,0.027000000000000003,0.32142857142857145,1-0-1262-1,u,UT_016,016,2,fave,78.2240782947405,69.77308576999197,10,would,1,0.05999799999995048,we,grow,W,D,W,D,internal
488.38874113925084,1608.3165875302766,2656.6389886884735,3.2052899635963947,3.2290100167710896,3.921612610589925,5512.820512820513,0.000038748517684180926,648.1087708344671,0.031,0.32978723404255317,1-0-1274-1,u,UT_016,016,2,fave,76.70829855807514,61.9655649166547,10,would,1,0.07000699999991866,we,grow,W,D,W,D,internal
504.7322236887376,1443.9830130954642,2640.212107424879,3.0989576401167813,3.4399830354478493,4.332531423002984,5512.820512820513,0.00013393386772932734,650.460745834467,0.035,0.33653846153846156,1-0-1281-1,u,UT_016,016,2,fave,75.05012432006804,67.49488139867701,10,butcher,1,0.080016999999998,to,and,B,CH,B,CH,internal
490.92821270146135,1685.3103717212728,2695.9620322644378,3.154608030773931,3.668808136604891,4.147360696459422,6051.282051282051,0.0010609779915984185,706.3698325034014,0.037000000000000005,0.324561403508772,1-0-1413-1,u,UT_016,016,2,fave,178.56525121234813,63.0539564432506,10,would,1,0.09002699999996366,we,get,W,D,W,D,internal
469.27463204911675,1705.5223583529048,2561.9710668934204,3.2198549828773766,3.6616770856192526,4.073707344808605,5512.820512820513,0.00018981155284341549,710.9968318344671,0.031,0.32978723404255317,1-0-1426-1,u,UT_016,016,2,fave,80.21648473762974,58.10953965640918,10,would,1,0.07000700000003235,we,do,W,D,W,D,internal
490.47042309065176,1671.331545493133,2506.144154434814,2.8411196042271025,3.22778242262196,4.064412642236875,5871.794871794871,0.000018492591708260783,735.5927261655329,0.027000000000000003,0.32142857142857145,1-0-1488-1,u,UT_016,016,2,fave,167.33902481043347,68.50554338016471,10,would,1,0.05999799999995048,we,take,W,D,W,D,internal
523.5509040354121,1646.6185551501592,2363.3534134566808,3.2659609977648056,3.687409817693202,4.292939195209584,5692.3076923076915,0.00023835114878504668,736.6447638276644,0.031,0.32978723404255317,1-0-1494-1,u,UT_016,016,2,fave,82.57691862245514,59.55006764388498,10,would,1,0.06994700000007015,i,take,W,D,W,D,internal
747.6298394318126,1509.0125837242347,2860.8697805445504,3.6882437949128226,3.1647809290386326,4.2078507082956005,5871.794871794871,0.00002989936842848987,738.8427261655329,0.027000000000000003,0.32142857142857145,1-0-1505-1,u,UT_016,016,2,fave,148.11036407758024,64.30166922737912,10,would,1,0.05999799999995048,mom,make,W,D,W,D,internal
520.069594309696,1578.9475865933161,2734.682397469625,3.577326479469444,3.2735736032408607,4.2764861853987615,5692.3076923076915,0.0002979416672368554,740.7067618276644,0.035,0.3365384615384616,1-0-1514-1,u,UT_016,016,2,fave,77.8706187914882,57.8183423565516,10,would,1,0.07995600000003833,we,"",W,D,W,D,internal
544.1200462573803,1799.0894074204225,2694.8085667051687,3.214238884385013,3.2364964051651977,3.601745015634069,5871.794871794871,0.00003124135777823234,746.7947448344671,0.031,0.32978723404255317,1-0-1539-1,u,UT_016,016,2,fave,182.37739193679155,63.79540297889196,10,would,1,0.07000700000003235,she,have,W,D,W,D,internal
461.61702975948464,1686.9966902619378,2565.6944828833025,2.5550203465742696,3.9901563118946757,4.901950048489985,5871.794871794871,0.0004729574400227908,765.5723411655329,0.027000000000000003,0.32142857142857145,1-0-1575-1,u,UT_016,016,2,fave,156.96847075074783,63.530131145930724,10,would,1,0.05999700000006669,she,just,W,D,W,D,internal
531.5275083494653,1564.1012680093688,2653.518771218464,2.9580102850492693,3.5815536711280327,4.079748007623608,5692.3076923076915,0.0001525666455964348,797.3366758344671,0.031,0.32978723404255317,1-0-1691-1,u,UT_016,016,2,fave,87.89959572791815,67.97231147965303,10,would,1,0.07000700000003235,we,have,W,D,W,D,internal
394.694600036313,1616.2132598661296,2386.7207065388375,2.664893354035514,3.3892172253476422,3.9011889849389494,6051.282051282051,0.000053920289216894654,804.0946361723355,0.027000000000000003,0.32142857142857145,1-0-1713-1,u,UT_016,016,2,fave,116.88461282334312,57.42739808696647,10,put,1,0.06005800000002637,would,on,P,T,P,T,internal
547.4095081608245,1520.598909726983,2642.996531647925,3.521388772123301,3.6419049812082736,3.943719596871439,5692.3076923076915,0.0000759050950103223,805.5046531655329,0.027000000000000003,0.32142857142857145,1-0-1719-1,u,UT_016,016,2,fave,83.16128133942541,60.9161247756358,10,would,1,0.059996999999953005,they,"",W,D,W,D,internal
527.3203333616119,1680.6903913732567,2493.8236388855244,2.92875346984456,3.221289907555784,4.571157759554808,5512.820512820513,0.0012475907264398638,813.5386325034013,0.035,0.3365384615384616,1-0-1747-1,u,UT_016,016,2,fave,165.81805600342093,65.63473815182455,10,would,1,0.080016999999998,i,lo,W,D,W,D,internal
505.7178297289936,1424.3369113262374,2989.588291789651,3.664804536653365,3.991133068095248,4.323333973442863,6410.25641025641,0.000604925159615876,822.0057585034014,0.037000000000000005,0.324561403508772,1-0-1774-1,u,UT_016,016,2,fave,160.61214402596076,56.254207051612276,10,would,1,0.09002600000007988,they,quilt,W,D,W,D,internal
484.8294950442067,1589.2515443721904,2558.093417680594,3.4130392613034735,3.0753733671165158,3.728974699755531,5512.820512820513,0.00015223953922709007,833.5627498344671,0.031,0.32978723404255317,1-0-1812-1,u,UT_016,016,2,fave,78.45013832221431,62.52590132967738,10,would,1,0.07000699999991866,she,water,W,D,W,D,internal
524.3637346015969,1512.9935685857724,2916.8255888323492,3.494348122150221,3.4628625026048967,4.025706526651427,5871.794871794871,0.0004466414960170237,851.810232834467,0.035,0.3365384615384616,1-0-1878-1,u,UT_016,016,2,fave,160.4070059861473,61.18646095651364,10,would,1,0.08001799999999548,i,"",W,D,W,D,internal
574.4126151975929,1540.994387547513,2990.0266442291995,3.39110373019381,3.446289505036904,3.640216184474147,6051.282051282051,0.0030738767188981868,1020.6183395034013,0.045,0.3358208955223881,1-0-2234-5,u,UT_016,016,2,fave,183.89977990599755,53.00074650269804,10,childhood,2,0.11004600000001119,early,"",HH,D,HH,D,internal
502.3510722089871,1326.9223208506207,2801.1605699625757,3.477928830767538,3.5908626266423274,4.14052876196248,6230.7692307692305,0.0011563107580745391,1333.801701165533,0.047,0.3263888888888889,1-0-2830-1,u,UT_016,016,2,fave,76.56018458331158,63.28542888253212,10,would,1,0.11999500000001717,i,"",W,D,W,D,internal
556.3473924122492,1456.3317012234918,2913.2709633395225,3.327885951459833,3.477418727317718,3.5673405256575874,6230.7692307692305,0.00040298780358227705,1367.9886451723355,0.07100000000000001,0.3317757009345795,1-0-2887-1,u,UT_016,016,2,fave,84.0893951504453,60.58264180537395,10,woods,1,0.1900630000000092,the,"",W,D,W,D,internal
511.5350356906695,1708.573187617807,2901.5781612136016,2.978836427014471,3.021130867101896,3.638030986894727,6051.282051282051,0.0000850025959825227,1369.636667834467,0.047,0.3263888888888889,1-0-2891-2,u,UT_016,016,2,fave,94.04411400939841,66.65175501539312,10,stood,1,0.11999500000001717,sailor,at,T,D,T,D,internal
455.933347398935,902.5361505023277,3259.103180306213,3.0430362940273223,3.465506434281043,3.824008260609728,6410.25641025641,0.001345601371517032,1389.469261165533,0.085,0.3346456692913386,1-0-2945-1,u,UT_016,016,2,fave,79.34368442372131,63.657390740448974,10,wool,1,0.22998000000006869,than,"",W,L,W,L,internal
575.132222818465,1489.2986323977427,3145.163231707034,3.063632762284324,3.4441695205858287,3.656015137139449,5871.794871794871,0.00004657846377809482,1390.7302831587301,0.027000000000000003,0.32142857142857145,1-0-2949-1,u,UT_016,016,2,fave,186.262147188269,67.62403970944257,10,looking,1,0.059936000000107015,was,"",L,K,L,K,internal
581.0803192565131,1324.8932183869833,2785.1486484879456,3.226338368966528,3.5794296355845527,3.976173944712066,5333.333333333333,0.0006919810722572672,1418.0384025034014,0.057,0.3275862068965517,1-0-3025-1,u,UT_016,016,2,fave,97.7912135790612,62.87743872256106,10,cooked,1,0.15002400000003036,was,by,K,K,K,K,internal
500.603550957729,1448.5071006825237,2674.4200266158427,2.770015021219198,3.6196841443932737,4.022826387442723,6230.7692307692305,0.0001206548374469101,1418.8424434965987,0.045,0.3358208955223881,1-0-3028-1,u,UT_016,016,2,fave,166.69394776574165,65.97264268486629,10,wooden,1,0.1099859999999353,the,"",W,D,W,D,internal
622.5764963872857,1394.8905603907103,2861.643962836609,3.021798537311092,3.4860910947001047,3.6729510207538563,5871.794871794871,0.0002112210400567615,1422.0141558344671,0.051000000000000004,0.3311688311688312,1-0-3036-1,u,UT_016,016,2,fave,262.6033927425104,67.47280237585865,10,cooked,1,0.13000499999998283,was,by,K,K,K,K,internal
650.7988104973547,1474.5144469688469,2923.9037177578853,3.1137780046165373,3.4492720907217884,3.8717096743262536,5871.794871794871,0.00008441448257468057,1428.5413298412698,0.035,0.3365384615384616,1-0-3053-1,u,UT_016,016,2,fave,170.28187786496977,63.56242759548345,10,would,1,0.08007799999995768,children,waddle,W,D,W,D,internal
576.032480096086,1138.2985027787668,2942.1425023706875,3.0940345843273906,3.6831818778076313,3.7573249111063056,5692.3076923076915,0.00045610320008861323,1462.4880798344673,0.055,0.33536585365853655,1-0-3140-1,u,UT_016,016,2,fave,219.08061832191797,68.04346730566596,10,book,1,0.1400149999999485,the,had,B,K,B,K,internal
535.8035380986877,1277.369859212548,3283.9120532257375,3.0929486858219613,3.7254119536174257,4.031869975201301,6589.74358974359,0.00042258187800406165,1474.4304171723356,0.07100000000000001,0.33177570093457953,1-0-3173-1,u,UT_016,016,2,fave,108.09915333470869,68.15036402497238,10,woods,1,0.19006399999989299,the,are,W,D,W,D,internal
777.9137621870561,1768.8699857978297,2838.5514528240237,3.594752024414288,3.7513961233164244,4.339228816555193,6589.74358974359,0.001293040976883438,224.51305216553286,0.051000000000000004,0.29310344827586204,1-0-315-1,aw,UT_016,016,2,fave,78.93344975867583,59.70842913115288,10,down,1,0.14999400000002083,drive,to,D,N,D,N,internal
854.0477535590667,1710.3290131136162,2604.0151202833263,3.5033870291337363,3.6997596059189535,4.096496772383791,5871.794871794871,0.011486033323222313,230.5286578344671,0.101,0.32165605095541405,1-0-326-1,aw,UT_016,016,2,fave,129.72946575771564,53.89793692482921,10,down,1,0.2899940000000072,us,"",D,N,D,N,internal
755.8433100695656,1941.975882183473,2716.0914559653374,3.6967978272805913,3.841094737295129,3.978218718678501,6051.282051282051,0.01134054035391157,232.4546508344671,0.093,0.31632653061224486,1-0-333-1,aw,UT_016,016,2,fave,78.6657835334127,50.919963942609,10,down,1,0.27000400000000013,drive,"",D,N,D,N,internal
778.0819707740576,1627.9715979904634,2661.142268659914,3.263596001241688,3.540634802830088,3.9886782482800354,6051.282051282051,0.00017716076218477842,475.9208541655329,0.035,0.2430555555555556,1-0-834-3,aw,UT_016,016,2,fave,123.44041997293549,65.09945530650036,10,without,1,0.11999500000001717,and,the,TH,T,TH,T,internal
869.4666147983437,1655.7277913963762,2782.547338796863,3.471563399190229,3.324567263587577,3.9200527469129036,5512.820512820513,0.000466158678939053,542.0631201655328,0.037000000000000005,0.24025974025974028,1-0-991-1,aw,UT_016,016,2,fave,153.30373608556874,53.91361441462823,10,mountains,1,0.13000400000009904,little,that,M,N,M,N,internal
781.4264331704638,1914.3031563704812,2869.3632431949145,4.165235115834544,3.606527440653636,4.275401113729578,6410.25641025641,0.008662044405187527,573.3372604965986,0.061000000000000006,0.3505747126436782,1-0-1101-1,aw,UT_016,016,2,fave,158.4756250692251,53.57350909457314,10,around,1,0.14996300000007068,being,the,*hr,N,*hr,N,internal
762.4492553869067,1764.7995574271968,2326.172416075253,3.787604524949038,3.4039063638184,4.024619296904672,5512.820512820513,0.00008244898414804009,627.1665561655328,0.025,0.2976190476190476,1-0-1216-0,aw,UT_016,016,2,fave,75.61344673642701,59.598076334068246,10,our,1,0.059996999999953005,maintain,livelihoods,#,*hr,N,*hr,initial
870.5566669545478,1551.4010999683778,2564.4271922599596,3.1568033438062777,3.4001706483379133,4.1143478960372155,5692.3076923076915,0.0006166988529151284,652.3257408344671,0.025,0.11160714285714286,1-0-1290-1,aw,UT_016,016,2,fave,144.8669500288904,61.32732676995205,10,cows,1,0.20001200000001518,the,and,K,Z,K,Z,internal
608.4322278691773,1421.4830902905223,2903.067897868662,3.1288645855469066,3.7583145467847228,4.719471652802474,6769.2307692307695,0.0005360195490681236,678.3389638276644,0.035,0.37234042553191493,1-0-1331-1,aw,UT_016,016,2,fave,103.22918625527419,48.72899108344914,10,down,1,0.06994599999995899,from,"",D,N,D,N,internal
782.4247635803972,1613.1519697328313,2718.776762164135,3.050078921661012,3.2859713055687045,4.124849882476056,5512.820512820513,0.0003348024915749968,785.4313375034013,0.025,0.21929824561403513,1-0-1646-0,aw,UT_016,016,2,fave,160.12385642341738,60.20159661485762,10,out,1,0.09002699999996366,pick,a,#,T,K,T,initial
873.2114143311707,1499.918235524764,2796.624673277611,3.8769264986278937,4.077415450645871,4.487341076054684,5512.820512820513,0.004637169915751774,799.7036651655328,0.025,0.12254901960784315,1-0-1697-1,aw,UT_016,016,2,fave,163.15274032156802,50.92963751978184,10,house,1,0.17999299999996765,grandma's,"",HH,S,HH,S,internal
788.572166569643,1882.7897310862984,2778.5487104101776,3.355234824715865,3.632595689265328,4.1812900374144375,6051.282051282051,0.0008921264349261019,819.068730834467,0.08300000000000002,0.2922535211267606,1-0-1764-1,aw,UT_016,016,2,fave,155.34492379965,55.07231076731465,10,down,1,0.2600089999999682,go,and,D,N,D,N,internal
814.4888659777494,1791.1078415872184,2882.7055806255785,3.622057030002667,3.4459844312435393,3.9247104118981473,5871.794871794871,0.0012293028143041255,820.1367335034014,0.099,0.336734693877551,1-0-1768-1,aw,UT_016,016,2,fave,82.23384450365714,49.45341114783859,10,down,1,0.2700199999999313,and,and,D,N,D,N,internal
905.0949115708405,1481.7779386344873,2754.7734528289966,3.8092607978288737,3.9935975108418256,4.185114856137294,6051.282051282051,0.008682451080260238,826.8157455034013,0.057,0.3097826086956522,1-0-1790-1,aw,UT_016,016,2,fave,153.64189837768697,57.344668393313526,10,house,1,0.160033999999996,her,"",HH,S,HH,S,internal
855.4045631742431,1540.0422027975799,2375.1185336265216,3.4143418002805728,3.8229917712400683,4.202524651316941,5512.820512820513,0.0038960023752298667,996.3981345034013,0.025,0.18656716417910452,1-0-2217-1,aw,UT_016,016,2,fave,79.58943146431363,55.490665714608156,10,how,1,0.11004600000001119,and,to,HH,#,HH,T,final
944.1944760630694,1374.1954437112906,2589.095787124189,3.3352523992297045,3.6234259469827865,4.651746281694028,5512.820512820513,0.014294197362834864,1081.6603244965986,0.025,0.06868131868131866,1-0-2347-1,aw,UT_016,016,2,fave,-125361.85793591884,55.03379845115185,10,wow,1,0.339966000000004,"","",W,#,W,"",final
769.2787288135809,1602.591795364729,2402.946408934125,3.3617934014006,3.7337406063674754,4.27607168921576,6051.282051282051,0.0005735226530734583,1139.2067871655327,0.031000000000000003,0.2012987012987013,1-0-2471-3,aw,UT_016,016,2,fave,141.6699797821403,57.08186075090247,10,throughout,1,0.13000499999998283,it,our,Tuw,T,Tuw,T,internal
842.7825359664657,1610.4188244258437,2281.5479536867088,3.639134345404556,3.7987810944121536,4.437960269794184,5871.794871794871,0.0011501736043271517,1148.2257914965985,0.049,0.3951612903225807,1-0-2506-1,aw,UT_016,016,2,fave,120.66312068345707,58.80067967558074,10,sound,1,0.09997500000008586,"",that,S,N,S,N,internal
782.1457547800243,1667.553805704116,2321.890781922442,3.465369673362659,3.544973798005164,3.9462374260445245,5333.333333333333,0.0004124028457589586,1206.4074421655328,0.039,0.29104477611940305,1-0-2634-5,aw,UT_016,016,2,fave,139.01770376622684,59.465342546058125,10,background,2,0.10998600000016268,the,experiences,R,N,R,N,internal
826.2647158974618,1513.453763422142,2959.860480990341,3.707814773252753,3.791076468108573,4.2510392219718796,6051.282051282051,0.0010371296568323506,1215.8595785034013,0.037,0.21264367816091956,1-0-2662-2,aw,UT_016,016,2,fave,77.60012010883425,60.76908464095893,10,allows,1,0.15002500000014152,"",them,L,Z,L,Z,internal
762.8515767411164,1709.4337254122536,2660.329066076011,3.1732643412211137,3.5681380259009563,3.6894225192325036,6051.282051282051,0.000515557359221658,1233.2985148344674,0.035,0.2430555555555556,1-0-2713-3,aw,UT_016,016,2,fave,516637.6701790144,60.23403810335715,10,without,1,0.11999500000001717,"",knowing,TH,T,TH,T,internal
759.6377175330554,1915.6062155655811,2722.5837665131085,3.4786015690486947,4.381206880644847,4.433998665667956,6230.7692307692305,0.017361183426052588,1357.4856395034014,0.065,0.3350515463917526,1-0-2853-1,aw,UT_016,016,2,fave,84.15743050217918,60.32292223568541,10,found,1,0.17004399999996167,man,"",F,N,F,N,internal
702.0364845276096,1815.8386695809138,2700.0163098280273,3.3319591514959566,3.3433090555345975,4.047002820501266,6051.282051282051,0.00028781458933650533,1366.5906231655329,0.035,0.2272727272727273,1-0-2881-1,aw,UT_016,016,2,fave,93.0697076129758,64.08197743192976,10,found,1,0.13000499999998283,hiker,a,F,N,F,N,internal
923.5254211838258,1747.8685774739126,2537.9048311227352,3.8220694129726223,3.8193666111124664,4.618187607830399,5692.3076923076915,0.038412781790520274,1384.7825481723357,0.057,0.25446428571428575,1-0-2934-1,aw,UT_016,016,2,fave,118.88247152004287,57.494597945109675,10,mouse,1,0.20007299999997485,a,"",M,S,M,S,internal
797.5543552249288,1691.6704133513033,2775.088812295101,3.448560151481873,3.7873769052965134,4.87662546106402,6230.7692307692305,0.011783462503225066,1408.936256834467,0.039,0.23780487804878048,1-0-3000-2,aw,UT_016,016,2,fave,86.32040148417092,64.14270734832364,10,about,1,0.1400149999999485,learn,britain,B,T,B,T,internal
853.5343941936629,1575.7412173859823,2462.2722671964516,3.3588291714798726,3.6553447660268485,4.2380013533268475,5692.3076923076915,0.0001469988003829783,1412.2474741655328,0.055,0.4104477611940299,1-0-3010-1,aw,UT_016,016,2,fave,80.55253163561368,63.9507466334192,10,fountain,1,0.10998500000005151,the,noisily,F,N,F,N,internal
758.3415950857743,1817.651425357696,2660.476371806132,3.6930786440999173,3.5367828380977615,4.088909959650559,6051.282051282051,0.0005423517181050775,1414.6714121723355,0.063,0.3247422680412371,1-0-3015-1,aw,UT_016,016,2,fave,85.57692282339339,66.25175318438335,10,found,1,0.17004399999996167,child,a,F,N,F,N,internal
838.0100251635868,1633.4651548485317,2660.507640011885,3.162096108629583,3.9884522263295006,4.181547252210764,6410.25641025641,0.0010184422055004331,1433.1524008344672,0.025,0.09124087591240877,1-0-3064-1,aw,UT_016,016,2,fave,164.0506293402279,62.55001104409113,10,cow's,1,0.25,the,"",K,Z,K,Z,internal
818.6981293549602,1762.6146822991104,2731.973929758089,3.4597124289457986,3.362724656671573,3.9398954095927676,5871.794871794871,0.0001855833836855243,1448.163006165533,0.045000000000000005,0.31250000000000006,1-0-3103-0,aw,UT_016,016,2,fave,158.27365948111623,55.88753748589251,10,outside,1,0.11999500000001717,from,"",#,T,M,T,initial
780.8339993967961,1898.6495123814923,2679.728274000624,3.508892754014734,3.7438632023650626,3.9834816856450144,6589.74358974359,0.000786417924756845,1453.5670315034015,0.07300000000000001,0.3762886597938145,1-0-3114-1,aw,UT_016,016,2,fave,81.97608399989642,61.7211492026717,10,found,1,0.17004399999996167,mechanic,the,F,N,F,N,internal
784.2730243144507,1641.8067376171648,2792.566621935702,3.3344675494014266,3.535719037684,4.487470315287321,5871.794871794871,0.0009433575859924096,1480.331449834467,0.033,0.201219512195122,1-0-3190-2,aw,UT_016,016,2,fave,161.63853669412066,61.98688854021294,10,about,1,0.1400149999999485,"",latin,B,T,B,T,internal
739.2547137384047,1964.907354338703,2879.232517847931,3.640274147296427,3.484483037367655,4.04559003019486,6410.25641025641,0.01701979704381795,1483.6953968344671,0.121,0.28537735849056595,1-0-3197-1,aw,UT_016,016,2,fave,120.53960184445776,62.839256609469864,10,found,1,0.40002400000003036,watchmen,"",F,N,F,N,internal
806.2795662976499,1792.7212766541695,2780.127048112929,3.6419088096032386,3.4063899359318714,3.9485233014448626,6230.7692307692305,0.0012237495944786327,1484.91147615873,0.093,0.2961783439490446,1-0-3200-1,aw,UT_016,016,2,fave,150.15760105014982,60.95162363931678,10,found,1,0.2899170000000595,watchmen,"",F,N,F,N,internal
764.4770365428647,1638.7079271197583,2531.409896163665,3.195296747344373,3.780396081630572,4.268215293387569,6051.282051282051,0.00030284608979654304,1492.583444165533,0.037000000000000005,0.2761194029850747,1-0-3220-2,aw,UT_016,016,2,fave,166.74931209879134,66.57829159488362,10,about,1,0.1099859999999353,heard,the,B,T,B,T,internal
788.0843999531867,1630.2393940670836,2683.231102713138,3.1916211553066014,3.6473409445347484,4.489698658801321,6230.7692307692305,0.0009256098894791808,1496.0318048344673,0.057,0.3475609756097561,1-0-3229-2,aw,UT_016,016,2,fave,160.45288882099936,66.21662802420423,10,about,1,0.1400140000000647,learned,the,B,T,B,T,internal
775.1035491032501,1836.3369995035932,2914.1797199866687,4.1650029021244634,3.556050110389294,4.625421011106335,6769.2307692307695,0.006834050811642059,1496.44686584127,0.047,0.21962616822429906,1-0-3231-1,aw,UT_016,016,2,fave,85.50629581826183,61.25722094258407,10,mountains,1,0.1900630000000092,the,in,M,N,M,N,internal
671.4105287394367,1921.787280650689,2997.781370022911,3.2417440880809365,3.4936988011098604,4.081410250283005,6230.7692307692305,0.0004190211990826558,1502.7288835034012,0.051000000000000004,0.27717391304347827,1-0-3247-1,aw,UT_016,016,2,fave,180.80589505381886,68.30336705580392,10,found,1,0.160033999999996,man,a,F,N,F,N,internal
682.5074649728082,1775.4868544253216,2556.362138367761,4.07938774121272,3.303411310360321,3.5415877449141338,5333.333333333333,0.007287260317683947,272.7237408344671,0.097,0.3299319727891156,1-0-453-1,oy,UT_016,016,2,fave,165.91873353525372,44.37460765493095,10,boy,1,0.2700189999999907,"","",B,#,B,"",final
603.7365006382289,1553.83463108012,2764.062593964676,3.085335887313621,3.729119439061051,4.49944693338231,6589.74358974359,0.0004888847866833717,937.925945834467,0.055,0.3353658536585366,1-0-2059-3,oy,UT_016,016,2,fave,167.6105609945663,62.57794584901281,10,enjoy,1,0.14001500000006217,really,reading,JH,#,JH,R,final
594.7928836599874,1559.5640169122585,2255.8601044153525,3.3091284256378457,3.831915576508903,4.793371652235421,5512.820512820513,0.00710992778634658,941.5839638276643,0.051000000000000004,0.3311688311688312,1-0-2072-3,oy,UT_016,016,2,fave,75.70975540959022,58.412772402498454,10,enjoyable,1,0.12994300000002568,are,things,JH,@,JH,@,internal
677.8451939421211,1379.6642316770854,2962.221128308149,3.5373872888887856,4.2664697454848755,4.3444010604264625,6589.74358974359,0.04182152593662374,1060.552225834467,0.185,0.33393501805054143,1-0-2307-3,oy,UT_016,016,2,fave,159.15990219703798,56.68100283242982,10,enjoy,1,0.5300290000000132,and,"",JH,#,JH,"",final
586.9201668084606,1046.3220499360145,2682.028271726289,3.6115511468404886,3.7455875785914716,4.475271594400934,5512.820512820513,0.0010704437545752143,1230.6516004965986,0.040999999999999995,0.33064516129032256,1-0-2707-1,oy,UT_016,016,2,fave,160.1873571576148,66.86406554902256,10,point,1,0.09997599999996964,"",zero,P,N,P,N,internal
409.0757721383074,1149.212271126637,2295.1671134913427,3.7344249005582975,3.9819783151042056,4.411834708665226,6230.7692307692305,0.010145170497350375,1412.6884265034014,0.057,0.32758620689655177,1-0-3011-1,oy,UT_016,016,2,fave,82.81624594534509,60.47557114152494,10,noisily,1,0.15002400000003036,fountain,"",N,Z,N,Z,internal
555.2156558635837,1297.2665324463233,2759.2182803134947,3.2732748118048183,3.572484443566994,3.927854563520727,6230.7692307692305,0.0014344731761497254,1443.6250421587304,0.10899999999999999,0.3364197530864197,1-0-3090-0,oy,UT_016,016,2,fave,83.60238346431372,60.23747950674512,10,oil,1,0.29992700000002515,"",wells,#,L,"",L,initial
719.4466095819222,1107.2207200435107,2543.3651702629254,3.546496121162819,3.4050415447933142,3.9798399517561336,5153.846153846154,0.00029660118896173343,465.87184650340134,0.037000000000000005,0.324561403508772,1-0-809-1,ahr,UT_016,016,2,fave,124.77670841955343,61.64292814072681,10,farm,1,0.09002699999996366,"",community,F,R,F,R,internal
785.4354024171016,1432.8284287604572,1962.5963677394234,3.4081124532080205,3.3627579112077846,4.111235868084918,5512.820512820513,0.0006765487837754259,545.8921485034012,0.035,0.3365384615384616,1-0-1004-1,ahr,UT_016,016,2,fave,79.22459003742337,60.057535042330166,10,cars,1,0.080016999999998,matchbox,and,K,R,K,R,internal
800.0302395615588,1299.2920827864718,2421.026065454869,3.4314817804471422,3.106971635257504,3.933494268913266,5333.333333333333,0.00029033553060678157,555.0381511655329,0.047,0.3263888888888889,1-0-1033-1,ahr,UT_016,016,2,fave,81.60017664879032,59.63552958168209,10,farm,1,0.11999500000001717,the,and,F,R,F,R,internal
722.4083397803978,1276.3137022388282,2237.5378654433325,3.553885949697311,3.738057719869102,4.153473965488231,5333.333333333333,0.00010576393890374334,571.8702531655329,0.027000000000000003,0.32142857142857145,1-0-1096-1,ahr,UT_016,016,2,fave,83.38114516130447,59.162049088801055,10,farm,1,0.05999800000006417,the,animals,F,R,F,R,internal
661.444743490401,1714.7932806035797,2134.1826815289664,3.637215927383511,3.604302974405315,4.229080754009788,5333.333333333333,0.0014589789168210857,854.2452315034013,0.045,0.3358208955223881,1-0-1888-1,ahr,UT_016,016,2,fave,155.28555312514573,56.94653536263014,10,yard,1,0.11004700000000867,her,and,Y,R,Y,R,internal
561.7215428820623,876.5923902729602,1658.7728371498197,3.8267065629242163,3.437060308177093,4.115823168901726,3000.0,0.0006505191402596371,948.8819778344672,0.027000000000000003,0.32142857142857145,1-0-2079-1,ahr,UT_016,016,2,fave,38.21805749222476,63.43333481958978,10,sorry,1,0.05999799999995048,"","",S,R,S,R,internal
632.3612579753294,1075.6533889550212,1405.305398996747,4.0673199851932695,4.092918270274332,4.004056936648616,3897.4358974358975,0.004126272640326804,1122.422725834467,0.051000000000000004,0.3311688311688312,1-0-2412-0,ahr,UT_016,016,2,fave,77.03994809968111,60.12007759491348,10,our,1,0.1300050000002102,in,schema,#,R,N,R,initial
596.170728729947,1578.3591403472149,3052.718780062607,3.687421947964189,3.3656265657899915,4.536250069223173,7307.692307692308,0.00001716867397440269,1273.5661091723355,0.025,0.33783783783783783,1-0-2804-0,ahr,UT_016,016,2,fave,78.18760043607335,64.40861410065558,10,articulating,0,0.0500489999999445,as,and,#,R,Z,R,initial
624.0768452530137,1787.13030001402,2731.079671591413,4.376624422728822,3.949839098841344,4.728093933909019,6589.74358974359,0.00019537531317319595,1355.8156145034015,0.025,0.33783783783783783,1-0-2848-0,ahr,UT_016,016,2,fave,78.61807174273443,60.05324179729552,10,our,1,0.0500489999999445,in,class,#,R,N,R,initial
681.6536156786105,1651.981152534542,3134.270850637636,3.3773334747068953,3.7875644782734157,4.780062816974412,6948.717948717948,0.0012761310297100953,1429.9713544965987,0.035,0.3365384615384616,1-0-3058-2,ahr,UT_016,016,2,fave,1176.6256838944153,57.736138903639436,10,stars,1,0.07995600000003833,the,"",T,R,T,R,internal
738.744747296133,1191.8395918308083,2442.6609958203817,2.828380136996383,3.4813754941100234,4.305744313472796,5512.820512820513,0.0005074315399034541,1432.0574428412697,0.035,0.3365384615384616,1-0-3061-1,ahr,UT_016,016,2,fave,98.94339392251884,68.10251470629757,10,farmer,1,0.08007799999995768,the,milked,F,R,F,R,internal
713.2960123534525,1485.4234394557395,2288.64471832465,3.1472571540395937,3.7850914710459262,3.958126489172085,5333.333333333333,0.0007709089407886535,1437.5174974965987,0.035,0.3365384615384616,1-0-3076-1,ahr,UT_016,016,2,fave,-2221.022399706946,58.292662526573444,10,dark,1,0.07995600000003833,the,"",D,R,D,R,internal
687.2094365701461,1281.0204921058496,2590.685510456516,2.980688003465032,3.66481931311963,3.8077340002604876,5512.820512820513,0.0001313544995608482,1438.9018438276642,0.031,0.32978723404255317,1-0-3079-1,ahr,UT_016,016,2,fave,86.28772745477706,67.79342658669889,10,gardener,1,0.06994700000018383,the,planted,G,R,G,R,internal
662.9714448127569,1884.476653394033,2832.5211367779643,3.103380348818973,3.420301496570085,4.555218975619369,6589.74358974359,0.00008913492923069939,1466.8384428276643,0.027000000000000003,0.32142857142857145,1-0-3152-0,ahr,UT_016,016,2,fave,93.4483179097573,61.629034237751185,10,are,1,0.0599369999999908,french,"",#,R,CH,R,initial
591.5517971768849,1586.0430343193086,3306.9716281760616,2.567580789814998,3.6468043282645892,4.372051453545146,6230.7692307692305,0.0014530591473424545,1474.7304578276642,0.031,0.32978723404255317,1-0-3174-0,ahr,UT_016,016,2,fave,279.20689165871573,59.195004636696474,10,are,1,0.06994600000007267,woods,home,#,R,Z,R,initial
731.872360971356,1765.5568451430222,1973.0218561246143,3.5013698538661604,3.5663085860179624,4.219868650691673,5512.820512820513,0.000037862052392600374,1500.8668791587302,0.027000000000000003,0.32142857142857145,1-0-3242-0,ahr,UT_016,016,2,fave,162.44406280505564,64.67533113002789,10,our,1,0.0599369999999908,in,class,#,R,N,R,initial
886.0856462443414,1313.1734199864384,2899.2957280084424,3.5638602828095953,3.5732811728110554,4.475010383606334,5871.794871794871,0.0007265548046933884,835.6427668344671,0.031,0.32978723404255317,1-0-1819-2,oh,UT_016,016,2,fave,53055.57109579624,46.77332437064888,10,crawlers,1,0.07000699999991866,night,would,R,L,R,L,internal
683.9058728988049,1120.5061284175522,2506.1421630734612,3.4702719496478123,3.427568291476495,4.734664189196933,5333.333333333333,0.0059443271583509835,838.9447548344671,0.035,0.3365384615384616,1-0-1832-2,oh,UT_016,016,2,fave,271.5290039756343,56.01851703813869,10,crawlers,1,0.080016999999998,"","",R,L,R,L,internal
784.5079915076252,1311.2141553513786,2600.6736136966897,3.7468085075832485,3.4703014385067257,4.365557322197683,5333.333333333333,0.0003031133564643261,841.8727478344671,0.031,0.32978723404255317,1-0-1842-2,oh,UT_016,016,2,fave,79.43735316989813,59.8617740624485,10,crawlers,1,0.07000700000003235,night,"",R,L,R,L,internal
