F1,F2,F3,B1,B2,B3,max_formant,smooth_error,time,rel_time,prop_time,id,label,file_name,group,speaker_num,point_heuristic,f0,intensity,optimized,word,stress,dur,pre_word,fol_word,pre_seg,fol_seg,abs_pre_seg,abs_fol_seg,context
656.5431317974472,1367.5729626596576,2276.736082408886,3.251717780822937,3.55972377124327,4.411040350914234,5333.333333333333,0.0063178160728180255,2.12574716553288,0.191,0.3327526132404181,0-0-1-1,ae,UT_009,intvr,1,fave,247.690253916558,42.78325864939855,5,thank,1,0.5500000000000003,"",you,TH,NG,TH,NG,internal
595.8056475184893,1625.1323077102768,2637.689088390573,2.635889459581838,3.8008317495218464,4.51305455790567,5692.3076923076915,0.000982383675283777,15.838747165532881,0.057,0.32758620689655177,0-0-42-0,ae,UT_009,intvr,1,fave,92.29546046415187,49.08356151828385,5,ask,1,0.15000000000000036,i,basic,#,S,ay,S,initial
529.396128163476,1610.3653406688575,2607.282157130327,2.655290453184859,3.553448052082894,4.450912130004381,4974.358974358975,0.00009020314548868347,27.08374716553288,0.027000000000000003,0.32142857142857145,0-0-74-1,ae,UT_009,intvr,1,fave,91.79702731215068,42.96300780649856,5,that,1,0.059999000000001246,something,you,DH,T,DH,T,internal
579.301986050623,1639.4785250806226,2607.7674935847276,2.6954868246240546,3.3270453846398977,4.209511503165546,5153.846153846154,0.000252706714136832,28.94504616553288,0.035,0.33653846153846156,0-0-80-0,ae,UT_009,intvr,1,fave,94.94242845342762,40.003239640286864,5,and,1,0.0799999999999983,"",then,#,N,"",N,initial
655.8409666097505,1366.2020335881703,2929.518571568974,3.235284352927877,4.039304037353142,4.344072946627097,5512.820512820513,0.0011405583137550513,30.02604616553288,0.037000000000000005,0.324561403508772,0-0-84-1,ae,UT_009,intvr,1,fave,154.06455750071717,41.965058740697614,5,last,1,0.09000100000000089,the,part,L,S,L,S,internal
659.5821920489442,1506.7310042922677,2674.261076548779,2.7429782865732806,4.427129592833953,4.777919238426755,6410.25641025641,0.0035136229225916802,33.85504816553288,0.055,0.33536585365853655,0-0-97-1,ae,UT_009,intvr,1,fave,99.54850215949006,45.23924228168598,5,have,1,0.1399990000000031,i,forty,HH,V,HH,V,internal
531.6582973599723,1749.9948463762646,2688.757747542976,3.103672156762652,3.467242471442901,4.297361168242525,5333.333333333333,0.0016491372001751926,35.79604616553288,0.097,0.3299319727891156,0-0-101-0,ae,UT_009,intvr,1,fave,106.27853447687554,47.419202198008925,5,and,1,0.2700010000000006,"",i,#,N,"",N,initial
596.4040823598518,1388.3611530564142,2695.570444634821,2.4923204635078866,3.505838538173331,4.3207333364938485,5871.794871794871,0.000705909963671586,36.53004816553288,0.045,0.3358208955223881,0-0-104-0,ae,UT_009,intvr,1,fave,204.55232358438954,46.694345647820256,5,ask,1,0.1099969999999999,just,that,#,S,T,S,initial
539.6175585192315,1387.0452026361868,2749.875143390166,3.1951520427386244,3.811425994183345,3.807861522450744,5153.846153846154,0.00044526369913360577,37.98304716553288,0.031,0.32978723404255317,0-0-112-0,ae,UT_009,intvr,1,fave,124.7620653076916,41.901065862803975,5,at,1,0.07000000000000028,"",a,#,T,"",T,initial
443.05300262798073,1795.3862790055105,2459.5604512313303,3.3827165401519905,3.6935126323696137,4.271616108654826,5333.333333333333,0.0044419633159157625,56.34504516553287,0.095,0.33450704225352107,0-0-140-0,ae,UT_009,intvr,1,fave,110.19142938318673,46.24195968761296,5,and,1,0.26000300000000465,"",what,#,N,"",N,initial
506.68141407938765,1817.8094186195847,2815.0808958471057,3.187837398914488,3.7220068864834657,4.326398857564858,5333.333333333333,0.0023611813839226727,61.201148165532885,0.057,0.32758620689655177,0-0-146-0,ae,UT_009,intvr,1,fave,121.86404069522769,49.701432143169974,5,and,1,0.14999799999999652,"",what,#,N,"",N,initial
563.4594717563865,1573.3532824210076,2705.5771985525853,2.739007241020904,3.2940834980218034,4.415478642927967,5333.333333333333,0.00028904266492873603,73.16115016553287,0.037,0.32456140350877194,0-0-159-1,ae,UT_009,intvr,1,fave,125.02048996734169,48.65385383983648,5,have,1,0.0899959999999993,where,you,HH,V,HH,V,internal
623.404215630455,1412.6465048190619,2326.304217922978,4.179843395483134,4.530730787391538,4.81587792480505,5512.820512820513,0.0788621234057866,153.87144016553287,0.07100000000000001,0.3317757009345795,0-0-213-1,ae,UT_009,intvr,1,fave,4430.185598415972,57.59647547819191,5,yeah,1,0.19000300000001857,"","",Y,#,Y,"",final
611.2073789512265,1581.0744918383268,2592.754211795916,2.036670452358102,4.134569485148529,3.533194126872184,5333.333333333333,0.0001043838511983712,202.22314583446712,0.04100000000000001,0.3306451612903227,0-0-238-1,ae,UT_009,intvr,1,fave,103.07887933959694,55.49570308834364,5,that,1,0.10000600000000759,"",is,DH,T,DH,T,internal
556.8387503382362,1657.0680476047457,2633.309356982962,2.7946701147293562,4.152066295317522,3.73319226540106,5153.846153846154,0.00040563118927284354,203.43114616553288,0.037000000000000005,0.324561403508772,0-0-241-6,ae,UT_009,intvr,1,fave,98.01612573932518,46.7214206005148,5,understandable,1,0.08999700000001098,totally,and,T,N,T,N,internal
562.8437822540534,1476.3253594447779,2821.8875994909195,3.6138304642445793,4.16619048741266,3.9194402277606946,5871.794871794871,0.0008594820481386306,228.0135501655329,0.031,0.32978723404255317,0-0-278-1,ae,UT_009,intvr,1,fave,NaN,50.06310173037126,5,that's,1,0.06999199999998496,what,like,DH,T,DH,T,internal
609.5872338692021,1634.5568542387873,2682.285875259749,4.086711622975598,4.365743035530574,3.6911149004447994,5153.846153846154,0.015820371518992682,293.8875448344671,0.101,0.3322368421052631,0-0-310-1,ae,UT_009,intvr,1,fave,334.16243269387127,42.35307709221726,5,yeah,1,0.27999899999997524,"","",Y,#,Y,"",final
498.560693316836,1745.3242357335484,2596.6605845553936,3.5513014010234274,4.375728314693841,3.918473505921577,4794.871794871795,0.0027400363711738893,301.24215216553284,0.04100000000000001,0.3306451612903227,0-0-314-1,ae,UT_009,intvr,1,fave,NaN,35.48771267499448,5,yeah,1,0.10000600000000759,"","",Y,#,Y,"",final
321.59070358888306,1050.6186794667017,2161.324921959098,3.3836581983206955,3.8321985450307907,3.7459711236885664,5333.333333333333,0.0003393522573451662,330.7471481655329,0.035,0.33653846153846156,0-0-356-0,ae,UT_009,intvr,1,fave,301.48529645844917,63.859314900604865,5,as,1,0.07998600000001943,"",well,#,Z,"",Z,initial
539.4119055295412,1711.6078734357154,2689.927921137229,2.994320169669646,4.4130271269149155,3.6437686710320825,5153.846153846154,0.0032927922438033665,332.4771448344671,0.075,0.33482142857142855,0-0-359-0,ae,UT_009,intvr,1,fave,112.9048041256318,43.349587809635764,5,and,1,0.20001200000001518,"",did,#,N,"",N,initial
574.3289621996548,1615.4014479594425,2647.368504629756,2.961240480128018,4.298172004987363,3.951530632194211,5512.820512820513,0.0008524069744672148,333.50214816553284,0.045,0.3358208955223881,0-0-362-1,ae,UT_009,intvr,1,fave,198.14987159064586,43.96480117813619,5,dad,1,0.10998499999999467,your,teach,D,D,D,D,internal
515.8446830432458,1407.9693500627295,2626.2342861077013,2.7487204000364525,4.321876043421933,4.075316689605138,5512.820512820513,0.00013017774537035635,333.94515449659866,0.031,0.32978723404255317,0-0-365-0,ae,UT_009,intvr,1,fave,141.21866461448033,44.93539643218238,5,at,1,0.0699769999999944,you,a,#,T,uw,T,initial
401.0718021260875,1446.9153706301238,2392.036164050332,2.051342588247842,4.045165810269901,3.9271575930540004,4256.410256410256,0.00001604906272137983,344.0518458344671,0.025,0.33783783783783783,0-0-384-0,ae,UT_009,intvr,1,fave,97.86300796916125,47.59277108619195,5,as,1,0.050018000000022766,soon,you,#,Z,N,Z,initial
875.3910068013622,1851.117507505622,2856.50275773322,3.1726024441796663,3.85573844471543,4.558807307001644,5871.794871794871,0.0004667052244555633,345.59184483446717,0.045,0.3358208955223881,0-0-390-0,ae,UT_009,intvr,1,fave,232.78545356914483,63.10865231187762,5,and,1,0.11001599999997325,"","",#,N,"",N,initial
474.737516398534,1170.8526942458764,2541.019181396191,2.165819208247165,4.2545554056842745,4.126414528737586,5692.3076923076915,0.00005588258399919547,353.0952418344671,0.025,0.33783783783783783,0-0-395-1,ae,UT_009,intvr,1,fave,431.59123295513257,49.61554566489825,5,that's,1,0.05001799999996592,that's,kind,DH,T,DH,T,internal
564.3283965476342,1430.2449127689163,2538.543150985092,3.2870576653736734,4.25312638056289,3.896741373246527,4974.358974358975,0.0031592305366782607,387.9622498344671,0.067,0.32843137254901966,0-0-460-1,ae,UT_009,intvr,1,fave,97.49916195605105,39.42645165973273,5,dad,1,0.1799930000000245,your,"",D,D,D,D,internal
713.6951492770112,1718.4924722521175,2564.970794147816,3.844452741180402,4.063840464711247,4.329371774448709,5333.333333333333,0.007712664435813107,402.5802378344671,0.065,0.33505154639175255,0-0-464-1,ae,UT_009,intvr,1,fave,90.71429342580772,50.433514887580614,5,that,1,0.17001399999998057,"",was,DH,T,DH,T,internal
619.4851151878081,1454.232869562793,2688.3519149734775,3.0396348581720316,4.122273687656438,4.281582566794174,5153.846153846154,0.004508100000428982,402.98224283446706,0.10899999999999999,0.33641975308641964,0-0-466-0,ae,UT_009,intvr,1,fave,91.63023859969158,42.92094688543061,5,at,1,0.30001900000002024,was,"",#,T,Z,T,initial
508.04838051319155,1333.4775287118734,2574.3165167696825,3.2620275938423267,3.9478635357664684,4.326626183246762,5512.820512820513,0.0014633202417295194,404.6682438344671,0.04100000000000001,0.3306451612903227,0-0-472-0,ae,UT_009,intvr,1,fave,NaN,46.62120060964899,5,at,1,0.10000700000000506,always,powder,#,T,Z,T,initial
524.0854671998546,1303.8268128894556,2344.0608596484485,3.4249819371943717,4.60936710107634,3.941981528532774,5153.846153846154,0.0025515474435223,464.69056116553287,0.037000000000000005,0.324561403508772,0-0-519-1,ae,UT_009,intvr,1,fave,186.19326802365012,46.501360682632175,5,yeah,1,0.08999600000004193,"",i,Y,#,Y,ay,final
494.33041834273337,1430.810820130415,2708.2308569563243,2.773352384520716,4.048072462768594,3.771346169375985,5512.820512820513,0.0009602875796609577,465.5475371655329,0.051000000000000004,0.3311688311688312,0-0-524-1,ae,UT_009,intvr,1,fave,84.70606150091365,40.57564664993425,5,that,1,0.13000399999998535,see,being,DH,T,DH,T,internal
453.70554751001276,1860.6160353975517,2564.569463100603,3.120727845704401,4.250849199009497,3.695163908147836,4794.871794871795,0.007232163403216023,468.4425411655329,0.08099999999999999,0.3319672131147541,0-0-529-0,ae,UT_009,intvr,1,fave,127.2020514374753,46.21853174311813,5,and,1,0.22000200000002224,"","",#,N,"",N,initial
601.5731261678679,1415.0349021633479,2668.7830007077428,3.52143196845911,4.067604117913099,3.8495346351593276,5512.820512820513,0.0010563323637329345,521.6339761655329,0.047,0.3263888888888889,0-0-538-1,ae,UT_009,intvr,1,fave,130.73933498858727,44.31666274339428,5,yeah,1,0.11999600000001465,"",i,Y,#,Y,ay,final
559.5600110582637,1402.1854533698206,2784.1698982215,3.5063179723573974,4.403508037747432,3.926018114008847,5512.820512820513,0.004689737201113113,656.5049381655328,0.067,0.32843137254901966,0-0-603-1,ae,UT_009,intvr,1,fave,139.25076002478733,36.87276168680676,5,that,1,0.17999299999996765,to,"",DH,T,DH,T,internal
650.1889904625995,1530.6776368924302,2711.8361964030605,3.653366050876447,4.459601295917942,4.671301580071246,5692.3076923076915,0.006076941134265835,661.7839771655329,0.045,0.3358208955223881,0-0-617-0,ae,UT_009,intvr,1,fave,369.914257212022,33.374142891814955,5,asked,1,0.10998600000004899,already,this,#,S,iyF,S,initial
532.8253152923471,1591.4283179778517,2572.998223339641,3.6974086329234614,4.374376765894648,3.931452130846276,4615.384615384615,0.0026997684018879122,691.4502371655329,0.045,0.3358208955223881,0-0-629-1,ae,UT_009,intvr,1,fave,466.10922992434513,50.76384283821026,5,yeah,1,0.1099859999999353,"","",Y,#,Y,"",final
445.5120611782101,1490.3581392460121,2641.747080303259,4.22658764559129,4.4814543942790515,4.624317812568034,5153.846153846154,0.046524935382965475,734.2357648344672,0.07100000000000001,0.3317757009345795,0-0-647-1,ae,UT_009,intvr,1,fave,NaN,50.76124355063277,5,yeah,1,0.1900029999999333,"","",Y,#,Y,"",final
734.9172897006652,1361.2965666200303,2543.984891397401,3.6034609729369262,3.5026136550273357,4.117338791986656,4974.358974358975,0.001351887498344479,765.449322834467,0.055,0.3353658536585366,0-0-693-1,ae,UT_009,intvr,1,fave,490.5078861070033,55.46951482253136,5,last,1,0.1400140000000647,"",portion,L,S,L,S,internal
629.6738812345468,1440.3279276577932,2550.4883072791813,4.1143666348043295,4.004094676832802,4.600350545610716,5153.846153846154,0.0057183175329696785,770.2473718344672,0.051000000000000004,0.3311688311688312,0-0-701-1,ae,UT_009,intvr,1,fave,-3.123001232326039,33.67365351088754,5,task,1,0.13000499999998283,reading,"",T,S,T,S,internal
804.242304828967,1435.556200502285,2479.575439007162,4.391372273793371,3.517435090793462,4.176221372376406,4974.358974358975,0.006962052471320696,772.6023525034014,0.061000000000000006,0.33152173913043487,0-0-708-1,ae,UT_009,intvr,1,fave,723.1835066605424,59.70270404832388,5,have,1,0.160033999999996,i,"",HH,V,HH,V,internal
506.83520991900207,1596.9979184333763,2635.79259530542,2.606535363245319,3.866298336394657,4.8904552211485095,5871.794871794871,0.0032607101183319866,775.6903285034014,0.037000000000000005,0.324561403508772,0-0-713-1,ae,UT_009,intvr,1,fave,103.27097591001763,51.42256736344418,5,yeah,1,0.09002700000007735,"","",Y,#,Y,"",final
716.9332512904097,2005.9135025279088,2622.614673829192,3.0169230764279966,3.7852250781224757,3.9077805558275682,5871.794871794871,0.000023833018631578953,778.0273498344671,0.031,0.32978723404255317,0-0-721-1,ae,UT_009,intvr,1,fave,165.56373237212296,68.69830394814518,5,yeah,1,0.07000699999991866,"",[bracketed],Y,#,Y,spn,final
565.8323580686955,1827.6109529117593,2636.362839682597,3.083371573862619,4.2380758946576815,4.22120977986447,5333.333333333333,0.01784723011400909,782.3853391723355,0.167,0.3313492063492064,0-0-732-0,ae,UT_009,intvr,1,fave,105.17492196666717,52.454561483695336,5,and,1,0.48004100000002836,"","",#,N,"",N,initial
895.4787819155043,2070.76277355469,2451.976053008552,4.5344078737169875,4.412219587101269,4.756823214916549,6589.74358974359,0.0011323895608819903,787.7553298344671,0.027000000000000003,0.32142857142857145,0-0-745-0,ae,UT_009,intvr,1,fave,NaN,42.82426507037759,5,at,1,0.05999799999995048,"",a,#,T,"",T,initial
532.5980049458021,1266.4809115125815,3044.220407369753,3.3241963818798506,4.680830284174547,4.415074624127087,6230.7692307692305,0.0011516124586192092,3.0827471655328798,0.025,0.2976190476190476,0-0-3-1,owF,UT_009,intvr,1,fave,110.96009228692532,46.71972614454016,5,so,1,0.06000000000000005,you,much,S,#,S,M,final
438.3959073037008,1078.6724473907077,2380.434927739395,2.84277539118346,3.6798984862843263,4.449869828179798,4256.410256410256,0.000022841747395266404,137.52915583446713,0.025,0.33783783783783783,0-0-187-1,owF,UT_009,intvr,1,fave,88.21331111129355,43.013689808716,5,so,1,0.050003000000003794,"",thank,S,#,S,TH,final
503.7466506201791,835.4117235111848,1570.9435455820778,3.7697317666006205,4.136784337091445,4.294445979755458,3717.948717948718,0.029286716120307178,156.22845083446714,0.025,0.06510416666666666,0-0-219-1,owF,UT_009,intvr,1,fave,NaN,57.78529989116933,5,know,1,0.3600009999999827,"","",N,#,N,"",final
407.20676508748176,1001.3242134529545,2117.70706019278,3.800252694829999,3.8775819219037677,4.222177200523808,4794.871794871795,0.07141866880426313,206.67514616553288,0.025,0.14367816091954022,0-0-252-1,owF,UT_009,intvr,1,fave,-6381.3031249777,49.21216361504628,5,so,1,0.1499939999999924,"","",S,#,S,"",final
439.96982184201033,1043.0519207049351,2748.1206562484954,1.8146785852563085,3.6490057482088507,3.7424483778706583,5333.333333333333,0.00002709553962757627,312.5341458344671,0.025,0.33783783783783783,0-0-336-1,owF,UT_009,intvr,1,fave,438.47822058226706,47.17292262739114,5,so,1,0.050018000000022766,it,special,S,#,S,S,final
432.38890691469226,1113.1795108907213,2708.8129527784267,2.711473389736724,4.2868859380780036,4.218755028560886,5153.846153846154,0.015046760698387913,327.4321558344671,0.025,0.061881188118811874,0-0-341-1,owF,UT_009,intvr,1,fave,118.13968161334164,46.9235416367812,5,so,1,0.38000500000003967,"","",S,#,S,"",final
439.98936020041856,1194.2053011080416,2508.6445713294256,2.635342581717893,3.9362099148672907,3.85853500428553,4974.358974358975,0.012239612594677037,368.1918608344671,0.025,0.06868131868131866,0-0-409-1,owF,UT_009,intvr,1,fave,140.4230105492302,49.31854908759185,5,so,1,0.33999600000004193,"","",S,#,S,"",final
491.20055015831355,1166.5779451802152,2466.8771421369806,3.750108025233987,4.447831567200706,4.158241102231028,4615.384615384615,0.0020161442254033298,373.1958608344671,0.033,0.2894736842105263,0-0-422-1,owF,UT_009,intvr,1,fave,NaN,36.59547726118374,5,know,1,0.08999600000004193,you,"",N,#,N,"",final
481.4738332120942,1259.1323996644064,2670.2798733008826,3.5118353686972346,3.9279177337371918,4.376878694853375,5153.846153846154,0.03423113032345817,377.8428601655329,0.067,0.14439655172413793,0-0-437-1,owF,UT_009,intvr,1,fave,79.3181950922906,36.03506928604169,5,know,1,0.4400019999999927,you,"",N,#,N,"",final
446.8030985532529,1094.411768382438,2422.799449639008,1.8656566824702345,3.207241425914874,4.291474275520967,4256.410256410256,7.601799902941804e-6,387.56125050340137,0.025,0.33783783783783783,0-0-457-3,owF,UT_009,intvr,1,fave,445.75723167808945,47.73834909773115,5,also,0,0.0500189999999634,and,from,S,#,S,F,final
1018.7983292731778,2833.934625149686,4589.282753247361,3.90078498798677,4.020596350035571,5.003063904587263,8564.102564102563,0.012298713094402166,462.5345428344671,0.025,0.06345177664974619,0-0-515-0,owF,UT_009,intvr,1,fave,323.91786604401244,42.645118510561545,5,oh,1,0.37002499999999827,"","",#,#,"","",coextensive
416.0916887583418,899.4893192795297,2573.9268470189186,2.649422104871609,3.7210248026503536,4.150917743586139,5333.333333333333,0.006927165335464157,763.8613368344672,0.099,0.4419642857142857,0-0-686-1,owF,UT_009,intvr,1,fave,125.00536427690777,48.73913542016077,5,so,1,0.20001300000001265,"","",S,#,S,"",final
429.86699465183125,936.2269548958609,2684.4192266861123,2.642896667981109,3.83401158311128,3.954494183556271,6769.2307692307695,0.00009161721443874091,796.5563788344671,0.029,0.34523809523809523,0-0-771-1,owF,UT_009,intvr,1,fave,278.8570223603945,52.43541425391922,5,go,1,0.05999800000006417,"",ahead,G,#,G,@,final
579.853287081275,1410.7741084696697,2871.0256123973877,4.00198791140007,4.0216439172966725,3.601574443826745,6769.2307692307695,0.00006258517936109829,807.2587361723357,0.025,0.2976190476190476,0-0-787-1,owF,UT_009,intvr,1,fave,187.94973280441553,51.918168752443584,5,no,1,0.06005799999991268,"",you're,N,#,N,Y,final
384.8303229495844,643.6028439898358,1316.8679745932413,4.011388454224388,2.816961738797516,3.901384834054103,3717.948717948718,0.0007858299546249125,3.22874716553288,0.037000000000000005,0.324561403508772,0-0-4-1,ʌ,UT_009,intvr,1,fave,106.96851150451155,45.29060292497761,5,much,1,0.08999999999999986,so,for,M,CH,M,CH,internal
546.6446400283137,1303.889852633843,2665.3621447778864,2.684773051355869,3.637419934453822,4.782025201676768,4974.358974358975,0.0029077850367712514,6.24774716553288,0.035,0.3365384615384616,0-0-14-2,ʌ,UT_009,intvr,1,fave,559.5078392194537,40.18785889649344,5,study,1,0.07999999999999918,this,"",T,D,T,D,internal
591.8200184255921,1465.2238756705271,2542.7599697295,3.6959144843513347,4.312128166212015,4.555543059594378,4974.358974358975,0.009149536632533784,12.67274716553288,0.065,0.3350515463917526,0-0-34-1,ʌ,UT_009,intvr,1,fave,100.49531807503223,50.20976530941215,5,one,1,0.16999999999999993,part,is,W,N,W,N,internal
622.779116843579,1276.8286492756972,2591.238876714585,2.438217441369797,3.550019136007383,4.167214079150978,4974.358974358975,0.0032331656772196047,18.82074716553288,0.121,0.3324175824175823,0-0-48-1,ʌ,UT_009,intvr,1,fave,101.34089235016114,44.476628758739096,5,just,1,0.33999999999999986,"","",JH,S,JH,S,internal
501.7146361351639,1262.3639132136655,2747.8518245189725,2.5546109197010365,3.3548609868267434,4.011096769249287,4615.384615384615,0.0001230072384041209,21.65374616553288,0.027000000000000003,0.32142857142857145,0-0-57-2,ʌ,UT_009,intvr,1,fave,522.3226147333633,42.80852204808147,5,stuff,1,0.06000200000000078,lived,like,T,F,T,F,internal
410.09244571840395,1504.8126820161601,2632.4008783957593,2.0301471816505443,3.595784556938148,3.9737795107959033,5153.846153846154,0.000020203048822152345,36.38004516553288,0.025,0.33783783783783783,0-0-103-1,ʌ,UT_009,intvr,1,fave,401.93996889020343,49.955833562093204,5,just,1,0.050003000000003794,i,ask,JH,S,JH,S,internal
494.35761701198476,1229.9190536389888,2472.470229255177,3.7151474641447697,3.6882610803239304,4.642528436178043,4794.871794871795,0.0030839893338378156,138.3591421655329,0.045,0.3358208955223881,0-0-192-1,ʌ,UT_009,intvr,1,fave,174.66924302790179,38.827125041834265,5,much,1,0.1100009999999827,very,"",M,CH,M,CH,internal
523.7855719240795,1545.2324888210105,2583.609468981497,2.705500553734803,4.561456943643176,4.349989214207406,4794.871794871795,0.00038016378446024794,203.12514883446713,0.025,0.33783783783783783,0-0-241-0,ʌ,UT_009,intvr,1,fave,97.76843165112443,46.45184181235899,5,understandable,2,0.050003000000003794,totally,and,#,N,iyF,N,initial
528.3760309383969,1180.2027774679077,2829.83091384756,2.9631736529237593,3.409670559038724,3.481190166231888,5153.846153846154,0.0010515833146037567,214.1461488344671,0.067,0.32843137254901966,0-0-265-0,ʌ,UT_009,intvr,1,fave,82.08183343302858,41.24379565600489,5,of,1,0.18000800000001504,proud,accomplishing,#,V,D,V,initial
645.443013000692,1986.173799978633,2811.11534454234,3.7740436581796675,4.381533404780525,4.771259194754348,6589.74358974359,0.019380494637286683,302.39715049659867,0.031,0.32978723404255317,0-0-320-1,ʌ,UT_009,intvr,1,fave,NaN,49.91457806437784,5,what,1,0.06997599999999693,"",is,W,T,W,T,internal
523.9173811105398,1318.5450918714785,2427.9068894965217,3.3073192660794763,4.35761038024034,4.429361049779231,5512.820512820513,0.0012288568265682693,334.41515549659863,0.031,0.32978723404255317,0-0-368-1,ʌ,UT_009,intvr,1,fave,84.45516210020065,39.82091659779384,5,young,1,0.0699769999999944,very,"",Y,NG,Y,NG,internal
539.9489983461295,1068.3222367232383,2672.440974728489,3.7879066134579302,2.998940046080468,3.9356078611820786,5512.820512820513,0.0017667687300669459,353.5102458344672,0.035,0.33653846153846156,0-0-398-1,ʌ,UT_009,intvr,1,fave,114.62772670667401,45.15860453665039,5,fun,1,0.080016999999998,of,i've,F,N,F,N,internal
589.5270006205799,1206.2851113930674,2395.851133873065,3.3755750013325136,3.4806557277519374,4.561981977431525,5512.820512820513,0.0019410554731198503,384.08424916553287,0.051000000000000004,0.3311688311688312,0-0-448-1,ʌ,UT_009,intvr,1,fave,93.32984413275213,40.65260808162511,5,comes,1,0.13000500000003967,just,from,K,M,K,M,internal
508.8982333635489,1188.2775518215808,2496.07784884241,3.3768477762010396,3.370789710418681,5.039051648172723,5333.333333333333,0.0013770925550476653,384.4422498344671,0.027000000000000003,0.32142857142857145,0-0-449-2,ʌ,UT_009,intvr,1,fave,85.41753522076385,39.95855844159298,5,from,1,0.05999800000000732,comes,"",R,M,R,M,internal
612.6415184908954,2007.6327319303873,2838.8044918256905,3.6735494886316427,4.006422394350196,4.690109101393409,6948.717948717948,0.002835160286843978,407.6154488344671,0.04100000000000001,0.3306451612903227,0-0-478-1,ʌ,UT_009,intvr,1,fave,115.81333837882602,53.00716742883084,5,fun,1,0.10000600000000759,"","",F,N,F,N,internal
533.2419156005583,1309.9054906712295,2778.3306492071124,3.166994835075088,3.615893902459245,3.621326441523822,4615.384615384615,0.0034123650628601543,410.16744783446705,0.085,0.3346456692913386,0-0-485-0,ʌ,UT_009,intvr,1,fave,491.1217212687765,50.957598223756435,5,of,1,0.23001100000004726,type,skiing,#,V,P,V,initial
480.01311544231925,1257.4641232734575,2714.740667743504,3.4882934174645337,3.8295992062515136,3.332336678392023,5153.846153846154,0.00032869131081006707,412.1924601655329,0.035,0.33653846153846156,0-0-493-0,ʌ,UT_009,intvr,1,fave,93.33480872585707,38.354495750083885,5,others,1,0.0799870000000169,than,"",#,DH,N,DH,initial
461.07710787999684,1158.717493169451,2709.110469440237,2.3673106342478265,3.3936847921964977,4.033954372347745,4974.358974358975,0.00014167530741351214,529.4539331655329,0.027000000000000003,0.32142857142857145,0-0-554-1,ʌ,UT_009,intvr,1,fave,92.26364948369489,45.452255818880815,5,someone,1,0.059996999999953005,how,would,S,M,S,M,internal
550.2436421064866,1243.723693702727,2332.07542971353,3.0816485632318797,3.2028672421566267,4.688606647153535,4435.897435897436,0.0009829960599151797,793.2673398344671,0.031,0.32978723404255317,0-0-762-2,ʌ,UT_009,intvr,1,fave,120.5913082398329,50.801650841094926,5,stumble,1,0.07000700000003235,you,over,T,M,T,M,internal
402.99262793439755,607.607918920292,1207.916141043712,2.80923274386576,3.5604211726482276,4.430741363565524,3179.4871794871797,0.007371873382864195,3.6177471655328794,0.055,0.33536585365853655,0-0-5-1,owr,UT_009,intvr,1,fave,110.24838632306938,51.461593435817875,5,for,1,0.14000000000000012,much,"",F,R,F,R,internal
451.90284952978203,869.9628617948799,1984.791012109572,2.2600846182373,3.0236132525990707,4.316495002377182,4256.410256410256,0.0008220955031289316,87.19025083446711,0.027000000000000003,0.32142857142857145,0-0-183-0,owr,UT_009,intvr,1,fave,460.243440943833,46.31206165701888,5,or,1,0.060006000000001336,eithor,"",#,R,spn,R,initial
441.76182966935346,719.3804177789169,2098.331228204181,2.699542504341296,4.081963837720313,4.521626063639412,4435.897435897436,0.0053897540802351745,370.07484016553286,0.07100000000000001,0.3317757009345795,0-0-418-1,owr,UT_009,intvr,1,fave,101.10322340652462,46.0729478903471,5,more,1,0.19000199999999268,bit,about,M,R,M,R,internal
435.47860327067286,888.7244013184048,1896.5130893303653,2.5944475957312103,3.8743736122461008,4.153836998952793,4256.410256410256,0.00235945905538196,376.9198618344671,0.04100000000000001,0.3306451612903227,0-0-434-0,owr,UT_009,intvr,1,fave,214.33051469526535,41.04315154474105,5,or,1,0.10000600000000759,"",something,#,R,"",R,initial
446.77596797184964,1135.370803211054,2677.9745111974444,2.1348594878448273,3.8134868934614223,4.456483359339054,5512.820512820513,0.0006619610012209272,762.2173518344671,0.031,0.32978723404255317,0-0-682-2,owr,UT_009,intvr,1,fave,109.06191559374857,46.609586037164625,5,stories,1,0.07000700000003235,those,with,T,R,T,R,internal
411.1585916224091,763.9884582993511,2077.163799905381,2.688572862141631,3.7704725070692993,4.566063141482913,4076.923076923077,0.00028650659758753296,765.9253738344671,0.027000000000000003,0.32142857142857145,0-0-694-1,owr,UT_009,intvr,1,fave,428.2221771202847,48.54530569036078,5,portion,1,0.05999800000006417,last,"",P,R,P,R,internal
487.461128754604,1595.0359117936125,2600.7297062905673,2.7994154220372205,2.9726044459937713,4.496179959769914,5153.846153846154,0.000851337244488279,5.518747165532879,0.037000000000000005,0.324561403508772,0-0-10-1,@,UT_009,intvr,1,fave,88.58986770668459,41.45217127571636,5,to,0,0.08999999999999986,willing,help,T,#,T,HH,final
476.92214530126677,1475.9338477742274,2587.7490427221874,2.421929267442045,3.5281528611089623,3.7546594384008025,4974.358974358975,0.0012294144339249028,13.472747165532878,0.065,0.3350515463917526,0-0-36-0,@,UT_009,intvr,1,fave,289.7628500391781,45.617153999888586,5,a,0,0.16999999999999993,is,interview,#,#,Z,i,coextensive
597.2370216973536,1531.0211646301807,2542.6684318523944,2.570649187782586,3.2216811352088275,3.860728657158828,4794.871794871795,0.0008494129468334232,22.810748165532882,0.04100000000000001,0.3306451612903227,0-0-61-0,@,UT_009,intvr,1,fave,232.3427139591663,43.33537656340519,5,and,0,0.09999799999999937,"",then,#,N,"",N,initial
511.8433788666861,1195.7775650872727,2274.6386760810165,3.0705152914767067,3.427058063768945,4.345882792885033,4794.871794871795,0.0003198508583174125,23.46374816553288,0.027000000000000003,0.32142857142857145,0-0-64-0,@,UT_009,intvr,1,fave,NaN,36.52287089071671,5,a,0,0.059999000000001246,"",personal,#,#,"",P,coextensive
458.77066563696076,1246.321883801361,2719.58862430643,2.664426774750535,3.296513186332038,4.097054204937172,4794.871794871795,0.00027413588734301705,34.68504816553288,0.035,0.33653846153846156,0-0-99-7,@,UT_009,intvr,1,fave,170.86622630533353,44.75149807946719,5,sentences,0,0.07999799999999624,forty,"",S,Z,S,Z,internal
451.4220601745205,1747.5056356672724,2827.8457175730236,3.8998540281115197,4.474097823694033,4.495812552753145,6230.7692307692305,0.025570940407375065,41.295046165532874,0.095,0.33450704225352107,0-0-124-3,@,UT_009,intvr,1,fave,456.96047938185865,45.27937347664962,5,quiet,0,0.26000200000000007,too,"",ay,T,ay,T,internal
644.2067884468566,1473.0449881445893,2495.7416077370444,2.9789076579819516,3.621447460026377,3.96886808449064,5333.333333333333,0.00011613144779628775,42.65504616553288,0.035,0.33653846153846156,0-0-126-6,@,UT_009,intvr,1,fave,224.09458289959687,55.46709956705247,5,comfortable,0,0.08000100000000288,"","",T,B,T,B,internal
568.963975898501,1485.946203788572,2506.334645271662,3.460763088002491,3.292439392673677,4.679109616045314,4615.384615384615,0.0006807108265503838,62.73114616553288,0.037000000000000005,0.324561403508772,0-0-153-1,@,UT_009,intvr,1,fave,101.76471930262683,42.542695188790276,5,to,0,0.09000000000000341,hometown,be,T,#,T,B,final
462.02234883570816,1122.4845775993615,1829.7254853047255,3.7935355209299457,4.11710190265458,4.294150864087355,4435.897435897436,0.007347553674913651,75.49514983446711,0.045,0.3358208955223881,0-0-170-0,@,UT_009,intvr,1,fave,NaN,44.25332253299997,5,and,0,0.10999999999999943,"",for,#,N,"",N,initial
1033.800379642183,2139.086367672926,3736.277966237094,4.559813409571996,4.820343990819509,4.874414891554304,6769.2307692307695,0.068982942103934,150.77714683446715,0.097,0.3299319727891156,0-0-210-3,@,UT_009,intvr,1,fave,-3619.357899930107,60.87851543606532,5,totally,0,0.27000400000000013,"",fair,T,L,T,L,internal
548.5785327434473,1135.7917020854509,2208.6239520065396,2.875813344961113,4.365470096661908,4.424236031531236,4615.384615384615,0.000028236479196288544,159.57845683446715,0.025,0.33783783783783783,0-0-221-5,@,UT_009,intvr,1,fave,89.3778877152203,46.3439039747427,5,excellent,0,0.05000299999997537,"",can,L,N,L,N,internal
534.5555703653205,1616.820369462451,2283.4889341509274,2.658848834679267,3.4936184064756928,4.651562650382768,4794.871794871795,0.00014241032250255213,159.72845083446714,0.025,0.33783783783783783,0-0-222-1,@,UT_009,intvr,1,fave,103.29935278406684,48.057945021914065,5,can,0,0.050003000000003794,excellent,you,K,N,K,N,internal
557.6670292925401,1502.1068869877463,2180.340708279914,3.3098012305179494,3.886005888195185,4.955774686961283,4794.871794871795,0.003602020859989297,161.85844016553287,0.045,0.3358208955223881,0-0-227-1,@,UT_009,intvr,1,fave,107.80196181226806,43.680417577047834,5,to,0,0.11000100000001112,"",me,T,#,T,M,final
486.40351955997505,1145.9452353804704,2077.7449594223945,2.939636579099137,4.26911204307065,4.1556709255242374,4076.923076923077,0.00016023534820306293,203.96514583446714,0.025,0.33783783783783783,0-0-242-0,@,UT_009,intvr,1,fave,77.93655849314679,41.18789732567305,5,and,0,0.050003000000003794,understandable,"",#,N,L,N,initial
304.16820535202567,988.1315666157939,2144.415094533844,3.73940259602023,3.574219489071232,4.134134413695647,5333.333333333333,0.0005950775681516312,206.37614883446713,0.027000000000000003,0.32142857142857145,0-0-250-2,@,UT_009,intvr,1,fave,223.64309985279866,50.36139809958998,5,awesome,0,0.05999800000000732,"","",S,M,S,M,internal
396.53352922115096,1069.3809216394382,1773.8577941364874,3.973431494418542,4.132183398044664,4.381685761854415,3897.4358974358975,0.19328668885535963,209.36614683446712,1.167,0.3330479452054795,0-0-258-1,@,UT_009,intvr,1,fave,318.58548412054114,49.680632398987136,5,that,0,3.4800109999999904,"","",DH,#,DH,"",final
495.43082852794595,1177.1404338352256,2488.847328216334,2.712907702327454,3.6127414536349574,3.7659198489403294,5153.846153846154,0.0007115353852405658,214.3901531655329,0.035,0.33653846153846156,0-0-266-0,@,UT_009,intvr,1,fave,465.8974478750372,36.6935000100266,5,accomplishing,0,0.08000199999997903,of,"",#,K,V,K,initial
404.43131270635274,1024.7412723033167,1593.4384333898997,3.9104037275511905,4.2687755516631976,4.320019946863893,3717.948717948718,0.00030869259508481937,227.43054816553288,0.025,0.33783783783783783,0-0-273-3,@,UT_009,intvr,1,fave,NaN,51.51831164192539,5,little,0,0.050003000000003794,a,bit,T,L,T,L,internal
459.4666129782554,1167.833638918859,2119.845014789176,2.984352227389402,3.8533169564920633,4.548644575475839,4794.871794871795,0.0034094186591778148,248.4684458344671,0.04100000000000001,0.3306451612903227,0-0-282-2,@,UT_009,intvr,1,fave,92.16488846322487,43.70504492782265,5,awesome,0,0.10000600000000759,that's,"",S,M,S,M,internal
459.0726957270129,1494.3064206770173,2582.0665834894808,2.796659951409671,4.447618442133563,4.452480592016771,4794.871794871795,0.00017289551916456567,252.96044583446712,0.025,0.33783783783783783,0-0-293-0,@,UT_009,intvr,1,fave,101.84144446385352,46.220006453832504,5,about,0,0.050003000000003794,me,a,#,B,iyF,B,initial
406.44823774292064,1165.2210596267762,2528.7048795570704,3.1666249334600636,3.4384882363788942,4.026347095965882,4794.871794871795,0.00011146001513388155,302.1351518344671,0.027000000000000003,0.32142857142857145,0-0-318-2,@,UT_009,intvr,1,fave,163.66888915015454,51.33475669328001,5,awesome,0,0.05999700000000985,"","",S,M,S,M,internal
517.6986595465729,1463.2631952112101,2659.308463996077,3.707334081349043,4.0307233487554415,3.6429806870827437,4435.897435897436,0.00019409075022237745,310.80515916553287,0.027000000000000003,0.32142857142857145,0-0-331-0,@,UT_009,intvr,1,fave,499.58037783811454,46.18391434053237,5,and,0,0.05999800000000732,"",why,#,N,"",N,initial
457.99046604479054,1272.9939935876628,2573.49026189899,2.503937038553745,3.9736952748928656,3.8167244498506583,5153.846153846154,0.00013141345882196318,330.0031571655329,0.027000000000000003,0.32142857142857145,0-0-353-1,@,UT_009,intvr,1,fave,432.52858595906423,45.10320780806585,5,to,0,0.05999800000000732,how,ski,T,#,T,S,final
463.77058770709823,1260.6749021912406,2174.3345799851845,3.462130097481029,4.170291647873132,4.264440836617113,4435.897435897436,0.07010721930433081,337.5331438344671,0.127,0.3307291666666667,0-0-373-1,@,UT_009,intvr,1,fave,275.8474148192639,47.403837446185676,5,that,0,0.3600160000000301,"","",DH,#,DH,"",final
445.32551581902453,1158.5499828180355,2318.8993966565945,3.041935360274363,3.862734041386941,4.5272075160646175,5153.846153846154,0.003121103039582656,351.57623716553286,0.047,0.3263888888888889,0-0-392-2,@,UT_009,intvr,1,fave,79.55941916735743,40.328782275416685,5,awesome,0,0.11999500000001717,"","",S,M,S,M,internal
453.58296916077643,1212.3399280641925,2359.701695519802,3.181580629692456,4.103477338717742,4.584600069902471,5512.820512820513,0.002030521717760022,362.89983616553286,0.04100000000000001,0.3306451612903227,0-0-407-2,@,UT_009,intvr,1,fave,647.9154965326867,39.39147646275162,5,awesome,0,0.10000599999995075,"","",S,M,S,M,internal
497.74041936657915,1276.2661463671282,1951.4018707329399,2.652399393167539,3.7129681797995246,4.2728982539961144,4794.871794871795,0.0019424896720861107,370.42185616553286,0.045,0.3358208955223881,0-0-419-0,@,UT_009,intvr,1,fave,487.866150784476,37.976512229004655,5,about,0,0.10998499999999467,more,"",#,B,R,B,initial
691.2285300779695,1886.0727158348916,2518.8394353765584,2.8824363415952416,3.699213460355832,4.251111659347197,6410.25641025641,0.005073413669127196,386.78225316553284,0.127,0.3307291666666667,0-0-456-0,@,UT_009,intvr,1,fave,203.58297667849374,61.2089940005295,5,and,0,0.35998499999999467,"",also,#,N,"",N,initial
524.3549818392576,898.0780182559564,1474.0225509289448,4.001011126570049,3.7384019450532855,4.182320679196324,3000.0,0.10334258809071847,403.70624683446715,0.23700000000000002,0.3319327731092437,0-0-468-1,@,UT_009,intvr,1,fave,187.3555766147408,55.37650124545965,5,that,0,0.6900019999999927,"","",DH,#,DH,"",final
305.7054419766373,1049.9749463783912,1888.881391592005,3.5322955407499106,3.8135210321266846,4.620447631862547,4435.897435897436,0.0013588275062218253,405.5852521655329,0.035,0.3365384615384616,0-0-474-4,@,UT_009,intvr,1,fave,246.1110805480784,58.71351323670374,5,mountain,0,0.07998600000001943,powder,"",T,N,T,N,internal
469.6520565541168,1499.363622507187,2863.6540879913073,2.4260154276396864,3.3317910880341204,4.133109170925163,5512.820512820513,0.0015024002627177365,409.3324465034014,0.055,0.3353658536585366,0-0-482-0,@,UT_009,intvr,1,fave,266.7020691690778,42.389684129035956,5,a,0,0.14001400000000785,there,certain,#,#,R,S,coextensive
498.604655733874,1415.9557771262062,2629.4186145369704,2.864571731896399,3.8655048884028367,3.9158708744133945,4256.410256410256,0.0012778118308225971,411.1534578344671,0.037,0.32456140350877194,0-0-487-1,@,UT_009,intvr,1,fave,95.82846463441112,43.224213565942186,5,that,0,0.08999599999998509,skiing,you,DH,#,DH,Y,final
435.45366039697524,1270.161116123069,2563.8231453098583,3.1604801230786648,4.412515233731235,3.9468855786644217,4794.871794871795,0.01330800676706292,421.2302428344671,0.10500000000000001,0.33439490445859876,0-0-500-1,@,UT_009,intvr,1,fave,392.7673849885744,38.201053487684675,5,that,0,0.29000899999999774,what,"",DH,#,DH,"",final
597.6082767784771,1237.6997557490554,2610.2149944184584,3.4573410696174913,4.064069001312763,3.3277871420971326,5153.846153846154,0.00347955744741963,443.5953621655329,0.067,0.3284313725490196,0-0-513-1,@,UT_009,intvr,1,fave,89.7815916487806,37.572841706281004,5,that,0,0.17999299999996765,of,"",DH,#,DH,"",final
429.7507996849169,1481.8128165565884,2514.5417896684767,2.372580005159503,3.859850668555829,3.3264101380388116,4256.410256410256,0.0008458549733773126,531.207928834467,0.055,0.3353658536585366,0-0-559-1,@,UT_009,intvr,1,fave,423.95681125617074,46.167105130104964,5,to,0,0.1400140000000647,how,ski,T,#,T,S,final
449.55798321433036,1112.0415992307123,2033.0061253056335,3.0543218831179018,3.4531657162213736,4.503342657297699,3897.4358974358975,0.001265312329858838,612.1716515034013,0.037000000000000005,0.324561403508772,0-0-562-2,@,UT_009,intvr,1,fave,-75358.13743800334,36.06515977203464,5,awesome,0,0.09002700000007735,"","",S,M,S,M,internal
447.3277907346435,1633.1287651687433,2175.990496809242,1.8896830727195966,3.670194395085553,4.383177047231822,4435.897435897436,0.0005605418874647008,614.5886231655329,0.031,0.32978723404255317,0-0-574-4,@,UT_009,intvr,1,fave,438.16581651373934,44.22159761366221,5,hardest,0,0.07000700000003235,the,skills,D,S,D,S,internal
462.735681123895,1221.0672082710514,2810.5566730982264,3.046868231535731,3.4662392232638175,3.720642452227925,5333.333333333333,0.0034966912954817312,617.0636308344671,0.101,0.3322368421052631,0-0-583-1,@,UT_009,intvr,1,fave,268.95124479087224,41.44311768438902,5,the,0,0.28003000000001066,besides,"",DH,#,DH,"",final
563.9745904066535,1287.6302909559063,2517.978566484318,3.38057314799659,3.490855043288473,4.016714192650495,4435.897435897436,0.00032857073592605787,651.4369568344671,0.031,0.32978723404255317,0-0-593-1,@,UT_009,intvr,1,fave,512.0233129851839,53.98959214229053,5,that,0,0.07000700000003235,"",makes,DH,#,DH,M,final
372.8842186841517,1578.118246862313,2573.9617510196845,2.8971332916740975,4.332925651421921,3.410015431644688,4615.384615384615,0.0008869832275461573,655.8169608344671,0.031,0.32978723404255317,0-0-601-0,@,UT_009,intvr,1,fave,369.4452887308921,41.44766354777776,5,addition,0,0.07000800000002982,"",to,#,D,"",D,initial
426.1457040515921,1251.91277384503,2418.360962743576,3.4863313093110264,4.380385108203038,4.851372037094013,4794.871794871795,0.002108541676598869,693.3832458344671,0.031,0.32978723404255317,0-0-635-0,@,UT_009,intvr,1,fave,NaN,47.203814586067104,5,a,0,0.07000700000003235,experienced,situation,#,#,T,S,coextensive
543.726414927947,1317.6936182265104,2513.965186163811,3.609983026201013,3.8770795487836978,4.321195008957092,4974.358974358975,0.007794823836015504,694.1502401655329,0.065,0.3350515463917526,0-0-638-1,@,UT_009,intvr,1,fave,108.46689313269253,38.49562413316837,5,that,0,0.169983000000002,like,"",DH,#,DH,"",final
424.08926055764607,1226.8628331009054,2436.7227651238027,2.018980259033695,3.85703941939983,3.9926829761641187,4256.410256410256,0.0005936939971657014,736.2707414965987,0.040999999999999995,0.33064516129032256,0-0-653-0,@,UT_009,intvr,1,fave,104.67617970391377,51.68164497832253,5,of,0,0.09997599999996964,some,the,#,V,M,V,initial
485.5735992909048,1035.751310385309,2519.70325380547,3.0110605601107734,3.7942439205379066,4.66627945109496,4794.871794871795,0.0022221628917436934,759.939322834467,0.035,0.3365384615384616,0-0-672-2,@,UT_009,intvr,1,fave,78.10397752207695,39.2623387890824,5,awesome,0,0.080016999999998,"","",S,M,S,M,internal
548.4323434496151,1537.9347883134674,2430.9107789248988,2.8011969323368047,3.5004421395642713,4.21395972909109,4435.897435897436,0.00037581896169611596,766.1953341723355,0.047,0.3263888888888889,0-0-694-4,@,UT_009,intvr,1,fave,93.19949462182576,39.840968796486216,5,portion,0,0.12005599999997685,last,"",SH,N,SH,N,internal
547.1952144437665,1418.5171645315727,2298.438668072726,3.565865956237871,4.046601088402199,4.339494948786283,4435.897435897436,0.0030978259320919204,775.1953328344672,0.027000000000000003,0.32142857142857145,0-0-711-4,@,UT_009,intvr,1,fave,95.92332278865196,44.68805417928777,5,sentences,0,0.059996999999953005,40,"",T,N,T,N,internal
598.8653675929597,1203.2146783018316,2602.9814304808533,3.552947276946948,3.3985087057094,4.029937097318088,5333.333333333333,0.0020229132468111135,787.8953711655329,0.087,0.32954545454545453,0-0-746-0,@,UT_009,intvr,1,fave,93.47058667467724,47.70505158991448,5,a,0,0.23999000000003434,at,"",#,#,T,"",coextensive
418.8763527429468,1365.9529969251842,2238.6421985240977,2.3854046639868103,3.9712969522245185,4.357001151784706,4435.897435897436,0.00026620402196366144,795.5043411723357,0.025,0.33783783783783783,0-0-768-3,@,UT_009,intvr,1,fave,106.14720144109029,48.496131337997426,5,difficulty,0,0.0500489999999445,have,with,F,K,F,K,internal
513.99530654336,1888.0185588590566,2630.445410373143,3.018470707803497,4.2857069206884315,4.4944896103531615,5153.846153846154,0.0003411037119015896,797.8743361723357,0.025,0.33783783783783783,0-0-778-3,@,UT_009,intvr,1,fave,106.53670924785158,48.2421916364296,5,second,0,0.0500489999999445,a,resay,K,N,K,N,internal
399.10712929208114,2483.1605432349047,3652.416752643603,3.0363535906548376,3.816398101717351,4.496964099460377,8384.615384615383,0.0017568191112508008,6.38874716553288,0.057,0.3275862068965517,0-0-14-4,iyF,UT_009,intvr,1,fave,193.17497626012297,41.2865455713273,5,study,0,0.14999999999999947,this,"",D,#,D,"",final
342.39444133436103,2123.0516104109297,3540.245829635982,2.7181599094800157,3.7775642872219204,4.169058393530354,7307.692307692308,0.00028732742415005035,9.238747165532882,0.037000000000000005,0.324561403508772,0-0-24-4,iyF,UT_009,intvr,1,fave,102.75147013352752,43.75274405353276,5,study,0,0.08999999999999986,the,takes,D,#,D,T,final
391.02023664509335,2513.7737220165945,3276.5346498812323,3.4868879101365446,4.108185582445248,5.0909464073079,7846.153846153846,0.017223864173749243,30.873047165532878,0.171,0.3326848249027238,0-0-88-1,iyF,UT_009,intvr,1,fave,184.78317359619666,40.20492632977411,5,be,0,0.490000000000002,gonna,"",B,#,B,"",final
357.59571636536765,2744.7097308086286,3942.0551990816634,3.1627811411978315,4.073353586745319,4.251807415229818,8205.128205128205,0.017786046593996362,141.03114216553286,0.10899999999999999,0.3364197530864197,0-0-198-2,iyF,UT_009,intvr,1,fave,125.3823300690812,46.19864022649335,5,any,0,0.3000030000000038,speak,"",N,#,N,"",final
323.76092498287016,2052.116910792353,3020.972363830302,2.8744339988809364,3.9313656696867514,3.9732034009487713,7307.692307692308,0.00042622505380379163,163.23145083446713,0.031,0.32978723404255317,0-0-232-3,iyF,UT_009,intvr,1,fave,104.89005869600845,43.14183877814472,5,daily,0,0.0700080000000014,your,routine,L,#,L,R,final
413.3539952488695,1705.2965230234322,2446.4742333425042,1.6318721671848142,3.9938929063738056,4.353607700438855,4794.871794871795,0.0033602265414976393,203.07514583446712,0.025,0.33783783783783783,0-0-240-5,iyF,UT_009,intvr,1,fave,103.51851010150028,54.674737533369104,5,totally,0,0.050003000000003794,is,understandable,L,#,L,ʌ,final
359.1910318554811,2026.8476662956327,2827.323059380622,3.0248695538911154,3.9840780799006796,4.044865222679459,5692.3076923076915,0.00849759667398671,205.0931461655329,0.08099999999999999,0.3319672131147541,0-0-245-1,iyF,UT_009,intvr,1,fave,-1.5594918513799916,41.32636600983634,5,be,0,0.22000099999999634,can,"",B,#,B,"",final
377.46276973090954,2309.0176553049214,3264.6589356102254,3.028773981943692,3.794501576565733,3.8534874829775387,6769.2307692307695,0.00009494271235853895,252.87644983446714,0.037000000000000005,0.324561403508772,0-0-292-1,iyF,UT_009,intvr,1,fave,108.74685661556103,45.15933047864903,5,me,1,0.08999599999998509,tell,about,M,#,M,@,final
372.1759612691057,2448.672367782449,2942.352004734295,3.6996991471589533,4.301274511800046,4.035711917875569,6230.7692307692305,0.11124004478312005,330.25015916553286,0.08100000000000002,0.3319672131147542,0-0-354-2,iyF,UT_009,intvr,1,fave,190.8978657088045,36.507633478971414,5,ski,1,0.22000100000002476,to,"",K,#,K,"",final
401.5746616516212,1878.2523994456612,3062.4128644334833,3.1978254718031742,4.0926293241849026,4.3149340016626745,6410.25641025641,0.00022481076337007463,334.3031508344671,0.027000000000000003,0.32142857142857145,0-0-367-3,iyF,UT_009,intvr,1,fave,362.03867196751236,44.54871911500784,5,very,0,0.05999800000000732,a,young,R,#,R,Y,final
385.72140097733626,2351.202856523817,3293.5242203737785,3.253984542682509,4.31092137043501,4.643458745414954,7487.179487179487,0.0018644091290207574,355.5832528344671,0.04100000000000001,0.3306451612903227,0-0-405-2,iyF,UT_009,intvr,1,fave,391.4057785861672,36.60424674189366,5,ski,1,0.10000600000000759,to,"",K,#,K,"",final
457.055326417101,2746.1403204693083,3619.3403576481637,2.539133514243955,4.267513498257736,4.450701139924752,6948.717948717948,0.0010328105929859929,369.4368508344672,0.035,0.3365384615384616,0-0-414-1,iyF,UT_009,intvr,1,fave,201.72163276313196,47.124860685901275,5,me,1,0.080016999999998,tell,a,M,#,M,@,final
310.6857390250196,2373.8254107888147,3085.5440341675053,3.344800695963469,3.9079584053527885,4.396120696119349,7307.692307692308,0.00016633972528059084,465.4095621655329,0.035,0.33653846153846156,0-0-523-1,iyF,UT_009,intvr,1,fave,95.25214484221055,43.67496795227981,5,see,1,0.0799870000000169,definitely,that,S,#,S,DH,final
334.59581110218994,2606.728415887987,3044.5107420356503,2.9303565734680497,3.4494770378267336,4.194285060593995,7487.179487179487,0.0002718451703273547,471.44056116553287,0.037000000000000005,0.324561403508772,0-0-535-2,iyF,UT_009,intvr,1,fave,111.43013094867368,45.71603061883811,5,ski,1,0.08999600000004193,a,instructor,K,#,K,i,final
374.1322366216062,2485.847516862019,3632.838263685304,3.4709347651093876,4.02657409064464,3.5606724969397368,7128.205128205128,0.0006276697754620178,614.2366438344671,0.047,0.3263888888888889,0-0-573-1,iyF,UT_009,intvr,1,fave,86.42616212131676,36.49381279931476,5,the,0,0.11999500000001717,of,hardest,DH,#,DH,HH,final
430.8161340191625,2439.283275427934,3154.534914269761,3.321229309670921,4.043230997058095,4.579260659519404,7846.153846153846,0.00003888574595910726,661.7239405034013,0.025,0.33783783783783783,0-0-616-5,iyF,UT_009,intvr,1,fave,427.755145399557,35.73175195834481,5,already,0,0.050047999999947024,i,asked,D,#,D,ae,final
365.4655754216136,1257.6834151780035,2229.255671588586,3.4717269463412608,4.157323631919429,3.6273223364871385,3358.974358974359,0.011334815915689049,665.5819494965986,0.061000000000000006,0.33152173913043487,0-0-627-2,iyF,UT_009,intvr,1,fave,1157.867447730658,48.66303125700249,5,ski,1,0.1599740000000338,to,"",K,#,K,"",final
488.48478246394427,2471.259928292356,3549.6194418257214,4.355555020898308,4.454206625124203,4.73631513990308,7487.179487179487,0.05032050581919632,697.0432628276644,0.031,0.32978723404255317,0-0-645-1,iyF,UT_009,intvr,1,fave,166.74828073422896,36.281380049482806,5,me,1,0.06994600000007267,with,"",M,#,M,"",final
438.77980655558576,2674.5991635089727,3522.453771070096,2.905195046866596,4.033788683368072,3.338311615296136,7128.205128205128,0.00004065265087825268,757.1943441723357,0.025,0.33783783783783783,0-0-667-7,iyF,UT_009,intvr,1,fave,407.3247331308616,54.69803411267983,5,definitely,0,0.050047999999947024,"",not,L,#,L,N,final
376.63089606506617,949.4998703704377,1780.0694811143014,3.5749889030845856,3.9338669166368465,4.6186467267489455,3897.4358974358975,0.008387313614419908,762.7203575034014,0.037000000000000005,0.324561403508772,0-0-684-1,iyF,UT_009,intvr,1,fave,NaN,38.1082544164267,5,me,1,0.09002699999996366,with,"",M,#,M,"",final
387.83941545618956,2651.4611716005747,4158.869015351809,3.72294120586121,4.0491323754057635,4.316434009830315,8384.615384615383,0.02545964659199554,791.4973328344671,0.131,0.33248730964467005,0-0-757-2,iyF,UT_009,intvr,1,fave,107.68015121206277,44.416092601754265,5,any,0,0.3699949999999035,across,"",N,#,N,"",final
631.8986475431794,1609.106468650718,2971.0618269843276,3.234855573826553,4.292878288746354,4.477731667915393,6051.282051282051,0.0063023459471417895,7.76074716553288,0.061000000000000006,0.3315217391304348,0-0-18-0,e,UT_009,intvr,1,fave,130.68393047441216,50.40043555801179,5,as,1,0.15999999999999925,"","",#,Z,"",Z,initial
563.6089869079884,1648.0487848153973,3189.567194759853,3.3726035202351077,4.487895280733063,4.358377238292132,6230.7692307692305,0.005295176447278409,8.49774716553288,0.075,0.33482142857142855,0-0-21-1,e,UT_009,intvr,1,fave,173.9952846794433,46.80933783456578,5,read,1,0.1999999999999993,you,"",R,D,R,D,internal
466.6854445653021,1013.1512312728048,1718.3873820135016,2.2016018331478806,3.596187725756605,3.4438999936985804,5333.333333333333,0.00004722651485945711,15.48374716553288,0.027000000000000003,0.32142857142857145,0-0-40-1,e,UT_009,intvr,1,fave,93.76827798392031,50.59171368138215,5,where,1,0.05999999999999872,"",i,W,R,W,R,internal
528.1559056261057,1632.3775807925028,2693.084700642361,2.8147563240324796,3.4211865509211004,4.160394722096006,5512.820512820513,0.0008464299265684451,23.04474716553288,0.10899999999999999,0.3364197530864197,0-0-62-1,e,UT_009,intvr,1,fave,95.81473901722129,48.217392672748474,5,then,1,0.30000100000000174,and,"",DH,N,DH,N,internal
505.8821531617182,1498.3895143443976,3052.286695876166,2.8240469494952176,3.6236111101727366,3.874955831119692,6230.7692307692305,0.000025313743868421338,23.94274716553288,0.025,0.33783783783783783,0-0-66-1,e,UT_009,intvr,1,fave,116.11676474290748,46.80615348027657,5,narrative,1,0.05000000000000071,personal,"",N,R,N,R,internal
538.5997281646991,1570.3914584097438,2846.1746283727016,2.619760855577576,3.52264177114803,4.603261395481328,6948.717948717948,0.00043131868410864775,27.433747165532882,0.027000000000000003,0.32142857142857145,0-0-77-0,e,UT_009,intvr,1,fave,505.4007582744474,41.768658575375206,5,expertise,2,0.05999999999999872,have,in,#,K,V,K,initial
503.9591129307528,1654.6911382664355,2768.516047496477,2.9735305419963436,3.3091336437561276,4.234736714284616,5692.3076923076915,0.00038182086296071786,29.18104816553288,0.067,0.3284313725490196,0-0-81-1,e,UT_009,intvr,1,fave,115.3916024521888,49.79735449207446,5,then,1,0.1799980000000012,and,"",DH,N,DH,N,internal
471.00062735978605,1951.8304136982106,2921.3431225607724,3.431073261691662,3.9522171993585333,4.12846929367374,5512.820512820513,0.010236604729806108,140.82914316553288,0.045,0.3358208955223881,0-0-198-0,e,UT_009,intvr,1,fave,209.3612230697558,35.839540952294556,5,any,1,0.1100009999999827,speak,"",#,N,K,N,initial
485.77362015931624,1481.5543154253057,2892.6764712121008,2.7265701785935663,3.167707631743306,4.089440057488457,6589.74358974359,0.00003079558874814496,149.91215983446713,0.027000000000000003,0.32142857142857145,0-0-208-1,e,UT_009,intvr,1,fave,114.96036522650175,53.29113512214581,5,fair,1,0.05999800000000732,totally,"",F,R,F,R,internal
538.1912710214071,1659.8659042125455,2561.4780322698775,4.05144853859075,4.498868709862773,4.390874519491291,5692.3076923076915,0.00024752273267720175,154.4884401655329,0.025,0.33783783783783783,0-0-217-1,e,UT_009,intvr,1,fave,2222.404568177459,45.318547174589064,5,never,1,0.050003000000003794,you,"",N,V,N,V,internal
551.9402368384945,1706.7529690009048,2832.4114858788275,3.722684259051414,3.7680990132883725,4.633765084618598,6410.25641025641,0.0015731895169756474,159.24844016553288,0.045,0.3358208955223881,0-0-221-0,e,UT_009,intvr,1,fave,132.31247379461695,43.255318033431365,5,excellent,1,0.10999999999998522,"",can,#,K,"",K,initial
567.450484451122,2452.4941135454,3242.1319820456465,3.2166674402958626,4.3895909046788235,4.4388706207043125,7666.666666666666,0.00046420075090076963,255.4884498344671,0.04100000000000001,0.3306451612903227,0-0-302-1,e,UT_009,intvr,1,fave,122.80602789783276,46.755530315790786,5,better,1,0.10000600000000759,"","",B,T,B,T,internal
481.79864445182085,1361.5482678252447,2974.8695864180777,3.5724378047923953,3.9279208454570025,3.95700799787806,5871.794871794871,0.000319729907761498,256.5414571655329,0.027000000000000003,0.32142857142857145,0-0-306-4,e,UT_009,intvr,1,fave,506.56500164616637,52.796599588760465,5,expected,1,0.05999800000000732,you,it,P,K,P,K,internal
515.3805828201062,1324.094542794603,2422.2189771051367,3.168823429355828,3.2496211602839864,3.5740664672551032,4076.923076923077,0.00012311670262557203,312.8351581655329,0.027000000000000003,0.32142857142857145,0-0-337-2,e,UT_009,intvr,1,fave,656.1706967592479,57.020877674774205,5,special,1,0.05999800000000732,so,to,P,SH,P,SH,internal
480.57253428474064,1789.5351933657082,2841.2909561498477,3.392795811923472,4.573198151729397,4.080932801909488,5512.820512820513,0.0001413805479407779,354.7762591655329,0.027000000000000003,0.32142857142857145,0-0-401-1,e,UT_009,intvr,1,fave,100.24517256662268,46.08428138546526,5,never,1,0.05999800000000732,"",learned,N,V,N,V,internal
435.38701265328194,1372.600730925186,2618.706402050187,2.763344912503694,4.230026155315944,4.281596671014257,6051.282051282051,7.369597443765546e-6,383.59124950340134,0.025,0.33783783783783783,0-0-446-4,e,UT_009,intvr,1,fave,342.1389279171731,46.10882661801353,5,that's,1,0.05001900000002024,and,just,@,S,@,S,internal
388.08288332616314,1463.1691214283633,2801.488399359084,2.80760738061723,4.5970756615221715,3.6687230477533364,5692.3076923076915,0.0001808084364935452,409.02045283446716,0.031,0.32978723404255317,0-0-481-1,e,UT_009,intvr,1,fave,119.59515498912415,48.498892236104716,5,there,1,0.0700069999999755,is,a,DH,R,DH,R,internal
491.56737011186243,980.5542121529215,2581.203873541565,3.75493480269716,4.047454531430696,3.850000335509517,5333.333333333333,0.00046847564607976227,651.7569638344671,0.031,0.32978723404255317,0-0-595-1,e,UT_009,intvr,1,fave,183.0619060527523,38.826686446780364,5,sense,1,0.07000700000003235,makes,"",S,N,S,N,internal
493.6340498642669,1476.7541482288761,2531.9928298761333,2.184123284717753,3.9154027012801373,3.6953870852694886,4256.410256410256,0.0000948298757151731,756.9853718344672,0.027000000000000003,0.32142857142857145,0-0-667-1,e,UT_009,intvr,1,fave,124.4912353901925,52.91565513968179,5,definitely,1,0.059996999999953005,"",not,D,F,D,F,internal
611.3140455674701,1447.8305379155468,2710.8206664679465,2.770410073364422,4.545658811580259,4.096036650971234,5871.794871794871,0.0007677759523403974,764.412349165533,0.04100000000000001,0.3306451612903227,0-0-688-0,e,UT_009,intvr,1,fave,56020.88829289482,38.3266577178155,5,as,1,0.09997499999997217,"",i,#,Z,"",Z,initial
491.15825763186814,1480.738960719368,3488.0129796313504,3.106162012648753,3.532193149143659,4.222889365565477,6769.2307692307695,0.00020225036886623723,775.067327834467,0.031,0.32978723404255317,0-0-711-1,e,UT_009,intvr,1,fave,115.63418671561303,51.78469503240083,5,sentences,1,0.07000700000003235,40,"",S,N,S,N,internal
495.1762787007684,1486.635238663991,2507.157802725347,1.6964146077249525,3.7468945136282024,3.349061637771776,4794.871794871795,0.0002340029425086677,783.7503604965987,0.057,0.3275862068965517,0-0-736-1,e,UT_009,intvr,1,fave,136.3325215674806,55.938765807646064,5,said,1,0.149962999999957,i,just,S,D,S,D,internal
515.0201027316311,1246.1785991843565,2572.8154260250285,2.449048249955446,3.797359191464362,3.8449749426715516,4974.358974358975,0.00011103524704515074,797.7373718344671,0.031,0.32978723404255317,0-0-778-1,e,UT_009,intvr,1,fave,167.36650674168416,50.88738326742363,5,second,1,0.07000699999991866,a,resay,S,K,S,K,internal
525.3770065180643,1875.80298367268,2755.3139301797655,3.022033187638968,3.974786912912951,4.405628843998493,6410.25641025641,0.00046002080323823705,805.3105528344671,0.031,0.32978723404255317,0-0-782-1,e,UT_009,intvr,1,fave,383.72320390503404,50.297598230216195,5,yep,1,0.07000700000003235,"","",Y,P,Y,P,internal
264.0912278903279,1813.1371627739145,2834.716012996691,3.1182016932247687,4.443339815021099,4.442409528121962,5333.333333333333,0.00008499508966583602,8.27274716553288,0.025,0.33783783783783783,0-0-20-1,uw,UT_009,intvr,1,fave,109.98193949776055,47.75133532145585,5,you,1,0.05000000000000071,"",read,Y,#,Y,R,final
371.1920236496208,1588.191293708588,2101.9008806208594,2.4264470380674066,3.3742282899436917,4.066009690942007,4256.410256410256,0.0001656771853173515,27.22274616553288,0.025,0.33783783783783783,0-0-75-1,uw,UT_009,intvr,1,fave,168.90782304317875,38.31259597609371,5,you,1,0.05000100000000174,that,have,Y,#,Y,HH,final
310.4680121540844,1251.2198771945016,2105.0454407549723,3.04605126816449,4.167481792935974,4.149135488751146,4076.923076923077,0.026203390036929362,36.94804616553289,0.08099999999999999,0.3319672131147541,0-0-106-1,uw,UT_009,intvr,1,fave,212.91408268675616,38.5236041016227,5,you,1,0.22000099999999634,that,"",Y,#,Y,"",final
469.1810899688431,1696.6672133583313,3171.3498954382726,4.062810630150691,4.282988307733049,4.719447216589073,7307.692307692308,0.05305159835402752,49.50104716553288,0.067,0.3284313725490196,0-0-138-1,uw,UT_009,intvr,1,fave,-142729.73545665023,30.83642201442976,5,you,1,0.1800009999999972,are,"",Y,#,Y,"",final
340.6408214487676,919.4292095361918,1462.7911252939532,2.6979848313510466,4.073108310193656,3.946600025686831,3179.4871794871797,0.015221235150235123,73.49814916553288,0.07100000000000001,0.3317757009345795,0-0-160-1,uw,UT_009,intvr,1,fave,230.23454929130125,37.84841298644158,5,you,1,0.18999499999999614,have,"",Y,#,Y,"",final
368.19903087657457,1565.3025317432998,2395.5284300075914,2.269340796677387,4.004430672004183,3.4952379433695935,4435.897435897436,0.0003735935167602378,77.46614716553287,0.027000000000000003,0.32142857142857145,0-0-176-1,uw,UT_009,intvr,1,fave,82.80707757226611,42.690909077208026,5,you,1,0.05999800000000732,have,lived,Y,#,Y,L,final
349.17020143475276,1291.7797116482625,2363.5192329958372,2.039185225090457,3.9687065860123947,4.435831462855201,4615.384615384615,0.005438758897732293,140.17414683446714,0.11500000000000002,0.33430232558139533,0-0-195-1,uw,UT_009,intvr,1,fave,173.83627322804492,45.57084547192411,5,you,1,0.3200069999999755,do,"",Y,#,Y,"",final
570.2272932831726,1706.7721493549982,1973.6116486586025,3.805907888836109,3.476128777757041,4.43533248593364,5512.820512820513,0.0038698476341547747,160.21644683446712,0.04100000000000001,0.3306451612903227,0-0-223-1,uw,UT_009,intvr,1,fave,NaN,38.223855163667906,5,you,1,0.10000600000000759,can,"",Y,#,Y,"",final
334.0981600239686,1116.1129653603946,2286.818944650721,3.1918089089453847,4.5605870646406,4.473199504305235,5153.846153846154,0.006261868555987345,212.40814816553285,0.051000000000000004,0.3311688311688312,0-0-260-1,uw,UT_009,intvr,1,fave,108.77810733352543,41.772972377539126,5,you,1,0.13000400000001378,"","",Y,#,Y,"",final
405.37812118492786,1030.8298013495978,1723.086432323155,2.7891840009837514,4.021133070349392,4.304710899822025,3179.4871794871797,0.01875409664613764,252.1004558344671,0.065,0.33505154639175255,0-0-288-1,uw,UT_009,intvr,1,fave,196.08580596068938,50.650319846882574,5,you,1,0.16999799999999254,can,"",Y,#,Y,"",final
415.1187175225492,1354.6140312426205,2319.0375429000283,2.373088999990638,3.9128961628323404,3.969447035151653,4076.923076923077,0.00007279835039357497,256.2614581655329,0.027000000000000003,0.32142857142857145,0-0-305-1,uw,UT_009,intvr,1,fave,405.56339272446814,44.351064062305895,5,you,1,0.05999800000000732,than,expected,Y,#,Y,i,final
370.3238927427124,1578.4433972801028,2713.647438047358,3.766328881010955,4.3943067299101655,4.604070854198957,5333.333333333333,0.01190744897801962,313.27515116553286,0.047,0.3263888888888889,0-0-339-1,uw,UT_009,intvr,1,fave,522.4814981686745,30.190941075501648,5,you,1,0.11999500000001717,to,"",Y,#,Y,"",final
281.8300990404914,1158.6857997985126,2013.558178935497,2.9110451803961768,4.33251990420239,4.347959866331355,4256.410256410256,0.0325653030911869,329.4631501655329,0.087,0.32954545454545453,0-0-349-1,uw,UT_009,intvr,1,fave,3.56061180236397,37.957946947285684,5,you,1,0.23999000000003434,that,"",Y,#,Y,"",final
405.18704305289504,2515.512348288812,3501.5020721242417,2.2863807175398203,4.315815920532175,5.072650130617819,8384.615384615383,0.0001462026427921022,333.8831378344671,0.027000000000000003,0.32142857142857145,0-0-364-1,uw,UT_009,intvr,1,fave,102.34194926305696,50.13127747035271,5,you,1,0.060027999999988424,teach,at,Y,#,Y,ae,final
358.18061664028,890.0096334165731,1933.728175147912,1.4164886410936723,3.743868175201237,4.572930677484675,3538.4615384615386,0.0000933967387870047,442.8943448344671,0.025,0.33783783783783783,0-0-508-1,uw,UT_009,intvr,1,fave,363.440906963777,51.071959962224824,5,cool,1,0.05001799999996592,"",i,K,L,K,L,internal
360.7766997591497,1011.8502349416234,1813.5239908931298,2.8021527387858716,3.7402979418349376,3.8508744361580094,3538.4615384615386,0.009302754412165583,527.1809565034015,0.08100000000000002,0.3319672131147542,0-0-548-1,uw,UT_009,intvr,1,fave,225.93637596583497,39.85548437035773,5,you,1,0.22003099999994902,can,"",Y,#,Y,"",final
671.5381386566401,1424.9075830481947,2441.9778126389483,4.313596397264464,4.497277463348503,4.641988257165379,4435.897435897436,0.027397707971071262,693.6462548344672,0.037,0.32456140350877194,0-0-636-3,uw,UT_009,intvr,1,fave,NaN,65.401646822706,5,situation,0,0.09002699999996366,a,like,CH,ey,CH,ey,internal
369.19772534404535,1273.1137361060012,1754.5253930248398,2.5765278849162336,3.8956596900900795,4.6158655057216365,3179.4871794871797,0.026034326071445946,736.8957741655328,0.11100000000000002,0.3323353293413173,0-0-657-1,uw,UT_009,intvr,1,fave,465.81357805008804,51.78592439582607,5,you,1,0.3099970000000667,that,"",Y,#,Y,"",final
360.65400413097797,1332.0505781099057,2271.0982846709194,3.1363366383693765,3.898152270893548,3.9228062123391623,4256.410256410256,0.011097249856625864,790.5853391723356,0.067,0.3284313725490196,0-0-753-1,uw,UT_009,intvr,1,fave,106.68481635652972,46.03640033455042,5,you,1,0.18005300000004354,if,"",Y,#,Y,"",final
435.67922624747314,2079.6350310390167,3329.5656171528312,2.7392474338986736,3.861015324534491,4.032327390064993,6769.2307692307695,0.0014738014706109888,10.48874816553288,0.097,0.3299319727891156,0-0-28-0,i,UT_009,intvr,1,fave,155.2509209275029,42.12139684425302,5,in,1,0.2699990000000003,part,"",#,N,T,N,initial
404.2384578178292,1101.2911437355276,1784.7293634181947,2.538216356417994,4.156741157261955,3.7730404196808713,3538.4615384615386,0.013729782919381154,12.983747165532879,0.167,0.3313492063492064,0-0-35-0,i,UT_009,intvr,1,fave,145.88865988767716,45.56188277898122,5,is,0,0.4800000000000004,one,a,#,Z,N,Z,initial
480.298004244796,1466.7439159542275,2642.3403021177405,2.309660246237198,3.604630754520257,3.977551413409517,5871.794871794871,0.0011083470269869946,21.03574716553288,0.091,0.33211678832116787,0-0-56-1,i,UT_009,intvr,1,fave,114.41037404423551,51.280540819856384,5,lived,1,0.25,you've,stuff,L,V,L,V,internal
502.3979693154762,1473.4711973470567,2507.6049469597842,2.5390279950770025,4.02067529775235,3.679887209332395,4974.358974358975,0.00009279300714324893,24.157746165532878,0.035,0.3365384615384616,0-0-66-5,i,UT_009,intvr,1,fave,178.93143158434714,48.263048727107105,5,narrative,0,0.08000000000000185,personal,"",T,V,T,V,internal
415.5978272786732,1618.9768376569893,2796.5538103796034,2.860531330449097,4.326174805311594,4.768213026262748,6230.7692307692305,0.00024577975242025957,30.42104616553288,0.027000000000000003,0.32142857142857145,0-0-86-0,i,UT_009,intvr,1,fave,386.45610714034297,41.913311486507396,5,is,0,0.0600010000000033,part,gonna,#,Z,T,Z,initial
397.2830050274523,2472.413817377857,3007.328047223074,3.5840940020606067,4.1635217058514495,4.538278189994375,7666.666666666666,0.0002206634856830454,31.63104716553288,0.027000000000000003,0.32142857142857145,0-0-91-3,i,UT_009,intvr,1,fave,655.3502814423955,40.52485963809191,5,reading,0,0.059999000000001246,a,"",D,NG,D,NG,internal
327.04163442354644,2658.787647692787,3413.667376457747,3.3344985037244954,3.575592778100875,4.618241970529079,8384.615384615383,0.00022602013473253007,46.431048165532886,0.027000000000000003,0.32142857142857145,0-0-130-1,i,UT_009,intvr,1,fave,117.43767353158054,47.96034184481695,5,begin,0,0.05999800000000022,to,with,B,G,B,G,internal
423.7111946510758,2037.567825759334,2744.1546949906574,2.1324197427574236,3.7473433588406446,3.3823409077715394,5153.846153846154,0.00009812602162625557,46.65604616553288,0.037000000000000005,0.324561403508772,0-0-130-3,i,UT_009,intvr,1,fave,221.22407846083036,54.31844770846554,5,begin,1,0.09000000000000341,to,with,G,N,G,N,internal
490.42178032470343,1622.0727777234897,2894.991686577183,3.4383237647195277,3.84631299581632,4.807288037313175,6051.282051282051,0.002662098954265812,46.92604816553288,0.057,0.3275862068965517,0-0-131-1,i,UT_009,intvr,1,fave,105.2582266625158,46.70648465688513,5,with,1,0.14999699999999905,begin,"",W,TH,W,TH,internal
442.6558328184666,1338.8231424133573,2732.5260911420282,1.8263819962840862,3.5034109330544676,3.9692147528758626,6051.282051282051,0.00013990827406659966,74.69615116553288,0.027000000000000003,0.32142857142857145,0-0-167-1,i,UT_009,intvr,1,fave,87.7933770226999,45.99348431028251,5,lived,1,0.05999699999999564,you,in,L,V,L,V,internal
495.440831823735,1545.956224030415,2675.807986423446,3.018240993420555,3.740725997150346,4.925743508860401,5871.794871794871,0.001239303031246152,74.89014516553289,0.035,0.33653846153846156,0-0-168-0,i,UT_009,intvr,1,fave,78.32140759793415,39.27504244858745,5,in,0,0.08000199999999325,lived,"",#,N,D,N,initial
468.62380085869586,1504.2190017613073,2514.855398829628,2.3993652075149976,3.6171951471287933,4.076545637081334,5512.820512820513,0.001009578752572812,142.0341401655329,0.055,0.33536585365853655,0-0-201-7,i,UT_009,intvr,1,fave,458.812978314094,36.78760307926269,5,languages,0,0.13999999999998636,foreign,"",JH,Z,JH,Z,internal
325.68855811640833,2075.335215578962,3366.347362704157,2.6716541497241533,4.477916007204382,4.173903706658969,7846.153846153846,0.0021562443583335016,161.01345583446712,0.055,0.3353658536585366,0-0-225-0,i,UT_009,intvr,1,fave,161.99546530250853,51.161359949334056,5,explain,0,0.13999899999998888,"","",#,K,"",K,initial
401.24426747180075,1616.09882801941,2504.03227934343,1.5862957385830563,3.759557080993918,3.1046312095485535,4974.358974358975,0.0002804548629236869,202.37814916553288,0.051000000000000004,0.3311688311688312,0-0-239-0,i,UT_009,intvr,1,fave,98.39805311632273,54.922328467316596,5,is,1,0.13000499999998283,that,totally,#,Z,T,Z,initial
468.57694615081294,1708.1189659512272,2425.9625329612404,1.8041572982775933,3.525538492454921,4.114424841804816,4794.871794871795,0.00009251520229621476,205.9181521655329,0.031,0.32978723404255317,0-0-248-4,i,UT_009,intvr,1,fave,470.10678881497813,46.043377942202454,5,hectic,0,0.06999200000001338,quite,"",T,K,T,K,internal
463.02732800774453,1669.6568158758396,2869.2947915953664,3.7724250232052867,4.500033220764395,4.640778992724235,6230.7692307692305,0.0016277314523548561,227.3335421655329,0.031,0.32978723404255317,0-0-273-1,i,UT_009,intvr,1,fave,211.0620462700138,52.92781465497756,5,little,1,0.07000700000000393,a,bit,L,T,L,T,internal
400.33608350330235,2664.097825483401,3328.4652286969736,2.4176131372110308,3.85335089845609,4.033216394525602,7128.205128205128,0.0004466029897941043,301.7801611655329,0.037000000000000005,0.324561403508772,0-0-316-2,i,UT_009,intvr,1,fave,438.63504104160114,52.797362107855946,5,still,1,0.08999599999998509,"","",T,L,T,L,internal
526.4143813547554,1190.3893022480552,2540.08557036503,2.969137550432519,4.165618183821704,4.047058185514331,5512.820512820513,0.0009891766516557932,312.22714783446713,0.031,0.32978723404255317,0-0-334-0,i,UT_009,intvr,1,fave,446.2083598428968,42.22296060064634,5,is,0,0.07000800000002982,"",it,#,Z,"",Z,initial
407.6568825891677,1419.5920912638417,2641.4798671370268,2.769219304300549,4.209792654029459,4.227479033273597,5692.3076923076915,0.0004661503005821035,312.37513616553287,0.027000000000000003,0.32142857142857145,0-0-335-0,i,UT_009,intvr,1,fave,403.5565513779416,40.52315753058456,5,it,0,0.05999800000000732,is,so,#,#,Z,S,coextensive
379.8736581756527,1161.6217646087239,2655.9786359854465,2.2489833412440543,4.196211998105704,3.8200757817508526,5512.820512820513,0.0000915759026861794,369.8248544965987,0.031,0.32978723404255317,0-0-417-1,i,UT_009,intvr,1,fave,119.01790572667694,48.423390589743285,5,bit,1,0.06997599999999693,little,more,B,T,B,T,internal
405.1405831630924,2705.992873982931,3931.528288544778,3.374052772130766,3.7817259769200535,4.325328670167196,8205.128205128205,0.0022852192700250447,373.8128558344671,0.027000000000000003,0.32142857142857145,0-0-424-0,i,UT_009,intvr,1,fave,247.23887988606498,44.1459549000401,5,is,1,0.05999700000000985,"",there,#,Z,"",Z,initial
411.7062964908201,2494.399604670975,3142.721763507357,3.239315054822498,3.6898796606949964,3.7149731751209796,6948.717948717948,0.00045037171480526687,380.53924683446706,0.04100000000000001,0.3306451612903227,0-0-443-3,i,UT_009,intvr,1,fave,109.79437779621803,44.86172527037056,5,skiing,0,0.10000600000000759,"","",iy,NG,iy,NG,internal
382.19941427006523,1564.7073344502048,2574.360215684547,2.5334788188530104,4.197839386745135,3.565528194245713,4794.871794871795,0.00005856080649318729,408.84844450340137,0.027000000000000003,0.32142857142857145,0-0-480-0,i,UT_009,intvr,1,fave,204.60691348746911,42.68217504283703,5,is,1,0.06002800000004527,"",there,#,Z,"",Z,initial
385.8544449516031,2653.908165974071,2949.7974565625154,3.245322562234853,3.499026850761969,4.045608243112245,6589.74358974359,0.000233854742751444,410.8854378344671,0.04100000000000001,0.3306451612903227,0-0-486-3,i,UT_009,intvr,1,fave,99.37350467793735,43.92434799232824,5,skiing,0,0.10000600000000759,of,that,iy,NG,iy,NG,internal
422.77020790083714,1229.60346456384,2657.674598174566,3.0743453717586964,4.472132776028901,4.763431589080256,5512.820512820513,0.00021049817336626762,411.3284441655329,0.027000000000000003,0.32142857142857145,0-0-489-0,i,UT_009,intvr,1,fave,96.58712128350136,40.722262356434626,5,enjoy,0,0.05999799999995048,you,more,#,N,uw,N,initial
424.0682334717055,1932.6460959595274,2735.6103018812387,2.443182365688549,4.397447262105301,3.4408020724812043,6230.7692307692305,0.00022839974152096803,420.68325249659864,0.031,0.32978723404255317,0-0-498-0,i,UT_009,intvr,1,fave,403.18828760279877,40.63726055937903,5,explain,0,0.0699769999999944,"",what,#,K,"",K,initial
336.09192859847343,2527.1156095083215,3484.361694784553,3.5192801137319196,3.8933035459767704,4.161918578613363,6410.25641025641,0.0028463930036613863,421.9252548344671,0.095,0.33450704225352107,0-0-502-0,i,UT_009,intvr,1,fave,186.45789402094925,55.613594561649755,5,is,0,0.2600100000000225,"","",#,Z,"",Z,initial
407.9611412285744,2735.6905109698682,4292.939450581183,2.494490180812084,3.773441058480614,4.820768721429955,9282.051282051281,0.0006843656602529934,470.94056116553287,0.037000000000000005,0.324561403508772,0-0-533-2,i,UT_009,intvr,1,fave,409.870111167901,50.06522159176697,5,still,1,0.08999600000004193,you,a,T,L,T,L,internal
352.92271923003204,2363.0855965447954,3490.477125319447,2.63307596992302,3.789335978856155,4.210688037186373,6589.74358974359,0.00008017573281972744,613.1086488344671,0.031,0.32978723404255317,0-0-568-0,i,UT_009,intvr,1,fave,323.1635617949616,51.16072147400933,5,is,1,0.07000700000003235,think,"",#,Z,K,Z,initial
363.0322440697439,2362.212233489878,3562.207358714834,3.1683011326775117,4.127713559398404,3.8950357692883935,6589.74358974359,0.0005753692233192057,614.8606545034013,0.035,0.3365384615384616,0-0-575-2,i,UT_009,intvr,1,fave,412.9569607842668,54.65161721630846,5,skills,1,0.080016999999998,hardest,for,K,L,K,L,internal
392.63266516407015,1988.0422546562786,2907.5217123888965,3.581596997550349,4.584109566769816,4.2353335524901725,5871.794871794871,0.0050617751241271314,660.2999475034014,0.037000000000000005,0.324561403508772,0-0-609-4,i,UT_009,intvr,1,fave,436.2366881405392,50.26140594397314,5,favorite,0,0.09002699999996366,your,"",*hr,T,*hr,T,internal
457.1727357907676,1583.0344667041952,2353.8719750553682,2.555218000089897,3.686974291402629,4.30793718188926,5512.820512820513,0.0007539626941058876,663.9219425034013,0.04100000000000001,0.3306451612903227,0-0-623-4,i,UT_009,intvr,1,fave,444.39950629423345,42.35312942193681,5,favorite,0,0.10003700000004301,least,"",*hr,T,*hr,T,internal
423.45573236967806,1713.2570824192455,3054.670783716812,3.2215580860840545,3.602455134828283,4.393961291819376,6410.25641025641,0.00023606235118350552,692.8232478344671,0.031,0.32978723404255317,0-0-634-0,i,UT_009,intvr,1,fave,144.47630957248012,42.25265547413819,5,experienced,0,0.07000700000003235,ever,a,#,K,*hr,K,initial
466.8213747603563,1542.6576255628945,2681.5779305504275,4.188655447227748,4.206882537512284,4.486580787096177,4974.358974358975,0.024573864971738777,693.5212541655329,0.027000000000000003,0.32142857142857145,0-0-636-1,i,UT_009,intvr,1,fave,2014.6004846190347,60.774275000566846,5,situation,2,0.05999799999995048,a,like,S,CH,S,CH,internal
388.9609725155269,1982.7577978307659,2684.594811524212,3.0250225175305103,4.180002484874563,4.478084519718224,5333.333333333333,0.00035637732108702975,738.3437698344671,0.027000000000000003,0.32142857142857145,0-0-662-1,i,UT_009,intvr,1,fave,364.7367239675844,34.440487943162594,5,to,0,0.05999799999995048,talk,yourself,T,#,T,Y,final
476.36939103566135,1402.2965625338084,2296.1029547239573,4.178010553154319,4.5672374169391645,4.541427051053409,4435.897435897436,0.08647310577410607,755.7403504965986,0.057,0.3275862068965517,0-0-665-0,i,UT_009,intvr,1,fave,NaN,45.47814235649105,5,it's,0,0.14996300000007068,"","",#,T,"",T,initial
460.37767954995354,935.5462722621293,1758.840793791075,3.452025904134687,3.9496229126539437,4.003141498385166,4615.384615384615,0.00015516974973867818,761.639334834467,0.035,0.3365384615384616,0-0-680-3,i,UT_009,intvr,1,fave,112.22883815748722,40.851267391195336,5,sharing,0,0.080016999999998,for,those,R,NG,R,NG,internal
375.7663202234171,2460.7807453747423,3364.056368891399,3.3068388701195963,4.256949518100631,4.735801246207814,7666.666666666666,0.014520716968788296,767.7943604965988,0.145,0.3341013824884792,0-0-696-0,i,UT_009,intvr,1,fave,105.30222716592378,43.63451524690746,5,is,0,0.40997299999992265,"","",#,Z,"",Z,initial
402.1836714556384,2014.1764127751428,2620.051623322416,1.9794250065834882,3.7253761894528306,3.367154591488921,5153.846153846154,0.0004972298947289185,790.2803555034014,0.037000000000000005,0.324561403508772,0-0-752-0,i,UT_009,intvr,1,fave,391.7289474297164,51.22541200392367,5,if,1,0.09002699999996366,"",you,#,F,"",F,initial
424.4485973697195,1635.631004216952,2511.55998745806,2.147242111086358,3.8527877294752364,3.5334078491553425,5871.794871794871,0.000027363986480437768,795.3743361723357,0.025,0.33783783783783783,0-0-768-1,i,UT_009,intvr,1,fave,99.5915101434771,51.61648252710893,5,difficulty,1,0.0500489999999445,have,with,D,F,D,F,internal
487.17109913435274,1235.7146160716807,2313.928700417922,2.2627528358851725,3.9117326112554434,3.818519869369898,4794.871794871795,0.00024321701109502963,795.897344834467,0.031,0.32978723404255317,0-0-769-1,i,UT_009,intvr,1,fave,103.96742386719714,48.97747069344786,5,with,1,0.07000700000003235,difficulty,"",W,TH,W,TH,internal
313.9105718358102,1406.8705228384624,2159.8438637783775,2.4620229474246123,3.982861044804432,4.2166836510908885,4435.897435897436,0.00007666435662226984,11.27274716553288,0.025,0.2976190476190476,0-0-30-1,Tuw,UT_009,intvr,1,fave,147.123627219258,50.40467819516523,5,two,1,0.06000099999999975,"",parts,T,#,T,P,final
391.3151131734906,1440.444193850996,2679.889254218333,2.58565836015035,4.032751750978187,4.013341293373851,5871.794871794871,0.0016361666308098077,37.56004516553288,0.025,0.13586956521739132,0-0-109-2,Tuw,UT_009,intvr,1,fave,100.29701334519997,49.75484995677274,5,through,1,0.1600000000000037,read,em,R,#,R,e,final
394.01569830548743,1433.9625923560877,2551.447566747396,2.1370024211609175,3.5651183308151113,4.408314005951779,5512.820512820513,0.00004624144414724128,40.44004616553288,0.025,0.2976190476190476,0-0-120-1,Tuw,UT_009,intvr,1,fave,127.0800542400147,51.271117888143586,5,too,1,0.06000200000000433,not,loud,T,#,T,L,final
267.8104199945716,1847.4554897341452,2522.25953214594,1.8584730425788056,3.569375391611726,4.208796289375448,4794.871794871795,0.000024348995683936208,139.8491421655329,0.025,0.33783783783783783,0-0-194-1,Tuw,UT_009,intvr,1,fave,129.25007789471803,51.74276559279455,5,do,1,0.050003000000003794,"",you,D,#,D,Y,final
360.59189798589296,1713.336953590118,3082.016903355602,3.4206281409758543,3.694688329005353,4.768844219269819,6948.717948717948,0.0015670498849270362,163.40845316553288,0.025,0.24038461538461536,0-0-233-1,Tuw,UT_009,intvr,1,fave,78.8066391951805,40.361965390025176,5,routine,0,0.0799870000000169,daily,"",R,T,R,T,internal
407.67739069434674,1011.8467863094833,1851.324395999747,2.6652885765298433,3.813958666792246,4.487443443586873,4256.410256410256,0.0004235076739196556,338.1521568344671,0.025,0.26595744680851063,0-0-377-1,Tuw,UT_009,intvr,1,fave,92.7858754349543,49.52500195482352,5,rule,1,0.07000799999997298,the,"",R,L,R,L,internal
368.61454289365474,1473.76412520989,2951.876584885075,2.6758895103262805,4.036828433330637,4.225178024443292,5871.794871794871,0.003789965691091945,528.3929465034013,0.025,0.10683760683760685,0-0-552-2,Tuw,UT_009,intvr,1,fave,92.53795396531437,46.30682225136901,5,through,1,0.21002199999998084,me,how,R,#,R,HH,final
349.57406980155486,2642.144676567536,3147.3219508017173,3.189369923146292,4.2421867956159645,3.9246311362402917,7487.179487179487,0.0011582459844942717,737.8227451655328,0.025,0.18656716417910452,0-0-659-1,Tuw,UT_009,intvr,1,fave,91.07203701653837,44.8733686578118,5,do,1,0.10998500000005151,"",to,D,#,D,T,final
544.1455228547399,1060.6186567161337,1624.153936377255,4.014155251953159,4.1796603294857855,4.320315254590817,3897.4358974358975,0.005020552028011572,12.44774716553288,0.035,0.3365384615384616,0-0-33-1,ahr,UT_009,intvr,1,fave,NaN,53.637882195890796,5,part,1,0.08000000000000007,"",one,P,R,P,R,internal
472.1697141512412,914.020122740772,1730.8766624842435,3.177725347670815,3.292416252152413,4.430230417805669,4256.410256410256,0.0012206116751587617,212.5611511655329,0.037000000000000005,0.324561403508772,0-0-262-0,ahr,UT_009,intvr,1,fave,100.24863139051033,42.34943741323961,5,are,1,0.08999699999998256,"",really,#,R,"",R,initial
692.9424663382694,1480.1184705760857,2969.4702977178104,3.155849735895224,3.6297215489562613,4.202443017090855,6589.74358974359,0.0006183169966956887,15.722747165532882,0.025,0.20161290322580647,0-0-41-0,ay,UT_009,intvr,1,fave,83.80183047588191,45.5177356430758,5,i,1,0.09999999999999964,where,ask,#,#,R,ae,coextensive
637.2635143536553,1372.41935770806,2615.406498279766,2.8574916856252917,3.8838751920530967,4.519157699739839,6230.7692307692305,0.00835064796003652,25.864746165532882,0.129,0.2841409691629956,0-0-69-1,ay,UT_009,intvr,1,fave,95.62673516250157,44.395581623707976,5,by,1,0.43000100000000074,followed,"",B,#,B,"",final
656.0180870386797,1713.1710523338752,1992.3357327365084,2.591335909003268,3.9531441520693367,4.336944481621405,4615.384615384615,0.0009442621578756133,33.71704816553288,0.099,0.7983870967741936,0-0-96-0,ay,UT_009,intvr,1,fave,91.40564690706547,43.797327013636455,5,i,1,0.09999899999999684,where,have,#,#,R,HH,coextensive
781.2221430599225,1540.6693219669548,2810.417699330921,3.4371720875907936,3.6532215849671412,4.536730524878711,6230.7692307692305,0.003825624527313047,36.16204716553288,0.069,0.3750000000000001,0-0-102-0,ay,UT_009,intvr,1,fave,156.96264521647572,39.647483065604256,5,i,1,0.1600000000000037,and,just,#,#,D,JH,coextensive
644.1650577998021,1478.5029270740315,2907.50395774476,3.3561059557835007,4.422484460622841,4.621932093024676,5871.794871794871,0.001275501460653939,41.20704816553288,0.07900000000000001,0.7596153846153847,0-0-124-2,ay,UT_009,intvr,1,fave,318.5883704634327,47.33505573891966,5,quiet,1,0.07999799999999624,too,"",W,@,W,@,internal
591.6998229974789,1189.6696922943802,2856.627729923098,3.7684919188003594,4.006597640820467,3.7490812079633953,5692.3076923076915,0.0022736727143339605,253.51044883446713,0.025,0.13586956521739132,0-0-295-1,ay,UT_009,intvr,1,fave,100.3440788745416,40.5884637187245,5,time,1,0.1600040000000149,a,"",T,M,T,M,internal
570.6950949640027,1018.3760866373224,2893.802397094421,3.3107810611381656,4.032994919231012,4.277386025505857,6230.7692307692305,0.011559023505839663,311.1941488344671,0.025,0.04280821917808219,0-0-332-1,ay,UT_009,intvr,1,fave,109.51154124637549,40.15998465456124,5,why,1,0.5599980000000073,and,"",W,#,W,"",final
1100.7396056569867,2153.3526998193183,3431.721482318413,4.26846345774888,4.843067387096649,4.7137443825169525,6769.2307692307695,0.03866334620871438,328.1601371655329,0.321,0.46929824561403505,0-0-343-0,ay,UT_009,intvr,1,fave,-24125.959026828554,49.18128215259965,5,i,1,0.6600030000000174,"","",#,#,"","",coextensive
725.98106922165,2188.016556694365,3001.6595976668673,3.535130152145692,4.352978901344701,4.061569525811437,5871.794871794871,0.006225721376468485,328.88213783446713,0.025,0.24038461538461545,0-0-345-0,ay,UT_009,intvr,1,fave,127800.75605887746,37.77973673855834,5,i,1,0.080016999999998,"",take,#,#,"",T,coextensive
601.6761753587639,1343.1604672706796,2578.6351637641615,2.9045723240672436,3.9948310360712926,3.7539967649263857,4794.871794871795,0.001276182765860139,353.6672398344671,0.049,0.3951612903225807,0-0-399-0,ay,UT_009,intvr,1,fave,86.75300086404249,43.29012623191332,5,i've,1,0.10000600000000759,fun,"",#,V,N,V,initial
621.3439036714361,1203.4507426105376,2766.73420434649,3.382169992238374,3.235249646074312,3.459044623361788,5512.820512820513,0.00012190876926780289,443.01535516553287,0.047,0.5595238095238095,0-0-509-0,ay,UT_009,intvr,1,fave,90.66991788152447,40.35068367173404,5,i,1,0.05999700000000985,cool,never,#,#,L,N,coextensive
673.9506152032242,1196.1900051508453,2407.3222554176687,3.3755744556539593,4.384348199468926,4.057065085086691,4974.358974358975,0.0016112636902436577,464.78155716553294,0.039,0.34210526315789475,0-0-520-0,ay,UT_009,intvr,1,fave,942.5773587823167,43.99478430418694,5,i,1,0.08999699999998256,yeah,can,#,#,ae,K,coextensive
665.5758333405095,1401.8810067159916,2611.4866532632623,3.4808608371543452,4.122723446007839,3.6781716458336544,5512.820512820513,0.0005237018461221427,521.7429608276644,0.025,0.26595744680851063,0-0-539-0,ay,UT_009,intvr,1,fave,127.73820327966212,43.990279512730034,5,i,1,0.06994599999995899,yeah,could,#,#,ae,K,coextensive
539.5104743135103,1411.680073123297,2469.528419101425,3.4837896519103677,4.253122174090051,4.190082467436386,4615.384615384615,0.0011602190660382843,522.262935834467,0.025,0.26595744680851063,0-0-542-0,ay,UT_009,intvr,1,fave,106.55734720015755,38.42462545413683,5,i,1,0.07000700000003235,"",could,#,#,"",K,coextensive
553.0103841270741,1229.58441530547,2613.9099281727736,2.6273910024907376,3.9087421075900814,4.286780502379183,5512.820512820513,0.0006816240093379224,616.6806501655328,0.035,0.2430555555555556,0-0-582-3,ay,UT_009,intvr,1,fave,90.90164490766567,43.95043865241313,5,besides,1,0.11999500000001717,"",the,S,D,S,D,internal
677.659350164629,1145.909703703124,2478.32350128269,2.8708017498711222,3.994490351353349,3.887585417524184,4794.871794871795,0.004845755807580197,660.783931834467,0.025,0.0880281690140845,0-0-611-0,ay,UT_009,intvr,1,fave,199.20700771573195,40.1816336644551,5,i,1,0.26001000000007934,"","",#,#,"","",coextensive
609.915007998399,1151.591869152747,2353.236773393189,3.75354456448716,3.909942945737078,4.426056316326167,5153.846153846154,0.00009575414377225451,661.4769405034014,0.031000000000000003,0.4189189189189189,0-0-615-0,ay,UT_009,intvr,1,fave,NaN,29.677439395008598,5,i,1,0.050047999999947024,"",already,#,#,"",o,coextensive
554.889011714476,1468.7748310687798,2486.353585772636,2.6266567768788724,3.1685797293586617,3.383819451621651,4615.384615384615,8.6643712533819e-6,764.5813278344671,0.059000000000000004,0.7023809523809523,0-0-689-0,ay,UT_009,intvr,1,fave,181.7331495294652,48.380303486147504,5,i,1,0.05999700000006669,as,mentioned,#,#,Z,M,coextensive
573.3307589879315,1905.808707758953,3450.165975136051,4.362179629717058,4.536353740057809,4.399846372842456,7487.179487179487,0.0025692480367786614,772.0003718344672,0.057,0.6063829787234043,0-0-704-0,ay,UT_009,intvr,1,fave,NaN,52.09587951238554,5,i,1,0.07000699999991866,like,said,#,#,K,S,coextensive
414.45968238407636,1926.5021342525956,3067.327349548448,2.4075675338902816,3.806508153299813,3.8678047041145818,6769.2307692307695,0.0002870227906357057,16.18274716553288,0.025,0.24038461538461536,0-0-43-1,ey,UT_009,intvr,1,fave,98.46284740623432,50.30787937250233,5,basic,1,0.0799999999999983,ask,demographics,B,S,B,S,internal
464.2915456093737,1412.583756012429,2422.767883400227,3.844343573577611,4.423970416723564,4.351911379078516,5153.846153846154,0.0034899623153588927,17.42774616553288,0.095,0.7661290322580645,0-0-45-1,ey,UT_009,intvr,1,fave,85.23021343963931,48.2544835783738,5,basic,1,0.1000009999999989,demographics,[bracketed],B,S,B,S,internal
414.74030962822445,1723.0434390053351,2728.267573558877,1.8300344316273014,3.893583757629707,4.371804370293131,6410.25641025641,0.000023066939053977115,19.82274616553288,0.025,0.2976190476190476,0-0-51-1,ey,UT_009,intvr,1,fave,100.82487283030531,50.80990892384473,5,basic,1,0.060001999999997224,some,information,B,S,B,S,internal
523.101235022589,1857.2122403996107,2828.887059488062,3.515626447690192,4.1539809560108765,3.9359817160389836,6948.717948717948,0.002461023328938785,39.60004616553288,0.025,0.17361111111111113,0-0-117-1,ey,UT_009,intvr,1,fave,232.01005812810948,43.195152724326604,5,pace,1,0.11999899999999997,comfortable,"",P,S,P,S,internal
400.1201054243939,1918.0311034768706,3188.4730108362864,2.949657615601097,3.297853241011342,3.4221642743043383,6948.717948717948,0.0006731416675168711,163.0384431655329,0.025,0.18656716417910452,0-0-232-1,ey,UT_009,intvr,1,fave,257.2181190389185,43.82286037822861,5,daily,1,0.10999999999998522,your,routine,D,L,D,L,internal
391.36860854566214,2644.3238008576127,3986.162647541786,3.5328044790474635,3.351703434543205,4.4503588147165045,8743.589743589742,0.0011802337942356724,307.75414116553293,0.025,0.14367816091954022,0-0-324-1,ey,UT_009,intvr,1,fave,129.9873896685235,46.38840383208133,5,favorite,1,0.1499939999999924,your,"",F,V,F,V,internal
394.14338606983284,2471.326907819904,3148.962412974563,2.989499452685082,4.218108210233761,4.638047987847237,8564.102564102563,0.0007072098221881154,309.6561361655328,0.089,0.7807017543859649,0-0-326-2,ey,UT_009,intvr,1,fave,124.23240082611086,46.696938121405786,5,place,1,0.08999600000004193,"","",L,S,L,S,internal
453.42573529554613,1997.708164658384,2681.110803727458,2.5000262254285035,4.0256532946496595,4.084513093295912,6410.25641025641,0.00023030839808369673,329.0521508344671,0.025,0.26595744680851063,0-0-346-1,ey,UT_009,intvr,1,fave,105.79179337813552,50.11192748927719,5,take,1,0.07000799999997298,i,it,T,K,T,K,internal
440.0146654078442,2090.7167805444324,2989.3077300979494,2.047953599419887,4.079468936206907,3.7436080367366227,6948.717948717948,0.0018982387546153277,334.61915416553285,0.07900000000000001,0.2598684210526316,0-0-370-0,ey,UT_009,intvr,1,fave,108.65796092731428,45.90561134697906,5,age,1,0.27999899999997524,"",or,#,JH,"",JH,initial
498.82589577100106,2604.804300042545,3201.0859858251374,4.0815187647131355,4.049231689561495,4.581436645334546,8923.076923076922,0.00048614288998379983,466.24355483446715,0.043,0.34677419354838707,0-0-527-1,ey,UT_009,intvr,1,fave,NaN,39.384972955983095,5,case,1,0.10000599999995075,the,"",K,S,K,S,internal
463.56073719800906,1921.052127172073,2908.6464847890393,2.734155849523308,4.025029622793082,3.852035232570011,6769.2307692307695,0.00013141035624299015,660.0839708344671,0.045,0.5357142857142857,0-0-609-1,ey,UT_009,intvr,1,fave,439.7636243022221,48.25921471222937,5,favorite,1,0.05999799999995048,your,"",F,V,F,V,internal
425.6730964688781,2147.8423426970407,2891.59052965137,2.050501447745856,4.012751991497259,3.972925579445155,7307.692307692308,0.0004769383663907527,663.6539211655328,0.025,0.16233766233766234,0-0-623-1,ey,UT_009,intvr,1,fave,270.04809654268007,46.91006813063576,5,favorite,1,0.13000499999998283,least,"",F,V,F,V,internal
340.1718691339531,2313.877845930792,2470.9547677420624,3.2723806368164334,3.6644385673673696,4.534518378265016,6051.282051282051,0.0014557712164583918,781.4563624965987,0.089,0.7807017543859649,0-0-730-1,ey,UT_009,intvr,1,fave,320.4390612653724,53.980200569891316,5,page,1,0.08996600000000399,"","",P,JH,P,JH,internal
490.56924129216867,1988.3726301396368,2965.532884257304,3.390022793493529,4.022896825821363,4.424228461887372,7487.179487179487,0.0007748564901902185,784.964351834467,0.025,0.17361111111111113,0-0-739-1,ey,UT_009,intvr,1,fave,102.32519421101449,50.6024160756412,5,same,1,0.11999500000001717,"","",S,M,S,M,internal
442.2757103360969,1995.2368434075213,2690.802087995887,3.0316559961203726,3.703544169170177,4.248023885449505,7666.666666666666,0.0003094450092798421,789.424373834467,0.025,0.17361111111111113,0-0-750-1,ey,UT_009,intvr,1,fave,138.82005022531416,49.2481145066359,5,pace,1,0.11999500000001717,comfortable,"",P,S,P,S,internal
456.0868653909612,1431.9524791798713,3602.911597229882,3.2260924349674878,3.110013886091225,4.69189322332892,7487.179487179487,0.00008638599176122206,20.15274616553288,0.025,0.33783783783783783,0-0-52-3,*hr,UT_009,intvr,1,fave,409.52464707728143,46.28982486326757,5,information,0,0.050001999999999214,basic,about,F,M,F,M,internal
415.9459085350453,1349.7717981580408,3102.2149078638017,2.7672405479562188,3.676864319059494,4.720516767839477,6051.282051282051,0.00023112718695999856,27.63374816553288,0.027000000000000003,0.32142857142857145,0-0-77-4,*hr,UT_009,intvr,1,fave,240.46896038098828,43.55107450830185,5,expertise,0,0.059999000000001246,have,in,P,T,P,T,internal
494.27160058699326,1030.412445433646,1600.8594502335543,3.811888171672974,3.5164224523796563,4.57380916348337,3538.4615384615386,0.05865771593586607,42.48504716553288,0.035,0.3365384615384616,0-0-126-4,*hr,UT_009,intvr,1,fave,NaN,43.42593804621891,5,comfortable,0,0.07999799999999624,"","",F,T,F,T,internal
468.44005022989853,1549.3257097410665,2756.877119114356,2.942922636231484,3.8630637256207114,4.687416516308399,6589.74358974359,0.0026457517648797247,57.32004516553288,0.045,0.3358208955223881,0-0-144-4,*hr,UT_009,intvr,1,fave,209.7444015693975,40.41698644302691,5,gender,0,0.11000100000000401,your,"",D,#,D,"",final
382.3342338862316,1652.3991289138507,2676.9628424171106,3.3646167650952297,2.7806774429260623,4.328841921114077,5512.820512820513,0.000028512153172263655,62.20614516553288,0.027000000000000003,0.32142857142857145,0-0-150-6,*hr,UT_009,intvr,1,fave,113.83918520585777,46.08601305824029,5,considered,0,0.06000099999999975,you,your,D,D,D,D,internal
418.45060519243407,1611.8149972361543,3076.5947310535958,2.454864502272745,3.5750369732994436,4.309702987520589,6410.25641025641,0.001881775013416207,255.6804538344671,0.10500000000000001,0.3343949044585987,0-0-302-3,*hr,UT_009,intvr,1,fave,92.69070961714817,45.478090259433515,5,better,0,0.2899930000000097,"","",T,#,T,"",final
422.43531478571936,908.1420969762819,2606.3769913282777,2.662071635265783,3.5650880029466716,4.671670511629675,6230.7692307692305,0.00546057884920992,308.24514849659863,0.167,0.3313492063492064,0-0-324-3,*hr,UT_009,intvr,1,fave,148.0688048875048,50.51915808798664,5,favorite,0,0.4799810000000093,your,"",V,i,V,i,internal
444.0748298508316,1211.301061548789,1978.3619603083835,2.359146023306669,3.7230324402751496,4.418003695613382,4256.410256410256,0.006011908397263278,335.0551518344671,0.091,0.3321167883211679,0-0-371-0,*hr,UT_009,intvr,1,fave,435.3189458971537,43.390385307493595,5,or,0,0.25,age,"",#,#,JH,"",coextensive
402.2200366904874,1146.4179487668214,2745.3647487720664,2.164871258122176,3.054592370841685,4.540747745848271,6051.282051282051,0.00023157598951923522,354.89025083446717,0.035,0.33653846153846156,0-0-401-3,*hr,UT_009,intvr,1,fave,99.77753806072764,49.56821895184335,5,never,0,0.080016999999998,"",learned,V,#,V,L,final
452.7330396914588,1207.203406586162,2688.6538731041005,3.321647814438056,3.429715003870554,4.043690825054435,5692.3076923076915,0.0002694081760612356,355.05825816553283,0.031,0.32978723404255317,0-0-402-1,*hr,UT_009,intvr,1,fave,91.171454990624,42.44675950164518,5,learned,1,0.0699769999999944,never,how,L,N,L,N,internal
345.5601967560068,1556.2837022813142,2964.7966941679733,3.187442848928186,3.1311566876698462,4.443468924777545,5512.820512820513,0.0029951813036783615,375.0348568344672,0.031,0.32978723404255317,0-0-429-1,*hr,UT_009,intvr,1,fave,387.1527537854348,49.78925845643594,5,yourself,0,0.0700069999999755,consider,"",Y,S,Y,S,internal
408.161518155768,836.5418153221485,1524.3904510886427,4.08634523472874,3.5283775750942787,3.409486073430183,3717.948717948718,0.0013584667508878912,385.59625483446706,0.075,0.33482142857142855,0-0-451-1,*hr,UT_009,intvr,1,fave,167.4336673195768,59.08841875262602,5,years,0,0.20001200000001518,"",of,Y,Z,Y,Z,internal
426.9514152420876,1240.4254257545786,2866.762505285803,2.2083050853640884,4.4044419944624655,3.7499578219543324,5512.820512820513,0.0006566523975825784,412.3234465034013,0.037000000000000005,0.324561403508772,0-0-493-2,*hr,UT_009,intvr,1,fave,148.9688802907867,43.45235116011756,5,others,0,0.09002600000002303,than,"",DH,Z,DH,Z,internal
430.6930098429472,1268.4181040040035,2759.710707959542,2.5991097020199656,3.45958058748124,3.8863299442253862,6051.282051282051,0.00007227967837298427,443.21535183446707,0.027000000000000003,0.32142857142857145,0-0-510-3,*hr,UT_009,intvr,1,fave,105.01377231273213,52.34589155134637,5,never,0,0.05999800000000732,i,thought,V,#,V,TH,final
425.5705674305332,1562.1700363584478,2472.5291325003463,2.6907368163204137,3.983611983399898,4.085011871039272,4435.897435897436,0.0010164176599835712,471.9505401655329,0.037000000000000005,0.324561403508772,0-0-536-8,*hr,UT_009,intvr,1,fave,99.16510869600205,37.634174143745426,5,instructor,0,0.08999699999998256,ski,"",T,#,T,"",final
486.42904584384394,1195.305090790921,2765.168045967666,3.160748052054741,3.127423323803445,4.0645299718083745,5333.333333333333,0.0008593386406528141,530.6029414965986,0.045,0.3358208955223881,0-0-557-1,*hr,UT_009,intvr,1,fave,83.37268453562534,37.938090025368886,5,learn,1,0.10998600000004899,"",how,L,N,L,N,internal
464.64195152309657,1142.7952470681423,2138.829533865442,3.613906017219204,3.082972744073536,3.599245499675386,3897.4358974358975,0.0005849060309386157,615.2686658276644,0.031,0.32978723404255317,0-0-576-1,*hr,UT_009,intvr,1,fave,NaN,65.18839451287795,5,for,0,0.06994599999995899,skills,"",F,#,F,"",final
381.3171206703895,1347.6020539552196,2846.0856530782457,3.4005996233454976,3.866226203682271,3.607994640141265,5871.794871794871,0.0027598572751444147,660.2269348344671,0.031,0.32978723404255317,0-0-609-3,*hr,UT_009,intvr,1,fave,425.73163243302554,54.60017439222248,5,favorite,0,0.07000700000003235,your,"",V,i,V,i,internal
428.7379633327478,1462.2209155490011,2906.6791531729154,2.766837828660442,3.2039819922116903,4.368568603207381,5692.3076923076915,0.003050922662007856,692.6862295034014,0.057,0.32758620689655177,0-0-633-2,*hr,UT_009,intvr,1,fave,93.58279999070169,45.63676618516978,5,ever,0,0.15002400000003036,you,experienced,V,#,V,i,final
430.51068216600015,1484.8710647884882,2951.3495471503456,3.3065316896475934,3.963955561485932,4.150060788148905,6589.74358974359,0.0002279580815940617,735.997732834467,0.035,0.33653846153846156,0-0-651-0,*hr,UT_009,intvr,1,fave,118.74959762400344,49.81434020563963,5,are,0,0.08001799999999548,what,some,#,#,T,S,coextensive
429.7626140690612,1525.3101797018837,2974.0665470129643,2.524115305502918,3.4819199594421857,4.256235103237186,5512.820512820513,0.00009317597791306503,738.4357358344671,0.031,0.32978723404255317,0-0-663-1,*hr,UT_009,intvr,1,fave,421.31234865423124,37.61285333962505,5,yourself,0,0.07000700000003235,to,"",Y,S,Y,S,internal
423.5764241789859,1314.3862746568796,2979.845882408509,2.8556222271292033,3.66913463121961,4.1123513938315215,5333.333333333333,0.0019089869114283942,761.2203228344671,0.097,0.3299319727891156,0-0-679-1,*hr,UT_009,intvr,1,fave,419.15833255000075,48.54777833071077,5,for,0,0.2700190000000475,much,sharing,F,#,F,SH,final
439.74695642877776,1215.4579550268077,1419.6273658986338,2.8204442790077486,3.8483858174652217,3.552688965986376,3897.4358974358975,0.06450783269115357,793.9093468344671,0.17500000000000002,0.333969465648855,0-0-763-2,*hr,UT_009,intvr,1,fave,108.88741434558068,47.4461266417659,5,over,0,0.5,stumble,"",V,#,V,"",final
440.50978559007154,1298.176911882038,2545.944160950757,3.428051406531954,3.552527078908444,4.703337547922685,5512.820512820513,0.024916709604884714,794.6103588344672,0.17700000000000002,0.3314606741573034,0-0-765-0,*hr,UT_009,intvr,1,fave,2541.552613757512,38.42735904199816,5,or,0,0.5100099999999657,"","",#,#,"","",coextensive
548.4822169408341,808.9338784018232,2554.5110499478496,2.988484108875534,3.516133175738552,3.694945334687207,5153.846153846154,0.00006023887192760665,25.47574616553288,0.031,0.32978723404255317,0-0-68-1,o,UT_009,intvr,1,fave,110.48606158518817,53.67975427222863,5,followed,1,0.07000199999999879,"",by,F,L,F,L,internal
574.9553284843291,1140.2614300562307,2246.373655805438,3.5074002919439033,4.028705484008276,4.036536591344099,4615.384615384615,0.0002476721369993138,26.447747165532878,0.035,0.33653846153846156,0-0-71-1,o,UT_009,intvr,1,fave,115.81246583236354,41.17935868632197,5,talking,1,0.08000000000000185,"",about,T,K,T,K,internal
635.5069517565964,1324.557227045748,2691.4411442764044,3.272963044805874,3.4518164911873694,4.55133603930556,4974.358974358975,0.00047219581685109654,40.84304816553288,0.031,0.32978723404255317,0-0-122-1,o,UT_009,intvr,1,fave,96.5750342301144,44.954021564025055,5,not,1,0.07000000000000028,loud,too,N,T,N,T,internal
557.2084941691905,1042.5819849838606,2489.521793183045,3.621504444499015,3.558575488145488,3.970002903802108,4974.358974358975,0.004772204280637314,248.2584538344671,0.04100000000000001,0.3306451612903227,0-0-282-0,o,UT_009,intvr,1,fave,147.56684502652652,40.166483688626236,5,awesome,1,0.10000700000000506,that's,"",#,S,S,S,initial
665.9605108110476,1943.2195465985008,2704.3041379702004,2.9464290073528896,3.553195489489064,4.281519689432653,5512.820512820513,0.00006496989325638847,344.83484483446716,0.031,0.32978723404255317,0-0-388-1,o,UT_009,intvr,1,fave,NaN,63.75873635377337,5,walk,1,0.0700069999999755,"","",W,K,W,K,internal
516.419718488155,1018.9612109984483,2487.182882107814,3.7804668711400726,3.6339215315107447,4.465871922902466,5153.846153846154,0.0040657831956463055,351.3182581655329,0.051000000000000004,0.3311688311688312,0-0-392-0,o,UT_009,intvr,1,fave,104.72776247725679,39.51244576211688,5,awesome,1,0.12997400000000425,"","",#,S,"",S,initial
572.5231312829065,1028.870591849769,2765.9193400811364,3.724608407229204,3.6188168146213613,3.767937232155634,5333.333333333333,0.0009101038282827726,378.3568524965986,0.035,0.3365384615384616,0-0-440-1,o,UT_009,intvr,1,fave,80.92244900684685,33.62217180777605,5,lot,1,0.0799870000000169,a,about,L,T,L,T,internal
543.3563150165247,1086.7305694914812,2583.8556671883202,3.145880367621227,3.3172227810694674,3.496547098158055,4076.923076923077,0.00009246231385992963,443.3473568344672,0.031,0.32978723404255317,0-0-511-1,o,UT_009,intvr,1,fave,143.04736241110845,44.19686330757969,5,thought,1,0.0700069999999755,never,of,TH,T,TH,T,internal
526.8933700415346,904.9402155822964,2556.410588723379,3.224108118696105,3.0019026531925745,3.56011762597341,5333.333333333333,0.0002122430777937905,527.9459231655329,0.031,0.32978723404255317,0-0-550-1,o,UT_009,intvr,1,fave,106.0160832325977,44.11680189601193,5,walk,1,0.07000700000003235,"",me,W,K,W,K,internal
455.6696807889092,1063.0166067648308,2393.2618980750303,3.88586530920336,3.7552838876567733,4.780774890212173,5153.846153846154,0.0021171241389166674,611.9586238344671,0.031,0.32978723404255317,0-0-562-0,o,UT_009,intvr,1,fave,43.417804018484645,35.88384074462395,5,awesome,1,0.07000700000003235,"","",#,S,"",S,initial
558.1672418043239,1514.3226774949821,2669.833427784754,3.77704829891702,4.356026899305866,4.053822928004238,5692.3076923076915,0.0019202201897290324,661.5289714965986,0.035,0.33653846153846156,0-0-616-0,o,UT_009,intvr,1,fave,93.56536434563216,34.1621960382473,5,already,0,0.0799570000000358,i,asked,#,L,ay,L,initial
636.9334407621985,1079.7714352862126,2393.7790441358193,3.72018801746058,3.463043424839747,4.493211525198971,4435.897435897436,0.0007228913402819682,738.155767834467,0.031,0.32978723404255317,0-0-661-1,o,UT_009,intvr,1,fave,NaN,42.713488553714434,5,talk,1,0.07000700000003235,to,to,T,K,T,K,internal
633.251795724728,1336.7681453418197,2584.5904362650936,3.2115594001813212,2.9969104580971773,3.6291484967188743,4256.410256410256,0.0001920003277841951,757.2973688344671,0.031,0.32978723404255317,0-0-668-1,o,UT_009,intvr,1,fave,323.25620430175303,48.57265860273769,5,not,1,0.07000800000002982,definitely,something,N,T,N,T,internal
481.7646921646341,953.4921595059986,2201.33193135949,3.8599989607354934,3.2365465879175312,4.787192923998286,4794.871794871795,0.0017432552975221991,759.7193575034013,0.035,0.33653846153846156,0-0-672-0,o,UT_009,intvr,1,fave,NaN,40.62874614296592,5,awesome,1,0.080016999999998,"","",#,S,"",S,initial
542.1945424171976,1182.752194575035,2486.188541417776,3.348039451957548,3.085090588220681,4.80506934948144,7128.205128205128,0.0004396789771400067,791.149344834467,0.035,0.33653846153846156,0-0-756-3,o,UT_009,intvr,1,fave,133.01634355013425,51.75666734555707,5,across,1,0.080016999999998,come,any,R,S,R,S,internal
611.9814435158197,1225.7247104024743,2608.3827094412018,3.4545848468028915,3.4020260441397228,4.275154093768458,5153.846153846154,0.002878391451573468,796.9693575034013,0.035,0.3365384615384616,0-0-774-2,o,UT_009,intvr,1,fave,118.23330672535292,49.294971994872924,5,stop,1,0.080016999999998,and,"",T,P,T,P,internal
520.4236573903636,1259.7970103610423,2218.254550340501,2.816247434257374,3.1538317615876332,4.225632429066829,4794.871794871795,0.00008314973649555841,26.68274716553288,0.025,0.2976190476190476,0-0-72-2,aw,UT_009,intvr,1,fave,103.74094592213615,47.15076275180952,5,about,1,0.05999999999999872,talking,something,B,T,B,T,internal
630.8679158429592,1280.0220055671143,2599.900570871148,2.495164241120936,3.2407526483939955,3.7513870431245686,4974.358974358975,0.0005285671713899556,40.575048165532884,0.035,0.17156862745098042,0-0-121-1,aw,UT_009,intvr,1,fave,98.20255660453012,52.380006049145585,5,loud,1,0.17999999999999972,too,not,L,D,L,D,internal
565.8397200114028,1105.0058628533054,2612.9508595456964,3.162632420034747,3.622412666761619,4.718962055514909,4974.358974358975,0.0053892686562400805,48.80004716553288,0.025,0.18656716417910452,0-0-134-1,aw,UT_009,intvr,1,fave,155.47859620614827,47.57126116864327,5,how,1,0.1100009999999969,[bracketed],old,HH,#,HH,ow,final
633.5294820916431,1113.5782329501535,2264.1755388245615,3.41706105748286,2.9249675160024493,4.314407792073826,4974.358974358975,0.00032262059453291907,76.36514916553287,0.025,0.24038461538461545,0-0-172-1,aw,UT_009,intvr,1,fave,114.02299394533092,42.57730741825442,5,how,1,0.08000200000000746,for,long,HH,#,HH,L,final
467.2707087287719,1224.7926240056559,2054.406952001268,3.6967872771880184,4.029843480194001,4.1504585330693935,4615.384615384615,0.0002982631040431074,227.7905491655329,0.025,0.2976190476190476,0-0-276-2,aw,UT_009,intvr,1,fave,447.7840168767587,49.94128080046727,5,about,1,0.059996999999981426,more,what,B,T,B,T,internal
555.2749612343622,1191.500208570579,2399.011183698614,2.556237869615079,2.9428058005096354,3.5989215418706295,5153.846153846154,0.0001640325147887546,253.07344583446712,0.031000000000000003,0.2980769230769232,0-0-293-2,aw,UT_009,intvr,1,fave,96.05161813862308,44.58162301461519,5,about,1,0.08000200000000746,me,a,B,T,B,T,internal
524.6524852189474,1445.9237218444512,2452.4125513529657,3.534666389467459,3.5844457373845318,4.318898540857748,4794.871794871795,0.002393694653724427,254.83244583446714,0.049,0.266304347826087,0-0-300-0,aw,UT_009,intvr,1,fave,95.29251554646405,39.734636334516665,5,out,1,0.1600039999999865,worked,"",#,T,T,T,initial
567.2079798929209,1273.0538162380622,2554.5889040178995,3.468416178128721,3.807738377722625,4.074708976428926,4974.358974358975,0.002669674772303732,370.6808618344671,0.063,0.1598984771573604,0-0-419-2,aw,UT_009,intvr,1,fave,186.2793602420494,41.58843954688938,5,about,1,0.36999500000001717,more,"",B,T,B,T,internal
556.5381685584055,1285.173353826106,2499.911939921892,4.094816050693525,4.183411228852709,4.029250253160795,4974.358974358975,0.0006687311225625653,378.6028581655329,0.027000000000000003,0.32142857142857145,0-0-441-2,aw,UT_009,intvr,1,fave,NaN,29.830445858219534,5,about,1,0.05999800000000732,lot,"",B,T,B,T,internal
749.3863576673805,1120.2265750924846,2129.04881286503,3.8271333173926574,3.7522388217631812,4.446145838614839,4794.871794871795,0.008292888620174872,404.88024583446713,0.025,0.20161290322580647,0-0-473-1,aw,UT_009,intvr,1,fave,13.896920538647537,43.62846865734171,5,powder,1,0.10000599999995075,at,mountain,P,D,P,D,internal
628.7040271760882,1469.194302342138,2693.1860575692795,3.8722697637796153,3.913281041560594,4.554608356637352,4974.358974358975,0.0036717092257809864,405.13424583446715,0.033,0.24626865671641796,0-0-474-1,aw,UT_009,intvr,1,fave,88.88080056467209,40.30451376489309,5,mountain,1,0.11001599999997325,powder,"",M,N,M,N,internal
676.5270626637525,1365.6388960339978,2766.733520306576,3.3474499665149335,3.8188704819545722,4.485688557980644,5333.333333333333,0.00808396059461302,528.8599514965986,0.039,0.08057851239669421,0-0-553-1,aw,UT_009,intvr,1,fave,107.94979259382272,40.5262341082849,5,how,1,0.45996100000002116,through,someone,HH,#,HH,S,final
683.0235767749165,1385.3580758070004,2637.417878830872,3.710394916560385,4.007206674167512,4.015817603148314,4974.358974358975,0.005246151153647376,530.9329684965986,0.025,0.20161290322580647,0-0-558-1,aw,UT_009,intvr,1,fave,117.26288619011044,38.446066184120184,5,how,1,0.09997600000008333,learn,to,HH,#,HH,T,final
606.5904275959342,1160.7214803844292,2515.341948332703,2.6560675539701095,3.1485154864882485,3.8630748613961696,4974.358974358975,0.0016961530578225687,786.764339834467,0.025,0.07062146892655366,0-0-743-2,aw,UT_009,intvr,1,fave,105.28831364806315,47.9595633096278,5,aloud,1,0.330016999999998,clear,"",L,D,L,D,internal
317.05545964038157,2211.5972397660776,2908.2022794453587,3.1282286595866253,3.898297476034805,3.9315205415416603,6410.25641025641,0.000787065756495777,27.82574616553288,0.031,0.32978723404255317,0-0-77-6,iy,UT_009,intvr,1,fave,276.68354409214453,38.17995021358899,5,expertise,1,0.07000000000000028,have,in,T,Z,T,Z,internal
319.03365200950924,2171.3511499302244,2925.5043908995744,2.85013496361783,4.296829050143815,3.8747730520423196,6769.2307692307695,0.00017888403216646364,31.49504816553288,0.035,0.33653846153846156,0-0-91-1,iy,UT_009,intvr,1,fave,103.53342811872356,44.426405034919775,5,reading,1,0.0799999999999983,a,"",R,D,R,D,internal
278.2610353636161,2047.5265733006706,2953.7857528394206,3.106800339641245,3.42323369099381,3.902249757026426,6589.74358974359,0.0000544998111133633,37.31104516553288,0.027000000000000003,0.32142857142857145,0-0-108-1,iy,UT_009,intvr,1,fave,116.62983804335012,47.54792220847023,5,read,1,0.06000200000000433,"",through,R,D,R,D,internal
354.3475053617743,1682.6675789435021,2694.4497107710145,3.189298122692763,4.456238949890876,4.363408039807331,6230.7692307692305,0.0001931315243160762,74.19615116553288,0.027000000000000003,0.32142857142857145,0-0-164-3,iy,UT_009,intvr,1,fave,128.35661728150242,45.5642606442837,5,cities,0,0.05999699999999564,what,have,T,Z,T,Z,internal
310.6981750237262,2364.217257946664,3472.8230258446556,3.3186007748531674,4.062344804869191,4.466245039401617,7307.692307692308,0.0004020932258021557,140.65914016553288,0.025,0.33783783783783783,0-0-197-2,iy,UT_009,intvr,1,fave,119.08407794470466,45.29722718229832,5,speak,1,0.050003000000003794,"",any,P,K,P,K,internal
411.19959441686336,2408.548805128854,3110.151288855147,3.131787949372785,4.268309987673478,3.7871236328369755,6230.7692307692305,0.0007123774008453146,163.5934518344671,0.035,0.33653846153846156,0-0-233-3,iy,UT_009,intvr,1,fave,86.55386052999002,44.58717870074613,5,routine,1,0.08000200000000746,daily,"",T,N,T,N,internal
337.1781985282902,2742.7051352517105,3078.7662860632768,3.283269253031088,3.4292908908488995,4.8899314840674775,7307.692307692308,0.0007943323166689712,410.7854561655328,0.04100000000000001,0.3306451612903227,0-0-486-2,iy,UT_009,intvr,1,fave,99.99583140057204,43.42902524506043,5,skiing,1,0.09997600000002649,of,that,K,i,K,i,internal
416.94412977745685,2592.9879846860276,3029.3260387172745,3.5121224505044686,4.147913148535001,4.526011717975489,6589.74358974359,0.0010170232828511211,465.88754883446717,0.031,0.32978723404255317,0-0-525-1,iy,UT_009,intvr,1,fave,233.83884281622304,34.754004697147415,5,being,1,0.0700069999999755,that,the,B,i,B,i,internal
302.06827659807374,2602.6182423838873,2894.8396755196995,3.8616445640727086,3.7902088593728114,4.059821670884157,5871.794871794871,0.0015881118644551333,663.3199494965986,0.037000000000000005,0.324561403508772,0-0-622-1,iy,UT_009,intvr,1,fave,232.92082095950565,54.57521898946266,5,least,1,0.08996600000000399,your,favorite,L,S,L,S,internal
569.9983273330209,1741.326380542981,3079.5008786735257,4.419926811493027,3.9818846762438493,4.2813085891952305,5871.794871794871,0.001596755418061546,693.1802385034013,0.025,0.33783783783783783,0-0-634-6,iy,UT_009,intvr,1,fave,437.5247223469192,51.000915860757935,5,experienced,0,0.050049000000058186,ever,a,R,@,R,@,internal
332.52459233780263,2096.4924472405155,2922.631695288793,3.062958802426895,3.6805902913948922,3.5315563015388274,6589.74358974359,0.00004620077729070151,769.8353411655329,0.027000000000000003,0.32142857142857145,0-0-700-1,iy,UT_009,intvr,1,fave,110.63535299295475,46.66705256431608,5,reading,1,0.05999799999995048,a,task,R,D,R,D,internal
640.0917789603578,1563.8647572228103,2736.5471842561064,3.785529267771207,3.9206610099277786,4.4185741525715,6051.282051282051,0.0050452621647074265,38.197046165532875,0.119,0.5560747663551402,0-0-114-1,ay0,UT_009,intvr,1,fave,-234.62801054844064,45.69609816237589,5,nice,1,0.19000199999999978,a,"",N,S,N,S,internal
614.7297023255401,1329.7819289636454,2184.563536174334,2.1247267979707405,3.8649426188198093,3.7913562729076062,4615.384615384615,0.00010599269961284865,205.5351471655329,0.025,0.2976190476190476,0-0-247-2,ay0,UT_009,intvr,1,fave,242.47627822040917,51.513343013367404,5,quite,1,0.059996999999981426,"",hectic,W,T,W,T,internal
667.124653022149,1340.9963633422028,2375.764355768241,4.298530496942373,4.524827061870946,4.641156343787154,5333.333333333333,0.04093415090857749,228.30054516553287,0.145,0.4931972789115645,0-0-279-1,ay0,UT_009,intvr,1,fave,NaN,45.97183076356467,5,like,1,0.2700049999999976,that's,"",L,K,L,K,internal
589.0175659742516,1507.7496471945612,2772.8337337191697,2.842736785417154,4.0950295029141,4.347694418070304,4794.871794871795,0.0004408497858030187,409.9574491655329,0.025,0.24038461538461536,0-0-484-1,ay0,UT_009,intvr,1,fave,99.0845982022926,44.219362717415,5,type,1,0.0799870000000169,certain,of,T,P,T,P,internal
627.5190904318035,1352.7240039103299,2708.299079060324,3.6527132578288355,4.299271498616603,5.056617125167011,4794.871794871795,0.0010876694300318785,693.9702728344671,0.025,0.2976190476190476,0-0-637-1,ay0,UT_009,intvr,1,fave,784.0048937821306,42.0057921684102,5,like,1,0.059996999999953005,situation,that,L,K,L,K,internal
480.4382443598827,1526.1686175265527,2493.6100447336476,3.514855537552745,3.432227658290512,4.673612385402907,6230.7692307692305,0.000526830150926118,777.1983328344672,0.033,0.39285714285714285,0-0-718-1,ay0,UT_009,intvr,1,fave,439.2006848119095,48.78570189168979,5,right,1,0.059996999999953005,just,here,R,T,R,T,internal
607.3523914655354,1374.3228602657732,2953.1112136702723,3.37506993795335,4.513786958918046,4.3277729283556,5333.333333333333,0.0026090148220919126,785.6293711655329,0.05500000000000001,0.2989130434782609,0-0-741-1,ay0,UT_009,intvr,1,fave,139.0920903459317,49.79240127063594,5,nice,1,0.15997300000003634,"",clear,N,S,N,S,internal
619.9113870320476,1577.4379741318962,2495.574834985825,3.0270173544344674,3.8208558424775374,3.6880271735459944,4974.358974358975,0.00016754629490398982,788.7143475034013,0.045,0.3629032258064516,0-0-748-1,ay0,UT_009,intvr,1,fave,113.90265447960135,50.815748936862576,5,nice,1,0.10003699999992932,"",comfortable,N,S,N,S,internal
426.8834215800472,2530.536217564079,4059.4716563335005,3.167586784189237,4.815998709507496,5.0840597067505815,9102.564102564102,0.011949202656238455,48.91104816553288,0.027000000000000003,0.2014925373134329,0-0-135-0,ow,UT_009,intvr,1,fave,435.8815168806159,39.239341890691584,5,old,1,0.10999999999999943,how,"",#,L,aw,L,initial
431.1002651169585,1096.6511563714403,1892.0628770640963,2.5548845893269467,3.5982118902807416,4.368421994227647,3897.4358974358975,0.0015841624263047472,136.6491451655329,0.025,0.21929824561403513,0-0-185-0,ow,UT_009,intvr,1,fave,182.03475119332563,45.04301656984601,5,okay,2,0.08999699999998256,"","",#,K,"",K,initial
464.36785899997795,1289.3646135142244,2600.470816376493,3.2854010748107627,3.986056471392211,4.1508349458940215,5512.820512820513,0.0005840675129027079,143.29915416553288,0.025,0.26595744680851063,0-0-203-0,ow,UT_009,intvr,1,fave,96.53844218731732,40.871534829463165,5,okay,2,0.06999300000001085,"","",#,K,"",K,initial
543.003842333827,1198.6907186857813,2177.982406742591,2.6233810436885787,3.557291619830955,4.067343739725799,4435.897435897436,0.0003848388536295569,146.72765416553287,0.033,0.26612903225806456,0-0-205-0,ow,UT_009,intvr,1,fave,105.57026603795934,49.242749320460995,5,okay,2,0.09999100000001704,"","",#,K,"",K,initial
379.8589359832925,1344.313940257414,2349.5743095304974,3.1034270597759144,4.691611044916692,4.603130173586696,5512.820512820513,0.035862149850843704,150.46614416553288,0.155,0.46407185628742503,0-0-210-1,ow,UT_009,intvr,1,fave,396.4087263640326,51.928702170457,5,totally,1,0.3099980000000073,"",fair,T,T,T,T,internal
594.6663514493239,1360.8393671739827,2409.4355285689453,3.0403170748141224,3.3417526710693966,4.138047549905255,4615.384615384615,0.0036190074463095874,154.08845183446712,0.025,0.1524390243902439,0-0-215-0,ow,UT_009,intvr,1,fave,304.9082852970724,55.62525667463934,5,okay,2,0.1399990000000173,"",you,#,K,"",K,initial
728.3121785758926,2712.9798216601407,4456.810873334846,3.6272946060183195,4.519607321578303,4.9622478578107225,9461.538461538461,0.008048978529719641,202.74515416553288,0.025,0.11682242990654208,0-0-240-1,ow,UT_009,intvr,1,fave,513.3285524650006,44.07636912448223,5,totally,1,0.18998700000000213,is,understandable,T,T,T,T,internal
407.6159910300734,989.5841791513104,1765.38398795677,3.455075530103694,4.119005149012007,4.677602506292707,4256.410256410256,0.010148990836852823,342.51683883446714,0.095,0.4439252336448598,0-0-379-0,ow,UT_009,intvr,1,fave,103.25793482110925,43.67887813405615,5,okay,2,0.19000199999999268,"","",#,K,"",K,initial
469.40229900463027,1114.1810018567055,2007.9585676089582,3.562594515505838,3.796349803479734,4.488422217220729,4435.897435897436,0.0031458625500964668,401.8202535034014,0.025,0.24038461538461536,0-0-462-0,ow,UT_009,intvr,1,fave,133.8346890801243,39.9704379009889,5,okay,2,0.080016999999998,"","",#,K,"",K,initial
494.82532811582735,1129.4719962975175,2499.5428926814034,3.9137487853129174,3.307534477867834,4.234979754887793,4615.384615384615,0.006281923826689612,406.4414544965986,0.033,0.2142857142857143,0-0-476-0,ow,UT_009,intvr,1,fave,145.05004689275717,42.36939782838646,5,okay,2,0.12997500000000173,"","",#,K,"",K,initial
393.11569536872935,1137.5868390713958,2094.8516678152555,3.2942916600356416,3.7277887942334056,4.153305126317842,4435.897435897436,0.0003904931431617147,420.0002408344671,0.025,0.24038461538461545,0-0-495-0,ow,UT_009,intvr,1,fave,196.76245100271268,41.24665443540816,5,okay,2,0.080016999999998,"",can,#,K,"",K,initial
484.22388085455077,1027.4239221494045,2719.508895772417,3.8759290892418634,3.922666416543952,3.976647356168409,4974.358974358975,0.004729264181366206,441.53435316553293,0.025,0.21929824561403513,0-0-504-0,ow,UT_009,intvr,1,fave,198.4235308762105,41.911550390944186,5,okay,2,0.08999699999998256,"","",#,K,"",K,initial
476.9164140939375,1158.4081208500372,2439.2462115382746,3.1626851994021266,3.6727733085584986,3.6981476162138995,4435.897435897436,0.0019212984072317619,463.02455716553294,0.025,0.17361111111111113,0-0-517-0,ow,UT_009,intvr,1,fave,164.65519423830145,42.169873832156455,5,okay,2,0.11999499999996033,"","",#,K,"",K,initial
448.75245990903136,1166.16536363018,2853.6726837207702,3.778308662549348,3.503103930739704,4.091098087125012,5512.820512820513,0.002906651283337992,649.2039588276645,0.025,0.15243902439024393,0-0-591-0,ow,UT_009,intvr,1,fave,207.1950318014886,45.49009196173508,5,okay,2,0.1399539999999888,"","",#,K,"",K,initial
443.93720119204335,1067.227299871287,2503.8448438222076,2.601377627576346,3.6864512743441646,4.156500236888124,4794.871794871795,0.0005423145659435173,761.8043731655328,0.025,0.18656716417910452,0-0-681-1,ow,UT_009,intvr,1,fave,113.71898511019972,42.95354928728833,5,those,1,0.10998500000005151,sharing,stories,DH,Z,DH,Z,internal
450.53604593167955,793.4912574307231,2407.4633720921393,2.3056275199372296,3.7128245690658934,3.9549375168856655,5333.333333333333,0.0005681017865071926,793.6143768344671,0.025,0.17361111111111113,0-0-763-0,ow,UT_009,intvr,1,fave,110.73579221048882,51.870749727538524,5,over,1,0.11999500000001717,stumble,"",#,V,L,V,initial
342.6279043436556,1685.733167430465,3097.4940668848776,3.30335333951164,2.2792194204605756,4.04325084944098,6589.74358974359,0.00010536372717583304,62.32814816553288,0.031,0.32978723404255317,0-0-151-1,uwr,UT_009,intvr,1,fave,100.8473567611503,47.84387854959468,5,your,1,0.07000000000000028,considered,hometown,Y,R,Y,R,internal
553.4013505791978,1707.4718316799988,3292.518012832073,3.170316315768633,4.1247355611772205,4.325597456010464,6230.7692307692305,0.010045529446219548,136.85215383446715,0.051000000000000004,0.3311688311688312,0-0-185-2,eyF,UT_009,intvr,1,fave,94.90300492384941,40.988863406421785,5,okay,1,0.13000499999998283,"","",K,#,K,"",final
646.7584606066248,1622.2579904560537,2871.7358877464467,3.3521895919986204,3.468333565381038,4.45157973749618,6769.2307692307695,0.000819814053944569,146.9446511655329,0.067,0.6442307692307692,0-0-205-2,eyF,UT_009,intvr,1,fave,-2453202.325523111,40.43417763287335,5,okay,1,0.08000200000000746,"","",K,#,K,"",final
747.0002591843576,2398.5726342046787,3446.3832797039363,3.9718724787123265,4.072898228264971,3.659484018212295,8564.102564102563,0.0009358115070779793,154.34544216553286,0.07899999999999999,0.7596153846153846,0-0-215-2,eyF,UT_009,intvr,1,fave,247.863987045851,57.82824042572832,5,okay,1,0.08000100000000998,"",you,K,#,K,Y,final
482.3643430160911,714.8879162297306,1505.6200880224028,3.6726892523059824,3.9641153069702746,4.036575913083185,3358.974358974359,0.014326119153448561,342.72584550340133,0.07300000000000001,0.27651515151515155,0-0-379-2,eyF,UT_009,intvr,1,fave,-214.6567433636465,45.56976349016278,5,okay,1,0.24002100000001292,"","",K,#,K,"",final
695.0499140910463,1760.8641358179857,2850.060222984831,3.59179706440879,4.373153329713113,4.382597488385044,4974.358974358975,0.02515841340221835,402.0922541655329,0.16899999999999998,0.8711340206185567,0-0-462-2,eyF,UT_009,intvr,1,fave,14377.819700065362,37.62820940112306,5,okay,1,0.169983000000002,"","",K,#,K,"",final
532.0241004571791,1193.0865051883889,2341.9735375370706,3.3676879301710745,4.2254497582494785,4.518284683193994,5512.820512820513,0.0006830080575242599,406.66046116553287,0.031,0.369047619047619,0-0-476-2,eyF,UT_009,intvr,1,fave,NaN,40.515157401168345,5,okay,1,0.05999799999995048,"","",K,#,K,"",final
487.21460561622007,2366.9565776100794,2943.314748442069,3.3256379140209007,4.275483473536749,4.160451369629778,7666.666666666666,0.00028165837965662,420.1692438344671,0.043000000000000003,0.45744680851063835,0-0-495-2,eyF,UT_009,intvr,1,fave,107.13852079014772,42.9851097259975,5,okay,1,0.07000799999997298,"",can,K,#,K,K,final
680.5351053226753,1580.5313223605854,2682.106319941916,3.727590694719816,4.346226298308373,3.881576018486792,4615.384615384615,0.01087221101846957,463.3165534965986,0.169,0.8711340206185567,0-0-517-2,eyF,UT_009,intvr,1,fave,NaN,35.37690003970245,5,okay,1,0.16998200000000452,"","",K,#,K,"",final
482.18812802113973,946.0683746486854,2099.0185780819143,3.052209378704823,4.04595029052422,4.742543164521476,3717.948717948718,0.0006230898224338735,252.32144583446714,0.027000000000000003,0.32142857142857145,0-0-290-0,oh,UT_009,intvr,1,fave,464.0299947646957,45.94644120489388,5,also,1,0.060012999999997874,"",tell,#,L,"",L,initial
724.4263313153346,1096.5726415849335,2562.2642164555914,4.050975284503112,3.3963140457460304,4.518566700544195,4076.923076923077,0.006455703790971216,310.5991538344671,0.075,0.33482142857142855,0-0-329-3,oh,UT_009,intvr,1,fave,95444.37286826852,55.72743907646764,5,utah,2,0.20001300000001265,in,"",T,#,T,"",final
399.9381075141193,1248.6154387684744,2563.9628350598264,2.4329669984888844,3.3302195420489276,4.250583681903405,4974.358974358975,0.0000425413995123418,404.4402428344671,0.025,0.33783783783783783,0-0-471-0,oh,UT_009,intvr,1,fave,446.28936408818436,49.98961794115226,5,always,1,0.05001900000002024,was,at,#,L,Z,L,initial
422.0761882492551,1412.427259128045,2496.9015672645032,2.33151938903161,3.535110095393509,3.6436982631126074,3897.4358974358975,0.0014894393290260368,375.9018418344672,0.045,0.3358208955223881,0-0-431-1,u,UT_009,intvr,1,fave,430.21803132654355,45.35785613431524,5,good,1,0.11001599999997325,"",at,G,D,G,D,internal
483.5283682186553,1479.0161810144784,2566.080381487518,2.009247291495773,3.76818629168615,3.4488889762311827,4256.410256410256,0.0010151825960316603,757.7373561655329,0.051000000000000004,0.3311688311688312,0-0-670-1,u,UT_009,intvr,1,fave,477.71838054584896,50.84996156766582,5,good,1,0.13000500000009652,something,"",G,D,G,D,internal
480.04911555172885,1668.6859381783445,2246.1989451986424,2.6069685178906385,3.255614654920269,4.018459129877563,4794.871794871795,0.00006310056753315426,807.5437595034012,0.035,0.33653846153846156,0-0-789-1,u,UT_009,intvr,1,fave,192.354348537716,52.45910682519626,5,good,1,0.080016999999998,you're,"",G,D,G,D,internal
434.6369512137913,1021.4018239017096,2313.364321892258,2.618679015495584,3.792001585291179,4.560473589375757,4435.897435897436,0.003793441124042388,411.5084581655329,0.047,0.3263888888888889,0-0-489-3,oy,UT_009,intvr,1,fave,91.95765123296647,42.35811433470405,5,enjoy,1,0.11999500000001717,you,more,JH,#,JH,M,final
379.06945901278783,1831.6906603262676,3387.986808892225,3.3479240739636817,3.4417073327527445,4.582427284890294,6769.2307692307695,0.00019826682817208278,777.3853291655329,0.027000000000000003,0.32142857142857145,0-0-719-1,iyr,UT_009,intvr,1,fave,173.39560848202217,52.377901088192274,5,here,1,0.05999800000006417,right,"",HH,R,HH,R,internal
386.99182532815587,2260.4635938825427,2984.601068951936,2.8043967170858397,4.002072255912151,4.00822483500708,7307.692307692308,0.0019365419387690139,786.2153361655329,0.047,0.3263888888888889,0-0-742-2,iyr,UT_009,intvr,1,fave,117.88945785088794,53.470275589291525,5,clear,1,0.11999500000001717,nice,aloud,L,R,L,R,internal
529.5463385787107,803.7458592990388,2485.9046755264244,2.8392558475540506,3.5719353366463698,4.162893105877511,5512.820512820513,0.0024852325558769603,25.46874816553288,0.037000000000000005,0.15811965811965814,1-0-1-0,ow,UT_009,009,2,fave,110.03245697093452,52.08448665185969,4,okay,2,0.20999899999999982,"","",#,K,"",K,initial
521.7033282288139,1740.0665128969715,2653.740388854392,3.132846665393046,3.4227308017918165,4.301242709246436,5153.846153846154,0.0007185499424350418,35.81504516553288,0.035,0.1377952755905512,1-0-3-0,ow,UT_009,009,2,fave,105.14541676666823,48.64975461891797,4,okay,2,0.23000400000000099,"","",#,K,"",K,initial
749.3863456002542,1403.6591602540796,2613.9698960672904,3.4356637124692107,4.175015287395597,3.797650137606448,5512.820512820513,0.000057567951894315466,79.60514716553287,0.025,0.2976190476190476,1-0-13-0,ow,UT_009,009,2,fave,176.2525698021374,49.86784985416529,4,okay,2,0.05999699999999564,"","",#,K,"",K,initial
800.6006620630766,1756.3407983800726,2646.6267497638596,3.105492997345282,3.652788807142397,3.970455538613309,5692.3076923076915,0.00033039437426187206,88.08335483446712,0.025,0.20161290322580647,1-0-40-0,ow,UT_009,009,2,fave,169.54291005491433,52.69640782576863,4,okay,2,0.09999900000001105,"","",#,K,"",K,initial
526.8267480443902,1360.5600261679592,2755.9788502502247,2.9510287048497594,3.653225523381271,4.213983987983398,5692.3076923076915,0.00016735469510194859,104.13335083446712,0.025,0.21929824561403513,1-0-81-1,ow,UT_009,009,2,fave,171.68479448719552,54.543863045123466,4,going,1,0.09000399999999331,while,to,G,i,G,i,internal
660.9832480325264,1310.3370523137949,1988.6907348289333,3.6718140495580744,3.873811244133692,4.630277103250308,5153.846153846154,0.0006247422801728447,169.35845583446712,0.025,0.21929824561403513,1-0-205-0,ow,UT_009,009,2,fave,168.24525345759542,53.92201392891775,4,old,1,0.08999600000001351,year,do,#,L,R,L,initial
719.1796972364398,1205.4226668592798,2249.743850945385,3.4238335009163445,3.6046803704544863,4.871304628759678,5871.794871794871,0.006133177534406731,177.04514683446715,0.025,0.11682242990654207,1-0-232-0,ow,UT_009,009,2,fave,170.46882956581902,55.994799456989355,4,old,1,0.19000299999999015,year,"",#,L,R,L,initial
671.7366792103957,1351.3365974557964,2169.641865455998,3.9229376567157557,4.119175951698535,4.822074250609801,5153.846153846154,0.006644613208850498,180.29514683446715,0.025,0.21929824561403513,1-0-244-0,ow,UT_009,009,2,fave,162.9176086005696,54.36561953878501,4,old,1,0.09001200000000154,year,or,#,L,R,L,initial
734.477142321791,1291.9709324050702,2059.3080991770944,3.9485840882174252,3.974802674730829,4.6915952096611075,4794.871794871795,0.0033419398054632494,181.18514683446713,0.025,0.21929824561403513,1-0-249-0,ow,UT_009,009,2,fave,154.5554624008005,52.99097213112705,4,old,1,0.09001100000000406,year,to,#,L,R,L,initial
744.7404385824518,1057.9860817976837,2396.0069748263336,4.278629007301141,3.513399972601144,4.742214751453979,6230.7692307692305,0.004315829808264871,191.2551481655329,0.025,0.1288659793814433,1-0-287-1,ow,UT_009,009,2,fave,160.1874454095288,52.738059159528035,4,home,1,0.16999799999999254,way,"",HH,M,HH,M,internal
443.549067562407,1140.6707296181107,1758.181047657378,3.0370327803023485,3.9064666524865177,4.361400866987619,4974.358974358975,0.0006895031421706797,196.22514916553288,0.025,0.21929824561403513,1-0-310-0,ow,UT_009,009,2,fave,103.49405158926139,48.46228416914453,4,okay,2,0.08999700000001098,"","",#,K,"",K,initial
756.2767853204728,1348.2430241811937,2614.5213278843053,3.2502296016601466,3.647971424457368,3.8458896318102944,5692.3076923076915,0.00015792629618125538,242.79105216553288,0.025,0.16233766233766234,1-0-401-1,ow,UT_009,009,2,fave,156.43115027776028,55.44197419385208,4,most,1,0.1299900000000207,the,is,M,S,M,S,internal
623.1636099213008,1167.6736781864042,2456.2644066382854,3.1718136693296417,3.1902761844054495,4.05172847549419,6769.2307692307695,0.0018556076064831363,265.0003628344671,0.025,0.11682242990654208,1-0-433-0,ow,UT_009,009,2,fave,177.35183825051024,61.43744820339364,4,old,1,0.19000199999999268,year,"",#,L,R,L,initial
466.0416036071332,875.9141288654106,2592.0660473544094,3.5138474985932406,3.2482275971409047,4.558399385309092,5692.3076923076915,0.0010984148719216731,269.90034116553284,0.045000000000000005,0.3947368421052632,1-0-446-1,ow,UT_009,009,2,fave,81.43116171246413,55.15992371340514,4,going,1,0.08999599999998509,was,to,G,i,G,i,internal
583.7718847772047,969.7027750262771,2733.3678060435177,3.1564969568951344,2.949028741425404,3.987927028413674,5512.820512820513,0.000016335474157127663,275.31035983446714,0.025,0.2976190476190476,1-0-466-1,ow,UT_009,009,2,fave,180.34224288776332,60.57970388218582,4,cold,1,0.05999799999995048,really,outside,K,L,K,L,internal
699.0445277186602,1806.7952004876886,2758.173388581223,3.2433476732901854,3.884306995473997,3.635579115765148,5512.820512820513,0.0001536860691199372,280.13033683446713,0.025,0.20161290322580647,1-0-489-1,ow,UT_009,009,2,fave,164.51042313164828,56.02818577817607,4,noticed,1,0.10000599999995075,i,my,N,T,N,T,internal
553.0927048422177,1352.0366056240628,2727.201781307151,3.980424650297018,3.641781412506757,4.582954911156567,5692.3076923076915,0.0011502484137272608,294.8734398344671,0.025,0.24038461538461545,1-0-546-0,ow,UT_009,009,2,fave,222.2888497565539,62.453046854302634,4,only,1,0.080016999999998,had,had,#,N,D,N,initial
545.0300504424004,886.0920571540893,2909.0120637632676,3.479029276590196,3.3976834076649753,4.855916980740511,4615.384615384615,0.040677038633147415,432.6643581655329,0.025,0.12254901960784315,1-0-796-1,ow,UT_009,009,2,fave,189.9159901198059,65.88380587599232,4,poles,1,0.1799930000000245,the,"",P,L,P,L,internal
634.1540888133433,1187.0506839709471,2674.813021280245,3.143012479224735,2.825570001145612,4.232947935900409,5871.794871794871,0.00012095137324793966,445.0243498344671,0.025,0.24038461538461545,1-0-834-0,ow,UT_009,009,2,fave,180.24466003492316,63.87322673734355,4,opens,1,0.080016999999998,"",up,#,P,"",P,initial
577.6100285230647,1210.1312412167886,2678.308135457184,3.1164484135235524,3.3945779892161188,4.112697250512276,5512.820512820513,0.00006467250612888925,445.6843528344671,0.025,0.26595744680851063,1-0-837-1,ow,UT_009,009,2,fave,78.07352131083465,59.03444401025405,4,shoulders,1,0.07000799999997298,your,so,SH,L,SH,L,internal
677.5353795924076,1156.2033707112785,1943.5881497453204,3.4266502314579026,3.511538752533359,4.495251359684954,5512.820512820513,0.0007786735567621947,477.4938478344671,0.029,0.17682926829268295,1-0-913-0,ow,UT_009,009,2,fave,166.83388442982027,62.15753197628761,4,old,1,0.14001500000000533,year,"",#,L,R,L,initial
717.3150165694464,1613.3391817969114,2411.182258509261,3.3858031052163517,3.8343200093366505,4.168240325048435,5512.820512820513,0.000258676063930674,492.3685511655329,0.025,0.16233766233766234,1-0-971-3,ow,UT_009,009,2,fave,155.3858358875172,58.65251879578095,4,demoted,1,0.13000500000003967,got,"",M,T,M,T,internal
703.9104160785763,1197.7805497307538,2259.546398506994,3.847217167970596,3.374557637053143,4.316970969665268,6051.282051282051,0.0001936031290719295,501.0885531655329,0.025,0.21929824561403513,1-0-1000-1,ow,UT_009,009,2,fave,162.6706660853253,57.60944164008392,4,home,1,0.08999599999998509,stayed,with,HH,M,HH,M,internal
757.9909623704469,1217.013108494983,2252.84324877717,3.788451706317356,3.4463394828915024,4.730419794715344,5512.820512820513,0.0010387950023417372,512.012935834467,0.025,0.26595744680851063,1-0-1046-1,ow,UT_009,009,2,fave,118.73767028782976,57.24167611242733,4,home,1,0.07000700000003235,stayed,with,HH,M,HH,M,internal
647.2474645993506,1005.1780883515507,2289.569702546863,4.148274962124645,3.3421033283994555,4.515895696093341,4974.358974358975,0.00018862620568891442,516.762935834467,0.025,0.26595744680851063,1-0-1067-0,ow,UT_009,009,2,fave,164.0160613663182,56.08344408521617,4,only,1,0.07000700000003235,"",got,#,N,"",N,initial
640.4786398943711,1369.305222531202,2565.540940625514,3.4464446787152268,3.264467024028765,3.7259031390612174,5512.820512820513,0.000050662702307971345,535.9003371723356,0.025,0.17361111111111113,1-0-1094-1,ow,UT_009,009,2,fave,168.91313705164393,64.43409869606508,4,most,1,0.12005599999997685,"",importantly,M,S,M,S,internal
561.7904113881217,1011.7786990490182,2366.544338548333,3.86900053306882,3.485506035149923,4.246317836737201,5692.3076923076915,0.0006209856635382681,548.3173451655329,0.059000000000000004,0.40972222222222227,1-0-1136-1,ow,UT_009,009,2,fave,186.90632028151552,61.32069302265431,4,won't,1,0.11999500000001717,boot,fit,W,N,W,N,internal
736.2044735572958,1615.350437814626,2300.0061438618104,3.6404589434515153,3.650172268082307,4.200120316027658,5333.333333333333,0.0000485629602786128,568.406124834467,0.025,0.26595744680851063,1-0-1204-1,ow,UT_009,009,2,fave,168.47756562515713,59.11190938228713,4,don't,1,0.07000700000003235,they,have,D,N,D,N,internal
529.2300299295342,1277.8845191797018,2016.1890993703028,3.175834564658533,3.5055388331542288,4.3993439604736295,5512.820512820513,0.00029215765734309817,588.2711708344671,0.035,0.37234042553191493,1-0-1276-1,ow,UT_009,009,2,fave,166.16668189050358,61.61967624229468,4,going,1,0.07000700000003235,you're,downhill,G,i,G,i,internal
605.1836441752555,991.1295725463863,2516.3564124768195,3.038893304328472,3.1006930199542695,4.071183165763545,5692.3076923076915,0.0012900483773337272,601.0756741655327,0.025,0.17361111111111113,1-0-1318-5,ow,UT_009,009,2,fave,85.44680188205761,63.250887142369564,4,control,1,0.11999500000001717,and,it,R,L,R,L,internal
570.4699105075345,1153.9918173577398,2559.174183941148,3.143364190604972,2.954921423926979,3.8362930505739583,5692.3076923076915,0.00003429261865935934,602.8956381723357,0.025,0.20161290322580647,1-0-1324-5,ow,UT_009,009,2,fave,174.4948180288558,67.35412907843096,4,control,1,0.10003599999993185,they,it,R,L,R,L,internal
524.640471317439,1172.8668383652978,2594.265399247112,3.265677881652991,2.848789560891088,4.542087020111357,5871.794871794871,0.001698916732318112,680.0732478344671,0.031000000000000003,0.2012987012987013,1-0-1484-0,ow,UT_009,009,2,fave,289.79205270374246,56.21833666134481,4,over,1,0.13000499999998283,snow,the,#,V,owF,V,initial
633.6378034074613,981.3948917097198,2289.5482048845606,3.185397154883418,3.0254373302627706,4.075607727590479,5692.3076923076915,0.0012624095596799648,687.0902564965986,0.025,0.21929824561403513,1-0-1515-5,ow,UT_009,009,2,fave,2172.2320318050743,56.4058339031626,4,control,1,0.08996500000000651,of,"",R,L,R,L,internal
603.2378660412663,1114.0618474783787,2668.8724333485184,3.169985516061588,2.96293425530184,4.079877469917079,5692.3076923076915,0.0002315669210651208,718.0811614965986,0.025,0.1524390243902439,1-0-1594-5,ow,UT_009,009,2,fave,170.56112643189397,65.86316235080312,4,control,1,0.1399540000001025,to,like,R,L,R,L,internal
609.3602080806236,1235.455335681514,2362.6223822041175,3.3818775268483767,3.1542764687228626,4.645567203569952,5692.3076923076915,0.002089880904751109,740.9027735034012,0.025,0.1524390243902439,1-0-1658-2,ow,UT_009,009,2,fave,164.6482297505815,57.5910735009868,4,quote,1,0.1400140000000647,i,"",W,T,W,T,internal
600.6127071194559,1635.2877135477606,2623.679840525994,4.047096416576696,3.550857654626446,4.765791656806181,5871.794871794871,0.0046844869981797245,754.9427571723356,0.025,0.20161290322580647,1-0-1705-1,ow,UT_009,009,2,fave,159.40196515456992,59.1244710350754,4,don't,1,0.10003600000004553,i,breathe,D,N,D,N,internal
618.8105463477366,1306.5291034341633,2682.379926090581,3.3859186867150837,3.495673150815283,4.119785036394651,5153.846153846154,0.008982840101089882,827.2726351655328,0.025,0.18656716417910452,1-0-1811-0,ow,UT_009,009,2,fave,178.91773138451595,55.20024429831379,4,over,1,0.10998499999993783,"",the,#,V,"",V,initial
597.563338840889,1036.184631778467,2840.849236563538,3.5293887671971826,2.828028069531337,4.392698087491151,5871.794871794871,0.00007255730997232411,834.412654834467,0.025,0.2976190476190476,1-0-1837-1,ow,UT_009,009,2,fave,167.84557661130142,55.743000949409236,4,home,1,0.05999799999995048,is,to,HH,M,HH,M,internal
686.9688285096641,1578.8527546569474,1998.144308416851,4.022237522921896,4.421084402913607,4.309160675983051,5512.820512820513,0.005449904632064503,862.3501731655329,0.027,0.1323529411764706,1-0-1937-2,ow,UT_009,009,2,fave,194.00274730838478,50.18443949002776,4,gross,1,0.17999200000008386,"","",R,S,R,S,internal
611.9498534701341,1884.6674817300704,2730.89994199597,3.5674184504741153,3.612758332068581,3.348070852202758,6230.7692307692305,0.00005802128981684593,890.5206325034013,0.025,0.20161290322580647,1-0-2034-4,ow,UT_009,009,2,fave,192.59556579214177,62.965856705638096,4,windows,0,0.10003599999993185,the,need,D,Z,D,Z,internal
615.7772148110014,1763.1011874470655,2583.8120365555114,3.1080378822068635,3.391881576780862,4.260203894494311,5692.3076923076915,0.00031212125772569024,909.3962598344672,0.027000000000000003,0.18750000000000003,1-0-2103-1,ow,UT_009,009,2,fave,90.6115345732576,60.97295536153134,4,shows,1,0.11999500000001717,watches,about,SH,Z,SH,Z,internal
817.0200896802577,1396.5362636005905,2539.454973433453,3.40156507115078,4.133666883362607,4.312154720429556,6230.7692307692305,0.004733188827080952,50.61604616553288,0.097,0.41452991452991456,1-0-6-1,ay,UT_009,009,2,fave,NaN,47.065063846772595,4,five,1,0.21000300000000038,forty,"",F,V,F,V,internal
901.5807926932857,1625.357022649915,2588.924149477268,3.163360473897336,3.937015187906914,3.9134765506696834,6051.282051282051,0.00018869694756681597,80.69515116553288,0.025,0.24038461538461545,1-0-17-0,ay,UT_009,009,2,fave,148.89097297178037,54.31496464214266,4,i,1,0.07999399999999923,"",lived,#,#,"",L,coextensive
765.6972468809429,1584.3360852040498,2692.1430145035974,3.391962406631341,3.7863774687176663,4.486252492277678,6769.2307692307695,0.001217071079688952,81.81514616553287,0.025,0.21929824561403513,1-0-22-0,ay,UT_009,009,2,fave,164.22945352682004,45.04916024418992,4,i,1,0.09000400000000752,when,was,#,#,N,W,coextensive
795.223234126715,1891.3388408403935,2755.423598424506,4.151603945709783,4.391208214834944,4.366003239437552,5153.846153846154,0.0007467052399074653,82.74714616553288,0.029,0.34523809523809523,1-0-27-0,ay,UT_009,009,2,fave,77.59314650853773,49.356097745762305,4,i,1,0.05999799999999311,then,moved,#,#,N,M,coextensive
814.6828974614915,1653.849992621697,2581.214655687575,2.949750813009156,3.668329342065309,3.83838180402299,6051.282051282051,0.0006345610140031458,88.83135483446712,0.101,0.5489130434782609,1-0-43-0,ay,UT_009,009,2,fave,156.47413183572016,50.60516395117891,4,i,1,0.15999599999999248,so,lived,#,#,owF,L,coextensive
852.5422756772097,1646.8829578664438,3002.093401596431,3.469498673903224,3.742999723899015,4.047894439185684,5871.794871794871,0.00034807436116589903,92.00335383446712,0.025,0.20161290322580647,1-0-54-0,ay,UT_009,009,2,fave,126.76277969975295,46.88661649839691,4,i,1,0.09999799999999937,"",lived,#,#,"",L,coextensive
775.3294571212923,1928.043935911372,2751.4243987029545,3.516846664611957,3.484564901188667,3.520252150034427,6051.282051282051,0.0002765051444935829,95.37435383446712,0.047,0.3507462686567165,1-0-65-0,ay,UT_009,009,2,fave,157.12011240149542,51.47344829507089,4,i,1,0.1100009999999969,then,lived,#,#,N,L,coextensive
887.6638037798346,1512.1806313399502,2605.629438032473,3.49865559585921,4.0324922439485045,3.998926978717108,6589.74358974359,0.011002030016539798,98.81335083446712,0.025,0.06345177664974619,1-0-74-1,ay,UT_009,009,2,fave,160.3391529811029,50.48378855317484,4,high,1,0.3700030000000112,davis,"",HH,#,HH,"",final
896.5917283838724,1389.985431243156,2882.5716608214743,3.465768530607597,4.0140081353791714,4.252407877686169,6051.282051282051,0.00012705441758077747,103.86334983446712,0.065,0.6914893617021277,1-0-80-2,ay,UT_009,009,2,fave,162.43699914432827,52.53094210181749,4,while,1,0.07000700000000393,"",going,W,L,W,L,internal
833.2217037877856,1861.5704886809137,2667.399343371801,3.2288406506796457,3.6526211934331054,3.9850937169480947,6051.282051282051,0.00014144690840367,117.08914816553288,0.025,0.2976190476190476,1-0-125-0,ay,UT_009,009,2,fave,84.64940804305834,46.96705242260227,4,i,1,0.05999699999999564,"",think,#,#,"",TH,coextensive
787.8788342287555,1861.264525163532,2801.715860841276,3.4047775671813265,3.9180539621807795,4.436623575137601,5692.3076923076915,0.00026521467562889533,128.06715416553288,0.061000000000000006,0.4919354838709678,1-0-156-1,ay,UT_009,009,2,fave,183.1739639615799,50.42420488943658,4,nine,1,0.09999100000001704,or,years,N,N,N,N,internal
806.7268785871253,1715.1319142833415,2543.7755408619114,3.2975144403734595,4.103720666274584,4.188125213952305,5871.794871794871,0.00034494429454737203,143.88915683446714,0.025,0.2976190476190476,1-0-177-0,ay,UT_009,009,2,fave,89.35389446682682,47.903558047188476,4,i,1,0.059996999999981426,"",took,#,#,"",T,coextensive
804.79534784477,1425.60190259778,2571.9850230320335,3.707748653782345,3.7227634281446034,3.710515310307748,5692.3076923076915,0.001592208176489929,145.61845083446713,0.025,0.10683760683760685,1-0-184-1,ay,UT_009,009,2,fave,167.40792552261775,47.363355380901346,4,times,1,0.21000600000002123,three,"",T,M,T,M,internal
811.3451320996635,1506.3566216376087,3060.0546069278294,3.3883562442719057,3.489014373863846,4.4215909264657,5871.794871794871,0.0006245128173572694,168.71845683446713,0.025,0.07716049382716048,1-0-201-1,ay,UT_009,009,2,fave,166.170223305229,53.2392888914469,4,my,1,0.3000030000000038,help,"",M,#,M,"",final
786.6393990411282,1860.118214999052,2735.093803175175,3.436494807142877,3.405297089686536,4.428634322002183,6230.7692307692305,0.00008334033911931818,175.8211461655329,0.037000000000000005,0.3557692307692309,1-0-225-0,ay,UT_009,009,2,fave,166.90297322837722,54.45349854825696,4,i,1,0.08000199999997903,15,go,#,#,spn,G,coextensive
797.5377133347938,1786.8021928423905,2712.1657805384916,3.7036354257974695,3.6816602217395484,4.135407874314938,5871.794871794871,0.0003479699048252646,176.58214583446713,0.039,0.34210526315789475,1-0-229-1,ay,UT_009,009,2,fave,158.21210205164874,50.95370680174445,4,my,1,0.09001200000000154,up,10,M,#,M,spn,final
796.0957575554264,1751.6167113960735,2920.417442303379,3.537358070637003,3.4402663160038913,4.198927654876664,6051.282051282051,0.00039261568807508516,178.21514516553287,0.045000000000000005,0.31250000000000006,1-0-236-0,ay,UT_009,009,2,fave,161.24694346029872,53.21609229726236,4,i,1,0.11999499999998875,then,usually,#,#,N,Y,coextensive
885.0203822722551,1679.9954706345143,2692.9611285160404,3.306358191971685,3.600821107360635,4.119804025544008,6051.282051282051,0.001624783214622749,179.20615216553287,0.10700000000000001,0.3905109489051095,1-0-238-2,ay,UT_009,009,2,fave,159.0868694435645,56.77502856443011,4,drive,1,0.25,usually,"",R,V,R,V,internal
860.2913809638926,1566.7819297757999,2707.867994874604,3.5579153054082346,3.871947316690181,4.544995321588763,6948.717948717948,0.0048441864262394494,179.54815216553288,0.07100000000000001,0.40804597701149425,1-0-240-0,ay,UT_009,009,2,fave,180.35106147677848,52.743185724916195,4,either,1,0.1499939999999924,"",my,#,DH,"",DH,initial
799.2418066649243,1727.6146938720346,2536.453359811657,3.760332060639323,3.5469821672174198,4.363072380843866,6051.282051282051,0.00016346087028047766,179.8651491655329,0.025,0.21929824561403513,1-0-241-1,ay,UT_009,009,2,fave,153.3630237138233,51.6976285190004,4,my,1,0.08999599999998509,either,10,M,#,M,spn,final
834.0559984650586,1709.8082001762305,2300.250920059516,4.001900482183515,3.7491181261663304,4.12148521904655,5871.794871794871,0.0005220545569669505,180.5551511655329,0.025,0.24038461538461536,1-0-246-1,ay,UT_009,009,2,fave,144.63893131773463,51.27383314967377,4,my,1,0.08000200000000746,or,14,M,#,M,spn,final
864.1804052328334,1660.2627393322434,2814.5666922130654,3.5440917997467474,3.556482865320102,4.552797695320643,6051.282051282051,0.0028555278370573636,182.7601541655329,0.05500000000000001,0.3571428571428572,1-0-254-0,ay,UT_009,009,2,fave,158.72934755845256,52.643262666786406,4,either,1,0.1299889999999948,in,south,#,DH,N,DH,initial
791.3248618920682,1767.4775015881794,2773.5046573373133,3.6919795668037185,3.505596187910608,4.055127962856627,6051.282051282051,0.00004631975346965354,186.4331461655329,0.041,0.4880952380952381,1-0-264-4,ay,UT_009,009,2,fave,159.91947988132654,51.38774177663332,4,sometimes,2,0.05999800000000732,[bracketed],i'm,T,M,T,M,internal
823.0054284484224,1828.0630639335502,2674.9126174795624,3.5584873299149646,3.4771690929473986,4.086563285848852,6051.282051282051,0.00010176896687054934,187.94114683446713,0.037,0.4404761904761904,1-0-272-1,ay,UT_009,009,2,fave,168.1011530580495,51.86432751528823,4,time,1,0.060012999999997874,the,i'm,T,M,T,M,internal
757.3702275219977,1701.0026377848715,2464.906479946796,3.2615758624082782,3.502507340017077,4.566099224571633,5871.794871794871,0.0014436577301373931,199.9221478344671,0.059000000000000004,0.5175438596491229,1-0-320-1,ay,UT_009,009,2,fave,183.6232357132486,57.578837208752894,4,time,1,0.09001200000000154,of,at,T,M,T,M,internal
892.8212991870272,1543.8628964052537,2975.2135542003093,3.5795577987028153,3.4371471090201546,4.571355703498229,5871.794871794871,0.000384405769014094,219.07324816553287,0.051000000000000004,0.49038461538461536,1-0-335-0,ay,UT_009,009,2,fave,194.92186315550484,59.19813325714559,4,i'm,1,0.08000099999998156,"",not,#,M,"",M,initial
721.5870641800225,1294.5032378578983,2578.5713472646376,3.2282774768805043,3.950123209624987,4.105473373780717,5871.794871794871,0.00009943597227250435,224.48025183446714,0.025,0.20161290322580647,1-0-352-0,ay,UT_009,009,2,fave,171.8836209028074,62.78577761991216,4,i've,1,0.10000600000000759,somehow,raised,#,V,aw,V,initial
813.6817447940399,1708.1185758552215,2903.345449126914,3.775686775128255,3.8938677679549194,3.9582066030539926,5871.794871794871,0.0008876231429108505,230.6290598344671,0.041,0.3059701492537314,1-0-361-1,ay,UT_009,009,2,fave,200.69138486435816,55.55537186019148,4,my,1,0.11000000000001364,of,kids,M,#,M,K,final
828.787510174738,1821.9812883272295,2722.4083266978314,3.148470050082544,4.001031164227217,4.37551354434313,6230.7692307692305,0.00026239822171281613,241.8630441655329,0.029,0.34523809523809523,1-0-394-0,ay,UT_009,009,2,fave,183.9872771368461,53.88559058432701,4,i,1,0.05999800000000732,"",think,#,#,"",TH,coextensive
722.4922905146744,1667.3015182544557,2769.807412147914,3.3135859332275173,4.163869823341603,4.127344867909768,6051.282051282051,0.00009082507579845116,242.38105416553287,0.045,0.5357142857142857,1-0-398-0,ay,UT_009,009,2,fave,161.55591611168322,57.23468626854064,4,i,1,0.05999700000000985,what,like,#,#,T,L,coextensive
756.088666515065,1982.9517615576315,2794.1529904868144,3.445298433650102,4.036872994806496,3.9228955137150137,6051.282051282051,0.0012559989913563478,244.9910491655329,0.025,0.21929824561403513,1-0-413-0,ay,UT_009,009,2,fave,80.83978044939917,52.88858239550177,4,i,1,0.08999599999998509,and,think,#,#,D,TH,coextensive
828.5610820999905,1789.4761404370192,2670.801301603056,3.374362604647889,3.5524593903640596,3.9443639229024843,5512.820512820513,0.0007663770166196352,264.1473411655329,0.039,0.34210526315789475,1-0-430-1,ay,UT_009,009,2,fave,153.0901483087028,57.01870784265473,4,my,1,0.08999599999998509,ago,fourteen,M,#,M,F,final
795.0540124153001,1693.723744506535,2617.424925607682,3.4446266468676923,3.8188952591131082,4.700605275450638,7487.179487179487,0.001290434586439606,266.81034516553285,0.045000000000000005,0.31250000000000006,1-0-438-2,ay,UT_009,009,2,fave,165.4231581660242,61.688992632512345,4,driving,1,0.11999500000001717,one,lesson,R,V,R,V,internal
852.1107505794896,1549.118181397898,2448.9666553499205,3.331905798564303,3.555387185771444,4.386365723434386,5871.794871794871,0.009967034495689392,273.00035716553293,0.025,0.10683760683760683,1-0-460-1,ay,UT_009,009,2,fave,114.05680915796057,57.45368675445168,4,high,1,0.20999100000000226,junior,and,HH,#,HH,@,final
740.2084817716316,1675.9149946778525,2730.302030615157,3.2342263633220245,3.5631811255728376,4.5543991545070135,5871.794871794871,0.0008218225995840281,275.73433916553284,0.093,0.5054347826086957,1-0-467-3,ay,UT_009,009,2,fave,198.48143658488735,59.636508542178305,4,outside,1,0.16000300000001744,cold,so,S,D,S,D,internal
733.2236215137939,1637.3590082149606,2578.2738339396187,3.316680579062897,3.4980491689481137,4.2190474093525365,6051.282051282051,0.00026685553408774715,276.0783455034014,0.041,0.3059701492537314,1-0-469-0,ay,UT_009,009,2,fave,84.85931446211657,57.091180317110805,4,i,1,0.11001599999997325,so,let,#,#,owF,L,coextensive
854.4279083531559,1628.858494816799,2874.617527690666,3.4701340107944194,3.8635192890593837,4.628403381265828,6051.282051282051,0.0010124222600831057,278.78935616553287,0.043,0.34677419354838707,1-0-483-0,ay,UT_009,009,2,fave,161.4393122563089,55.99291753312157,4,i,1,0.09997500000002901,when,walked,#,#,N,W,coextensive
877.7676200482848,1585.3599554782188,2871.0387086180017,3.230827170644168,3.9420465896930605,3.989195957236672,5871.794871794871,0.0002989550174222646,279.6003378344671,0.025,0.18656716417910452,1-0-486-3,ay,UT_009,009,2,fave,173.40044852048803,56.3362115476112,4,behind,1,0.11001600000003009,out,them,HH,N,HH,N,internal
785.5850515043164,1649.3916722134488,2837.5389538453546,3.202285055254802,4.038562909994737,3.6086472270272343,5871.794871794871,0.00009452921673714376,279.97435816553286,0.033,0.35106382978723405,1-0-488-0,ay,UT_009,009,2,fave,163.78891553396767,54.43366399285552,4,i,1,0.0699769999999944,them,noticed,#,#,M,N,coextensive
799.6002942875673,1714.7285578363537,2696.770195741583,3.6835086355017252,3.4410335454826524,4.0354211246911085,5871.794871794871,0.00030487767765427704,280.46235383446714,0.029,0.30851063829787234,1-0-490-1,ay,UT_009,009,2,fave,85.47212169069728,53.08003427863616,4,my,1,0.07000799999997298,noticed,car,M,#,M,K,final
883.2706213749369,1507.454291582098,2602.8330196754173,3.625416690711268,3.7766855167277154,3.930800089068006,5692.3076923076915,0.0025291606173717773,290.40343983446706,0.08499999999999999,0.5519480519480519,1-0-528-0,ay,UT_009,009,2,fave,177.3966267071534,52.14586190079498,4,i,1,0.13000500000003967,so,was,#,#,owF,W,coextensive
950.2371684414744,1665.4909504341924,2619.9160998682414,3.907959771156228,3.9787622212960008,3.995126963500803,6051.282051282051,0.0005497794375154415,291.12344550340134,0.025,0.17361111111111113,1-0-531-4,ay,UT_009,009,2,fave,240.17206903064184,55.80878465968846,4,surprised,1,0.12002599999999575,very,that,R,Z,R,Z,internal
776.7813888634462,1829.6841970256337,2811.9449790517797,4.002565929448318,4.125274184939376,4.388632299248054,6948.717948717948,0.0006770155032201914,295.55544816553294,0.049,0.42982456140350883,1-0-549-2,ay,UT_009,009,2,fave,229.2055048261945,56.77184233458956,4,driving,1,0.08999599999998509,one,lesson,R,V,R,V,internal
1029.7262156057977,1483.6914995271334,2670.8146938917416,3.568884662172365,3.5649897518584983,4.485406624584765,6051.282051282051,0.004999729506315234,313.90313783446715,0.067,0.32843137254901966,1-0-572-0,ay,UT_009,009,2,fave,196.0734847221304,57.099872116582645,4,i,1,0.1800230000000056,"",love,#,#,"",L,coextensive
880.3722824130091,1586.9883814418645,2736.8657461266157,3.178649039498804,3.8963345255904662,4.489354942358346,6051.282051282051,0.011432222580066636,317.1951558344671,0.051000000000000004,0.2931034482758621,1-0-581-0,ay,UT_009,009,2,fave,166.88236529236352,61.56985214931876,4,i,1,0.1499939999999924,"",grew,#,#,"",G,coextensive
675.8209210569112,1405.6089659213053,2374.071745879485,3.3502444698995393,3.5614072443542524,4.327470817599877,5692.3076923076915,0.00015095999813394202,340.0918548344671,0.025,0.26595744680851063,1-0-627-0,ay,UT_009,009,2,fave,161.14041863381007,61.097349998306974,4,i,1,0.07000700000003235,so,started,#,#,owF,S,coextensive
874.2521906062547,1428.0694910150612,2809.625312910989,3.245188348634119,3.85016795642673,4.5027231600730895,5871.794871794871,0.0017933572681841444,346.2238398344671,0.069,0.3224299065420561,1-0-639-0,ay,UT_009,009,2,fave,179.03727100379663,68.24632397577693,4,i,1,0.19000200000004952,"",probably,#,#,"",P,coextensive
812.2172519456607,1774.002917981389,2724.9330970913934,3.6484526480636914,3.8693140889088697,4.403976576247282,6051.282051282051,0.00016576620524281924,348.4258408344671,0.033,0.3173076923076923,1-0-645-0,ay,UT_009,009,2,fave,161.22256311116584,58.214122569691504,4,i,1,0.080016999999998,than,walk,#,#,N,W,coextensive
640.4117026309513,1545.6748595304298,2300.796638336258,2.970721016572818,3.840043916827832,4.247637807201054,5692.3076923076915,0.0001752324307498882,389.0642601655329,0.051000000000000004,0.5425531914893618,1-0-680-1,ay,UT_009,009,2,fave,86.71961085255978,61.50615982873197,4,by,1,0.0699769999999944,raised,a,B,#,B,@,final
809.5337064583222,1414.7225618974758,3135.787200654253,3.8413110935632733,3.7987197407786675,4.666065003949898,6589.74358974359,0.00655904646278908,390.1312528344671,0.025,0.1288659793814433,1-0-686-0,ay,UT_009,009,2,fave,158.08975867719897,59.18989351306835,4,i,1,0.17001300000003994,then,also,#,#,N,o,coextensive
660.5853742224672,1617.4702336914922,2316.898984524923,3.222127954100335,3.7462851845380154,3.897093688826671,6051.282051282051,0.00011358602108045847,394.03626116553284,0.05500000000000001,0.44354838709677424,1-0-698-0,ay,UT_009,009,2,fave,167.43435355848857,65.67115029056522,4,i,1,0.09997600000002649,so,was,#,#,owF,W,coextensive
842.5187057520413,1714.5789647160314,2887.6390899362227,3.561906077328572,3.660305254127927,4.240887805914613,6051.282051282051,0.000030479756403739856,396.3512481655329,0.025,0.2976190476190476,1-0-708-1,ay,UT_009,009,2,fave,168.6560059493721,60.03807929038959,4,time,1,0.05999800000000732,the,i,T,M,T,M,internal
797.6212566498516,1605.6188861546625,2415.832034717224,3.5393401166763807,3.618063900906742,4.306317645675938,5692.3076923076915,0.00024022234658128852,396.4812531655329,0.025,0.21929824561403513,1-0-709-0,ay,UT_009,009,2,fave,123.44427183635115,56.19567026893916,4,i,1,0.08999599999998509,time,was,#,#,M,W,coextensive
648.4271503235458,1838.2421413214804,2297.78234280531,3.977218491221547,3.7475719881101486,4.257412622032505,5871.794871794871,0.0001670985607781234,399.5162508344671,0.037000000000000005,0.4404761904761905,1-0-719-0,ay,UT_009,009,2,fave,188.04369086527277,63.29092097481037,4,i,1,0.05999700000000985,so,taught,#,#,owF,T,coextensive
673.4805803327473,1570.8470935694734,2645.8569133378896,2.83248043822625,4.393085156837098,3.9137845543220986,5692.3076923076915,0.00013683733603630857,455.86484383446714,0.031000000000000003,0.4189189189189189,1-0-872-1,ay,UT_009,009,2,fave,88.61544600688958,59.39676081108498,4,why,1,0.050018000000022766,that's,it's,W,#,W,i,final
944.1530726400119,1669.8408990366888,2613.4949103177455,3.5688129961354895,4.0556824368528765,4.32327548418973,5871.794871794871,0.0028579915175570747,473.44715583446714,0.05500000000000001,0.2989130434782609,1-0-897-0,ay,UT_009,009,2,fave,176.64173702834148,55.42394126346933,4,i,1,0.1600040000000149,"",quit,#,#,"",K,coextensive
803.5458143607997,1806.4461921827153,2802.972102264668,3.615336046304384,3.510250692564337,4.164799767026825,6051.282051282051,0.00010064292932610858,475.05615083446713,0.033,0.39285714285714285,1-0-901-0,ay,UT_009,009,2,fave,163.0295813422181,55.7305069963825,4,i,1,0.05999800000000732,when,had,#,#,N,HH,coextensive
890.3750355842818,1588.2224122448451,2886.0804835642493,3.5967738882786264,3.672392050054052,4.640820973564465,6051.282051282051,9.431053011600037e-6,476.5038478344671,0.049,0.6621621621621621,1-0-908-0,ay,UT_009,009,2,fave,171.09246333743513,51.89667378381972,4,i,1,0.05001900000002024,"",had,#,#,"",HH,coextensive
729.6847388283287,1868.1263459497156,2619.677592362923,3.6891479813504473,3.414376395361831,4.021962125232086,5871.794871794871,5.169368911536527e-6,476.82686016553293,0.035,0.4166666666666667,1-0-910-1,ay,UT_009,009,2,fave,186.72498611632005,62.89567286093455,4,my,1,0.059996999999953005,had,14,M,#,M,spn,final
850.475615754723,1649.0910090451732,2460.7149748208685,2.880859282581409,3.811116254706566,4.125630574009693,6230.7692307692305,0.00005311019371819407,479.95984550340137,0.04100000000000001,0.3942307692307694,1-0-920-2,ay,UT_009,009,2,fave,187.23708388342197,69.57723953030117,4,prior,1,0.08001700000005485,"",to,R,*hr,R,*hr,internal
850.0763167182022,1693.110169149603,2555.264669007836,3.374904012523022,3.733006387899843,4.1928606146806935,6051.282051282051,0.00042793421553945145,480.54285683446716,0.047,0.3263888888888889,1-0-923-0,ay,UT_009,009,2,fave,157.3190484725134,63.8960729058963,4,i,1,0.11999499999996033,that,was,#,#,T,W,coextensive
769.1637487376406,1790.1619668014043,2468.1936701202803,3.4363099810782782,3.838061822880298,4.443629409423699,5871.794871794871,0.0006778110395901645,484.22854283446713,0.025,0.24038461538461545,1-0-938-1,ay,UT_009,009,2,fave,165.19162337192515,59.213887444690116,4,time,1,0.080016999999998,whole,you're,T,M,T,M,internal
863.9910719222398,1642.9771498963453,2747.5383712165994,3.4467059504714834,3.6905235920247774,4.295482103705109,6051.282051282051,0.00028859703433997664,491.9555438344671,0.03900000000000001,0.37500000000000006,1-0-969-0,ay,UT_009,009,2,fave,154.97843180028138,59.28579785984067,4,i,1,0.080016999999998,and,got,#,#,D,G,coextensive
1042.1199345812859,1729.3384032872507,2717.694570848795,3.5179785090395086,4.342687263741727,4.478739491671934,5871.794871794871,0.00014619160134792658,493.45854816553293,0.025,0.2976190476190476,1-0-975-0,ay,UT_009,009,2,fave,161.63286037305252,57.914628961010045,4,i,1,0.05999700000000985,"",had,#,#,"",HH,coextensive
790.9249864076996,1820.2087470678166,2581.59889018205,3.415150179807175,3.611985694128895,4.205633672978873,6051.282051282051,0.00007370669848956908,493.89755150340136,0.043,0.4134615384615385,1-0-977-1,ay,UT_009,009,2,fave,164.21488489817497,58.41664670759934,4,my,1,0.08001799999999548,had,daughter,M,#,M,D,final
859.4608061174608,1632.6708454323252,2678.638079062966,3.3624467590400924,3.840825260375606,4.118760409983937,6051.282051282051,0.0008375228129482728,498.2115438344671,0.051000000000000004,0.27717391304347827,1-0-990-0,ay,UT_009,009,2,fave,173.52681407547618,59.95362803474251,4,i,1,0.1600040000000149,"",didn't,#,#,"",D,coextensive
910.3440056057686,1572.8487141436888,2768.601005890087,3.6636845558431355,3.9167772705217403,4.19704190772405,6051.282051282051,0.00045618447041782887,500.1585601655329,0.025,0.21929824561403513,1-0-997-1,ay,UT_009,009,2,fave,158.39483321852072,56.54611610327004,4,my,1,0.08999600000004193,and,husband,M,#,M,HH,final
833.5090913742581,1898.8495014877751,2785.090264481987,3.2887823912436387,3.7820947266661453,4.1727831905142905,6230.7692307692305,0.00009422579222696064,502.6185511655329,0.025,0.21929824561403513,1-0-1006-1,ay,UT_009,009,2,fave,171.53150026856278,61.398190220203965,4,time,1,0.0899970000000394,every,they,T,M,T,M,internal
859.7144385050599,1656.1048612240147,2827.9670085393755,3.359435149290713,3.9297213083611653,4.286084932088344,6769.2307692307695,0.0001702477972118313,507.0275565034014,0.043000000000000003,0.3208955223880598,1-0-1023-0,ay,UT_009,009,2,fave,169.1003304034621,64.3796655494528,4,i,1,0.11001599999997325,and,just,#,#,D,JH,coextensive
851.2760083854937,1634.3101364753688,2786.3006995978503,3.872853805836311,3.6426540260530174,4.249171357077171,5871.794871794871,0.0006714429765951491,509.29695016553285,0.053000000000000005,0.3441558441558442,1-0-1033-0,ay,UT_009,009,2,fave,162.18312128355586,62.31907273022854,4,i,1,0.13000500000003967,then,just,#,#,N,JH,coextensive
772.3322546239124,1718.3467599480814,2568.453709827111,3.65155033296341,3.600395379774553,4.064782434820025,6051.282051282051,0.00008491862843760426,510.53695016553286,0.033,0.3173076923076924,1-0-1040-1,ay,UT_009,009,2,fave,159.1336176396262,59.665695414816994,4,my,1,0.07998600000001943,with,friends,M,#,M,F,final
805.6529877366359,1581.1732443946446,3012.6276740075427,3.584604277854403,3.8140197507105764,4.28074703355613,6051.282051282051,0.0005421538759715619,511.20294450340134,0.025,0.21929824561403513,1-0-1043-1,ay,UT_009,009,2,fave,122.32142833037419,55.4206225816256,4,my,1,0.09002600000002303,while,husband,M,#,M,HH,final
717.8149097161551,1764.2981482802634,2629.3096943533615,3.3100090283038415,3.832638022119114,4.137691663505769,5692.3076923076915,0.0001468006616282539,514.8229351723355,0.045,0.3358208955223881,1-0-1059-0,ay,UT_009,009,2,fave,82.84330652292662,56.60680826690749,4,i,1,0.11004600000001119,that,didn't,#,#,T,D,coextensive
770.0168908405374,1749.814936883515,2875.1194272103025,3.5297165951128435,3.846895811605001,4.165875391048112,5871.794871794871,0.00011492817098685503,518.4519345034014,0.043,0.34677419354838707,1-0-1075-0,ay,UT_009,009,2,fave,86.66159448136139,52.109330051201525,4,i,1,0.10003600000004553,then,quit,#,#,N,K,coextensive
919.8808196876192,1501.5380846364947,2806.741184135938,3.4047426155526432,3.528914501019527,3.918411128713498,6051.282051282051,0.0005238665828220746,562.296138834467,0.025,0.16233766233766234,1-0-1179-0,ay,UT_009,009,2,fave,194.57244335057243,63.31880680733249,4,i,1,0.13000500000009652,"",always,#,#,"",o,coextensive
643.4235660669855,1759.4213350483283,2163.677859485456,3.5315485100653348,3.583788397464582,4.076882403429617,5692.3076923076915,0.00003133932923830683,563.4311495034013,0.035,0.33653846153846156,1-0-1183-0,ay,UT_009,009,2,fave,160.9882916352137,62.1015718028441,4,i'm,1,0.080016999999998,whoever,teaching,#,M,*hr,M,initial
820.8843903224114,1771.4961516271746,2832.217396267374,3.508416346059314,3.9856485507684494,4.8499796027611985,6051.282051282051,0.0026344529062890896,627.6422268344671,0.037,0.3936170212765957,1-0-1361-0,ay,UT_009,009,2,fave,174.35089411295334,55.802117490584216,4,i,1,0.07000700000003235,"",don't,#,#,"",D,coextensive
764.1343480324518,1517.777013144176,2667.2631338157034,3.580681151352973,3.8809343604674553,4.3816798306270615,5871.794871794871,0.0008111376476948495,628.0192714965987,0.051000000000000004,0.49038461538461553,1-0-1364-0,ay,UT_009,009,2,fave,167.52209905455996,54.48830652656782,4,i,1,0.07995600000003833,know,would,#,#,owF,W,coextensive
710.5795711168141,1823.7970467975083,2596.3320214962355,3.188692652052409,3.972055821716279,4.549815014840182,6589.74358974359,0.000666523742577151,632.4212615034013,0.035,0.3070175438596492,1-0-1382-2,ay,UT_009,009,2,fave,-882.9628079959642,56.637516780997466,4,try,1,0.09002699999996366,to,new,R,#,R,N,final
780.621766196643,1778.1865044090102,2781.987626479838,3.262730809820631,3.8461767046694684,4.405150066128264,6230.7692307692305,0.0015805806066842495,637.0232468276644,0.099,0.5689655172413793,1-0-1399-1,ay,UT_009,009,2,fave,122.12282512937404,56.89667281349127,4,diamond,1,0.149962999999957,black,is,D,M,D,M,internal
707.6291768837898,1705.9342319538873,2389.737268660486,3.416382408087219,3.5559140694680496,4.146202637226212,5871.794871794871,0.00017862582762900766,698.6322541655329,0.24900000000000003,0.9087591240875913,1-0-1529-0,ay,UT_009,009,2,fave,183.91803671077835,62.591373986498056,4,i,1,0.25,me,would,#,#,iyF,W,coextensive
791.8529057395962,1791.9178003055017,2768.6025168869087,3.5709382045179745,3.4185710068767694,3.9831677492141147,6051.282051282051,0.00005848927543467504,701.2081645034013,0.059000000000000004,0.5673076923076924,1-0-1536-0,ay,UT_009,009,2,fave,169.52962824377775,64.03271387828757,4,i'm,1,0.080016999999998,cause,a,#,M,Z,M,initial
757.411715178537,1780.8564884969624,2629.196389812351,3.791574438577399,3.7174444263655713,4.277173523569641,6230.7692307692305,0.00010059105555136594,703.6851488344672,0.033,0.35106382978723405,1-0-1545-0,ay,UT_009,009,2,fave,155.37578772938897,59.26876163916323,4,i,1,0.07000699999991866,when,ski,#,#,N,S,coextensive
884.7007693085396,1653.3887090659077,2718.598424497591,3.2861020599666038,3.783135153656864,4.5238330145001076,6051.282051282051,0.001338371795324568,704.7511411655329,0.045000000000000005,0.31250000000000006,1-0-1550-0,ay,UT_009,009,2,fave,127.90208802231442,62.55121270291,4,i,1,0.11999500000001717,"",can,#,#,"",K,coextensive
726.9182676179361,1902.3261082206354,2667.318393272329,3.890364724949468,3.250653075378857,4.372344581720253,5871.794871794871,0.00005232857127379398,707.254155834467,0.031,0.369047619047619,1-0-1559-0,ay,UT_009,009,2,fave,161.81021900788573,59.78397421173031,4,i'm,1,0.05999800000006417,when,snowboarding,#,M,N,M,initial
753.0226557743741,1672.4486691188577,2574.1805873629146,3.2674216418862163,3.594243489550741,4.256991885643617,5692.3076923076915,0.0013313220503007545,711.1391508344672,0.061,0.3719512195121951,1-0-1573-0,ay,UT_009,009,2,fave,172.45298943767608,60.14944659307846,4,idea,0,0.14001500000006217,no,what,#,D,owF,D,initial
902.3362294818667,1510.9255110707986,2620.0539507099024,2.940095947624789,3.91071188400777,4.5172805905427875,6589.74358974359,0.000985697842689189,713.7011631655328,0.025,0.17361111111111113,1-0-1579-0,ay,UT_009,009,2,fave,176.72376794187184,71.65672915185866,4,i,1,0.11999500000001717,"",just,#,#,"",JH,coextensive
796.5080295183338,1824.6696447883476,2841.3543238845377,3.6775236903430923,3.7267181764510062,4.36838593561317,6589.74358974359,0.000057030338932041864,718.6731694965987,0.069,0.7340425531914894,1-0-1597-1,ay,UT_009,009,2,fave,161.86826236845144,63.159397442280536,4,giant,1,0.06994600000007267,a,board,JH,@,JH,@,internal
831.4986980935078,1767.4201179695908,2764.122076773405,3.8034511565763385,4.024507559329318,4.227606950837224,5871.794871794871,0.0011561517570672503,722.7971305034014,0.057,0.5000000000000001,1-0-1610-0,ay,UT_009,009,2,fave,259.9380108157364,56.65962756150897,4,i,1,0.09002599999996619,"",just,#,#,"",JH,coextensive
746.105904343063,1755.7643301912026,2372.7733378981247,3.26330051070927,4.032388868977117,4.731204318619241,6769.2307692307695,0.004356503571451504,723.2261381723357,0.035,0.26119402985074636,1-0-1612-2,ay,UT_009,009,2,fave,85.06409477268171,62.30643024432773,4,try,1,0.1100459999998975,just,to,R,#,R,T,final
835.6641291856574,1772.1670330545196,2985.9268938431846,3.529450911050782,3.6143587931323684,4.270197455691144,6051.282051282051,0.00021639001923988413,724.241146834467,0.025,0.24038461538461536,1-0-1616-1,ay,UT_009,009,2,fave,164.919140786372,58.31749088212919,4,my,1,0.080016999999998,bend,knees,M,#,M,N,final
966.2355131396627,1655.2576836389114,2713.5467361836218,3.9505702748655596,3.5947637951883133,4.214830707036092,5512.820512820513,0.005738349063528283,739.3227571655328,0.125,0.6443298969072164,1-0-1652-0,ay,UT_009,009,2,fave,223.68803113424988,52.29344811194472,4,i,1,0.169983000000002,"",am,#,#,"",ae,coextensive
819.9006702436062,1660.6650284956704,3067.9709561882446,3.9124843721404567,3.843970444613775,4.538445683252207,5692.3076923076915,0.0012817240982194722,740.6127345034013,0.025,0.20161290322580647,1-0-1657-0,ay,UT_009,009,2,fave,161.62524337163146,56.113296534080206,4,i,1,0.10003600000004553,and,quote,#,#,D,K,coextensive
784.1211015603153,1673.2813573659978,2776.934475345267,3.644601934256893,3.693632254187973,4.35971354277483,6948.717948717948,0.00027121905235775486,741.8907435034015,0.061000000000000006,0.5350877192982457,1-0-1662-1,ay,UT_009,009,2,fave,97.06858674669853,57.86524812725553,4,finding,1,0.09002699999996366,"",nemo,F,N,F,N,internal
803.8224287946174,1759.2270807852674,2294.0972938414043,3.3042370147603783,4.147714912302059,4.7210156316018645,6051.282051282051,0.008370121459605324,746.0967484965986,0.053,0.30459770114942525,1-0-1674-1,ay,UT_009,009,2,fave,167.10637618602362,61.05748158008653,4,riding,1,0.14996399999995447,keep,"",R,D,R,D,internal
780.9693650412593,1622.553241834464,2483.3846617519985,3.2067407068520195,3.7581667064898885,4.406363263758383,6051.282051282051,0.0003180646211874667,749.8397541655329,0.039,0.27083333333333337,1-0-1685-1,ay,UT_009,009,2,fave,177.83196105326377,66.09783367132722,4,riding,1,0.11999500000001717,keep,"",R,D,R,D,internal
768.6751515772366,1611.1577718626925,2486.5196527508006,2.737450165603691,3.576375390683768,4.169599058097452,6051.282051282051,0.00018799567301314689,750.9377258344671,0.055,0.3353658536585366,1-0-1689-1,ay,UT_009,009,2,fave,183.64334315726992,67.42127407743163,4,riding,1,0.1400149999999485,keep,"",R,D,R,D,internal
780.2634258673634,1780.0572002770598,2566.7752614311976,3.224315190077306,3.64887341426627,4.435933402844981,6051.282051282051,0.0000310883495633078,751.992732834467,0.025,0.26595744680851063,1-0-1692-2,ay,UT_009,009,2,fave,178.5077083381339,71.86684155764694,4,try,1,0.07000800000002982,and,to,R,#,R,T,final
832.0016217663543,1483.2411108420501,2999.4590482097533,3.864811351869913,3.692464393699838,4.294693033201819,7487.179487179487,0.0001455083964732596,752.362728834467,0.025,0.26595744680851063,1-0-1694-3,ay,UT_009,009,2,fave,162.54075648133096,64.06571890505644,4,remind,1,0.07000700000003235,to,myself,M,N,M,N,internal
772.2744406030578,1693.7006624470816,2744.166102555498,3.809163889238726,3.7316302372065073,3.973500861785838,6230.7692307692305,0.0001861193670904415,753.7867558276644,0.033,0.3173076923076924,1-0-1700-0,ay,UT_009,009,2,fave,159.59148673660468,57.5181465383219,4,i,1,0.07995599999992464,when,get,#,#,N,G,coextensive
727.9908328231585,1683.2923335593111,2668.770073495006,3.1633201506779205,3.7879955273246275,4.401107259980713,6051.282051282051,0.0007891862453322913,754.5937351655328,0.08700000000000001,0.4484536082474227,1-0-1704-0,ay,UT_009,009,2,fave,118.58381817511938,61.32178935967635,4,i,1,0.169983000000002,out,don't,#,#,T,D,coextensive
795.7754763622858,1736.0941197673833,2690.439876446439,3.466247226854808,3.21895578509822,3.594628790321022,6051.282051282051,0.00005183439111878455,805.8727708344671,0.033,0.35106382978723405,1-0-1734-0,ay,UT_009,009,2,fave,166.29358198260124,62.59855277743376,4,i,1,0.07000700000003235,am,getting,#,#,M,G,coextensive
887.2440300853605,1408.7117476208996,2797.8753490731597,3.783256421021354,3.254339703224954,4.090582160320467,6051.282051282051,0.0004169556943575159,806.288753834467,0.025,0.11160714285714286,1-0-1736-1,ay,UT_009,009,2,fave,159.2073942748473,58.128721673048574,4,timed,1,0.20001200000001518,getting,or,T,M,T,M,internal
727.769359711851,1938.9808358442028,2645.889872275054,3.392825765712884,3.7619277311933317,3.9667585700362977,6051.282051282051,0.000025688487180278712,808.728755834467,0.025,0.2976190476190476,1-0-1741-1,ay,UT_009,009,2,fave,168.8033745324007,59.244009296756374,4,my,1,0.05999799999995048,"",teacher,M,#,M,T,final
878.7727050334131,1715.6026452243316,2583.6411956790944,3.156593101054694,3.4650619459928946,3.9127574605186735,7307.692307692308,0.00009421172692337732,810.7017574965986,0.07100000000000001,0.5725806451612904,1-0-1751-1,ay,UT_009,009,2,fave,161.3566131205022,62.57661563345681,4,violinist,0,0.09997499999997217,the,plays,V,@,V,@,internal
784.5999355314857,1801.6330613084551,2674.7007670919606,3.15754152307817,3.8140554433724994,4.316622403814628,6948.717948717948,0.0001048571108350885,821.6906634965987,0.04100000000000001,0.3942307692307694,1-0-1789-1,ay,UT_009,009,2,fave,167.67243559631137,60.55875534913411,4,by,1,0.07995599999992464,travels,rail,B,#,B,R,final
848.6149535656241,1598.5024759209732,2774.040689843453,2.9907741908585703,3.5142273960391868,4.147513302417828,6589.74358974359,0.0004933333039288004,822.7446428344672,0.089,0.3803418803418803,1-0-1793-3,ay,UT_009,009,2,fave,109.49999317496028,57.94236073883062,4,seaside,2,0.21002199999998084,the,"",S,D,S,D,internal
792.6952961693108,1792.5768907104618,2676.5504519757224,3.288807796207703,3.198221271214795,3.646475962200557,6051.282051282051,0.00008704191144296492,854.189144834467,0.025,0.24038461538461536,1-0-1913-1,ay,UT_009,009,2,fave,167.41601385388523,56.31869275878399,4,my,1,0.080016999999998,"",brother,M,#,M,B,final
768.7027643214707,1639.5783727937392,2570.2396422448114,3.1866845817730605,3.3239156373817633,3.5928166409207343,6230.7692307692305,0.00021606197860141976,857.6731248344672,0.033,0.2894736842105263,1-0-1924-1,ay,UT_009,009,2,fave,127.25078366722484,60.81461480703381,4,by,1,0.09002699999996366,cooked,the,B,#,B,DH,final
882.0191555178569,1637.754718287472,2805.9722635489024,3.441399444207296,3.5792063847045723,3.9944845981661943,6051.282051282051,0.00029114306748147787,859.6681701655328,0.043000000000000003,0.29861111111111116,1-0-1929-1,ay,UT_009,009,2,fave,169.42019660582633,65.02807755945807,4,my,1,0.11999500000001717,"",grandpa,M,#,M,G,final
781.8632641459537,1763.43891505803,2799.271569752778,3.50571286988236,3.2587417645936676,3.6385728598439266,6051.282051282051,0.00005521807505006081,867.4406528276644,0.025,0.24038461538461545,1-0-1944-1,ay,UT_009,009,2,fave,204.01092758327096,67.37710023430394,4,my,1,0.0799570000000358,"",brother,M,#,M,B,final
741.4125614622886,1714.5636219942976,2645.1102738896907,2.978377127403389,3.4740879350935123,3.381670517299278,6051.282051282051,0.000028549399253727393,870.3586438344672,0.040999999999999995,0.39423076923076916,1-0-1955-1,ay,UT_009,009,2,fave,179.6730688316716,65.21143308590524,4,by,1,0.080016999999998,cooked,the,B,#,B,DH,final
847.0941505472422,1759.1220636793223,2685.3113503541426,3.0807599666442385,3.7781650376629643,3.4148305318876515,6948.717948717948,0.00014449720504611732,871.780635834467,0.025,0.16233766233766234,1-0-1961-1,ay,UT_009,009,2,fave,177.93203477643112,61.36442662661645,4,child,1,0.13000499999998283,the,found,CH,L,CH,L,internal
748.5714653120698,1693.076303926309,2635.0997902827435,3.244805291278805,3.7246372966864145,3.939422532803076,6051.282051282051,0.00016332495185572698,887.8906714965987,0.025,0.26595744680851063,1-0-2024-1,ay,UT_009,009,2,fave,177.33057536267935,61.700458322600674,4,my,1,0.06994599999995899,"",table,M,#,M,T,final
801.310690086472,2007.9436492696764,2751.149662975055,3.5417532771895224,3.940781417917485,4.118460756520728,6051.282051282051,0.00004443349924987136,904.3952598344671,0.025,0.26595744680851063,1-0-2084-1,ay,UT_009,009,2,fave,177.86410936956068,69.76470491958375,4,tiny,1,0.07000799999991614,her,kittens,T,N,T,N,internal
902.5456114423224,1555.2081687805942,2680.3862075041125,3.4421172931983723,3.8181045851637605,4.341162621342691,6769.2307692307695,0.0010868873397281654,906.1192648276644,0.053000000000000005,0.3441558441558442,1-0-2090-0,ay,UT_009,009,2,fave,152.5510315428645,60.84898669154661,4,i,1,0.12994400000002315,"",heard,#,#,"",HH,coextensive
501.7754016458849,2454.155818684928,2538.4354939632317,3.351812950779405,4.365178863363579,4.717010149241616,6948.717948717948,0.004303281811989512,57.99414716553287,0.04100000000000001,0.3306451612903227,1-0-8-1,iy,UT_009,009,2,fave,180.5534901518973,53.471656608202565,4,female,1,0.09999900000000395,"","",F,M,F,M,internal
420.56516070238735,2243.3995484664583,2813.389601114981,3.5079717522237366,4.154173326504022,4.2792107965347785,6769.2307692307695,0.0015755366345240654,117.56414916553288,0.035,0.33653846153846156,1-0-128-1,iy,UT_009,009,2,fave,-54.86549126920264,46.953466037142235,4,lease,1,0.07999399999999923,our,"",L,S,L,S,internal
525.4945371664678,2658.4099379221793,3507.198191692282,3.4471976595203686,3.8659724682505923,4.681626664156416,7128.205128205128,0.004412223297606323,144.6001481655329,0.047,0.3263888888888889,1-0-179-5,iy,UT_009,009,2,fave,88.26405805823231,50.95823842813974,4,japanese,1,0.11999499999998875,took,"",N,Z,N,Z,internal
400.29556917656856,1978.0818082277278,2396.644488315323,2.7949690686339257,3.78039795322408,4.259949092331676,6051.282051282051,0.0005284530507253004,166.5914518344671,0.031,0.32978723404255317,1-0-194-1,iy,UT_009,009,2,fave,191.50665017486494,61.09738656729082,4,weekday,1,0.07000700000000393,just,get,W,K,W,K,internal
434.8935463768259,2695.0407797670828,3289.2142210532443,3.433696062427053,3.4648915371474813,4.708153312742915,6230.7692307692305,0.0014006997665165504,172.20444783446712,0.07700000000000001,0.3290598290598291,1-0-214-1,iy,UT_009,009,2,fave,194.78275741481042,53.429192885728504,4,teach,1,0.21000699999999028,"","",T,CH,T,CH,internal
376.73921625346196,2842.9083721713178,3777.8217809785137,3.644608787538343,4.081080616276044,5.231795006303659,8205.128205128205,0.018861245559532232,192.3461501655329,0.047,0.3263888888888889,1-0-292-0,iy,UT_009,009,2,fave,241.80749936326353,58.54533029582535,4,eat,1,0.11999499999998875,"",fast,#,T,"",T,initial
522.6629248772824,2690.222983858034,3997.1539951272075,3.3721742942378983,3.146093425893568,4.24346893121695,7666.666666666666,0.00023075741142046072,264.69835916553285,0.04100000000000001,0.3306451612903227,1-0-431-4,iy,UT_009,009,2,fave,166.56532892801974,55.61302165489834,4,fourteen,1,0.09997599999996964,my,year,T,N,T,N,internal
369.5797411705567,2578.816891718268,2893.332167565464,3.3375025695978313,3.850774118080145,4.138001751352938,6410.25641025641,0.001962004695701192,288.86644949659865,0.031,0.32978723404255317,1-0-522-1,iy,UT_009,009,2,fave,88.24008829502681,55.62507976233571,4,teacher,1,0.0699769999999944,the,next,T,CH,T,CH,internal
413.27536225298786,2479.355383077229,2945.343822353306,3.162682595967508,3.9025703936661342,3.740143862859426,6589.74358974359,0.00034740358782809613,292.2794591655329,0.037,0.32456140350877194,1-0-538-1,iy,UT_009,009,2,fave,227.00693138765007,55.693564033068974,4,teacher,1,0.08999599999998509,the,next,T,CH,T,CH,internal
455.71999797590064,2029.8361761818542,2721.684424484466,3.3270097132827265,4.02510201223694,4.237464362281228,6051.282051282051,0.0012297649307342867,321.33814416553287,0.037000000000000005,0.324561403508772,1-0-599-1,iy,UT_009,009,2,fave,82.57200669366597,57.28898577173483,4,weekend,1,0.08999600000004193,single,skiing,W,K,W,K,internal
554.8409269740063,2093.533018931755,2609.8628895393936,3.6157803482096345,4.092984487204811,4.509876798350429,6410.25641025641,0.0007947071571802332,323.9481601655329,0.037,0.32456140350877194,1-0-609-4,iy,UT_009,009,2,fave,173.0942132811186,54.69791174834479,4,memories,0,0.08999599999998509,good,there,*hr,Z,*hr,Z,internal
368.15636175180504,2446.798862810854,2791.166753812699,3.3988548593592323,3.875757118400615,4.758754582563883,6410.25641025641,0.0005313338976668395,340.71484983446715,0.031,0.32978723404255317,1-0-629-2,iy,UT_009,009,2,fave,184.84249163461723,56.92870650147735,4,skiing,1,0.07000700000003235,started,at,K,i,K,i,internal
323.7646444807243,2750.719350042406,3143.5240590847,3.2594937659145606,3.7810891534468256,4.412795221544837,6589.74358974359,0.0013725019319873097,391.32124483446717,0.045,0.3358208955223881,1-0-689-1,iy,UT_009,009,2,fave,136.02192397157583,52.823005518311156,4,teaching,1,0.11001599999997325,started,skiing,T,CH,T,CH,internal
379.0088566729494,2653.8687767997235,3158.4890542804096,3.0824364725117603,4.181274835694595,4.405326747778362,6769.2307692307695,0.0003641465039803095,391.91124183446715,0.045,0.3358208955223881,1-0-690-2,iy,UT_009,009,2,fave,183.1018730553041,60.29231277057873,4,skiing,1,0.11001600000003009,teaching,at,K,i,K,i,internal
382.870061748114,2868.1030290427198,3109.5972412879933,3.666114660032603,4.3098703091910044,4.498678568668601,7128.205128205128,0.011459711629630324,415.28624550340135,0.037000000000000005,0.324561403508772,1-0-745-1,iy,UT_009,009,2,fave,130548.88236978516,61.74261148017788,4,teaching,1,0.09002599999996619,up,more,T,CH,T,CH,internal
485.800473429643,2640.4678191302487,2997.1163468500467,3.3189473542112773,3.6057742454280404,4.501674483248505,6230.7692307692305,0.0013878718165580715,416.23825183446706,0.04100000000000001,0.3306451612903227,1-0-748-2,iy,UT_009,009,2,fave,234.2043129723715,61.346067775782245,4,anything,0,0.10000600000000759,than,"",N,TH,N,TH,internal
428.8744795160421,2454.5173327575185,2900.809280640857,3.008200123711917,3.6563630564516907,4.03976416812558,6589.74358974359,0.00017460223385010803,423.85324683446714,0.031,0.32978723404255317,1-0-767-1,iy,UT_009,009,2,fave,214.95312315415634,59.428990698147025,4,people,1,0.07000700000003235,some,just,P,P,P,P,internal
411.54657543129065,2504.7620497590206,2929.4189961594107,3.2902734769254387,4.03145657583538,4.47267138730462,6410.25641025641,0.0007852265412532486,436.87934583446713,0.055,0.3353658536585366,1-0-811-4,iy,UT_009,009,2,fave,96.97329248823398,57.59815194826486,4,initiates,0,0.14001500000000533,it,the,SH,@,SH,@,internal
363.0079592374147,2373.912933235642,2804.2855948233823,2.7157941572077156,4.040496366773587,4.019044368567766,6051.282051282051,0.0000340270557210701,450.7953388344671,0.027000000000000003,0.32142857142857145,1-0-853-1,iy,UT_009,009,2,fave,168.4743118766573,61.517441844612094,4,people,1,0.060027999999988424,when,just,P,P,P,P,internal
369.0468871086693,2636.4454522816886,3486.7769426637806,3.367736424418063,3.904797752987462,4.471469088362259,7487.179487179487,0.004436358267064766,458.8798528344671,0.04100000000000001,0.3306451612903227,1-0-885-0,iy,UT_009,009,2,fave,90.13575824653698,54.598635855567146,4,effectively,1,0.10000600000000759,"",advance,#,F,"",F,initial
418.20568386308645,2623.0824685534153,3733.7501027303842,3.219487318593936,4.376979292272151,4.882418056153876,6589.74358974359,0.0006991708106317883,460.48184450340136,0.025,0.33783783783783783,1-0-888-2,iy,UT_009,009,2,fave,86.08158015588779,57.654464789009694,4,skiing,1,0.050018000000022766,your,until,K,i,K,i,internal
403.5733017162363,2608.9068668158366,2909.9251570518513,3.1534151111642155,3.6681527954304416,4.092568816445862,6589.74358974359,0.000250083202592426,496.6995591655329,0.047,0.3263888888888889,1-0-986-1,iy,UT_009,009,2,fave,206.53963765940063,60.10725567723982,4,season,1,0.11999500000001717,that,"",S,Z,S,Z,internal
381.91602714126765,2386.9878462012553,2886.538920906985,2.9788610710322585,3.996376897869905,4.449913152823656,6410.25641025641,0.00011401284268568038,498.79153983446713,0.031,0.32978723404255317,1-0-992-1,iy,UT_009,009,2,fave,173.315632268429,61.88620960668687,4,teach,1,0.07000800000002982,didn't,a,T,CH,T,CH,internal
388.16293374747664,2442.012002687807,2945.499442324861,3.2878018413160595,4.023527921803908,4.043460288894218,6589.74358974359,0.00008398797471766674,510.18894983446705,0.037000000000000005,0.324561403508772,1-0-1038-2,iy,UT_009,009,2,fave,80.29271612058099,60.60606854459211,4,skied,1,0.08999600000004193,free,with,K,D,K,D,internal
341.8629873186954,2599.600955620008,3952.6908643156235,3.4173939257837733,3.1731274252758292,4.287069133805595,8743.589743589742,0.000039786407049937425,550.4813428344671,0.027000000000000003,0.32142857142857145,1-0-1143-1,iy,UT_009,009,2,fave,162.79016107502727,58.401792893788695,4,people,1,0.05999800000006417,if,like,P,P,P,P,internal
415.10975890734994,2744.391422259868,3842.931240648578,3.349238919562454,3.7213133536596077,4.597107081418131,7128.205128205128,0.0035693728219313354,551.4483515034015,0.08099999999999999,0.3319672131147541,1-0-1147-1,iy,UT_009,009,2,fave,160.39243689070537,57.877790492182555,4,jeans,1,0.2200319999999465,tuck,into,JH,N,JH,N,internal
460.28781107098615,1872.2238902512433,2220.598589138209,3.1449447638174837,4.232728664298978,3.5598128348444975,5692.3076923076915,0.00007661772519256477,553.5683541655329,0.040999999999999995,0.33064516129032256,1-0-1153-2,iy,UT_009,009,2,fave,166.98659385965234,63.34654911087662,4,creates,0,0.09997600000008333,it,what,R,ey,R,ey,internal
499.03463252113283,1808.7740221687968,2448.8651830408194,3.166093077607649,3.62002798188633,3.7440129645430966,6769.2307692307695,0.0000991470169778019,562.5261651655329,0.045,0.3358208955223881,1-0-1180-3,iy,UT_009,009,2,fave,175.37216601159582,66.33704904876559,4,always,0,0.10998499999993783,i,check,W,Z,W,Z,internal
375.87263306868397,2480.44822332824,2927.020861437955,2.9596022820575256,3.8093515978799215,4.028004266991631,6589.74358974359,0.00014326237330970624,563.6911538344671,0.035,0.33653846153846156,1-0-1184-1,iy,UT_009,009,2,fave,169.84625674682286,60.05639815587738,4,teaching,1,0.080016999999998,i'm,"",T,CH,T,CH,internal
345.3214124738846,2568.502143272371,3175.338517931943,3.1145259124425797,4.069600129774106,4.779233136754349,6230.7692307692305,0.0003607097792237392,574.4921475034014,0.037,0.32456140350877194,1-0-1229-2,iy,UT_009,009,2,fave,167.18738554625276,62.56717125130946,4,skis,1,0.09002699999996366,their,are,K,Z,K,Z,internal
353.7023626889489,2544.470155523622,2930.655108052546,3.007460425602461,3.9240177159810106,4.5316177545167,6051.282051282051,0.0002563631330282777,597.6706515034012,0.035,0.3365384615384616,1-0-1311-1,iy,UT_009,009,2,fave,171.81095561189187,58.168541499000895,4,teach,1,0.080016999999998,you,them,T,CH,T,CH,internal
374.4237327048009,2651.719375202168,3049.9228527669193,3.332760036216196,4.005992218830904,4.501566069819187,6948.717948717948,0.003525207565772153,640.6722468344672,0.057,0.32758620689655177,1-0-1416-2,iy,UT_009,009,2,fave,104.88935384165823,52.2969928837162,4,steep,1,0.15002399999991667,"","",T,P,T,P,internal
427.05848898126703,2712.0142231733707,3307.937111967003,3.452096173049893,3.8283379601637866,4.755912294673559,6948.717948717948,0.003119227206671238,705.0841538344672,0.07100000000000001,0.3317757009345795,1-0-1552-0,iy,UT_009,009,2,fave,132.16083748400453,54.40789407045972,4,easily,1,0.19000199999993583,can,react,#,Z,N,Z,initial
452.1980417225926,2159.0750233544795,3752.2971801641334,3.6258238147131445,3.81939469682952,4.293068946194452,9282.051282051281,0.0005272634074352411,705.6571694965986,0.037000000000000005,0.324561403508772,1-0-1553-1,iy,UT_009,009,2,fave,83.07775498490584,58.32650999493833,4,react,0,0.08996600000000399,easily,to,R,ae,R,ae,internal
557.3013070857922,2758.810879662569,3243.073531230554,3.669201536874315,3.5902270565825436,4.589893091688084,6769.2307692307695,0.0022464331598208345,724.4191594965986,0.08099999999999999,0.3319672131147541,1-0-1617-1,iy,UT_009,009,2,fave,199.61091843771257,61.24897071198178,4,knees,1,0.21997099999998682,my,and,N,Z,N,Z,internal
379.4844715252911,2480.6424113122052,3277.854299594173,3.193690431621411,4.039562499314525,4.476216727454944,7128.205128205128,0.00012734164484963796,744.517752834467,0.035,0.33653846153846156,1-0-1669-1,iy,UT_009,009,2,fave,168.9977793295077,63.90486472493389,4,keep,1,0.080016999999998,just,swimming,K,P,K,P,internal
399.7503187844518,2519.3769196490057,2934.6277958853616,3.3484794413751673,4.2498388095056105,4.208704359134334,6769.2307692307695,0.0001244982421551829,745.8357598344671,0.031,0.32978723404255317,1-0-1673-1,iy,UT_009,009,2,fave,161.31428783402978,59.19491214201753,4,keep,1,0.07000799999991614,just,riding,K,P,K,P,internal
350.0688028282098,2316.2150299242066,3233.91807400121,3.3943041312641076,4.15019430702775,4.53026264670172,7128.205128205128,0.0019152238356751829,749.5637408344671,0.027000000000000003,0.32142857142857145,1-0-1684-1,iy,UT_009,009,2,fave,191.87520973593408,67.71935940038321,4,keep,1,0.05999700000006669,just,riding,K,P,K,P,internal
362.8778967123438,2322.736839894409,3153.782344031703,3.3194994497856687,3.7288498153467105,4.714290232879525,6948.717948717948,0.001247454614273032,750.6857358344671,0.031,0.32978723404255317,1-0-1688-1,iy,UT_009,009,2,fave,-260.919250347917,55.28585412335812,4,keep,1,0.07000700000003235,just,riding,K,P,K,P,internal
426.07722544814726,2216.8403630373487,2541.1685178365938,3.166936075227395,4.0594082626484065,4.321181847932605,6589.74358974359,0.011628255206985228,753.1657578344672,0.07100000000000001,0.3317757009345795,1-0-1697-2,iy,UT_009,009,2,fave,161.1022991659484,61.200515531749794,4,breathe,1,0.19000200000004952,to,because,R,DH,R,DH,internal
410.7827907130238,2236.909494380188,2508.988013179735,3.252301596322574,3.96926680646238,4.731892756316762,7128.205128205128,0.0009417463534604749,755.2607485034014,0.040999999999999995,0.33064516129032256,1-0-1706-2,iy,UT_009,009,2,fave,192.58172650784056,59.88020170769234,4,breathe,1,0.10003699999992932,don't,"",R,DH,R,DH,internal
377.2006774541735,2411.0139621069548,2996.2835862848656,3.2517946015280645,3.6403638847356743,4.1552408604227535,6589.74358974359,0.00002950562582863132,808.8997331655329,0.027000000000000003,0.32142857142857145,1-0-1742-1,iy,UT_009,009,2,fave,214.5054588429635,60.33714609806249,4,teacher,1,0.05999799999995048,my,drew,T,CH,T,CH,internal
496.86913580786154,2826.802396754187,3020.6082571131183,3.4263201272762407,3.481113788439624,4.510372334488767,7307.692307692308,0.0005292414104125331,814.2987481655329,0.045,0.3358208955223881,1-0-1764-0,iy,UT_009,009,2,fave,164.96862844790897,52.57830061843285,4,east,1,0.10998500000005151,the,"",#,S,iyF,S,initial
389.53527680581936,2622.500176466053,2912.1379393967954,3.3723403962729854,3.6611557605810727,4.220955272266946,6948.717948717948,0.00021415054878359956,822.500666165533,0.04100000000000001,0.3306451612903227,1-0-1793-1,iy,UT_009,009,2,fave,163.35983198155753,53.81370218087753,4,seaside,1,0.09997599999996964,the,"",S,S,S,S,internal
485.3889586139587,2735.7207263095847,2974.8932839801323,3.3718400102206356,3.8639377086853246,4.2605296582731595,6948.717948717948,0.0002259137926328748,829.1836591655328,0.047,0.3263888888888889,1-0-1818-1,iy,UT_009,009,2,fave,155.12192120082202,56.09661098125152,4,needs,1,0.11999500000001717,crab,a,N,D,N,D,internal
409.63431513307887,2079.9583559610246,2797.252936870809,2.743992699382691,4.219630378367029,3.673542637629782,6230.7692307692305,0.0001232628731120309,831.5886378344671,0.037000000000000005,0.324561403508772,1-0-1826-2,iy,UT_009,009,2,fave,188.02201651299882,60.25632325444499,4,sleeps,1,0.09002699999996366,dog,on,L,P,L,P,internal
384.57740061347266,2484.575577777384,2934.859234914185,3.269925872898943,3.9585903679162096,4.600726287044739,6948.717948717948,0.004586843322982963,836.5776628276644,0.055,0.3353658536585366,1-0-1847-0,iy,UT_009,009,2,fave,146.1105311029589,53.3112611540466,4,eating,1,0.13995299999999133,are,the,#,T,*hr,T,initial
391.92991258523347,2683.770380753606,2976.5119826981595,3.3720505030455663,3.6267059916577047,4.288498071067925,6410.25641025641,0.002419419181068317,846.4921638344672,0.091,0.3321167883211679,1-0-1884-1,iy,UT_009,009,2,fave,93.22933625644336,52.69757610036075,4,cheese,1,0.25,on,"",CH,Z,CH,Z,internal
487.7643836776711,2731.155789644693,3217.758280547828,3.7715359208873167,3.414973149067641,4.305887848315907,6948.717948717948,0.00028769318006432196,847.8871354965987,0.040999999999999995,0.33064516129032256,1-0-1888-1,iy,UT_009,009,2,fave,179.3370880329534,59.069116597939335,4,needed,1,0.09997599999996964,children,a,N,D,N,D,internal
502.3567175344485,2269.265127198868,2929.209072397515,3.6953376630273835,3.6469394516817126,3.9839827203264866,6410.25641025641,0.00013986929681575772,856.8851468344672,0.037,0.32456140350877194,1-0-1921-1,iy,UT_009,009,2,fave,190.16252257161557,63.21842371721701,4,meal,1,0.09002699999996366,the,was,M,L,M,L,internal
444.4257449355709,1752.1293469309696,3067.0922647463576,3.3839644804859748,3.8598335369615526,5.168801921560654,6769.2307692307695,0.000856385879945409,861.5301651655329,0.027000000000000003,0.32142857142857145,1-0-1935-3,iy,UT_009,009,2,fave,197.83056897861306,59.58571817257576,4,cereal,0,0.05999799999995048,his,"",R,@,R,@,internal
542.0663898834771,2102.15830351554,2776.4802593261743,3.876094772200061,3.683624487383636,3.2916001550496445,6410.25641025641,0.00005339738005127209,869.6836608344671,0.031,0.32978723404255317,1-0-1952-1,iy,UT_009,009,2,fave,214.03909811513552,61.87121459497035,4,meal,1,0.07000700000003235,the,was,M,L,M,L,internal
390.3178670352269,2405.6520865499983,2785.067395138201,3.3723763293145814,3.966235909294579,3.646770245747402,6769.2307692307695,0.00030392794578266053,879.8166544965986,0.037000000000000005,0.324561403508772,1-0-1996-1,iy,UT_009,009,2,fave,179.92220591350357,56.281040232316435,4,zebras,1,0.08996500000000651,about,"",Z,B,Z,B,internal
361.78068623879085,2547.9785766912314,2847.739058242393,3.234908248310319,4.12056360135116,3.6364083602045016,6410.25641025641,0.00030018420975084386,882.058650165533,0.040999999999999995,0.33064516129032256,1-0-2006-1,iy,UT_009,009,2,fave,81.22779440813426,50.15031131797626,4,season,1,0.09997499999997217,this,"",S,Z,S,Z,internal
490.58422679135737,2661.0286076053076,2968.997565183455,3.4676501431296063,3.6830581123138697,4.199989161734812,6769.2307692307695,0.00013350883300572853,890.768672165533,0.040999999999999995,0.33064516129032256,1-0-2035-1,iy,UT_009,009,2,fave,166.26350910421078,56.78247320128983,4,need,1,0.09997499999997217,windows,curtains,N,D,N,D,internal
451.3088914456781,2666.3451567459233,2853.9052462638697,3.2253885583649042,3.6987916852111917,4.104013185893712,6769.2307692307695,0.0003523658888479247,894.0352534965987,0.045,0.3358208955223881,1-0-2045-1,iy,UT_009,009,2,fave,165.46645772894044,55.72722203004334,4,need,1,0.1099859999999353,hands,mittens,N,D,N,D,internal
561.825008464926,2610.9358011570057,2971.858949374105,3.816279069390203,3.43220231191645,3.882927518173741,6769.2307692307695,0.00014778536782306684,898.7632515034013,0.04100000000000001,0.3306451612903227,1-0-2063-1,iy,UT_009,009,2,fave,182.66582251104245,60.41369809169713,4,needs,1,0.10003600000004553,book,a,N,D,N,D,internal
370.7381923213007,2616.334260288684,2894.5288124130802,2.861532623073464,3.8413302447487636,3.8833329607968996,6589.74358974359,0.00013708537507489186,903.8762251655329,0.047,0.3263888888888889,1-0-2082-1,iy,UT_009,009,2,fave,190.1343535907353,59.91297139722715,4,feeds,1,0.11999500000001717,cat,her,F,D,F,D,internal
442.5663001240763,2346.9288473636097,2928.691907558956,3.2094991949678335,3.9204898363858236,3.834955834710479,6230.7692307692305,0.0008462902613488791,907.940228834467,0.055,0.33536585365853655,1-0-2098-1,iy,UT_009,009,2,fave,230.27290852128104,60.20043024111184,4,week,1,0.1400140000000647,this,"",W,K,W,K,internal
368.78903563383795,2708.773758775914,3034.662138414349,2.888076361302292,3.9324152391339293,4.446741764865785,6051.282051282051,0.001384104372623393,915.6802684965986,0.055,0.33536585365853655,1-0-2129-1,iy,UT_009,009,2,fave,185.3261543179039,59.673358157696136,4,geese,1,0.13995299999999133,the,like,G,S,G,S,internal
830.7564543810986,1806.6677971767817,2547.8984009249953,3.1953724981049456,3.815601859106337,4.124994224178552,6051.282051282051,0.00037412576072283715,79.78415016553288,0.063,0.6057692307692308,1-0-13-2,eyF,UT_009,009,2,fave,499.1364355600055,50.70841890792184,4,okay,1,0.07999399999999923,"","",K,#,K,"",final
772.6234754732409,1938.267802285782,2519.1180919612175,3.3901340432245046,3.762203149141057,3.8851774930779475,6051.282051282051,0.0020923607673964503,88.26534883446712,0.089,0.6180555555555556,1-0-40-2,eyF,UT_009,009,2,fave,-42358.52462019894,45.51806207415049,4,okay,1,0.12000299999999697,"","",K,#,K,"",final
693.2320435722639,2105.8700195888173,2720.3440057784615,2.942623821000427,3.48000166710517,4.135439081683938,6410.25641025641,0.0004489393610244879,166.82344883446711,0.095,0.33450704225352107,1-0-194-4,eyF,UT_009,009,2,fave,245.52405225627652,63.5920469914667,4,weekday,2,0.2600099999999941,just,get,D,#,D,G,final
597.8099493722432,2167.9528880728767,2769.7468469185565,3.125636019445077,3.9791527717868007,4.1382749642707894,6230.7692307692305,0.0006554625730085232,173.2754451655329,0.119,0.32692307692307687,1-0-217-1,eyF,UT_009,009,2,fave,176.7873394485088,60.138071343313854,4,day,1,0.33999699999998256,all,"",D,#,D,"",final
768.9021537709289,1843.6800300568893,2709.1099719745803,2.8812679871465647,3.766861083768918,4.1723745818244975,6230.7692307692305,0.0003158380440335919,189.5371521655329,0.049,0.22897196261682248,1-0-281-1,eyF,UT_009,009,2,fave,85.46757274592784,55.07749468832758,4,way,1,0.1899879999999996,our,"",W,#,W,"",final
762.4425977926243,2040.9775172178897,2493.130587484663,3.587520085649307,3.7065757354820486,4.188439637453858,6051.282051282051,0.0006051899192791001,191.0771461655329,0.049,0.47115384615384626,1-0-286-1,eyF,UT_009,009,2,fave,158.13477534335772,51.17584674715,4,way,1,0.08000199999997903,our,home,W,#,W,HH,final
653.6972859550555,1647.7645153314822,3026.3848754209016,3.5065101758327866,3.979133922068338,4.775724840733357,6410.25641025641,0.0056904683430210184,196.46115116553287,0.057,0.3475609756097561,1-0-310-2,eyF,UT_009,009,2,fave,161.39321498963224,47.85002014610057,4,okay,1,0.1399990000000173,"","",K,#,K,"",final
524.1132923801981,1807.0528475232652,2561.488418338207,3.1473484693046605,3.975136362268248,4.3115539365081785,6230.7692307692305,0.00015673211074364839,298.29344816553294,0.025,0.26595744680851063,1-0-559-2,eyF,UT_009,009,2,fave,84.84407356044628,58.678381603680414,4,away,1,0.0700069999999755,inch,from,W,#,W,F,final
489.1816238457793,2218.878629421437,2880.8720610401456,2.978913924680543,3.7449810432849184,3.936048770642904,6410.25641025641,0.000054858868928523544,502.81854450340137,0.025,0.21929824561403513,1-0-1007-1,eyF,UT_009,009,2,fave,163.19112440085607,62.749960893704866,4,they,1,0.09002699999996366,time,administered,DH,#,DH,@,final
626.116515518584,2334.675545942763,2961.0968064313815,3.0464583903511397,3.8744365202546,4.317984338322894,6948.717948717948,0.0012589532483823415,586.9461524965986,0.025,0.10683760683760683,1-0-1270-0,eyF,UT_009,009,2,fave,169.66480954221072,62.851827293813336,4,a,1,0.20996100000002116,"",to,#,#,"",T,coextensive
537.4264195287162,2084.2563445699884,2885.2375496548975,3.063123408888671,3.7650333382743364,3.7613415228277214,6769.2307692307695,0.000022904910847613977,602.5256251655328,0.025,0.2976190476190476,1-0-1323-1,eyF,UT_009,009,2,fave,175.67533294550194,67.14021248568689,4,they,1,0.05999799999995048,once,control,DH,#,DH,K,final
543.9483641949081,2072.131723563326,2888.1016725482054,3.1382276554148025,4.187102548226594,4.272231292844208,6410.25641025641,0.00024027458742497564,604.3756564965987,0.025,0.24038461538461536,1-0-1332-1,eyF,UT_009,009,2,fave,155.21895732093975,59.99736759873316,4,they,1,0.07995599999992464,then,graduate,DH,#,DH,G,final
592.4991536225281,2057.60073300659,2813.8667403181576,3.4240214346963698,4.085816872441702,4.0842508156678585,6410.25641025641,0.0007282359146330555,628.3262298344671,0.025,0.0880281690140845,1-0-1366-1,eyF,UT_009,009,2,fave,158.524400451067,60.218913406016576,4,say,1,0.2600089999999682,would,"",S,#,S,"",final
612.2213151064411,2067.3997030269525,2802.9268047500022,3.6860842343729883,3.8073994022319955,4.2779693457894,6589.74358974359,0.000020815330795349,647.883953165533,0.045000000000000005,0.5357142857142857,1-0-1444-1,eyF,UT_009,009,2,fave,153.96086392002647,58.528865043045094,4,they,1,0.05999799999995048,is,wanna,DH,#,DH,W,final
518.1944192005161,2064.0496665736773,2692.8188500834476,3.0450626544210664,3.8274111780736075,4.07452088875943,6230.7692307692305,6.46600664522728e-6,699.0072351655328,0.039,0.46428571428571425,1-0-1531-1,eyF,UT_009,009,2,fave,166.39588158546485,61.559255978397,4,say,1,0.05999700000006669,would,snowboarding,S,#,S,spn,final
866.326840941184,2119.2308771117396,2947.029468705549,3.510872892940425,4.322865746811499,4.3300481776317605,5871.794871794871,0.06681800532074784,721.1981524965986,0.279,0.9177631578947368,1-0-1606-2,eyF,UT_009,009,2,fave,161.41604217042516,61.307358394114665,4,away,1,0.2799680000000535,further,"",W,#,W,"",final
744.6526106636941,1835.5257765921265,2611.23860793598,3.2623381333206742,3.5785854460022057,4.139518666330256,5871.794871794871,0.0009184717714331738,770.9403581655329,0.077,0.5746268656716419,1-0-1713-2,eyF,UT_009,009,2,fave,173.33416556337426,59.167812697031,4,okay,1,0.10998600000004899,"","",K,#,K,"",final
757.4913774664589,1884.9191021720294,2634.9940849675518,3.06144681555052,3.783563777261432,3.98480505918708,6230.7692307692305,0.00031889728828421806,778.0363694965986,0.10899999999999999,0.8134328358208955,1-0-1718-2,eyF,UT_009,009,2,fave,166.6410223736173,67.8567194018895,4,okay,1,0.10998600000004899,"","",K,#,K,"",final
798.2592457004735,1853.4892839917568,2549.8019148594267,3.3105590388017125,3.5808337846011473,3.625350628823795,6230.7692307692305,0.0006246703677477085,808.1317518344672,0.091,0.6319444444444444,1-0-1739-2,eyF,UT_009,009,2,fave,NaN,54.07906745366729,4,okay,1,0.11999500000001717,"","",K,#,K,"",final
716.2883765944595,2007.3436515826795,2759.884687069497,3.2797218944041173,3.8366301683388464,4.1065153406710655,6769.2307692307695,0.0062951975695821295,830.1716605034014,0.043000000000000003,0.19196428571428573,1-0-1822-3,eyF,UT_009,009,2,fave,140.32994052504765,54.6787939859553,4,today,1,0.20001300000001265,shell,"",D,#,D,"",final
754.4088026096015,2251.3237956697726,2925.292669475226,3.603069299084326,4.091032831506906,4.074033198793154,6051.282051282051,0.029224935085806477,832.8846704965986,0.28900000000000003,0.9203821656050954,1-0-1832-1,eyF,UT_009,009,2,fave,150.1077955796436,54.88786675190935,4,day,1,0.28997800000001916,the,"",D,#,D,"",final
624.0807331926236,2024.9054068927521,2548.509613012209,3.5029225192573326,3.637756464898976,3.916730534673492,6230.7692307692305,0.00031708906535952573,833.7946498344671,0.049,0.29878048780487804,1-0-1834-4,eyF,UT_009,009,2,fave,193.1575951790732,62.38653075053499,4,monterey,1,0.1400149999999485,"",bay,*hr,#,*hr,B,final
570.9763362512595,2303.6207911976076,2837.6525802270535,3.193412840082433,3.940601309763203,4.029644785151797,6410.25641025641,0.0001819229292074236,834.0136661655329,0.067,0.34536082474226804,1-0-1835-1,eyF,UT_009,009,2,fave,168.79711790512158,61.33526674108994,4,bay,1,0.169983000000002,monterey,is,B,#,B,i,final
679.4548253646881,1958.4266118419541,2693.4923200330036,3.2631303716683284,3.8164583063117443,3.815483425355986,5512.820512820513,0.001315811335209714,865.8156778344671,0.135,0.4927007299270074,1-0-1939-2,eyF,UT_009,009,2,fave,209.16050386079587,52.25199748162949,4,okay,1,0.25,"","",K,#,K,"",final
586.0969662202547,1968.9062103874126,2754.4332433618897,3.194103268274035,3.9406675879472073,3.6987622345967943,6589.74358974359,0.000101809173709588,872.4206451655328,0.025,0.17361111111111113,1-0-1964-1,eyF,UT_009,009,2,fave,172.43636032576322,60.50353966063195,4,way,1,0.11999499999990348,a,to,W,#,W,T,final
726.1957736325777,2157.766065181462,2750.3510000184797,3.5010221812486466,3.996716161209925,3.998492020150919,7128.205128205128,0.004425067078158057,884.4906388344672,0.065,0.2777777777777778,1-0-2013-6,eyF,UT_009,009,2,fave,144.35856125608342,59.50748495640804,4,yesterday,2,0.21002199999998084,cotton,"",D,#,D,"",final
703.5711789439772,2098.5004824367875,2717.88237061074,3.5555909244749317,4.002351684165117,4.015915068395316,6948.717948717948,0.004314634523143799,889.877638165533,0.07899999999999999,0.2992424242424242,1-0-2031-6,eyF,UT_009,009,2,fave,170.95028528401667,59.426597892326875,4,yesterday,2,0.23999000000003434,from,"",D,#,D,"",final
671.4945474736821,1570.0134463150464,2577.5197026514998,3.750096964998401,4.104949665693516,4.437990306551367,5512.820512820513,0.029067982336180433,80.30014516553288,0.07500000000000001,0.2005347593582888,1-0-15-1,owF,UT_009,009,2,fave,3367.483118188704,49.17782781013753,4,so,1,0.34999799999999937,"","",S,#,S,"",final
768.7806005722971,1626.8517255128186,2804.5299553375994,3.400784010899582,3.653874474288346,3.8970604358247285,5512.820512820513,0.0003785829406180631,88.65335483446712,0.025,0.15243902439024393,1-0-42-1,owF,UT_009,009,2,fave,174.25699693047028,54.6898062558594,4,so,1,0.14000000000000057,"",i,S,#,S,ay,final
680.1533017693555,1806.073847662709,2665.375052534689,3.7252344650287905,4.085576833804132,4.1212637863012445,5871.794871794871,0.003500480265138036,132.40914583446713,0.025,0.15243902439024393,1-0-167-1,owF,UT_009,009,2,fave,87.6716225510502,50.28156368893619,4,so,1,0.14001400000000785,"","",S,#,S,"",final
773.1340881507651,1706.5457971736482,2868.834229713926,3.774539402085821,3.8170090996684616,3.8601948623046383,5512.820512820513,0.033712324296900305,142.68815583446712,0.063,0.2581967213114754,1-0-175-1,owF,UT_009,009,2,fave,-2084.397035557262,45.03078282876166,4,no,1,0.22000099999999634,"","",N,#,N,"",final
554.0387719480237,1623.0030819105668,2509.3242805092295,3.188727658329486,3.5344914596330295,4.146624284261335,5692.3076923076915,0.00021853287340049737,175.92614616553286,0.027000000000000003,0.2014925373134329,1-0-226-1,owF,UT_009,009,2,fave,120.21719233826154,55.67545784195352,4,go,1,0.11000100000001112,i,pick,G,#,G,P,final
638.558978273499,1794.0286441465541,2699.5258875538752,3.3038626866552736,3.6816226249130293,4.223236718436677,5512.820512820513,0.00436250253201591,223.2262511655329,0.037000000000000005,0.1813725490196079,1-0-349-1,owF,UT_009,009,2,fave,NaN,53.40205788984928,4,so,1,0.17999299999999607,"","",S,#,S,"",final
681.9740398267941,1626.0682262863104,2630.0295265052596,3.5599535155174364,4.10043460812603,4.310829066482706,5871.794871794871,0.08603886040857345,241.4950541655329,0.053000000000000005,0.20075757575757577,1-0-392-1,owF,UT_009,009,2,fave,96.5145617873763,51.47151550084195,4,so,1,0.2399910000000034,"","",S,#,S,"",final
657.9559621990322,1681.706293893314,2380.9144529984874,3.484498802534943,3.4162994763047156,4.005846092324207,5512.820512820513,0.00041711025054597464,263.92436116553284,0.053,0.3045977011494253,1-0-429-2,owF,UT_009,009,2,fave,168.61073125365692,59.088198372363266,4,ago,1,0.14999300000005178,months,my,G,#,G,M,final
679.782019544522,1541.4591103516987,2536.748227800976,3.426684396201625,3.448674437761275,4.510391016751099,5692.3076923076915,0.0005834807631936112,276.68335016553283,0.031,0.18902439024390244,1-0-472-1,owF,UT_009,009,2,fave,81.55730025230879,57.333811258442495,4,go,1,0.13998400000002675,them,start,G,#,G,S,final
681.7177755186467,1828.5570163380885,2732.5141681218756,3.599836232198637,3.5554681156612182,3.9185587125624157,5692.3076923076915,0.00011780127713292119,290.29344816553294,0.025,0.24038461538461545,1-0-527-1,owF,UT_009,009,2,fave,171.53444824695038,58.67275967966455,4,so,1,0.07998599999996259,"",i,S,#,S,ay,final
596.4173116363519,1329.0540739817545,2461.236374208119,3.286640000518727,3.4154768413052206,4.218976287207644,5512.820512820513,0.00029701975174664295,340.01185783446715,0.045000000000000005,0.3947368421052632,1-0-626-1,owF,UT_009,009,2,fave,88.16535652994162,56.50743806654967,4,so,1,0.08999699999998256,"",i,S,#,S,ay,final
627.5967645703632,1586.458229482074,2738.095289207349,3.2236172295823917,3.8248491737003745,4.2295659369755265,5512.820512820513,0.0008934108971124799,357.0218468344671,0.025,0.24038461538461536,1-0-649-1,owF,UT_009,009,2,fave,67373.16587601669,49.435504656306364,4,so,1,0.080016999999998,that's,so,S,#,S,S,final
571.2609581619292,1607.6220991176533,2580.0175020673287,3.0829113605163636,3.3262833887458503,3.866423822188544,5512.820512820513,0.000060211000553574964,390.5612448344671,0.025,0.2976190476190476,1-0-687-3,owF,UT_009,009,2,fave,81.72819925999029,59.14819539943346,4,also,0,0.05999800000000732,i,started,S,#,S,S,final
555.4965069338032,1449.1770313542966,2424.2657986054137,3.1114802106456936,3.6122191574824565,4.456279462232373,5692.3076923076915,3.994345275611435e-6,393.9712545034014,0.025,0.33783783783783783,1-0-697-1,owF,UT_009,009,2,fave,172.85642661112863,63.34963115348351,4,so,1,0.05001799999996592,"",i,S,#,S,ay,final
564.8264996993006,1705.3459796306201,3114.2744813113777,3.229315312769312,3.4088030034634325,4.2151194904892675,6410.25641025641,0.003258563918763917,438.7343408344671,0.025,0.15243902439024393,1-0-817-3,owF,UT_009,009,2,fave,175.1311655923733,61.82045047646886,4,also,0,0.14001500000000533,is,like,S,#,S,L,final
561.0562823284383,1590.996090495839,2849.1189931781414,2.9638322090255698,3.2497794490724474,4.61602605668899,5871.794871794871,0.0001382129276252102,446.1443448344671,0.025,0.24038461538461545,1-0-838-1,owF,UT_009,009,2,fave,168.68409772452327,61.18370255867952,4,so,1,0.080016999999998,shoulders,that,S,#,S,DH,final
725.830026849026,1974.1681140213764,2848.62716054416,3.9264166934903084,3.608862674463151,4.172843201837999,5333.333333333333,0.008589370472791838,473.00015483446714,0.101,0.22246696035242292,1-0-895-1,owF,UT_009,009,2,fave,168.49817025349694,57.21468889992602,4,no,1,0.42999299999996765,"","",N,#,N,"",final
623.5290623566116,1821.1531451729916,2748.6503657762455,3.235112374865201,3.1685750505109023,4.191830878417326,5692.3076923076915,0.005386402979902719,482.15855583446717,0.045,0.13081395348837205,1-0-928-1,owF,UT_009,009,2,fave,194.01511644078096,61.73101036526147,4,so,1,0.320007999999973,"","",S,#,S,"",final
527.2324825666007,1771.6946162634067,2612.79934555617,3.2327985372376515,3.4826468433455333,3.8767069485901553,5692.3076923076915,0.00004033803313692699,489.3385531655329,0.025,0.2976190476190476,1-0-958-1,owF,UT_009,009,2,fave,164.97005415728898,66.520565140239,4,so,1,0.05999700000000985,"",we,S,#,S,W,final
570.7211180734645,1749.8762571476816,2707.5494925142275,3.4260006463520667,3.5670277613247956,3.986968416386117,6230.7692307692305,0.00015449586902400889,550.0513508344671,0.027,0.17532467532467533,1-0-1141-3,owF,UT_009,009,2,fave,165.92128767183206,62.72359924650874,4,also,0,0.13000499999998283,and,if,S,#,S,i,final
682.6805036536891,1489.1520916023458,2430.2705791620147,3.294174427478786,3.284557352221914,3.8229307429708816,5692.3076923076915,0.0026379522894393733,561.9881381655329,0.149,0.45987654320987653,1-0-1177-1,owF,UT_009,009,2,fave,87.69249115652568,57.71483037500952,4,so,1,0.2999879999999848,"","",S,#,S,"",final
685.1225475752219,1692.305084438386,2761.8615663755136,3.8529716723898835,3.8345301160488097,4.254927281454801,6051.282051282051,0.002260389829317825,586.4561614965986,0.025,0.20161290322580647,1-0-1266-1,owF,UT_009,009,2,fave,154.8451782438777,59.317889376238234,4,know,1,0.09997600000008333,you,like,N,#,N,L,final
550.3531475122791,1845.0236447289487,2581.058386870522,3.8001994347042074,3.583465205072707,3.915701363618556,5871.794871794871,0.0020170178964195734,608.6586358344671,0.031000000000000003,0.2012987012987013,1-0-1348-1,owF,UT_009,009,2,fave,164.04706844293608,57.21471990806579,4,go,1,0.13000499999998283,you,from,G,#,G,F,final
684.2260709889869,1300.599893666608,2150.6235089457923,3.80864616452353,4.070261638514099,4.221325023303046,5333.333333333333,0.004653851399338046,627.8542545034013,0.040999999999999995,0.2228260869565217,1-0-1363-1,owF,UT_009,009,2,fave,154.20161689970524,55.91416916970461,4,know,1,0.160033999999996,don't,i,N,#,N,ay,final
597.4440532653821,1730.1692442179494,2682.1692501203643,3.1081357840395096,3.5009373901135876,4.046436857556012,5692.3076923076915,0.0009215038976081884,640.2002305034015,0.033,0.24626865671641796,1-0-1414-1,owF,UT_009,009,2,fave,1448.1546878700494,50.7454052481454,4,so,1,0.1100459999998975,it's,"",S,#,S,"",final
749.5919027416824,1854.7442417714772,2528.8534115722696,3.65165573289749,3.589233794626541,4.289469811257021,5512.820512820513,0.0004745862955283034,643.5489375034012,0.05500000000000001,0.298913043478261,1-0-1427-1,owF,UT_009,009,2,fave,160.55026688139432,59.53095841358793,4,know,1,0.160033999999996,you,so,N,#,N,S,final
697.1268015971764,1780.2871441181592,2852.152896269236,3.785306066119195,3.6107054088323762,4.642788916310069,6051.282051282051,0.0220143183452546,668.4748564965986,0.063,0.14858490566037733,1-0-1450-2,owF,UT_009,009,2,fave,166.51128734696172,58.2216698361247,4,snow,1,0.39996399999995447,up,"",N,#,N,"",final
717.9778150575885,1820.1725493423382,2336.2728522749785,3.3764861376353905,3.460971808035978,4.792476763235095,5871.794871794871,0.005775606353394829,679.870235834467,0.025,0.11160714285714288,1-0-1483-2,owF,UT_009,009,2,fave,116.79662758281384,58.857652794571656,4,snow,1,0.20001200000001518,fake,over,N,#,N,ow,final
693.5346397991244,1784.3674549622494,2576.9599135844883,3.2683029016112166,3.6335146344024163,4.1246859944832694,5692.3076923076915,0.00001977740879074598,685.2402365034013,0.025,0.33783783783783783,1-0-1505-2,owF,UT_009,009,2,fave,83.44741821152249,58.53664123127282,4,snow,1,0.0500489999999445,fake,you,N,#,N,Y,final
673.3254724727407,1662.5816632409008,2612.1383235433623,3.6001229492716424,3.8509910848414295,4.302710914804486,5692.3076923076915,0.07738549532630473,688.7852728344672,0.155,0.46407185628742514,1-0-1517-1,owF,UT_009,009,2,fave,-89183158.29778913,48.67098391071198,4,so,1,0.309996999999953,"","",S,#,S,"",final
678.4209286349246,1704.064326081867,2731.0082949060393,3.462271398932828,3.442345206888371,4.088979829456515,5692.3076923076915,0.0004836863921936962,703.2391368344672,0.040999999999999995,0.14436619718309857,1-0-1543-1,owF,UT_009,009,2,fave,159.6985458014999,62.195407653016176,4,so,1,0.26000999999996566,snowboarder,when,S,#,S,W,final
678.9617312806045,1696.134118103527,2952.496735830208,3.4519151994270545,3.5228034982803274,4.474895553373896,5692.3076923076915,0.0017749552251141074,710.9971468344671,0.037000000000000005,0.24025974025974028,1-0-1572-1,owF,UT_009,009,2,fave,168.397636607584,60.53846171444229,4,no,1,0.13000399999998535,have,idea,N,#,N,ay,final
652.0109890392009,1432.0089686409158,2360.110999635024,3.2359840946893677,3.2827890248361293,3.8459951485008768,5871.794871794871,0.002344687403523198,713.3661248344672,0.19499999999999998,0.47101449275362306,1-0-1577-1,owF,UT_009,009,2,fave,161.4796744534682,67.20498386596522,4,so,1,0.390013999999951,"","",S,#,S,"",final
724.2661589660355,1775.7391678492377,2477.49044774113,3.7314360961758117,3.6851982987171934,4.525192877015726,5512.820512820513,0.0006309418259810737,719.9211331655328,0.025,0.17361111111111113,1-0-1602-1,owF,UT_009,009,2,fave,158.20278685229457,60.159410201650196,4,know,1,0.11999500000001717,you,the,N,#,N,DH,final
759.1749485170272,1802.5909237334786,2767.392004897044,3.563645743716624,3.6142063595408236,4.390231137991162,5692.3076923076915,0.13376372452500307,722.021175834467,0.025,0.07267441860465115,1-0-1608-1,owF,UT_009,009,2,fave,102.98727804123989,56.21489531524404,4,so,1,0.32000700000003235,"","",S,#,S,"",final
612.0411270828587,1651.1487170691175,2525.4556098492467,4.019566456505619,3.930158444518943,4.761378565287507,5333.333333333333,0.0008719936465215525,726.2557485034014,0.031000000000000003,0.2980769230769231,1-0-1624-1,owF,UT_009,009,2,fave,184.2028320448007,59.67858955072079,4,know,1,0.080016999999998,you,little,N,#,N,L,final
450.9160069478037,810.3154221770108,1453.015951166005,3.8691343552068167,3.8479070875056465,3.6871453218258496,3538.4615384615386,0.009882265761687485,742.355764165533,0.051000000000000004,0.20901639344262296,1-0-1663-3,owF,UT_009,009,2,fave,166.63392298031275,58.76507062658191,4,nemo,0,0.21997099999998682,finding,"",M,#,M,"",final
718.3325365199535,1907.1971044634072,2950.08797375063,3.459884501614159,3.4157417645607135,4.012703166515875,6410.25641025641,0.009530372945705062,895.0112401655329,0.037,0.13503649635036494,1-0-2049-2,owF,UT_009,009,2,fave,108.20230303322153,57.41581425243969,4,snow,1,0.25,the,"",N,#,N,"",final
488.23733929090093,1285.1855374752602,2923.1695185098747,3.3386870234308743,4.32237301389404,3.5172922806824505,5871.794871794871,0.00010116549167518315,80.86614916553287,0.027000000000000003,0.32142857142857145,1-0-18-1,i,UT_009,009,2,fave,195.2553799897788,57.64467920091793,4,lived,1,0.05999699999999564,i,in,L,V,L,V,internal
594.0218742691828,1426.7875085701642,2846.3750702660564,3.2304258515491933,3.5224394426497847,4.206454790737991,6230.7692307692305,0.00002491052972575259,88.99435083446711,0.027000000000000003,0.32142857142857145,1-0-44-1,i,UT_009,009,2,fave,195.60456448124634,58.93330465763546,4,lived,1,0.060006000000001336,i,in,L,V,L,V,internal
437.5961473580292,1746.2084829504972,2756.2205075877187,3.1503193173231896,3.546081428172479,4.384788603071749,6230.7692307692305,0.00007727865295768459,89.14435283446711,0.027000000000000003,0.32142857142857145,1-0-45-0,i,UT_009,009,2,fave,192.87186288004185,55.10330264602511,4,in,0,0.05999799999999311,lived,ogden,#,N,D,N,initial
487.7619403325638,1934.6191405758127,3032.160491109809,3.1010806325220206,4.042383620916355,4.059749952375521,6230.7692307692305,0.00008361315886994364,92.3243528344671,0.027000000000000003,0.32142857142857145,1-0-56-0,i,UT_009,009,2,fave,159.10834315869909,51.44348507086855,4,in,0,0.05999800000000732,lived,roy,#,N,D,N,initial
556.3387941506148,1764.7565308392632,2841.677024444017,3.6925633656977226,4.076253786521197,4.130487396608823,6051.282051282051,0.00014135566070501245,93.59334983446712,0.025,0.33783783783783783,1-0-59-3,i,UT_009,009,2,fave,168.68155816177918,51.03737587291484,4,until,1,0.050003000000003794,"","",T,L,T,L,internal
549.1280552446502,1923.0956777960043,2865.141785721125,3.1340050153273076,3.5540475888039675,3.6264583426186503,6410.25641025641,9.235041287447276e-6,94.05435683446711,0.027000000000000003,0.32142857142857145,1-0-61-1,i,UT_009,009,2,fave,167.52738886194936,57.8932737373191,4,fifth,1,0.05999699999999564,"",grade,F,F,F,F,internal
665.1371877072303,1600.8518869246611,2986.0648511105132,3.5664521528332407,3.377533213205868,3.811309625410442,6230.7692307692305,0.00007869299948684704,95.51635583446712,0.031,0.32978723404255317,1-0-66-1,i,UT_009,009,2,fave,153.99739547342554,50.729680923131674,4,lived,1,0.0699989999999957,i,in,L,V,L,V,internal
449.99354578509985,2206.3332680407075,3131.2267717834447,3.423825117366954,3.8918529996272553,4.526422746695252,6051.282051282051,0.0004973835699444701,95.68335383446713,0.025,0.33783783783783783,1-0-67-0,i,UT_009,009,2,fave,163.81330494237275,48.32765843349801,4,in,0,0.050002999999989584,lived,<unk>,#,N,D,N,initial
482.03500759569465,1989.4678527611127,2629.0511719801925,2.5647671455854524,3.8011853967325013,3.618454215064533,6230.7692307692305,5.962155145176115e-6,98.14335283446712,0.025,0.33783783783783783,1-0-71-7,i,UT_009,009,2,fave,164.1904846866828,55.026134093343515,4,graduated,0,0.050003000000003794,and,from,T,D,T,D,internal
592.367419214009,1584.9934765625367,2575.1954567290377,3.4201466673486665,3.8895579744811357,3.636400658939164,5871.794871794871,0.0003645611334099142,104.22835483446711,0.035,0.3365384615384616,1-0-81-2,i,UT_009,009,2,fave,171.14466856544405,50.97051257498815,4,going,0,0.08000200000000746,while,to,ow,NG,ow,NG,internal
577.2918630376,1679.3007050403326,2894.2145737019628,3.462862975915317,4.052166186470947,3.864083455683267,5871.794871794871,0.0009147397352701956,104.72135083446712,0.061000000000000006,0.3315217391304348,1-0-83-3,i,UT_009,009,2,fave,171.88441874464783,48.85783269408323,4,college,0,0.16000300000000323,to,"",L,JH,L,JH,internal
564.6747060925309,1712.300874352167,2927.222651329344,3.167132319473849,3.6313991462602506,3.884494993688498,6051.282051282051,0.00031076966747967284,105.24635683446711,0.051000000000000004,0.3311688311688312,1-0-86-1,i,UT_009,009,2,fave,167.62291897107957,52.40609466224775,4,lived,1,0.12999700000000303,i,"",L,V,L,V,internal
484.1944605211282,2413.092763024375,3003.483317036596,3.742405838863718,3.67184561000235,3.953506022695219,5871.794871794871,0.003795155625330265,105.76535283446712,0.129,0.33593749999999994,1-0-88-0,i,UT_009,009,2,fave,177.42275998806682,49.59335334172031,4,in,1,0.35999999999999943,"","",#,N,"",N,initial
537.2721939200899,1853.138526328326,2983.867890332208,3.544005238423548,3.4953556705183764,3.631972643358615,6230.7692307692305,0.0003490375145667291,122.76015483446712,0.067,0.32843137254901966,1-0-144-1,i,UT_009,009,2,fave,181.23864089373603,52.30800139401068,4,lived,1,0.1800010000000043,probably,there,L,V,L,V,internal
515.4863514391787,1845.5319402808993,2865.3047884241505,3.5903326159132964,3.451517678647353,3.659408106550576,6230.7692307692305,0.0003261949282616208,124.01014416553288,0.047,0.3263888888888889,1-0-147-3,i,UT_009,009,2,fave,190.6103664321758,50.864812280136334,4,until,1,0.12000299999999697,"","",T,L,T,L,internal
591.5343205468146,1866.225391493754,2828.063327519975,3.414012683235053,3.619705733422064,3.9483275766332118,6230.7692307692305,0.0010152857758604671,131.0901588344671,0.047,0.3263888888888889,1-0-165-1,i,UT_009,009,2,fave,134.722999767502,53.49625875315357,4,since,1,0.11999499999998875,syracuse,"",S,N,S,N,internal
527.307584441234,1900.8614822613315,2677.866619249743,3.075208367694837,3.649437587976138,3.731959909896768,6230.7692307692305,0.000420313094952332,152.5534588344671,0.035,0.33653846153846156,1-0-188-0,i,UT_009,009,2,fave,133.80679731697074,59.02830336393644,4,it,1,0.08000099999998156,made,to,#,T,D,T,initial
635.212964350879,2119.5764283755616,2711.7367311186663,3.3861077990557353,3.763160044579824,3.779719746872525,6230.7692307692305,0.000013187472490080308,176.21514583446714,0.025,0.33783783783783783,1-0-227-1,i,UT_009,009,2,fave,180.65137709467692,59.03344081510608,4,pick,1,0.050003000000003794,go,up,P,K,P,K,internal
621.587119082526,2358.97978373901,3033.8910968645378,3.6429963050093654,3.7696824614990594,4.056134772276236,6230.7692307692305,0.00021252919662847222,182.6281488344671,0.031,0.32978723404255317,1-0-253-0,i,UT_009,009,2,fave,182.38635040307193,49.3646603821598,4,in,0,0.0700080000000014,"",either,#,N,"",N,initial
560.2929885992222,1970.354577802922,2648.1353318054644,3.413484945444865,3.661965596197541,4.164119675399842,6230.7692307692305,0.000028601866073586673,188.98514983446714,0.025,0.33783783783783783,1-0-278-1,i,UT_009,009,2,fave,166.206051381455,52.991861182292205,4,dinner,1,0.050003000000003794,grab,on,D,N,D,N,internal
579.7052950250114,1666.103238375898,2250.851784234361,3.206847626162075,3.882824449350692,4.238311147706252,6051.282051282051,0.0000297407393095526,217.74324583446713,0.031,0.32978723404255317,1-0-327-1,i,UT_009,009,2,fave,184.86250549589968,64.46922944961622,4,really,1,0.0700080000000014,a,good,R,L,R,L,internal
451.68589621096567,1990.7485671447607,2588.0924637230855,3.524802209808743,3.601455764047654,4.1985782142651775,6051.282051282051,0.00003364999108751442,225.2502501655329,0.025,0.33783783783783783,1-0-354-4,i,UT_009,009,2,fave,159.09890417573203,55.6279453664798,4,amazing,0,0.050003000000003794,raised,children,Z,NG,Z,NG,internal
587.0133518270162,1665.3369593413604,2512.3992244430356,3.4685915014024133,4.2239583810239,3.946360776968745,5153.846153846154,0.000010538576207982552,225.45025283446714,0.025,0.33783783783783783,1-0-355-1,i,UT_009,009,2,fave,170.12443647334365,55.39212415164531,4,children,1,0.050003000000003794,amazing,"",CH,L,CH,L,internal
560.7467370040201,2005.5811221977635,2862.4270900377783,3.3922683649574967,3.9159367710899504,3.8151178245906805,6051.282051282051,0.0007203581288369221,230.89104416553286,0.085,0.3346456692913386,1-0-362-1,i,UT_009,009,2,fave,185.51278667261602,56.52016122560032,4,kids,1,0.22999599999999987,my,"",K,D,K,D,internal
714.0835131594133,1629.6669002648625,2723.4576256915175,3.341096787236239,3.3220368355262573,3.6826651928000014,6230.7692307692305,0.00034815110274589816,240.16405316553286,0.051000000000000004,0.3311688311688312,1-0-390-1,i,UT_009,009,2,fave,176.35119190237936,58.27663778667084,4,with,1,0.1299889999999948,out,"",W,TH,W,TH,internal
685.8407995092196,1522.6126932313136,2829.0226866400208,3.3151373390156396,3.9917807033319983,3.899251701849985,6230.7692307692305,0.00014299648252786423,244.7010461655329,0.045,0.3358208955223881,1-0-411-1,i,UT_009,009,2,fave,179.6630057755036,57.05902073170728,4,with,1,0.1100009999999827,out,and,W,TH,W,TH,internal
531.8762804909691,2295.3996416980385,2858.5742726244875,2.9714081342657392,4.402827239462374,3.9052404492844492,6589.74358974359,0.00132817704485621,245.1740421655329,0.031,0.32978723404255317,1-0-414-1,i,UT_009,009,2,fave,165.65998835553935,56.92730158456845,4,think,1,0.07000700000000393,i,"",TH,NG,TH,NG,internal
627.0835546722992,1599.671062311938,2746.2838418983692,3.77002960607787,4.265999949443834,4.994077927609239,5692.3076923076915,0.010836706210403039,269.9853485034013,0.035,0.33653846153846156,1-0-446-2,i,UT_009,009,2,fave,164.99451603934818,55.211427748757814,4,going,0,0.08001700000005485,was,to,ow,NG,ow,NG,internal
839.8252883424002,1809.628642204559,2979.161557767568,3.7160565491353643,3.8422806728614347,4.146848349841437,6230.7692307692305,0.023325659537976266,274.17534550340133,0.23500000000000001,0.3338068181818182,1-0-463-0,i,UT_009,009,2,fave,156.80549629391777,56.645507427586786,4,it,0,0.6800230000000056,"",was,#,T,"",T,initial
709.1446533929621,1207.293943372541,2645.7267067626663,3.5060352710443405,3.5924077222322066,4.653637462603736,5871.794871794871,0.00014763502263431003,279.4413648344671,0.027000000000000003,0.32142857142857145,1-0-486-1,i,UT_009,009,2,fave,168.55516118094317,58.84407920914479,4,behind,0,0.05999800000000732,out,them,B,HH,B,HH,internal
548.7787619406187,2060.648092072883,2958.917772024703,2.690253022895509,3.7144140615564587,4.047101944387582,6230.7692307692305,0.00026220099497728164,283.32344283446713,0.045,0.3358208955223881,1-0-502-0,i,UT_009,009,2,fave,112.41385105630147,52.23233258870814,4,it,1,0.11001600000003009,and,worked,#,T,D,T,initial
535.2815911595421,1573.3990113542366,2224.763246967122,3.3574491127198343,4.006163260966881,4.271321337698364,6769.2307692307695,0.0002866004531430718,283.94845350340137,0.035,0.33653846153846156,1-0-505-1,i,UT_009,009,2,fave,192.45785066657433,58.83392395375922,4,really,1,0.080016999999998,out,well,R,L,R,L,internal
437.48364911813877,2162.5872160394993,2705.9918149318623,3.358708331196307,3.898133688275154,4.119191240993048,5692.3076923076915,0.0005635868606235137,284.52645916553286,0.031,0.32978723404255317,1-0-508-1,i,UT_009,009,2,fave,205.31563831600386,59.99358228491769,4,because,0,0.06997599999999693,"",she,B,K,B,K,internal
476.11151692876774,2323.68380412969,3221.0650993927043,2.5139109145969596,3.949364924971214,4.552793963680457,6948.717948717948,0.0014035017116485183,287.9364588344671,0.051000000000000004,0.3311688311688312,1-0-518-1,i,UT_009,009,2,fave,241.6626355610184,65.63101424747951,4,did,1,0.13000399999998535,and,not,D,D,D,D,internal
525.4575515507346,2210.3485422902704,2950.9897137961257,2.519670703303804,3.4482857942283385,3.8652634198806815,6230.7692307692305,0.0001364763570548027,288.50446016553286,0.047,0.3263888888888889,1-0-520-1,i,UT_009,009,2,fave,174.4235276989402,64.39309684206498,4,hit,1,0.11999500000001717,not,the,HH,T,HH,T,internal
610.6384326202685,2262.394101307863,2992.3069217834327,3.6765128591984886,3.64807318036692,3.813301020615839,6230.7692307692305,0.0002878728818705348,298.0014601655328,0.04100000000000001,0.3306451612903227,1-0-558-0,i,UT_009,009,2,fave,90.37660746539602,54.925394867741595,4,inch,1,0.09997500000002901,an,away,#,N,N,N,initial
624.83870042382,1944.8763258740844,2687.754279572636,3.383293305223307,3.6492312893061136,3.9434391913745404,5871.794871794871,0.0002328964383283046,300.07344283446713,0.045,0.3358208955223881,1-0-568-0,i,UT_009,009,2,fave,88.79105083174169,56.7090768816201,4,it,0,0.11001600000003009,hit,"",#,T,T,T,initial
383.885957355892,2252.2378402457616,2628.393994144449,3.416984504973384,3.898165618767683,4.585244029497163,5692.3076923076915,0.0009478413513291364,316.0651494965987,0.031,0.32978723404255317,1-0-579-1,i,UT_009,009,2,fave,168.28826015774757,56.4405044694639,4,because,0,0.0699769999999944,resort,"",B,K,B,K,internal
554.557438741734,2218.3966614771643,2864.6485437713804,3.3634217220937583,3.590841838790435,4.041397964039885,6230.7692307692305,0.00001356218249354016,319.08314983446706,0.027000000000000003,0.32142857142857145,1-0-590-0,i,UT_009,009,2,fave,165.44477716903634,58.43559897896334,4,instructor,0,0.05999800000000732,ski,so,#,N,iyF,N,initial
593.347454262442,2459.8907024504742,3003.4957018397563,3.593206487331326,3.9361788346109745,4.667712317883283,6589.74358974359,0.0017595604896080467,321.8981621655329,0.057,0.3275862068965517,1-0-600-3,i,UT_009,009,2,fave,87.79495538275795,55.6165397797323,4,skiing,0,0.1499939999999924,weekend,"",iy,NG,iy,NG,internal
484.07316313105144,2582.3612665310116,3393.917950811794,3.6822358045427066,3.7483655021463855,4.8820852781301,6230.7692307692305,0.0017209883158015693,340.7828568344671,0.027000000000000003,0.32142857142857145,1-0-629-3,i,UT_009,009,2,fave,159.84480392327828,56.10304446801848,4,skiing,0,0.05999799999995048,started,at,iy,NG,iy,NG,internal
492.85285425106935,1324.245582226523,3007.2667237076207,2.7364635700277606,3.657071752693971,4.492149849302244,6230.7692307692305,0.000050374719077072506,347.1628618344671,0.027000000000000003,0.32142857142857145,1-0-641-1,i,UT_009,009,2,fave,83.8196270905486,67.12295742838035,4,literally,1,0.05999700000000985,probably,ski,L,T,L,T,internal
553.1250007427902,2039.6166716402115,2957.0342551447616,3.157632524141065,3.752441902083595,3.8960655515243827,6230.7692307692305,0.000024451369687945004,358.5468611655329,0.035,0.3365384615384616,1-0-655-1,i,UT_009,009,2,fave,167.98438448601175,63.622899172916156,4,this,1,0.07998600000001943,not,year,DH,S,DH,S,internal
610.3983692079973,2573.9071409751405,2969.8229793762903,3.7331114262871354,4.009751175553899,4.396850095726689,6410.25641025641,0.0025350285224429296,379.91125716553285,0.065,0.33505154639175255,1-0-670-3,i,UT_009,009,2,fave,160.20234078570482,53.91354924759531,4,skiing,0,0.16998200000000452,probably,"",iy,NG,iy,NG,internal
537.8856145173725,2439.665535482801,2977.586243214829,3.380350086178178,3.9692724447213767,4.561639003891441,6230.7692307692305,0.00018409784524914502,388.4072361655329,0.037,0.32456140350877194,1-0-678-2,i,UT_009,009,2,fave,177.22279576577938,62.585095029453065,4,being,0,0.08999599999998509,"",raised,iy,NG,iy,NG,internal
499.2786432977979,2197.1075979351995,2698.1610486545696,3.2300344276006485,3.933502712778025,4.295969290015466,6230.7692307692305,0.00013128692826236833,389.4122461655329,0.027000000000000003,0.32142857142857145,1-0-683-0,i,UT_009,009,2,fave,163.34907325183028,55.45539734637614,4,instructor,0,0.05999700000000985,ski,and,#,N,iyF,N,initial
483.45261009957875,2304.7351470663607,3252.637698233655,3.5028867260666345,3.8535560616716524,4.5070148510141905,6230.7692307692305,0.00017821669022898646,391.5622448344671,0.027000000000000003,0.32142857142857145,1-0-689-3,i,UT_009,009,2,fave,173.03935866604297,53.92716226287169,4,teaching,0,0.05999800000000732,started,skiing,CH,NG,CH,NG,internal
518.9103315924473,2454.171837989027,3007.3586506361894,3.432430560365229,3.9753600189993623,4.598081386853497,6230.7692307692305,0.00012918508670250995,392.0122521655329,0.027000000000000003,0.32142857142857145,1-0-690-3,i,UT_009,009,2,fave,180.5115075471975,56.916461080065446,4,skiing,0,0.059996999999953005,teaching,at,iy,NG,iy,NG,internal
453.3532786279492,2744.3969844355247,3728.342925864098,3.7526691585134446,3.5739389723425146,4.851649663548357,6769.2307692307695,0.0017261295116830745,400.00324083446714,0.031,0.32978723404255317,1-0-721-3,i,UT_009,009,2,fave,180.9741223024095,59.02714065676454,4,skiing,0,0.07000700000003235,taught,for,iy,NG,iy,NG,internal
542.3020720061924,2141.053728548614,2928.6741952442694,3.17345959228747,3.689358795568166,3.9731409922739167,6410.25641025641,0.00001901796785231565,414.3912491655329,0.027000000000000003,0.32142857142857145,1-0-740-1,i,UT_009,009,2,fave,172.2218115715351,60.79625886783648,4,thing,1,0.05999800000000732,the,that,TH,NG,TH,NG,internal
828.1154098802925,1958.9559071112603,2793.9038363410737,3.6347276415245227,3.906677066731471,3.9704415116746046,5692.3076923076915,0.058249391644199185,417.02125083446714,0.047,0.3263888888888889,1-0-751-0,i,UT_009,009,2,fave,334.5431716872574,49.73848679916392,4,is,1,0.11999500000001717,else,shockingly,#,Z,S,Z,initial
394.6154023860476,1719.7426490289326,2859.7892920197964,3.7439479682881496,4.597647414251099,4.963243904451521,6230.7692307692305,0.00005701545075915098,418.54025450340134,0.025,0.33783783783783783,1-0-755-1,i,UT_009,009,2,fave,92.17801689204988,55.27015520153911,4,to,0,0.05001900000002024,how,pole,T,#,T,P,final
480.3591079619336,2273.27989751405,2870.557329918047,3.4636838545379924,4.03310730268104,4.353346398474474,6051.282051282051,0.00022787918740565258,429.6293501655329,0.035,0.3365384615384616,1-0-786-0,i,UT_009,009,2,fave,285.39166439405204,56.583646244778386,4,if,1,0.07998600000001943,"",you,#,F,"",F,initial
535.0779889312012,2284.069159341784,2927.797504039067,3.436859535873111,3.8483080757257233,4.28760426083643,6230.7692307692305,0.00001346766757396403,434.5353531655329,0.027000000000000003,0.32142857142857145,1-0-802-1,i,UT_009,009,2,fave,168.68810225365903,60.527239649971435,4,get,1,0.05999800000000732,"",your,G,T,G,T,internal
520.1990135383722,2341.5147434998394,3069.7967423123487,3.263188154143412,3.8350991042464853,4.108865401885382,6410.25641025641,0.002479669180018986,436.3403411655329,0.037,0.32456140350877194,1-0-810-0,i,UT_009,009,2,fave,311.027275577745,53.25734553966795,4,it,1,0.08999699999998256,"",initiates,#,T,"",T,initial
489.1935001139977,2334.4933050826717,2848.0697938847243,3.259344896021669,4.138414498871127,4.381790603672228,6410.25641025641,0.0014043016740083918,436.4693461655329,0.035,0.3365384615384616,1-0-811-0,i,UT_009,009,2,fave,169.1871568881928,56.33072534737032,4,initiates,0,0.0799870000000169,it,the,#,N,T,N,initial
506.4967021885565,2283.2278139439786,2928.1950134473846,2.994988074195523,3.874361103813254,4.7111139980848336,7128.205128205128,0.0013793425650212464,436.6573548344671,0.031,0.32978723404255317,1-0-811-2,i,UT_009,009,2,fave,163.66130511957624,61.92625412861979,4,initiates,1,0.07000700000003235,it,the,N,SH,N,SH,internal
549.7264662833588,2360.6084594987547,3016.744581286011,3.0336573337016164,4.03694424863805,4.045792872159036,6410.25641025641,0.0005019019274553923,438.0903411655329,0.037,0.32456140350877194,1-0-815-0,i,UT_009,009,2,fave,-86.93158785389797,59.69442349257195,4,it,1,0.08999699999998256,"",is,#,T,"",T,initial
484.4417849427752,1948.9964717954879,2817.46501997698,3.5601106367460744,3.2611877319710985,3.5536599807387996,6230.7692307692305,0.000028471554716049718,438.2253561655329,0.027000000000000003,0.32142857142857145,1-0-816-0,i,UT_009,009,2,fave,177.76585408690116,66.58990020160593,4,is,1,0.05999700000000985,it,also,#,Z,T,Z,initial
543.8267185989159,1953.20969194254,2966.443601181031,2.8217731205449557,3.7470022026479004,3.6902267368883983,6230.7692307692305,7.774833755112031e-6,439.3753558344671,0.027000000000000003,0.32142857142857145,1-0-820-1,i,UT_009,009,2,fave,173.30772687159674,65.022638887311,4,signal,1,0.05999700000000985,a,before,S,G,S,G,internal
442.3848879206443,994.2064066434568,3015.6450578864637,3.293278225288038,3.324512587827091,4.343665557136108,6230.7692307692305,0.00024238441789297516,439.7643398344671,0.025,0.33783783783783783,1-0-821-1,i,UT_009,009,2,fave,156.14738127482548,58.54193013441478,4,before,0,0.050018000000022766,signal,you,B,F,B,F,internal
512.200582449931,2067.2037474933263,2903.4081086649053,3.215779984708942,4.020993087757324,4.314169813037487,6051.282051282051,0.00041453325295063475,444.87735583446715,0.031,0.32978723404255317,1-0-832-0,i,UT_009,009,2,fave,-1845.750982190555,57.81131537006541,4,it,1,0.0700069999999755,"","",#,T,"",T,initial
547.8108307612507,2145.0048001771015,2984.625630571348,3.028894438902196,3.621417145197182,3.821241869348087,6230.7692307692305,0.00046054650223024577,447.09935116553294,0.035,0.3365384615384616,1-0-841-4,i,UT_009,009,2,fave,109.37930073231466,53.26897905903003,4,downhill,1,0.07998699999996006,you're,"",HH,L,HH,L,internal
476.9191992175061,1589.0312467887375,2754.7121376934238,2.7490192550638572,3.813426239590739,3.9742358966948137,5512.820512820513,0.00006236605000953104,451.0453388344671,0.027000000000000003,0.32142857142857145,1-0-854-1,i,UT_009,009,2,fave,160.35405660136612,59.27181836458577,4,just,0,0.060027999999988424,people,randomly,JH,S,JH,S,internal
357.84200301419975,1984.1464233540942,3073.7642314010727,3.418272619164745,3.8842081782899998,3.897741796806936,5692.3076923076915,0.278350947633629,452.68434383446714,0.045,0.3358208955223881,1-0-861-0,i,UT_009,009,2,fave,143.94694322488508,53.31963185166025,4,it,0,0.11001500000003261,"",doesn't,#,T,"",T,initial
569.382143570841,2127.906019844314,2827.9936923186838,3.108163450281361,3.9489271005008266,3.9840612961075985,6230.7692307692305,0.0002043023646412853,455.91485616553285,0.031,0.32978723404255317,1-0-873-0,i,UT_009,009,2,fave,82.97811375167358,56.4450911679147,4,it's,1,0.0699769999999944,why,important,#,T,ay,T,initial
417.07552837529096,1937.7155771124258,2781.551445351565,3.201335668561419,3.759230967276038,4.2366803081724,6051.282051282051,0.00017573485879871875,459.35485249659865,0.031,0.32978723404255317,1-0-885-5,i,UT_009,009,2,fave,185.62709367653216,62.92834698725386,4,effectively,0,0.0699769999999944,"",advance,T,V,T,V,internal
468.20897188830475,2541.567561030348,3127.278974221044,3.6368117322596443,3.9343854713882727,4.649528057142309,6589.74358974359,0.000930865342725438,460.5378568344671,0.037000000000000005,0.324561403508772,1-0-888-3,i,UT_009,009,2,fave,159.5309293387214,57.08418873739611,4,skiing,0,0.08999599999998509,your,until,iy,NG,iy,NG,internal
493.2644287109365,2081.9997032231013,2638.5096020881324,2.686187863639257,3.8063791420035713,3.94103068104276,5871.794871794871,0.0007557524927993429,462.00485783446715,0.031,0.32978723404255317,1-0-893-2,i,UT_009,009,2,fave,543.8318358844874,53.73281905671286,4,skill,1,0.07000800000002982,that,"",K,L,K,L,internal
565.2236660891797,1952.9718512147754,2686.5348694532045,3.1987583247268065,3.771355994441527,4.243379196689206,6410.25641025641,0.0009318266763873663,473.90313783446715,0.067,0.32843137254901966,1-0-898-2,i,UT_009,009,2,fave,173.81815262709551,63.38658339920849,4,quit,1,0.1800230000000056,i,[bracketed],W,T,W,T,internal
558.3778393022272,1707.3571014921465,2668.622581876405,3.8920253225151193,3.6421781422209,4.070183646109974,6948.717948717948,0.0004363275425706372,482.9815428344672,0.031,0.32978723404255317,1-0-932-3,i,UT_009,009,2,fave,161.64936572852474,62.166266993281155,4,manager,0,0.0700069999999755,a,you,N,JH,N,JH,internal
498.08481863742105,2197.115508859172,2710.0723619922346,2.5380377197573174,3.6260930125220785,3.9272565055309565,6230.7692307692305,0.00017284429939418757,483.3995501655329,0.027000000000000003,0.32142857142857145,1-0-934-1,i,UT_009,009,2,fave,414.6431280484682,61.09096675223659,4,get,1,0.05999800000000732,you,paid,G,T,G,T,internal
462.2303568425169,2342.8801329733265,2675.400275531255,2.8833176162269054,3.958756499113915,4.211116673941299,5871.794871794871,0.000027084681102517173,486.97854283446713,0.025,0.33783783783783783,1-0-952-1,i,UT_009,009,2,fave,159.77621617861172,60.56087229853492,4,get,1,0.05001799999996592,only,paid,G,T,G,T,internal
621.639266548799,1869.1053315213373,3474.7119126194975,3.829793485211881,3.7341319331904,4.472521917574427,7666.666666666666,0.0002925627327265732,487.6095478344671,0.027000000000000003,0.32142857142857145,1-0-956-0,i,UT_009,009,2,fave,150.59223311872378,56.689598359961344,4,instructing,0,0.05999700000000985,you're,"",#,N,R,N,initial
576.0135560703466,2112.830477594538,2716.8059526833163,3.6925480574855167,3.8765681495142306,4.489844833111753,6230.7692307692305,0.0002724611487800999,488.22655249659863,0.040999999999999995,0.33064516129032256,1-0-956-8,i,UT_009,009,2,fave,210.63697168073531,60.79924320427863,4,instructing,0,0.09997500000002901,you're,"",T,NG,T,NG,internal
547.1473687421781,1946.753228153075,2633.4417715643463,3.373645084524397,3.711541210799432,4.020280312812706,6051.282051282051,0.0002321752562048989,492.5665498344671,0.061000000000000006,0.3315217391304348,1-0-971-5,i,UT_009,009,2,fave,188.16961201167473,64.58514328299376,4,demoted,0,0.1600040000000149,got,"",T,D,T,D,internal
433.4272655961183,1954.0820477442971,2822.544884091798,3.1894291584461705,4.031518726737004,4.317303857235731,5871.794871794871,0.0002765299637684209,498.4045501655329,0.037,0.32456140350877194,1-0-991-1,i,UT_009,009,2,fave,173.0103024936733,60.645945727314434,4,didn't,1,0.08999699999998256,i,teach,D,N,D,N,internal
632.2221955201882,1576.7370945220139,2634.9676757665566,3.5282305753629966,3.68010865002622,4.030780380877683,6051.282051282051,0.000010820616726068963,501.2585418344671,0.025,0.33783783783783783,1-0-1001-1,i,UT_009,009,2,fave,171.52307330625754,56.626825819044925,4,with,0,0.050018000000022766,home,our,W,TH,W,TH,internal
615.171013522464,1863.0751735803558,2701.8747544910166,3.679782649576134,3.6008852386069434,3.978324099230739,6051.282051282051,0.000024739934789657974,503.0685388344671,0.025,0.33783783783783783,1-0-1008-3,i,UT_009,009,2,fave,157.945988118936,58.12076891384464,4,administered,1,0.05001799999996592,they,lessons,M,N,M,N,internal
444.6460633356437,1896.0444056310398,2757.8933984081573,3.537607949870867,3.3769063072801218,3.6989782976245453,4974.358974358975,0.0001107823167888137,504.6995591655329,0.047,0.3263888888888889,1-0-1012-1,i,UT_009,009,2,fave,168.521149151526,61.475308072387,4,just,0,0.11999500000001717,they,divvy,JH,S,JH,S,internal
484.9937879819346,2113.491330989585,2983.659739472312,2.8114432871376773,3.731587072092889,3.8684209906335743,6051.282051282051,0.00019861673710046244,504.9445591655329,0.037000000000000005,0.324561403508772,1-0-1013-1,i,UT_009,009,2,fave,169.5895271938331,66.63421023259788,4,divvy,1,0.08999599999998509,just,him,D,V,D,V,internal
492.01038649029465,1866.0511682043873,2512.524650102944,3.6109634075208787,3.87546873647134,4.213231803711472,6769.2307692307695,0.00007484565687999146,505.17154483446717,0.031,0.32978723404255317,1-0-1014-0,i,UT_009,009,2,fave,157.6809217684693,59.48424610426527,4,him,0,0.07000799999997298,divvy,out,#,M,iyF,M,initial
667.0514594298241,1917.2641411100503,2953.853234830907,3.487782085674165,3.765513439854734,3.9078804156880413,6769.2307692307695,0.0006449802722053983,506.6495611655329,0.067,0.3284313725490196,1-0-1021-1,i,UT_009,009,2,fave,188.01739203193245,66.4775022850319,4,this,0,0.1799930000000245,wants,and,DH,S,DH,S,internal
564.4900976377663,2109.7974233918317,2849.220800395746,2.8958025360658315,3.58582648229605,3.940892724577979,6769.2307692307695,0.0006539697530590475,508.3165498344671,0.061000000000000006,0.33152173913043487,1-0-1029-0,i,UT_009,009,2,fave,176.85435023290339,63.63964228247044,4,it,1,0.1600040000000149,take,"",#,T,K,T,initial
500.22039231833475,1556.271398377385,2403.051938561837,3.689571310320968,3.826829826925933,4.0493279746483335,6230.7692307692305,0.00028238824464328513,510.3629418344671,0.025,0.33783783783783783,1-0-1039-1,i,UT_009,009,2,fave,161.5731143983824,59.98921104328539,4,with,0,0.05001900000002024,skied,my,W,TH,W,TH,internal
561.8570716923988,1877.5682597118068,2873.5700624195865,3.4421257689556612,3.510939271089206,3.8281810588762397,6410.25641025641,0.00006954665483325381,514.2839501655329,0.027000000000000003,0.32142857142857145,1-0-1056-1,i,UT_009,009,2,fave,156.22080288367064,58.44887828383379,4,pissed,1,0.059996999999953005,really,off,P,S,P,S,internal
446.76089668715156,1966.5465887886148,3030.272757699785,3.376205550992254,3.9894847013548183,4.2594765798474405,5692.3076923076915,0.00005611403111301662,515.0029371723357,0.025,0.33783783783783783,1-0-1060-1,i,UT_009,009,2,fave,165.0591573221959,55.11971612587091,4,didn't,1,0.0500489999999445,i,make,D,D,D,D,internal
597.9681553070011,1838.2686162126972,2791.0386835287145,3.0058401890048194,3.6955669256926065,3.87660509142476,6230.7692307692305,0.00017271665370967234,518.7479608276644,0.035,0.3365384615384616,1-0-1076-2,i,UT_009,009,2,fave,89.56338406879492,55.51773991563728,4,quit,1,0.07995599999992464,i,"",W,T,W,T,internal
475.38669142066294,1225.472794526108,2599.979193192973,3.1106657445925285,4.372018990470755,4.376413431269813,7128.205128205128,0.0009236845142337453,542.6613358344672,0.027000000000000003,0.32142857142857145,1-0-1118-2,i,UT_009,009,2,fave,158.0774898011028,64.17653129519425,4,which,1,0.05999799999995048,"",will,W,CH,W,CH,internal
570.5551315965262,1874.5507478392317,2627.416107519172,2.973419290406264,3.495258655066182,3.8436899424448074,6230.7692307692305,0.00017675790863123166,548.5663484965986,0.037000000000000005,0.324561403508772,1-0-1137-1,i,UT_009,009,2,fave,164.1306866504619,61.41742845586247,4,fit,1,0.08996600000000399,won't,correctly,F,T,F,T,internal
520.4887079219635,1729.15580352011,2527.7413392002572,2.9810550875088704,3.6318337401962135,3.8200458292119692,6230.7692307692305,0.0001817743436164891,550.1903501655329,0.045,0.3358208955223881,1-0-1142-0,i,UT_009,009,2,fave,83.8996285169991,60.954933514442146,4,if,0,0.10998500000005151,also,people,#,F,owF,F,initial
564.3724509056603,1728.7798652323504,2796.495133083658,3.8165264203422415,3.3742774557021225,3.5609374294754077,6051.282051282051,0.00003204642072010817,551.8313798344672,0.027000000000000003,0.32142857142857145,1-0-1148-0,i,UT_009,009,2,fave,201.42149151310568,56.19881256024028,4,into,0,0.05999799999995048,jeans,their,#,N,Z,N,initial
482.3604965355786,2388.8297781831297,3091.3384455169016,3.032367287665276,3.735148875784868,4.089183105273384,6051.282051282051,0.0019262362627489738,553.2203295034013,0.045,0.3358208955223881,1-0-1152-0,i,UT_009,009,2,fave,171.97357322024337,61.31255351594772,4,it,1,0.11004600000001119,"",creates,#,T,"",T,initial
519.4670375286112,2605.9661314932014,3167.1815534656566,3.7394074907462147,4.132147748959223,3.922421256830577,6410.25641025641,0.0015732378000633802,560.225333834467,0.035,0.33653846153846156,1-0-1174-2,i,UT_009,009,2,fave,89.01980888868778,55.04627984236182,4,being,0,0.080016999999998,part,squished,iy,NG,iy,NG,internal
536.0893562121497,2107.879676387472,2825.5384760718825,3.388140300644411,3.834352189292307,4.610817735292083,6769.2307692307695,0.00034071307636047765,563.9041644965987,0.04100000000000001,0.3306451612903227,1-0-1184-3,i,UT_009,009,2,fave,162.57173092529774,59.652937563687075,4,teaching,0,0.09997499999997217,i'm,"",CH,NG,CH,NG,internal
678.8416007641355,1980.611753769809,2519.739396125135,3.4603546684921644,3.6821975376291993,4.6851030678494485,6051.282051282051,0.00255706663786257,566.5761531655329,0.045,0.3358208955223881,1-0-1196-3,i,UT_009,009,2,fave,185.05565006319637,56.90070744775604,4,wearing,0,0.10998500000005151,they're,a,R,NG,R,NG,internal
503.93066230664476,1978.7435476101587,2815.9201995828425,3.3306698581047085,3.679930145571661,3.7277856498866724,6230.7692307692305,0.00004232525140201563,569.3571311655329,0.027000000000000003,0.32142857142857145,1-0-1208-0,i,UT_009,009,2,fave,169.92642307552342,59.89980955136727,4,into,0,0.059996999999953005,tucked,their,#,N,T,N,initial
613.614122200661,1938.9400186378386,2804.5159893451773,3.109025709579787,3.416168254518297,3.6935814362704664,6230.7692307692305,0.0001374901487179257,576.1241581723356,0.04100000000000001,0.3306451612903227,1-0-1236-1,i,UT_009,009,2,fave,177.67207640833828,61.68367870951486,4,fit,1,0.10003600000004553,"",correctly,F,T,F,T,internal
546.1235965878415,2106.5967055890696,2841.902064688933,3.416010479551496,3.472917277666406,3.6676219096253138,6230.7692307692305,0.00028965394084115646,579.7671551655329,0.047,0.3263888888888889,1-0-1247-2,i,UT_009,009,2,fave,177.6280107607503,63.63939959306071,4,skills,1,0.11999499999990348,little,"",K,L,K,L,internal
666.0364005838965,2066.055518273567,2609.072892367214,3.5733716840498393,3.91028018342068,4.011129415892908,6230.7692307692305,0.00009147101933276798,584.5741474965987,0.040999999999999995,0.33064516129032256,1-0-1259-3,i,UT_009,009,2,fave,160.17586529444281,62.32486283567165,4,trying,0,0.09997499999997217,[bracketed],the,ay,NG,ay,NG,internal
557.9443515646783,2289.2446809108665,2875.1445709044424,3.5463614127179452,3.5854294144346825,4.121050765552699,6589.74358974359,0.00018409961612893106,585.9521524965986,0.037000000000000005,0.324561403508772,1-0-1263-3,i,UT_009,009,2,fave,160.0606713693562,61.48493309524094,4,learning,0,0.08996500000000651,"","",N,NG,N,NG,internal
452.088920448645,1865.019918560064,2550.807422623017,3.368384660947516,4.336112220066269,4.3739630045464875,5692.3076923076915,0.0007137143319293749,587.9691658276645,0.031,0.32978723404255317,1-0-1274-0,i,UT_009,009,2,fave,110.37384723603893,52.5979616913798,4,if,1,0.06994599999995899,"",you're,#,F,"",F,initial
563.5221624309185,1444.5871589871117,2363.0031206006506,3.5730538191183565,4.064874337181459,4.676749148964868,6589.74358974359,0.00037218364048314064,588.3371721655329,0.027000000000000003,0.32142857142857145,1-0-1276-2,i,UT_009,009,2,fave,155.178446362686,59.44738788180752,4,going,0,0.05999799999995048,you're,downhill,ow,NG,ow,NG,internal
507.8918514372258,1292.7451378986045,3208.606552693434,3.077881388719122,3.412891042630584,4.316540341159956,6769.2307692307695,0.00013566149855721426,590.9166458344671,0.027000000000000003,0.32142857142857145,1-0-1284-1,i,UT_009,009,2,fave,164.62314599836859,63.57417656606051,4,little,1,0.05999800000006417,a,wagon,L,T,L,T,internal
563.2691852568464,1754.0784266347387,2953.3577947389335,2.7887551407569218,3.626514548330455,4.070100688860435,6051.282051282051,0.0003820862026935341,601.290630834467,0.055,0.3353658536585366,1-0-1319-0,i,UT_009,009,2,fave,173.7743138644891,63.67424356879526,4,it,0,0.1400149999999485,control,"",#,T,L,T,initial
533.7763075083315,1181.1133594315334,2978.590787256375,3.073266505335281,3.4774574666639917,4.327206009469059,5871.794871794871,3.6013838812275417e-6,603.0256365034013,0.025,0.33783783783783783,1-0-1325-0,i,UT_009,009,2,fave,172.64277817106776,65.4223857779203,4,it,1,0.0500489999999445,control,on,#,T,L,T,initial
631.2321920234853,1519.3220958403597,2801.2912316677844,3.3269091851954027,3.433385392173466,3.7516605192094032,6230.7692307692305,0.0001527184563489395,607.290630834467,0.055,0.33536585365853655,1-0-1344-1,i,UT_009,009,2,fave,171.05816250899449,64.32597651384714,4,lift,1,0.1400149999999485,chair,and,L,F,L,F,internal
503.3156569435058,1918.5923794155556,2684.0653469833233,3.6100196564957634,3.5987142292986807,3.700128984094667,6051.282051282051,0.00013701014532115145,610.2306438344671,0.035,0.33653846153846156,1-0-1354-2,i,UT_009,009,2,fave,108.84899700676523,55.311701687546574,4,skills,1,0.080016999999998,adding,"",K,L,K,L,internal
503.6556370294078,1618.8923922988145,2372.004130493367,3.375355364623465,3.6710891612838124,4.937238459253961,6589.74358974359,0.0008040688121395038,629.0072828344671,0.027000000000000003,0.32142857142857145,1-0-1371-0,i,UT_009,009,2,fave,156.64324932595815,59.98907800446071,4,it,0,0.05999800000006417,of,is,#,T,V,T,initial
516.1070369310196,1794.4464985344387,2901.131466419461,3.5979477078055337,4.111045705126779,4.047809000206168,6410.25641025641,0.00013502840305101965,629.0972431655329,0.027000000000000003,0.32142857142857145,1-0-1372-0,i,UT_009,009,2,fave,152.7699064242275,58.27442816155091,4,is,1,0.05999800000006417,it,mental,#,Z,T,Z,initial
473.3955429769403,2660.5166241981287,2641.5731963931603,3.6521742261307737,4.024707750760089,5.334351351328599,6410.25641025641,0.0005972741450746865,631.5162431723356,0.025,0.33783783783783783,1-0-1378-2,i,UT_009,009,2,fave,156.81847047676015,55.968476122610085,4,being,0,0.050049000000058186,just,brave,iy,NG,iy,NG,internal
671.927615311424,2019.6776613668806,2858.0023962581204,3.5205332199386867,3.9222425311275293,3.9790960399996718,6230.7692307692305,0.000288027443132071,632.8212538276643,0.055,0.33536585365853655,1-0-1384-1,i,UT_009,009,2,fave,77.71170567413947,56.199985296432956,4,things,1,0.1399540000001025,new,"",TH,NG,TH,NG,internal
688.7120454402651,2123.3303665014846,2796.6005757348858,3.964995454239128,3.985984280180254,4.272616592467514,6051.282051282051,0.00018608776684049598,635.5392518344671,0.031,0.32978723404255317,1-0-1393-3,i,UT_009,009,2,fave,160.39396080942836,59.264615220816026,4,trying,0,0.07000700000003235,like,to,ay,NG,ay,NG,internal
485.69709032315853,1717.6301637988643,2684.7563539263315,3.4450442491570703,3.7012462019271317,3.7138701758076937,6230.7692307692305,0.00001364433471626629,636.1272778344671,0.027000000000000003,0.32142857142857145,1-0-1395-5,i,UT_009,009,2,fave,154.98706430407333,59.84807438085261,4,transition,1,0.05999800000006417,to,to,Z,SH,Z,SH,internal
473.63973644551305,1788.5992420824948,2812.999878770839,3.496090948819552,3.796047941497339,3.625374506282603,6051.282051282051,0.000025899403087930036,637.3372388344671,0.027000000000000003,0.32142857142857145,1-0-1400-0,i,UT_009,009,2,fave,145.78315659328922,56.578850272284974,4,is,0,0.05999799999995048,diamond,super,#,Z,D,Z,initial
545.7854989714245,1777.752391240745,2856.5303435751575,3.3175385003129496,3.803098777823251,3.976683258089614,6589.74358974359,0.0005805921577188518,639.7372481655328,0.047,0.3263888888888889,1-0-1411-0,i,UT_009,009,2,fave,83.66863583293943,54.17195909960268,4,it,0,0.11999500000001717,of,and,#,T,V,T,initial
453.51211590134403,2570.272009845989,3179.0541960050764,3.090769686816966,4.067856283126619,5.0491530438051315,6230.7692307692305,0.001897461019096234,646.6449731655329,0.027000000000000003,0.32142857142857145,1-0-1439-3,i,UT_009,009,2,fave,159.79655444249292,58.58394457389427,4,working,0,0.05999700000006669,"",into,K,NG,K,NG,internal
667.1694582442246,2193.6023939725237,2993.9824051818996,3.724172509234323,3.673501982587405,3.731728199828643,6051.282051282051,0.00026065858628679335,646.7819714965987,0.04100000000000001,0.3306451612903227,1-0-1440-0,i,UT_009,009,2,fave,158.6367671329985,57.62052613038449,4,into,0,0.09997600000008333,working,whatever,#,N,NG,N,initial
482.28689918040743,1919.1439525482879,2772.049571062827,3.1084677803665737,3.6853812310873737,3.7170751063602157,5871.794871794871,0.00005168835707667149,647.6699425034013,0.037000000000000005,0.324561403508772,1-0-1443-0,i,UT_009,009,2,fave,153.29353564498598,61.68412345700956,4,is,1,0.09002700000007735,it,they,#,Z,T,Z,initial
470.79700875200865,2078.6337791059236,2889.9954767649697,2.9520830361872905,3.8787171522037442,3.8977719346348922,6769.2307692307695,0.00005129505923897692,673.8462564965986,0.037000000000000005,0.324561403508772,1-0-1466-4,i,UT_009,009,2,fave,155.99737705804756,63.322500746272695,4,conditions,1,0.08996500000000651,icy,"",D,SH,D,SH,internal
557.9161681159594,2004.2958319177656,2933.0728235333477,3.3784451677715186,3.6533146295800614,3.779156949797187,6230.7692307692305,0.00040870472697044,680.9532271655329,0.07100000000000001,0.33177570093457953,1-0-1488-0,i,UT_009,009,2,fave,234.6839676909895,62.77923324658145,4,it,1,0.190003000000047,of,"",#,T,V,T,initial
492.19625995426316,2424.073967404886,3071.417147465354,2.938520044987225,3.6995752147623273,4.157751314637312,6230.7692307692305,0.000021293018967951952,682.3212478344672,0.027000000000000003,0.32142857142857145,1-0-1492-1,i,UT_009,009,2,fave,162.70266497771917,60.40363877582279,4,think,1,0.05999799999995048,you,it's,TH,NG,TH,NG,internal
485.5801044543111,2174.5013984559914,2899.998629133421,3.2862335547810706,3.742607131599784,3.938213960968045,6230.7692307692305,0.00003204243555633179,682.5212541655329,0.027000000000000003,0.32142857142857145,1-0-1493-0,i,UT_009,009,2,fave,172.32043129187693,59.040189720408286,4,it's,0,0.05999799999995048,think,safe,#,T,K,T,initial
606.9568281210795,1993.652625689033,2669.2543650722528,3.6616358142437195,3.961921410801662,3.9047140364669346,6051.282051282051,0.0000714504803541541,690.1032598276645,0.031,0.32978723404255317,1-0-1521-1,i,UT_009,009,2,fave,161.260212840508,55.13949725342397,4,things,1,0.06994699999995646,makes,scary,TH,NG,TH,NG,internal
631.7821471052821,1777.3293279870559,2774.3785981033075,3.2865724173725037,3.663845871028322,4.109818717781989,6051.282051282051,0.00043076571160996805,706.3521671655328,0.067,0.3284313725490196,1-0-1555-0,i,UT_009,009,2,fave,227.5780770464912,66.04739982587391,4,it,1,0.17999300000008134,to,"",#,T,Tuw,T,initial
620.1099490841962,1681.0049240456544,3040.847390403604,3.552401612953685,3.69754739425258,4.087091699362784,5871.794871794871,0.0007800749659471702,709.1921588344671,0.027000000000000003,0.32142857142857145,1-0-1565-0,i,UT_009,009,2,fave,80.3024491554682,56.60041577719572,4,in,0,0.059996999999953005,fall,"",#,N,L,N,initial
472.1320569233145,1839.7145138841377,2763.503637623335,3.2253728357067386,4.119086812298071,4.598300045801802,5871.794871794871,0.0004008753180980568,713.8611431723356,0.045,0.3358208955223881,1-0-1580-1,i,UT_009,009,2,fave,170.20212942241625,63.582062706051104,4,just,0,0.11004600000001119,i,get,JH,S,JH,S,internal
583.9046301558553,1877.799766396518,2849.5867008300947,2.824016710038658,3.5472779438578734,3.7575260485924917,6230.7692307692305,0.00011925693952889285,717.1041318344671,0.031,0.32978723404255317,1-0-1591-0,i,UT_009,009,2,fave,175.02415069352992,65.9801999580968,4,it's,0,0.07000699999991866,and,harder,#,T,D,T,initial
566.7141182210046,1629.4255880266576,2376.4230353360745,3.522601922843937,3.9418718235336554,4.126987378643202,5692.3076923076915,0.00011296369933005293,719.3641418344671,0.031,0.32978723404255317,1-0-1599-1,i,UT_009,009,2,fave,153.72676156838577,61.98197997045282,4,with,1,0.07000700000003235,board,"",W,TH,W,TH,internal
612.6854635664688,1858.7901849828463,2843.4710058112655,3.101779414130421,3.980585307029058,4.392995749006646,6410.25641025641,0.004079797551404105,723.3971418344671,0.097,0.3299319727891156,1-0-1613-1,i,UT_009,009,2,fave,109.66351280072072,62.035088945626846,4,to,0,0.2700190000000475,try,"",T,#,T,"",final
537.8240129095833,1758.843745715411,2413.689286278488,2.859630665164023,3.7501919542932143,4.267916940877836,5871.794871794871,0.0002263400064795916,731.0877598344671,0.035,0.3365384615384616,1-0-1640-0,i,UT_009,009,2,fave,-2310.637135678885,59.177786632370655,4,it,0,0.080016999999998,snowboard,takes,#,T,spn,T,initial
527.1980342156211,1734.026637337694,2390.1147155012677,2.9983215490311412,3.9752272451432504,4.79859954359813,5692.3076923076915,0.0005694194344982823,739.8137408344671,0.027000000000000003,0.32142857142857145,1-0-1654-1,i,UT_009,009,2,fave,175.41939285702688,63.179333604139345,4,really,1,0.05999700000006669,am,dumb,R,L,R,L,internal
605.8260003765188,1960.6282983453264,2950.4844714847113,3.9060883994485773,3.5545299289016854,3.6874897270208002,6410.25641025641,0.00001444281469421734,743.3627345034013,0.025,0.33783783783783783,1-0-1666-0,i,UT_009,009,2,fave,172.70610766600564,61.73010670232291,4,instead,0,0.05004800000006071,and,of,#,N,D,N,initial
618.3507990109302,1470.9641202555692,2396.794343470163,3.8269199633549573,3.9178320004609564,4.722545883263129,7487.179487179487,0.0002823167638299709,744.8837421655329,0.027000000000000003,0.32142857142857145,1-0-1670-2,i,UT_009,009,2,fave,163.9000157701137,59.13153238521782,4,swimming,1,0.05999799999995048,keep,it's,W,M,W,M,internal
537.7261581436518,2086.797700538245,3035.7769899991326,3.4463542014893065,3.6690951147380337,4.076575965697973,6410.25641025641,0.00012682914343400034,745.0077485034013,0.035,0.3365384615384616,1-0-1670-4,i,UT_009,009,2,fave,161.33521930599835,59.62154790421177,4,swimming,0,0.080016999999998,keep,it's,M,NG,M,NG,internal
581.1694533690595,2028.6821720939126,2808.1836907711986,3.6226700616163545,3.805266263712416,4.303623095838749,6230.7692307692305,0.0001015523286764512,745.1487464965986,0.037000000000000005,0.324561403508772,1-0-1671-0,i,UT_009,009,2,fave,154.99636974611406,58.19547960263889,4,it's,0,0.08996600000000399,swimming,just,#,T,NG,T,initial
550.9241986284769,2139.2348526702644,2812.9292818996696,3.6898674342894604,3.94467282901941,4.021017760925557,6410.25641025641,0.00019419782705668059,746.2807571655329,0.040999999999999995,0.33064516129032256,1-0-1674-3,i,UT_009,009,2,fave,174.29943311208515,59.00320947910652,4,riding,0,0.09997500000008586,keep,"",D,NG,D,NG,internal
564.1058691480555,2010.5639704311575,2782.8357146165527,2.9515756776479556,3.7971866951880244,4.29472408164137,6230.7692307692305,0.00005379544323631162,747.7037491655329,0.027000000000000003,0.32142857142857145,1-0-1679-0,i,UT_009,009,2,fave,176.79390729809913,64.95406655095141,4,if,1,0.05999799999995048,"",it's,#,F,"",F,initial
461.8661801719189,1745.8347037728952,2575.2437709793107,3.3139804225325245,3.6809955438726587,4.27072217823011,6051.282051282051,0.00001729393897193061,747.8337541655329,0.027000000000000003,0.32142857142857145,1-0-1680-0,i,UT_009,009,2,fave,173.7805749748636,64.62696591954315,4,it's,0,0.05999799999995048,if,super,#,T,F,T,initial
502.89199372928897,2166.2195949779207,2675.0514037282223,3.2752626779539087,3.6583513838773465,4.0513389328167815,6230.7692307692305,0.00008117779714940937,750.0107485034014,0.04100000000000001,0.3306451612903227,1-0-1685-3,i,UT_009,009,2,fave,174.26737751453263,64.45671892717804,4,riding,0,0.10003699999992932,keep,"",D,NG,D,NG,internal
561.1587362156066,2098.494250010156,2634.6183100314965,3.0978414980120603,3.9016158472600226,4.389399762529128,6230.7692307692305,0.0008578920743912944,751.1127741655329,0.045,0.3358208955223881,1-0-1689-3,i,UT_009,009,2,fave,186.38905098442567,60.48944901972756,4,riding,0,0.10998500000005151,keep,"",D,NG,D,NG,internal
469.56205811769223,1790.5308711621387,2887.437260624187,2.9456459247304307,3.735451487260816,4.026572739838879,6051.282051282051,0.0017806184497609564,774.3873768344672,0.07100000000000001,0.3317757009345795,1-0-1716-7,i,UT_009,009,2,fave,218.16030029326882,61.31331492942556,4,sentences,0,0.19000199999993583,forty,"",S,Z,S,Z,internal
618.0048740827982,2075.1821046510995,2868.244523645342,3.380897976471931,3.695051756087513,4.4814709505850745,6051.282051282051,0.0010916174825312476,802.2337615034013,0.035,0.3365384615384616,1-0-1728-0,i,UT_009,009,2,fave,-6775.528423991461,52.34196854115434,4,if,0,0.08001799999999548,"",possible,#,F,"",F,initial
581.0698090729412,1676.6008459408079,2031.785106029346,3.6314789945101986,3.8404111627084645,4.172895811083912,6230.7692307692305,0.00005055302436560415,809.7817438344671,0.031,0.32978723404255317,1-0-1746-0,i,UT_009,009,2,fave,170.21663161093747,57.32923587337437,4,in,0,0.07000800000002982,ladder,our,#,N,*hr,N,initial
777.6772145401592,1601.6821364114212,3263.088029477349,3.504185312250805,3.058433734592085,3.5051696172150506,6230.7692307692305,8.249944524525392e-6,810.9697411655329,0.027000000000000003,0.32142857142857145,1-0-1751-4,i,UT_009,009,2,fave,174.10202014894244,56.19214940419607,4,violinist,1,0.059996999999953005,the,plays,L,N,L,N,internal
509.63850367644767,1591.8243175626305,2931.5882790615055,3.0001251831400317,3.3317353773799567,4.376867531404411,6230.7692307692305,0.00013468478757909993,812.7797381655329,0.027000000000000003,0.32142857142857145,1-0-1758-1,i,UT_009,009,2,fave,181.01467204708968,59.70900078943546,4,civil,1,0.05999800000006417,the,war,S,V,S,V,internal
523.4222829613759,1660.0908324916254,2586.3099613214167,3.3336367257750084,3.6498861596955194,4.058582861886029,6230.7692307692305,0.00005063851315030646,819.7136371655329,0.027000000000000003,0.32142857142857145,1-0-1783-0,i,UT_009,009,2,fave,177.84592828283715,56.356159680582394,4,its,0,0.05999800000006417,to,dish,#,T,Tuw,T,initial
583.5841909302029,2083.732731258795,2894.3599060524043,3.2052736433592335,3.2441336291055993,3.6612374290890526,6230.7692307692305,0.0002123321199704243,820.0136761655328,0.047,0.3263888888888889,1-0-1784-1,i,UT_009,009,2,fave,109.17146162419287,56.528465163900066,4,dish,1,0.11999500000001717,its,"",D,SH,D,SH,internal
703.3108445933533,1834.7645960282744,3110.690034168206,3.3902689437461118,3.476928046070996,3.9981794498333696,6230.7692307692305,0.00103937217487775,824.5236308344671,0.047,0.3263888888888889,1-0-1800-0,i,UT_009,009,2,fave,-13149.260423972579,49.78968013393348,4,in,0,0.11999500000001717,nail,the,#,N,L,N,initial
603.1074254878781,1815.7847954001097,2651.914851158267,3.5478851109564458,3.638799221428595,4.119450361406393,6769.2307692307695,0.0016144730277770538,827.7186385034014,0.057,0.3275862068965517,1-0-1813-1,i,UT_009,009,2,fave,151.71144192336214,56.84865281795933,4,ridge,1,0.15002500000002783,the,"",R,JH,R,JH,internal
719.3069966980851,1829.9933303583296,2236.36105226688,3.9571340330095297,3.69122193635172,4.6806224556738405,6051.282051282051,0.0000738840510730642,832.4936718344671,0.027000000000000003,0.32142857142857145,1-0-1830-3,i,UT_009,009,2,fave,164.87244022099327,52.67210099461748,4,during,0,0.05999799999995048,trail,the,R,NG,R,NG,internal
500.7596258893259,2189.459524247976,2855.137917220822,2.987447731767836,3.7239753391459502,3.7116063418934035,7128.205128205128,8.596594390184526e-6,834.1656548344671,0.031,0.32978723404255317,1-0-1836-0,i,UT_009,009,2,fave,157.88954782260035,59.79143329059279,4,is,1,0.07000800000002982,bay,home,#,Z,eyF,Z,initial
737.9795136063528,1884.674319513462,2474.7916708957805,3.6620692162814716,3.762283966146004,4.43183486920232,7128.205128205128,0.0003968420410750423,835.4476238344671,0.035,0.33653846153846156,1-0-1842-3,i,UT_009,009,2,fave,154.08382989623482,54.07111729492746,4,spring,1,0.080016999999998,the,"",*hr,NG,*hr,NG,internal
681.64446819283,1710.827100377952,2865.8806063973393,3.434106365724641,3.5611166783470987,3.7118056156214707,6230.7692307692305,0.00006771495674108934,840.9436351723356,0.027000000000000003,0.32142857142857145,1-0-1864-1,i,UT_009,009,2,fave,157.87498084033064,55.38589130769854,4,milk,1,0.06005799999991268,of,"",M,L,M,L,internal
402.46052561701487,2285.467144251793,2914.383466153903,2.443328795761358,3.6425130746690946,3.930202129077951,6230.7692307692305,0.000015087387256506417,842.1636548344671,0.027000000000000003,0.32142857142857145,1-0-1868-0,i,UT_009,009,2,fave,195.72129732719912,66.47850783971694,4,is,1,0.05999799999995048,smoothie,made,#,Z,spn,Z,initial
489.21497790618736,1889.9700012148844,2648.070940983376,4.104484345572929,3.8865398536668883,3.8963274093924842,4256.410256410256,0.0004141357496581984,848.0321708344671,0.031,0.32978723404255317,1-0-1888-3,i,UT_009,009,2,fave,87.91453050616677,49.55026017642579,4,needed,0,0.07000799999991614,children,a,D,D,D,D,internal
576.8631198371337,2119.4930558745855,2984.7809388764645,3.302376017757504,3.715043192002097,3.733695980047667,7128.205128205128,0.00027772745553845176,873.2586564965987,0.040999999999999995,0.33064516129032256,1-0-1967-2,i,UT_009,009,2,fave,167.74438423843733,57.51267278358509,4,sticks,1,0.09997599999996964,whittle,"",T,K,T,K,internal
646.6180478533521,1945.2843548514095,2854.5658691140475,3.254358172147492,3.4298411881037865,3.2556992972832917,6230.7692307692305,0.00021883122515142274,875.6536658276643,0.051000000000000004,0.3311688311688312,1-0-1977-1,i,UT_009,009,2,fave,150.80538508092522,55.0701082536642,4,ship,1,0.12994400000002315,the,"",SH,P,SH,P,internal
694.2921582881944,1468.7344189608812,3391.726406047485,3.5248833557654886,3.536921897863967,3.78270823925109,6230.7692307692305,0.000036214368010638106,877.6716451655329,0.027000000000000003,0.32142857142857145,1-0-1987-0,i,UT_009,009,2,fave,157.25550573242853,55.41102548359517,4,in,0,0.05999799999995048,cell,it,#,N,L,N,initial
767.0053746574837,2067.837644555921,3000.110645831004,3.4445775806250185,3.4543367125481312,3.6931689016106213,6230.7692307692305,0.00018343354130387945,877.7916381723356,0.067,0.3284313725490196,1-0-1988-0,i,UT_009,009,2,fave,169.5475206388474,54.39607983276937,4,it,0,0.18005299999992985,in,"",#,T,N,T,initial
579.8116122314673,1680.6677769734936,2353.9476201458483,3.0995689069426646,3.7308618010672743,4.326662504615672,6948.717948717948,0.0007724574105526943,886.4256508344671,0.035,0.3365384615384616,1-0-2019-2,i,UT_009,009,2,fave,207.17978547919716,60.782582929266724,4,britain,1,0.080016999999998,to,after,R,T,R,T,internal
659.9038743745676,1804.862116090338,2663.4792275767036,3.0794265542112704,3.7214853225898117,3.808521221887805,6948.717948717948,0.00043934884583890564,887.2436488344672,0.051000000000000004,0.3311688311688312,1-0-2022-2,i,UT_009,009,2,fave,88.57127329561239,57.97852649023221,4,trip,1,0.13000399999998535,his,"",R,P,R,P,internal
542.9609844722138,1603.4678763532618,2779.686778744126,3.3139997121911504,3.6336095766098433,3.4950900430091076,6051.282051282051,0.000018714549389478162,890.3716571655328,0.027000000000000003,0.32142857142857145,1-0-2034-1,i,UT_009,009,2,fave,178.919810350232,62.12041959244953,4,windows,1,0.05999800000006417,the,need,W,N,W,N,internal
562.5668959117243,2051.955047599994,2892.9956473115744,2.9789975805964195,3.1507715973303383,3.7779250163270794,6410.25641025641,0.00003164289389241209,894.2682548344671,0.031,0.32978723404255317,1-0-2046-1,i,UT_009,009,2,fave,175.82182781217918,61.72577177377764,4,mittens,1,0.07000799999991614,need,for,M,T,M,T,internal
536.5488774556582,1911.3513874839384,2029.433445288599,3.3745976004465925,3.7587418339859284,4.368140343437705,6230.7692307692305,0.00016016298674847765,901.2502415034013,0.035,0.3365384615384616,1-0-2072-2,i,UT_009,009,2,fave,82.92683917834206,57.87884005488776,4,drinking,1,0.080016999999998,are,"",R,NG,R,NG,internal
478.719338011704,2337.9712356961527,3103.0353068270147,3.3871561647382524,3.7112728889510587,3.9127871635179687,6410.25641025641,0.0000334945400373657,911.510245834467,0.035,0.33653846153846156,1-0-2110-1,i,UT_009,009,2,fave,194.18823110673378,63.43626411291242,4,kids,1,0.080016999999998,the,saw,K,D,K,D,internal
515.9707849623463,1813.624197205379,2302.268917514418,3.835232941181941,3.7255255900498194,4.191494764633382,6230.7692307692305,0.000038907707175610116,912.3482728344671,0.031,0.32978723404255317,1-0-2115-0,i,UT_009,009,2,fave,200.18934373927124,61.4597691862216,4,in,0,0.07000699999991866,utter,the,#,N,*hr,N,initial
586.184304472923,2323.987349503425,2980.064576641644,3.745556412879865,3.805540139828163,3.9451895770234504,6230.7692307692305,0.00031999910519802066,912.8752421723356,0.045,0.3358208955223881,1-0-2117-4,i,UT_009,009,2,fave,205.75883182294905,60.117285574255284,4,painting,0,0.11004600000001119,the,"",T,NG,T,NG,internal
856.9042404305752,1173.3162305977125,2686.557177524415,3.366054598098358,3.416000867750209,4.542694876411416,5692.3076923076915,0.002488944668176797,81.19014983446712,0.075,0.33482142857142855,1-0-20-0,o,UT_009,009,2,fave,152.51049927623998,51.52028923976863,4,ogden,1,0.20000500000000443,in,when,#,G,N,G,initial
655.829571070614,1140.2051361240522,2477.6779721147172,3.9117092070978985,3.2302960712143265,4.639254125144392,5333.333333333333,0.00046402870511349934,85.29814916553288,0.031,0.32978723404255317,1-0-37-1,o,UT_009,009,2,fave,156.72821550891973,49.56845215360976,4,want,1,0.06999999999999318,you,like,W,N,W,N,internal
777.5588557398444,1302.6014422041947,2550.891865202678,3.2317822104497678,3.3875090916442514,4.199143188743838,5871.794871794871,0.00024504038734642997,89.28434983446712,0.047,0.3263888888888889,1-0-46-0,o,UT_009,009,2,fave,169.44215372557085,57.05771802469761,4,ogden,1,0.12000299999999697,in,until,#,G,N,G,initial
774.2684709245923,1043.9919622340924,2739.754126004551,3.749790479232052,3.786497494545105,4.024390311690812,5333.333333333333,0.000020001594763912088,104.56335083446712,0.025,0.33783783783783783,1-0-83-1,o,UT_009,009,2,fave,175.49750249958083,49.690096200911626,4,college,1,0.050003000000003794,to,"",K,L,K,L,internal
782.0635469205342,1044.6303988265274,2740.3071104925075,3.2239479980353636,3.481267189162882,3.938321815795933,5512.820512820513,0.0007698397214373691,108.20435383446713,0.067,0.3284313725490196,1-0-95-0,o,UT_009,009,2,fave,90.84194918267889,53.819318366413555,4,ogden,1,0.1799999999999926,"","",#,G,"",G,initial
807.8234228549068,1054.8988674602542,2881.391489549466,3.3943197764599704,3.5877510216398747,4.1405123697486665,6051.282051282051,0.023977984622355838,120.63914716553288,0.065,0.33505154639175255,1-0-141-0,o,UT_009,009,2,fave,89.30936853278662,52.86120203722591,4,ogden,1,0.16999800000000675,"","",#,G,"",G,initial
768.2592937608991,1329.5674663253264,2967.6318143461863,3.3817682213780365,3.86669014672753,4.464770862965318,5692.3076923076915,0.00012346633614720198,144.92944216553286,0.027000000000000003,0.32142857142857145,1-0-181-0,o,UT_009,009,2,fave,165.46195932710216,51.35115130352164,4,on,1,0.05999800000000732,"","",#,N,"",N,initial
730.3952108523175,1103.4576917895574,3084.64848971975,3.2652089344261817,3.3514219717583433,4.617809828073072,6051.282051282051,0.0008000126102512877,172.96644683446712,0.040999999999999995,0.33064516129032256,1-0-216-0,o,UT_009,009,2,fave,180.144154985281,60.25331625919437,4,all,1,0.10000600000000759,"",day,#,L,"",L,initial
741.8236982048979,1139.7972283409256,2433.9132963257434,3.0159623380806004,3.5965439788204225,4.567172777510566,5871.794871794871,0.0005722435134638853,181.7101511655329,0.055,0.33536585365853655,1-0-251-1,o,UT_009,009,2,fave,136.97933507972118,56.468450329259625,4,soccer,1,0.1399990000000173,to,"",S,K,S,K,internal
752.6578173970875,1196.6559726658604,2574.2136021788347,3.3745585664930435,3.540481433770452,4.598558658471678,5871.794871794871,0.00182501524958841,184.0311488344671,0.057,0.32758620689655177,1-0-259-0,o,UT_009,009,2,fave,109.35505209641434,55.51945023202626,4,ogden,1,0.15000899999998296,north,"",#,G,TH,G,initial
797.9320610088505,1198.259693562993,3173.078008406664,3.216271279552849,4.017519033200183,4.641917625488343,6589.74358974359,0.00027124903518037895,187.64614816553285,0.027000000000000003,0.32142857142857145,1-0-270-0,o,UT_009,009,2,fave,NaN,57.350471223519314,4,all,1,0.05999700000000985,"",the,#,L,"",L,initial
810.9384255640294,1535.0859042750335,1926.41584065623,3.4098542233783493,4.039820476607403,4.363336625394594,5333.333333333333,0.0011799809441169627,189.19114683446713,0.037000000000000005,0.324561403508772,1-0-279-0,o,UT_009,009,2,fave,169.25937759098446,51.287904936718924,4,on,1,0.09001100000000406,dinner,our,#,N,*hr,N,initial
771.6815402343038,1743.5852752940352,2681.8522343496375,3.4307545997807782,3.3288234751229453,4.165715792969815,5871.794871794871,0.000013674102228762807,190.83615016553287,0.027000000000000003,0.32142857142857145,1-0-284-0,o,UT_009,009,2,fave,157.87002172669278,52.87453792605119,4,on,1,0.0599979999999789,usually,our,#,N,iyF,N,initial
712.3253237894745,1146.0835021644475,2910.280704570563,3.3169984829951886,3.8991473509543515,4.995088676934263,7128.205128205128,0.0003177061263366469,199.60114983446712,0.037,0.32456140350877194,1-0-318-1,o,UT_009,009,2,fave,180.63015763843012,62.690171477718685,4,lot,1,0.08999700000001098,a,of,L,T,L,T,internal
694.7377754955328,1314.0724562321266,2239.2656609202713,2.9487621796224897,4.036252036016252,4.656467432922808,5692.3076923076915,0.00035680825272203407,200.24114983446714,0.037000000000000005,0.324561403508772,1-0-322-1,o,UT_009,009,2,fave,110.39360452217376,56.17341545106166,4,soccer,1,0.08999599999998509,at,"",S,K,S,K,internal
809.7129215478664,1188.901492881747,3031.2094713251836,3.6960273045433776,3.758700811997279,4.127097854176603,6769.2307692307695,0.002157549628120562,218.18525416553285,0.075,0.3348214285714286,1-0-329-1,o,UT_009,009,2,fave,154.24949900879372,59.010987854064815,4,mom,1,0.1999969999999962,good,"",M,M,M,M,internal
856.043883486467,1562.7249178643708,2518.74192330396,3.453396127122218,3.846675673660269,4.521546496970146,5692.3076923076915,0.000021419026098658136,219.23325183446713,0.031,0.32978723404255317,1-0-336-1,o,UT_009,009,2,fave,192.69080868443655,63.82610932353732,4,not,1,0.07000700000000393,i'm,a,N,T,N,T,internal
868.9400942361827,1368.2553008841487,2699.9381423919945,3.51886150754411,3.213802763276356,4.49418993282632,5692.3076923076915,0.00038958024834272556,219.78125416553289,0.047,0.3263888888888889,1-0-340-1,o,UT_009,009,2,fave,156.19155137959493,60.44089755738836,4,mom,1,0.11999499999998875,good,"",M,M,M,M,internal
771.2656667019638,1015.6520075462236,2744.094802434448,3.385886187249739,3.6967972808481013,4.57169320893602,5871.794871794871,0.005012901546080365,220.53125416553289,0.047,0.3263888888888889,1-0-345-0,o,UT_009,009,2,fave,168.85212755174786,61.056148079831104,4,awesome,1,0.11999499999998875,"",awesome,#,S,"",S,initial
777.9293312654213,1157.7639131909013,3254.6206608558246,3.651906291099926,3.597488042211862,4.333940058916664,6948.717948717948,0.0015295173269484273,220.87625116553286,0.057,0.3275862068965517,1-0-346-0,o,UT_009,009,2,fave,144.60630945065162,56.24414692870594,4,awesome,1,0.14999400000002083,awesome,children,#,S,M,S,initial
738.5506994615,1053.9934820504038,2939.465694169049,3.3669440740076566,3.511515665842916,3.7183097111430974,5512.820512820513,0.00028403854474937416,230.1810471655329,0.065,0.33505154639175255,1-0-359-0,o,UT_009,009,2,fave,182.76781502872515,57.189415366571595,4,all,1,0.16999799999999254,"",of,#,L,"",L,initial
759.8096450537049,1233.082984039007,2513.8715376109817,3.0853981772137007,3.236548283343775,4.766385450922457,5692.3076923076915,0.00024335686523985708,278.9983528344671,0.040999999999999995,0.33064516129032256,1-0-484-1,o,UT_009,009,2,fave,164.77580584104393,63.6452836190715,4,walked,1,0.10000600000000759,i,out,W,K,W,K,internal
775.7465855873638,1429.4984397718742,3065.7791817620023,3.0941596071703454,3.784597754022297,4.179682565188095,5871.794871794871,0.00032525045666543183,281.9433401655329,0.07100000000000001,0.3317757009345795,1-0-499-1,o,UT_009,009,2,fave,129.00472181020737,60.96594572358944,4,lot,1,0.19000199999999268,parking,"",L,T,L,T,internal
831.2058372388468,1359.2607880930368,2644.684436669281,3.4193920710551517,3.5043523596346056,4.568326649419618,5692.3076923076915,0.0016156341078775332,288.18144883446706,0.061000000000000006,0.3315217391304348,1-0-519-1,o,UT_009,009,2,fave,162.6065656003869,61.86458204753782,4,not,1,0.16000300000001744,did,hit,N,T,N,T,internal
829.5359146523181,1557.9301171077827,2870.3852179333844,3.9578663118083126,3.938468392325209,4.461441704923524,5512.820512820513,0.000595880286474725,291.84145049659867,0.040999999999999995,0.33064516129032256,1-0-535-1,o,UT_009,009,2,fave,215.35141006100733,53.9424146042725,4,not,1,0.09997599999996964,did,hit,N,T,N,T,internal
779.3157209529982,1207.242037925184,2415.4894033690002,3.427125780445492,3.305183099366346,4.346320624770955,5871.794871794871,0.0005017331918276502,336.13515316553287,0.051000000000000004,0.3311688311688312,1-0-617-1,o,UT_009,009,2,fave,NaN,57.565107574431494,4,walk,1,0.1300040000000422,could,we,W,K,W,K,internal
834.1936637589677,1305.616377738929,2379.4495131549784,3.1898253832495227,3.548191636476386,4.3947232406441215,5871.794871794871,0.0001323357092967048,346.6078581655329,0.037,0.32456140350877194,1-0-640-2,o,UT_009,009,2,fave,179.42274011914216,69.27117432997079,4,probably,1,0.08999699999998256,i,literally,R,B,R,B,internal
723.584949515834,1066.852047759099,2463.1513063764532,3.093238357791909,3.2130845116084394,4.583062246590474,5871.794871794871,0.0002591840843298987,348.61483816553283,0.031,0.32978723404255317,1-0-646-1,o,UT_009,009,2,fave,NaN,61.9855689553804,4,walk,1,0.07000700000003235,i,"",W,K,W,K,internal
873.1321352400147,1476.3734177496165,2876.1113709325127,3.4130219501487953,3.469624609293653,4.239612143772294,6051.282051282051,0.00014648513941928085,358.32985449659867,0.04100000000000001,0.3306451612903227,1-0-654-1,o,UT_009,009,2,fave,187.5330090747186,66.22635167362355,4,not,1,0.09997499999997217,well,this,N,T,N,T,internal
760.0717208501891,1886.369398239649,2446.451147139257,3.5576936318101406,3.903232393786521,4.331097287851351,6230.7692307692305,0.00017058229728120455,390.3072658344671,0.037000000000000005,0.324561403508772,1-0-687-0,o,UT_009,009,2,fave,154.77157199447177,58.8506319111853,4,also,1,0.08999699999998256,i,started,#,L,ay,L,initial
808.6931556703879,1036.3359358862094,2242.510259062334,3.6264140211143614,3.769325308607441,4.417906355988823,5153.846153846154,0.04385215884610954,397.51425316553286,0.091,0.3321167883211679,1-0-714-0,o,UT_009,009,2,fave,166.07014413621533,58.917265545966224,4,on,1,0.25,"","",#,N,"",N,initial
824.633994074027,1380.1572284027793,2413.457654666902,3.260996102632335,3.4860972412397193,3.952208496160981,5871.794871794871,0.00027863638161803754,399.68325249659864,0.031,0.32978723404255317,1-0-720-1,o,UT_009,009,2,fave,176.6519005414836,65.75341619810243,4,taught,1,0.0699769999999944,i,skiing,T,T,T,T,internal
830.8973584111004,1367.644051725872,2544.9787927186544,3.42786068047569,3.827275633812686,4.315731767228979,5692.3076923076915,0.003070181410104413,417.40624916553287,0.057,0.32758620689655177,1-0-752-1,o,UT_009,009,2,fave,140.89066637494065,55.10510617822631,4,shockingly,1,0.1499939999999924,is,"",SH,K,SH,K,internal
795.0490768117029,1242.8971191375288,2130.306804041047,3.432406039871315,3.2623875099685984,4.186278367142952,5692.3076923076915,0.0006835550342368152,434.7943474965986,0.045,0.3358208955223881,1-0-804-1,o,UT_009,009,2,fave,161.9168438846724,62.214143588834034,4,body,1,0.10998599999999215,your,ready,B,D,B,D,internal
691.3862628810787,1602.7394548944785,2374.948098390374,3.2473965773745306,3.61114575674379,4.22269602750389,5871.794871794871,0.00020030736389499488,490.95354383446715,0.035,0.3365384615384616,1-0-964-1,o,UT_009,009,2,fave,162.31427583239065,67.67974742218715,4,got,1,0.080016999999998,we,a,G,T,G,T,internal
769.0050850191454,1654.09632845957,2537.271794953211,3.249759616050412,3.720303753509891,4.32215746081778,5871.794871794871,0.00009168743332362751,492.08355450340133,0.035,0.33653846153846156,1-0-970-1,o,UT_009,009,2,fave,152.79224573164214,61.94415477774978,4,got,1,0.080016999999998,i,demoted,G,T,G,T,internal
752.6254392054318,1510.5673979298408,2298.386008960841,3.4302324347382696,3.9893269222473546,4.510811855095278,5871.794871794871,0.00015613264792149357,494.04353983446714,0.035,0.3365384615384616,1-0-978-1,o,UT_009,009,2,fave,158.75801091579802,60.90255667737881,4,daughter,1,0.080016999999998,my,<unk>,D,T,D,T,internal
784.3132002751722,1153.499199400253,2930.3926346414178,3.15160705239591,3.175586108833287,4.376146062477317,5871.794871794871,0.00022822528388722225,496.12955116553286,0.047,0.3263888888888889,1-0-984-1,o,UT_009,009,2,fave,150.10279744164265,68.05413588593726,4,taught,1,0.11999600000001465,"",that,T,T,T,T,internal
738.113221407821,1186.1303791260475,1824.416213375772,3.99850805175457,3.347744835791318,4.387898229599856,4435.897435897436,0.0005389786506898401,506.28855516553284,0.045,0.3358208955223881,1-0-1020-1,o,UT_009,009,2,fave,301.60169493343835,65.29790509316427,4,wants,1,0.10998499999999467,who,this,W,N,W,N,internal
719.4259915282885,1661.3689889172274,2481.6281615514326,3.5687960428668792,3.7105215769548683,4.183803959157661,5871.794871794871,0.00008216046420998606,513.7859558344671,0.031,0.32978723404255317,1-0-1054-1,o,UT_009,009,2,fave,153.7808575390673,62.89899819272106,4,got,1,0.07000699999991866,he,really,G,T,G,T,internal
778.0634964573903,1318.312672671799,2581.00336793614,3.326170493432931,3.584287708518817,4.085678538138084,5871.794871794871,0.0004875643208185936,514.4979678344671,0.055,0.3353658536585366,1-0-1057-0,o,UT_009,009,2,fave,154.90039988502934,59.90060146259116,4,off,1,0.140013999999951,pissed,that,#,F,T,F,initial
694.7183479953628,1412.852572461795,2673.3552291126953,3.3604644668448636,3.58641489818748,4.715553327631192,6051.282051282051,0.0004107942291343737,517.0389558344672,0.037,0.32456140350877194,1-0-1068-1,o,UT_009,009,2,fave,159.28304897724084,60.835380599461324,4,got,1,0.09002599999996619,only,a,G,T,G,T,internal
736.3601066879485,1221.4078363437498,3030.78694186509,3.185383355642589,3.1375828249484634,4.360210676895642,5871.794871794871,0.00027474813745496387,538.9403501655329,0.045,0.3358208955223881,1-0-1104-1,o,UT_009,009,2,fave,158.7561410025725,62.366223685135154,4,lot,1,0.10998500000005151,a,of,L,T,L,T,internal
759.5235119584502,1528.8731863971248,2766.665226661757,3.930532799301464,3.9052859955741264,4.644061095636722,5871.794871794871,0.0000529629661917271,540.713318165533,0.031,0.32978723404255317,1-0-1112-0,o,UT_009,009,2,fave,153.09468822009052,58.6902111149324,4,on,1,0.07000699999991866,putting,two,#,N,NG,N,initial
771.0438751661065,1210.667029185168,2740.625201534236,3.20606321337723,3.398789249086218,3.9825164767041943,5871.794871794871,0.00240357783120535,541.5463704965986,0.07700000000000001,0.3290598290598291,1-0-1116-1,o,UT_009,009,2,fave,105.17508377300037,56.69408101380711,4,socks,1,0.20996100000002116,of,"",S,K,S,K,internal
715.8414446513086,1354.7205101156255,2726.1305373359587,3.295367928977138,3.4209063720326642,4.581266037079358,6410.25641025641,0.0002787096199006582,545.7303451723355,0.045,0.3358208955223881,1-0-1128-0,o,UT_009,009,2,fave,80.21884037721489,60.583972373419925,4,off,1,0.11004600000001119,cuts,the,#,F,S,F,initial
745.3273261307173,1153.0558919883051,2564.9457500139983,3.7818816199644405,3.51726845644837,4.79559550142922,5333.333333333333,0.01016994751229006,549.7283295034015,0.061000000000000006,0.3315217391304348,1-0-1141-0,o,UT_009,009,2,fave,79.17240059370647,57.719390202900755,4,also,1,0.160033999999996,and,if,#,L,D,L,initial
841.1797407822286,1210.8965941222368,2631.559860875363,3.373310005727147,3.3568847857062076,3.9516021987848786,5871.794871794871,0.00007353935008425672,554.2633728344671,0.031,0.32978723404255317,1-0-1156-1,o,UT_009,009,2,fave,126.49745814539958,62.272454514642966,4,call,1,0.07000700000003235,we,a,K,L,K,L,internal
861.4400224745876,1195.3469148334318,2920.6874812816286,3.3030275756760124,3.269786681686428,4.142497944952769,5871.794871794871,0.000641771997587489,554.6533778344672,0.051000000000000004,0.3311688311688312,1-0-1158-1,o,UT_009,009,2,fave,79.93533656631423,61.03775190725526,4,hot,1,0.13000399999998535,a,spot,HH,T,HH,T,internal
822.9772751947105,1239.7677529160012,2681.759725757129,3.4628498752067136,3.6541165166246423,4.3737372546952535,5692.3076923076915,0.005960121079884636,555.0913541655328,0.087,0.32954545454545453,1-0-1159-2,o,UT_009,009,2,fave,212.17810782955718,64.79725295455279,4,spot,1,0.23999100000003182,hot,where,P,T,P,T,internal
778.8128069534386,1263.4992195958314,2683.7030062743584,3.151524936353935,3.1765822913168664,3.9887791471273775,6051.282051282051,0.00035894681238849324,567.5291608344672,0.07100000000000001,0.3317757009345795,1-0-1201-1,o,UT_009,009,2,fave,161.27267401787515,62.30516819500131,4,socks,1,0.1900029999999333,of,"",S,K,S,K,internal
729.2126763307364,1090.2525014818837,2367.9231394084,3.81133234159152,3.575677614586918,4.636848439268717,5333.333333333333,0.006446379916631947,582.9541395034014,0.101,0.3322368421052631,1-0-1256-0,o,UT_009,009,2,fave,161.5930697119046,57.35348745261108,4,on,1,0.28003000000001066,ski,"",#,N,iyF,N,initial
834.6928989858483,1353.8609344670324,2602.041891282592,3.325141624671667,3.3957515409382024,4.521750834363096,6230.7692307692305,0.001409761338392099,587.5011318344672,0.075,0.33482142857142855,1-0-1272-2,o,UT_009,009,2,fave,146.97246465872956,64.36124712235352,4,stop,1,0.20001200000001518,to,"",T,P,T,P,internal
763.3546752841472,1130.3553944406303,2609.290586599319,3.0283721234511187,3.2860294065554556,3.95483193855787,5871.794871794871,0.0009617744837466974,599.9916295034013,0.097,0.3299319727891156,1-0-1316-2,o,UT_009,009,2,fave,155.696109952198,62.233262544309824,4,stop,1,0.270020000000045,and,and,T,P,T,P,internal
649.1321519476251,1284.6842609319015,2194.563360096438,3.7251391826847255,3.2870575171054814,4.445333647324173,5333.333333333333,0.0006666827654310883,603.1156431655329,0.045,0.3358208955223881,1-0-1326-0,o,UT_009,009,2,fave,165.79837224274556,61.38934170760265,4,on,1,0.10998500000005151,it,a,#,N,T,N,initial
732.5217570773303,1195.9550232698975,3127.578833010327,3.2668751513219005,3.3472454794355233,4.536409381107852,6410.25641025641,0.0022848551244137494,628.7962461655329,0.045,0.3358208955223881,1-0-1369-1,o,UT_009,009,2,fave,157.02378698424636,63.293788328889725,4,lot,1,0.10998499999993783,a,of,L,T,L,T,internal
846.4720307797594,1311.9088167636032,2554.968506837585,3.2210106966070744,3.264863011148969,4.329364398037963,5871.794871794871,0.0001664671213107637,639.3972381723355,0.047,0.3263888888888889,1-0-1409-1,o,UT_009,009,2,fave,NaN,57.81985678104603,4,top,1,0.12005599999997685,very,of,T,P,T,P,internal
753.2568611043286,1047.729183358222,2259.238579781231,3.995549136669008,3.6088635535099978,4.57867143911094,5153.846153846154,0.00016835748489365363,648.0069638344671,0.031,0.32978723404255317,1-0-1445-1,o,UT_009,009,2,fave,160.8601408780844,55.912100353380794,4,wanna,1,0.07000700000003235,they,learn,W,N,W,N,internal
850.4492105973517,1167.0287332205885,2629.1627151080124,3.307566533415712,3.6806593853513516,4.111112036056703,5512.820512820513,0.0016552484316210065,667.7418325034014,0.057,0.3275862068965517,1-0-1448-1,o,UT_009,009,2,fave,90.56208076856177,56.69767446803909,4,chopped,1,0.15002400000003036,"",up,CH,P,CH,P,internal
794.6730313060303,1164.210635180193,2577.3085209395404,3.1805991112521825,3.297643239118668,4.311200122433426,5871.794871794871,0.0004173941036742232,680.6282415034013,0.04100000000000001,0.3306451612903227,1-0-1486-1,o,UT_009,009,2,fave,115.21741446710696,59.54602285554281,4,top,1,0.10003700000004301,the,of,T,P,T,P,internal
749.0819967582958,1026.108629284004,2618.707998010386,3.2319132119141165,3.2627704240073436,4.305141540361841,5871.794871794871,0.0002478728897182334,708.9111651655329,0.065,0.3350515463917526,1-0-1564-1,o,UT_009,009,2,fave,152.7084908738012,60.968000299180886,4,fall,1,0.169983000000002,can,in,F,L,F,L,internal
772.4164096975471,1461.6709744311468,2441.4678936424352,3.2502105060410265,3.8356152768020393,4.497519369970306,5871.794871794871,0.0012603937374654878,726.787762834467,0.055,0.3353658536585366,1-0-1626-1,o,UT_009,009,2,fave,183.52989156553195,65.39050817591634,4,shock,1,0.1400140000000647,little,absorbers,SH,K,SH,K,internal
717.8952746126484,1117.610738257571,2864.054761056745,3.387343881986371,3.303358234228994,4.166087463189633,5692.3076923076915,0.0001590229841803377,731.5807394965987,0.04100000000000001,0.3306451612903227,1-0-1643-1,o,UT_009,009,2,fave,168.91180323179182,63.19025536463299,4,lot,1,0.09997500000008586,a,of,L,T,L,T,internal
464.3986374894037,1450.091339427013,2811.972917207751,4.504181292356856,4.4298156652828915,4.482426664161051,6230.7692307692305,0.003086458091975087,732.6257378344671,0.031,0.32978723404255317,1-0-1646-1,o,UT_009,009,2,fave,NaN,56.081248002813254,4,talk,1,0.07000799999991614,mental,"",T,K,T,K,internal
743.3922325494528,1113.5581711309715,2832.304004933591,3.1022438736531512,3.278459007035297,3.631368329044396,5871.794871794871,0.0006668275137727424,802.4767525034014,0.04100000000000001,0.3306451612903227,1-0-1729-1,o,UT_009,009,2,fave,-58605.01002474107,53.6382661334373,4,possible,1,0.10003599999993185,if,"",P,S,P,S,internal
826.3273858369084,1381.8234143222487,2731.5369328983593,3.037133355999333,3.5061387631101852,3.985815660223219,6769.2307692307695,0.0009416858085859167,818.3436391723357,0.067,0.3284313725490196,1-0-1777-1,o,UT_009,009,2,fave,180.45086528383217,65.62666322434237,4,dog,1,0.18005399999992733,the,saw,D,G,D,G,internal
828.091966462568,1264.2819882741915,2550.920255643419,3.324488355068786,3.645876113244014,4.324950904863882,6769.2307692307695,0.0034088401380337058,818.7306485034014,0.061000000000000006,0.3315217391304348,1-0-1778-1,o,UT_009,009,2,fave,164.52910763007645,60.829987638538256,4,saw,1,0.160033999999996,dog,a,S,#,S,@,final
765.1325033692891,1265.5988206327052,2598.907544898672,3.2463309451819544,3.58225640637779,4.715270732418661,7307.692307692308,0.0008663116425227184,826.4726371655329,0.045,0.3358208955223881,1-0-1807-1,o,UT_009,009,2,fave,171.32150214982835,62.097876038939106,4,saw,1,0.10998500000005151,children,the,S,#,S,DH,final
834.68014030239,1389.545388457512,2597.363018216307,3.138646171398534,3.5298609595919808,4.6082266182671585,7666.666666666666,0.002738762961419209,831.1506315034014,0.061000000000000006,0.33152173913043487,1-0-1825-1,o,UT_009,009,2,fave,174.62267734598183,66.82828347145964,4,dog,1,0.160033999999996,the,sleeps,D,G,D,G,internal
733.7047587734821,1215.7627709030253,2576.0950096792835,3.774160400355175,4.082769503838588,4.436595681794718,6589.74358974359,0.00014367918527893512,831.8356378344671,0.031,0.32978723404255317,1-0-1827-0,o,UT_009,009,2,fave,173.2967557252652,56.69958055908909,4,on,1,0.07000800000002982,sleeps,the,#,N,S,N,initial
855.6218878417814,1206.867698539534,2611.8719503019047,3.4880153936032467,3.5521739405569934,4.80793647873697,5692.3076923076915,0.00021008905184952223,833.5686684965987,0.037000000000000005,0.324561403508772,1-0-1834-1,o,UT_009,009,2,fave,175.78511554768735,61.80114829812752,4,monterey,2,0.08996600000000399,"",bay,M,N,M,N,internal
825.6214086024294,1185.9871575272236,1992.0354448999815,3.8049854704330057,3.691472985843074,4.546187581193642,5153.846153846154,0.0022692050493226708,837.9386534965986,0.057,0.3275862068965517,1-0-1852-5,o,UT_009,009,2,fave,49.41758516616431,52.707057142679275,4,restaurant,2,0.14996300000007068,the,"",R,N,R,N,internal
776.8847425695895,1198.4609638711759,3166.716420751153,3.871798671996508,3.4294744706206313,3.765150889485078,5871.794871794871,0.00034347065575366476,846.1521611655329,0.031,0.32978723404255317,1-0-1883-0,o,UT_009,009,2,fave,184.98714126910312,55.643232895068564,4,on,1,0.07000700000003235,"",cheese,#,N,"",N,initial
746.0985596988438,1132.1575913450692,2686.787245525662,3.057704080894881,3.1282935647471795,3.8006471903560395,5871.794871794871,0.00005186758156090644,855.0771374965987,0.040999999999999995,0.33064516129032256,1-0-1916-1,o,UT_009,009,2,fave,164.38631728896368,60.94183732296953,4,bottles,1,0.09997600000008333,collects,for,B,T,B,T,internal
777.6653307712006,1163.5564974280571,2501.8733798086973,3.2061108987253037,3.570354903246814,4.240709971561727,5512.820512820513,0.00009652257507240259,860.6021618276644,0.031,0.32978723404255317,1-0-1932-1,o,UT_009,009,2,fave,165.68085692407652,62.016762500513266,4,water,1,0.06994600000007267,used,for,W,T,W,T,internal
757.6573829947041,1252.506824468945,2812.172345391624,2.7553771516264134,3.0561675255616074,4.1285181066703345,6410.25641025641,0.0019196347826681147,868.2586564965987,0.04100000000000001,0.3306451612903227,1-0-1947-1,o,UT_009,009,2,fave,188.7856638041278,66.79773875858832,4,bottles,1,0.09997599999996964,collects,for,B,T,B,T,internal
812.712193228163,1327.8096023512005,2561.2696977672413,3.348480723807783,3.993091396123732,4.0659201504110385,6769.2307692307695,0.0024157437042568257,883.430645165533,0.045,0.3358208955223881,1-0-2010-1,o,UT_009,009,2,fave,169.15825910767228,60.61989982873603,4,saw,1,0.10998499999993783,woman,the,S,#,S,DH,final
833.4206947904349,1217.8789314390256,2622.0516532084375,3.0034329142925316,3.611745664375252,4.197208921085315,6410.25641025641,0.0005037652006214008,883.7766325034014,0.037000000000000005,0.324561403508772,1-0-2012-1,o,UT_009,009,2,fave,91.33978049795765,61.09660812077223,4,cotton,1,0.09002599999996619,the,yesterday,K,T,K,T,internal
759.4918966786975,1112.2976028940168,2962.356675358759,3.3069650294743216,3.316012446752655,3.936922382551871,6230.7692307692305,0.00005208740177295122,891.7386374965987,0.040999999999999995,0.33064516129032256,1-0-2038-2,o,UT_009,009,2,fave,161.73188289107665,61.20375007642044,4,block,1,0.09997499999997217,to,the,L,K,L,K,internal
806.3770577424141,1283.7631975757756,2444.732653964332,3.2883110988472404,3.6562265581143363,4.080414371070546,5692.3076923076915,0.0003852317432806812,896.2612415034014,0.057,0.32758620689655177,1-0-2053-1,o,UT_009,009,2,fave,171.03678484360208,64.66364979120142,4,bought,1,0.15002400000003036,lawyer,a,B,T,B,T,internal
768.6049179865571,1117.503018039177,2773.9160093441196,3.6423585765081308,3.4328399668641287,4.160407966692124,5692.3076923076915,0.00016988439475445783,909.0012415034014,0.037000000000000005,0.324561403508772,1-0-2102-1,o,UT_009,009,2,fave,185.41590426282258,62.261024200247434,4,watches,1,0.09002699999996366,man,shows,W,CH,W,CH,internal
773.7503603127575,1127.418466051052,2334.3302927854097,3.897429151083884,3.7400082314044854,5.042898195303614,5512.820512820513,0.025809904967107923,910.380230834467,0.055,0.3353658536585366,1-0-2106-0,o,UT_009,009,2,fave,117.09302480878895,55.34196020562445,4,on,1,0.1400149999999485,latin,youtube,#,N,N,N,initial
738.4733995332602,1228.8365298840522,2419.260821124516,3.492136289121523,3.773836235802175,4.34134799489029,6051.282051282051,0.0011567527505775396,911.7852534965987,0.045,0.3358208955223881,1-0-2111-1,o,UT_009,009,2,fave,177.3145939013317,61.78650098005003,4,saw,1,0.1099859999999353,kids,an,S,#,S,@,final
761.21785512694,1141.1112573778883,2702.3235483497206,3.1862276045622964,3.2427226983932913,4.5483521370594335,6230.7692307692305,0.00029861262711794424,916.4652521655329,0.045,0.3358208955223881,1-0-2132-1,o,UT_009,009,2,fave,169.38405701492735,63.99406837916849,4,waddle,1,0.10998500000005151,to,down,W,D,W,D,internal
789.2995080801728,984.6415543714543,2204.2195357889454,4.005850837581723,3.4762130387144783,4.577868358935392,5333.333333333333,0.002815387690097899,917.4362231655329,0.047,0.3263888888888889,1-0-2136-1,o,UT_009,009,2,fave,103.20527937804002,54.7143093032933,4,pond,1,0.11999500000001717,the,"",P,N,P,N,internal
544.3593297023525,1894.4729926264215,2738.2538008945085,3.0865839601290137,3.4852766453743094,3.82700158097281,5871.794871794871,0.00004182156266271893,81.50014616553288,0.035,0.33653846153846156,1-0-20-3,@,UT_009,009,2,fave,169.64234618653586,51.53977586752209,4,ogden,0,0.08000199999999325,in,when,D,N,D,N,internal
535.145707928681,1189.5146850690128,2711.6887784593046,3.027642863773317,3.192214459023011,4.224983624016929,5871.794871794871,0.00004165182765180896,82.37815116553287,0.031,0.32978723404255317,1-0-24-3,@,UT_009,009,2,fave,169.0575971145381,58.64364805022823,4,little,0,0.07000000000000739,was,and,T,L,T,L,internal
537.5681209633825,1843.9459130764176,2711.3645640766513,3.4270937998814084,3.9275576441944153,4.376765705149375,5153.846153846154,7.772359312000747e-6,89.50335383446712,0.025,0.33783783783783783,1-0-46-3,@,UT_009,009,2,fave,169.89535050913256,49.63561882486319,4,ogden,0,0.050003000000003794,in,until,D,N,D,N,internal
535.9462932086279,1747.8726696007893,2703.099099414081,3.8590606202852573,3.7650819234752686,3.4651278097099607,5871.794871794871,0.00004085510093244057,89.59434983446711,0.027000000000000003,0.32142857142857145,1-0-47-0,@,UT_009,009,2,fave,164.8604462757847,50.22993067618722,4,until,0,0.06000500000000386,ogden,first,#,N,N,N,initial
663.2717922722024,1994.3169553890189,2866.1094192369233,3.3380172897452387,3.578063234888171,3.7653410679644965,5871.794871794871,0.0010891267233972726,108.56635483446712,0.07100000000000001,0.3317757009345795,1-0-95-3,@,UT_009,009,2,fave,85.57739487368441,47.43408429398688,4,ogden,0,0.19000199999999268,"","",D,N,D,N,internal
577.4650974043443,2024.2713996909624,2736.5673060342824,3.5681590034159374,3.831062335910579,3.8928401861050785,5871.794871794871,0.0004282954141626293,111.75435383446711,0.027000000000000003,0.32142857142857145,1-0-102-0,@,UT_009,009,2,fave,161.69338837920006,46.61337474138955,4,a,0,0.05999699999999564,only,few,#,#,iyF,F,coextensive
731.1085277215326,1969.119590668572,2936.233853117236,3.514239456208449,3.6487310096177037,3.5877245919782577,5871.794871794871,0.00042885503667505396,120.96915183446713,0.085,0.3346456692913386,1-0-141-3,@,UT_009,009,2,fave,179.8749502601388,50.37116464551045,4,ogden,0,0.23000399999999388,"","",D,N,D,N,internal
675.6665651991419,2214.5731152248186,3024.754179129175,3.9834860485495427,4.003906642109969,4.345942209305241,5871.794871794871,0.0006083819021791648,123.61014983446711,0.027000000000000003,0.32142857142857145,1-0-147-0,@,UT_009,009,2,fave,0.0,45.60947519418207,4,until,0,0.060006000000001336,"","",#,N,"",N,initial
518.0622573070164,1877.7288657359147,3673.126862359175,3.0033610523992866,3.385875292351144,5.111605954305994,8025.641025641025,0.00007595134021421293,130.5191401655329,0.025,0.33783783783783783,1-0-164-3,@,UT_009,009,2,fave,166.98412705554958,57.1178977858337,4,syracuse,0,0.050003000000003794,"",since,R,K,R,K,internal
525.6447302824156,1743.9308179308298,2065.186213895796,3.1343677128537704,3.827755754745245,3.972758778335636,5692.3076923076915,0.00017645941884931814,132.89015683446715,0.027000000000000003,0.32142857142857145,1-0-169-3,@,UT_009,009,2,fave,169.68833716821106,54.61779041559819,4,syracuse,0,0.059996999999981426,"",for,R,K,R,K,internal
501.8004730223259,1868.7849144371044,2804.06934077181,3.4331887838651753,3.6921850990540617,3.6704070280559224,5692.3076923076915,0.000015398048683643228,152.71945683446714,0.027000000000000003,0.32142857142857145,1-0-189-1,@,UT_009,009,2,fave,161.0164826244084,58.62693707108815,4,to,0,0.05999700000000985,it,two,T,#,T,T,final
461.6317665280196,1642.2974121448146,2564.667850168955,3.6673261186542128,4.245620746309397,3.8806037022734756,5333.333333333333,0.00012371476753325687,171.32845683446715,0.025,0.33783783783783783,1-0-211-1,@,UT_009,009,2,fave,199.79173069781547,53.1328245339184,4,to,0,0.05000299999997537,head,work,T,#,T,W,final
736.8204594860885,1819.3155099485382,2676.113556565235,3.611551884515658,3.3425298875028284,3.6758654800362653,5871.794871794871,0.00020499015475976146,184.29814716553287,0.051000000000000004,0.3311688311688312,1-0-259-3,@,UT_009,009,2,fave,163.57122015854404,52.33813537617504,4,ogden,0,0.13000499999998283,north,"",D,N,D,N,internal
590.8372359268737,1134.5102143029374,1548.516639120212,3.64038593609223,3.7081016385720527,4.197427852878648,4794.871794871795,0.00007198260178988751,188.32514583446712,0.025,0.33783783783783783,1-0-274-3,@,UT_009,009,2,fave,162.18749682415222,51.90774445083899,4,horrible,0,0.050003000000003794,i'm,and,R,B,R,B,internal
605.6201337181294,1567.673290624554,2707.164844855715,4.611012952180371,4.460379101989909,4.877453075217403,6230.7692307692305,0.01529034513686695,194.5881501655329,0.031,0.32978723404255317,1-0-304-0,@,UT_009,009,2,fave,NaN,49.5196317208978,4,and,0,0.06999199999998496,"",then,#,N,"",N,initial
782.1296150254019,1347.2333691175045,2572.9224348313705,3.3987408967702497,4.124675729990384,4.764916533772047,5692.3076923076915,0.002934394039599407,199.3401501655329,0.035,0.3365384615384616,1-0-317-0,@,UT_009,009,2,fave,170.7053613103088,53.48491848866191,4,a,0,0.08000199999997903,"",lot,#,#,"",L,coextensive
621.4658102393229,1096.0625907214355,1738.6144040118998,3.916639164195565,3.5597758631551772,3.629263847290979,5692.3076923076915,0.000233527565374648,217.5562531655329,0.037,0.32456140350877194,1-0-326-0,@,UT_009,009,2,fave,189.42977954831068,60.23016404761137,4,a,0,0.08999599999998509,am,really,#,#,M,R,coextensive
705.2118617261605,1757.001378126386,2179.7154949096353,3.4496332806459757,3.7056769769148556,4.174158854039267,5333.333333333333,0.0003400449750155675,221.5682481655329,0.04100000000000001,0.3306451612903227,1-0-347-5,@,UT_009,009,2,fave,90.51594131296376,51.152927116444594,4,children,0,0.10000599999997917,awesome,"",R,N,R,N,internal
703.2012966196248,1700.6153600174694,2238.0065009757623,3.6174701820938413,4.153932240067967,4.0475381597050095,5512.820512820513,0.00002819523514293426,225.66125416553285,0.027000000000000003,0.32142857142857145,1-0-355-5,@,UT_009,009,2,fave,159.8469388717313,55.19124234015076,4,children,0,0.05999700000000985,amazing,"",R,N,R,N,internal
455.9814891417601,1142.6672222563234,2183.287050471335,3.458832644639218,4.1368964008527325,4.075784463331369,5692.3076923076915,0.000021742505656593182,233.02104816553287,0.025,0.33783783783783783,1-0-366-4,@,UT_009,009,2,fave,203.8903567894356,58.6950941762999,4,beautiful,0,0.050003000000003794,"","",T,F,T,F,internal
596.4053354942806,1366.6023302254812,2902.624375906123,3.5149587007110976,3.9412797323187556,3.6539077501509656,5512.820512820513,0.0022517392957687138,233.72204516553288,0.027000000000000003,0.32142857142857145,1-0-368-1,@,UT_009,009,2,fave,191.36745088975886,55.91499314357493,4,to,0,0.059996999999981426,"",look,T,#,T,L,final
587.4218622976653,1535.9981497951896,2769.6393991387404,3.3289000040089918,3.4429779355094516,4.0463881268976865,6230.7692307692305,7.473433429078612e-6,243.23205983446715,0.027000000000000003,0.32142857142857145,1-0-403-1,@,UT_009,009,2,fave,163.4465681234883,56.701041969927296,4,that,0,0.0599979999999789,is,they're,DH,T,DH,T,internal
570.6476852799132,1373.8853190822776,3027.172732858259,3.7088672445165,3.413085140982319,3.679285411944296,5871.794871794871,0.000015337237018312308,246.8910431655329,0.025,0.33783783783783783,1-0-421-0,@,UT_009,009,2,fave,165.27367104162835,53.07049145495483,4,adults,0,0.050003000000003794,successful,"",#,D,L,D,initial
693.7486449157846,1642.6180504531214,2844.2438065818023,3.3784282124030907,3.3431957599416755,3.9020029259927647,5871.794871794871,0.00008336583433771273,267.35035316553285,0.045,0.3358208955223881,1-0-439-3,@,UT_009,009,2,fave,111.95156069949141,55.50331450858074,4,lesson,0,0.10998599999999215,driving,"",S,N,S,N,internal
551.8701405777306,1445.1719696904806,2425.02481469446,3.353392747110347,3.6549419416628273,4.4145482165502,5692.3076923076915,0.00016956963039095932,269.65335683446716,0.031,0.32978723404255317,1-0-445-1,@,UT_009,009,2,fave,160.6550058499158,57.861088015826525,4,was,0,0.0700069999999755,she,going,W,Z,W,Z,internal
877.2644174330704,1685.43239271708,2711.6260981984033,4.112293089686555,4.344017508822647,4.96535766948076,4974.358974358975,0.06396026946856276,270.2013391655329,0.027000000000000003,0.32142857142857145,1-0-447-1,@,UT_009,009,2,fave,150.84234478365974,48.272302153020085,4,to,0,0.05999700000000985,going,lunch,T,#,T,L,final
764.2322030268361,1959.4009477158472,2837.0455188651426,3.397592074459711,3.5787978870829673,4.308887578829075,6051.282051282051,0.00017561771646059765,273.2183538344671,0.040999999999999995,0.33064516129032256,1-0-461-0,@,UT_009,009,2,fave,196.94605984405231,58.62060008205781,4,and,0,0.10000600000000759,high,"",#,N,ay,N,initial
686.9091499131522,1628.4762804642444,2681.143076334398,3.250098900664353,3.7113397197520315,4.348632719213907,5871.794871794871,0.00009011022418980394,276.4613481655329,0.027000000000000003,0.32142857142857145,1-0-471-1,@,UT_009,009,2,fave,86.43217072342047,57.30911385939996,4,them,0,0.05999800000000732,let,go,DH,M,DH,M,internal
445.5675177274593,1265.2777274272635,2270.3881322521975,3.9491353979323582,3.895278654592622,4.584487901559475,5512.820512820513,0.009187172881765541,277.82034550340137,0.025,0.33783783783783783,1-0-477-1,@,UT_009,009,2,fave,198.6748369713149,51.000717576115974,4,to,0,0.05001799999996592,just,warm,T,#,T,W,final
674.3415138090613,1642.8851559240338,2695.5586591385295,3.491501118018021,4.018199775281984,4.014216364213988,5692.3076923076915,0.0008853526696221974,278.47335816553283,0.031,0.32978723404255317,1-0-481-0,@,UT_009,009,2,fave,98.26246284594073,52.05048304286268,4,and,0,0.0699769999999944,up,when,#,N,P,N,initial
461.7185065361624,1611.7851703798808,2759.2722283816543,3.3066929461801693,3.7666646539798663,4.850643568738904,5512.820512820513,0.00011473167454703143,318.7831561655329,0.027000000000000003,0.32142857142857145,1-0-588-0,@,UT_009,009,2,fave,164.364043688797,56.29940804052653,4,a,0,0.05999800000000732,as,ski,#,#,Z,S,coextensive
451.89984098901425,1786.3659567074187,2686.2464960180214,3.5048472806255484,3.7071908007348773,3.991054638782447,5333.333333333333,0.00021789548714845863,340.4548398344671,0.031,0.32978723404255317,1-0-628-5,@,UT_009,009,2,fave,89.229984920468,54.482786796347234,4,started,0,0.07000700000003235,i,skiing,T,D,T,D,internal
507.5957690700105,1175.3749638091933,2353.6692290470683,3.2355709398088823,3.325558270851829,4.151921555820567,5871.794871794871,6.844651424076894e-6,346.74284216553286,0.027000000000000003,0.32142857142857145,1-0-640-4,@,UT_009,009,2,fave,184.3408220763656,66.61999409247866,4,probably,0,0.05999800000000732,i,literally,B,B,B,B,internal
517.5100037248875,1322.2148051127715,2098.878555555491,3.0960436696153466,3.672571740318313,4.4672914315601036,6230.7692307692305,0.0002269615270834485,347.3168501655329,0.035,0.3365384615384616,1-0-641-4,@,UT_009,009,2,fave,161.22464780932654,63.48495248607966,4,literally,0,0.07998600000001943,probably,ski,*hr,L,*hr,L,internal
581.8642161623529,1945.3674908909552,2528.6530425735314,3.1705097183229425,3.521770883579486,4.099050835671346,6410.25641025641,0.00010272933501640208,389.1272371655329,0.037,0.32456140350877194,1-0-681-0,@,UT_009,009,2,fave,82.41346385664781,62.94828213868275,4,a,0,0.08999599999998509,by,ski,#,#,ay,S,coextensive
522.4538860428728,1776.8567184816618,2257.9649623661367,3.396161419295427,3.5851719734097416,4.231346911269299,5871.794871794871,0.00003183689066576141,389.9022361655329,0.027000000000000003,0.32142857142857145,1-0-684-0,@,UT_009,009,2,fave,163.46418425738452,58.496939048070374,4,and,0,0.05999700000000985,instructor,then,#,N,*hr,N,initial
537.9413809481359,1870.3892701279142,2614.732481790428,3.3019031459405124,3.6332002989276946,4.331303677043657,6230.7692307692305,0.00022902381758847603,391.0342468344671,0.031,0.32978723404255317,1-0-688-5,@,UT_009,009,2,fave,84.22398064649383,56.45670236381187,4,started,0,0.07000700000003235,also,teaching,T,D,T,D,internal
737.4134134119181,1817.8366421300275,2883.1863299690717,3.8760382935314848,3.397530906699448,4.011498583867812,5692.3076923076915,0.0036419121471102595,394.6392471655328,0.040999999999999995,0.33064516129032256,1-0-703-0,@,UT_009,009,2,fave,167.0823233945976,56.20291483401168,4,assistant,0,0.10000600000000759,an,ski,#,S,N,S,initial
548.9868586617786,1933.9275689844305,2821.531435770768,3.377242590879032,3.7449048892739483,3.5528974403465226,6051.282051282051,0.00007093173879978536,395.08425916553284,0.031,0.32978723404255317,1-0-703-5,@,UT_009,009,2,fave,183.42870504867867,61.96931042685634,4,assistant,0,0.0699769999999944,an,ski,T,N,T,N,internal
501.5087870254145,1622.1347431257275,2523.6857824653734,3.2274208964571742,3.5438091657449675,3.7209088287576364,6051.282051282051,5.564413609678584e-6,396.6222428344671,0.027000000000000003,0.32142857142857145,1-0-710-1,@,UT_009,009,2,fave,157.9991356951561,60.17477692934147,4,was,0,0.05999800000000732,i,"",W,Z,W,Z,internal
521.2913192886451,1781.1157314426139,3010.9338920777295,3.3083435587934185,3.2167971737027643,3.6059078113006775,6230.7692307692305,0.00002106544742125707,414.20325283446715,0.031,0.32978723404255317,1-0-739-1,@,UT_009,009,2,fave,173.42972496268018,62.813149044978324,4,the,0,0.0700069999999755,[bracketed],thing,DH,#,DH,TH,final
572.2090409906147,1763.4657117724166,2800.4464102909315,3.684877517288665,3.7977872247867697,3.814871407719937,6051.282051282051,0.000021760885779141497,415.9312581655329,0.027000000000000003,0.32142857142857145,1-0-747-1,@,UT_009,009,2,fave,244.95316914282998,60.44207588548539,4,than,0,0.05999800000000732,more,anything,DH,N,DH,N,internal
778.099753256473,1244.6709552212878,2834.523885541007,3.1716845815452808,3.415226170395055,3.679264099113583,5692.3076923076915,0.0005550247121713295,422.6082468344671,0.040999999999999995,0.33064516129032256,1-0-762-0,@,UT_009,009,2,fave,197.15680181929793,63.755624318925925,4,a,0,0.10000600000000759,"",pole,#,#,"",P,coextensive
580.9894593765097,1591.7062463563332,2140.967193869854,3.2509323388260793,3.6000390974980676,3.849570201470484,5692.3076923076915,0.000045869225408716246,435.6993571655329,0.035,0.3365384615384616,1-0-807-0,@,UT_009,009,2,fave,156.57143348180935,54.7744705443222,4,a,0,0.0799870000000169,for,turn,#,#,*hr,T,coextensive
491.42675367935175,1547.6761421964825,2738.7335392016157,2.4763061918980394,4.114730662160037,3.6943652223955215,5871.794871794871,0.00012236376471016504,437.2353351655329,0.027000000000000003,0.32142857142857145,1-0-812-1,@,UT_009,009,2,fave,239.89823976280982,63.588772209357714,4,the,0,0.05999800000000732,initiates,turn,DH,#,DH,T,final
607.8654741180152,1859.913507565908,2645.9134512776127,3.636000917321554,3.732427667051276,3.736234845943436,5871.794871794871,0.000042333107640416006,439.0853411655329,0.027000000000000003,0.32142857142857145,1-0-819-0,@,UT_009,009,2,fave,156.38555620763046,58.823454583762434,4,a,0,0.05999800000000732,like,signal,#,#,K,S,coextensive
609.754977758958,1305.605917570816,2976.6557627935154,3.7796209371175085,3.5899294590840873,4.570252150440104,6230.7692307692305,0.00014629818354438092,439.5853411655329,0.027000000000000003,0.32142857142857145,1-0-820-4,@,UT_009,009,2,fave,152.94148553111586,59.06039808546792,4,signal,0,0.05999800000000732,a,before,N,L,N,L,internal
540.4213496194103,1911.8831534633164,2840.058777277626,3.053504594196263,3.550600859030576,3.8335737680062296,5871.794871794871,0.0002008534525230819,446.27934983446715,0.035,0.3365384615384616,1-0-839-1,@,UT_009,009,2,fave,165.69062716282153,58.8701492158433,4,that,0,0.080016999999998,so,you're,DH,T,DH,T,internal
556.2014165573689,1598.3597627341937,2510.2810622544316,3.642189753581161,3.786774605153962,3.7414200520881336,5333.333333333333,0.000024371149121132225,448.8643458344671,0.025,0.33783783783783783,1-0-847-1,@,UT_009,009,2,fave,132.35399786386307,54.226374090152405,4,the,0,0.050018000000022766,for,next,DH,#,DH,N,final
506.866142059446,1687.9501487015566,2703.85554730041,3.7639553381449713,3.479731404659957,3.5369579529185735,5692.3076923076915,0.00006183728774057624,450.3853601655329,0.027000000000000003,0.32142857142857145,1-0-851-3,@,UT_009,009,2,fave,364.2262387585637,67.84555643311296,4,versus,0,0.059996999999953005,"",when,S,Z,S,Z,internal
535.8679063370438,2310.7359020982217,2981.3854031522974,3.5870538478222707,4.041768624763378,4.258104407398335,6051.282051282051,0.0008006761183338182,459.78685116553294,0.035,0.3365384615384616,1-0-886-0,@,UT_009,009,2,fave,225.6455380596426,53.67830874922725,4,advance,0,0.07998699999996006,effectively,your,#,D,iyF,D,initial
498.243477084089,1570.9595381380507,2547.169394111996,3.1134183966260696,3.492048794016085,3.75257237148959,5871.794871794871,3.1714693498915243e-6,480.70184550340133,0.025,0.33783783783783783,1-0-924-1,@,UT_009,009,2,fave,159.210637331631,65.1782729769929,4,was,0,0.050018000000022766,i,a,W,Z,W,Z,internal
718.8139271463149,1826.3193987474592,2947.3699184841807,3.7268566092187765,3.644870197632139,4.031694831073143,5871.794871794871,0.0001609995660677495,481.08983916553285,0.04100000000000001,0.3306451612903227,1-0-926-3,@,UT_009,009,2,fave,153.2832169793787,58.922184300078825,4,manager,0,0.10000600000000759,a,"",N,JH,N,JH,internal
508.20102247498863,1667.0820755142674,2096.4408882087487,3.583271848694067,3.8346144643421103,4.057005757794571,5333.333333333333,0.00007645207426751406,485.8485378344671,0.025,0.33783783783783783,1-0-947-0,@,UT_009,009,2,fave,150.4994777319884,60.94852829571782,4,a,0,0.050018000000022766,you're,ski,#,#,R,S,coextensive
638.4627080257167,1871.6737529122222,2695.0756614574148,3.7773641910311384,3.354955324244462,3.8455143367940487,5692.3076923076915,0.00006018290602527557,491.09155883446715,0.031,0.32978723404255317,1-0-965-0,@,UT_009,009,2,fave,160.98694989974834,61.57592973664459,4,a,0,0.0700069999999755,got,new,#,#,T,N,coextensive
586.1548380263938,1767.35098988056,2749.5649998602958,3.6108342131062683,3.2203242227022053,3.7249077114774236,6051.282051282051,0.00016821524499541378,496.89856116553284,0.065,0.33505154639175255,1-0-986-3,@,UT_009,009,2,fave,228.08714112178214,63.80270689522515,4,season,0,0.169983000000002,that,"",Z,N,Z,N,internal
540.3938364901271,1785.3196881964595,2835.0327370246705,3.429977215873432,3.1530851772546282,3.6588417558835444,6051.282051282051,0.0000762286957390214,499.7615618344671,0.051000000000000004,0.3311688311688312,1-0-995-3,@,UT_009,009,2,fave,182.0513725719674,59.23698628224047,4,lesson,0,0.13000499999998283,single,and,S,N,S,N,internal
731.9229198185421,1978.2689386176742,2747.24530642451,3.752285805033564,3.4234213832261577,3.969965808799929,5692.3076923076915,0.00001834381323967075,502.0215508344672,0.031,0.32978723404255317,1-0-1004-0,@,UT_009,009,2,fave,170.4718595968703,56.92223381773356,4,and,0,0.07000799999997298,newborn,every,#,N,N,N,initial
540.5465271422094,1860.7300666027495,2814.5029225316225,3.698906882707676,3.505467421434582,3.669789767576674,5871.794871794871,0.000011551531991596253,503.15956583446706,0.027000000000000003,0.32142857142857145,1-0-1008-5,@,UT_009,009,2,fave,159.0170889733679,58.223900661808585,4,administered,0,0.05999800000000732,they,lessons,N,S,N,S,internal
560.3162456527315,1641.8646825109954,2924.546398689405,3.308010296615462,3.532431501690305,4.105833862026909,5871.794871794871,0.00008516758184708667,503.83355450340133,0.035,0.33653846153846156,1-0-1009-3,@,UT_009,009,2,fave,178.71807441938066,60.9569926166187,4,lessons,0,0.080016999999998,administered,"",S,N,S,N,internal
258.8493928555433,843.2772701655168,1707.7140232239838,3.368014312944537,4.012246685021034,3.9996440960895963,4256.410256410256,0.00014182232015744848,505.5985378344671,0.025,0.33783783783783783,1-0-1016-0,@,UT_009,009,2,fave,231.8195823348509,48.244498925097425,4,and,0,0.050018000000022766,out,they're,#,N,T,N,initial
698.0149475352565,1726.7886309639414,2706.5186409879093,3.7176276442385503,3.488541787977616,4.0389093603932285,5871.794871794871,0.00011812290590576436,536.8933608276644,0.031,0.32978723404255317,1-0-1097-3,@,UT_009,009,2,fave,155.4295558041161,60.59249709621472,4,wanna,0,0.06994600000007267,you'd,dress,N,#,N,D,final
684.2159622645701,1183.1437489015498,2622.128518278005,3.634689529569098,3.323556081223242,3.9469511422688663,5692.3076923076915,0.0006476229198838425,538.7533628344671,0.031,0.32978723404255317,1-0-1103-0,@,UT_009,009,2,fave,149.2389089159104,55.11511786947526,4,a,0,0.07000700000003235,"",lot,#,#,"",L,coextensive
551.054503917667,1494.8044587820916,1940.0298172231956,3.261104596971015,3.672465579694713,3.736655147720169,5512.820512820513,0.00011923901257851886,541.2913408344672,0.027000000000000003,0.32142857142857145,1-0-1115-0,@,UT_009,009,2,fave,84.83011089191983,53.39718496730915,4,of,0,0.059996999999953005,pair,socks,#,V,R,V,initial
487.82401879845634,1489.7305749847837,2895.908009677809,3.1070019433180756,4.411623900553278,4.16001627107214,5871.794871794871,0.000058946098699992814,545.9703451723357,0.025,0.33783783783783783,1-0-1129-1,@,UT_009,009,2,fave,85.30783759174244,59.137438408381236,4,the,0,0.050047999999947024,off,circulation,DH,#,DH,S,final
498.292556860488,1720.443747981277,2411.5291272863496,3.0918801778591716,3.911142713336977,4.481696509837176,6589.74358974359,0.00029183782664275493,546.363347834467,0.031,0.32978723404255317,1-0-1130-4,@,UT_009,009,2,fave,164.29574692417452,60.62377644740684,4,circulation,0,0.07000800000002982,the,"",Y,L,Y,L,internal
619.2289299295335,1794.0974511331085,2957.648986136902,3.4648794575267363,3.5013788534229917,4.112281161405608,5871.794871794871,0.0005102732974777623,546.7633628344672,0.051000000000000004,0.3311688311688312,1-0-1130-8,@,UT_009,009,2,fave,183.99310267720404,58.18442294946149,4,circulation,0,0.13000499999998283,the,"",SH,N,SH,N,internal
535.8300193850133,1312.6013299149195,2064.2133761906316,3.382898755287507,3.5562859575478045,4.097660068029498,5512.820512820513,0.00009997296393389924,557.0453465034013,0.035,0.3365384615384616,1-0-1166-4,@,UT_009,009,2,fave,159.50226823726916,59.62724548588671,4,literally,0,0.080016999999998,will,get,*hr,L,*hr,L,internal
559.5297163872774,1712.2357294243106,2412.6760569638604,3.3636545173491297,3.4435031063900894,3.7117571472049185,5692.3076923076915,0.00004110019113993465,557.6113421655328,0.027000000000000003,0.32142857142857145,1-0-1168-0,@,UT_009,009,2,fave,157.72610122677165,60.90571032166003,4,a,0,0.05999800000006417,get,bruise,#,#,T,B,coextensive
662.8541425407591,1734.4576934254044,2874.0342402720134,3.752146311139734,3.624459259661632,3.7694074645957585,6051.282051282051,0.00008206675828993743,559.3513378344671,0.027000000000000003,0.32142857142857145,1-0-1172-1,@,UT_009,009,2,fave,171.3185071277969,54.927889608209654,4,that,0,0.05999800000006417,from,part,DH,T,DH,T,internal
578.3386946034803,1890.7190705470612,2698.0646272782137,3.252677734075466,3.5891469408721934,3.655945953816255,6051.282051282051,0.000022999909379953848,564.2771751655329,0.027000000000000003,0.32142857142857145,1-0-1186-0,@,UT_009,009,2,fave,177.5326130747989,59.93977122431501,4,especially,0,0.05999700000006669,"",if,#,S,"",S,initial
697.9072733137675,1530.4370667937096,2557.2810472888186,3.4970307899438264,3.4136951650480087,3.7362087202819487,5871.794871794871,0.00008301612438575897,565.421133834467,0.035,0.3365384615384616,1-0-1191-0,@,UT_009,009,2,fave,156.27976726971497,60.11484463653947,4,and,0,0.080016999999998,new,make,#,N,Tuw,N,initial
727.196215031217,1814.8655391021223,2640.018827650877,3.34330670714641,3.674653823883387,4.123047392316341,5871.794871794871,0.0005242451002214257,566.7971231655329,0.047,0.3263888888888889,1-0-1197-0,@,UT_009,009,2,fave,-1012.1439337241602,54.36151883641121,4,a,0,0.11999600000001465,wearing,good,#,#,NG,G,coextensive
511.9197595770897,1467.3199790222175,2317.346211859954,3.251646355103373,3.5555027702783963,3.537158025740009,5692.3076923076915,2.9974823652126366e-6,574.8271688344671,0.027000000000000003,0.32142857142857145,1-0-1231-1,@,UT_009,009,2,fave,153.94113331370983,64.1797581577187,4,the,0,0.05999700000006669,are,right,DH,#,DH,R,final
694.4844476966895,1791.3315911226846,2702.2243633470057,3.500614774945905,3.3360654183745226,3.925544586199519,5871.794871794871,6.730166356768631e-6,575.5371231655329,0.027000000000000003,0.32142857142857145,1-0-1234-0,@,UT_009,009,2,fave,159.7367543848174,59.18880970973671,4,and,0,0.05999800000006417,length,"",#,N,TH,N,initial
608.7756398976913,2022.3825851152878,2886.787827179602,3.630678222649746,4.039362939802842,4.554713963694975,6769.2307692307695,0.011720002360595751,586.799138834467,0.031,0.32978723404255317,1-0-1268-0,@,UT_009,009,2,fave,305.2563012522754,55.015244573010314,4,an,0,0.07000800000002982,like,"",#,N,K,N,initial
485.7555117991279,1854.5753570905908,2662.239009604836,3.2047714755042733,3.4570530537411863,3.7200714275116504,5871.794871794871,0.00005626319314079968,587.1991638344671,0.031,0.32978723404255317,1-0-1271-1,@,UT_009,009,2,fave,156.4599920363505,63.065198965127664,4,to,0,0.07000700000003235,a,stop,T,#,T,S,final
651.4418798827763,1807.1949445152875,2795.4116455469207,3.9079274760378815,3.765024301262643,4.150281596742812,5512.820512820513,0.042559251885432414,599.2426578276643,0.119,0.33615819209039544,1-0-1315-0,@,UT_009,009,2,fave,179.56129924855665,53.45427525952925,4,and,0,0.32995600000003833,turn,stop,#,N,N,N,initial
623.643438708992,1441.9649375046304,2589.8287287949847,3.0547564446012423,3.8819462219748977,4.267016119455617,5512.820512820513,0.005113065583644946,600.3716545034014,0.057,0.3275862068965517,1-0-1317-0,@,UT_009,009,2,fave,305.5325878435578,53.093142591440106,4,and,0,0.15002400000003036,stop,control,#,N,P,N,initial
277.0573521318179,1815.2611446627777,2604.760630169561,4.012227652126421,4.439049295554605,4.697842918634003,5153.846153846154,0.0625225480256573,600.8356345034013,0.025,0.33783783783783783,1-0-1318-1,@,UT_009,009,2,fave,177.1827595915234,49.86629061513841,4,control,0,0.050049000000058186,and,it,K,N,K,N,internal
379.61871500839896,1209.0737682355073,2731.6258334244126,4.179608732990258,3.7732098133611536,4.251999122495862,6051.282051282051,0.0025913792673331365,628.6472368344671,0.027000000000000003,0.32142857142857145,1-0-1368-0,@,UT_009,009,2,fave,188.27010865929807,52.06284927095129,4,a,0,0.05999700000006669,"",lot,#,#,"",L,coextensive
533.5998878665083,1317.8527613532126,2538.5597855580563,3.150033004388447,3.3334195098119834,4.477696513703921,5871.794871794871,0.000045791739137893336,636.5672808344672,0.027000000000000003,0.32142857142857145,1-0-1397-0,@,UT_009,009,2,fave,151.42140922881796,61.2128142285059,4,a,0,0.059996999999953005,to,black,#,#,Tuw,B,coextensive
718.4958008485276,1841.4382845797631,2795.093919657675,3.6646061751816235,3.7159499261901585,4.311871918894304,5871.794871794871,0.00047325633601264937,637.1712615034013,0.035,0.33653846153846156,1-0-1399-3,@,UT_009,009,2,fave,151.77145618940426,56.296126153114045,4,diamond,0,0.08001799999999548,black,is,M,N,M,N,internal
750.7102819532834,1232.1090987425432,2531.4594291403214,3.871812009496615,3.5479548554597784,4.610690310822616,4974.358974358975,0.0009256037673167072,648.1239431655329,0.045,0.3358208955223881,1-0-1445-3,@,UT_009,009,2,fave,157.11949040610094,55.40879228409822,4,wanna,0,0.10998600000004899,they,learn,N,#,N,L,final
691.8308961546406,1730.5065887112462,2883.073607052998,3.461092099413865,3.96073984516034,3.983274047333387,5871.794871794871,0.0009280502354705516,669.0988481655328,0.091,0.33211678832116787,1-0-1452-1,@,UT_009,009,2,fave,160.95820220391238,55.12517767600105,4,the,0,0.25,"","",DH,#,DH,"",final
412.4508666042293,2112.2093697417877,2991.3782339573027,3.982507696874005,4.3898644226370305,4.540514449042366,5871.794871794871,0.01699255412223289,673.7012528344671,0.027000000000000003,0.32142857142857145,1-0-1466-1,@,UT_009,009,2,fave,172.46607317511587,55.76669134442976,4,conditions,0,0.05999799999995048,icy,"",K,N,K,N,internal
591.8802318194693,1945.2965031122924,2936.832492154436,3.7345030193635758,4.006915734696382,4.255934572049923,6589.74358974359,0.0006635732424568858,674.0902521655329,0.045,0.3358208955223881,1-0-1466-6,@,UT_009,009,2,fave,158.59589119054317,56.4057307106177,4,conditions,0,0.10998500000005151,icy,"",SH,N,SH,N,internal
814.4079403446373,1566.7635326447323,2687.388033371804,3.32232485480582,3.426347312491621,4.332311041172382,6051.282051282051,0.0005335692079307466,675.2602365034013,0.065,0.3350515463917526,1-0-1470-1,@,UT_009,009,2,fave,-240.6223005171593,58.73401561158282,4,the,0,0.17004399999996167,"",ice,DH,#,DH,ay0,final
564.0664417638851,1738.5217086144833,2349.8373456200925,3.5389553252958037,3.8460031996601254,4.155451185793733,5692.3076923076915,0.00011853493700152195,676.5332698344671,0.031,0.32978723404255317,1-0-1474-5,@,UT_009,009,2,fave,79.3156348117705,56.306882905391156,4,treacherous,0,0.07000700000003235,really,and,*hr,S,*hr,S,internal
613.231777259509,1697.7857094582885,2427.3895878957437,3.2148914860408735,3.9721074443315705,3.8813875722221503,6051.282051282051,0.00022396600637453139,677.3152345034013,0.055,0.3353658536585366,1-0-1476-5,@,UT_009,009,2,fave,90.94014771980632,60.75055678387148,4,dangerous,0,0.1400140000000647,and,"",*hr,S,*hr,S,internal
635.7436168269728,1867.741997520729,2960.0023077563583,3.233840001774061,3.843065888285744,3.882012378771447,6051.282051282051,0.0010063016688374215,678.0402641655329,0.045,0.3358208955223881,1-0-1478-0,@,UT_009,009,2,fave,138.71582105241322,52.87768094102884,4,especially,0,0.10998500000005151,"",if,#,S,"",S,initial
530.9775986195102,1361.0532099545842,2793.033862870949,3.274631697174636,3.9175702574531113,4.063443984681723,5871.794871794871,0.000057583905802971286,680.8012288344671,0.027000000000000003,0.32142857142857145,1-0-1487-0,@,UT_009,009,2,fave,92.85977818630086,60.98007111848221,4,of,0,0.05999700000006669,top,it,#,V,P,V,initial
830.5843286488621,1890.6007468650316,2752.180902998442,3.5692453924105614,3.6251694187893784,3.8294033145019766,5512.820512820513,0.0005242136049551595,681.8552598276644,0.035,0.3365384615384616,1-0-1490-3,@,UT_009,009,2,fave,170.64955970669627,57.709131077099194,4,because,0,0.07995599999992464,"",you,K,Z,K,Z,internal
508.5716856231388,2514.864763056189,3062.651887962661,3.5880248476948564,4.110542921155514,4.442516766565897,6051.282051282051,0.0003351659972450712,683.9612571655329,0.027000000000000003,0.32142857142857145,1-0-1499-3,@,UT_009,009,2,fave,176.49063127035816,57.94017858010202,4,second,0,0.05999700000006669,the,you,K,N,K,N,internal
812.9005172056251,1768.5005589719167,2758.5414470974633,3.5285653789501574,3.6503743684063634,4.3443802967317815,5692.3076923076915,0.002398775594869949,685.6952428344671,0.035,0.3365384615384616,1-0-1508-1,@,UT_009,009,2,fave,278.2163473535404,49.674400382908324,4,the,0,0.080016999999998,hit,ice,DH,#,DH,ay0,final
635.515818359453,1576.5291592658516,2539.201460361508,3.431246829198764,3.7941673253786385,4.421166791773496,5692.3076923076915,0.00005949440966828042,686.6312458344671,0.027000000000000003,0.32142857142857145,1-0-1514-0,@,UT_009,009,2,fave,-181.01933598375618,52.836565790736245,4,of,0,0.05999700000006669,out,control,#,V,T,V,initial
633.6136164382314,1692.3696261784282,2519.7826187342075,3.676273434478968,3.470870820563449,4.035563955790933,5692.3076923076915,0.00004208356750754986,702.1021318344672,0.027000000000000003,0.32142857142857145,1-0-1540-1,@,UT_009,009,2,fave,157.27951378509914,59.569833363359116,4,than,0,0.059996999999953005,skier,a,DH,N,DH,N,internal
464.1348197511089,1438.168553728932,2148.6971815773454,3.8221276722546498,4.261071601507402,4.17762741937025,3538.4615384615386,0.01670683791329431,708.6221508344671,0.027000000000000003,0.32142857142857145,1-0-1563-1,@,UT_009,009,2,fave,167.65609713455916,54.6123412467829,4,can,0,0.05999800000006417,you,fall,K,N,K,N,internal
602.4948840639418,1541.0292850141414,2380.0871499028863,2.7374432703170197,3.3919833268195267,4.299283790524464,5692.3076923076915,0.00011619612241638567,711.4661664965987,0.035,0.33653846153846156,1-0-1573-3,@,UT_009,009,2,fave,190.2052631474314,67.72624225164395,4,idea,0,0.07995599999992464,no,what,iy,#,iy,W,final
586.3400492107032,1686.9698703584727,2764.9799746820227,3.3088411580919828,3.4697198264075575,3.6631423174089117,5871.794871794871,0.00010764045615919822,712.1461608344671,0.055,0.3353658536585366,1-0-1575-3,@,UT_009,009,2,fave,88.99521750970855,57.519777645908924,4,happened,0,0.1400149999999485,what,"",P,N,P,N,internal
423.9179766028333,1919.1021675277161,2660.3552534071805,3.9780932856650972,4.141317011863567,4.509618827664568,4794.871794871795,0.021711965317424517,717.8321671655328,0.027000000000000003,0.32142857142857145,1-0-1594-1,@,UT_009,009,2,fave,176.09324323846536,57.34789605993329,4,control,0,0.05999800000006417,to,like,K,N,K,N,internal
557.9541445738072,2041.8400199489915,2640.6567281880907,3.05400994987545,3.93939072391537,4.027389430077678,5871.794871794871,0.0002549799124894778,718.4241331655329,0.031,0.32978723404255317,1-0-1596-0,@,UT_009,009,2,fave,NaN,62.75867863843148,4,a,0,0.07000800000002982,like,giant,#,#,K,JH,coextensive
725.0729880437574,2127.3702035520246,2779.8768100683424,3.7197575361164694,3.8844213429243917,4.117049946295736,5871.794871794871,0.0009835025160224381,718.7361268344671,0.055,0.3353658536585366,1-0-1597-2,@,UT_009,009,2,fave,145.04637412970126,59.6730700159201,4,giant,0,0.1400149999999485,a,board,ay,N,ay,N,internal
710.6177746492768,1894.764341093578,2819.5091902416525,3.007205694852854,3.581502009516407,4.110679302378249,6051.282051282051,0.00019386662437673624,720.1641288344671,0.031,0.32978723404255317,1-0-1603-1,@,UT_009,009,2,fave,NaN,60.46438586487578,4,the,0,0.07000800000002982,know,edges,DH,#,DH,e,final
680.3057036568673,1382.9918021175313,1957.9981678826232,3.4431496083548474,3.8112015915758364,4.3807340196439375,5692.3076923076915,0.0005575798011620042,720.8961594965987,0.035,0.33653846153846156,1-0-1606-0,@,UT_009,009,2,fave,131.58137383790483,60.42437273569913,4,away,0,0.07995600000003833,further,"",#,W,*hr,W,initial
372.4069152984849,1059.4872385077576,2947.0116424227676,4.150211333500073,3.3843280464017824,4.75159095552916,5871.794871794871,0.0026442563164211486,732.1837301655329,0.027000000000000003,0.32142857142857145,1-0-1645-4,@,UT_009,009,2,fave,176.48721555914364,47.986991829515226,4,mental,0,0.059996999999953005,of,talk,T,L,T,L,internal
716.1917933927353,1842.4860023060683,3098.7320354725002,4.0330920368799825,3.654480382002617,4.43920860351012,6230.7692307692305,0.0015884307574062103,740.4087635034014,0.057,0.32758620689655177,1-0-1656-0,@,UT_009,009,2,fave,214.34525472440114,50.60485912629265,4,and,0,0.15002400000003036,dumb,i,#,N,M,N,initial
528.9692745181469,1767.0326984298395,2626.4966425752013,2.9922441400185886,3.5817484722511086,4.147328070903125,5871.794871794871,0.00005666584672755073,743.8127365034013,0.045,0.3358208955223881,1-0-1667-0,@,UT_009,009,2,fave,169.71331231747027,66.83441338942191,4,of,0,0.11004600000001119,instead,just,#,V,D,V,initial
758.9817620619867,1982.4422209056095,2785.426078955927,3.429432509720717,3.527523195325005,4.474157945132343,6051.282051282051,0.0026353397440437468,810.7887381655329,0.045,0.3358208955223881,1-0-1751-2,@,UT_009,009,2,fave,163.9331223112556,56.8214157457077,4,violinist,0,0.10998600000004899,the,plays,ay,L,ay,L,internal
679.5901013573942,1931.6034844546111,2905.3582148680975,3.820388152398074,3.6087160678411636,3.490149113388525,5871.794871794871,0.00012267952291769487,811.0637624965987,0.035,0.3365384615384616,1-0-1751-6,@,UT_009,009,2,fave,189.23332303895373,56.41865848824023,4,violinist,0,0.07995600000003833,the,plays,N,S,N,S,internal
518.7431119906468,1215.5674144409586,2498.3088275277405,3.375375812094102,3.527388745311584,4.340677818142783,5512.820512820513,0.00008396395048963494,811.9397778344671,0.027000000000000003,0.32142857142857145,1-0-1754-3,@,UT_009,009,2,fave,153.83637460630055,56.98164594832447,4,fiddle,0,0.05999800000006417,the,well,D,L,D,L,internal
629.4844867694217,1251.2584495867757,2810.4010206616567,3.267241923808639,3.367854236373145,4.376843090932925,5692.3076923076915,0.0001271903561753394,813.7697281655329,0.027000000000000003,0.32142857142857145,1-0-1761-3,@,UT_009,009,2,fave,82.80755056323805,57.31294548153914,4,battles,0,0.05999799999995048,had,in,T,L,T,L,internal
751.6740266345287,2132.186968076625,2963.7141617000875,3.537846623523694,3.5637603979519947,3.787808561302238,5871.794871794871,9.85945006999746e-6,816.7536761655329,0.027000000000000003,0.32142857142857145,1-0-1770-0,@,UT_009,009,2,fave,158.05274910267684,53.879566821204314,4,an,0,0.05999800000006417,contain,"",#,N,N,N,initial
595.4639515072303,1857.88339900984,2669.658032549194,3.347078787656635,3.288069018903511,3.820252208485543,5871.794871794871,0.00017166153107629626,828.637625834467,0.035,0.3365384615384616,1-0-1816-3,@,UT_009,009,2,fave,169.89372878507382,55.15308195241407,4,hermit,0,0.080016999999998,the,crab,M,T,M,T,internal
1219.8476181397198,2319.0782461333615,3839.22354612552,4.015565660584725,4.887070144238059,4.79416835953206,7307.692307692308,0.027553075799662808,834.6256654965987,0.031,0.32978723404255317,1-0-1838-1,@,UT_009,009,2,fave,709.7016249134624,46.382311748807346,4,to,0,0.06994700000007015,home,whales,T,#,T,W,final
786.2036713611903,1546.7154704244217,2560.2540249714907,3.7533713915378257,3.6754331503040505,4.632544791252985,5871.794871794871,0.00017343635349378368,840.2836498344672,0.027000000000000003,0.32142857142857145,1-0-1861-0,@,UT_009,009,2,fave,-1023.9169842035005,52.75909436961841,4,a,0,0.05999799999995048,and,carton,#,#,D,K,coextensive
536.190758441574,1764.9757858457676,2110.600421229823,3.0239361060040126,4.157073552246841,4.181555039444431,5692.3076923076915,9.759789963927972e-6,845.3591391723356,0.025,0.33783783783783783,1-0-1879-0,@,UT_009,009,2,fave,179.4279792182734,62.72167638514951,4,about,0,0.05004800000006071,heard,a,#,B,D,B,initial
758.5163713366384,1902.3434823384623,3059.7206862728267,3.5357205102050284,3.2250166672477234,3.835992539087592,6230.7692307692305,0.00048168926212485024,851.3591574965986,0.065,0.33505154639175255,1-0-1902-4,@,UT_009,009,2,fave,183.7501090773548,56.26274493328295,4,cabinet,0,0.169983000000002,the,"",N,T,N,T,internal
765.573448764797,1631.188144476499,2674.853189197102,3.2342189211655166,3.873415500850368,3.929845171604945,7128.205128205128,0.00032827623528674523,853.8301398344671,0.067,0.32843137254901966,1-0-1911-5,@,UT_009,009,2,fave,169.42170714679165,60.52577010048304,4,africa,0,0.17999199999997018,in,"",K,#,K,"",final
590.2450385345795,1121.5885235715077,2500.645811622674,3.2139751626150637,3.668779351609908,4.433001263403683,6589.74358974359,0.00015423255768801138,855.2001481655329,0.027000000000000003,0.32142857142857145,1-0-1916-3,@,UT_009,009,2,fave,170.96381796786002,59.83918850804307,4,bottles,0,0.05999799999995048,collects,for,T,L,T,L,internal
522.9978252432959,1776.131683565338,2595.271710267037,2.9833503833660515,3.6911569915586386,3.77391904424007,5692.3076923076915,0.000035085466012237913,857.8001241655329,0.027000000000000003,0.32142857142857145,1-0-1925-1,@,UT_009,009,2,fave,161.01017668915742,60.253728396122604,4,the,0,0.05999799999995048,by,writer,DH,#,DH,R,final
508.4960145061377,1700.876164353311,2602.0756366810006,3.433583102478312,3.6062696517626818,4.684680505056297,5153.846153846154,0.0010022582817766305,861.5971574965987,0.040999999999999995,0.33064516129032256,1-0-1935-4,@,UT_009,009,2,fave,228.52118834632225,59.00076777225582,4,cereal,0,0.09997599999996964,his,"",iy,L,iy,L,internal
737.784094043249,1116.374069498211,1694.6870616294245,4.03805767878847,3.7692561775259703,4.133658139743211,3897.4358974358975,0.06974365853117527,872.6536308344671,0.031,0.32978723404255317,1-0-1965-1,@,UT_009,009,2,fave,336.77886333726155,47.70491933718835,4,to,0,0.07000800000002982,way,whittle,T,#,T,W,final
565.0312619633473,1306.7289495638158,2423.4738955573275,3.108715935612016,3.5451664687522517,4.058167865701837,5692.3076923076915,0.00018021321371055116,872.9036308344671,0.031,0.32978723404255317,1-0-1966-3,@,UT_009,009,2,fave,177.61942045888566,58.06993353525531,4,whittle,0,0.07000800000002982,to,sticks,T,L,T,L,internal
618.561302151887,1385.1195506927309,3199.575797566676,3.536127612242639,3.513182990950669,4.305364289010658,6051.282051282051,0.00004705137207212906,875.2716211655329,0.027000000000000003,0.32142857142857145,1-0-1975-0,@,UT_009,009,2,fave,157.53439077581933,54.290199786924866,4,of,0,0.059996999999953005,helm,the,#,V,M,V,initial
565.8456391936135,1686.4094191812283,2052.864697280347,3.0850040791007434,3.992776691720596,4.337365423154892,5512.820512820513,0.00014536280277690602,876.7716211655329,0.027000000000000003,0.32142857142857145,1-0-1982-0,@,UT_009,009,2,fave,178.03825030022867,61.57803928039948,4,a,0,0.059996999999953005,had,picture,#,#,D,P,coextensive
741.9168828828816,1574.6988949031206,2198.7344782476443,3.1084746002908092,4.236938592794935,3.9693713725279927,6410.25641025641,0.005333866303906027,880.028672165533,0.061000000000000006,0.3315217391304348,1-0-1996-4,@,UT_009,009,2,fave,87.3633253112421,57.710904649622954,4,zebras,0,0.15997300000003634,about,"",R,Z,R,Z,internal
708.8136709630572,1696.493471242642,2968.6142492240187,2.92759958338418,4.059353088694736,3.7287315287609184,5692.3076923076915,0.0002650414001886462,880.3716571655328,0.027000000000000003,0.32142857142857145,1-0-1998-1,@,UT_009,009,2,fave,NaN,58.58208996106296,4,the,0,0.05999800000006417,"",hunters,DH,#,DH,HH,final
687.9735339574818,1754.6853514135146,2894.437179746127,3.458643220050185,3.5206371998747947,3.470824827337905,6230.7692307692305,0.00005051005209867512,882.2466464965986,0.037000000000000005,0.324561403508772,1-0-2006-3,@,UT_009,009,2,fave,172.57000433911008,54.7590375972239,4,season,0,0.08996600000000399,this,"",Z,N,Z,N,internal
594.332224793495,1711.307779026901,2852.74270616935,3.3121206161489622,3.199707144323783,3.4529544487820294,5871.794871794871,0.000017870313705094514,883.5806351723356,0.025,0.33783783783783783,1-0-2011-1,@,UT_009,009,2,fave,171.65837034858833,59.53175357870523,4,the,0,0.050049000000058186,saw,cotton,DH,#,DH,K,final
251.53455057116324,936.7934511349183,2229.902615319981,3.4054425961298813,4.256139006300702,4.210776048407258,4974.358974358975,0.0011776801495620793,883.9116351655329,0.027000000000000003,0.32142857142857145,1-0-2012-3,@,UT_009,009,2,fave,90.19184682767408,52.75256399090289,4,cotton,0,0.05999800000006417,the,yesterday,T,N,T,N,internal
516.2409431012596,1512.177254594483,2815.7377753817473,3.3600525490509807,3.4010827301629156,3.412885837064759,6051.282051282051,0.00018290045632753828,890.2416578344671,0.027000000000000003,0.32142857142857145,1-0-2033-1,@,UT_009,009,2,fave,170.20492614896474,59.863884871879954,4,the,0,0.05999800000006417,"",windows,DH,#,DH,W,final
589.5838608400695,1747.2716323439963,2468.7408896672478,3.904593473516078,3.6449629780574,4.572546931382923,5512.820512820513,0.000014534380414694847,893.2352315034013,0.025,0.33783783783783783,1-0-2043-5,@,UT_009,009,2,fave,199.48291031775287,60.66948986188647,4,children's,0,0.0500489999999445,the,hands,R,N,R,N,internal
329.54906408484965,870.3471901532234,2048.492925511458,3.330706454024426,3.8326136059071088,3.975555312316275,3717.948717948718,0.0018969298567390162,894.3682308344671,0.031,0.32978723404255317,1-0-2046-3,@,UT_009,009,2,fave,93.68106999491356,55.26882426729245,4,mittens,0,0.07000700000003235,need,for,T,N,T,N,internal
715.7785480190444,1894.848781965175,2825.6708439318495,3.5982605072361005,3.685721054929009,3.8624893143606602,5871.794871794871,0.00024048094771648372,896.460257834467,0.035,0.3365384615384616,1-0-2054-0,@,UT_009,009,2,fave,144.41453934546894,56.36985230196303,4,a,0,0.080016999999998,bought,new,#,#,T,N,coextensive
642.5695980911487,1815.0125119681056,2823.9661397125215,3.518652047837794,3.552055451030343,3.757571036451445,5692.3076923076915,0.0003275690792393743,900.0902685034013,0.035,0.33653846153846156,1-0-2067-6,@,UT_009,009,2,fave,88.84869676584081,55.94826037418774,4,decoration,0,0.080016999999998,for,"",SH,N,SH,N,internal
254.3561231468791,880.5945509696832,1832.3910741239179,3.2074032224057167,4.040142562554026,4.171479659902706,4615.384615384615,0.00016530880892396942,910.1762231655329,0.027000000000000003,0.32142857142857145,1-0-2105-3,@,UT_009,009,2,fave,213.67247260680284,54.25019566460547,4,latin,0,0.05999700000006669,about,on,T,N,T,N,internal
558.1401162486827,1225.1897728598399,2405.5007746160054,3.361137993236369,3.731438899183525,4.4242845838507545,6769.2307692307695,0.00007620440481441565,916.5962671655329,0.027000000000000003,0.32142857142857145,1-0-2132-3,@,UT_009,009,2,fave,183.67292925559838,64.0071065033033,4,waddle,0,0.059996999999953005,to,down,D,L,D,L,internal
518.8339009761773,1904.9128161028846,2718.0122781361997,2.981488548584251,3.525874147352688,3.9739101144259674,5512.820512820513,0.0001541296009990649,82.91315016553288,0.04100000000000001,0.3306451612903227,1-0-28-1,uw,UT_009,009,2,fave,159.46237218330944,54.408281135906144,4,moved,1,0.09999799999999937,i,back,M,V,M,V,internal
434.7238932605899,1647.2947651719355,2423.5981707905125,3.7612886022412946,4.426373726140468,4.3687703467175405,5512.820512820513,0.001487935473361653,85.17614616553287,0.027000000000000003,0.32142857142857145,1-0-36-1,uw,UT_009,009,2,fave,159.55022234924556,46.72187020259426,4,you,1,0.05999800000000732,do,want,Y,#,Y,W,final
470.0037744788007,1644.341880771223,2808.4588168945197,3.243138230276702,4.062256681552772,4.486594035628588,5512.820512820513,0.001169138846116201,97.96635283446712,0.031,0.32978723404255317,1-0-71-4,uw,UT_009,009,2,fave,163.95085202925816,49.70703760429729,4,graduated,0,0.06999900000000991,and,from,JH,ey,JH,ey,internal
498.51602981819707,1887.4562446521804,2589.112892238066,3.2511881016951842,3.65787043579032,4.278944851937435,5512.820512820513,0.0004098768504503553,130.78515016553288,0.037000000000000005,0.324561403508772,1-0-164-6,uw,UT_009,009,2,fave,172.07845472853688,53.04302937552345,4,syracuse,2,0.08999700000001098,"",since,Y,Z,Y,Z,internal
483.15576602370163,1845.943009647454,2174.7333904159022,3.3382168020650975,3.9265344249255554,4.153097992976723,5692.3076923076915,0.0007803403245920356,133.1471511655329,0.040999999999999995,0.33064516129032256,1-0-169-6,uw,UT_009,009,2,fave,86.80667485609948,53.09725618743814,4,syracuse,2,0.09999099999998862,"",for,Y,Z,Y,Z,internal
402.8832412534367,1956.4937016203337,2397.040189051081,3.4722457080640643,3.804603570786359,4.0375213898176865,5512.820512820513,0.00018580155469670605,178.58114583446712,0.037,0.32456140350877194,1-0-237-1,uw,UT_009,009,2,fave,171.22791674834897,56.61362499118063,4,usually,1,0.09001200000000154,i,drive,Y,ZH,Y,ZH,internal
518.6038633178443,1888.4588571209408,2703.136605904018,3.5038453911031513,3.6631197942087415,4.096770409355708,5692.3076923076915,0.0014201629019309277,192.8381461655329,0.07100000000000001,0.3317757009345795,1-0-294-1,uw,UT_009,009,2,fave,231.426926984212,55.558622246288515,4,food,1,0.19000199999999268,fast,"",F,D,F,D,internal
479.10556366605596,1643.561260390379,2403.2524840253377,3.3461227096329997,3.9876394406084485,3.6442635098325384,5512.820512820513,0.00025441973577003776,232.9070531655329,0.037000000000000005,0.324561403508772,1-0-366-2,uw,UT_009,009,2,fave,189.437181461262,56.90372597840286,4,beautiful,1,0.08999600000001351,"","",Y,T,Y,T,internal
478.869372087991,2009.5718329163833,2497.5654971554136,3.294090702487611,3.9064422749813326,4.37708716063323,5512.820512820513,0.0003293738217078156,272.6963648344671,0.037,0.32456140350877194,1-0-459-1,uw,UT_009,009,2,fave,85.86086197082548,53.954644759609515,4,junior,1,0.08999699999998256,legacy,high,JH,N,JH,N,internal
547.3174517245964,1439.2857199590312,2570.511967982486,3.358991414316359,3.001687847324781,4.6132247051563935,6051.282051282051,0.004689875539550184,426.1782438344671,0.061000000000000006,0.3315217391304348,1-0-776-1,uw,UT_009,009,2,fave,279.32162055693277,64.42567384841833,4,you,1,0.1600040000000149,push,"",Y,#,Y,"",final
573.8646209970836,1579.4424172229055,2431.185380160539,2.86526789939287,3.1949493709450323,3.9943885421457517,6051.282051282051,0.0014512446281547003,429.37735683446715,0.091,0.3321167883211679,1-0-784-1,uw,UT_009,009,2,fave,172.21295188240404,66.82716510048313,4,you,1,0.25,help,"",Y,#,Y,"",final
530.455705015079,1197.3008356439025,2517.9453791906026,2.921180387727584,3.123107363887599,3.49484695185493,5512.820512820513,0.0007193575748567587,434.0763531655329,0.10899999999999999,0.3364197530864197,1-0-800-1,uw,UT_009,009,2,fave,173.59747966708483,62.970776380844825,4,you,1,0.2999879999999848,help,"",Y,#,Y,"",final
443.605486528974,1500.6181066498355,2456.664163346171,3.728460284731348,4.6072028681904165,4.161577158554511,5512.820512820513,0.008633244715354368,440.1653581655329,0.027000000000000003,0.32142857142857145,1-0-822-1,uw,UT_009,009,2,fave,NaN,51.074024217726574,4,you,1,0.05999800000000732,before,turn,Y,#,Y,T,final
474.825549088575,1731.7727271244125,2302.3879024897515,3.5913045019622114,3.7671082484595706,4.516594895223003,5512.820512820513,0.00022686400903408608,486.72155249659863,0.031,0.32978723404255317,1-0-950-1,uw,UT_009,009,2,fave,156.44314914259343,60.06694008309137,4,you,1,0.06997599999999693,instructor,only,Y,#,Y,ow,final
454.1302720877465,1929.3270310779963,2500.8536204196057,2.9562946328913227,3.5430447153863605,4.019594802408611,5512.820512820513,7.144999838956934e-6,491.2885398344671,0.025,0.33783783783783783,1-0-966-2,uw,UT_009,009,2,fave,155.5374005232095,62.299210528508866,4,new,1,0.05001900000002024,a,director,Y,#,Y,D,final
489.4405514769464,1780.0114869031527,2568.5955209007457,3.6669517762115063,3.5492603434093937,4.231533485764369,6230.7692307692305,0.001450855687986052,506.1535501655329,0.035,0.3365384615384616,1-0-1019-1,uw,UT_009,009,2,fave,285.3857091580233,69.42687133504903,4,who,1,0.0799870000000169,like,wants,HH,#,HH,W,final
367.0865931844622,1809.9568578555507,2444.294009634906,3.152445564123905,3.77361926497402,4.424290365067116,5512.820512820513,0.00009194763544437886,543.7103295034013,0.025,0.33783783783783783,1-0-1122-1,uw,UT_009,009,2,fave,80.04744173070259,55.62794379076074,4,you,1,0.0500489999999445,make,colder,Y,#,Y,K,final
472.25295994496355,1646.9720383003337,2309.603339886293,3.050658785476977,3.593415271981297,4.1121732794889265,5512.820512820513,0.0007653135013895843,548.0763484965986,0.057,0.32758620689655177,1-0-1135-1,uw,UT_009,009,2,fave,163.63434273884937,64.2729487368548,4,boot,1,0.14996400000006815,your,won't,B,#,B,W,final
488.1779450634586,1938.209697155491,2574.6399093573623,2.809297139509283,3.3040727486345354,3.761451787345101,5692.3076923076915,0.0011817457308634337,552.3833378344672,0.091,0.33211678832116787,1-0-1150-1,uw,UT_009,009,2,fave,181.27135269725414,64.91851946190668,4,boots,1,0.25,their,"",B,T,B,T,internal
371.39748494316194,1796.2772822463885,2392.9651006839154,3.441535544330597,3.6389423994008494,3.9025653367611355,5512.820512820513,0.00011336587840047974,555.7513628344672,0.027000000000000003,0.32142857142857145,1-0-1161-1,uw,UT_009,009,2,fave,165.675389628956,56.63134558008676,4,you,1,0.059996999999953005,where,would,Y,#,Y,W,final
379.5979853396563,1477.156950510531,2408.5663556262657,3.4116536331409026,3.959089288990938,4.690762624379104,5153.846153846154,0.00023195070705623363,556.3403401723357,0.025,0.33783783783783783,1-0-1164-1,uw,UT_009,009,2,fave,162.10433438341792,56.94115689142798,4,you,1,0.0500489999999445,"",will,Y,#,Y,W,final
438.07278241151806,1196.9149303161778,2378.0317284142584,3.061798429845979,3.121973123673227,3.7887401545573827,5512.820512820513,0.00030618439160850065,563.1541644965987,0.040999999999999995,0.33064516129032256,1-0-1182-1,uw,UT_009,009,2,fave,176.7616963081783,62.02255506690561,4,whoever,0,0.09997499999997217,check,i'm,HH,e,HH,e,internal
489.43813657086935,1739.99143621636,2309.614140340206,3.0269393462994207,3.6249922548826197,3.6594791850526995,5692.3076923076915,0.00026884926189614094,569.831158834467,0.055,0.33536585365853655,1-0-1210-1,uw,UT_009,009,2,fave,121.45273880316417,58.70193663498534,4,boot,1,0.140013999999951,their,that,B,T,B,T,internal
470.93300713049797,1637.9764467363814,2137.3039354781204,3.073435680553207,3.591070040464317,3.765030283372084,5512.820512820513,0.0001491218841545569,571.0061394965986,0.045,0.3358208955223881,1-0-1216-1,uw,UT_009,009,2,fave,158.92641324772862,59.99026624937589,4,boots,1,0.10998600000004899,their,are,B,T,B,T,internal
393.109189117861,1789.9222282762016,2468.2528719935694,3.0103043477893308,3.810514687493429,3.977474569697913,5692.3076923076915,0.00008297995836020456,581.4821318344672,0.037000000000000005,0.324561403508772,1-0-1251-2,uw,UT_009,009,2,fave,182.72472675930675,64.97981519791983,4,scooting,1,0.09002699999996366,"",around,K,T,K,T,internal
358.5320513999256,1812.457967769766,2427.470224808788,3.0999488667287673,4.290065039319376,4.132742036302082,5333.333333333333,0.00006705503261527569,597.4866471655329,0.027000000000000003,0.32142857142857145,1-0-1310-1,uw,UT_009,009,2,fave,166.4764177042863,57.236079165746425,4,you,1,0.05999800000006417,as,teach,Y,#,Y,T,final
392.0633847290596,1325.2477117915673,2464.7000069306805,3.578248703324066,4.25559337407035,4.767185425039732,5512.820512820513,0.0018327892880424038,604.8186698344671,0.031,0.32978723404255317,1-0-1333-4,uw,UT_009,009,2,fave,164.37340909968137,56.90138153861015,4,graduate,0,0.07000800000002982,they,to,JH,ey,JH,ey,internal
459.34090862239856,1551.8205372520306,3001.4448770694576,3.1678088872076566,3.4885488871472776,4.435465633858108,5512.820512820513,0.00008026986291029189,638.6572411655329,0.027000000000000003,0.32142857142857145,1-0-1404-1,uw,UT_009,009,2,fave,160.63594350216792,55.93263168791966,4,you,1,0.059996999999953005,because,look,Y,#,Y,L,final
354.20558012673746,1848.2273477264216,2282.541258810663,3.5886022276088565,4.357777567344905,4.28550895979031,5333.333333333333,0.000360367319346009,641.6672558344671,0.027000000000000003,0.32142857142857145,1-0-1419-1,uw,UT_009,009,2,fave,162.68552575756772,57.28789115391273,4,you,1,0.05999799999995048,like,want,Y,#,Y,W,final
386.4501683867403,2175.483067679827,2522.089181932837,3.4141763986332236,3.864675409169471,4.439669268634844,5333.333333333333,0.00004005445293850771,708.4711381723357,0.025,0.33783783783783783,1-0-1562-1,uw,UT_009,009,2,fave,156.93223718037189,59.5802704328709,4,you,1,0.0500489999999445,like,can,Y,#,Y,K,final
427.6413508489176,1920.3970204709815,2698.052218723876,3.748191344358672,3.5371503740552175,4.095305322193885,5153.846153846154,0.00030916020634766124,725.0341248344671,0.031,0.32978723404255317,1-0-1619-1,uw,UT_009,009,2,fave,175.34888291260296,54.496591273842355,4,use,1,0.07000700000003235,and,them,Y,Z,Y,Z,internal
445.9055615962158,1782.7653410564833,2403.1358587795944,3.145306559067964,4.00270912382268,4.524221515205268,5512.820512820513,0.0006108496883159474,800.2297558344671,0.027000000000000003,0.32142857142857145,1-0-1721-1,uw,UT_009,009,2,fave,156.07609901262433,57.3722044742301,4,you,1,0.05999799999995048,so,wanna,Y,#,Y,W,final
504.9531727549061,1728.586833120422,2713.262953004415,3.4280779841355096,3.566937045144373,3.4742660283899207,5512.820512820513,0.000018341919508605236,829.5736278344672,0.027000000000000003,0.32142857142857145,1-0-1820-2,uw,UT_009,009,2,fave,169.90132716663965,54.74277803261202,4,new,1,0.05999799999995048,a,shell,Y,#,Y,SH,final
438.0995628539214,869.8570379779962,2808.1015240411293,2.3456605821546246,2.767623374684303,4.0591351099824715,5512.820512820513,0.00003120032408121019,838.9286534965986,0.037,0.32456140350877194,1-0-1855-2,uw,UT_009,009,2,fave,226.05981838889804,65.8341641204929,4,school,1,0.08996600000000399,the,lunch,K,L,K,L,internal
436.32145199099995,1899.513333453716,2464.13587613576,3.454444475485348,3.36424393268345,3.663230733621581,5512.820512820513,0.0003880405182789674,850.1091731655329,0.045,0.3358208955223881,1-0-1897-1,uw,UT_009,009,2,fave,164.58337538869816,55.73190776910422,4,used,1,0.10998500000005151,carpenter,"",Y,Z,Y,Z,internal
412.7310281964639,1967.2595009886315,2630.3525746669966,3.434407176836361,3.7278910504800304,3.8302811706887847,5512.820512820513,0.0003305676641651081,860.3121398344671,0.031,0.32978723404255317,1-0-1931-1,uw,UT_009,009,2,fave,172.19452469027684,59.06153243291541,4,used,1,0.07000700000003235,grandpa,water,Y,Z,Y,Z,internal
482.3261429049043,1642.3941014082598,2589.88846644386,3.4810837124147036,3.2325764885438257,4.592897631075796,5692.3076923076915,0.00029243527739881736,906.9482478344671,0.031,0.32978723404255317,1-0-2094-2,uw,UT_009,009,2,fave,177.62011103919863,58.788419721161894,4,new,1,0.07000700000003235,the,health,Y,#,Y,HH,final
977.7643639326511,1732.4719154004872,2681.8209818475243,3.2844257527367064,3.821379879508631,4.118809421245607,6230.7692307692305,0.0008658941075311938,83.33114616553287,0.057,0.3275862068965517,1-0-29-1,ae,UT_009,009,2,fave,-2839661.6372856824,51.637067589947904,4,back,1,0.15000100000000316,moved,"",B,K,B,K,internal
822.2540222945477,2295.787150100685,2973.3536189176643,3.7455918545392524,3.977365566529813,3.8408251679538887,6230.7692307692305,0.00021157421904299475,91.23634883446712,0.031,0.32978723404255317,1-0-51-0,ae,UT_009,009,2,fave,175.72939705045522,49.87333611057119,4,and,1,0.0700080000000014,"",then,#,N,"",N,initial
813.1081206367074,2065.609803797517,2937.683257482241,3.670636080055013,3.6421351631747623,3.7055680567590845,6051.282051282051,0.0013438231502528363,97.38635583446711,0.051000000000000004,0.3311688311688312,1-0-70-0,ae,UT_009,009,2,fave,80.54243645595722,47.464656328972,4,and,1,0.1299980000000005,"",graduated,#,N,"",N,initial
812.326841318774,1789.352979985806,2386.0072249370955,3.3370190754351587,4.234079752268761,4.561422715070793,6948.717948717948,0.0024178410848286064,97.77435583446712,0.047,0.3263888888888889,1-0-71-2,ae,UT_009,009,2,fave,84.35786112941746,55.89428552949816,4,graduated,1,0.11999500000000296,and,from,R,JH,R,JH,internal
872.4916884941085,2078.8117573267764,2911.9170555041283,4.305878843894849,3.7490896828457685,3.890292662980374,6051.282051282051,0.0006358869313436908,100.10635183446712,0.031,0.32978723404255317,1-0-76-0,ae,UT_009,009,2,fave,167.48026540537896,48.082107441687036,4,and,1,0.07000000000000739,"","",#,N,"",N,initial
660.7843153083454,2585.998264739488,2846.6086675765937,3.6553195178635893,3.877110553433622,4.267822690324455,5871.794871794871,0.008762500873973249,107.62835483446712,0.11500000000000002,0.3343023255813954,1-0-93-0,ae,UT_009,009,2,fave,173.08052315304116,46.765497929980725,4,and,1,0.3200000000000074,"","",#,N,"",N,initial
874.8776564334063,2048.7658442784527,2948.6425127346765,3.647130720790403,3.667198164783889,3.4463231800576892,5871.794871794871,0.00038757572921616177,112.89435283446711,0.027000000000000003,0.32142857142857145,1-0-106-0,ae,UT_009,009,2,fave,190.16827277653337,43.670144438151894,4,and,1,0.05999799999999311,"",then,#,N,"",N,initial
755.1862442730311,1787.205631002727,2795.6538330443555,3.847452893270799,3.6697722724401176,4.454270975751591,6769.2307692307695,0.0008830242280754613,129.3971511655329,0.040999999999999995,0.33064516129032256,1-0-161-0,ae,UT_009,009,2,fave,165.9887209502878,54.95590270969497,4,after,1,0.09999099999998862,then,that,#,F,N,F,initial
840.4295880307313,1640.2750066893861,2702.4751840577087,3.3210799279667453,3.949047835401486,4.2597851991044156,7487.179487179487,0.0012578836863968129,129.7221538344671,0.07100000000000001,0.33177570093457953,1-0-162-1,ae,UT_009,009,2,fave,157.23209658852238,55.863823518496815,4,that,1,0.19000300000001857,after,"",DH,T,DH,T,internal
782.746984137582,1775.136354223887,2633.893843642478,3.4208666633118647,3.8928831969662943,3.949369557288865,5871.794871794871,0.00047761217682656574,144.32014916553288,0.047,0.3263888888888889,1-0-179-1,ae,UT_009,009,2,fave,82.82495392087964,51.10929631724947,4,japanese,2,0.11999499999998875,took,"",JH,P,JH,P,internal
746.7739856790816,2028.5422110759744,2961.3341017950556,3.4697753810694896,3.8850874069324917,4.034046375067357,6051.282051282051,0.0007563988346822047,173.9981541655329,0.031,0.32978723404255317,1-0-219-0,ae,UT_009,009,2,fave,183.67981009684112,49.85647015416807,4,and,1,0.06999200000001338,"",then,#,N,"",N,initial
791.250631616815,1965.4440513912039,2725.30404517935,3.429911484639384,3.557052746002468,4.111531924497311,6230.7692307692305,0.0005934130304054307,185.1231491655329,0.04100000000000001,0.3306451612903227,1-0-261-0,ae,UT_009,009,2,fave,147.11421226705212,51.81303069582291,4,and,1,0.09999099999998862,"",then,#,N,"",N,initial
799.1582311415514,1707.193490885815,2047.458865621059,3.2999191209984047,3.86323219098758,4.533607814276939,5871.794871794871,0.0010507736925277674,188.79614683446715,0.027000000000000003,0.32142857142857145,1-0-277-2,ae,UT_009,009,2,fave,NaN,54.36886988572081,4,grab,1,0.060012999999997874,we,dinner,R,B,R,B,internal
800.3677589637281,1640.178484750221,2755.655005917515,3.5669638981761977,4.032430008035396,4.346089497021206,6948.717948717948,0.00043833287167779656,192.5731461655329,0.04100000000000001,0.3306451612903227,1-0-293-1,ae,UT_009,009,2,fave,231.17337597914027,55.42695828526907,4,fast,1,0.10000599999997917,eat,food,F,S,F,S,internal
766.5246965433593,1867.426052013725,2629.16465376487,3.49818754043626,3.8843108887836735,4.0345342528842885,5871.794871794871,0.0004622924788309875,197.06815116553287,0.051000000000000004,0.3311688311688312,1-0-312-1,ae,UT_009,009,2,fave,158.2250905723624,50.76115897981624,4,yeah,1,0.12998999999999228,"","",Y,#,Y,"",final
642.3294013166054,2307.873225780845,2927.348741665078,3.455212845450741,3.6178622114250616,4.001504081703427,6230.7692307692305,0.00215326737386838,217.32125316553288,0.067,0.3284313725490196,1-0-325-0,ae,UT_009,009,2,fave,242.70724045153273,59.554854464636456,4,am,1,0.17999299999999607,i,a,#,M,ay,M,initial
884.9940282736368,1597.0308408611336,2577.5195315410365,3.0506533769348514,3.612953375737945,4.162245645133948,6230.7692307692305,0.00017967889325840822,220.21824783446712,0.04100000000000001,0.3306451612903227,1-0-343-1,ae,UT_009,009,2,fave,185.41504040457502,65.25297476133085,4,have,1,0.10000600000000759,i,"",HH,V,HH,V,internal
834.2171857301383,1721.3695777477274,2532.7891396603045,3.1092482674298503,4.029592981558085,4.185931370792897,6410.25641025641,0.004989662517310091,234.0040541655329,0.07100000000000001,0.3317757009345795,1-0-370-0,ae,UT_009,009,2,fave,176.934887159425,62.02241796771987,4,at,1,0.1899879999999996,look,"",#,T,K,T,initial
899.8535885716548,1510.5770139859487,2571.6144169668196,3.524217537358717,4.311265309285769,4.359904661655935,6589.74358974359,0.007009465099111827,234.8940431655329,0.031,0.32978723404255317,1-0-374-1,ae,UT_009,009,2,fave,161.02051952844425,57.408418584649716,4,happened,1,0.07000700000000393,just,randomly,HH,P,HH,P,internal
685.2531960571973,1837.644097361248,2422.8308879544657,3.0768000284094463,3.955995611226248,4.440759908175818,5871.794871794871,0.0004031115540208927,235.2090458344671,0.04100000000000001,0.3306451612903227,1-0-375-1,ae,UT_009,009,2,fave,162.19741873527371,59.66608147052124,4,randomly,1,0.10000700000000506,happened,"",R,N,R,N,internal
672.4633463357289,2121.5949138313945,2981.5892106909455,3.8380664535251485,3.8568696817484414,4.042508882791298,6410.25641025641,0.0008029707181682044,238.55704716553288,0.037,0.32456140350877194,1-0-383-0,ae,UT_009,009,2,fave,181.5638172429832,55.10909983647393,4,and,1,0.08999600000001351,"",they're,#,N,"",N,initial
844.9883074464516,1657.5597354542388,2435.7786458359105,3.426333859665841,3.69545752268328,4.208169937125556,5871.794871794871,0.0009654251768632998,238.8510451655329,0.065,0.3350515463917526,1-0-385-0,ae,UT_009,009,2,fave,152.64855250064983,54.59952267255338,4,actually,1,0.16999899999999002,they're,fun,#,K,R,K,initial
666.4471356763182,2265.6773701831107,2866.372858009003,3.564941569150017,3.7267757131015355,4.1313340726907235,6410.25641025641,6.787882510570874e-6,239.75104416553287,0.025,0.33783783783783783,1-0-388-1,ae,UT_009,009,2,fave,80.77285638365025,53.77207812086823,4,hang,1,0.050003000000003794,to,out,HH,NG,HH,NG,internal
757.849855038245,1691.942325863528,2749.7142374035316,3.207802466252776,3.965009920034975,4.111781052596606,6230.7692307692305,0.0006040154398503478,242.1040501655329,0.031,0.32978723404255317,1-0-396-1,ae,UT_009,009,2,fave,155.67869863733034,56.48893872993561,4,that's,1,0.06999200000001338,think,what,DH,T,DH,T,internal
965.8172523891005,1518.9100792485108,2459.2822635990933,3.8139127692742827,3.9135489312597356,4.278675911423795,6051.282051282051,0.0031881718663754116,243.56204716553287,0.047,0.3263888888888889,1-0-406-0,ae,UT_009,009,2,fave,156.6222590620359,51.596964134848996,4,actually,1,0.11999500000001717,"",fun,#,K,"",K,initial
880.5155603043851,1568.6489436176591,2585.3515657661515,3.394393090647895,3.746589164736181,4.3477707402574195,6051.282051282051,0.00021888186028925821,266.1883558344671,0.040999999999999995,0.33064516129032256,1-0-436-1,ae,UT_009,009,2,fave,165.0581208870167,60.96972955993559,4,had,1,0.10000600000000759,had,one,HH,D,HH,D,internal
815.979836831624,2143.874518812384,2940.746913922246,3.357207801612138,3.7128589490768746,4.171506246945421,6051.282051282051,0.00042330655891891465,268.2183538344671,0.040999999999999995,0.33064516129032256,1-0-441-0,ae,UT_009,009,2,fave,148.89562392352786,51.118247940432084,4,and,1,0.10000600000000759,"",then,#,N,"",N,initial
773.1182382738931,2246.2365555732044,2905.074033972887,3.349673010145055,3.739377256584418,4.130431524888133,6051.282051282051,0.0009680404347179,282.96345883446713,0.10500000000000001,0.3343949044585987,1-0-501-0,ae,UT_009,009,2,fave,160.53489042273637,58.31189377194821,4,and,1,0.29000800000000027,"",it,#,N,"",N,initial
784.7157708454554,2425.524522241775,3122.34435992655,3.513473353425173,3.763353214245326,4.02417225902857,6230.7692307692305,0.0013440316722680811,287.46944783446713,0.07700000000000001,0.3290598290598291,1-0-517-0,ae,UT_009,009,2,fave,190.20812642460362,56.175486562198216,4,and,1,0.20999100000000226,"",did,#,N,"",N,initial
871.9813546831255,1724.4199144328493,2483.980855239956,3.5848097230132794,3.8874824385476243,4.819626871526031,6948.717948717948,0.0031879247518333135,318.4321611655328,0.065,0.3350515463917526,1-0-586-1,ae,UT_009,009,2,fave,109.53875883447735,57.96515527834168,4,dad,1,0.169983000000002,a,as,D,D,D,D,internal
621.2230826893733,1723.1639687189406,2449.447524553527,3.3845650070206177,3.653806375627009,4.501214265875537,6410.25641025641,0.00024122010885337192,318.6271474965986,0.035,0.33653846153846156,1-0-587-0,ae,UT_009,009,2,fave,166.7523851048103,61.74901722411572,4,as,1,0.07998600000001943,dad,a,#,Z,D,Z,initial
772.3753287744516,1610.8690367676666,2765.426830643266,3.2816996457870964,3.727854022627964,4.430289066680267,6230.7692307692305,0.00813985222673031,335.3701541655329,0.08100000000000002,0.3319672131147542,1-0-612-1,ae,UT_009,009,2,fave,NaN,49.43130423539686,4,yeah,1,0.22000100000002476,"","",Y,#,Y,"",final
617.1087869463104,2051.185684752159,2734.528763747889,3.495605362511625,3.916909412700552,4.159627371926293,6051.282051282051,0.00008968853721621415,340.90485183446714,0.031,0.32978723404255317,1-0-630-0,ae,UT_009,009,2,fave,168.21732348363614,54.80832560426439,4,at,1,0.07000700000003235,skiing,two,#,T,NG,T,initial
877.416958778963,1854.2627444907887,2838.3993351278614,3.205652242401379,3.869964042182484,4.5273553469872425,6230.7692307692305,0.00033981998805617165,345.59184483446717,0.045,0.3358208955223881,1-0-637-0,ae,UT_009,009,2,fave,232.78545356914483,63.10865231187762,4,and,1,0.11001599999997325,"","",#,N,"",N,initial
694.8549578114511,1872.1905593080892,3021.62986564564,2.948707756023306,3.756470286349738,4.424298548601185,6230.7692307692305,0.00018980590309440994,357.3228601655329,0.027000000000000003,0.32142857142857145,1-0-651-1,ae,UT_009,009,2,fave,-1267.1353518862932,50.64977096633841,4,sad,1,0.059996999999953005,so,"",S,D,S,D,internal
767.6544004600847,1832.0246545250802,2710.4954010549914,3.7432750958947296,3.7528917967068636,4.064806352509557,5333.333333333333,0.0065898746052580805,361.2828411655329,0.047,0.3263888888888889,1-0-665-1,ae,UT_009,009,2,fave,-4948.022258037333,51.46521375922599,4,yeah,1,0.11999500000001717,"","",Y,#,Y,"",final
803.5469031320338,1601.7565080886468,2540.5765467172514,2.6900941961323515,3.452151971156085,4.1522638195104475,6230.7692307692305,0.0009712711832503236,386.8482491655328,0.07899999999999999,0.3376068376068376,1-0-676-1,ae,UT_009,009,2,fave,171.36893225934594,62.361149891368235,4,yeah,1,0.20999199999999973,"","",Y,#,Y,"",final
650.2293169474551,2003.844605086128,2736.6969190949567,3.2972674287271286,3.4184173824052477,3.8656056516275497,6230.7692307692305,0.000023448257187917108,392.1622461655329,0.027000000000000003,0.32142857142857145,1-0-691-0,ae,UT_009,009,2,fave,174.54262733115692,58.90266955043728,4,at,1,0.05999700000000985,skiing,a,#,T,NG,T,initial
770.9802867026953,1865.0287423004472,2788.9632232428576,3.4007933796070287,3.564737620607656,3.9567537854459487,6051.282051282051,0.00018279109131163798,394.52426116553283,0.031,0.32978723404255317,1-0-702-0,ae,UT_009,009,2,fave,-34.42373949191792,54.8605488908898,4,an,1,0.0699769999999944,"",assistant,#,N,"",N,initial
815.5383568473859,1678.8089576712684,2696.804191131674,3.1439058307750654,3.612551282222796,4.116347960231122,6051.282051282051,0.0031911559675138514,399.0032518344671,0.07100000000000001,0.3317757009345795,1-0-716-1,ae,UT_009,009,2,fave,NaN,54.37013949592857,4,yeah,1,0.19000200000004952,"","",Y,#,Y,"",final
709.6405635212747,1708.736061892171,2531.4188717345996,3.8463006912995206,4.051926093361013,4.348640361702258,5333.333333333333,0.007249418915405961,402.58624783446714,0.057,0.3275862068965517,1-0-727-1,ae,UT_009,009,2,fave,93.59575575455918,50.26880728998405,4,yeah,1,0.1499939999999924,"","",Y,#,Y,"",final
816.0465283243016,1874.5861323555432,2692.0695359879387,3.400722586984222,3.9513440159052755,4.507355930526636,6589.74358974359,0.011745806064043192,403.6282601655328,0.040999999999999995,0.33064516129032256,1-0-729-0,ae,UT_009,009,2,fave,127.06044449681295,54.49859302153386,4,at,1,0.09997600000002649,"",powder,#,T,"",T,initial
725.5856787806342,1802.937274405247,2741.369167837678,3.482370701018776,3.771518295255222,4.670625730099519,5692.3076923076915,0.0029451395823384056,407.6362458344671,0.037000000000000005,0.324561403508772,1-0-736-1,ae,UT_009,009,2,fave,85.75914538549097,52.522549873004934,4,yeah,1,0.08999599999998509,"","",Y,#,Y,"",final
789.3169904851939,1911.5973804208527,3082.2231957019276,3.2053480586256473,3.684004509339888,4.230629616702405,6051.282051282051,0.0005128627193131331,419.1362458344671,0.037,0.32456140350877194,1-0-758-2,ae,UT_009,009,2,fave,NaN,48.904880692383436,4,plant,1,0.08999599999998509,"","",L,N,L,N,internal
798.3369216329514,1746.853765455277,2756.506493091014,3.3649570376637112,3.632748507127719,4.141451223503709,6051.282051282051,0.0009900197763989239,422.1482658344671,0.08099999999999999,0.3319672131147541,1-0-760-1,ae,UT_009,009,2,fave,-1265.5132520268962,55.49409047318419,4,yeah,1,0.22000200000002224,"","",Y,#,Y,"",final
711.2997746723689,2335.977981668378,2781.799430069957,3.6708431102669685,4.090602076610817,4.37344615176205,6051.282051282051,0.002402879968542712,423.1932481655329,0.07100000000000001,0.3317757009345795,1-0-764-2,ae,UT_009,009,2,fave,292.4226273231591,60.65690562264124,4,plant,1,0.19000299999999015,pole,"",L,N,L,N,internal
1000.5023386871802,1577.0564694765126,2450.608840757627,3.8711943550803323,3.7812569080359673,4.2696074016481065,6051.282051282051,0.002234325322386806,428.2623508344671,0.061000000000000006,0.3315217391304348,1-0-782-0,ae,UT_009,009,2,fave,233.8980159415441,60.96952683155212,4,actually,1,0.16000399999995807,"",help,#,K,"",K,initial
943.8134818759179,1797.0543592399008,2870.4545813198765,3.6052549968447436,3.807225734452032,4.42144417157959,7128.205128205128,0.006155959120769308,431.5623531655329,0.08100000000000002,0.3319672131147542,1-0-792-0,ae,UT_009,009,2,fave,167.0451248519403,63.108221366591316,4,and,1,0.2200019999999654,"","",#,N,"",N,initial
921.8353306688457,1553.0896463134345,2497.986441019257,3.40089093104673,3.922467664157544,4.473582878401519,6230.7692307692305,0.0015618144137107414,433.07034216553285,0.057,0.3275862068965517,1-0-798-0,ae,UT_009,009,2,fave,156.6706444303359,62.56606450578995,4,actually,1,0.14999400000004925,"",help,#,K,"",K,initial
910.1150579596308,1972.7094117456388,2901.897490248462,3.4722808867376185,4.00869447057189,4.5082523672295425,6051.282051282051,0.00023139198085644116,447.79933883446716,0.035,0.33653846153846156,1-0-843-0,ae,UT_009,009,2,fave,-1534.749891442151,54.6714024255301,4,and,1,0.080016999999998,"",you're,#,N,"",N,initial
573.96917161216,1986.7105161053273,2940.211647555952,3.8883472033262008,3.4213019242330325,4.517724531595079,7128.205128205128,0.0003345166526413626,451.2493508344672,0.035,0.33653846153846156,1-0-855-1,ae,UT_009,009,2,fave,163.18696183024207,61.14302183257465,4,randomly,1,0.080016999999998,just,"",R,N,R,N,internal
769.246851406288,1422.4230273558958,2675.4930284506117,3.4635377252248625,3.91091929535741,4.2375479194975245,5333.333333333333,0.0006950728390166976,455.6178381655329,0.037,0.32456140350877194,1-0-871-1,ae,UT_009,009,2,fave,101.69042653316505,58.80510169190411,4,that's,1,0.08999599999998509,so,why,DH,T,DH,T,internal
783.3987377382816,1646.207998914541,2979.1043068454587,3.5868217932837423,3.658190675202258,4.177795240396771,6230.7692307692305,0.0004329704207452641,457.39285716553286,0.047,0.3263888888888889,1-0-880-2,ae,UT_009,009,2,fave,118.6981502270995,56.95049717165407,4,plant,1,0.11999500000001717,pole,and,L,N,L,N,internal
735.8829005306909,2531.9145583873196,2789.6971867542125,3.65179495901588,3.7432199868154377,3.6679469951256274,6051.282051282051,0.0014276420131704032,457.9998388344671,0.061000000000000006,0.3315217391304348,1-0-883-1,ae,UT_009,009,2,fave,188.95025544618062,57.60152949757548,4,can't,1,0.16000300000001744,you,"",K,N,K,N,internal
533.1556894617822,2246.528184221066,2702.4906503928682,3.694022530737258,3.8208000936194546,3.9100343396859825,6051.282051282051,0.0005265317923704696,459.96483983446706,0.051000000000000004,0.3311688311688312,1-0-886-3,ae,UT_009,009,2,fave,165.66051126673128,59.56809257689266,4,advance,1,0.13000500000003967,effectively,your,V,N,V,N,internal
936.2462019073479,1652.1476168797296,2689.849020237335,3.69150493351083,3.5909667970374506,4.518883160833886,5871.794871794871,0.0017662411357597012,461.2348588344671,0.051000000000000004,0.3311688311688312,1-0-891-1,ae,UT_009,009,2,fave,152.90935325370873,56.79953723320341,4,mastered,1,0.13000499999998283,you've,that,M,S,M,S,internal
789.875430438071,1536.776827573205,2574.2366140515996,3.0010619082707954,3.663013871709546,4.244902310101222,6230.7692307692305,0.0008270800944894326,461.67983516553284,0.04100000000000001,0.3306451612903227,1-0-892-1,ae,UT_009,009,2,fave,NaN,55.02474504635278,4,that,1,0.10000600000000759,mastered,skill,DH,T,DH,T,internal
851.1331994939728,1653.0835367223435,2728.1678752301227,3.3510034434457707,3.6907322343501097,4.441986207649531,6230.7692307692305,0.00010640591939782757,475.24515383446715,0.031,0.32978723404255317,1-0-902-1,ae,UT_009,009,2,fave,158.7215862508753,58.5644966019488,4,had,1,0.07000700000003235,i,my,HH,D,HH,D,internal
867.287228924246,1737.1504619624661,2574.4997747960765,3.191619346096229,3.9705786501364497,4.400269421382696,6230.7692307692305,0.000021063354459996163,476.6718408344671,0.025,0.33783783783783783,1-0-909-1,ae,UT_009,009,2,fave,189.49663725292143,66.19075668970845,4,had,1,0.050018000000022766,i,my,HH,D,HH,D,internal
588.9033167145753,2605.92820342976,3001.015902597474,3.72527138840224,3.683066741564216,4.288602784138135,6230.7692307692305,0.0008966353404239492,479.08685683446714,0.135,0.3341584158415842,1-0-917-0,ae,UT_009,009,2,fave,163.68108171009283,59.704606338365416,4,and,1,0.38000499999998283,"",well,#,N,"",N,initial
816.1803077874793,1747.4352931476644,2718.33169549133,3.359732095690206,3.8160133913043244,4.301336505775389,6589.74358974359,0.00014231746946019125,480.3328601655329,0.047,0.3263888888888889,1-0-922-1,ae,UT_009,009,2,fave,163.3859339314397,66.54816208470639,4,that,1,0.11999499999996033,to,i,DH,T,DH,T,internal
676.3207696575663,2357.3903460119386,2961.6492123260446,3.6299474467365145,3.780273402400936,4.301842078390527,6230.7692307692305,0.0004421724457788367,480.92286183446714,0.047,0.3263888888888889,1-0-926-1,ae,UT_009,009,2,fave,152.0931149773147,58.739209841691945,4,manager,1,0.11999500000001717,a,"",M,N,M,N,internal
941.0634407925347,1625.1488406084409,2619.698703579765,3.3226577130413566,3.8525119957446923,4.297070402250633,6410.25641025641,0.000731753146691645,482.54355516553284,0.055,0.33536585365853655,1-0-930-0,ae,UT_009,009,2,fave,170.49693660929765,68.12242106306942,4,as,1,0.13998400000002675,"",a,#,Z,"",Z,initial
734.6487239985537,2200.3359080734913,2831.9399632398727,3.95948001015259,3.633273287890159,3.9430777296013475,6051.282051282051,0.0000886876916554666,482.82853883446717,0.045,0.3358208955223881,1-0-932-1,ae,UT_009,009,2,fave,163.07496553758307,62.77318544822815,4,manager,1,0.11001599999997325,a,you,M,N,M,N,internal
925.5655619567165,1998.1385733851237,3059.6048768847304,3.941096200492448,3.539366642765125,4.2197709639895065,6051.282051282051,0.002775018704459831,493.0695498344671,0.067,0.32843137254901966,1-0-973-0,ae,UT_009,009,2,fave,165.65243823169303,54.20451074221014,4,and,1,0.1799930000000245,"","",#,N,"",N,initial
944.8191052767176,1547.854311256797,2698.895796679395,3.462190672277292,3.8672776261347344,4.450684692819998,6410.25641025641,0.0000961254512197413,493.69655349659865,0.04100000000000001,0.3306451612903227,1-0-976-1,ae,UT_009,009,2,fave,164.55971226258853,64.71374366803443,4,had,1,0.09997499999997217,i,my,HH,D,HH,D,internal
753.8971593142468,2051.9665160406544,3085.5003886350073,3.555656708951808,3.9173354669104983,4.096380219882469,6230.7692307692305,0.00012474218496524148,494.78154949659864,0.031,0.32978723404255317,1-0-981-0,ae,UT_009,009,2,fave,184.17719467368642,56.02019635562165,4,and,1,0.0699769999999944,"",then,#,N,"",N,initial
917.0939375558994,1664.764899718543,2703.1499395122805,3.206006056937355,3.7239454667375376,4.291312952158913,6230.7692307692305,0.0004991533488933429,496.3645378344671,0.057,0.32758620689655177,1-0-985-1,ae,UT_009,009,2,fave,190.3819899563651,65.41933890449968,4,that,1,0.15002400000003036,taught,season,DH,T,DH,T,internal
777.263571443257,2014.9561912129918,2968.445812429642,3.5549948160219333,3.614630168325422,3.48228519257765,6230.7692307692305,0.000022211765663517788,499.9895471655329,0.027000000000000003,0.32142857142857145,1-0-996-0,ae,UT_009,009,2,fave,181.45734834861443,57.3662017562333,4,and,1,0.05999700000000985,lesson,my,#,N,N,N,initial
813.3565153019092,2274.236450811804,3104.7397508928143,3.134332884981416,4.188258778632622,4.2550729096775886,6589.74358974359,0.0004615764173717419,508.97295350340136,0.045,0.3358208955223881,1-0-1031-0,ae,UT_009,009,2,fave,504.8148476907036,57.16012928419363,4,and,1,0.11001599999997325,"",then,#,N,"",N,initial
771.7711119315094,1995.8243037478337,2879.509707585659,3.9236327060122176,3.8265770162165964,3.7828685631354504,6230.7692307692305,0.0005749043406229235,516.5279515034013,0.035,0.3365384615384616,1-0-1065-0,ae,UT_009,009,2,fave,174.596542218908,55.16819924293383,4,and,1,0.080016999999998,"","",#,N,"",N,initial
835.9093943866857,1501.8088099729848,2505.096089329334,3.3629692056916323,4.01831565444244,4.330873951306112,6230.7692307692305,0.01230395744855304,517.8259691655329,0.07100000000000001,0.33177570093457953,1-0-1072-1,ae,UT_009,009,2,fave,178.26252383435707,58.65421469405975,4,pass,1,0.190003000000047,ski,and,P,S,P,S,internal
679.4400261606658,1862.0973497157022,2794.808303493213,3.5151143942117127,3.8827119208931697,4.166408659769014,6230.7692307692305,0.004303662817608626,519.9689445034014,0.057,0.32758620689655177,1-0-1078-1,ae,UT_009,009,2,fave,287.2438963778843,45.276487102499395,4,yeah,1,0.15002399999991667,"","",Y,#,Y,"",final
718.3789448186238,1887.670985172534,2520.349480100433,3.809403318659989,3.86084299260303,4.389381221529443,5512.820512820513,0.002740123146413219,523.1489465034014,0.037000000000000005,0.324561403508772,1-0-1080-1,ae,UT_009,009,2,fave,NaN,45.898782891910464,4,yeah,1,0.09002700000007735,"","",Y,#,Y,"",final
840.1794159012311,1525.2188826305817,2809.2601967064293,3.430375328590508,3.6590553459541444,4.081349438444013,6051.282051282051,0.0005332012896459461,543.0303761655329,0.045,0.3358208955223881,1-0-1120-0,ae,UT_009,009,2,fave,111.0683337661532,58.49022223846546,4,actually,1,0.10998600000004899,will,make,#,K,L,K,initial
740.6599590861905,2118.2515372333487,2870.877085564584,3.85688328406776,3.6426669011103674,4.0174475123710165,6230.7692307692305,0.0018018067521136639,547.4263458344672,0.037000000000000005,0.324561403508772,1-0-1132-0,ae,UT_009,009,2,fave,-19519.218569512745,47.93330592244154,4,and,1,0.09002699999996366,"",then,#,N,"",N,initial
805.0624656387799,1778.6958380329852,2212.9627305996446,3.549259858688948,3.7359742430415084,4.689996858493753,7128.205128205128,0.0004947747786037656,565.0761531655329,0.045,0.3358208955223881,1-0-1189-2,ae,UT_009,009,2,fave,159.97810514738364,58.29982939950756,4,brand,1,0.10998500000005151,they're,new,R,N,R,N,internal
667.036914395023,1742.2932408105128,2667.4582546088236,3.266170275089767,3.5596513405932737,3.869602086884655,6230.7692307692305,0.00010543402881977638,566.1211525034013,0.035,0.3365384615384616,1-0-1194-1,ae,UT_009,009,2,fave,81.58837584036526,59.2493723311868,4,that,1,0.080016999999998,sure,they're,DH,T,DH,T,internal
814.8409130190516,1682.6519958696294,2586.409260377326,3.0999172997530797,3.605653203742651,4.023484173558999,6230.7692307692305,0.0001232569484401808,589.3291588344672,0.051000000000000004,0.3311688311688312,1-0-1279-1,ae,UT_009,009,2,fave,151.04176904571565,60.3454379434254,4,backwards,1,0.13000499999998283,v,"",B,K,B,K,internal
903.3879035093644,1678.2417107614451,2629.167543778722,3.2490729883505622,3.697705106585515,4.186867190593965,6230.7692307692305,0.0008040928973982161,591.1816515034013,0.057,0.32758620689655177,1-0-1285-1,ae,UT_009,009,2,fave,143.56902396431056,63.57574304091642,4,wagon,1,0.15002400000003036,little,wheel,W,G,W,G,internal
863.5617191065968,1657.440526589758,2356.8591499171944,3.196432455391434,3.761432004674451,4.304648796219168,6410.25641025641,0.0022250682691269444,597.1236445034015,0.08100000000000002,0.3319672131147542,1-0-1309-0,ae,UT_009,009,2,fave,79.52794396754453,61.23904556944208,4,as,1,0.22003099999994902,further,you,#,Z,*hr,Z,initial
837.3516237113594,1571.4487681298565,2263.911559445478,3.1812693494954263,3.8233767410786035,4.290243926240563,6769.2307692307695,0.00022685341370467247,604.6156431655329,0.045,0.3358208955223881,1-0-1333-2,ae,UT_009,009,2,fave,155.30121128770554,62.78705796529425,4,graduate,1,0.10998500000005151,they,to,R,JH,R,JH,internal
903.8383793461472,1701.4590666683891,2590.055648954846,3.438535106936845,3.9896943653538366,4.188229938534401,5871.794871794871,0.0005666488211287918,609.7766771655329,0.047,0.3263888888888889,1-0-1353-0,ae,UT_009,009,2,fave,134.57986944261594,55.07154663978845,4,adding,1,0.11999500000001717,keep,skills,#,D,P,D,initial
517.901666011881,1857.0700289021106,2710.4514775958414,3.5145164087147496,3.682272107662141,4.116490801192847,5692.3076923076915,0.00011738074636946206,634.9262501655329,0.045,0.3358208955223881,1-0-1390-0,ae,UT_009,009,2,fave,156.75679368731173,59.99913134698868,4,as,1,0.10998600000004899,soon,"",#,Z,N,Z,initial
697.2891585088087,2321.139087191772,2870.3654114648066,3.680081005595523,3.7669900196835,4.519433123849493,6230.7692307692305,0.0008023674407585286,635.931265834467,0.035,0.33653846153846156,1-0-1395-2,ae,UT_009,009,2,fave,124.736874720641,55.69818209724578,4,transition,0,0.080016999999998,to,to,R,N,R,N,internal
889.7627216395908,1404.18497076394,2646.9657231136407,3.450646041109347,3.6774589643223483,4.215111655865279,6230.7692307692305,0.00023746822200653952,636.7742375034013,0.04100000000000001,0.3306451612903227,1-0-1398-2,ae,UT_009,009,2,fave,144.76463967449965,56.74529492193894,4,black,1,0.10003700000004301,a,diamond,L,K,L,K,internal
571.653211835837,2161.1808630002424,2672.0560045908346,3.575897783772876,3.734981954799452,4.1156122252115965,5871.794871794871,0.0008782597007944877,642.3922574965986,0.07700000000000001,0.3290598290598291,1-0-1424-1,ae,UT_009,009,2,fave,106.58755641013131,56.545274968586895,4,pants,1,0.20996100000002116,your,"",P,N,P,N,internal
835.7377476601615,1668.6522431537446,2901.802334836146,3.6214680583107057,3.594728510044344,4.443822523127623,6230.7692307692305,0.0006306481227507797,644.2739624965986,0.045,0.3358208955223881,1-0-1432-1,ae,UT_009,009,2,fave,153.84543113105568,60.307703754077586,4,matter,1,0.10998500000005151,a,of,M,T,M,T,internal
858.884014126631,1590.172999378755,2547.8058560940003,3.3485887823457956,3.763633668952187,4.15465275373494,6230.7692307692305,0.000021712503261886898,679.1912371655329,0.027000000000000003,0.32142857142857145,1-0-1481-1,ae,UT_009,009,2,fave,109.56464265162896,62.42242133457413,4,have,1,0.05999799999995048,they,fake,HH,V,HH,V,internal
726.1283354424919,1716.8971726004002,2678.359045180326,2.942892795805496,3.4817856321642604,4.041689699956002,6410.25641025641,0.0002623700216492164,704.1741288344672,0.051000000000000004,0.3311688311688312,1-0-1547-1,ae,UT_009,009,2,fave,139.88026538220507,65.30258389661819,4,that,1,0.13000499999998283,ski,stuff,DH,T,DH,T,internal
906.4173768584142,1752.2020586036958,2449.822007254635,3.482332229706311,3.860207803014301,4.529076769798757,6230.7692307692305,0.002269142073698977,705.7571468344671,0.057,0.32758620689655177,1-0-1553-2,ae,UT_009,009,2,fave,114.24543606121206,59.32547130791059,4,react,1,0.15002400000003036,easily,to,iy,K,iy,K,internal
859.0697278598487,1522.2447309854397,2771.0381387061116,2.926431619061332,3.658824516841972,4.256051915873787,6230.7692307692305,0.0004262272532208948,710.3611714965987,0.065,0.33505154639175255,1-0-1569-2,ae,UT_009,009,2,fave,NaN,61.478564757586454,4,flat,1,0.169983000000002,seconds,and,L,T,L,T,internal
848.5586025278628,1539.8570132224106,2727.342980465684,3.201102024859819,3.8449277391008576,4.321575465321022,6230.7692307692305,0.00009892385289734172,710.7621601655329,0.027000000000000003,0.32142857142857145,1-0-1571-1,ae,UT_009,009,2,fave,0.28585223348064853,60.1039748072871,4,have,1,0.05999799999995048,and,no,HH,V,HH,V,internal
1008.0384422315802,1600.63473761032,2846.713377533976,3.6177955091161036,3.7234141990358283,4.355671756915889,6051.282051282051,0.007073784343265007,711.8721261655329,0.067,0.3284313725490196,1-0-1575-1,ae,UT_009,009,2,fave,167.12659622973015,59.24858892398722,4,happened,1,0.17999299999996765,what,"",HH,P,HH,P,internal
830.5390867966936,1754.3337592496166,2818.1666396554224,3.1586631114609345,3.8772103808659346,4.463189257836315,6769.2307692307695,0.0017333313459581509,716.7191574965985,0.061000000000000006,0.3315217391304348,1-0-1588-1,ae,UT_009,009,2,fave,-2269.6230434016584,59.819072086175275,4,yeah,1,0.15997300000003634,"","",Y,#,Y,"",final
787.3936524142488,2094.6089970053094,3073.012483909236,3.5677141934627583,3.7410297248648856,4.3447955076071585,6589.74358974359,0.00048206253121228727,716.9471474965986,0.037000000000000005,0.324561403508772,1-0-1590-0,ae,UT_009,009,2,fave,88.93715063328865,59.78314181276132,4,and,1,0.08996600000000399,"",it's,#,N,"",N,initial
818.7827666707614,1713.9474728929813,2738.956813584429,3.4689516640143676,3.8945135878488406,4.332943309189702,6051.282051282051,0.0015275933463899695,729.9737491655329,0.067,0.3284313725490196,1-0-1635-1,ae,UT_009,009,2,fave,-5601.794662629185,56.934196904192895,4,yeah,1,0.17999299999996765,"","",Y,#,Y,"",final
628.7319762861011,2083.3796507012266,2857.9442831032497,3.83791052020966,4.089008843671273,4.090409302663786,5692.3076923076915,0.00017519668694426007,734.7837671655329,0.027000000000000003,0.32142857142857145,1-0-1650-1,ae,UT_009,009,2,fave,NaN,50.51723175125408,4,yeah,1,0.059996999999953005,"","",Y,#,Y,"",final
418.60251287903856,1941.8258103910969,2847.0791639891904,4.348626418312957,3.8704349174520982,4.165522807813069,5692.3076923076915,0.005911447060497078,739.4477515034013,0.035,0.33653846153846156,1-0-1653-0,ae,UT_009,009,2,fave,215.0686907894808,55.51623703327802,4,am,1,0.080016999999998,i,really,#,M,ay,M,initial
866.736692956494,1930.6439367487535,2890.939935120522,3.6966930136594462,3.710291242114636,4.5926908073322,6051.282051282051,0.0006021373981494338,743.2257748344671,0.031,0.32978723404255317,1-0-1665-0,ae,UT_009,009,2,fave,NaN,55.101704672777196,4,and,1,0.07000700000003235,"",instead,#,N,"",N,initial
859.1604339660387,1825.036967499685,2809.5679667121676,4.017418512539007,3.6992579403235144,4.518883199188536,6051.282051282051,0.001039077181416895,751.7377295034013,0.035,0.3365384615384616,1-0-1691-0,ae,UT_009,009,2,fave,252.73617603884264,56.61227813899002,4,and,1,0.080016999999998,"",try,#,N,"",N,initial
818.7693466887038,1698.7507883769408,2568.036448665912,3.342867164998965,3.8509525667272944,4.4675522534885665,5871.794871794871,0.001552696296568908,758.3453311655329,0.067,0.3284313725490196,1-0-1708-1,ae,UT_009,009,2,fave,84.47089688355564,61.854744714391224,4,yeah,1,0.17999299999996765,"","",Y,#,Y,"",final
916.389690596601,1515.6655631865988,2874.9828317002743,3.2454466854695325,3.7411982125131655,3.8499771772924904,7487.179487179487,0.00006966153379030235,809.5367495034013,0.04100000000000001,0.3306451612903227,1-0-1745-1,ae,UT_009,009,2,fave,152.67962692784675,62.983869933406254,4,ladder,1,0.10003700000004301,a,in,L,D,L,D,internal
873.8234344245552,1405.5633632440647,2907.8410005884443,3.273613956287639,3.5904173016174856,4.098164276525476,6410.25641025641,0.0019093369032357793,810.1597411723357,0.067,0.3284313725490196,1-0-1748-2,ae,UT_009,009,2,fave,108.65108651835062,53.196555507073654,4,class,1,0.18005299999992985,our,"",L,S,L,S,internal
892.4013308691653,1713.4884359245448,2799.3180649635683,3.231292885616155,3.6678739378009517,4.10228950813486,6769.2307692307695,0.00020499780735921968,813.6387694965987,0.045,0.3358208955223881,1-0-1761-1,ae,UT_009,009,2,fave,149.84672542740572,56.5956837343199,4,battles,1,0.10998499999993783,had,in,B,T,B,T,internal
608.6408255909176,2450.6415207950663,2957.6313374889887,3.515269279227615,3.773358966689392,3.7645084323141935,6230.7692307692305,0.0001130240217225943,815.5526541655329,0.045,0.3358208955223881,1-0-1767-1,ae,UT_009,009,2,fave,171.46231796524916,55.87781796718249,4,fantasy,1,0.10998600000004899,many,books,F,N,F,N,internal
859.228328757402,1574.330313672886,2397.4054114430237,3.2794130408606503,3.634321878949448,4.367702809929192,6589.74358974359,0.00004738406785095079,821.3176628276644,0.035,0.3365384615384616,1-0-1788-2,ae,UT_009,009,2,fave,171.51375743732504,63.98615289396596,4,travels,1,0.07995599999992464,train,by,R,V,R,V,internal
872.2149326175454,1555.7098410012782,2383.290034393129,3.1645305071685113,3.811506910985926,4.399478046835974,6589.74358974359,0.00024429709454509,828.9056301655329,0.051000000000000004,0.3311688311688312,1-0-1817-2,ae,UT_009,009,2,fave,150.26907651570772,60.76857456042134,4,crab,1,0.13000500000009652,hermit,needs,R,B,R,B,internal
602.1855743698795,1480.4327439406188,2916.0963075774202,3.632318420115079,3.7359841697853127,4.1872451787025184,5871.794871794871,0.00006915789846804214,837.3826371723356,0.025,0.33783783783783783,1-0-1850-0,ae,UT_009,009,2,fave,155.3915508101649,53.27075907668932,4,at,1,0.050049000000058186,snails,the,#,T,Z,T,initial
907.3187902042013,1850.4437889232875,2783.3835407945417,3.7714484226272313,3.815854888227973,4.501561079051753,6589.74358974359,0.00034969626997624723,839.9056301655329,0.051000000000000004,0.3311688311688312,1-0-1859-2,ae,UT_009,009,2,fave,179.86101989971235,57.054820471413024,4,snacks,1,0.13000500000009652,with,and,N,K,N,K,internal
678.9102944303391,2450.690647658398,3007.9579132903273,3.71757210378047,3.48935600618395,3.9224044855026166,6230.7692307692305,0.00024979679670471413,852.0821488344671,0.051000000000000004,0.3311688311688312,1-0-1905-1,ae,UT_009,009,2,fave,192.97276245865936,61.58347777456226,4,man,1,0.13000500000009652,the,learned,M,N,M,N,internal
811.8155887521302,1856.5339845206154,2920.060554382166,3.914084661137946,3.6413350418748878,4.34829925686483,7128.205128205128,0.003281454288768747,853.4351248344672,0.057,0.32758620689655177,1-0-1911-0,ae,UT_009,009,2,fave,164.94971276967846,55.7495113824347,4,africa,1,0.15002399999991667,in,"",#,F,N,F,initial
664.9336557517901,1883.6432792596934,2103.8086827442103,3.622246184379447,3.778558774038672,4.001778976102224,6051.282051282051,0.00016651479578640946,859.9251248344672,0.037,0.32456140350877194,1-0-1930-2,ae,UT_009,009,2,fave,179.21147891570044,62.099171778876375,4,grandpa,1,0.09002699999996366,my,used,R,M,R,M,internal
731.2934403659032,2011.2127157173918,2618.150835953807,2.889846895869919,3.7365864066788155,4.224736751409862,6769.2307692307695,0.002677937473842669,874.6736351655329,0.051000000000000004,0.3311688311688312,1-0-1972-0,ae,UT_009,009,2,fave,308.5753022065887,52.22721886804205,4,at,1,0.13000499999998283,stood,the,#,T,D,T,initial
873.0695589967562,1951.1202656815506,2833.9940742062536,3.7093915845496057,3.9046137282002493,4.02896690512998,7307.692307692308,0.0016846520500865087,886.6586365034013,0.04100000000000001,0.3306451612903227,1-0-2020-0,ae,UT_009,009,2,fave,156.99715417608783,55.572588923952445,4,after,1,0.10003700000004301,britain,his,#,F,N,F,initial
571.6968987442586,2650.1359739353334,2940.844125472412,3.4924884963291207,3.604620335628697,4.011457677229316,6589.74358974359,0.000517975076433096,893.5312458344671,0.07700000000000001,0.3290598290598291,1-0-2044-1,ae,UT_009,009,2,fave,177.52604273502274,59.34722851577884,4,hands,1,0.21002199999998084,children's,need,HH,N,HH,N,internal
963.776139272632,1789.2313027894415,2655.270327483517,3.1973806833099605,3.764807890951008,4.237125988658775,6410.25641025641,0.0005934863038741761,903.570232834467,0.055,0.3353658536585366,1-0-2081-1,ae,UT_009,009,2,fave,136.81094017514545,62.72502190490304,4,cat,1,0.14001500000006217,the,feeds,K,T,K,T,internal
897.8917597842521,1735.3524306077497,2758.4258596575787,3.176538399956866,3.5500477137728,4.010848632855167,6410.25641025641,0.00019162537831465788,907.4502435034013,0.055,0.3353658536585366,1-0-2096-1,ae,UT_009,009,2,fave,110.06442407829293,61.78047896248369,4,fad,1,0.1400149999999485,health,this,F,D,F,D,internal
731.0787349809572,2268.9584096388485,2986.888290584384,3.74255129204727,3.4403545643486306,3.8956506073668122,6230.7692307692305,0.00012968406665853836,908.7402654965987,0.055,0.3353658536585366,1-0-2101-1,ae,UT_009,009,2,fave,196.89806480514048,63.38985877155649,4,man,1,0.1399539999999888,the,watches,M,N,M,N,internal
964.7542199220869,1591.3070639173452,2836.356972137972,3.263879109680943,3.8426802486003617,4.248873313241156,6230.7692307692305,0.00023106045285599982,910.020245834467,0.055,0.33536585365853655,1-0-2105-1,ae,UT_009,009,2,fave,176.08125453091972,63.79872284632058,4,latin,1,0.1400140000000647,about,on,L,T,L,T,internal
608.641169417312,1691.3585067891477,2540.7656830987944,3.3570677016277553,3.9332728288439034,4.302414260929303,5692.3076923076915,0.000026441001675761526,83.64514816553287,0.025,0.33783783783783783,1-0-31-1,e,UT_009,009,2,fave,87.09699780118896,50.36294106060386,4,there,1,0.050003000000003794,"",later,DH,R,DH,R,internal
782.1763386261315,1891.027244200623,3107.8225358889626,3.6025728763786002,3.5627667283666793,3.6423022610902147,6230.7692307692305,0.0005877637233934847,91.52135283446712,0.141,0.3325471698113207,1-0-52-1,e,UT_009,009,2,fave,156.69368709535414,50.769147562913666,4,then,1,0.40000100000000316,and,"",DH,N,DH,N,internal
717.1007408352606,1980.506519035264,2793.1137394894586,3.1482085298055957,3.6229002897107834,3.9964089526127893,6230.7692307692305,8.548273363290832e-6,95.27334983446713,0.025,0.33783783783783783,1-0-64-1,e,UT_009,009,2,fave,160.31497388220367,52.85194175625964,4,then,1,0.050002999999989584,"",i,DH,N,DH,N,internal
788.5190316382254,2022.0149707369849,2924.658036750549,3.5938733557992064,3.6573668501266186,3.666951708035521,6051.282051282051,0.004941994454408197,100.52135083446711,0.16099999999999998,0.33264462809917344,1-0-78-1,e,UT_009,009,2,fave,118.00413880198315,46.75752071935108,4,then,1,0.460006000000007,"","",DH,N,DH,N,internal
784.6590680300112,1906.6432392949469,3036.054916530964,3.5579346005767403,3.0506967170868586,3.580404482126937,6230.7692307692305,0.00040987352960518897,113.09835483446712,0.055,0.33536585365853655,1-0-107-1,e,UT_009,009,2,fave,83.87647082257017,47.22119749503956,4,then,1,0.14000000000000057,and,"",DH,N,DH,N,internal
721.5281780599266,1977.9400367603057,3079.411220867263,3.596677994117606,3.35924228324494,3.5177143220459635,6051.282051282051,0.000152574439794228,120.30515283446712,0.037,0.32456140350877194,1-0-139-1,e,UT_009,009,2,fave,169.02884536845895,47.74443379557458,4,then,1,0.09000399999999331,and,"",DH,N,DH,N,internal
585.652678131462,2099.3604759970785,2816.9639774136367,3.529398446300233,3.615975965347319,3.9285182249128647,5871.794871794871,0.0002809717516333893,123.17914716553288,0.065,0.3350515463917526,1-0-145-1,e,UT_009,009,2,fave,181.65717045131592,52.470310787013574,4,there,1,0.16999900000000423,lived,"",DH,R,DH,R,internal
672.8696544999772,1282.7225973206014,1892.6210492577986,3.6894195036079114,4.139696314231774,3.7815700805824983,5153.846153846154,0.0006379233336668801,127.31214716553288,0.051000000000000004,0.3311688311688312,1-0-150-4,e,UT_009,009,2,fave,174.54907190307196,50.17407366263025,4,somewhere,2,0.12999700000000303,probably,"",W,R,W,R,internal
634.658567690594,1931.675469696237,2810.884579591009,3.354111949653034,3.6220569298861984,3.9022435303257024,6230.7692307692305,2.357417132991307e-6,152.17944216553286,0.027000000000000003,0.32142857142857145,1-0-186-1,e,UT_009,009,2,fave,201.9653605924976,68.07688051027847,4,never,1,0.05999800000000732,"",made,N,V,N,V,internal
552.7558780320428,2158.7656887887324,2656.1813580484913,3.039503620545841,3.6229257431318205,4.110587885276545,6230.7692307692305,0.00008062768171699321,167.20145183446712,0.031,0.32978723404255317,1-0-195-1,e,UT_009,009,2,fave,90.56089754879194,58.507567415844655,4,get,1,0.0700080000000014,weekday,ready,G,#,G,R,final
632.5339903390594,1693.2601827166727,2271.3133332057932,3.178207818948429,3.5661695415941765,4.497615659796526,6589.74358974359,0.000051947788406432644,167.35945583446713,0.027000000000000003,0.32142857142857145,1-0-196-1,e,UT_009,009,2,fave,180.75068015442508,60.78674541854511,4,ready,1,0.05999800000000732,get,for,R,D,R,D,internal
630.598114760722,2039.9550925193791,2525.258406290765,3.1079607900261745,3.6730319410211547,3.814093633228031,6230.7692307692305,0.00006494332336451814,169.8894598344671,0.047,0.3263888888888889,1-0-208-1,e,UT_009,009,2,fave,180.86370632554426,57.433673197770084,4,hair,1,0.11999600000001465,her,"",HH,R,HH,R,internal
665.2831530141316,2025.9620817991029,2776.3849139472713,3.0615307244458494,3.517877063410887,4.328452932100598,6230.7692307692305,0.00018935659671020898,171.04644883446713,0.04100000000000001,0.3306451612903227,1-0-210-1,e,UT_009,009,2,fave,188.48604771532624,56.30590854478135,4,head,1,0.10000599999997917,"",to,HH,D,HH,D,internal
811.6234005831765,1985.6531168243412,3111.0565023537797,3.7665699393933303,3.549471558434822,3.9098474155390934,6230.7692307692305,0.0005999479139686949,174.2621458344671,0.119,0.33615819209039544,1-0-220-1,e,UT_009,009,2,fave,163.41715136819636,51.42185376360972,4,then,1,0.33000100000001,and,"",DH,N,DH,N,internal
772.7586881322397,1875.477052625285,3054.7408700189594,3.6994591747971146,3.375796588364133,3.860600756894496,6230.7692307692305,4.1994257007765315e-6,178.09514983446712,0.025,0.33783783783783783,1-0-235-1,e,UT_009,009,2,fave,168.35991132437232,53.72777331300444,4,then,1,0.05000400000000127,and,i,DH,N,DH,N,internal
428.1885666786613,1886.670489376696,2366.5633394534857,3.3756040181157387,4.128925195664431,4.2527937640802405,5871.794871794871,0.00020155702550683847,183.4281461655329,0.031,0.32978723404255317,1-0-256-1,e,UT_009,009,2,fave,85.42527009024778,53.1642417919813,4,weber,1,0.0700080000000014,south,or,W,B,W,B,internal
758.7815269183687,2082.390243786255,2943.796731763598,3.6746403845607745,3.4889460734322237,3.9038475908511767,6051.282051282051,0.0008942532351717959,185.4121491655329,0.119,0.3361581920903954,1-0-262-1,e,UT_009,009,2,fave,156.05265410591284,53.13516970600755,4,then,1,0.33000199999997903,and,[bracketed],DH,N,DH,N,internal
780.4952291621763,2015.9467063947807,3000.8146030546905,3.8058227950366037,3.560701153246531,3.870474980509847,6230.7692307692305,0.0014520002573930667,192.00514983446712,0.065,0.33505154639175255,1-0-290-1,e,UT_009,009,2,fave,160.7001032487889,48.054524683968864,4,then,1,0.16999799999999254,and,"",DH,N,DH,N,internal
792.8549709886611,1744.5894675300729,2690.5537819055257,3.3044940780851326,3.3173029350966363,4.009235356514044,6051.282051282051,0.00012439696903875113,194.2651541655329,0.065,0.33505154639175255,1-0-302-1,e,UT_009,009,2,fave,204.4028605782766,56.9631062955055,4,bed,1,0.16999799999999254,for,"",B,D,B,D,internal
573.8812084444713,2089.4383594965884,2710.139055595059,3.3276006239704166,3.6077233886273947,3.9579875642750517,6410.25641025641,0.00003953758860422475,218.8432518344671,0.031,0.32978723404255317,1-0-333-1,e,UT_009,009,2,fave,170.96497591765154,65.27781387358124,4,guess,1,0.0700080000000014,i,"",G,S,G,S,internal
598.7772097633216,1772.6251994540598,2723.5121963570336,3.192789073453925,3.9956110290829767,4.6677960122979005,6051.282051282051,0.0015732071147676302,236.8240511655329,0.031,0.32978723404255317,1-0-378-1,e,UT_009,009,2,fave,173.14123423733568,62.2652534441693,4,they're,1,0.06999200000001338,[bracketed],super,DH,R,DH,R,internal
685.8343515389802,1533.143401281523,2785.986310561786,3.0322482405676423,3.5384024363200695,3.8441225623440127,6230.7692307692305,0.00006530403533574721,246.52604816553287,0.035,0.3365384615384616,1-0-420-4,e,UT_009,009,2,fave,79.83230598391047,56.212467960473006,4,successful,1,0.08000200000000746,pretty,adults,S,S,S,S,internal
778.6916450574032,1385.8219658485186,3045.342558536905,3.416995134907646,3.608875237773314,4.230016959360852,6230.7692307692305,0.00004124487802501852,267.1353564965986,0.035,0.33653846153846156,1-0-439-1,e,UT_009,009,2,fave,170.61668283265325,59.71568486043156,4,lesson,1,0.07998600000001943,driving,"",L,S,L,S,internal
816.1514129432569,2096.1262957386734,3038.957098726786,3.496271590959372,3.6468802736095554,3.9447500175644112,6230.7692307692305,0.00036671793428748583,268.51134850340134,0.087,0.32954545454545453,1-0-442-1,e,UT_009,009,2,fave,167.667579286796,58.096306601011015,4,then,1,0.24002100000001292,and,"",DH,N,DH,N,internal
778.8818278277818,1585.8456377640575,3382.101697087858,3.32738703074558,3.7547232006513664,4.777159814004474,7307.692307692308,0.0014349547798426139,271.6533411655329,0.051000000000000004,0.3311688311688312,1-0-455-2,e,UT_009,009,2,fave,170.36200931549035,58.942863488434334,4,friends,1,0.13000500000003967,her,here,R,N,R,N,internal
691.5601248239898,1433.7298725630956,2893.2909222503995,3.4603487461389695,3.6378997419669976,4.2423105522953835,6230.7692307692305,0.00008416197730964282,272.26334183446716,0.031,0.32978723404255317,1-0-458-1,e,UT_009,009,2,fave,166.00304545136268,58.48801885704409,4,legacy,1,0.0700069999999755,at,junior,L,G,L,G,internal
727.3154819326835,1501.3286466362235,2933.0176965530463,3.3747004908112617,3.597089791847486,4.420383111651162,6230.7692307692305,0.0000731741898736322,276.2733518344672,0.031,0.32978723404255317,1-0-470-1,e,UT_009,009,2,fave,82.82637765136973,59.88758057018057,4,let,1,0.0700069999999755,i,them,L,T,L,T,internal
784.9677435779286,1784.7995723726888,3062.8878410568523,3.0355755744136212,3.4082371736595736,3.563853570440159,6230.7692307692305,0.00008510488147964712,279.82534550340137,0.035,0.3365384615384616,1-0-487-1,e,UT_009,009,2,fave,181.41641982924463,58.75678286581915,4,them,1,0.080016999999998,behind,i,DH,M,DH,M,internal
679.6075508281009,1341.2060048493772,2773.2878278148537,3.4421403641488837,3.7908597791185197,4.0134763935713345,5871.794871794871,0.00034310098553355043,284.2394458344671,0.057,0.32758620689655177,1-0-506-1,e,UT_009,009,2,fave,218.7172763940789,63.959323491705646,4,well,1,0.1499939999999924,really,"",W,L,W,L,internal
579.9050785754748,1826.0878466843646,2545.2558916668086,3.27012494503316,3.6813655056649144,3.945648942359446,6051.282051282051,0.00005519792606447386,285.2694491655329,0.037000000000000005,0.324561403508772,1-0-510-1,e,UT_009,009,2,fave,198.2367166920928,64.54284975843082,4,very,1,0.08999599999998509,she,quickly,V,R,V,R,internal
822.0212432677059,1945.0357157056133,2859.6358508972894,3.4112640690956924,3.898959194796361,3.945938782087783,6051.282051282051,0.00037857558675563965,289.1894435034013,0.037000000000000005,0.324561403508772,1-0-523-1,e,UT_009,009,2,fave,NaN,53.416990984031465,4,next,1,0.09002700000002051,teacher,to,N,K,N,K,internal
522.2297986115263,1823.519813468828,2384.432319669748,2.8717394982329605,3.7628395084762216,4.272842512905537,5871.794871794871,0.00004416470407852614,290.7144668344671,0.027000000000000003,0.32142857142857145,1-0-530-1,e,UT_009,009,2,fave,265.80304439000685,59.87702485007761,4,very,1,0.05999800000000732,was,surprised,V,R,V,R,internal
680.6500719880656,1806.1675202383944,2727.638152919675,4.332002922576338,4.338670418586797,4.2419852769012,5692.3076923076915,0.009412075235426464,292.54844816553293,0.035,0.3365384615384616,1-0-539-1,e,UT_009,009,2,fave,243.10953699639506,54.6089010493996,4,next,1,0.07998599999996259,teacher,to,N,K,N,K,internal
744.9402775703336,1521.9148951561904,3059.715595393131,3.59396676415834,3.742438270960587,4.194205746017399,6230.7692307692305,0.000016570697418149506,295.81444283446706,0.027000000000000003,0.32142857142857145,1-0-550-1,e,UT_009,009,2,fave,188.7403416163355,57.22858813928904,4,lesson,1,0.05999700000000985,driving,"",L,S,L,S,internal
635.0313306017501,1956.6783225848824,2750.6826117327455,3.665369159857063,4.246685033269183,4.614991716907857,6230.7692307692305,0.01295893124302744,302.39135716553284,0.031,0.32978723404255317,1-0-570-1,e,UT_009,009,2,fave,NaN,51.59295622174848,4,yes,1,0.0699769999999944,"","",Y,S,Y,S,internal
638.4358925454833,1773.3951969745629,2889.6519245571617,3.1676549447832345,3.6940144190382234,4.382478009617262,6051.282051282051,0.00010951709508597844,320.3031508344671,0.027000000000000003,0.32142857142857145,1-0-595-1,e,UT_009,009,2,fave,90.54040509109444,58.59215438735714,4,there,1,0.05999800000000732,up,"",DH,R,DH,R,internal
780.7441189992753,1864.1178733771105,2676.731607711144,2.960093023408685,3.9207204128986963,4.276840726099526,6230.7692307692305,0.00012282563100198942,320.7081391655329,0.037,0.32456140350877194,1-0-597-0,e,UT_009,009,2,fave,188.1869732993153,62.82321910688227,4,every,1,0.08999599999998509,"",single,#,V,"",V,initial
657.4478043561884,2036.2784824566588,2853.845216257609,3.335052677717696,3.5738716227168648,4.200588510288484,6230.7692307692305,0.0000965865437812681,321.5131371655329,0.027000000000000003,0.32142857142857145,1-0-599-3,e,UT_009,009,2,fave,90.27431488676025,56.16321320371449,4,weekend,2,0.05999700000000985,single,skiing,K,N,K,N,internal
783.394993988628,1673.8835464029469,2741.3692048179955,3.4298917029018203,4.036089979846419,4.511149514445517,5871.794871794871,0.00008122237877325624,323.75515149659867,0.031,0.32978723404255317,1-0-609-1,e,UT_009,009,2,fave,164.05901123460276,55.51315369066804,4,memories,1,0.0699769999999944,good,there,M,M,M,M,internal
657.1384936877179,1731.458047004454,2592.3394626895247,3.496056199108542,3.7367156575764664,4.418290073533935,6230.7692307692305,3.7163085041604368e-6,324.2021448344671,0.025,0.33783783783783783,1-0-610-1,e,UT_009,009,2,fave,181.5032757628384,57.561514601475835,4,there,1,0.050018000000022766,memories,"",DH,R,DH,R,internal
659.0360399760386,1901.0797660985825,2660.5638722035465,2.97297822790784,3.8187400675822456,4.198431711014146,5871.794871794871,0.0007422946944959278,338.59214983446714,0.045,0.3358208955223881,1-0-622-1,e,UT_009,009,2,fave,186.65603897405842,53.41072077309433,4,yes,1,0.11001600000003009,"","",Y,S,Y,S,internal
567.640734450401,2033.7377869451116,2681.330962473625,3.1151279035450345,3.7336718834019518,4.29865762906152,6051.282051282051,0.00041127494146289456,339.66485616553285,0.031,0.32978723404255317,1-0-624-1,e,UT_009,009,2,fave,NaN,57.18151518957679,4,yep,1,0.0699769999999944,"","",Y,P,Y,P,internal
725.8363941514666,1867.2459350253675,2748.685095285329,3.940409754685141,3.733828917684748,4.141934428228386,5871.794871794871,0.0018217529251332543,343.31284016553286,0.047,0.3263888888888889,1-0-633-1,e,UT_009,009,2,fave,0.0,45.0285143375451,4,yes,1,0.11999500000001717,"","",Y,S,Y,S,internal
772.3028072762617,1795.177776153168,2685.747753742647,3.139557774695776,3.629471754993488,4.328506126062806,6230.7692307692305,0.000965849461349771,344.84185449659867,0.065,0.33505154639175255,1-0-635-1,e,UT_009,009,2,fave,295.7082321952474,57.56767639978486,4,yes,1,0.16998199999994767,"","",Y,S,Y,S,internal
711.388527531898,1667.82346985405,2591.3041967836407,2.979149860024187,3.8003642010865692,4.077241317898603,6230.7692307692305,0.00010060919290417343,348.05784016553287,0.037,0.32456140350877194,1-0-643-1,e,UT_009,009,2,fave,85.02288386134329,63.404616995483025,4,better,1,0.08999600000004193,ski,than,B,T,B,T,internal
731.179979679476,1865.4484177333686,2900.084194994436,3.2816481865964904,3.9577224995059126,4.486843545637054,6410.25641025641,0.0012330507909853996,359.1578461655329,0.037,0.32456140350877194,1-0-659-0,e,UT_009,009,2,fave,186.06447463767194,59.72298870810229,4,every,1,0.08999599999998509,but,other,#,V,T,V,initial
755.8304013776507,2338.6473126690644,3051.8165738004686,3.6989319677818986,3.661342836261028,3.926766757056343,6410.25641025641,0.0002657119561506597,414.7182528344671,0.061000000000000006,0.3315217391304348,1-0-743-0,e,UT_009,009,2,fave,194.87191268461936,58.43882620324911,4,end,1,0.1600040000000149,i,up,#,N,ay,N,initial
645.6247194677436,2321.3211389678254,3068.052743824479,3.309365194731903,4.0180390535314,4.060453916281215,6230.7692307692305,0.002346109993034117,416.0632531655329,0.051000000000000004,0.3311688311688312,1-0-748-0,e,UT_009,009,2,fave,-11160.02481321267,49.58369404903926,4,anything,1,0.13000499999998283,than,"",#,N,N,N,initial
813.2624816280951,1611.1030795814834,2906.8386697944616,3.2348273299313184,3.6562567148698606,4.3249684811744205,5692.3076923076915,0.0008906821644064928,416.6352458344672,0.035,0.3365384615384616,1-0-750-0,e,UT_009,009,2,fave,3233.3627161659806,56.289628147026505,4,else,1,0.080016999999998,"",is,#,L,"",L,initial
569.867421365043,1821.6355559356496,2578.884341019909,3.237664872740734,3.4158293352978126,3.9636593854683526,6230.7692307692305,0.000013030282786325446,425.0312455034014,0.027000000000000003,0.32142857142857145,1-0-772-1,e,UT_009,009,2,fave,171.02359270149842,64.5776201303662,4,there,1,0.060027999999988424,are,to,DH,R,DH,R,internal
857.3665112930493,1379.258137804247,2263.616105435922,3.3586841553997164,4.024776496332834,4.531700403027457,6230.7692307692305,0.0006524065267345551,430.55934783446713,0.035,0.33653846153846156,1-0-790-2,e,UT_009,009,2,fave,159.89918851715765,62.27040108804017,4,correctly,1,0.08001800000005233,them,"",*hr,K,*hr,K,internal
870.5136912639559,1841.4907313651065,3052.7078103509557,3.897967626000048,3.450852873087108,3.637777871622904,6230.7692307692305,0.00032366443887277003,432.2403408344671,0.037000000000000005,0.324561403508772,1-0-794-1,e,UT_009,009,2,fave,185.60448194159486,64.12977929917537,4,then,1,0.09002700000002051,"",the,DH,N,DH,N,internal
804.8595094840131,1670.5573081079801,2350.3064777164072,3.3008443728191756,3.802588483801358,4.2540387497973065,6948.717948717948,0.00004661006078795617,435.22735049659866,0.031,0.32978723404255317,1-0-805-1,e,UT_009,009,2,fave,78.3190697581671,61.271323803208915,4,ready,1,0.0699769999999944,body,for,R,D,R,D,internal
780.488364862345,1633.0465958759753,2640.2649992377274,3.0498950741424613,4.082341673882849,4.513275923089082,7307.692307692308,0.0001385443960843701,448.24735083446717,0.031,0.32978723404255317,1-0-845-1,e,UT_009,009,2,fave,85.15621467150005,61.62568485721982,4,ready,1,0.0700069999999755,you're,for,R,D,R,D,internal
797.1931997526617,1893.139964991982,2798.6590060679146,3.4968265514669543,3.9856471829229014,4.096561506582319,5692.3076923076915,0.001154181390751421,448.9723518344671,0.040999999999999995,0.33064516129032256,1-0-848-1,e,UT_009,009,2,fave,81.0877176279227,50.71298023707662,4,next,1,0.10000600000000759,the,turn,N,K,N,K,internal
776.4674264158349,1484.429773471161,2834.0002505403922,3.3405994082509545,3.7271613703671953,4.08472036116837,6230.7692307692305,0.000222536392937589,452.2503508344671,0.037000000000000005,0.324561403508772,1-0-859-1,e,UT_009,009,2,fave,86.16405903156581,58.302984388175915,4,them,1,0.08999599999998509,with,"",DH,M,DH,M,internal
737.6189839065801,1633.7890246074608,2406.751789296197,3.0532127149725956,3.89847281093951,3.9717257780690898,6230.7692307692305,0.00007006820816308228,453.82533683446707,0.027000000000000003,0.32142857142857145,1-0-866-1,e,UT_009,009,2,fave,NaN,56.38060681335242,4,ready,1,0.06002900000004274,you,"",R,D,R,D,internal
757.6451333198038,1791.224995552854,2681.452914727257,3.221224592293363,3.8093015005970376,4.026515153849551,6230.7692307692305,0.00006347904434888771,459.1268471655329,0.035,0.3365384615384616,1-0-885-2,e,UT_009,009,2,fave,176.89028621002868,66.21571879568971,4,effectively,0,0.07998699999996006,"",advance,F,K,F,K,internal
683.3500243451898,1822.1614668613943,2767.42975354828,3.0349272731479537,3.6846305115696176,4.145676665145279,6230.7692307692305,6.899187114716207e-6,484.70154383446715,0.031,0.32978723404255317,1-0-941-1,e,UT_009,009,2,fave,178.3893606248556,64.09745394991975,4,there,1,0.07000700000003235,up,"",DH,R,DH,R,internal
621.3512798356993,1846.5500443606663,2745.8098472992783,3.677335294603441,3.3732148446100614,3.922141276385386,6230.7692307692305,0.00039474357334716404,489.7095381655329,0.047,0.3263888888888889,1-0-960-1,e,UT_009,009,2,fave,163.26084758973423,63.12828493602441,4,went,1,0.11999500000001717,we,through,W,N,W,N,internal
801.2708139425541,1632.6074867577167,2154.019382105314,3.1675589443040755,4.181649411499679,4.366762251590142,5871.794871794871,0.0022339881182041168,491.51854183446716,0.045,0.3358208955223881,1-0-967-2,e,UT_009,009,2,fave,163.78997813048585,62.1726256526431,4,director,1,0.11001499999997577,new,and,*hr,K,*hr,K,internal
788.1469406872945,2129.8759529709973,3024.13086402412,3.619687188125169,3.7172346857180787,4.140919970270862,6230.7692307692305,0.00026241615938416224,495.06853983446706,0.085,0.3346456692913386,1-0-982-1,e,UT_009,009,2,fave,162.78545322432967,60.829660027095365,4,then,1,0.23001100000004726,and,"",DH,N,DH,N,internal
814.0732902665255,1544.566037802949,2955.6879284882693,3.166173627763809,3.8610171272509923,4.0386623588365484,6230.7692307692305,0.00021246951738422315,499.50655049659866,0.040999999999999995,0.33064516129032256,1-0-995-1,e,UT_009,009,2,fave,133.4381935881484,60.94389050012785,4,lesson,1,0.09997599999996964,single,and,L,S,L,S,internal
750.0888405454962,2081.3746657240686,2855.9294961776404,2.946936193773606,3.843893473984931,4.299288383310525,6230.7692307692305,0.0005624717227135221,502.1715544965986,0.051000000000000004,0.3311688311688312,1-0-1005-0,e,UT_009,009,2,fave,284.0516017472448,55.528426664169075,4,every,1,0.12997400000000425,and,time,#,V,D,V,initial
758.0639873597715,1477.8704717992255,2961.4510609056188,3.2015193713690797,3.643826517999507,4.274971325288522,6410.25641025641,0.00007701605260293939,503.6235511655329,0.035,0.3365384615384616,1-0-1009-1,e,UT_009,009,2,fave,159.35639752885047,62.06534410588703,4,lessons,1,0.0799870000000169,administered,"",L,S,L,S,internal
658.3232367502083,1705.3025575771608,2826.23025474471,3.1855465336365723,3.903635320408527,4.375118821454771,6051.282051282051,0.000014144905274537413,507.4695581655329,0.027000000000000003,0.32142857142857145,1-0-1026-0,e,UT_009,009,2,fave,160.96915347407347,56.17086897463721,4,everybody,1,0.05999700000000985,let,else,#,V,T,V,initial
661.2217465384412,1816.1707214621733,2702.022189795339,3.1530974422554245,3.8032396396849055,4.114419409262949,6410.25641025641,0.000024590461059691768,507.8195445034014,0.027000000000000003,0.32142857142857145,1-0-1027-0,e,UT_009,009,2,fave,158.17865065288262,61.30684913293154,4,else,1,0.060027999999988424,everybody,take,#,L,iyF,L,initial
768.3738573137706,1816.8631905533305,2993.0513385945355,3.8505545346923995,3.548839740143086,3.7163262074775085,6230.7692307692305,0.00003615661877965608,509.18394983446706,0.027000000000000003,0.32142857142857145,1-0-1032-1,e,UT_009,009,2,fave,169.72998182327856,63.88553813847996,4,then,1,0.05999700000000985,and,i,DH,N,DH,N,internal
779.3715910575962,1732.9474833441925,2719.2470313076014,3.4248495279803817,3.908563240960133,4.624026726448095,7487.179487179487,0.0027356296915075546,510.7589511655329,0.037000000000000005,0.324561403508772,1-0-1041-2,e,UT_009,009,2,fave,81.27786724285002,59.931643942502035,4,friends,1,0.08999599999998509,my,while,R,N,R,N,internal
544.2528547174397,2296.7738747222625,3054.1718845425758,3.358809896620972,3.8847466628262155,4.219709029858808,6410.25641025641,0.0008319865584807872,515.5929371655329,0.045,0.3358208955223881,1-0-1062-0,e,UT_009,009,2,fave,-334948.2234618342,48.91994868932993,4,any,1,0.1099859999999353,make,money,#,N,K,N,initial
736.2369493049795,1827.8154803350367,2776.967153123979,3.483955886622122,3.7197760071524217,4.285791053531361,6230.7692307692305,0.004764953204657474,534.0523671655329,0.10899999999999999,0.33641975308641964,1-0-1091-1,e,UT_009,009,2,fave,116.64413012083078,55.518477206215344,4,yes,1,0.29998699999998735,"",[bracketed],Y,S,Y,S,internal
802.0833152296237,1587.4694247039681,2468.0023596948877,3.0862836057001126,3.878394846942079,4.161036467265037,6589.74358974359,0.0007458155198387512,537.2713671655329,0.047,0.3263888888888889,1-0-1098-2,e,UT_009,009,2,fave,137.94111383324267,64.95412739212925,4,dress,1,0.11999500000001717,wanna,correctly,R,S,R,S,internal
737.5887487492197,1580.5947478833764,2190.345031029373,3.03605920818456,3.707501202442212,4.145159578833722,6410.25641025641,0.00020047965995318947,537.7813818344671,0.047,0.3263888888888889,1-0-1099-2,e,UT_009,009,2,fave,94.13827106351187,63.09711069094553,4,correctly,1,0.11999600000001465,dress,"",*hr,K,*hr,K,internal
738.6660044878996,1945.6598046444053,3038.187789946852,3.8700430544719393,3.118233986434005,3.7141336515950085,6230.7692307692305,0.00007766980666571637,547.6353508276644,0.035,0.3365384615384616,1-0-1133-1,e,UT_009,009,2,fave,157.41863418570424,61.82093279402098,4,then,1,0.07995600000003833,and,your,DH,N,DH,N,internal
691.1155923972167,1685.3176746510867,2137.0089099664847,3.153584228260348,3.807032842602917,4.153605810628791,6769.2307692307695,0.0002982235747805922,548.8813521655329,0.047,0.3263888888888889,1-0-1138-2,e,UT_009,009,2,fave,88.43490160644947,62.952226846093595,4,correctly,1,0.11999500000001717,fit,"",*hr,K,*hr,K,internal
561.3431027150496,1781.1068338198406,2627.915390199294,3.0857967295155935,3.7682078251121576,4.089300383496822,6051.282051282051,0.00005236577892035452,552.1013378344671,0.027000000000000003,0.32142857142857145,1-0-1149-1,e,UT_009,009,2,fave,88.90271729470433,61.47289817222703,4,their,1,0.05999800000006417,into,boots,DH,R,DH,R,internal
506.2320475279072,2258.7005425454895,2909.2790632404167,3.137634394361622,3.4758354280928736,3.8156070889153404,6410.25641025641,0.00004447972702618722,557.4963585034014,0.037000000000000005,0.324561403508772,1-0-1167-1,e,UT_009,009,2,fave,154.7715837176696,60.70615377015383,4,get,1,0.09002699999996366,literally,a,G,T,G,T,internal
871.5959552264227,1770.1799069908932,2716.1066519219776,3.4728788502132946,3.666760548137195,4.093111655953163,6230.7692307692305,0.0002755160518922689,562.8561325034013,0.045,0.3358208955223881,1-0-1181-1,e,UT_009,009,2,fave,416.7816115382601,77.16039695544232,4,check,1,0.1100459999998975,always,whoever,CH,K,CH,K,internal
726.6117729814362,1606.3566324400856,2635.138925955118,3.2608720534186557,3.71624323710639,3.883191044442119,6051.282051282051,1.4153551842953029e-6,564.4761375034013,0.025,0.33783783783783783,1-0-1186-3,e,UT_009,009,2,fave,164.7841164265155,66.39855735633608,4,especially,1,0.0500489999999445,"",if,P,SH,P,SH,internal
747.6670506963758,1460.7712008540648,2153.716137480966,3.1875248256243447,3.8427544947775223,4.518862015521063,6410.25641025641,0.00006352194206147029,571.8391608276645,0.031,0.32978723404255317,1-0-1219-2,e,UT_009,009,2,fave,158.71716281260754,63.8568244236238,4,correctly,1,0.06994699999995646,done,"",*hr,K,*hr,K,internal
638.5552975751041,2079.600138871025,2895.674660067499,3.662524434573255,3.5794019480848887,4.141476110102752,6051.282051282051,0.0009188756821345604,575.2091638344672,0.051000000000000004,0.3311688311688312,1-0-1233-1,e,UT_009,009,2,fave,159.5366419532545,62.884009954767194,4,length,1,0.13000499999998283,right,and,L,NG,L,NG,internal
708.967348820607,1592.7248219921132,2026.0583438125361,2.7600278913795573,3.7650510836756097,4.204748245914805,6230.7692307692305,0.00032165244053617564,576.4791658276644,0.051000000000000004,0.3311688311688312,1-0-1237-2,e,UT_009,009,2,fave,88.8302202215554,63.87248662681607,4,correctly,1,0.12994400000002315,fit,"",*hr,K,*hr,K,internal
693.2825797880384,1915.3072481323911,2991.9304444486625,4.067334442107642,3.623250660032125,3.55953922623933,6230.7692307692305,0.00005627004290204685,578.4371481655329,0.027000000000000003,0.32142857142857145,1-0-1242-1,e,UT_009,009,2,fave,171.11127381848164,60.724299204117266,4,then,1,0.059996999999953005,and,we,DH,N,DH,N,internal
743.2150132442293,1948.7666287770014,2898.0764221315517,3.4151388705325343,3.739926889433073,4.052096943970159,6230.7692307692305,0.000867958469257465,594.0036571655329,0.04100000000000001,0.3306451612903227,1-0-1295-2,e,UT_009,009,2,fave,236.0965766892368,61.658300498850686,4,steps,1,0.09997600000008333,baby,and,T,P,T,P,internal
692.9119019471659,1634.2752124682913,2995.3520295701055,3.186711190147922,3.5752169070158866,4.468912065855656,7128.205128205128,0.0021011555821622827,597.9636295034013,0.040999999999999995,0.33064516129032256,1-0-1312-1,e,UT_009,009,2,fave,168.23867189194058,60.89028267330633,4,them,1,0.10003700000004301,teach,to,DH,M,DH,M,internal
558.2919411861566,1762.9716327523874,2822.5325594592023,3.192749313553801,3.015498080134868,3.971603843730701,6230.7692307692305,0.00006525391490815113,604.2166281655329,0.027000000000000003,0.32142857142857145,1-0-1331-1,e,UT_009,009,2,fave,167.62260897025007,61.8238862118147,4,then,1,0.059996999999953005,"",they,DH,N,DH,N,internal
692.3583166299667,1567.880351612851,2653.6339708085375,3.454654874077282,3.616041771542091,3.768689956923396,5871.794871794871,0.000016860054953529396,606.0566551655329,0.027000000000000003,0.32142857142857145,1-0-1338-2,e,UT_009,009,2,fave,159.48168196746005,56.63017903854796,4,eventually,1,0.059996999999953005,and,make,V,N,V,N,internal
771.0900428520284,1836.8935736583385,2751.2704590644494,4.113156346814568,3.345500476468677,4.128642711338038,6051.282051282051,0.00036161324656791024,609.0956345034012,0.045,0.3358208955223881,1-0-1350-1,e,UT_009,009,2,fave,228.51518362319226,63.15024684241422,4,there,1,0.11004600000001119,from,"",DH,R,DH,R,internal
819.2934839216118,1696.4664237050679,2931.671708999059,3.2124474224249413,3.736581853265988,4.232819668935075,6230.7692307692305,0.00009020576209641261,629.3192638276645,0.031,0.32978723404255317,1-0-1373-1,e,UT_009,009,2,fave,145.1813511971484,57.6043321149564,4,mental,1,0.06994599999995899,is,"",M,N,M,N,internal
828.1025283876284,1895.4755776491425,2760.736532667892,3.7691531190174796,3.4449890185158187,3.705212846494418,5871.794871794871,0.0013056284273155997,634.5342475034014,0.04100000000000001,0.3306451612903227,1-0-1388-0,e,UT_009,009,2,fave,174.26762506158227,55.494543546097695,4,as,1,0.10003599999993185,"",soon,#,Z,"",Z,initial
740.4701454778574,1756.8263209135694,2846.635501560606,3.1331279870140034,3.7115562665784148,4.097191928854692,6410.25641025641,0.0005184896811079449,645.3939631655329,0.045,0.3358208955223881,1-0-1436-2,e,UT_009,009,2,fave,88.06976043104086,60.969160923423324,4,steps,1,0.10998500000005151,baby,and,T,P,T,P,internal
621.170307584175,1649.0423076465786,2182.4448300229064,3.3461336340759167,3.5972576210562632,4.215297163788049,5692.3076923076915,0.0003599425085784452,647.3569398344671,0.031,0.32978723404255317,1-0-1441-3,e,UT_009,009,2,fave,156.4365705011058,61.84497396757037,4,whatever,1,0.07000700000003235,into,it,T,V,T,V,internal
555.351208028309,1244.933045565908,2138.7093359025193,3.7863312311837833,3.4172328716072187,3.7028543068271405,5871.794871794871,0.0000977088831732522,672.2412251655329,0.027000000000000003,0.32142857142857145,1-0-1462-2,e,UT_009,009,2,fave,163.19775573783176,63.47906068030345,4,where,1,0.05999799999995048,"",there's,W,R,W,R,internal
669.9235645452941,1857.034013291989,2670.0819734634333,3.5189698608536326,3.871279374717415,4.040273011809452,6051.282051282051,0.00010396422994863778,672.4632628344671,0.031,0.32978723404255317,1-0-1463-1,e,UT_009,009,2,fave,158.67957426037657,60.54714952670616,4,there's,1,0.07000700000003235,where,"",DH,R,DH,R,internal
757.7017830919316,1681.4417092517044,2644.566557278021,3.203979294303527,3.78530273449749,4.239174421577434,6230.7692307692305,0.00014447998520472838,678.4052648344671,0.035,0.33653846153846156,1-0-1478-3,e,UT_009,009,2,fave,118.2536350632697,61.719966046185114,4,especially,1,0.080016999999998,"",if,P,SH,P,SH,internal
786.6550676735607,1745.0751021052417,2770.7299179019114,3.4788612756411244,3.7687542899311843,4.176078838966061,6230.7692307692305,0.00013023571710141604,683.8232478344671,0.031,0.32978723404255317,1-0-1499-1,e,UT_009,009,2,fave,157.8739829589574,60.643284119375664,4,second,1,0.07000700000003235,the,you,S,K,S,K,internal
679.049659708321,1818.5200381415998,2758.9524295442234,3.4648839124861204,3.806140077310063,4.053453194465952,5871.794871794871,0.005101209602867022,694.7435638344672,0.075,0.3348214285714286,1-0-1524-1,e,UT_009,009,2,fave,-12966516.859892946,51.468278430941844,4,yes,1,0.20001200000001518,"","",Y,S,Y,S,internal
639.3127481186257,1636.3168969363655,2591.954301853938,3.0646407300008214,3.738741514388759,4.047026428390942,6230.7692307692305,0.000027535435494614244,701.4441588344671,0.031,0.32978723404255317,1-0-1538-1,e,UT_009,009,2,fave,82.2269626422055,66.59380504166899,4,better,1,0.07000700000003235,a,skier,B,T,B,T,internal
542.2039659293317,2038.4815583901502,2711.708456977365,3.033536993669053,3.7107714879894713,4.014962544345968,6410.25641025641,0.000039881618439134816,714.1061375034013,0.035,0.3365384615384616,1-0-1581-1,e,UT_009,009,2,fave,125.41964964320005,64.8767649485595,4,get,1,0.080016999999998,just,stressed,G,T,G,T,internal
692.7543441248091,1621.5866947937038,2223.084322012533,3.059959829941832,3.8496153375273656,4.444615500480838,6410.25641025641,0.0018779774771798515,714.5911671655329,0.045,0.3358208955223881,1-0-1582-3,e,UT_009,009,2,fave,143.63199986678964,56.37277237698135,4,stressed,1,0.10998600000004899,get,out,R,S,R,S,internal
741.0770030411047,1862.1629329994848,2896.5540201208773,3.3452770964360687,3.5538530046034325,3.8960543070953984,6051.282051282051,0.00006299461923960797,715.9821368344672,0.027000000000000003,0.32142857142857145,1-0-1586-1,e,UT_009,009,2,fave,185.2330394173983,51.16457150247331,4,then,1,0.059996999999953005,and,"",DH,N,DH,N,internal
759.9257597736787,1936.321529127802,2866.269549971233,3.2764975227222144,3.777609202056009,4.1171190493910546,6230.7692307692305,0.000038136436193906565,720.2321368344672,0.027000000000000003,0.32142857142857145,1-0-1604-0,e,UT_009,009,2,fave,166.90650476056555,65.35794236206965,4,edges,1,0.059996999999953005,the,further,#,JH,@,JH,initial
731.9202167608083,1874.1127787492194,2926.755690274391,3.375225537615488,3.63138277106658,4.036571989321205,6230.7692307692305,0.000313391577506884,724.0111501655329,0.045,0.3358208955223881,1-0-1615-1,e,UT_009,009,2,fave,179.1521562622618,63.95864033384964,4,bend,1,0.10998600000004899,"",my,B,N,B,N,internal
769.6886410155047,1701.5947175311364,2576.788869415095,3.494607999605535,3.6920733909399117,3.873583666211828,6051.282051282051,0.0001264109307237866,728.4237711655329,0.047,0.3263888888888889,1-0-1631-3,e,UT_009,009,2,fave,195.79762673891486,63.755734567154036,4,whatever,1,0.11999600000001465,through,"",T,V,T,V,internal
668.4165372789992,1710.8012930745174,2829.11119288567,3.8876973008805007,3.8119573982196773,4.245510913173285,5692.3076923076915,0.001782528572142726,731.9287258344672,0.037000000000000005,0.324561403508772,1-0-1645-1,e,UT_009,009,2,fave,-13239.127118525363,61.48013728756535,4,mental,1,0.09002699999996366,of,talk,M,N,M,N,internal
484.1399952711193,2506.7228368255114,2991.060061408081,3.6916443672211328,3.963437383347795,4.678626698742139,6589.74358974359,0.0008553542650149354,742.1977515034013,0.035,0.3365384615384616,1-0-1663-1,e,UT_009,009,2,fave,181.53890181778246,55.86809025234657,4,nemo,1,0.080016999999998,finding,"",N,M,N,M,internal
626.3763426937834,1904.9006072608988,2883.4351961029124,3.486257171954913,3.505572583490107,4.045408138101497,6230.7692307692305,0.00003180282693131303,743.6957458344671,0.031,0.32978723404255317,1-0-1666-4,e,UT_009,009,2,fave,175.530825068036,66.17649060422954,4,instead,1,0.07000700000003235,and,of,T,D,T,D,internal
765.0976308943701,1589.5752129391485,2372.1918882038763,3.1399260371423536,3.821415761710596,4.482921075048561,6230.7692307692305,0.0005924416011245884,748.5007385034013,0.04100000000000001,0.3306451612903227,1-0-1682-3,e,UT_009,009,2,fave,159.67842318427077,65.88916206937435,4,stressful,1,0.10003700000004301,super,just,R,S,R,S,internal
529.1820895747321,2040.4711510597992,2753.1469290037016,3.3777720364688975,3.6258442829771664,3.9674744255528274,6230.7692307692305,0.00004095657047601387,753.905767834467,0.031,0.32978723404255317,1-0-1701-1,e,UT_009,009,2,fave,164.27385300074837,61.33770574442785,4,get,1,0.07000700000003235,i,stressed,G,T,G,T,internal
675.3530373063137,1657.098318674704,2417.5017883836176,3.178852837886134,3.7853708574537595,4.360291038077424,5871.794871794871,0.00012967141999466775,754.2037491655329,0.027000000000000003,0.32142857142857145,1-0-1702-3,e,UT_009,009,2,fave,79.00160337960894,60.57332007252828,4,stressed,1,0.05999799999995048,get,out,R,S,R,S,internal
706.2542199039245,1635.89111324911,2973.4985884718963,3.422316370177552,3.85732357644179,4.593424347681171,6230.7692307692305,0.0002610885712264634,773.9693575034013,0.035,0.3365384615384616,1-0-1716-1,e,UT_009,009,2,fave,186.55839068358856,62.1766581572316,4,sentences,1,0.080016999999998,forty,"",S,N,S,N,internal
726.0888841864894,1557.2499371353779,2173.6339358619243,3.0748661210057238,3.7288749842495257,4.249752231054494,6230.7692307692305,0.0004742393531459043,804.6367694965987,0.040999999999999995,0.33064516129032256,1-0-1731-1,e,UT_009,009,2,fave,191.48322867313135,65.7299288215893,4,ready,1,0.09997499999997217,"","",R,D,R,D,internal
749.2367418124928,2080.451518201628,2927.6669538342976,3.3559336025741295,3.0884834388436597,3.7378357335307992,6230.7692307692305,0.00003269288743868575,815.2156428344671,0.031,0.32978723404255317,1-0-1766-1,e,UT_009,009,2,fave,177.31858130255577,60.79555093422767,4,many,1,0.07000700000003235,"",fantasy,M,N,M,N,internal
827.5720678627674,1846.328707473669,3108.9549712106254,3.433859838652975,3.54180077397278,4.102268932074011,6230.7692307692305,0.0003706254276186204,817.420649165533,0.04100000000000001,0.3306451612903227,1-0-1774-1,e,UT_009,009,2,fave,137.5427470976203,55.24865512199737,4,them,1,0.09997599999996964,in,"",DH,M,DH,M,internal
791.4049664258791,2039.577986282746,2930.6090033176397,3.223139717164243,3.411559798750242,4.0473578205079885,6230.7692307692305,0.000011971358362532568,819.3656678344671,0.031,0.32978723404255317,1-0-1781-1,e,UT_009,009,2,fave,157.57929117707843,57.46491997982554,4,next,1,0.07000700000003235,button,to,N,K,N,K,internal
710.9552575118778,1431.2440684346282,2861.7396871905603,3.2627584989924814,3.539471279794524,4.231735229928248,6948.717948717948,0.0001510148513568755,826.8086584965986,0.037,0.32456140350877194,1-0-1809-1,e,UT_009,009,2,fave,157.52853265328542,60.3934403376991,4,wells,1,0.08996600000000399,the,"",W,L,W,L,internal
703.9700036273574,1774.662706987895,2748.9144746023785,3.1874345021525685,3.7537465879671763,4.020151404957326,6230.7692307692305,0.00008817375576914793,829.7856498344671,0.031,0.32978723404255317,1-0-1821-1,e,UT_009,009,2,fave,160.1671037464923,57.24759348399941,4,shell,1,0.07000800000002982,new,today,SH,L,SH,L,internal
694.5082625520796,1580.3994308778651,2257.8025404299597,3.2045058126519192,3.7804491627505294,4.44487942517636,6051.282051282051,0.00004139476423500848,836.2236528344671,0.027000000000000003,0.32142857142857145,1-0-1845-2,e,UT_009,009,2,fave,179.02338148888433,63.938770259019016,4,french,1,0.05999700000006669,the,are,R,N,R,N,internal
782.6767795607104,1446.6193579857609,2464.0865117307867,3.2030131509546926,4.105367835735158,4.271394651960276,7128.205128205128,0.00003947583055808102,837.647635834467,0.035,0.33653846153846156,1-0-1852-1,e,UT_009,009,2,fave,180.98121276828576,63.27460964102635,4,restaurant,1,0.080016999999998,the,"",R,S,R,S,internal
737.1502697684427,1650.6272642643746,2834.753863605858,3.0482175346251514,3.616968424797598,4.269933099652678,6410.25641025641,0.0004742752674036401,848.2841538276645,0.035,0.33653846153846156,1-0-1890-1,e,UT_009,009,2,fave,-4601.9613054545825,59.078090417949674,4,bell,1,0.07995699999992212,a,for,B,L,B,L,internal
801.1530248660418,1786.1709398724427,2781.287758783759,3.2709628852477883,3.3695846127389846,3.306788726463862,6769.2307692307695,0.00011936697711424076,848.9121611655329,0.051000000000000004,0.3311688311688312,1-0-1893-2,e,UT_009,009,2,fave,152.22544130296544,59.00903994645609,4,event,1,0.13000400000009904,the,"",V,N,V,N,internal
908.8332373372135,1705.594030852313,2993.07673119892,3.286013537251394,3.6453848444156307,3.9981062538035954,6051.282051282051,0.000089449120953433,850.4401391655329,0.027000000000000003,0.32142857142857145,1-0-1899-0,e,UT_009,009,2,fave,181.4553407178784,60.69201560420548,4,elm,1,0.05999700000006669,"",for,#,L,"",L,initial
746.8631490685682,1401.8325576563625,3038.5353778704844,3.3018645738256565,3.7377132403672033,4.188378307987371,6230.7692307692305,0.0000756050242408716,854.7801651655329,0.027000000000000003,0.32142857142857145,1-0-1915-3,e,UT_009,009,2,fave,168.0237749625031,60.487829132946416,4,collects,1,0.05999799999995048,brother,bottles,L,K,L,K,internal
776.6335357181805,1453.7751243254338,2994.5913689382933,3.126981864630662,3.9902699776138224,3.989054047840537,6769.2307692307695,0.0000949595327348863,867.985648834467,0.035,0.3365384615384616,1-0-1946-3,e,UT_009,009,2,fave,195.54035464308717,64.63414899481654,4,collects,1,0.080016999999998,brother,bottles,L,K,L,K,internal
740.7856471502929,1777.5236613218467,2971.5043753273003,2.8076998654635177,3.5462610057666217,3.9844830986576296,6589.74358974359,0.00007818453817679047,877.485648834467,0.035,0.33653846153846156,1-0-1986-1,e,UT_009,009,2,fave,155.71533658513152,61.31791965614583,4,cell,1,0.080016999999998,a,in,S,L,S,L,internal
583.2604791846445,2169.246192536517,2709.294514755904,3.5428649077885237,3.5921945407834865,3.7578051735188125,6230.7692307692305,0.00016138805441950825,878.3966714965986,0.037000000000000005,0.324561403508772,1-0-1990-1,e,UT_009,009,2,fave,183.3823051647374,61.545377013281026,4,mary,1,0.08996600000000399,"",found,M,R,M,R,internal
816.4463156804385,1861.0492102401438,2866.2635504612444,2.972427668142122,3.8768044225133655,4.03076015044857,6769.2307692307695,0.0005489763822712809,881.5036678344671,0.031,0.32978723404255317,1-0-2003-0,e,UT_009,009,2,fave,NaN,55.90691276677198,4,elk,1,0.07000699999991866,"","",#,L,"",L,initial
780.2311972261289,2041.3753389304643,2842.2875091038964,3.0842640664509284,3.7029818969555017,3.7819350928031827,6230.7692307692305,0.00004938652057691265,884.115652834467,0.035,0.33653846153846156,1-0-2013-1,e,UT_009,009,2,fave,144.24261730599625,57.76103732646461,4,yesterday,1,0.080016999999998,cotton,"",Y,S,Y,S,internal
770.4338030056166,2030.4326947983602,2866.7695622289507,3.1128835665671937,3.4153436657282517,4.059866187710293,6230.7692307692305,0.0000752183853680188,889.5166664965986,0.037000000000000005,0.324561403508772,1-0-2031-1,e,UT_009,009,2,fave,149.51491280213136,57.42827199998358,4,yesterday,1,0.08996600000000399,from,"",Y,S,Y,S,internal
707.1747157095355,1593.073831245803,2674.0079772732865,3.1727070392794916,3.7292715421113773,3.7920252883888756,7307.692307692308,0.000014091621648589367,899.0782528344671,0.031,0.32978723404255317,1-0-2065-1,e,UT_009,009,2,fave,155.0551229729664,64.5389099710602,4,belt,1,0.07000700000003235,a,for,B,L,B,L,internal
728.6605420122229,1840.8809792179154,2678.4032240175998,3.2364567524252315,3.5067712994049547,4.052931062192522,6051.282051282051,0.0000652809670303688,899.550223834467,0.035,0.33653846153846156,1-0-2067-1,e,UT_009,009,2,fave,157.46793503540766,60.46357259530358,4,decoration,2,0.080016999999998,for,"",D,K,D,K,internal
599.6417824519416,1911.160647626217,2859.551727602495,2.8849928771042936,4.471059812749461,4.1968294029780635,6051.282051282051,0.0027047832701328927,83.92514616553287,0.025,0.17361111111111113,1-0-32-1,ey,UT_009,009,2,fave,81.14689344467148,52.82899164775783,4,later,1,0.12000300000001118,there,"",L,T,L,T,internal
643.6496771250028,1788.8837688169178,2086.225090849853,3.23052356885843,3.735379946787936,4.12481965060859,6051.282051282051,0.0006476438209957334,90.30335683446712,0.025,0.13586956521739132,1-0-49-2,ey,UT_009,009,2,fave,117.68011854700016,52.95309339753178,4,grade,1,0.15999599999999248,first,"",R,D,R,D,internal
646.3890629682352,1931.4714346461503,2211.392942499584,3.2145071710266246,4.0131143081035,4.2141901976288905,6230.7692307692305,0.0011179424013225392,94.30335683446712,0.025,0.11160714285714286,1-0-62-2,ey,UT_009,009,2,fave,158.8443614375132,54.637411595224116,4,grade,1,0.1999969999999962,fifth,"",R,D,R,D,internal
517.8271728321337,1907.2121048355593,2573.3990195982446,3.1926421133546223,3.822843883830698,3.9114105258395018,6051.282051282051,0.00004891741105507661,98.03835183446712,0.035,0.37234042553191493,1-0-71-5,ey,UT_009,009,2,fave,158.23431790261884,53.763830335162304,4,graduated,2,0.06999999999999318,and,from,uw,T,uw,T,internal
488.2292973374814,2177.5747566709624,2869.9044606093253,2.649068309379779,3.810753172971885,3.8180960188873696,6410.25641025641,0.00007885864734908036,98.47335483446712,0.025,0.20161290322580647,1-0-73-1,ey,UT_009,009,2,fave,158.66872775698636,55.733231015953315,4,davis,1,0.09999799999999937,from,high,D,V,D,V,internal
501.3381646529141,2618.3672798595867,3274.7211063772124,3.411858364247741,4.237914728306015,4.918988542308855,8564.102564102563,0.008332194398453608,106.74335083446712,0.025,0.1524390243902439,1-0-91-1,ey,UT_009,009,2,fave,88.66374528096136,49.74067819899623,4,layton,1,0.14000000000000057,[bracketed],"",L,T,L,T,internal
489.4294711815089,1992.651708955868,2796.60317046714,3.1035921627442327,4.159951335260315,4.3976039779049385,6769.2307692307695,0.0017888930136374006,111.09835783446712,0.035,0.21341463414634151,1-0-99-1,ey,UT_009,009,2,fave,178.40463765445648,52.95448880655332,4,layton,1,0.13999899999998888,"",was,L,T,L,T,internal
578.8493854129362,2215.3398537880025,2882.7356146314255,3.45350345921587,3.9280448949437714,4.361727037443777,6589.74358974359,0.0005823332824646922,116.00914616553287,0.025,0.18656716417910452,1-0-121-1,ey,UT_009,009,2,fave,85.5119344365212,48.15721167402775,4,maybe,1,0.1100009999999969,months,a,M,B,M,B,internal
465.9099082790727,2522.183395419499,2768.379500578117,3.4057734090165344,4.164454577730275,4.740604860506121,6948.717948717948,0.004938817215728158,127.77014816553287,0.027,0.21774193548387097,1-0-154-0,ey,UT_009,009,2,fave,182.86238751494471,54.218918407617906,4,eight,1,0.09999899999999684,"",or,#,T,"",T,initial
576.5868484959859,1967.162334727758,2618.2908951752293,2.551452402388731,3.655252125707053,3.9781906273109553,6948.717948717948,0.000030444155824330793,152.41844816553288,0.025,0.21929824561403513,1-0-187-1,ey,UT_009,009,2,fave,185.8556718401648,67.35723162209055,4,made,1,0.08999600000001351,never,it,M,D,M,D,internal
515.7202417882573,1849.9916076418547,2226.085086011185,2.8627867576385433,3.7942946149440258,4.01707781027005,5871.794871794871,0.00019362118599818888,224.76025083446714,0.025,0.20161290322580647,1-0-353-1,ey,UT_009,009,2,fave,162.41477201489022,63.42311996149559,4,raised,1,0.10000599999997917,i've,amazing,R,Z,R,Z,internal
642.9309864715784,2279.346547703633,2845.982290101908,3.5065389485123744,3.681065622212151,3.873420089671276,6230.7692307692305,0.00005864047104068072,225.0852521655329,0.035,0.3070175438596492,1-0-354-2,ey,UT_009,009,2,fave,161.6941999223498,58.85320383570358,4,amazing,1,0.08999599999998509,raised,children,M,Z,M,Z,internal
530.6992066473179,1758.1416451200828,1819.465958028888,2.830036746577587,4.132514317559792,4.534115316481291,6589.74358974359,0.0069235642382463585,388.7112388344671,0.025,0.1288659793814433,1-0-679-1,ey,UT_009,009,2,fave,168.05239221274334,65.4193806955282,4,raised,1,0.17001399999998057,being,by,R,Z,R,Z,internal
641.4530454595739,2158.638614055498,2823.9868049004326,3.3439385356573452,3.7328313312473895,3.9498811876876423,6769.2307692307695,0.0004776548295447402,392.9632408344671,0.089,0.32481751824817523,1-0-695-0,ey,UT_009,009,2,fave,169.1836136333478,57.4535183920762,4,age,1,0.25,young,"",#,JH,NG,JH,initial
635.36920531745,2513.667492651906,2936.748425545923,3.388442682648214,3.790331699245678,4.27529197960554,6589.74358974359,0.006881013091567632,396.8412438344671,0.025,0.09124087591240877,1-0-712-0,ey,UT_009,009,2,fave,162.17590364735238,58.547287323661514,4,eight,1,0.25,"","",#,T,"",T,initial
510.1568357421709,2293.9886317987844,2663.438207989333,2.9658419336037505,4.055222879199003,4.306685667325237,5871.794871794871,0.0013217618635781069,483.6385458344671,0.025,0.15243902439024393,1-0-935-1,ey,UT_009,009,2,fave,162.5455267744913,64.68165139485643,4,paid,1,0.14001500000000533,get,the,P,D,P,D,internal
469.9748830373437,2457.168670496171,2621.0672224225877,2.394898116692482,4.475155805411783,4.448843091312341,7128.205128205128,0.003215286354772121,487.1885591655329,0.025,0.21929824561403513,1-0-953-1,ey,UT_009,009,2,fave,159.47671604315684,64.42805655793026,4,paid,1,0.08999599999998509,get,when,P,D,P,D,internal
522.0503312128557,2254.334968080853,2863.3766152770772,3.1660628278101863,4.163169710346862,4.2847354495094745,7128.205128205128,0.00043194604872991865,500.83654883446707,0.04100000000000001,0.3306451612903227,1-0-999-2,ey,UT_009,009,2,fave,162.31164646253654,60.73338034486964,4,stayed,1,0.10000600000000759,husband,home,T,D,T,D,internal
535.6318656049976,2262.9192779736395,3078.457282962861,3.093615478140129,4.039226010990276,4.51886619092651,6948.717948717948,0.0007843919460466501,508.1065378344671,0.04100000000000001,0.3306451612903227,1-0-1028-1,ey,UT_009,009,2,fave,83.52736348392276,60.70448906910793,4,take,1,0.10000600000000759,else,it,T,K,T,K,internal
531.9170103769445,2116.77194825743,2824.2614750333582,3.1548699553430857,4.332078519835894,4.320769072656759,6589.74358974359,0.0005330861070650113,511.8029448344671,0.025,0.21929824561403513,1-0-1045-2,ey,UT_009,009,2,fave,86.70176280642757,60.21416470313246,4,stayed,1,0.08999599999998509,husband,home,T,D,T,D,internal
601.0055329972076,2296.6573735467214,2887.2237650724283,3.456634176138654,4.185497601186222,4.152545954748082,6410.25641025641,0.0015705504985641934,515.410945165533,0.040999999999999995,0.33064516129032256,1-0-1061-1,ey,UT_009,009,2,fave,155.1583961925345,57.36466113936087,4,make,1,0.09997499999997217,didn't,any,M,K,M,K,internal
550.0730534538283,2223.4018154241708,2882.1602643912343,3.4508735466236007,4.212552580942703,4.236170363635164,6589.74358974359,0.00012936310901485296,539.6233578344671,0.031,0.32978723404255317,1-0-1107-1,ey,UT_009,009,2,fave,150.72207381149911,59.91593174257072,4,make,1,0.07000699999991866,people,the,M,K,M,K,internal
475.32996849032736,2193.2969534545473,3012.325967969247,2.5384415231253517,3.81338900766575,4.591395451473169,6948.717948717948,0.0009950028155830879,540.1203578344671,0.025,0.24038461538461545,1-0-1109-4,ey,UT_009,009,2,fave,156.47551062766144,64.6712260069412,4,mistake,1,0.080016999999998,the,of,T,K,T,K,internal
491.4121973499113,2248.662012976507,2922.2488167446586,2.9116588120545677,3.979222398823623,4.426075884274513,6769.2307692307695,0.0005584260387563429,543.4803485034013,0.025,0.24038461538461536,1-0-1121-1,ey,UT_009,009,2,fave,157.6631839496058,60.45104332688296,4,make,1,0.080016999999998,actually,you,M,K,M,K,internal
538.0868103784742,1815.5316958934638,2748.375767412641,3.007543748000427,3.668389699738896,3.9937417227522745,6769.2307692307695,0.00015612246426449522,546.480342834467,0.025,0.16233766233766234,1-0-1130-6,ey,UT_009,009,2,fave,162.2015849662722,61.08278672775749,4,circulation,2,0.13000499999998283,the,"",L,SH,L,SH,internal
510.36166740143807,2201.367085854236,2768.2691496359957,2.8646192734666864,4.000875643008804,4.099539903662652,6769.2307692307695,0.00018901394408354775,553.6603301655329,0.025,0.17361111111111113,1-0-1153-3,ey,UT_009,009,2,fave,81.50381856757757,65.48639410718391,4,creates,1,0.11999499999990348,it,what,iy,T,iy,T,internal
632.7310545747428,2230.823737235689,2872.602008944736,3.4563265344562093,4.010544223402555,4.167721785632097,6589.74358974359,0.00037816366096756285,565.6071425034013,0.027000000000000003,0.23684210526315794,1-0-1192-1,ey,UT_009,009,2,fave,153.04325782528286,59.91571884488263,4,make,1,0.09002699999996366,and,sure,M,K,M,K,internal
573.444987113783,2157.1139273039616,2840.835994183617,3.6194128080921946,3.654364056139918,3.872906377136719,6230.7692307692305,0.0000200155980727303,573.8821501655328,0.037000000000000005,0.4404761904761905,1-0-1226-1,ey,UT_009,009,2,fave,161.48242576844007,64.2640531171498,4,make,1,0.05999800000006417,we,sure,M,K,M,K,internal
599.7183005136088,2074.866978692999,2775.4969306474522,2.967807420013446,4.050911330064907,3.9839873343221086,6230.7692307692305,0.0007615769610650282,593.5326308344671,0.039,0.22413793103448276,1-0-1294-1,ey,UT_009,009,2,fave,225.06816965076314,66.32661470563966,4,baby,1,0.15002500000002783,little,steps,B,B,B,B,internal
319.7020243658793,889.6526418387459,1373.194375511941,3.462778867829336,4.098904781593382,4.407498631631332,3717.948717948718,0.006643721412628448,594.4576658344671,0.069,0.7340425531914894,1-0-1297-1,ey,UT_009,009,2,fave,211.9399250785816,61.91691293443388,4,take,1,0.07000700000003235,and,em,T,K,T,K,internal
535.760746088426,1952.8895804183974,2519.9306216631476,3.126939172228248,3.959601390811936,4.1229835555390295,5871.794871794871,0.0004514358370348122,604.8936664965987,0.040999999999999995,0.33064516129032256,1-0-1333-5,ey,UT_009,009,2,fave,158.1038622852572,60.47636549028115,4,graduate,2,0.09997499999997217,they,to,uw,T,uw,T,internal
534.44206078156,2216.7909135446716,2909.4733229019976,3.130726886949824,3.8702488765572185,4.192710680760332,6589.74358974359,0.00007903221357711935,606.4696338344672,0.033,0.3173076923076923,1-0-1339-1,ey,UT_009,009,2,fave,159.2318455036185,57.40726666290556,4,make,1,0.080016999999998,eventually,it,M,K,M,K,internal
631.1238326298719,1918.2939945139344,2372.134111967274,3.3641346390377387,4.063403404676283,4.269169819759253,6589.74358974359,0.0013173388744379003,631.8042551655329,0.040999999999999995,0.33064516129032256,1-0-1379-2,ey,UT_009,009,2,fave,155.66062487302892,59.85764402404739,4,brave,1,0.09997599999996964,being,enough,R,V,R,V,internal
498.670879437097,2308.0298399457474,3014.845836359935,2.959392231988146,3.9619785315906415,4.117851849494486,6769.2307692307695,0.000010952079465316208,644.6839511655328,0.025,0.2976190476190476,1-0-1434-1,ey,UT_009,009,2,fave,158.40731764939065,63.568962606748805,4,taking,1,0.05999700000006669,of,baby,T,K,T,K,internal
522.1540864657782,2163.1058371810295,2835.2514233327356,3.1801718951710156,3.9488024958579095,4.315473640960809,6769.2307692307695,0.00039541016417656705,644.988943834467,0.035,0.21341463414634151,1-0-1435-1,ey,UT_009,009,2,fave,148.80933784593552,61.49618357304924,4,baby,1,0.14001500000006217,taking,steps,B,B,B,B,internal
498.9362871188125,2177.827996174948,2547.332777258323,3.1183501921484873,4.303714812601427,4.262792734426213,6230.7692307692305,0.0011311605971346635,670.4928301655328,0.039,0.27083333333333337,1-0-1458-1,ey,UT_009,009,2,fave,81.15528668487272,54.566054572663006,4,facing,1,0.11999600000001465,are,right,F,S,F,S,internal
579.0368174664632,2471.865196356411,3285.8891957546216,3.666288890592127,4.057822148700452,4.448721707565792,6589.74358974359,0.0038774484751526615,676.9722295034014,0.129,0.7413793103448276,1-0-1476-1,ey,UT_009,009,2,fave,93.5731392602529,53.71574766482131,4,dangerous,1,0.15002400000003036,and,"",D,N,D,N,internal
539.8212732839683,2335.3066311633374,2911.347689452398,3.309256013683252,4.1974038670881155,4.507537393152016,6769.2307692307695,0.0005244987621803882,679.4792671655329,0.043,0.34677419354838707,1-0-1482-1,ey,UT_009,009,2,fave,83.97634600686439,58.81785798774191,4,fake,1,0.09997499999997217,have,snow,F,K,F,K,internal
527.9802407222022,2276.7100566525837,2794.1973001374836,3.1376623757937514,4.300384342035725,4.392766673062628,6948.717948717948,0.0017232907602644455,682.8662711655329,0.057,0.2159090909090909,1-0-1494-1,ey,UT_009,009,2,fave,128.10032235567502,61.33640096410642,4,safe,1,0.23999099999991813,it's,"",S,F,S,F,internal
570.3544827632026,2121.477689486238,2826.5445767666847,3.323586296986645,4.241144360167846,4.42661845128226,6769.2307692307695,0.0010572425655414807,684.9102634965986,0.025,0.21929824561403513,1-0-1504-1,ey,UT_009,009,2,fave,83.2058808276458,57.21469594824027,4,fake,1,0.08996600000000399,the,snow,F,K,F,K,internal
564.2200648404729,2164.567646803044,2862.266218414056,3.2136272949869067,3.820985165149876,3.9651742715930625,6230.7692307692305,0.00010388688045927226,689.7702484965987,0.025,0.21929824561403513,1-0-1520-1,ey,UT_009,009,2,fave,159.67000062139704,59.88629787902759,4,makes,1,0.08996600000000399,ice,things,M,K,M,K,internal
598.1945799659588,1844.5242711634178,2927.7318142654135,3.1087363286216143,3.69976645536523,3.96312565000433,6230.7692307692305,0.00045843396419482067,811.4387721655328,0.025,0.20161290322580647,1-0-1752-2,ey,UT_009,009,2,fave,164.68794466744657,57.2978031775535,4,plays,1,0.09997599999996964,violinist,the,L,Z,L,Z,internal
574.6498070909552,2651.6739746040575,2958.6434937412114,3.5854636701238927,3.69444535689902,4.156405698689317,6589.74358974359,0.0003544390168933122,816.6176464965987,0.055,0.48245614035087725,1-0-1769-4,ey,UT_009,009,2,fave,161.73795589311993,55.6167880837633,4,contain,1,0.08996600000000399,books,an,T,N,T,N,internal
592.1904774407022,2663.046433098869,2803.6911305998583,3.3164380241371996,4.226671760564344,4.186463863903175,6230.7692307692305,0.00324666934744123,821.0196514965987,0.099,0.7983870967741936,1-0-1787-2,ey,UT_009,009,2,fave,181.78397734271337,57.76852477793773,4,train,1,0.09997499999997217,the,travels,R,N,R,N,internal
698.8631504389509,1636.4222677991868,2958.6489989931197,3.2919238495084584,4.007360337708951,4.782098091386882,7666.666666666666,0.003713663094164018,821.9596534965987,0.099,0.7983870967741936,1-0-1790-1,ey,UT_009,009,2,fave,164.90686561103038,60.85452171575368,4,rail,1,0.09997600000008333,by,to,R,L,R,L,internal
779.9503671918619,1623.542141771706,2979.0683426783153,3.542917610492795,3.833691526895611,4.0841163597185774,6410.25641025641,0.00022558712927970466,824.2746441723357,0.16899999999999998,0.8711340206185567,1-0-1799-1,ey,UT_009,009,2,fave,166.45879423979474,56.34623501336586,4,nail,1,0.17004399999996167,a,in,N,L,N,L,internal
685.916266114366,1681.290839323397,2994.3565338183103,3.123864261269503,3.6021294850090717,5.012235088365678,7487.179487179487,0.00028283292925036243,832.1946648344671,0.069,0.7340425531914894,1-0-1829-2,ey,UT_009,009,2,fave,162.08261068952717,58.636702764835455,4,trail,1,0.07000700000003235,the,during,R,L,R,L,internal
691.5718124912976,1656.6283651581878,2837.624114383469,3.3166748384751714,3.572473448637237,3.8937619119618545,6230.7692307692305,0.000017073562538266092,834.7946408344671,0.069,0.7340425531914894,1-0-1839-1,ey,UT_009,009,2,fave,157.04225732514155,60.32133330202201,4,whales,1,0.07000699999991866,to,in,W,L,W,L,internal
766.0163280732847,1729.031180592059,3022.0561029155697,3.6829604012823864,3.822481036912259,4.357526055125569,6948.717948717948,0.00045207316076525104,837.1446564965987,0.089,0.7807017543859649,1-0-1849-2,ey,UT_009,009,2,fave,82.62684441402067,55.41221853609978,4,snails,1,0.08996500000000651,the,at,N,L,N,L,internal
603.1610778475006,2445.163715809534,2836.031413567028,3.4999250910004216,3.7020529000052083,4.414280931488892,6230.7692307692305,0.0005564485431685672,839.497671834467,0.035,0.4166666666666667,1-0-1857-1,ey,UT_009,009,2,fave,172.22016074005768,55.75843009553215,4,came,1,0.05999799999995048,lunch,with,K,M,K,M,internal
540.7229645651106,2250.489668946406,2822.1326528421505,3.2409633984160426,3.918376288764785,3.9671687955968085,6230.7692307692305,0.00012814653001479056,842.3826371723356,0.025,0.18656716417910452,1-0-1869-1,ey,UT_009,009,2,fave,174.38876918326667,61.8134464154986,4,made,1,0.11004600000001119,is,with,M,D,M,D,internal
705.0456327302959,2196.589205314685,2855.7920967612927,3.2028936505497976,3.7359358156755933,4.1160976205459905,6230.7692307692305,0.00003557604615402339,842.8726654965986,0.025,0.21929824561403513,1-0-1871-1,ey,UT_009,009,2,fave,166.93360379825145,62.45254754638884,4,kale,1,0.08996600000000399,with,from,K,L,K,L,internal
695.6697680841286,1792.1447367913197,2877.9233658845264,3.0154147160861897,3.4145872046231,3.857032933830427,7128.205128205128,0.0001525533916132174,845.8821631655328,0.11100000000000002,0.7207792207792209,1-0-1881-1,ey,UT_009,009,2,fave,176.58837229635122,61.310211131444454,4,sale,1,0.13000499999998283,a,"",S,L,S,L,internal
555.5610767316576,2114.337300390904,2667.8000133806863,3.199128104651638,4.386507435503884,4.31759915138406,6051.282051282051,0.003030415602598838,866.1506365034013,0.025,0.20161290322580647,1-0-1941-1,ey,UT_009,009,2,fave,102.8650938923987,58.932586189393966,4,page,1,0.10003700000004301,"",two,P,JH,P,JH,internal
521.2329912866419,2429.685214849515,2834.891165158619,3.53774075477746,3.729477048079059,3.657882700382279,6948.717948717948,0.00020244087517125355,873.988643165533,0.041,0.28472222222222227,1-0-1970-1,ey,UT_009,009,2,fave,194.56831967938456,59.409531237336665,4,sailor,1,0.11999500000001717,the,stood,S,L,S,L,internal
712.5739101536395,1874.730196866867,2922.898593026042,3.4982426201858097,3.5924586715518365,3.5669935352003987,6230.7692307692305,0.0000526789915755132,879.2936325034015,0.07100000000000001,0.6228070175438598,1-0-1994-1,ey,UT_009,009,2,fave,180.08258828186436,60.96884134566273,4,tale,1,0.09002599999996619,new,about,T,L,T,L,internal
458.4837555963873,2469.329395912361,2918.973918239562,3.331679346425677,3.976074879111512,3.83575696132565,7128.205128205128,0.0005730999253827245,888.0866238344671,0.037000000000000005,0.3557692307692308,1-0-2025-1,ey,UT_009,009,2,fave,201.5122879964768,63.457406576453494,4,table,1,0.080016999999998,my,was,T,B,T,B,internal
781.2369950366138,1652.1922077184126,2883.2573092825664,3.5598499144136064,3.5440287489641276,3.7950496420056026,6230.7692307692305,0.00015231590470068073,889.0926544965987,0.089,0.7807017543859649,1-0-2029-1,ey,UT_009,009,2,fave,162.12645127013337,57.39903864170248,4,mail,1,0.08996500000000651,with,from,M,L,M,L,internal
524.1427316068699,1885.2331967147268,1998.570376611343,2.9716301473366427,3.8750494973753895,4.188478954383112,7128.205128205128,0.0000627205676409848,899.805232834467,0.025,0.16233766233766234,1-0-2067-4,ey,UT_009,009,2,fave,159.81035769422115,58.00564455249519,4,decoration,1,0.13000500000009652,for,"",*hr,SH,*hr,SH,internal
657.8156430506659,2401.8926659444005,2788.840815398556,3.2651812376802263,4.008556851973397,4.131887922038899,7487.179487179487,0.0008911069365362279,901.6752401723356,0.025,0.12254901960784313,1-0-2074-0,ey,UT_009,009,2,fave,158.01011119421005,62.35242782791988,4,ale,1,0.18005300000004354,"","",#,L,"",L,initial
619.6499598346862,2517.188584967167,3002.958278877433,3.505165215989448,3.847806913380729,4.068598534543875,6410.25641025641,0.00019960610274984706,912.6722394965986,0.099,0.7983870967741936,1-0-2117-1,ey,UT_009,009,2,fave,178.03039916484786,58.12187744581249,4,painting,1,0.09997500000008586,the,"",P,N,P,N,internal
606.2459354034072,1538.360993685144,1761.5838087892625,3.7672530075847526,3.7530503892014226,3.7407351028963607,5512.820512820513,0.002508314717830638,84.12514983446712,0.085,0.3346456692913386,1-0-32-3,*hr,UT_009,009,2,fave,241.50391216677383,53.01066063959767,4,later,0,0.23000399999999388,there,"",T,#,T,"",final
552.5548683437654,1311.2771876120134,1673.5003240117785,3.2130661903865265,3.7609865925322548,3.5101349705363676,4794.871794871795,0.000338478286890479,90.00335083446711,0.045,0.3358208955223881,1-0-48-1,*hr,UT_009,009,2,fave,122.70826010847846,50.91460733180625,4,first,1,0.1100009999999969,until,grade,F,S,F,S,internal
599.777566666308,1571.6122225173613,1812.819609784465,3.8396158330925605,4.297955849235003,4.203866110106354,5512.820512820513,0.0011620841853900866,133.5141518344671,0.035,0.33653846153846156,1-0-170-2,*hr,UT_009,009,2,fave,86.95458953696874,51.021079747374294,4,for,0,0.08000200000000746,syracuse,like,R,#,R,L,final
572.1890102633803,1498.3752408104478,2169.016442401719,3.592456182153932,4.082026402511568,5.231245851300156,6230.7692307692305,0.0017405791688035667,152.30145883446713,0.031,0.32978723404255317,1-0-186-3,*hr,UT_009,009,2,fave,186.2616939576876,64.46602989646429,4,never,0,0.06999199999998496,"",made,V,#,V,M,final
591.2727203165526,1298.9371515197554,1819.2070602245724,3.0579283632053373,3.734287154000349,3.2817652762786547,5333.333333333333,0.00019243365686085617,167.75344583446713,0.055,0.3353658536585366,1-0-198-1,*hr,UT_009,009,2,fave,193.2552890909249,60.75414705774826,4,work,1,0.14001399999997943,for,"",W,K,W,K,internal
542.453350203266,1499.660906822963,1818.8094502689194,2.861405857610229,3.5434384254938367,3.3311670135199845,5692.3076923076915,5.606973381795975e-6,169.70145183446712,0.031,0.32978723404255317,1-0-207-1,*hr,UT_009,009,2,fave,162.44447672499746,58.72207510726957,4,her,0,0.0700080000000014,do,hair,HH,#,HH,HH,final
557.0921950425851,1447.0088742719383,1726.0240810581658,2.7936634097312534,3.6604556740883503,3.442049165472094,5692.3076923076915,0.000777786032805408,171.51145083446713,0.091,0.33211678832116787,1-0-212-1,*hr,UT_009,009,2,fave,168.0192245128164,58.736730315028986,4,work,1,0.25,to,"",W,K,W,K,internal
687.0381421194763,1859.1503980244806,2664.006975026903,3.569184568833154,3.719752188881833,4.03952503414199,5512.820512820513,0.00021653500351773608,179.73614983446714,0.027000000000000003,0.32142857142857145,1-0-240-2,*hr,UT_009,009,2,fave,157.86353389770468,52.70726451925896,4,either,0,0.05999700000000985,"",my,DH,#,DH,M,final
646.2634207223275,1382.2323442550892,2350.9154586801233,3.926648211745227,4.22504698426749,4.0692435120807655,5153.846153846154,0.0004896471311012316,180.46614583446714,0.027000000000000003,0.32142857142857145,1-0-245-0,*hr,UT_009,009,2,fave,160.7359439295723,50.586370589583964,4,or,0,0.0600120000000004,old,my,#,#,D,M,coextensive
555.4818773209431,1469.6587188830997,1699.2780323912252,3.6361670362045806,3.7919675873718477,3.7636355788482017,5153.846153846154,0.031160489651204017,181.97815116553286,0.091,0.3321167883211679,1-0-251-3,*hr,UT_009,009,2,fave,167.7264445459264,51.42531234927845,4,soccer,0,0.25,to,"",K,#,K,"",final
668.9792870691115,1724.0371506726278,2219.208853843506,3.680799968580343,3.813546335899319,3.9028410235488344,5333.333333333333,0.0008383979093084216,182.94314683446711,0.04100000000000001,0.3306451612903227,1-0-254-2,*hr,UT_009,009,2,fave,155.33460910958033,52.48411124005555,4,either,0,0.10000600000000759,in,south,DH,#,DH,S,final
542.7035315272038,1522.068451352023,4256.4587326229885,3.8024181681527494,3.3639105073315383,4.909695803991632,8564.102564102563,0.001574054220436656,183.5761461655329,0.047,0.3263888888888889,1-0-256-3,*hr,UT_009,009,2,fave,165.9261945884335,52.74051051148085,4,weber,0,0.11999499999998875,south,or,B,#,B,*hr,final
765.9920092762624,1521.8891859070354,1903.0613308035418,3.571572750496579,3.8053315317272256,3.640642726830775,5333.333333333333,0.00023278837498641794,189.0851458344671,0.045,0.3358208955223881,1-0-278-3,*hr,UT_009,009,2,fave,163.41111135286204,50.10792506363273,4,dinner,0,0.11000100000001112,grab,on,N,#,N,o,final
560.6813619059316,1629.2586322477207,1783.2618615376662,3.644861377262424,4.029830021658974,4.078026479267895,5512.820512820513,0.011907752461346226,200.45314683446713,0.061000000000000006,0.3315217391304348,1-0-322-3,*hr,UT_009,009,2,fave,192.6050603706644,49.519290800898176,4,soccer,0,0.16000299999998902,at,"",K,#,K,"",final
528.1984175287446,1549.3399154350786,4246.616541973341,3.7322734169511094,2.962808549719926,4.443509551870777,8384.615384615383,0.001291065653886385,237.4870541655329,0.037000000000000005,0.324561403508772,1-0-379-3,*hr,UT_009,009,2,fave,187.68523525573391,59.19601967356308,4,super,0,0.08999699999998256,they're,duper,P,#,P,spn,final
649.3934777257949,1844.058315545273,3984.031056775478,3.982568705498422,3.0019520313861574,4.865993447739079,8025.641025641025,0.00008318971232707017,272.87135783446706,0.027000000000000003,0.32142857142857145,1-0-459-4,*hr,UT_009,009,2,fave,169.67615025679555,53.27488353434672,4,junior,0,0.05999800000000732,legacy,high,Y,#,Y,HH,final
543.8352602510198,1208.2667860511758,1782.0660035075323,3.4899997455877356,3.3484290761228097,3.667099095764373,5333.333333333333,0.00009212470113214242,283.53844383446716,0.035,0.3365384615384616,1-0-503-1,*hr,UT_009,009,2,fave,186.97496676779815,57.48290749399687,4,worked,1,0.080016999999998,it,out,W,K,W,K,internal
665.4062325339269,1853.9569691746844,3333.5904097687417,4.359695871530311,4.266778809194955,4.846298499246942,5871.794871794871,0.016596176401641002,289.06145716553283,0.04100000000000001,0.3306451612903227,1-0-522-3,*hr,UT_009,009,2,fave,NaN,55.93038694397432,4,teacher,0,0.09997600000002649,the,next,CH,#,CH,N,final
692.8378343594961,1581.3139398792246,1786.1879502571908,3.59338690154636,4.004762967026362,3.725411909166107,4974.358974358975,0.000020374597513030765,314.62315316553287,0.027000000000000003,0.32142857142857145,1-0-574-3,*hr,UT_009,009,2,fave,173.0620920741735,57.09534722179223,4,powder,0,0.05999700000000985,love,mountain,D,#,D,M,final
554.2644874218835,1634.8680190627656,1945.8573975196343,3.3637150953101806,3.9142262562523245,3.833640143834624,5333.333333333333,0.00019837747799781764,319.5551351655329,0.051000000000000004,0.3311688311688312,1-0-590-8,*hr,UT_009,009,2,fave,183.06768436448257,58.221248536579246,4,instructor,0,0.13000500000003967,ski,so,T,#,T,S,final
507.69783164776624,1301.674146441336,1894.2112200399733,3.166174030296402,3.6301591830387614,3.8465999576280683,5512.820512820513,0.00023188973942029538,320.0251518344671,0.031,0.32978723404255317,1-0-593-1,*hr,UT_009,009,2,fave,163.236083106197,60.40031134771202,4,were,0,0.07000800000002982,we,up,W,#,W,ʌ,final
474.61573967566335,1390.4535120577425,1896.1306591745515,2.9281896161487926,3.6392950999621934,3.9854130095392355,6230.7692307692305,0.000012943964150519823,347.2528578344671,0.027000000000000003,0.32142857142857145,1-0-641-3,*hr,UT_009,009,2,fave,163.30899783251428,65.2062209361009,4,literally,0,0.05999800000000732,probably,ski,T,@,T,@,internal
561.1966876141585,1571.4175103194998,1969.759349663635,3.190447788714308,3.9330833988280403,4.169435968981419,5512.820512820513,0.0004917848987447617,348.1918508344672,0.045,0.3358208955223881,1-0-643-3,*hr,UT_009,009,2,fave,83.8226091713107,61.915938058937904,4,better,0,0.11001599999997325,ski,than,T,#,T,DH,final
508.9972311564626,1713.2061048137246,2231.9980902396155,2.9915599715071997,3.8741321534236284,4.000158910943781,5333.333333333333,0.00006239398096822069,359.5228411655329,0.027000000000000003,0.32142857142857145,1-0-660-2,*hr,UT_009,009,2,fave,162.7504000029095,59.751579654567955,4,other,0,0.05999800000000732,every,year,DH,#,DH,Y,final
502.5232914467524,1721.2526661113777,2020.3759468682583,3.0151329437339,3.734751337988462,4.005510582409059,5333.333333333333,0.000049315078732201624,389.84224383446707,0.027000000000000003,0.32142857142857145,1-0-683-8,*hr,UT_009,009,2,fave,83.29458063280181,57.892803482914,4,instructor,0,0.05999800000000732,ski,and,T,#,T,@,final
444.7902212101677,1337.338435176031,1673.9668548333843,3.3089472681411176,3.7108205053694645,3.7495305490666198,5512.820512820513,0.00012256137395257676,392.60424816553285,0.031,0.32978723404255317,1-0-693-3,*hr,UT_009,009,2,fave,169.69204044748042,57.287141529349576,4,super,0,0.0700069999999755,a,young,P,#,P,Y,final
505.2395728265769,1579.908975372839,1588.56911111268,3.501297893370264,4.121713242975926,4.432017881180052,6230.7692307692305,0.008574239859628761,395.90125716553285,0.045,0.3358208955223881,1-0-705-8,*hr,UT_009,009,2,fave,88.82367329482409,57.72719641126899,4,instructor,0,0.10998499999999467,ski,from,T,#,T,F,final
498.9320398392857,1301.3496309205939,1420.2462547310965,3.507057768084556,3.8925684420360676,3.872535040206188,4974.358974358975,0.0028955125084834574,400.23524183446716,0.055,0.3353658536585366,1-0-722-1,*hr,UT_009,009,2,fave,88.16126264629828,56.41185042915086,4,for,0,0.14001500000000533,skiing,over,F,#,F,ow,final
506.564749977213,1212.12398645167,1586.1243285864462,3.3634270618101856,3.868903312864274,3.694959329406633,4794.871794871795,0.00016505379582572042,400.46525716553293,0.035,0.33653846153846156,1-0-723-2,*hr,UT_009,009,2,fave,173.46476469063148,59.20763050260213,4,over,0,0.07998599999996259,for,20,V,#,V,spn,final
474.1310973656087,1536.2771249062673,1954.0380438801121,3.060498951814376,4.031541356734212,4.247819305151821,5333.333333333333,0.0027031856832045228,424.8632468344671,0.051000000000000004,0.3311688311688312,1-0-771-0,*hr,UT_009,009,2,fave,85.46593045906577,58.248371688786904,4,are,0,0.13000499999998283,poles,there,#,#,Z,DH,coextensive
462.2852359703061,861.7375224205022,1780.8140128149905,3.7368563671854016,3.940188133067818,4.373693031362037,4974.358974358975,0.007933028664561689,430.40436016553286,0.065,0.3350515463917526,1-0-790-1,*hr,UT_009,009,2,fave,167.92820719427291,56.543032225094365,4,correctly,0,0.16998199999994767,them,"",K,e,K,e,internal
540.3993965468463,1271.0819145839846,1556.2710883477002,3.0360233553159777,3.6469055834443966,3.5061025400676336,5692.3076923076915,0.00003804236029031936,435.62735583446715,0.031,0.32978723404255317,1-0-806-2,*hr,UT_009,009,2,fave,175.72692691810514,60.690683239520176,4,for,0,0.0700069999999755,ready,a,R,#,R,@,final
657.2799190825873,1378.055412762907,4304.78359740533,4.131268421253773,3.072798863904715,5.259151611788796,8923.076923076922,0.010567595042839245,435.9703471655329,0.097,0.3299319727891156,1-0-808-1,*hr,UT_009,009,2,fave,199.9540024072185,57.85323921919168,4,turn,1,0.2699890000000096,a,"",T,N,T,N,internal
558.2014044458455,1468.3705519884636,1789.2828358075014,3.7022411725825646,4.344292502714248,3.577214778230384,6230.7692307692305,0.00865653775328367,437.41734483446714,0.07100000000000001,0.33177570093457953,1-0-813-1,*hr,UT_009,009,2,fave,246.6170286454781,62.099404320785496,4,turn,1,0.19000199999999268,the,"",T,N,T,N,internal
524.7882797279984,1454.46451922649,1664.613465165066,3.8077984565691736,3.6547079630190322,4.181457237825529,4615.384615384615,0.009389877116420768,440.4093491655329,0.035,0.33653846153846156,1-0-823-1,*hr,UT_009,009,2,fave,NaN,48.19115506191333,4,turn,1,0.07998600000001943,you,"",T,N,T,N,internal
518.91574358091,1606.7909107475075,2025.0691657124949,3.164797764840054,3.7216318203880006,3.9090342306114123,5333.333333333333,0.0003897662986431581,445.87734583446706,0.051000000000000004,0.3311688311688312,1-0-837-4,*hr,UT_009,009,2,fave,179.81538734805554,59.4348063163459,4,shoulders,0,0.13000500000003967,your,so,D,Z,D,Z,internal
681.287864100947,1371.4359850848862,1688.2898747267348,3.5942819808964304,3.7695283372611947,3.6204163249395256,5871.794871794871,0.0019418140058456437,449.3423468344671,0.04100000000000001,0.3306451612903227,1-0-849-1,*hr,UT_009,009,2,fave,89.0674351097384,54.11112627099051,4,turn,1,0.10000600000000759,next,"",T,N,T,N,internal
510.17009476859454,1325.0411931659678,1548.7584559500197,3.1213920009927354,3.8395089484158555,3.6577099767844525,5153.846153846154,0.00031578099329057624,450.1923528344671,0.040999999999999995,0.33064516129032256,1-0-851-1,*hr,UT_009,009,2,fave,170.0896083884684,61.51465399670321,4,versus,1,0.10000600000000759,"",when,V,S,V,S,internal
601.4540039963126,1184.436581786339,1808.132215297732,3.9331929844960776,4.2164616921900615,3.6445860720874523,4615.384615384615,0.0024375322616094607,456.6598518344671,0.04100000000000001,0.3306451612903227,1-0-876-1,*hr,UT_009,009,2,fave,191.7449081556514,58.514741695262124,4,learn,1,0.10000600000000759,to,how,L,N,L,N,internal
515.4366869125648,1601.0531398767566,2073.5430527907874,2.9883476718510846,3.748495289913804,3.8592605636196007,6051.282051282051,0.000028418179646770158,461.5128621655329,0.027000000000000003,0.32142857142857145,1-0-891-4,*hr,UT_009,009,2,fave,86.57494682013579,53.724103935798375,4,mastered,0,0.05999800000000732,you've,that,T,D,T,D,internal
599.3378201612148,1939.137446992114,2340.7912712543416,3.358933361828623,3.8654848632436254,3.7481669668958237,5692.3076923076915,0.0001381678382045504,480.04285683446716,0.047,0.3263888888888889,1-0-920-3,*hr,UT_009,009,2,fave,206.56207129353737,65.40728174390551,4,prior,0,0.11999499999996033,"",to,ay,#,ay,T,final
649.1928446328204,1582.9553805108983,1918.8379507498757,3.5174060413576096,3.6630004204138547,3.604245384678889,5512.820512820513,0.0006162682047725971,481.27985649659865,0.061000000000000006,0.33152173913043487,1-0-926-5,*hr,UT_009,009,2,fave,141.20709151613073,59.52788343543203,4,manager,0,0.1599729999999795,a,"",JH,#,JH,"",final
480.46048430866114,1699.9468324962272,2022.4008767642595,3.0348248962334754,3.8220999726102094,3.794229618660441,5512.820512820513,7.498333867660175e-6,483.1295668344671,0.027000000000000003,0.32142857142857145,1-0-932-5,*hr,UT_009,009,2,fave,156.52520306201362,64.59434057003679,4,manager,0,0.05999800000000732,a,you,JH,#,JH,Y,final
483.32589357232337,1645.7820293894379,1852.6312514628162,3.150848137667863,4.016696385367963,3.744772580304089,5692.3076923076915,0.00011281504949632346,486.57153883446716,0.031,0.32978723404255317,1-0-949-8,*hr,UT_009,009,2,fave,169.17503364112034,60.9411737772148,4,instructor,0,0.0700069999999755,ski,you,T,#,T,Y,final
485.15455496343407,1356.1657062503284,1717.7391746181909,2.94917973500531,3.8477626426143625,3.612120107455102,6051.282051282051,0.0006040828287305993,491.40855016553286,0.045,0.3358208955223881,1-0-967-1,*hr,UT_009,009,2,fave,82.09850089026799,60.298184088056345,4,director,0,0.10998599999999215,new,and,D,e,D,e,internal
523.2945690066827,1650.5330869076226,1914.47673082293,3.098619434441371,3.637142397099478,3.5528457489225485,5512.820512820513,0.00008272056451804472,491.7485414965986,0.045,0.3358208955223881,1-0-967-5,*hr,UT_009,009,2,fave,170.1588433122023,63.15847945303433,4,director,0,0.10998499999999467,new,and,T,#,T,@,final
587.9789763083515,1577.1945228422242,1857.0359154573723,3.1862464406607693,3.8848805385677427,3.615887668854246,5333.333333333333,0.0003664094719421648,494.16456016553286,0.037,0.32456140350877194,1-0-978-3,*hr,UT_009,009,2,fave,160.08075652988336,57.66970901893603,4,daughter,0,0.08999600000004193,my,<unk>,T,#,T,spn,final
517.3712131128027,1592.5211153311684,1899.8404125435204,3.0773663153598823,3.9978060588566207,3.8883776250573905,6051.282051282051,0.00004330807420085729,503.39154583446714,0.031,0.32978723404255317,1-0-1008-8,*hr,UT_009,009,2,fave,163.23424903609788,58.22025930425794,4,administered,0,0.07000800000002982,they,lessons,T,D,T,D,internal
488.8520747608758,1289.6775943913876,1632.7286274615965,3.247862162456755,3.935605953016005,4.207414365630548,5692.3076923076915,0.0003099599202972443,524.0339501655329,0.027000000000000003,0.32142857142857145,1-0-1086-1,*hr,UT_009,009,2,fave,8845.484606924449,57.539855173829636,4,for,0,0.059996999999953005,fun,me,F,#,F,M,final
449.264627758288,1256.9247993399072,1510.71345142305,3.100981029428557,3.460315988298442,3.897833757554952,5871.794871794871,0.0003081464246363783,537.6783515034014,0.04100000000000001,0.3306451612903227,1-0-1099-1,*hr,UT_009,009,2,fave,152.5230407227071,58.646783599491464,4,correctly,0,0.10003599999993185,dress,"",K,e,K,e,internal
445.8666073718463,1394.0568961966928,1764.5769170925428,3.6075156076810355,4.26524842625016,3.646405810009571,5153.846153846154,0.02852154338374016,544.2563338344671,0.097,0.3299319727891156,1-0-1123-4,*hr,UT_009,009,2,fave,233.96764967745216,56.93160245661617,4,colder,0,0.2700190000000475,you,"",D,#,D,"",final
516.3065297703648,1542.9699168880654,1973.434699268945,3.2165814643930393,4.328450604373847,3.757051455761654,5333.333333333333,0.0008763464662290281,546.1483664965987,0.040999999999999995,0.33064516129032256,1-0-1130-1,*hr,UT_009,009,2,fave,164.83705186879376,57.637609631117314,4,circulation,1,0.09997500000008586,the,"",S,K,S,K,internal
496.7526187477023,1521.4790381443022,1936.7717567267955,2.864227682183041,3.615208107673922,3.6780419829140585,5512.820512820513,0.000055420759749900383,556.9563634965987,0.037,0.32456140350877194,1-0-1166-3,*hr,UT_009,009,2,fave,162.07085410460672,63.66413000993414,4,literally,0,0.08996600000000399,will,get,T,@,T,@,internal
496.0151155475404,1223.132144789833,1650.1491214814519,3.429519324647318,3.898066264487971,3.5456627161521626,6230.7692307692305,0.000046437857817168694,563.3591368344671,0.031,0.32978723404255317,1-0-1182-4,*hr,UT_009,009,2,fave,165.0924813826502,60.89362646091655,4,whoever,0,0.07000700000003235,check,i'm,V,#,V,ay,final
507.6149479929719,1655.9599203609755,2504.6885633952966,3.0290598856288264,3.601048174508647,4.1009424463598245,5153.846153846154,0.00017335043059955987,571.2291318344671,0.031,0.32978723404255317,1-0-1217-0,*hr,UT_009,009,2,fave,167.78451601206748,61.90241418376289,4,are,0,0.07000699999991866,boots,done,#,#,S,D,coextensive
486.42157434143644,959.7201965334148,2002.3592691035694,3.7633071866674928,4.340293964613623,4.44539268487643,4974.358974358975,0.03375045682573562,571.7021538344671,0.057,0.3275862068965517,1-0-1219-1,*hr,UT_009,009,2,fave,165.27942070308566,53.45952210252106,4,correctly,0,0.15002400000003036,done,"",K,e,K,e,internal
500.80743308052035,1567.454773786471,2147.6972188272257,3.261572186759991,3.5941937039826146,3.945691628701339,5692.3076923076915,0.000039700146467524,574.7041581655329,0.040999999999999995,0.33064516129032256,1-0-1230-0,*hr,UT_009,009,2,fave,157.99775915626566,65.09268773728698,4,are,0,0.09997499999997217,skis,the,#,#,Z,DH,coextensive
487.9159296553382,1551.9726165455652,1726.9612065096564,3.3074164895949747,3.726551239188569,4.043231510248833,6230.7692307692305,0.00002792906722841652,576.4161451723356,0.025,0.33783783783783783,1-0-1237-1,*hr,UT_009,009,2,fave,88.11896019949869,57.961078744238804,4,correctly,0,0.050049000000058186,fit,"",K,e,K,e,internal
508.7264020984927,1263.145465033884,1859.387907387401,3.1570066664107954,3.6623468695534918,3.600924972331408,5333.333333333333,0.00023997012063102947,581.7291658276644,0.051000000000000004,0.3311688311688312,1-0-1252-0,*hr,UT_009,009,2,fave,161.75800120844244,60.71112226073565,4,around,0,0.12994400000002315,scooting,with,#,aw,NG,aw,initial
524.0096636862921,1696.2462635417426,1929.386432712635,3.260620924986243,3.5382220177621257,3.519285636891307,5692.3076923076915,0.001458764930425477,585.0391451655328,0.11100000000000002,0.3323353293413174,1-0-1261-2,*hr,UT_009,009,2,fave,161.73415606021655,64.4340365247928,4,other,0,0.30999800000006417,the,"",DH,#,DH,"",final
572.7003857714537,1286.0455782689146,1954.6628779643809,3.4465346805590342,3.733006074289478,3.796581805951249,5333.333333333333,0.006071101863351699,585.7891638276643,0.051000000000000004,0.3311688311688312,1-0-1263-1,*hr,UT_009,009,2,fave,165.376926434271,62.845681716081906,4,learning,1,0.12994400000002315,"","",L,N,L,N,internal
492.1391122086893,1567.3757504211708,1817.896596373306,3.2561335291200963,4.123876920260408,3.8864429788801944,4794.871794871795,0.005590284554802582,589.6391558344671,0.051000000000000004,0.3311688311688312,1-0-1279-4,*hr,UT_009,009,2,fave,159.20548487931103,55.82545822690715,4,backwards,0,0.13000500000009652,v,"",W,D,W,D,internal
522.6469832660166,1512.503574922839,4052.7559324357067,4.04276019184869,4.1379783820301235,5.09674961680421,9102.564102564102,0.004226617122344016,595.7156634965986,0.065,0.33505154639175255,1-0-1304-1,*hr,UT_009,009,2,fave,195.1464769493914,60.1250918127097,4,further,1,0.169983000000002,little,and,F,DH,F,DH,internal
663.3440048191687,1706.060995912675,2342.1186127488,3.871583036335377,3.609937621888363,4.368566433041028,5333.333333333333,0.0001572543200093523,595.9256401655329,0.045,0.3358208955223881,1-0-1304-3,*hr,UT_009,009,2,fave,188.99799829089588,59.042731826024955,4,further,0,0.10998500000005151,little,and,DH,#,DH,@,final
547.5223112138843,1573.8000344151253,3519.2564978101527,3.6712548004583017,3.947239085813455,5.083967503859333,7846.153846153846,0.018062488108847054,596.2286338344672,0.051000000000000004,0.3311688311688312,1-0-1306-1,*hr,UT_009,009,2,fave,169.66997424433728,58.60764249031693,4,further,1,0.13000499999998283,and,and,F,DH,F,DH,internal
516.0818895182964,1793.7792767145324,2483.8127767104165,3.5241323745344313,3.6077017797266264,5.031381482833469,7307.692307692308,0.01152545232800338,596.4156415034013,0.045,0.3358208955223881,1-0-1306-3,*hr,UT_009,009,2,fave,180.60862144967373,57.25303350708976,4,further,0,0.11004700000000867,and,and,DH,#,DH,@,final
539.4933179063574,1439.5081023403893,1762.8865113567767,3.1616054536179576,3.6099154105142888,3.805473503467603,5871.794871794871,0.0005514592962571612,596.740643834467,0.055,0.3353658536585366,1-0-1308-1,*hr,UT_009,009,2,fave,180.23971836603528,61.8567580295713,4,further,1,0.140013999999951,and,as,F,DH,F,DH,internal
507.6696607208304,1572.174415892728,1869.625035695931,2.9490165561296218,3.5785549485990136,3.4397019971118628,5692.3076923076915,0.0003217159827586463,596.9456501655329,0.065,0.33505154639175255,1-0-1308-3,*hr,UT_009,009,2,fave,173.34059085796068,63.03458038295874,4,further,0,0.169983000000002,and,as,DH,#,DH,ae,final
577.8122168158797,1093.8551363726845,1367.5105310676267,3.6225108850889454,4.174472170620692,4.010765240202828,5333.333333333333,0.0052167542431191954,598.8236465034014,0.101,0.3322368421052631,1-0-1314-1,*hr,UT_009,009,2,fave,172.57104341035077,57.01423442818805,4,turn,1,0.2800290000000132,to,and,T,N,T,N,internal
508.4615560022089,1512.6743047095706,1963.0289660158367,3.0464248956132494,3.826872754052164,3.6248491522557114,5333.333333333333,0.00005682651633448149,603.4836495034014,0.04100000000000001,0.3306451612903227,1-0-1328-1,*hr,UT_009,009,2,fave,171.06633445454366,62.05752971461061,4,certain,1,0.10003599999993185,a,height,S,T,S,T,internal
592.4929718183616,1652.7741408557954,2415.3166625920485,3.4428577249257257,3.6627627382455143,3.9825544228359475,5692.3076923076915,0.0003217865286594518,605.4416544965986,0.037000000000000005,0.324561403508772,1-0-1335-4,*hr,UT_009,009,2,fave,137.37532048441003,59.46501662548182,4,another,0,0.08996500000000651,to,height,DH,#,DH,HH,final
549.4982195235,1377.6044742718047,1835.3660318547995,3.473518045962131,3.9140884252044326,3.6374264231655022,5153.846153846154,0.0007107561912717163,637.8942325034013,0.040999999999999995,0.33064516129032256,1-0-1401-3,*hr,UT_009,009,2,fave,78.95239461227092,52.77547658488767,4,super,0,0.10003700000004301,is,hard,P,#,P,HH,final
621.1600490248268,1666.0068906157853,2092.4060578068998,3.5253262211584837,3.5884489082122832,3.735673994850112,5692.3076923076915,0.000040430488509332606,644.418936834467,0.035,0.3365384615384616,1-0-1432-3,*hr,UT_009,009,2,fave,153.74676104731958,62.42533418998219,4,matter,0,0.0800170000001117,a,of,T,#,T,@,final
468.5541951235659,1263.9463973012407,1531.3129730202052,3.1595699205616774,3.61587332704262,3.525969500293117,5153.846153846154,0.000551972428195884,646.4719361723356,0.040999999999999995,0.33064516129032256,1-0-1439-1,*hr,UT_009,009,2,fave,164.63848183874833,58.05227093208514,4,working,1,0.10003599999993185,"",into,W,K,W,K,internal
499.15616058302703,1353.2324485145434,1731.2226469878713,3.4150629400806487,3.663661572010255,3.4947341053898877,5692.3076923076915,0.00022919798385284158,647.503948165533,0.045,0.3358208955223881,1-0-1441-5,*hr,UT_009,009,2,fave,154.3889148427117,59.870442545291105,4,whatever,0,0.1099859999999353,into,it,V,#,V,i,final
767.7729014820936,1537.9091131909606,2106.4783353702915,3.6364623252658412,3.8437321600721397,3.828082948198908,5153.846153846154,0.001107950088357582,648.2789638344672,0.075,0.33482142857142855,1-0-1446-1,*hr,UT_009,009,2,fave,161.47027694456222,58.29402191553977,4,learn,1,0.20001200000001518,wanna,"",L,N,L,N,internal
502.45735998810403,1498.9857863128088,2089.2647176902015,3.077301847056206,3.8057118303203015,4.359855475071841,5512.820512820513,0.002191465589942443,670.2618558344672,0.037,0.32456140350877194,1-0-1457-0,*hr,UT_009,009,2,fave,163.68895934061243,58.70900035040068,4,are,0,0.09002699999996366,people,facing,#,#,L,F,coextensive
487.7872334975981,1576.365669000139,1824.321834694797,3.2947829752760067,4.273950489676245,3.8504929234646754,5512.820512820513,0.001969696547751235,677.2002371655329,0.045,0.3358208955223881,1-0-1476-4,*hr,UT_009,009,2,fave,87.82948116384506,55.674060831515824,4,dangerous,0,0.1099859999999353,and,"",JH,@,JH,@,internal
497.31846275294924,1626.0848090341715,2062.674541646439,2.979695524476704,3.853928360827956,4.518826921401096,6051.282051282051,0.0002595974870524014,680.2712541655329,0.027000000000000003,0.32142857142857145,1-0-1484-2,*hr,UT_009,009,2,fave,163.7222806040039,60.39445232347688,4,over,0,0.05999799999995048,snow,the,V,#,V,DH,final
515.801609410997,1329.6970781935315,1720.4437081167407,3.163784821114354,3.533100766509974,3.481066700756727,5512.820512820513,3.846489348606223e-6,698.1102371723357,0.025,0.33783783783783783,1-0-1527-2,*hr,UT_009,009,2,fave,171.02214378318973,62.94611136432735,4,for,0,0.0500489999999445,[bracketed],me,R,#,R,M,final
529.8775094290495,1557.2608567595896,1907.4965545065572,3.303679200324975,3.6607537969048938,3.5955928651728484,5512.820512820513,0.000021344645602093583,701.5561438344671,0.035,0.33653846153846156,1-0-1538-3,*hr,UT_009,009,2,fave,160.17914235888054,62.63812037286864,4,better,0,0.080016999999998,a,skier,T,#,T,spn,final
495.29324612742755,1734.8619354450661,1950.9668991179137,3.2998795029007857,3.741230031651268,4.7576108122899505,6410.25641025641,0.0008062621855008567,717.4871425034014,0.037000000000000005,0.324561403508772,1-0-1592-4,*hr,UT_009,009,2,fave,174.20665823383106,64.20913618163804,4,harder,0,0.09002699999996366,it's,to,D,#,D,T,final
588.3193409004392,1368.6596088769923,1754.2816662437438,3.176043505993249,3.674254498449282,3.7829481791169233,5153.846153846154,0.0003842973959823209,720.6291451655329,0.04100000000000001,0.3306451612903227,1-0-1605-1,*hr,UT_009,009,2,fave,84.2589405703975,62.147456729503126,4,further,1,0.09997600000008333,edges,away,F,DH,F,DH,internal
541.0773315531803,1518.1776993002231,1917.8913835303752,3.2956855429100687,4.168695883260056,3.7772773508869233,5153.846153846154,0.0009426758432080862,720.7991395034013,0.040999999999999995,0.33064516129032256,1-0-1605-3,*hr,UT_009,009,2,fave,80.7638609019101,62.45723767258434,4,further,0,0.10003700000004301,edges,away,DH,#,DH,@,final
473.79410607634793,1324.352926974384,1659.6592063945607,3.3547929903354405,3.782660138180976,3.585271465055933,5333.333333333333,0.0003579121864402885,727.4257768344672,0.051000000000000004,0.3311688311688312,1-0-1627-6,*hr,UT_009,009,2,fave,199.13955103030352,61.93958074193522,4,absorbers,0,0.13000499999998283,shock,and,B,Z,B,Z,internal
517.2217947152076,1296.7300776197571,1749.9658343151254,3.048078124809052,3.4967779307990967,3.574400433808823,5692.3076923076915,0.00021876836476415417,727.840754165533,0.040999999999999995,0.33064516129032256,1-0-1629-1,*hr,UT_009,009,2,fave,174.50157489605235,62.941199420440036,4,work,1,0.09997599999996964,and,through,W,K,W,K,internal
532.2186124597101,1524.4929341377506,1840.886469607608,3.201788818049308,3.9064878376671284,3.5734358949363285,5512.820512820513,0.005885781256610343,728.6297684965987,0.07899999999999999,0.3376068376068376,1-0-1631-5,*hr,UT_009,009,2,fave,175.80181364539305,60.414822506562125,4,whatever,0,0.20996100000002116,through,"",V,#,V,"",final
463.5203316992714,1323.460923718589,1671.1862698550683,3.1330641799125565,3.569592992721004,3.5892386492177613,4974.358974358975,0.0001748057120458949,748.2377295034013,0.035,0.3365384615384616,1-0-1681-3,*hr,UT_009,009,2,fave,162.01862919414776,63.311856299868445,4,super,0,0.080016999999998,it's,stressful,P,#,P,S,final
621.7077669207533,1198.8400158760235,1822.3406659379953,3.501951896085997,3.4136615456734902,3.8054368597253427,5512.820512820513,0.00023694655788615384,800.5317438344671,0.031,0.32978723404255317,1-0-1723-1,*hr,UT_009,009,2,fave,153.48314313503894,59.57784529865135,4,work,1,0.07000800000002982,wanna,on,W,K,W,K,internal
624.9440869739733,1610.3170596428351,2064.8905577355013,4.011826403334961,3.846670990102681,3.8673554293517647,4794.871794871795,0.00394896444640336,806.6547355034014,0.057,0.32758620689655177,1-0-1737-0,*hr,UT_009,009,2,fave,132.03605538445765,49.05849548297845,4,or,0,0.15002399999991667,timed,"",#,#,D,"",coextensive
459.5178380229951,1704.6916047695609,2132.906926393427,2.470335987508813,4.037393013561126,4.016461543489518,6589.74358974359,0.00019230764366161464,809.0597738344671,0.027000000000000003,0.32142857142857145,1-0-1742-3,*hr,UT_009,009,2,fave,233.5914856241463,62.72996351282149,4,teacher,0,0.059996999999953005,my,drew,CH,#,CH,D,final
640.5644388552989,1586.4611920742927,1925.2088091891758,3.505971401495971,3.4996006198950003,3.354019833354913,5512.820512820513,0.00006267317870967423,809.6787474965987,0.045,0.3358208955223881,1-0-1745-3,*hr,UT_009,009,2,fave,166.29964048325058,59.83747511220607,4,ladder,0,0.10998499999993783,a,in,D,#,D,i,final
614.3961993700289,1563.6658978557366,2108.1026788435342,3.537432685858508,3.738612614034047,3.8818755240841387,5153.846153846154,0.0018710951086794107,825.2126351723356,0.065,0.3350515463917526,1-0-1803-4,*hr,UT_009,009,2,fave,121.47724375890333,53.87194346999148,4,holder,0,0.17004399999996167,cup,"",D,#,D,"",final
503.64299776268774,1428.111809346333,1955.0130816749047,3.175257323558168,3.7358431762456634,4.146133733271805,5512.820512820513,0.00010587563435556577,827.4456238344671,0.031,0.32978723404255317,1-0-1811-2,*hr,UT_009,009,2,fave,168.49266217396539,58.76873583874046,4,over,0,0.07000699999991866,"",the,V,#,V,DH,final
714.9149256824307,1138.3540929016058,1387.8099869254174,4.063392338121893,3.8570560888221226,3.9182430471306136,4794.871794871795,0.0002251525104296007,828.5056648276644,0.031,0.32978723404255317,1-0-1816-1,*hr,UT_009,009,2,fave,207.2646456275559,60.41885081553578,4,hermit,1,0.06994600000007267,the,crab,HH,M,HH,M,internal
717.6216543118992,1497.667272258214,1946.971869530956,3.7267472031497766,3.728887542195967,3.7247642072217504,5333.333333333333,0.000018501554915351508,833.7076385034013,0.035,0.33653846153846156,1-0-1834-3,*hr,UT_009,009,2,fave,206.61729183811056,60.81898609262893,4,monterey,0,0.080016999999998,"",bay,N,eyF,N,eyF,internal
585.0957668790261,1307.6293508335848,1639.619245448278,3.6267338958066855,3.8822304132294336,3.702986933937333,5153.846153846154,0.00030275711341771995,835.3756654965987,0.031,0.32978723404255317,1-0-1842-2,*hr,UT_009,009,2,fave,83.62502827845466,52.35130319847101,4,spring,0,0.06994700000007015,the,"",P,i,P,i,internal
530.6892111121609,1420.871345739601,1742.9863793217044,3.0986494307565335,4.031903559634662,3.6056401076605495,5692.3076923076915,0.00016105621821997066,836.4786585034013,0.037000000000000005,0.324561403508772,1-0-1846-0,*hr,UT_009,009,2,fave,146.52807324961347,58.30689231068897,4,are,0,0.09002700000007735,french,eating,#,#,CH,iy,coextensive
593.5769398531943,1445.362618287683,1798.301290575311,3.234709862243472,3.891195683187372,3.564904832622362,4974.358974358975,0.00007276528211487898,845.2621518344671,0.031,0.32978723404255317,1-0-1878-1,*hr,UT_009,009,2,fave,179.8037893976155,62.76721026002742,4,heard,1,0.07000700000003235,children,about,HH,D,HH,D,internal
454.4475765577122,1760.108206687572,2228.21046159374,3.5556586970537802,3.728306596077904,3.559907803740333,5333.333333333333,0.00006301514312591702,849.8141455034013,0.035,0.33653846153846156,1-0-1896-7,*hr,UT_009,009,2,fave,185.9639104923897,57.29496841653919,4,carpenter,0,0.080016999999998,the,used,T,#,T,Y,final
571.1511203771438,1703.263137720033,2327.4512145754807,3.2004792702947844,3.666996060913965,3.670867470005344,5871.794871794871,0.00002988234248377903,850.8401631655329,0.027000000000000003,0.32142857142857145,1-0-1900-1,*hr,UT_009,009,2,fave,176.36501400530747,57.297480638339394,4,for,0,0.05999799999995048,elm,the,F,#,F,DH,final
759.0964841188004,1532.3154465261898,2421.4491064788776,3.6874333929763328,3.7084321660835715,4.226294323921592,5512.820512820513,0.0001616144932131097,852.3491631655329,0.045,0.3358208955223881,1-0-1906-1,*hr,UT_009,009,2,fave,186.77447638069464,59.63835958189235,4,learned,1,0.10998500000005151,man,about,L,N,L,N,internal
596.9553093239551,1591.2606620639228,2437.412647155185,3.632688929921068,3.5566690285187503,3.7120508457417616,5692.3076923076915,0.00014808431057799148,854.4771624965987,0.04100000000000001,0.3306451612903227,1-0-1914-4,*hr,UT_009,009,2,fave,195.5117232189065,60.97108012857323,4,brother,0,0.09997499999997217,my,collects,DH,#,DH,K,final
545.5448522962124,1669.797217043701,2001.2717922260128,3.2541689477406774,3.8388284741104863,3.638736988578721,5512.820512820513,0.00019352818837485987,858.0991631655329,0.045,0.3358208955223881,1-0-1926-3,*hr,UT_009,009,2,fave,167.85569667316,60.29379151008593,4,writer,0,0.10998500000005151,the,tonight,T,#,T,T,final
541.5111774744994,1331.5727085388492,1694.6258293578849,3.6977960154083718,4.40295825215066,3.7331538528952573,5333.333333333333,0.0027689265927797134,860.7271624965987,0.040999999999999995,0.33064516129032256,1-0-1932-3,*hr,UT_009,009,2,fave,191.39160091063366,59.73620687937186,4,water,0,0.09997499999997217,used,for,T,#,T,F,final
582.0231893263505,1693.5303366216956,2361.9108168946022,3.3691869547735784,3.4612108997494913,3.7981073251598314,5692.3076923076915,0.00002333265684616388,867.7266388344672,0.037000000000000005,0.324561403508772,1-0-1945-4,*hr,UT_009,009,2,fave,238.48221876241914,66.7278427972237,4,brother,0,0.09002699999996366,my,collects,DH,#,DH,K,final
558.6201994422172,1629.9976054262722,1964.4219863664425,3.2455129245298777,3.734560990746874,3.672377884916363,5333.333333333333,0.00025727881615048676,870.7906471723355,0.045,0.3358208955223881,1-0-1957-3,*hr,UT_009,009,2,fave,143.18671254436867,57.14635693646167,4,writer,0,0.11004700000000867,the,tonight,T,#,T,T,final
532.0882615675606,1530.3857442123285,2434.120566827062,3.938966785550781,4.039108947904473,3.857475975887854,5512.820512820513,0.0007341975459480232,874.1756508344671,0.035,0.33653846153846156,1-0-1970-3,*hr,UT_009,009,2,fave,207.12055718529416,57.12443980071151,4,sailor,0,0.080016999999998,the,stood,L,#,L,S,final
528.817661866492,1603.6834397149191,1711.3520615380316,3.190131319023209,3.967559269476043,3.7473683998276632,5153.846153846154,0.00012572361809068234,877.1416828344671,0.027000000000000003,0.32142857142857145,1-0-1983-4,*hr,UT_009,009,2,fave,168.981219938113,56.23258358742765,4,picture,0,0.059996999999953005,a,of,CH,#,CH,@,final
473.42259804941256,1581.7047814478312,1943.1262266440788,3.4316968140929927,3.8986048017428803,3.82397460792649,5512.820512820513,0.00035661582433549295,880.7286445034014,0.04100000000000001,0.3306451612903227,1-0-1999-4,*hr,UT_009,009,2,fave,198.785578900318,59.244692363117196,4,hunters,0,0.10003599999993185,the,were,T,Z,T,Z,internal
512.77522237464,1203.9900485746234,1605.2369275985511,3.3121931170605423,3.857655709553084,3.6733940170618107,5512.820512820513,0.0005287882440044476,880.9756388344671,0.035,0.33653846153846156,1-0-2000-1,*hr,UT_009,009,2,fave,135.99887399368558,56.355387126167706,4,were,0,0.080016999999998,hunters,hunting,W,#,W,HH,final
697.9041643549954,1588.5627324204472,1886.2984557235613,3.3595437819501965,3.9407263310484115,3.6232968041642475,5153.846153846154,0.000049327613520924586,886.0536558344671,0.031,0.32978723404255317,1-0-2017-3,*hr,UT_009,009,2,fave,185.32799450797054,58.99402608428182,4,returned,1,0.07000699999991866,william,to,T,N,T,N,internal
491.3384758100304,1759.6671067341972,1991.9832335210297,3.5702948572732467,4.060209991981803,4.504514748016131,6769.2307692307695,0.0007533509603671308,886.9006421723357,0.025,0.33783783783783783,1-0-2020-3,*hr,UT_009,009,2,fave,87.85961721376297,54.28427545365205,4,after,0,0.0500489999999445,britain,his,T,#,T,HH,final
531.293336696834,1259.4691919292018,1822.4768296818602,3.300863946854014,3.6155662625056824,3.6175446001334604,5333.333333333333,0.00020332344850501163,888.6756508344671,0.035,0.3365384615384616,1-0-2027-3,*hr,UT_009,009,2,fave,182.3385790789625,60.05562397282247,4,covered,0,0.080016999999998,was,with,V,D,V,D,internal
489.5404046455286,1414.0704126870505,1549.4917325928882,3.564583843994843,3.5993541847161463,3.8188864051837954,4974.358974358975,0.00013256421748763684,891.0756634965986,0.035,0.33653846153846156,1-0-2036-1,*hr,UT_009,009,2,fave,182.00735034570792,56.67978368860109,4,curtains,1,0.07995600000003833,need,to,K,T,K,T,internal
524.3949909476346,1498.352735273708,2098.612091931491,3.127147273203784,3.721530337084826,4.070057313212154,6769.2307692307695,0.000010949609983835316,894.6482598344671,0.031,0.32978723404255317,1-0-2047-1,*hr,UT_009,009,2,fave,169.17773234134725,59.85235998248875,4,for,0,0.07000799999991614,mittens,the,F,#,F,DH,final
498.2440374943899,1742.7405852369625,2087.7011555466934,3.5642216618982814,3.769363405069502,3.6527920627514816,5692.3076923076915,0.0005243235826614318,896.0832414965987,0.04100000000000001,0.3306451612903227,1-0-2052-3,*hr,UT_009,009,2,fave,189.492438021249,62.212414977834904,4,lawyer,0,0.09997599999996964,the,bought,Y,#,Y,B,final
598.7317440655723,1555.1058092364335,2154.2770828581893,3.388337723495029,3.8062483030161034,3.8038637419187813,6051.282051282051,0.00005575749809690967,897.2882748344671,0.031,0.32978723404255317,1-0-2057-1,*hr,UT_009,009,2,fave,175.78668258626098,59.176874251413906,4,for,0,0.07000700000003235,fountain,the,F,#,F,DH,final
729.5938746623702,1296.1161945932276,1568.1371287481495,3.591639955310627,3.8405049217683143,3.876382729532216,4794.871794871795,0.002308548220886796,897.5802328344671,0.075,0.33482142857142855,1-0-2059-1,*hr,UT_009,009,2,fave,82.98361568096058,54.0698200973742,4,firm,1,0.20001300000001265,the,"",F,M,F,M,internal
495.9418999528109,1456.7573254117533,1659.8135649837582,3.1564992234298455,3.9090244450721015,3.6278098748979053,4974.358974358975,0.00005218537936433822,899.4282288344671,0.031,0.32978723404255317,1-0-2066-1,*hr,UT_009,009,2,fave,172.19838265139572,57.0246682614003,4,for,0,0.07000700000003235,belt,decoration,F,#,F,D,final
466.6438181906178,1567.550794777155,1643.2429599405034,3.0550208616626238,3.488514823942927,3.9638047527273343,6230.7692307692305,0.000037196298612476544,899.7462358344671,0.027000000000000003,0.32142857142857145,1-0-2067-3,*hr,UT_009,009,2,fave,159.364904600002,53.145576288341324,4,decoration,0,0.059996999999953005,for,"",K,ey,K,ey,internal
525.1825745461452,2009.141031132143,2991.2100132236174,4.018899862216113,4.087135341523346,4.667748553597684,6948.717948717948,0.0006355347105417544,901.0702428344671,0.035,0.3365384615384616,1-0-2071-0,*hr,UT_009,009,2,fave,172.92630172924464,53.03617966155962,4,are,0,0.080016999999998,vikings,drinking,#,#,Z,D,coextensive
535.2871540908857,1435.7143964137126,1723.348419226268,3.632654657184207,3.6547112756758535,3.3442407630587248,5512.820512820513,0.000026740498970913983,906.3962598344672,0.027000000000000003,0.32142857142857145,1-0-2091-1,*hr,UT_009,009,2,fave,191.5924585566969,59.59630660087703,4,heard,1,0.05999799999995048,i,about,HH,D,HH,D,internal
496.1737951606104,1522.011798847734,1889.8263365155549,3.371496702594067,3.793186682962443,3.3116176377613233,5512.820512820513,0.00022234186032389034,912.2362711655329,0.047,0.3263888888888889,1-0-2114-2,*hr,UT_009,009,2,fave,198.31490809041614,60.44891690538446,4,utter,0,0.11999600000001465,"",in,T,#,T,i,final
556.3285818328206,1539.3157641857424,1853.1242551750863,3.446452702120005,3.7749084551682213,3.509839746228608,5512.820512820513,0.00009129353395436466,914.4882768344672,0.051000000000000004,0.3311688311688312,1-0-2123-3,*hr,UT_009,009,2,fave,186.71331584295137,61.903854951723154,4,butter,0,0.13000499999998283,the,under,T,#,T,ʌ,final
548.8781541913988,1655.3209429548513,2227.214457611573,3.417277115715645,3.650981111058441,4.341301977604687,5692.3076923076915,0.00010210469264276394,914.7612458344671,0.037000000000000005,0.324561403508772,1-0-2124-3,*hr,UT_009,009,2,fave,167.07449666306965,60.49235984675543,4,under,0,0.09002700000007735,butter,the,D,#,D,DH,final
688.7887549288633,1673.3784429424807,2817.280508910463,3.3965551150390403,3.6149160632611808,3.8942596874280335,6051.282051282051,0.007269815607847019,92.69335383446712,0.185,0.3339350180505415,1-0-57-1,oy,UT_009,009,2,fave,164.93118106993649,52.99401590304434,4,roy,1,0.5299990000000037,in,"",R,#,R,"",final
538.6014592562701,2055.552967166216,2841.3700770286855,3.081574871085317,3.95967806401274,3.9811568594758575,6410.25641025641,0.00001587302512816667,111.70335083446712,0.025,0.33783783783783783,1-0-101-3,iyF,UT_009,009,2,fave,168.45369732363605,49.56031024495175,4,only,0,0.050003000000003794,was,a,L,#,L,@,final
433.1044474274338,2456.644708227364,2864.000940342223,3.4460722027906456,3.843498984714004,4.283970702858613,6769.2307692307695,0.0030147681590732256,116.19914616553288,0.045,0.3358208955223881,1-0-121-3,iyF,UT_009,009,2,fave,88.43775186755174,48.40605438748672,4,maybe,0,0.1100009999999969,months,a,B,#,B,@,final
571.6494462906862,2135.6887843020954,2908.419860104782,4.07492777900528,4.189397597609831,4.112356499076519,5692.3076923076915,0.0031636458604950776,118.11014983446711,0.027000000000000003,0.32142857142857145,1-0-132-3,iyF,UT_009,009,2,fave,-80.8278742140266,42.81930453136618,4,only,0,0.060006000000001336,"",six,L,#,L,S,final
448.37498556068454,1616.4113068378222,2868.368393852662,3.336562835333195,3.5843152074812323,3.9124885429776373,6948.717948717948,4.514010414757142e-6,122.51014616553287,0.027000000000000003,0.32142857142857145,1-0-143-5,iyF,UT_009,009,2,fave,189.93884133775805,53.751472840485874,4,probably,0,0.05999700000000985,"",lived,L,#,L,L,final
460.3246126369968,2343.0001316504313,2500.2073016959507,3.3053883852041093,3.8080557001709527,4.544244039315177,6410.25641025641,0.0013038121476266389,145.3694558344671,0.047,0.3263888888888889,1-0-183-2,iyF,UT_009,009,2,fave,160.60927925529546,48.63789120487966,4,three,1,0.11999500000001717,"",times,R,#,R,T,final
499.4937285542966,2119.86009011193,2575.443826851644,3.230361863911042,3.891841323048259,4.300527904442803,6230.7692307692305,2.1191386573681782e-6,167.4584411655329,0.025,0.33783783783783783,1-0-196-3,iyF,UT_009,009,2,fave,193.07596637443297,60.47227788982411,4,ready,0,0.050003000000003794,get,for,D,#,D,F,final
465.61049138316906,2051.471230351218,2935.3488519891466,3.4153756039522953,3.4692339939084205,3.9001087783744532,6410.25641025641,0.00003724065112389377,178.8801488344671,0.035,0.33653846153846156,1-0-237-5,iyF,UT_009,009,2,fave,168.5016619988919,58.38836300827674,4,usually,0,0.08000200000000746,i,drive,L,#,L,D,final
519.5564283956289,1807.1647037301914,2737.6662899051826,3.460017110929583,3.7134096338570397,3.8434777494166754,6051.282051282051,0.000011453513164242467,217.88024583446713,0.025,0.33783783783783783,1-0-327-3,iyF,UT_009,009,2,fave,179.5091490836332,62.090877402581,4,really,0,0.050003000000003794,a,good,L,#,L,G,final
669.5878191097245,2293.3596256170076,2854.640353680633,3.5868410847128764,3.797202188867501,3.8445274173072113,6589.74358974359,0.0011319685177766366,235.57404116553286,0.051000000000000004,0.3311688311688312,1-0-375-7,iyF,UT_009,009,2,fave,187.13742612919282,58.985574337461664,4,randomly,0,0.13000500000001125,happened,"",L,#,L,"",final
507.8223474538493,1999.370815199823,2989.470773806874,2.6747514905797867,3.9692233718965935,3.9287075625517196,6230.7692307692305,0.00002093753831979251,239.23205983446715,0.027000000000000003,0.32142857142857145,1-0-385-5,iyF,UT_009,009,2,fave,168.85312489558032,60.16517968693043,4,actually,0,0.0599979999999789,they're,fun,L,#,L,F,final
478.18158063714026,2014.8521882182424,2927.5161421918856,3.217934422677566,3.94634406071443,3.720649059083577,6230.7692307692305,0.0000197901827031873,243.90205316553286,0.027000000000000003,0.32142857142857145,1-0-406-5,iyF,UT_009,009,2,fave,160.38067964681088,53.06418043578158,4,actually,0,0.05999700000000985,"",fun,L,#,L,F,final
436.23867578964393,2348.395732703817,2771.6377273882663,3.22558303069947,3.589187899162071,4.097576207099856,6230.7692307692305,0.0005910239433539753,245.7120458344671,0.047,0.3263888888888889,1-0-418-1,iyF,UT_009,009,2,fave,157.36088716663386,55.47433788923115,4,be,0,0.1200110000000052,gonna,pretty,B,#,B,P,final
448.32432311997917,2264.605150545937,2677.7128564272043,3.162975374072842,3.546206428398494,4.0279629424482275,6589.74358974359,0.000038467128669586585,246.11204416553286,0.027000000000000003,0.32142857142857145,1-0-419-4,iyF,UT_009,009,2,fave,160.02600149307162,56.326674205239584,4,pretty,0,0.05999800000000732,be,successful,T,#,T,S,final
418.80894522576864,2479.492554003507,2959.336407429463,3.4241407270269844,4.182036225002166,4.41736078324665,6589.74358974359,0.002573136597317096,269.33835983446716,0.08100000000000002,0.3319672131147542,1-0-444-1,iyF,UT_009,009,2,fave,170.38804349458744,55.92314604018826,4,she,1,0.2200019999999654,"",was,SH,#,SH,W,final
554.5840062699848,2571.8901393890887,3465.115549275471,3.680572450890077,3.8498620454815677,5.158034968791584,7307.692307692308,0.0007239578622787474,270.8283398344671,0.04100000000000001,0.3306451612903227,1-0-450-1,iyF,UT_009,009,2,fave,209.77898271534468,58.839514442263415,4,me,1,0.10000600000000759,with,with,M,#,M,W,final
419.11638592092424,2442.346063946642,2946.161013258942,3.4122134130939674,3.9263604801258984,4.4582097956324604,6051.282051282051,0.00015742821629405432,285.1084394965986,0.035,0.33653846153846156,1-0-509-1,iyF,UT_009,009,2,fave,213.55576131692447,60.07534714342022,4,she,1,0.0799870000000169,because,very,SH,#,SH,V,final
519.9802366085762,1972.1744082814362,2269.689253505353,3.4276157037333403,3.7911698753756156,4.0026706328475585,5871.794871794871,0.00011681747273400265,285.40643883446717,0.031,0.32978723404255317,1-0-510-3,iyF,UT_009,009,2,fave,186.2953429017837,61.244478550956984,4,very,0,0.0700069999999755,she,quickly,R,#,R,K,final
428.68730518352044,2231.2974948175815,2702.5482791999716,3.5457129823284483,3.926967581767997,4.417477011467851,7307.692307692308,0.00023799689684651212,285.82443716553286,0.047,0.3263888888888889,1-0-511-5,iyF,UT_009,009,2,fave,186.2825111584966,59.89548290294559,4,quickly,0,0.11999500000001717,very,re,L,#,L,R,final
429.52896324875127,2173.59698143981,2708.039351161192,3.3737915160370373,3.787823375906905,4.1772885144131235,5871.794871794871,0.0003025383481904483,286.0794461655329,0.037,0.32456140350877194,1-0-512-1,iyF,UT_009,009,2,fave,227.2140158349922,63.066569395126926,4,re,1,0.08999699999998256,quickly,parked,R,#,R,P,final
622.5142478453101,2534.311001312108,4434.933028083184,4.626427529427522,4.099693740588706,5.2276588858501,9102.564102564102,0.004779863524360342,289.6014408344671,0.040999999999999995,0.33064516129032256,1-0-525-1,iyF,UT_009,009,2,fave,NaN,47.31447027185756,4,me,1,0.10000700000000506,to,"",M,#,M,"",final
572.9671196780338,2569.2853733192665,2994.0160847155075,4.218064138584933,4.335549200809016,4.962508265385385,6589.74358974359,0.027216426475369572,292.8794551655329,0.057,0.3275862068965517,1-0-541-1,iyF,UT_009,009,2,fave,238.02380257631486,47.630148082742636,4,me,1,0.1499939999999924,to,"",M,#,M,"",final
395.50422144279617,2689.582617108026,3779.415416503991,3.8279730621131356,4.034913132053809,4.927730761137879,8025.641025641025,0.000022637930071334358,294.72345150340135,0.025,0.33783783783783783,1-0-544-1,iyF,UT_009,009,2,fave,110.89013663132273,58.36034055177038,4,she,1,0.05001900000002024,because,had,SH,#,SH,HH,final
314.7036761741322,2560.804605840473,3611.5814426919433,3.704775523414806,4.189084616122277,4.582744926480443,6589.74358974359,0.0003779299612157449,315.4531391655329,0.027000000000000003,0.32142857142857145,1-0-577-2,iyF,UT_009,009,2,fave,176.88265768687708,53.29721397294716,4,ski,1,0.05999800000000732,"",resort,K,#,K,R,final
446.42924975800315,2581.6871277254118,3173.461141297921,3.2891564002854103,3.8257656678720853,4.903161692454624,6948.717948717948,0.00026910180588445406,319.02315183446706,0.027000000000000003,0.32142857142857145,1-0-589-2,iyF,UT_009,009,2,fave,167.3904124535023,56.27403472551688,4,ski,1,0.05999800000000732,a,instructor,K,#,K,i,final
464.050663258543,1743.643221600325,2567.0232006535916,3.2542874171865095,4.052661802451854,4.678813357785379,5871.794871794871,0.00018914190815978228,319.89514783446714,0.031,0.32978723404255317,1-0-592-1,iyF,UT_009,009,2,fave,164.56956680314215,59.07294396149099,4,we,1,0.07000700000003235,so,were,W,#,W,W,final
469.45358343012487,1841.4100285452748,2100.8854174797143,3.348643412001972,3.8660094684586475,4.410043833076454,5512.820512820513,0.00006317149642186336,320.92214583446713,0.025,0.33783783783783783,1-0-597-3,iyF,UT_009,009,2,fave,164.59207563753804,58.06326801736608,4,every,0,0.0500189999999634,"",single,R,#,R,S,final
405.0461086482987,2473.1394249618106,2874.6370346496033,3.4031739117867454,4.026069538555978,4.149223313798568,5871.794871794871,0.03177204461183635,336.7731571655329,0.067,0.3284313725490196,1-0-620-2,iyF,UT_009,009,2,fave,NaN,49.72336561588931,4,ski,1,0.17999299999996765,could,"",K,#,K,"",final
514.5760803502785,2082.5712901987863,2780.7262763553645,3.2707071493275297,3.705709116813637,3.96411798689915,6230.7692307692305,0.00010053385713676519,346.9528608344671,0.047,0.3263888888888889,1-0-640-7,iyF,UT_009,009,2,fave,172.64758758430688,64.38172336818701,4,probably,0,0.11999500000001717,i,literally,L,#,L,L,final
451.28680661658956,2062.1057932228273,2704.5847571211025,3.1362203645566433,3.6912707802615063,4.0266880111626335,5871.794871794871,0.00016947121007051722,347.4678441655329,0.037,0.32456140350877194,1-0-641-6,iyF,UT_009,009,2,fave,156.85839132269513,62.0542172263573,4,literally,0,0.08999599999998509,probably,ski,L,#,L,S,final
372.999527241216,2784.702543886383,3581.9330215331474,3.1555437865718905,3.9827648541997362,4.75874524880027,6769.2307692307695,0.0021181319227816494,347.81784016553286,0.057,0.32758620689655177,1-0-642-2,iyF,UT_009,009,2,fave,138.67876944776543,58.50192833532919,4,ski,1,0.1499939999999924,literally,better,K,#,K,B,final
461.7963982550232,2068.8164663478033,2722.5364351321623,3.5660931505077276,3.722714816846827,5.189381723698295,7128.205128205128,0.0009648581864960797,359.33484483446716,0.031,0.32978723404255317,1-0-659-3,iyF,UT_009,009,2,fave,176.91400201415524,60.24694274844404,4,every,0,0.0700069999999755,but,other,R,#,R,ʌ,final
387.7052669919504,2643.163675247589,2864.5126725773375,3.23714004115547,4.057617659162925,4.669455153070535,6410.25641025641,0.0007394322340883501,395.3972571655329,0.037,0.32456140350877194,1-0-704-2,iyF,UT_009,009,2,fave,91.93720352517242,54.79871103408125,4,ski,1,0.08999599999998509,assistant,instructor,K,#,K,i,final
652.0159964296475,2538.9732729124275,2905.858182926528,3.696869815399045,3.8994341941491553,4.079309357116647,6948.717948717948,0.0026449604998043308,417.8752468344671,0.075,0.33482142857142855,1-0-752-6,iyF,UT_009,009,2,fave,190.97972045538134,58.60008195727369,4,shockingly,0,0.20001200000001518,is,"",L,#,L,"",final
461.3876141492052,2215.591815381287,3013.550578994903,3.500758183932975,3.9046434369911074,4.290682411507451,6769.2307692307695,0.0002899984307671161,428.69535283446714,0.047,0.3263888888888889,1-0-782-5,iyF,UT_009,009,2,fave,183.71875474027843,63.44664866174966,4,actually,0,0.11999499999996033,"",help,L,#,L,HH,final
441.29467205235824,2387.678113444851,2967.8548983688356,3.0985064106791516,4.007556762073104,4.327465759342014,6948.717948717948,0.0118951873551916,430.8853611655329,0.087,0.32954545454545453,1-0-790-6,iyF,UT_009,009,2,fave,233.8080061480751,63.988800926834934,4,correctly,0,0.23999000000003434,them,"",L,#,L,"",final
475.67810904895146,2782.602447472126,4048.0798600868134,3.928110645648199,4.241607556878394,5.0875269334358775,8923.076923076922,0.0018586810305643154,433.4623418344671,0.040999999999999995,0.33064516129032256,1-0-798-5,iyF,UT_009,009,2,fave,193.5115085143184,64.2197523072246,4,actually,0,0.10000599999995075,"",help,L,#,L,HH,final
414.7368381739434,2607.4089699668243,2643.939333462751,3.2861509861743228,4.066488979816552,4.546188906569961,6948.717948717948,0.0009018203377326957,434.9423528344671,0.04100000000000001,0.3306451612903227,1-0-804-3,iyF,UT_009,009,2,fave,166.77072721969162,59.90581029424946,4,body,0,0.10000600000000759,your,ready,D,#,D,R,final
382.56487477575365,2520.495245083153,2897.5606637766386,2.9152624229373796,4.233304983551849,4.241315253915142,7666.666666666666,0.0014698214490787185,435.34934683446716,0.055,0.3353658536585366,1-0-805-3,iyF,UT_009,009,2,fave,197.60379512377727,60.750807351271845,4,ready,0,0.14001500000000533,body,for,D,#,D,F,final
400.56720078820314,2682.9684258578063,3180.3531997875843,3.1589251109163894,3.8401374444015435,4.298018657567788,7128.205128205128,0.0004894816588785286,448.36735549659863,0.051000000000000004,0.3311688311688312,1-0-845-3,iyF,UT_009,009,2,fave,86.15020958819302,56.46142781189812,4,ready,0,0.12997400000000425,you're,for,D,#,D,F,final
511.4376589738921,2220.7518457284677,2838.8216555770214,4.041224523852342,4.643661590422911,4.628471058747379,7307.692307692308,0.1823100299538685,451.53934983446715,0.055,0.3353658536585366,1-0-855-7,iyF,UT_009,009,2,fave,148.47146604908065,54.97957470146599,4,randomly,0,0.14001400000000785,just,"",L,#,L,"",final
413.8005271038603,2471.3561228895646,2655.170931936921,4.041919758598917,4.259841447922164,4.4431478569567115,6230.7692307692305,0.021387226753239324,453.9523528344671,0.061000000000000006,0.33152173913043487,1-0-866-3,iyF,UT_009,009,2,fave,-49902.63145034951,49.94543873529696,4,ready,0,0.1600040000000149,you,"",D,#,D,"",final
401.93220934424136,2419.6232355264656,2759.458402134607,3.2633774395425075,3.999833035601562,4.671746678084138,7307.692307692308,0.00265582574589053,459.6228581655329,0.067,0.3284313725490196,1-0-885-8,iyF,UT_009,009,2,fave,166.0512659319052,59.842106282631214,4,effectively,0,0.1799930000000245,"",advance,L,#,L,@,final
359.33973460099105,2371.2818665078066,2686.328222184357,3.2288743039630434,4.364096385800396,4.484988195961812,6589.74358974359,0.0010702029762876771,486.09155883446715,0.031,0.32978723404255317,1-0-948-2,iyF,UT_009,009,2,fave,162.3674972298344,59.33895031624087,4,ski,1,0.0700069999999755,a,instructor,K,#,K,i,final
396.4868859546396,1911.4720728608677,2442.5375407147258,3.0665824483117756,3.7594337362614145,4.091534009515168,6948.717948717948,0.00012033413717058877,489.4595381655329,0.047,0.3263888888888889,1-0-959-1,iyF,UT_009,009,2,fave,162.17185068057447,65.16566043511143,4,we,1,0.11999500000001717,so,went,W,#,W,W,final
440.2687563400117,2016.9437324706457,2264.9411664541044,3.3777697542825615,3.5377489402219626,4.470500976439243,6230.7692307692305,0.00003794713499297678,502.3995501655329,0.027000000000000003,0.32142857142857145,1-0-1005-3,iyF,UT_009,009,2,fave,165.52892347582653,59.477324513183326,4,every,0,0.05999800000000732,and,time,R,#,R,T,final
372.986972717651,2220.7883021269945,2653.2016117472763,3.3269349163350985,3.8736098062922517,4.426676980877389,6230.7692307692305,0.0001942543906681142,505.08454883446706,0.037000000000000005,0.324561403508772,1-0-1013-3,iyF,UT_009,009,2,fave,160.70470298538686,61.71498989773461,4,divvy,0,0.08999600000004193,just,him,V,#,V,i,final
463.62627400294417,2183.592897293519,2420.39850246272,2.679477788408269,4.21983404303999,4.6648991293111415,6589.74358974359,0.00018171197401447453,507.7595361655329,0.027000000000000003,0.32142857142857145,1-0-1026-7,iyF,UT_009,009,2,fave,159.72824701686775,62.613633892796685,4,everybody,0,0.05999700000000985,let,else,D,#,D,e,final
413.6035670834552,1977.9726467843827,2228.222179666113,3.4429152007641917,3.8082260420175493,4.034649585562699,6589.74358974359,0.00002688014530514634,509.9639478344671,0.027000000000000003,0.32142857142857145,1-0-1037-2,iyF,UT_009,009,2,fave,158.81419685014166,60.01210710312718,4,free,1,0.05999800000000732,and,skied,R,#,R,S,final
500.7725030632117,2515.2024717192357,2854.9273582230003,3.430958954095284,3.913450158260544,4.439470192906523,6589.74358974359,0.0002484207501820468,515.7579315034013,0.035,0.3365384615384616,1-0-1062-2,iyF,UT_009,009,2,fave,166.9327436041951,53.598730990032706,4,any,0,0.080016999999998,make,money,N,#,N,M,final
531.1214155542988,2754.496916935777,3169.2408407838425,3.866577654294752,3.8369006307482607,4.3201922376526705,6769.2307692307695,0.0059286977283749785,516.0659501655329,0.091,0.33211678832116787,1-0-1063-3,iyF,UT_009,009,2,fave,185.54950296138878,55.19796867222264,4,money,0,0.25,any,"",N,#,N,"",final
368.83743371786636,2195.1390514949812,2337.1695769968533,3.218829764056192,3.862696771042282,4.429744714117482,6410.25641025641,0.00004967178485080238,517.4039508344672,0.027000000000000003,0.32142857142857145,1-0-1070-2,iyF,UT_009,009,2,fave,169.8215223535347,55.79821456630769,4,free,1,0.059996999999953005,a,ski,R,#,R,S,final
386.4219800519537,2479.0836400457615,3171.835439351287,3.3127473703322172,4.0005376418874175,4.21005778963154,6410.25641025641,0.0017013908482945489,517.6389308344671,0.037,0.32456140350877194,1-0-1071-2,iyF,UT_009,009,2,fave,72.74682741136932,53.306298499685965,4,ski,1,0.09002699999996366,free,pass,K,#,K,P,final
532.2495675196011,2391.6177878073777,2888.2141026501167,3.5577790706964394,3.8906989545922035,4.283769428101986,6230.7692307692305,0.1403196779488897,524.1909494965986,0.08099999999999999,0.3319672131147541,1-0-1087-1,iyF,UT_009,009,2,fave,182.02989942615955,59.49284731758842,4,me,1,0.21996999999998934,for,"",M,#,M,"",final
577.4271078571991,2085.7239376491784,2747.7687775607037,3.6189938751209314,4.04935595113165,4.422283006469476,6051.282051282051,0.00010171479763130818,536.5713641655329,0.027000000000000003,0.32142857142857145,1-0-1095-10,iyF,UT_009,009,2,fave,165.26116653004956,60.78749936184737,4,importantly,0,0.05999799999995048,most,you'd,L,#,L,Y,final
530.492547268304,2275.6097849078815,3022.9453477312973,3.411985413203171,3.8541868236144134,4.547422183954166,7128.205128205128,0.014642592109251944,538.1083684965986,0.08100000000000002,0.3319672131147542,1-0-1099-6,iyF,UT_009,009,2,fave,161.83698128887758,60.61172809922625,4,correctly,0,0.21997099999998682,dress,"",L,#,L,"",final
526.823854677844,2314.0071146896107,2764.5040805394783,3.757158832126418,3.8480523875339556,4.135258020383983,5692.3076923076915,0.009427477414390862,549.2273558344672,0.119,0.3361581920903954,1-0-1138-6,iyF,UT_009,009,2,fave,199.53240704501115,58.00220852918503,4,correctly,0,0.330016999999998,fit,"",L,#,L,"",final
450.4127282138199,1835.755483242532,2482.1318656939343,3.111912067154564,3.606481147487733,3.9014729274336504,5871.794871794871,0.00018074859210966284,554.1013378344671,0.027000000000000003,0.32142857142857145,1-0-1155-1,iyF,UT_009,009,2,fave,157.0164559286069,59.81666538020367,4,we,1,0.05999800000006417,what,call,W,#,W,K,final
456.868819734231,2251.483308600728,2977.098932788067,3.3632836898772687,3.835378862029552,4.3937395731404685,6589.74358974359,0.00037484831845719876,557.2203295034013,0.045,0.3358208955223881,1-0-1166-6,iyF,UT_009,009,2,fave,166.7452396649412,61.017665828815375,4,literally,0,0.11004600000001119,will,get,L,#,L,G,final
519.2677154425277,1970.0984521504756,2727.1660443502756,3.27270770648706,4.409256685956377,4.315073133998189,6589.74358974359,0.01750029585150773,572.1541444965985,0.08099999999999999,0.3319672131147541,1-0-1219-6,iyF,UT_009,009,2,fave,170.06859156635548,61.55370591813657,4,correctly,0,0.2199710000001005,done,"",L,#,L,"",final
546.249942920455,2304.6757051965524,2914.7853192222096,3.397941417647277,3.7198713796125853,3.9448440487454404,6051.282051282051,0.010965121285575884,576.8261445034013,0.085,0.3346456692913386,1-0-1237-6,iyF,UT_009,009,2,fave,136.4870106487829,58.591246598371185,4,correctly,0,0.23004200000002584,fit,"",L,#,L,"",final
358.66020511186775,2443.080644227911,3102.806371648588,3.015786416232655,3.937969419393139,4.892635113282665,7128.205128205128,0.013861851336579557,582.7571361655329,0.067,0.32843137254901966,1-0-1255-2,iyF,UT_009,009,2,fave,151.37425420018923,59.38118513674105,4,ski,1,0.17999199999997018,one,on,K,#,K,o,final
457.4895499123944,2678.127936615338,2821.9300816602267,3.3727856175622253,3.789983577981021,4.714963952394531,6769.2307692307695,0.00041912499063638585,584.7461361655329,0.045,0.3358208955223881,1-0-1260-1,iyF,UT_009,009,2,fave,158.1938981065591,60.97899601898585,4,the,0,0.10998500000005151,trying,other,DH,#,DH,ʌ,final
380.2228046425018,2685.5079464405735,3036.623938876354,3.0529049463433133,4.011180891110002,4.352438455383404,6769.2307692307695,0.0009689729768784594,589.1041664965986,0.061000000000000006,0.3315217391304348,1-0-1278-1,iyF,UT_009,009,2,fave,164.53798198120367,58.86146913690653,4,v,1,0.15997299999992265,downhill,backwards,V,#,V,B,final
409.4808861023751,2034.411248833545,2639.4255511517717,3.5110474648458374,4.017125826004691,4.27150131758889,5871.794871794871,0.00048358055383144,593.7286438344671,0.031,0.32978723404255317,1-0-1294-3,iyF,UT_009,009,2,fave,223.16250925305548,62.16004821709709,4,baby,0,0.07000700000003235,little,steps,B,#,B,S,final
486.2100980639215,2080.319121969444,2391.643458402865,3.4006904653409467,3.8070388728802307,4.454703433462065,7307.692307692308,0.0005635192866337165,639.1792658344671,0.031,0.32978723404255317,1-0-1408-3,iyF,UT_009,009,2,fave,78.4433947199908,54.48584667809226,4,very,0,0.07000800000002982,the,top,R,#,R,T,final
409.6554363587362,2249.1416918388245,2580.366578746448,3.231137611480712,3.7953435866998944,4.529484674306833,6051.282051282051,0.0005780989368151925,645.1569211655329,0.031,0.32978723404255317,1-0-1435-3,iyF,UT_009,009,2,fave,151.54980886888916,56.69279663967283,4,baby,0,0.07000800000002982,taking,steps,B,#,B,S,final
359.7264151727517,2573.714022461208,3016.065196687069,3.035533402625291,4.140978667452513,4.5186743428509075,6589.74358974359,0.0006650380990001162,673.4512371655329,0.047,0.3263888888888889,1-0-1465-2,iyF,UT_009,009,2,fave,173.18803737903946,57.89029586764931,4,icy,0,0.11999500000001717,"",conditions,S,#,S,K,final
502.2403602920355,1910.9979879047094,2883.1895952410714,2.9887629289385473,4.2470327905128356,3.5996800136509757,6230.7692307692305,0.000039467833022353097,676.0612321655329,0.027000000000000003,0.32142857142857145,1-0-1473-3,iyF,UT_009,009,2,fave,160.26251272384027,59.076397429834174,4,really,0,0.05999799999995048,is,treacherous,L,#,L,T,final
466.4347899417689,2148.2471915415626,2990.628770913767,3.218513867140471,3.913729551558237,4.243187860777595,6589.74358974359,0.0007166199317856557,678.7402761655329,0.045,0.3358208955223881,1-0-1478-7,iyF,UT_009,009,2,fave,163.09424173090304,60.73404287967518,4,especially,0,0.1099859999999353,"",if,L,#,L,i,final
459.47790071756685,1840.969994718702,2294.0228863908224,3.3703752194740035,3.7856777053616475,4.808148672668587,6948.717948717948,0.029115566029074016,690.6632371723357,0.131,0.33248730964467,1-0-1522-4,iyF,UT_009,009,2,fave,346.998249048868,48.978436359031505,4,scary,0,0.37005599999997685,things,"",R,#,R,"",final
488.78686416320267,2663.583628458656,3116.7993725287142,3.750633057609547,3.886355640878171,4.576284405991664,7128.205128205128,0.0005352420004564679,698.3032541655328,0.091,0.3321167883211679,1-0-1528-1,iyF,UT_009,009,2,fave,196.25267591150123,62.321130718855855,4,me,1,0.25,for,i,M,#,M,ay,final
399.80810159522156,2766.9878056041853,3181.025829022601,2.7982756413621432,3.774259421268586,4.211680281770675,6948.717948717948,0.00019557532131903355,704.029170165533,0.04100000000000001,0.3306451612903227,1-0-1546-2,iyF,UT_009,009,2,fave,199.11579468754869,64.85219691427882,4,ski,1,0.09997499999997217,i,that,K,#,K,DH,final
378.99210992275164,2258.2297619646006,2508.116514974642,3.2380384959278268,4.194588595868205,4.915733303230504,6589.74358974359,0.006533194616317123,705.4391374965987,0.04100000000000001,0.3306451612903227,1-0-1552-4,iyF,UT_009,009,2,fave,81.8107092470999,52.71521160154393,4,easily,0,0.09997599999996964,can,react,L,#,L,R,final
453.5211174060378,1928.4594715629516,2840.7931046993353,3.252147384777543,3.7366588236595906,4.84727409695583,6410.25641025641,0.00010401301894439759,739.9637648344672,0.027000000000000003,0.32142857142857145,1-0-1654-3,iyF,UT_009,009,2,fave,176.05116826914636,61.50382971858716,4,really,0,0.05999799999995048,am,dumb,L,#,L,D,final
377.6970023898078,2391.590574271856,3000.35702726503,3.0932705709558963,3.708805560792403,4.651739801658206,6948.717948717948,0.00021445070835900246,773.7623355034013,0.040999999999999995,0.33064516129032256,1-0-1715-4,iyF,UT_009,009,2,fave,197.64711297894024,64.15690487138463,4,forty,0,0.10003700000004301,"",sentences,T,#,T,S,final
519.6191693967054,2484.2725790196173,3022.0229311947705,3.6928469251299276,3.5386841572028644,4.324529611202699,6410.25641025641,0.004450077425486969,804.7767395034014,0.04100000000000001,0.3306451612903227,1-0-1731-3,iyF,UT_009,009,2,fave,242.69556224975352,66.21940422873953,4,ready,0,0.10003699999992932,"","",D,#,D,"",final
415.46810304485416,2718.291749074399,3978.7606514857894,4.119755860980414,3.839772645654615,5.3938827426936085,10000.0,0.02011305754691911,814.1467694965986,0.061000000000000006,0.33152173913043487,1-0-1763-1,iyF,UT_009,009,2,fave,1032.7406447541694,47.09034520584631,4,the,0,0.15997299999992265,in,east,DH,#,DH,iy,final
599.9680983520783,2776.114492982804,2851.6975781642745,3.808038028428393,3.6438701087861496,4.317653706319794,6410.25641025641,0.0012075375194443906,815.3336278344672,0.047,0.3263888888888889,1-0-1766-3,iyF,UT_009,009,2,fave,199.86595938059634,58.77420340532994,4,many,0,0.11999600000001465,"",fantasy,N,#,N,F,final
361.87206112260895,2476.9821655182373,2902.7115872541813,2.854266576010578,4.741602407325915,3.847349971294906,6589.74358974359,0.0003776609742685531,815.9236591655329,0.027000000000000003,0.32142857142857145,1-0-1767-6,iyF,UT_009,009,2,fave,174.23237951462934,58.689220185114344,4,fantasy,0,0.05999800000006417,many,books,S,#,S,B,final
445.3092852232587,2361.1403092035994,2907.033106342259,3.249810099163357,3.5649102299950957,3.96516156390226,6230.7692307692305,0.00015955144175650902,848.7071424965987,0.040999999999999995,0.33064516129032256,1-0-1892-1,iyF,UT_009,009,2,fave,161.03086367507765,56.68550319900303,4,the,0,0.09997599999996964,for,event,DH,#,DH,i,final
427.5837980655483,2194.1917017887577,2442.680586009084,3.3481867741612468,3.6858401376854415,3.7963388122332313,6410.25641025641,0.000043691288739542325,878.5356415034013,0.035,0.3365384615384616,1-0-1990-3,iyF,UT_009,009,2,fave,210.41094994212256,61.879262618546356,4,mary,0,0.080016999999998,"",found,R,#,R,F,final
591.604060606903,2427.309510933374,2923.7520383720025,3.685610064340389,3.886969654589238,3.710097368075426,6769.2307692307695,0.0003652497470503611,904.5032415034013,0.04100000000000001,0.3306451612903227,1-0-2084-3,iyF,UT_009,009,2,fave,180.9905201309709,58.78078778960961,4,tiny,0,0.10003700000004301,her,kittens,N,#,N,K,final
838.0559967850438,1110.5409375920685,3113.5886835666315,3.9979005451092693,3.661035936973953,4.5210882379032915,5692.3076923076915,0.0026202464857465603,112.16335483446711,0.045,0.3358208955223881,1-0-104-1,ʌ,UT_009,009,2,fave,155.4829592223705,46.7767148877418,4,months,1,0.1100009999999969,few,"",M,N,M,N,internal
878.278336689589,1149.4193845315926,3051.623302729403,4.2601425963000565,4.257467408277293,4.243690978096646,6769.2307692307695,0.00293430159639005,115.68214416553288,0.031,0.32978723404255317,1-0-120-1,ʌ,UT_009,009,2,fave,89.01353198192865,45.70849979741226,4,months,1,0.06999999999999318,six,maybe,M,N,M,N,internal
718.9248744450877,1181.8706128042634,3095.304162587507,4.098114308650527,3.8480168650537228,4.786269284797655,5871.794871794871,0.0026507666042427987,118.55214716553287,0.031,0.32978723404255317,1-0-134-1,ʌ,UT_009,009,2,fave,-291.1987625629217,45.06646705788957,4,months,1,0.06999999999999318,six,"",M,N,M,N,internal
741.2612758195901,1521.4759195175689,2604.4679962311593,2.91892866779,3.5088454928511004,4.22664649401816,6051.282051282051,0.0002005526278005724,176.3361458344671,0.047,0.3263888888888889,1-0-228-0,ʌ,UT_009,009,2,fave,117.89106159325574,59.13078048380369,4,up,1,0.1200110000000052,pick,my,#,P,K,P,initial
818.5499839818306,1627.1444963244846,2833.065101361486,3.4885524151462497,3.68074410116283,4.1460238389444015,5871.794871794871,0.00012231806233355995,186.2081451655329,0.031,0.32978723404255317,1-0-264-1,ʌ,UT_009,009,2,fave,164.32914801765565,51.932533895013684,4,sometimes,1,0.07000700000000393,[bracketed],i'm,S,M,S,M,internal
664.1655128688508,1742.7382071005022,2868.000430321059,3.3928627490762326,3.9139825524122123,4.183962626117064,5871.794871794871,0.00014133724387286852,224.1932521655329,0.031,0.32978723404255317,1-0-351-1,ʌ,UT_009,009,2,fave,210.26398603800166,67.20149107245703,4,somehow,1,0.06999300000001085,"",i've,S,M,S,M,internal
756.3419779002325,1136.1228728947258,3224.1922443206963,3.4135916216572753,3.4243326304755373,3.6961944061635132,7487.179487179487,0.00016423317798717267,239.42704783446715,0.037,0.32456140350877194,1-0-386-1,ʌ,UT_009,009,2,fave,162.50312933308146,60.087560794195696,4,fun,1,0.09001100000000406,actually,to,F,N,F,N,internal
784.8486145004109,1188.2989121699507,3014.3835800657735,3.373261145290402,3.7449244620980395,4.622144472546609,5512.820512820513,0.00023032003880951257,244.08204516553286,0.027000000000000003,0.32142857142857145,1-0-407-1,ʌ,UT_009,009,2,fave,83.52908288183876,53.44013036481576,4,fun,1,0.05999800000000732,actually,to,F,N,F,N,internal
603.1209742830637,1413.984083503413,2738.2256205700637,3.3861553166876943,3.4243838736214878,3.8270461814982486,5871.794871794871,0.00006684305144729851,247.0040441655329,0.031,0.32978723404255317,1-0-421-2,ʌ,UT_009,009,2,fave,167.76662830981832,55.6011332711739,4,adults,1,0.07000700000000393,successful,"",D,L,D,L,internal
768.3197695020646,1278.2522839569422,2223.7369136265183,3.634919265443088,3.714938776679197,4.798667092592589,5512.820512820513,0.00038237982826176366,263.60333783446714,0.031,0.32978723404255317,1-0-428-1,ʌ,UT_009,009,2,fave,174.9867724257532,59.06720918566888,4,months,1,0.07000800000002982,two,ago,M,N,M,N,internal
823.8810491917551,1200.3260022310276,2913.4623653504545,3.604134759598519,3.3195269295135783,4.478465977455951,6051.282051282051,0.000870723250004821,266.5063628344671,0.037,0.32456140350877194,1-0-437-1,ʌ,UT_009,009,2,fave,164.75871103911624,59.4745068565215,4,one,1,0.08999599999998509,had,driving,W,N,W,N,internal
775.5683972188244,1100.270928367709,2949.574514492916,3.7970005567787344,3.4636726303357124,5.247218347520528,5692.3076923076915,0.0017737408095978566,270.33834883446707,0.040999999999999995,0.33064516129032256,1-0-448-1,ʌ,UT_009,009,2,fave,162.75874547285008,56.83875465273092,4,lunch,1,0.10000700000000506,to,with,L,N,L,N,internal
758.1807795841786,1487.2048361568745,2676.3392826960203,3.3394714354621153,3.741043318711921,4.711909208714792,5871.794871794871,0.00144579843733297,278.20135016553286,0.067,0.3284313725490196,1-0-480-0,ʌ,UT_009,009,2,fave,189.40758086583315,62.44085941037125,4,up,1,0.17999200000002702,it,and,#,P,T,P,initial
738.1730345948514,1571.3502084889524,2846.114779970585,3.4248551020911613,3.9550322343021445,4.096558931349715,6051.282051282051,0.000815502719255794,284.7484458344671,0.075,0.33482142857142855,1-0-508-3,ʌ,UT_009,009,2,fave,217.5130328829519,62.807514942043824,4,because,1,0.20001300000001265,"",she,K,Z,K,Z,internal
615.8143840005248,1136.8081233593819,2976.5954979417525,4.060610345108634,3.7731035854410058,4.555381142761016,6051.282051282051,0.00011429037347160037,295.3344561655329,0.027000000000000003,0.32142857142857145,1-0-548-1,ʌ,UT_009,009,2,fave,222.4783025348868,60.05963986744933,4,one,1,0.05999799999995048,had,driving,W,N,W,N,internal
659.0624514820571,1360.3864253367317,2616.2455558545407,3.1006544358028987,3.873979153550813,4.643038955962227,6769.2307692307695,0.0008806928547940174,299.03145916553285,0.040999999999999995,0.33064516129032256,1-0-563-1,ʌ,UT_009,009,2,fave,86.52635708436857,61.39977851257377,4,but,1,0.09997499999997217,car,luckily,B,T,B,T,internal
688.2310575133228,1277.3548648740227,3038.8847800158414,3.1019089706269365,3.32943095683736,4.044590502630228,6051.282051282051,0.00004251278126049486,299.26645483446714,0.031,0.32978723404255317,1-0-564-1,ʌ,UT_009,009,2,fave,172.3895171510052,61.18093014329937,4,luckily,1,0.07000700000003235,but,she,L,K,L,K,internal
705.4856924745708,1437.7452554775043,3029.1771694847434,3.1522132132799907,3.5022907788757554,4.781201287638992,5871.794871794871,0.0026764904908085207,314.16715116553286,0.055,0.33536585365853655,1-0-573-1,ʌ,UT_009,009,2,fave,172.58204304637178,59.891257219032276,4,love,1,0.1399839999999699,i,powder,L,V,L,V,internal
644.0832374025804,1454.655690620508,2804.998362541357,3.2239234432267225,3.4482455556388953,4.327032816673738,5871.794871794871,0.000760601300928334,316.3271408344671,0.095,0.33450704225352107,1-0-579-3,ʌ,UT_009,009,2,fave,163.45611428079593,59.236573336104264,4,because,1,0.2600100000000225,resort,"",K,Z,K,Z,internal
713.3944524345598,1374.1184263058467,2611.6152604502563,2.9156120137378974,3.6827160282484552,4.524921449687502,5871.794871794871,0.0013584125973176982,317.72914483446715,0.07899999999999999,0.3376068376068376,1-0-583-0,ʌ,UT_009,009,2,fave,86.10045468491339,63.90482851431006,4,up,1,0.21002199999998084,grew,with,#,P,Tuw,P,initial
724.2326124320135,1501.3695662601845,2120.8653166261474,3.5028294480674007,3.9163242872221287,4.320152003499436,5692.3076923076915,0.00005542781188265439,319.37315316553287,0.027000000000000003,0.32142857142857145,1-0-590-5,ʌ,UT_009,009,2,fave,167.28827704958357,58.24511481656167,4,instructor,1,0.05999700000000985,ski,so,R,K,R,K,internal
711.0814300383898,1538.8817524132583,2031.540516823359,3.154741513131462,3.8382550268929876,4.24957896156615,5871.794871794871,0.00002256676106869871,320.09515416553285,0.031,0.32978723404255317,1-0-594-0,ʌ,UT_009,009,2,fave,160.30929031093885,61.891070895199704,4,up,1,0.0700069999999755,were,there,#,P,*hr,P,initial
694.7839287139284,1492.9681830367804,2801.562230637414,3.1591202377451535,3.8353802730906477,4.422895376698914,5871.794871794871,0.00015725490974378032,359.0468611655329,0.035,0.33653846153846156,1-0-658-1,ʌ,UT_009,009,2,fave,95.30709053284076,62.14287577887204,4,but,1,0.07998600000001943,"",every,B,T,B,T,internal
749.4215761929672,1517.7751194871614,3096.1664155434955,4.127171203009914,4.225503411828886,5.0474232174785865,6769.2307692307695,0.019912686120176076,385.6342481655329,0.091,0.33211678832116787,1-0-674-2,ʌ,UT_009,009,2,fave,164.45839369163377,58.6164259772071,4,from,1,0.25,"","",R,M,R,M,internal
644.0832416475805,1528.5754676763622,1995.5891888964086,3.4742311057950355,3.7768887104401143,3.9667656923632544,5692.3076923076915,0.00004632237945080342,389.6722551655329,0.027000000000000003,0.32142857142857145,1-0-683-5,ʌ,UT_009,009,2,fave,105.13584170679172,58.6652991349752,4,instructor,1,0.05999800000000732,ski,and,R,K,R,K,internal
614.9427013158714,1700.644349126294,2593.924159309951,3.315762310392625,3.5646362676044485,4.1874125233506945,5692.3076923076915,0.0007155680084556179,392.76125350340135,0.045,0.3358208955223881,1-0-694-1,ʌ,UT_009,009,2,fave,84.05304014342244,57.09217997135962,4,young,1,0.11001599999997325,super,age,Y,NG,Y,NG,internal
707.3842924215821,1423.3898402685247,2001.8723893427073,3.2808610329305514,3.8000497939996833,3.941588342993707,5153.846153846154,0.0003103481394139354,395.7222488344671,0.027000000000000003,0.32142857142857145,1-0-705-5,ʌ,UT_009,009,2,fave,85.66840550935062,58.09647797601119,4,instructor,1,0.05999799999995048,ski,from,R,K,R,K,internal
662.3364573077099,1716.1166645455737,2788.9902759612255,3.6892893217054135,3.4872861538566053,3.8644142544978175,6051.282051282051,0.00005148133918163088,414.9512528344671,0.027000000000000003,0.32142857142857145,1-0-744-0,ʌ,UT_009,009,2,fave,171.26779708842702,59.696958391054764,4,up,1,0.05999800000000732,end,teaching,#,P,D,P,initial
712.0513016969114,1521.301590893758,2753.3596507244656,3.3990556741446367,3.578666255508973,3.9450877808931324,6051.282051282051,0.000028282905653592157,423.64324916553284,0.031,0.32978723404255317,1-0-766-1,ʌ,UT_009,009,2,fave,215.24458587568836,67.4351367626594,4,some,1,0.07000800000002982,"",people,S,M,S,M,internal
707.1822486786547,1239.3917788465942,2979.469900104273,3.0485318552237475,3.475455646560244,4.2496495531147875,6589.74358974359,0.0005573303205673216,427.0573531655329,0.07100000000000001,0.3317757009345795,1-0-778-1,ʌ,UT_009,009,2,fave,149.1900554508293,66.40723401879805,4,but,1,0.19000299999999015,"","",B,T,B,T,internal
629.0278674459717,1635.5274480667251,2626.7127844112424,3.5765840665794753,3.5966537789203303,3.573782113783688,6051.282051282051,0.000044324418192390816,452.8853601655329,0.027000000000000003,0.32142857142857145,1-0-862-1,ʌ,UT_009,009,2,fave,156.35206319204667,60.098630630404635,4,doesn't,1,0.059996999999953005,it,help,D,Z,D,Z,internal
772.6338690878558,1469.245884902576,1980.9228279030801,3.2259818618813085,3.959708677587042,4.146352689210413,5692.3076923076915,0.00025521460315820884,484.4835428344672,0.035,0.3365384615384616,1-0-940-0,ʌ,UT_009,009,2,fave,132.8492242782365,58.83179002324249,4,up,1,0.080016999999998,you're,there,#,P,R,P,initial
693.5386455923881,1364.6798676300652,1968.8203264850933,3.560137175911341,3.64689491504164,3.945003762610394,5692.3076923076915,0.000010425158604081307,486.4185505034014,0.025,0.33783783783783783,1-0-949-5,ʌ,UT_009,009,2,fave,154.4908885663797,61.300291288764264,4,instructor,1,0.0500189999999634,ski,you,R,K,R,K,internal
763.3693780348685,1443.9179886477923,2844.3890384002593,3.1009729370048538,3.429886838008589,4.099150865932211,6051.282051282051,0.0008306489736181775,497.81655516553286,0.101,0.3322368421052631,1-0-988-1,ʌ,UT_009,009,2,fave,124.1565081074552,65.23184602925426,4,but,1,0.2799990000000321,"","",B,T,B,T,internal
810.9724480462315,1475.061308716424,2801.9717842132595,3.5166035437344587,3.928717151612278,4.338530584684363,6051.282051282051,0.00008657136252259568,500.3395531655329,0.027000000000000003,0.32142857142857145,1-0-998-1,ʌ,UT_009,009,2,fave,162.52235587944668,59.44212249939977,4,husband,1,0.05999700000000985,my,stayed,HH,Z,HH,Z,internal
799.1217217995187,1337.1754951943487,2642.6301892454558,3.6954950049867996,3.8390988840485636,4.547223150233279,5692.3076923076915,0.00017171814914571575,515.9059508344671,0.031,0.32978723404255317,1-0-1063-1,ʌ,UT_009,009,2,fave,81.5576350883891,54.72007186208349,4,money,1,0.07000699999991866,any,"",M,N,M,N,internal
758.1521430851429,1206.4313372331574,2762.938321473638,3.8204322583546277,3.634487478004944,4.882162933396278,6051.282051282051,0.000013185401439902247,523.8039691655329,0.027000000000000003,0.32142857142857145,1-0-1085-1,ʌ,UT_009,009,2,fave,202.5120892264666,66.2669644314215,4,fun,1,0.05999800000006417,was,for,F,N,F,N,internal
787.4694840084561,1476.4103768493267,2604.8224962982154,3.7272146182597523,3.7082656422287754,3.943029470822428,6051.282051282051,0.00021991511618295423,551.0833628276645,0.031,0.32978723404255317,1-0-1146-1,ʌ,UT_009,009,2,fave,365.28234320903096,64.98414261676756,4,tuck,1,0.06994599999995899,"",jeans,T,K,T,K,internal
772.0466288834424,1258.601503694575,2727.401209366213,3.677563242415821,3.4637793734629474,4.695485178025651,5692.3076923076915,0.0012513263161296002,559.0883584965986,0.061000000000000006,0.33152173913043487,1-0-1171-2,ʌ,UT_009,009,2,fave,155.48667505146335,60.80529337153977,4,from,1,0.15997299999992265,"",that,R,M,R,M,internal
612.0780460402067,1663.7474209948462,2640.4968919112475,3.3616737315704897,3.607075462010092,3.9582223064918,6589.74358974359,0.00008012383063854058,571.3671468344671,0.027000000000000003,0.32142857142857145,1-0-1218-1,ʌ,UT_009,009,2,fave,79.80961025018817,61.52575879018921,4,done,1,0.05999700000006669,are,correctly,D,N,D,N,internal
722.0362776693115,1833.8808931671988,2698.017777793072,3.6013995707562856,3.5128727346694655,3.557312773456709,6230.7692307692305,0.00005045796764566924,584.8511268344671,0.035,0.33653846153846156,1-0-1261-0,ʌ,UT_009,009,2,fave,159.28240878121602,63.11452868850644,4,other,1,0.080016999999998,the,"",#,DH,iyF,DH,initial
767.4962383602106,1347.3195683878428,2690.7824057471407,3.1007116441880602,3.092994066667532,3.9592363574570055,6051.282051282051,0.00048302616837606494,594.6966601655329,0.047,0.3263888888888889,1-0-1299-0,ʌ,UT_009,009,2,fave,196.57957320922674,63.73238865323145,4,up,1,0.11999500000001717,em,the,#,P,M,P,initial
742.0484925465123,1566.8253389651557,2725.8162421752213,3.223867105564311,3.5048645632142716,3.9923293389555234,6051.282051282051,0.000025473888619244585,605.3086608344671,0.031,0.32978723404255317,1-0-1335-2,ʌ,UT_009,009,2,fave,156.85132295951905,58.958837928738156,4,another,1,0.07000700000003235,to,height,N,DH,N,DH,internal
809.9878966063023,1679.0146875140451,2827.0498818785845,3.30284268619247,3.884529607005418,3.8493363711188238,5692.3076923076915,0.00003160928101579993,632.0372461655329,0.027000000000000003,0.32142857142857145,1-0-1380-2,ʌ,UT_009,009,2,fave,147.58887280150736,57.097325268588826,4,enough,1,0.059996999999953005,brave,to,N,F,N,F,internal
578.9732500783971,1121.4615137967367,2525.727834246694,3.6003648334591194,3.399567407160924,4.195753039576298,5512.820512820513,0.00003311201046874113,647.2549638344672,0.027000000000000003,0.32142857142857145,1-0-1441-1,ʌ,UT_009,009,2,fave,155.45904700494475,61.39878792832601,4,whatever,2,0.059996999999953005,into,it,W,T,W,T,internal
653.6278932878004,1677.3736689192388,2760.9844588939754,3.443085049145708,3.626179534227425,3.9502738458471844,5871.794871794871,0.0005166109441119117,668.0258601655329,0.045,0.3358208955223881,1-0-1449-0,ʌ,UT_009,009,2,fave,181.52103819834835,55.31955815223577,4,up,1,0.10998500000005151,chopped,snow,#,P,T,P,initial
627.2560880901934,1395.0375491409613,2449.6673059949644,3.410226902419499,3.5003414913508064,4.056173643127926,6051.282051282051,0.000025670122484644663,669.8388728344671,0.031,0.32978723404255317,1-0-1455-1,ʌ,UT_009,009,2,fave,169.94555626565432,60.738488525411114,4,what,1,0.07000700000003235,like,people,W,T,W,T,internal
625.4483194860777,1515.5394110547793,2714.9904286436135,3.0943654509301246,3.089662041350148,4.088069590236714,6051.282051282051,0.00008768591945366598,683.3412678344671,0.027000000000000003,0.32142857142857145,1-0-1496-1,ʌ,UT_009,009,2,fave,NaN,55.876143546197525,4,but,1,0.05999700000006669,"",then,B,T,B,T,internal
768.9859622200777,1446.8394813739149,2691.295683070086,3.0620968525692835,3.57465808032911,4.092505706213605,6051.282051282051,0.00004335727300868494,684.3812458344671,0.027000000000000003,0.32142857142857145,1-0-1501-1,ʌ,UT_009,009,2,fave,NaN,60.47817859225523,4,cut,1,0.05999700000006669,you,through,K,T,K,T,internal
747.4174404152847,1680.8092626732664,2722.081408446005,3.099171317219584,3.5069170321089995,3.9099588053752474,6051.282051282051,0.00011222451808606218,704.5021411655329,0.047,0.3263888888888889,1-0-1548-2,ʌ,UT_009,009,2,fave,155.02405251373966,62.184755148697256,4,stuff,1,0.11999500000001717,that,"",T,F,T,F,internal
682.5768737690902,1458.946436135643,2643.9290751833823,3.101972933772405,3.4057207547410835,4.034117603275439,6051.282051282051,0.00009652048103778635,707.036124834467,0.035,0.33653846153846156,1-0-1557-1,ʌ,UT_009,009,2,fave,171.46084037619775,65.2630528799203,4,but,1,0.080016999999998,"",when,B,T,B,T,internal
700.8463713546497,1275.9248681379477,2787.144388124464,3.0118153010086037,3.321905395972791,3.8120178182980644,5692.3076923076915,0.0004119068352824179,711.6541708344672,0.051000000000000004,0.3311688311688312,1-0-1574-1,ʌ,UT_009,009,2,fave,169.89823459557363,61.84741422449917,4,what,1,0.13000499999998283,idea,happened,W,T,W,T,internal
541.7775182394539,1128.4372568154968,2351.836381061543,2.9842069269564186,3.3802090951115895,4.28838808372215,5692.3076923076915,0.000034335556738661394,728.3137408344671,0.027000000000000003,0.32142857142857145,1-0-1631-1,ʌ,UT_009,009,2,fave,178.10990011125935,64.67885659328871,4,whatever,2,0.05999700000006669,through,"",W,T,W,T,internal
718.5908788244307,1468.5870179541703,2643.5836523444377,3.209064253765098,3.6983103247739213,4.07167946465934,5871.794871794871,0.00030383878415320386,729.0157428344672,0.051000000000000004,0.3311688311688312,1-0-1633-1,ʌ,UT_009,009,2,fave,84.60670810040048,55.921685665504384,4,but,1,0.13000499999998283,"","",B,T,B,T,internal
718.6601897448522,1318.2304831247257,2385.8408151870203,3.873165912600382,4.059693010692759,4.6243036431299664,6589.74358974359,0.0075274549247198435,740.1357231655329,0.07100000000000001,0.3317757009345795,1-0-1655-1,ʌ,UT_009,009,2,fave,161.75226777461074,59.00199449120486,4,dumb,1,0.19000200000004952,really,and,D,M,D,M,internal
648.3222866339677,1669.069565318028,2633.366480445916,3.4622119264541382,3.7807874806108273,4.388497249547983,5871.794871794871,0.00011353232522509559,744.147757834467,0.035,0.3365384615384616,1-0-1668-1,ʌ,UT_009,009,2,fave,161.57484436672337,64.1618968157573,4,just,1,0.080016999999998,of,keep,JH,S,JH,S,internal
586.2145622626376,1823.3650582628168,2684.3610089294352,3.4028905371015403,3.5838440519250705,4.13975858919388,6230.7692307692305,0.000022860469915593916,753.5237628344671,0.027000000000000003,0.32142857142857145,1-0-1698-3,ʌ,UT_009,009,2,fave,166.17598270662825,62.48080080005791,4,because,1,0.05999700000006669,breathe,when,K,Z,K,Z,internal
811.0915102709826,1400.0656356640034,2842.6991810599993,3.035205134072843,3.464097454344998,3.914957997023081,6051.282051282051,0.0000709913626659599,819.0286465034014,0.037000000000000005,0.324561403508772,1-0-1780-1,ʌ,UT_009,009,2,fave,155.96334541707589,61.835590699064404,4,button,1,0.09002699999996366,a,next,B,T,B,T,internal
752.9880990704419,1246.4960746502059,2846.1539450220575,3.6292543586732107,3.779885062021348,5.374323171156349,5692.3076923076915,0.0012778871661107791,839.1286654965986,0.037000000000000005,0.324561403508772,1-0-1856-1,ʌ,UT_009,009,2,fave,188.49049425072164,61.78676950361922,4,lunch,1,0.08996600000000399,school,came,L,N,L,N,internal
650.474459292695,1421.575256327067,2272.5601967158927,3.493964461205801,3.7021189988980887,3.277909043215955,5871.794871794871,0.000021932173183485608,867.6136528344671,0.031,0.32978723404255317,1-0-1945-2,ʌ,UT_009,009,2,fave,217.7291637903244,69.61475400446984,4,brother,1,0.07000800000002982,my,collects,R,DH,R,DH,internal
810.3683323689688,1446.452566995108,3053.0398694687215,3.5345823891373356,3.4942260836549517,4.0131879502440295,6410.25641025641,0.00022174430591136632,892.1966494965986,0.057,0.3275862068965517,1-0-2040-1,ʌ,UT_009,009,2,fave,140.53098065573636,57.74628088494997,4,sun,1,0.149962999999957,the,"",S,N,S,N,internal
766.8308930733398,1408.7520980053912,2938.435887295897,3.1223555840039463,3.6026838333831686,4.07137334245268,6051.282051282051,0.002011362418355124,912.060223834467,0.055,0.3353658536585366,1-0-2114-0,ʌ,UT_009,009,2,fave,238.65756428561133,58.524907070767036,4,utter,1,0.1400140000000647,"",in,#,T,"",T,initial
717.4136201439675,1366.687170923287,2743.934520575311,3.1534420431039107,3.5056786389755183,4.234255805612226,6051.282051282051,0.000043889816059906634,914.3602704965987,0.035,0.33653846153846156,1-0-2123-1,ʌ,UT_009,009,2,fave,162.0229736958254,64.90572743792936,4,butter,1,0.07995600000003833,the,under,B,T,B,T,internal
954.6288626483599,1587.0645838355977,2966.3483185011955,3.6665274278965407,3.817744127503246,4.065000449134148,7487.179487179487,0.000953638505797002,114.77535483446712,0.129,0.48863636363636365,1-0-114-1,ay0,UT_009,009,2,fave,163.93901428177674,54.89796322133812,4,might,1,0.23999799999999993,"",have,M,T,M,T,internal
675.2371795722385,1805.3830149479945,3106.5581035149844,3.4675700306536457,3.8940437770789798,3.605482449851627,6230.7692307692305,0.00006173192772045122,127.56914883446713,0.025,0.2976190476190476,1-0-152-1,ay0,UT_009,009,2,fave,177.32163976875572,50.051647144302926,4,like,1,0.060005999999987125,"","",L,K,L,K,internal
692.7852693132996,1765.228252211255,2863.529789791945,3.407197128483204,3.6774350978292984,3.9299305779793214,6230.7692307692305,0.0001874207092432767,133.6511511655329,0.049,0.3951612903225807,1-0-171-1,ay0,UT_009,009,2,fave,87.2426176056311,52.376991348112085,4,like,1,0.09999099999998862,for,20,L,K,L,K,internal
678.0989246661014,1511.585822473538,2935.190828090468,3.172549486935731,4.585689987332727,3.800896333944648,6230.7692307692305,0.0038803537182129973,242.5110531655329,0.025,0.24038461538461545,1-0-399-1,ay0,UT_009,009,2,fave,157.55207577576007,57.23791518100986,4,like,1,0.07998699999998848,i,the,L,K,L,K,internal
794.6217584014639,1776.216085569528,2505.2394549675423,3.1838701034254746,3.749472550846022,4.042951281964807,5512.820512820513,0.0008841237350644258,261.9733501655329,0.11099999999999999,0.3775510204081632,1-0-423-3,ay0,UT_009,009,2,fave,166.1880356860265,58.42599132339544,4,alright,1,0.2699890000000096,"","",R,T,R,T,internal
752.1678853315575,1284.3849011362456,3022.4578841093034,3.0875034333665727,3.852561668950529,4.281968769305554,6051.282051282051,0.0013978122438081382,262.76734716553284,0.07900000000000001,0.23652694610778444,1-0-425-1,ay0,UT_009,009,2,fave,171.58927178447527,60.545952582861695,4,like,1,0.3099980000000073,"","",L,K,L,K,internal
646.1925753527971,1705.5566684939,2816.7378814144486,3.34592895124509,3.3194073776828867,3.7630632264028083,6230.7692307692305,0.0001296367507431567,394.2872525034013,0.037000000000000005,0.3557692307692309,1-0-700-1,ay0,UT_009,009,2,fave,118.94801838957522,61.91622847220793,4,like,1,0.080016999999998,was,"",L,K,L,K,internal
673.5928706639681,1675.5035570343518,2967.6271847049497,3.4572439238076864,3.919188439386718,4.369254798931673,6230.7692307692305,0.00015493193424599808,425.4362524965986,0.037,0.3936170212765957,1-0-774-1,ay0,UT_009,009,2,fave,161.37182924002536,59.982971804541975,4,like,1,0.0699769999999944,to,push,L,K,L,K,internal
665.6591714317015,1721.737952759162,3044.2735749762805,3.169931860359602,3.67032050223722,4.158304437681001,7307.692307692308,0.00010088199238537602,438.94134716553293,0.03900000000000001,0.37500000000000006,1-0-818-1,ay0,UT_009,009,2,fave,129.35923759235249,61.643711491657925,4,like,1,0.07998699999996006,also,a,L,K,L,K,internal
816.9300810082274,1742.1041145821239,2949.74708218829,3.5198911107524053,3.8660336789085887,4.323645614501782,6230.7692307692305,0.00026671059253321246,505.9025458344671,0.053000000000000005,0.3955223880597016,1-0-1018-1,ay0,UT_009,009,2,fave,162.94911505582215,62.58267265376901,4,like,1,0.11001600000003009,they're,who,L,K,L,K,internal
708.5194285514833,1909.8151210445028,2941.869476308109,3.51885810390376,3.7342340578887456,3.964845655489069,6051.282051282051,0.00006463792331432224,538.5643598344672,0.033,0.39285714285714285,1-0-1101-1,ay0,UT_009,009,2,fave,82.3591301574204,57.59426537969696,4,like,1,0.05999800000006417,"","",L,K,L,K,internal
672.6974997581538,1816.1020235196402,2910.73673668116,3.3835230580461726,3.5429099097922454,3.9706731194794136,6410.25641025641,0.00024683350034635936,550.7503585034013,0.045,0.39473684210526316,1-0-1144-1,ay0,UT_009,009,2,fave,80.92570988505798,58.65982373830368,4,like,1,0.09002699999996366,people,"",L,K,L,K,internal
723.5401103473214,1835.111952231945,2637.4584884202245,3.1574505549223284,3.8280041214168055,4.766506515014553,7128.205128205128,0.006014094730187345,574.9781658276645,0.049,0.29878048780487804,1-0-1232-1,ay0,UT_009,009,2,fave,158.68142150247564,65.05383854808956,4,right,1,0.1399539999999888,the,length,R,T,R,T,internal
717.4114850403279,1632.765459145173,2806.570252330509,3.12125188988179,3.826911361087454,4.479681419081611,7128.205128205128,0.005377710871212592,580.4851558276644,0.083,0.23446327683615817,1-0-1249-1,ay0,UT_009,009,2,fave,160.40513263404188,61.969480668856484,4,like,1,0.32995600000003833,"","",L,K,L,K,internal
711.5855955496809,1597.4290097040366,2883.360373055661,3.3294490596946535,3.9700814402137024,4.253098607669831,6230.7692307692305,0.000537156881961499,586.5931664965987,0.039,0.34210526315789475,1-0-1267-1,ay0,UT_009,009,2,fave,152.5964607247659,62.00681864534788,4,like,1,0.08996600000000399,know,an,L,K,L,K,internal
720.5875624654996,1845.3926409943297,2759.0190198601445,3.650169383306549,3.9258475041978533,3.69262458990641,6410.25641025641,0.000012375614589640443,590.7096351723357,0.033,0.4459459459459459,1-0-1282-1,ay0,UT_009,009,2,fave,151.9780290246207,58.45456854589049,4,like,1,0.050049000000058186,doing,a,L,K,L,K,internal
846.29619445131,1751.2956810139883,2887.3846411436202,3.0910626187199632,3.854571719377327,4.151759622431885,6769.2307692307695,0.0002443815724348107,603.8256684965986,0.025,0.13586956521739132,1-0-1329-1,ay0,UT_009,009,2,fave,166.71450817407364,63.86519486657465,4,height,1,0.15997300000003634,certain,"",HH,T,HH,T,internal
856.4898244185281,1694.2169122614239,2680.6486377243214,3.404750324722049,4.037738636495837,4.361672467231359,6589.74358974359,0.0012531990053453973,605.6356664965987,0.025,0.13586956521739132,1-0-1336-1,ay0,UT_009,009,2,fave,140.41631402239508,60.22168734978801,4,height,1,0.15997300000003634,another,and,HH,T,HH,T,internal
683.443621652975,1675.0665225517528,3131.5650429785524,3.5317070889443385,4.506378112416228,4.5262725105203545,6410.25641025641,0.0016567402491675103,630.7362524965987,0.025,0.20161290322580647,1-0-1375-1,ay0,UT_009,009,2,fave,155.24247189088697,57.06150160728032,4,like,1,0.09997499999997217,"","",L,K,L,K,internal
649.8112099341054,1750.8138583955329,2988.859797841331,3.6796755836866413,4.107615640497819,4.25953425591364,6410.25641025641,0.00024732233188373877,634.216243834467,0.025,0.26595744680851063,1-0-1386-1,ay0,UT_009,009,2,fave,151.30835796361256,57.805106257102054,4,like,1,0.07000800000002982,"","",L,K,L,K,internal
627.386578838629,1807.5305925300568,3004.490146209958,3.3042247906573143,3.9123786896656814,4.523383611396505,6230.7692307692305,0.00004608812804401557,635.2462681655328,0.025,0.2976190476190476,1-0-1392-1,ay0,UT_009,009,2,fave,153.05441690201215,62.074826854826505,4,like,1,0.059996999999953005,"",trying,L,K,L,K,internal
708.4600725001659,1922.7982658100118,3159.458446620299,3.394406450960599,4.0203405955427325,4.833129119791866,6948.717948717948,0.008514566191162568,670.9768381723355,0.027000000000000003,0.18750000000000003,1-0-1459-1,ay0,UT_009,009,2,fave,83.5108732153588,57.67579172911062,4,right,1,0.12005599999997685,facing,now,R,T,R,T,internal
978.9968057841804,1458.6659710112676,2838.91413702114,3.2879260707856814,4.195630292442747,4.4213154915935995,6948.717948717948,0.00201650441788189,673.0602378344671,0.025,0.11160714285714286,1-0-1465-0,ay0,UT_009,009,2,fave,139.91948649852452,60.93558540957785,4,icy,1,0.20001299999989897,"",conditions,#,S,"",S,initial
916.5727134287456,1710.7589201542435,2660.183135719078,3.3628821645361104,4.325411311697428,4.565356010201776,6589.74358974359,0.0036436506366580765,675.4102634965986,0.025,0.14367816091954022,1-0-1471-0,ay0,UT_009,009,2,fave,115.92557036222426,60.356218548646,4,ice,1,0.14996300000007068,the,is,#,S,@,S,initial
920.7823051446944,1465.2788847874335,2702.032861684512,3.3951240813160846,3.826100992429859,4.3119916986839675,6051.282051282051,0.0036631797859821603,685.7952598344672,0.075,0.33482142857142855,1-0-1509-0,ay0,UT_009,009,2,fave,130.56662729699354,58.54033890610851,4,ice,1,0.20001300000001265,the,and,#,S,@,S,initial
1040.5108484412638,1488.2988866510304,2693.8084679593853,3.3324542387100347,3.806437575311721,4.087679099888447,5871.794871794871,0.0023361015154441003,689.2532614965986,0.091,0.3095238095238095,1-0-1519-0,ay0,UT_009,009,2,fave,7.541732719563473,57.947585960274196,4,ice,1,0.26995799999997416,"",makes,#,S,"",S,initial
699.1036942208559,1670.5647318254698,2911.547408548633,3.6176731395858654,3.6966740362947115,3.9913855784726993,6051.282051282051,0.0000856964005609246,708.2131608276645,0.029,0.30851063829787234,1-0-1561-1,ay0,UT_009,009,2,fave,153.82188290763835,60.39982775957535,4,like,1,0.06994699999995646,snowboarding,you,L,K,L,K,internal
678.9525767539536,1651.9857629841088,3136.6626493308886,3.0865567966252514,3.8601050364174996,4.356467312583568,6769.2307692307695,0.00017809771835221736,718.2881248344671,0.03900000000000001,0.3750000000000001,1-0-1595-1,ay0,UT_009,009,2,fave,162.7853899976015,66.20545019189912,4,like,1,0.080016999999998,control,a,L,K,L,K,internal
775.7311131155665,1690.639529119268,3164.091277577373,3.6712150460542965,3.7595310767456027,4.330858551151207,5871.794871794871,0.0021016357497686917,725.3781361655329,0.059000000000000004,0.38311688311688313,1-0-1621-1,ay0,UT_009,009,2,fave,83.0361895448168,54.61624758536057,4,like,1,0.13000499999998283,them,"",L,K,L,K,internal
681.5653840010325,1804.7353964355075,2841.54554169406,2.9817962985359645,3.7456996132880005,3.9713375907023623,6051.282051282051,0.0005980653224007952,747.4907691655329,0.061000000000000006,0.42361111111111116,1-0-1677-1,ay0,UT_009,009,2,fave,178.6665504254199,63.423894755786336,4,like,1,0.11999500000001717,because,"",L,K,L,K,internal
746.5546737679398,1770.6464391803634,2437.979243023871,3.737175766562421,3.569662423554752,4.294602408204466,5871.794871794871,8.770301612634444e-6,752.550776165533,0.041,0.4880952380952381,1-0-1695-1,ay0,UT_009,009,2,fave,163.6282421381472,61.82653132504451,4,myself,2,0.05999799999995048,remind,to,M,S,M,S,internal
741.0759077038134,1785.4882303818817,2372.644489007317,3.102027589597141,3.8019830163435087,4.227584669002698,6769.2307692307695,0.000422215138634241,857.9471334965987,0.041,0.3059701492537314,1-0-1926-1,ay0,UT_009,009,2,fave,80.35379066718909,63.222030747095296,4,writer,1,0.10998500000005151,the,tonight,R,T,R,T,internal
840.8752022426345,1775.3207971534032,2980.7587394381394,3.648226693982372,3.532873581954074,3.8435438988782207,6230.7692307692305,0.0003133914789463126,858.4091758344671,0.025,0.11682242990654208,1-0-1927-3,ay0,UT_009,009,2,fave,196.089886996954,59.44814206174846,4,tonight,1,0.1900029999999333,writer,"",N,T,N,T,internal
778.5905028281459,1733.3243360960296,2418.007361432681,3.2090261399936044,3.664115014526014,4.026047681810555,7307.692307692308,0.000422754836187437,870.6316571655328,0.047,0.3263888888888889,1-0-1957-1,ay0,UT_009,009,2,fave,117.17026540402297,60.05630543289438,4,writer,1,0.11999500000001717,the,tonight,R,T,R,T,internal
826.6784144681386,1747.8162482421826,2936.3089454903616,3.461447781223593,3.507316582290696,3.71456723644646,6051.282051282051,0.00020740182708617577,871.1006438344671,0.025,0.10683760683760685,1-0-1958-3,ay0,UT_009,009,2,fave,181.2376104270503,57.38921155545968,4,tonight,1,0.21002199999998084,writer,"",N,T,N,T,internal
812.6263762865711,1736.7554975262742,2558.138744396849,3.0821649045150505,3.8319498042361997,4.111573875659848,6230.7692307692305,0.0009255773061134225,900.6602598344671,0.055,0.3819444444444445,1-0-2070-1,ay0,UT_009,009,2,fave,163.01731481457497,65.30966100271326,4,vikings,1,0.11999500000001717,the,are,V,K,V,K,internal
718.5670394286193,1636.5477515436723,3117.950428855603,3.5503102348870845,3.8752149720306175,4.215457333158671,6589.74358974359,0.0001204155270727653,916.080252834467,0.035,0.37234042553191493,1-0-2130-1,ay0,UT_009,009,2,fave,168.38489018312927,61.987446285781154,4,like,1,0.07000700000003235,geese,to,L,K,L,K,internal
458.9857138424126,2255.4145191041816,2696.486862495353,3.2654990754375426,3.6610007751096023,4.041842996106091,6230.7692307692305,0.0003680302671867587,116.48014716553287,0.027000000000000003,0.32142857142857145,1-0-123-1,iyr,UT_009,009,2,fave,NaN,48.175167751928925,4,year,1,0.05999800000000732,a,"",Y,R,Y,R,internal
550.8288085299479,2031.5956335191686,2721.245293393638,3.032239609136686,3.8630055219696606,4.419128091926482,7128.205128205128,0.00046525814648815686,130.35514783446715,0.037,0.32456140350877194,1-0-164-1,iyr,UT_009,009,2,fave,177.75083569366143,58.549683976580944,4,syracuse,1,0.09001200000000154,"",since,S,R,S,R,internal
543.3589294380694,2104.934095509292,2693.878974722501,3.1186868827476966,3.9749589542344816,4.138357681032272,6948.717948717948,0.00035768883432867385,132.7371528344671,0.04100000000000001,0.3306451612903227,1-0-169-1,iyr,UT_009,009,2,fave,178.55437927260556,56.66361988711367,4,syracuse,1,0.10000600000000759,"",for,S,R,S,R,internal
550.7311303868288,2261.979316691748,2673.2843181538724,3.433960903076856,3.931777761456426,3.943198524512336,6051.282051282051,0.0001193145002567271,134.31014916553286,0.027000000000000003,0.32142857142857145,1-0-173-1,iyr,UT_009,009,2,fave,166.87389420625775,49.948330147012435,4,years,1,0.05999800000000732,20,"",Y,R,Y,R,internal
474.09916954983174,2117.234845322891,2880.1825216717707,3.291263529283722,4.210814807134819,4.294933240801821,6051.282051282051,0.02126071643501472,400.9212381655329,0.047,0.3263888888888889,1-0-725-1,iyr,UT_009,009,2,fave,162.90173638218556,56.78612254320916,4,years,1,0.11999600000001465,20,"",Y,R,Y,R,internal
482.2575458524347,1682.6675145905442,2570.8509306445612,3.5919210345040185,3.404291748102614,4.0021716433826455,5512.820512820513,0.00009774174316210267,144.08015883446714,0.027000000000000003,0.32142857142857145,1-0-178-1,u,UT_009,009,2,fave,181.91698155886772,50.97570829176255,4,took,1,0.05999800000000732,i,japanese,T,K,T,K,internal
532.7444464019931,1821.804556611708,2593.4712130137723,2.901825950763452,3.356233121154044,3.993871998100386,5871.794871794871,0.00007456610695846805,217.96624783446714,0.037,0.32456140350877194,1-0-328-1,u,UT_009,009,2,fave,176.09075092509318,63.810038591622465,4,good,1,0.09001100000000406,really,mom,G,D,G,D,internal
512.9801779276089,1830.8615003637956,2404.0262911346454,2.6967500381085916,3.933772139010608,4.251654810599495,5871.794871794871,5.114125804737439e-6,219.62025083446713,0.025,0.33783783783783783,1-0-339-1,u,UT_009,009,2,fave,166.5979508509849,65.1632965434179,4,good,1,0.050003000000003794,really,mom,G,D,G,D,internal
504.0738169889015,878.676544405742,1208.9035836181774,3.296413999161846,3.776460393609466,3.4551259199935593,3179.4871794871797,0.000672022462831278,233.83405083446712,0.031,0.32978723404255317,1-0-369-1,u,UT_009,009,2,fave,171.86431890183715,57.64758517982677,4,look,1,0.0700080000000014,to,at,L,K,L,K,internal
539.193677464864,1036.0174586724825,2834.673136983672,2.9889289472583407,2.924288132336403,3.8883807116113442,5871.794871794871,0.00010432141788237895,425.78323983446717,0.031,0.32978723404255317,1-0-775-1,u,UT_009,009,2,fave,170.82422721069292,64.86074556982561,4,push,1,0.0700069999999755,like,you,P,SH,P,SH,internal
525.229465983585,1135.949075937847,2643.8939768740197,3.2510717165822256,3.4868821675089836,4.168959575748278,6230.7692307692305,0.0000891839437230878,451.8353411655329,0.027000000000000003,0.32142857142857145,1-0-857-1,u,UT_009,009,2,fave,185.91603258855804,64.09645318765264,4,push,1,0.05999800000000732,"",with,P,SH,P,SH,internal
593.883474615055,1839.878539829918,2353.0074394758335,3.2745675385502095,3.672787456282775,4.059330814423642,5871.794871794871,0.000021745963445725342,566.9971451655329,0.027000000000000003,0.32142857142857145,1-0-1198-1,u,UT_009,009,2,fave,167.56949910204236,61.25156964899276,4,good,1,0.05999800000006417,a,pair,G,D,G,D,internal
531.3834166060172,1718.5519171861565,2599.2435679788427,2.9841840280815775,3.483017022385722,3.9550684692666804,5692.3076923076915,8.615093297236725e-6,570.3671468344671,0.027000000000000003,0.32142857142857145,1-0-1213-1,u,UT_009,009,2,fave,166.01093950636906,62.91666358501401,4,shouldn't,1,0.05999700000006669,they,"",SH,D,SH,D,internal
545.3664371010075,1238.7458124483865,2896.757698858334,3.2730730712770253,3.384938659244393,3.89927451046536,5692.3076923076915,0.00004779696550313583,638.7472681655329,0.027000000000000003,0.32142857142857145,1-0-1405-1,u,UT_009,009,2,fave,153.2834631155418,59.67895261038373,4,look,1,0.059996999999953005,you,at,L,K,L,K,internal
644.6717580176733,1241.8721191149893,2688.4645572612576,3.0863432536945767,3.2276936636158764,3.556141531134041,6051.282051282051,0.0003327652115870587,816.0736741655329,0.047,0.3263888888888889,1-0-1768-1,u,UT_009,009,2,fave,82.71914489233268,58.40833467949946,4,books,1,0.11999500000001717,fantasy,contain,B,K,B,K,internal
672.8222088888791,1625.4327656368303,2653.572251476883,3.594399739892621,3.3811175197148517,3.5472702465103465,6230.7692307692305,0.00009352462891657125,857.3921568344671,0.031,0.32978723404255317,1-0-1923-1,u,UT_009,009,2,fave,175.5321270642224,61.15468941179479,4,cooked,1,0.07000700000003235,was,by,K,K,K,K,internal
610.4070532231347,1522.1068890961317,2743.198145973659,3.6092619114230002,4.093230545195837,3.5021007961930315,6769.2307692307695,0.0004458993654283542,870.1056438344671,0.035,0.3365384615384616,1-0-1954-1,u,UT_009,009,2,fave,194.37051020649824,61.30151091524734,4,cooked,1,0.080016999999998,was,by,K,K,K,K,internal
561.4465370906593,1643.3766376128347,2919.805852330917,2.6691944816951754,3.7836224392852977,4.164555768668534,6230.7692307692305,0.00043475332371709964,874.495648834467,0.055,0.33536585365853655,1-0-1971-2,u,UT_009,009,2,fave,178.17383670580824,62.64394540261119,4,stood,1,0.140013999999951,sailor,at,T,D,T,D,internal
581.8788376403985,1175.8964869160468,2758.477682264858,3.6895976146492497,3.117512917145013,3.246772347988371,6051.282051282051,0.00007907450333268512,876.4586741655329,0.040999999999999995,0.33064516129032256,1-0-1980-1,u,UT_009,009,2,fave,203.29623079595274,63.68622533049617,4,book,1,0.09997600000008333,the,had,B,K,B,K,internal
583.8307532657624,876.784273691954,2277.4632699604485,3.734766129093837,3.2498854316564127,4.721190505601731,4615.384615384615,0.0000646063556619025,883.0336358344671,0.031,0.32978723404255317,1-0-2009-1,u,UT_009,009,2,fave,191.63306241763985,62.05428344059168,4,woman,1,0.07000800000002982,the,saw,W,M,W,M,internal
568.1567549573595,1086.271486698539,2804.644084314496,3.40571299604286,3.1873891311000664,3.673167228796513,5692.3076923076915,0.0007747839572982629,898.4652521655329,0.045,0.3358208955223881,1-0-2062-1,u,UT_009,009,2,fave,191.20732741225862,66.55157035128718,4,book,1,0.10998500000005151,the,needs,B,K,B,K,internal
523.7515583235482,2006.6020080729795,2724.899122082732,2.9586140065117337,3.488706333942365,3.9373428781709396,5692.3076923076915,0.004853663408352529,152.88845483446713,0.025,0.0946969696969697,1-0-190-1,Tuw,UT_009,009,2,fave,128.26251810615884,59.90188063348482,4,two,1,0.24000499999999647,to,"",T,#,T,"",final
484.6535484152464,1965.511952535276,2733.1897305788175,2.944446674329911,3.4157406774289565,3.719498248510577,5692.3076923076915,0.00005795614703025293,169.5584471655329,0.025,0.21929824561403513,1-0-206-1,Tuw,UT_009,009,2,fave,169.6670538752573,56.369536051589094,4,do,1,0.08999599999998509,old,her,D,#,D,HH,final
400.3586350622046,2094.8733293154783,2642.4798018908336,3.3281880008218376,3.9719513004492737,4.573569468936139,5692.3076923076915,0.0003343360668135668,181.46514583446714,0.025,0.26595744680851063,1-0-250-1,Tuw,UT_009,009,2,fave,139.0857191497646,53.95585680861519,4,to,1,0.07000700000000393,old,soccer,T,#,T,S,final
391.34309362168136,2148.3478024091914,2834.573777844759,2.257350946015034,3.6032348040634767,3.725135308551045,5692.3076923076915,0.0030127275306342616,237.31104116553288,0.025,0.20161290322580647,1-0-379-1,Tuw,UT_009,009,2,fave,190.1350206813309,61.10351031661198,4,super,1,0.10000600000000759,they're,duper,S,P,S,P,internal
518.681431543855,1896.2666336266097,2444.256601228653,3.7366126251271883,3.822495538666805,4.5299995969692946,5512.820512820513,0.0005621924467065016,263.4503448344671,0.025,0.24038461538461536,1-0-427-1,Tuw,UT_009,009,2,fave,192.56446192200036,58.235696679327134,4,two,1,0.080016999999998,"",months,T,#,T,M,final
505.494882561663,1331.79398672909,1671.9650800605807,2.849676246588001,3.3120844652081867,3.8312140435656095,5512.820512820513,0.0004581589706764077,317.5521451655329,0.025,0.14367816091954025,1-0-582-2,Tuw,UT_009,009,2,fave,173.01027681595272,63.29401470417388,4,grew,1,0.1499939999999924,i,up,R,#,R,ʌ,final
536.3393605027816,2095.9242130929492,2625.824801146395,3.2892191359734038,3.5884976855676025,4.221883755868196,5512.820512820513,0.07108538967845145,341.1518518344671,0.025,0.11160714285714286,1-0-631-1,Tuw,UT_009,009,2,fave,235.34029388771054,51.670585884781474,4,two,1,0.20001200000001518,at,"",T,#,T,"",final
456.3116294633505,1984.447789497808,2333.703755873886,3.3209355980616775,3.852327784380017,3.8926762582093857,5512.820512820513,0.000256591373113878,392.47124883446713,0.025,0.26595744680851063,1-0-693-1,Tuw,UT_009,009,2,fave,168.1551144998928,58.157602609593845,4,super,1,0.0700069999999755,a,young,S,P,S,P,internal
526.3123490551826,1679.9625532440755,2347.1697768764693,3.2683512655639024,3.094885129887114,3.8549763175987075,5692.3076923076915,0.0015699621915021954,490.1585658344671,0.025,0.04280821917808219,1-0-961-2,Tuw,UT_009,009,2,fave,177.89024051337563,63.779022291011074,4,through,1,0.5599980000000073,went,"",R,#,R,"",final
486.63135805284946,2099.57382571222,2630.710650266978,3.1627257179267505,3.929692111908285,4.069982638133137,5692.3076923076915,0.0007231525845696553,501.5685388344671,0.025,0.16233766233766234,1-0-1003-1,Tuw,UT_009,009,2,fave,162.49805144352885,57.93083256220909,4,newborn,1,0.13000499999998283,our,and,N,B,N,B,internal
494.2944016783425,2058.8270268963097,2511.3156927922223,3.0554192136542695,4.030743859689667,4.357002469730245,5692.3076923076915,0.0016400795564015668,512.4529445034013,0.025,0.20161290322580647,1-0-1049-1,Tuw,UT_009,009,2,fave,160.4050853725996,56.84050429778073,4,newborn,1,0.10003599999993185,our,"",N,B,N,B,internal
366.87229442187,1864.6794047619953,2615.8077479158587,2.962279800558195,3.529264293866176,3.68365205473536,5692.3076923076915,0.00007430784758187528,541.0003685034013,0.025,0.24038461538461536,1-0-1113-1,Tuw,UT_009,009,2,fave,169.54219193830247,57.738801485477275,4,two,1,0.080016999999998,on,pair,T,#,T,P,final
477.61392812134534,1812.7835197778734,2209.4206844812993,3.130203341066078,3.5887307921440343,4.015942036070756,5512.820512820513,0.002265975923514844,558.0003628344671,0.025,0.07267441860465115,1-0-1169-2,Tuw,UT_009,009,2,fave,199.90569490823282,59.59612539185252,4,bruise,1,0.32000700000003235,a,"",R,Z,R,Z,internal
593.7172024671797,2091.2928850013095,2836.7512682688866,3.491940060395081,3.7428021281802915,4.079844860152202,5692.3076923076915,0.00030743810004295465,565.2761638276644,0.025,0.15243902439024393,1-0-1190-1,Tuw,UT_009,009,2,fave,157.09197040909388,59.38767054229712,4,new,1,0.13995299999999133,brand,and,N,#,N,@,final
409.9475084215838,2186.665280074387,2802.7018116857466,3.237061956440368,3.954976067084547,4.290138424200008,5692.3076923076915,0.0006407079227291159,590.4756495034013,0.025,0.21929824561403513,1-0-1281-1,Tuw,UT_009,009,2,fave,171.0062951285696,59.44021181798674,4,doing,1,0.09002599999996619,"",like,D,i,D,i,internal
463.8797010058898,1954.4817699417872,2618.4747818043124,2.860475298109132,3.7974797730049232,4.0683772934180595,5692.3076923076915,0.00029116758280393624,593.0256365034013,0.025,0.20161290322580647,1-0-1292-1,Tuw,UT_009,009,2,fave,228.72694223515293,65.76118687429434,4,do,1,0.10003700000004301,just,little,D,#,D,L,final
420.452810529467,2163.2661740742105,2653.695051673263,3.2556870372070907,4.163937793660889,4.518386187756065,5692.3076923076915,0.0038818634696945993,598.3356345034013,0.025,0.0946969696969697,1-0-1313-1,Tuw,UT_009,009,2,fave,162.90843448101333,61.436756914163226,4,to,1,0.24005099999999402,them,turn,T,#,T,T,final
561.7892230341777,2127.960036517463,2742.967081489212,3.511916849354901,4.295151283800154,4.599787872110992,6410.25641025641,0.002609703735380521,632.5762241655328,0.025,0.17361111111111113,1-0-1383-1,Tuw,UT_009,009,2,fave,150.86148294224103,56.40569006746254,4,new,1,0.11999500000001717,try,things,N,#,N,TH,final
440.04264590260357,2067.1122677131216,2644.775075719283,3.3489178281727185,3.553800599628353,4.073341393330169,5692.3076923076915,0.00009848165907631895,634.7862518344671,0.025,0.24038461538461545,1-0-1389-1,Tuw,UT_009,009,2,fave,168.4967168074149,60.291793422670146,4,soon,1,0.080016999999998,as,as,S,N,S,N,internal
527.8829529832353,1479.8452642697862,2560.280754430217,3.2375188081033617,3.520083187225439,4.012459905256111,5871.794871794871,0.00006032069136019592,636.496273834467,0.025,0.26595744680851063,1-0-1396-1,Tuw,UT_009,009,2,fave,163.9694422354274,61.949914393458116,4,to,1,0.07000700000003235,transition,a,T,#,T,@,final
430.44020214416275,2112.3603929071596,2743.236322166632,3.237663512191958,3.9406993072075527,4.2683309461445536,5692.3076923076915,0.0005270376076018823,637.7062338344671,0.025,0.17361111111111113,1-0-1401-1,Tuw,UT_009,009,2,fave,74.85562358375498,54.80172289257573,4,super,1,0.11999600000001465,is,hard,S,P,S,P,internal
451.25204910328245,2137.5786328662603,2583.03306829473,3.067752484957196,3.594683129851073,3.979775415022907,5692.3076923076915,0.0005583398796205619,647.0839751655328,0.025,0.18656716417910452,1-0-1440-3,Tuw,UT_009,009,2,fave,156.61976836717565,61.36286771744064,4,into,1,0.10998499999993783,working,whatever,T,#,T,W,final
491.91159930744703,1874.3722952524142,2261.896124546218,2.9592842543350524,3.537532909541276,3.752022981458165,5871.794871794871,0.000013621741687137573,684.620235834467,0.025,0.26595744680851063,1-0-1502-2,Tuw,UT_009,009,2,fave,165.43072419817915,62.23640426290615,4,through,1,0.07000700000003235,cut,the,R,#,R,DH,final
496.47524906834235,2057.2367188489243,2596.409357067259,3.542756859496121,3.5840770310682535,4.185709103964533,5871.794871794871,0.00031917962742879127,706.2111778344671,0.025,0.17361111111111113,1-0-1554-1,Tuw,UT_009,009,2,fave,197.14327004593946,62.55199457987755,4,to,1,0.11999499999990348,react,it,T,#,T,i,final
493.9294351817867,1581.5171241427831,1950.3173520877674,3.4240179641713455,3.612642176539627,3.6992318009694793,5692.3076923076915,0.00010104342873055414,728.182735834467,0.025,0.24038461538461545,1-0-1630-2,Tuw,UT_009,009,2,fave,179.0611384212659,60.30991865662462,4,through,1,0.080016999999998,work,whatever,R,#,R,W,final
544.7948194363871,2246.047545224351,2859.129541765724,3.653814624450069,4.161907136853938,4.7094451763885035,5692.3076923076915,0.0676846891936035,733.1727258344671,0.025,0.11160714285714286,1-0-1648-1,Tuw,UT_009,009,2,fave,-2025968.408330199,52.642890738549234,4,too,1,0.20001200000001518,"","",T,#,T,"",final
407.5780030805032,2069.699549487074,2706.907042001647,3.3416198914241084,3.6520934900024122,3.9810806665794503,5512.820512820513,0.00014927219126862137,748.0927641655328,0.025,0.21929824561403513,1-0-1681-1,Tuw,UT_009,009,2,fave,168.8581060173098,64.32379898300537,4,super,1,0.08996600000000399,it's,stressful,S,P,S,P,internal
469.84604952529435,1416.2448740210464,1866.4104036495228,3.465441943146288,3.8325916082159535,3.64595669857975,5692.3076923076915,0.0001695077711259674,809.2887481655328,0.025,0.18656716417910452,1-0-1743-2,Tuw,UT_009,009,2,fave,182.7242772589442,61.635672821596415,4,drew,1,0.10998500000005151,teacher,a,R,#,R,@,final
443.69916396636955,1976.8299171186377,2762.4189341039546,3.044187956981365,3.438364730109795,3.6398730421886536,5692.3076923076915,0.0009069699027483267,866.5006678344671,0.025,0.0880281690140845,1-0-1942-1,Tuw,UT_009,009,2,fave,185.51338427529257,59.08391331979844,4,two,1,0.26000999999996566,page,"",T,#,T,"",final
348.24872308962256,1508.533426336399,2665.9910685282825,2.8662018979521298,3.4468815157218526,4.078782059410188,5692.3076923076915,0.000014499750233764508,917.1852378344671,0.025,0.2976190476190476,1-0-2134-1,Tuw,UT_009,009,2,fave,175.03719915661574,58.378152473618684,4,to,1,0.05999799999995048,down,the,T,#,T,DH,final
754.6862732419985,1761.8496237534437,2641.125295819691,3.363374983923684,4.061271722897143,4.788341851332323,6589.74358974359,0.00110147083840503,183.1781461655329,0.031,0.2719298245614035,1-0-255-1,aw,UT_009,009,2,fave,562.9902452546464,53.396801521408875,4,south,1,0.08999700000001098,either,weber,S,TH,S,TH,internal
858.4754028474619,1471.4220721091203,2537.8907510813015,3.539835541147322,3.364180828003213,4.1048302262678185,6051.282051282051,0.00021564027815323256,224.39024916553288,0.025,0.21929824561403513,1-0-351-4,aw,UT_009,009,2,fave,186.0561375264525,63.44549074130601,4,somehow,2,0.08999700000001098,"",i've,HH,#,HH,ay,final
806.4192950967737,1822.6998790033047,2866.59697757675,3.3174492183596787,3.8521618712996193,3.9807139075645113,5871.794871794871,0.0006712800441610726,239.90505316553288,0.033,0.1896551724137931,1-0-389-0,aw,UT_009,009,2,fave,160.14759533650908,55.595753736649606,4,out,1,0.1499939999999924,hang,with,#,T,NG,T,initial
840.5981192672598,1789.1951989284655,2994.9032899550584,3.4909917854096655,3.4799653584169965,4.580125757069159,5871.794871794871,0.0018780073357647087,244.48305983446713,0.029,0.17682926829268295,1-0-410-0,aw,UT_009,009,2,fave,150.10484390434794,53.35954433790531,4,out,1,0.13999999999998636,hang,with,#,T,NG,T,initial
687.3479661956358,1410.4343745466767,3322.4840430327004,3.3130255214439175,4.077237650572341,4.522291517053874,7307.692307692308,0.0013324936796583423,275.44035583446714,0.045,0.2922077922077922,1-0-467-0,aw,UT_009,009,2,fave,177.89318639692874,60.503689037565174,4,outside,1,0.1300040000000422,cold,so,#,T,D,T,initial
702.9856462128586,1834.0812738827785,2618.7735334161785,3.0423703395694113,3.7727190893217957,4.100130314070344,6051.282051282051,0.00023380100379599895,279.2333428344671,0.031,0.2152777777777778,1-0-485-0,aw,UT_009,009,2,fave,84.75118149902835,60.46183072664192,4,out,1,0.11999500000001717,walked,behind,#,T,T,T,initial
725.5692891783256,1872.6717520260763,2689.5406711650735,3.4820800719104605,3.8327011342002915,4.227833074754697,5871.794871794871,0.00023762600995487458,283.7254458344671,0.029,0.18831168831168832,1-0-504-0,aw,UT_009,009,2,fave,97.99899659994462,59.60926256013424,4,out,1,0.13000499999998283,worked,really,#,T,T,T,initial
645.3593010605056,1602.462557589664,2581.0425899181587,2.8885747676541254,4.099274268283999,4.49889100962665,7128.205128205128,0.00023007232574063976,297.8044571655329,0.027,0.25961538461538464,1-0-556-2,aw,UT_009,009,2,fave,195.86458410655595,67.41226925691929,4,about,1,0.0799870000000169,was,an,B,T,B,T,internal
795.0428117414309,1548.9229561614545,2680.430912398078,3.480360961861223,3.7077279305299053,4.969087355442139,6410.25641025641,0.0007828381905925815,314.5221518344671,0.025,0.26595744680851063,1-0-574-1,aw,UT_009,009,2,fave,-8342.998231611691,55.05590758109129,4,powder,1,0.07000800000002982,love,mountain,P,D,P,D,internal
811.9290100896222,1744.265822290183,2958.966620711791,3.8030084471777976,3.8946678303916595,4.615039521746254,7128.205128205128,0.0019091421469629812,314.74813816553285,0.057,0.3275862068965517,1-0-575-1,aw,UT_009,009,2,fave,168.4606970955533,57.22653291824045,4,mountain,1,0.14999400000004925,powder,"",M,N,M,N,internal
831.8881477389192,1422.7949879791204,2420.4807878968013,3.3787025355379297,3.904966497215783,4.73518341662865,6948.717948717948,0.00005423573683254646,403.86025116553293,0.025,0.2976190476190476,1-0-730-1,aw,UT_009,009,2,fave,-128.319914643107,62.65945035722923,4,powder,1,0.05999700000000985,at,mountain,P,D,P,D,internal
812.6853572179344,1765.4885645921486,2987.484766970283,3.746208616387977,3.7409177062356433,4.552088257822079,7307.692307692308,0.00229605676821975,404.05425883446713,0.033,0.26612903225806456,1-0-731-1,aw,UT_009,009,2,fave,160.6433515339569,59.46866438821936,4,mountain,1,0.10000600000000759,powder,"",M,N,M,N,internal
802.779694359464,1439.197206031518,2366.9941017653214,3.4700613687026465,3.3506860597124732,4.375056816307618,5692.3076923076915,0.0005433805513551683,418.2702541655329,0.025,0.17361111111111113,1-0-754-1,aw,UT_009,009,2,fave,169.21053786452524,57.69288048021951,4,how,1,0.11999500000001717,"",to,HH,#,HH,T,final
827.9559460064087,2096.478471957085,2636.261029601826,3.7231394923334515,3.989968447274161,4.567082609576527,6769.2307692307695,0.005874857149785218,446.7043571655328,0.045,0.23195876288659792,1-0-841-1,aw,UT_009,009,2,fave,159.89308507682009,53.19466816643901,4,downhill,1,0.169983000000002,you're,"",D,N,D,N,internal
892.6675848023104,1675.5080571641838,2665.5824228773618,3.5634891742905066,3.6711406598211065,4.300151439318542,5871.794871794871,0.0009223029529024912,505.3195541655329,0.047,0.17153284671532845,1-0-1015-0,aw,UT_009,009,2,fave,159.25312479574907,61.27556434948897,4,out,1,0.25,him,and,#,T,M,T,initial
774.3924548410865,1792.8159451631816,2321.0013203400817,3.664558039420993,3.5231112407815357,4.587162039541079,5871.794871794871,0.0011957436170692557,581.8661325034013,0.065,0.33505154639175255,1-0-1252-1,aw,UT_009,009,2,fave,159.93207187402777,61.7461921826442,4,around,1,0.17004399999996167,scooting,with,*hr,N,*hr,N,internal
830.7487818013129,1848.045373795865,2533.213043395484,3.347425434502413,3.798376621750372,4.232863757604232,6051.282051282051,0.000943622237444439,588.5121508344671,0.057,0.32758620689655177,1-0-1277-1,aw,UT_009,009,2,fave,153.4050246691189,60.96962473895842,4,downhill,1,0.15002500000002783,going,v,D,N,D,N,internal
764.4417288022584,2074.681047730277,2771.94374543952,3.9966415399380395,3.8397315238072554,4.973688802893323,6948.717948717948,0.01700988326593257,671.2518596439909,0.057,0.16666666666666666,1-0-1460-1,aw,UT_009,009,2,fave,163.09362736192148,59.261580430090895,4,now,1,0.3181160000000318,right,"",N,#,N,"",final
891.1646246165919,1461.163271040242,2520.272365326153,3.6940894490396503,3.6478768466870943,4.636608594294176,6589.74358974359,0.00021936339481555496,686.5202598344671,0.025,0.26595744680851063,1-0-1513-0,aw,UT_009,009,2,fave,78.05862377459195,57.103571291077124,4,out,1,0.07000799999991614,you're,of,#,T,R,T,initial
780.4478265155278,1799.9922199401103,2714.5842049195107,2.752515580213856,3.445253132723132,4.231953090245037,5871.794871794871,0.0008377500247629117,714.9151751655328,0.053,0.17434210526315785,1-0-1583-0,aw,UT_009,009,2,fave,188.65358591148794,62.59152166256177,4,out,1,0.2799680000000535,stressed,"",#,T,T,T,initial
677.4996053405108,1758.3412893218033,2681.3818634790655,3.096892814549444,3.8753364463403925,4.773259789785275,6948.717948717948,0.0008579574331807415,754.405767834467,0.031,0.2152777777777778,1-0-1703-0,aw,UT_009,009,2,fave,81.89664911209603,62.362326657097356,4,out,1,0.11999500000001717,stressed,i,#,T,T,T,initial
798.9628813638171,1979.579256027794,2791.1212655437394,3.542348629565562,3.553074290656017,4.300023612794453,7128.205128205128,0.0002009229449938207,823.8416321655328,0.043000000000000003,0.3208955223880598,1-0-1797-1,aw,UT_009,009,2,fave,174.7805049495499,59.75823479628434,4,found,1,0.10998600000004899,parents,a,F,N,F,N,internal
797.149916833986,1643.0248429311828,2667.327302015065,3.2018058419391893,4.140339603531761,4.03450789090953,6589.74358974359,0.00058744313878866,845.4631638344672,0.033,0.22916666666666669,1-0-1879-2,aw,UT_009,009,2,fave,157.86376837621688,60.79093654478596,4,about,1,0.11999500000001717,heard,a,B,T,B,T,internal
779.7722746539272,1691.4838838412545,2625.6182827274924,3.2953234537904867,3.8275134251189673,4.06207298933013,6051.282051282051,0.00017715893577028853,852.5961631655329,0.039,0.29104477611940305,1-0-1907-2,aw,UT_009,009,2,fave,168.89347430852308,60.47030850361781,4,about,1,0.10998500000005151,learned,the,B,T,B,T,internal
838.0691993592916,2028.8796659412874,2764.214544082846,3.3481611975629555,3.8086242069640415,4.379251278886814,5692.3076923076915,0.0012226346593118378,852.9131611655328,0.053,0.3680555555555556,1-0-1909-1,aw,UT_009,009,2,fave,170.15897190081674,54.657937095761525,4,mountains,1,0.11999500000001717,the,in,M,N,M,N,internal
786.3182026422998,1847.0627696763797,2775.533374606466,3.3319607084137903,3.6527687714960875,3.6171568091184563,5871.794871794871,0.00006109159091994292,872.1236514965987,0.031,0.2719298245614035,1-0-1962-1,aw,UT_009,009,2,fave,180.6000548384811,57.05274800194307,4,found,1,0.08996600000000399,child,a,F,N,F,N,internal
818.7214592235428,1894.4967845333663,2796.4381831904752,3.3617572561285627,3.48307438288769,3.946607835824219,5871.794871794871,0.000052897287697782405,878.7176345034013,0.039,0.34210526315789475,1-0-1991-1,aw,UT_009,009,2,fave,180.03547600868552,58.79847921333118,4,found,1,0.09002700000007735,mary,a,F,N,F,N,internal
678.5600360169873,1613.3590454348046,2766.324779147572,3.14520168417173,3.6482837268724926,4.021715891596428,5871.794871794871,0.000398815268370882,879.5446401655328,0.033,0.24626865671641796,1-0-1995-2,aw,UT_009,009,2,fave,160.0718885565483,62.10090062189214,4,about,1,0.10998500000005151,tale,zebras,B,T,B,T,internal
814.9852108555312,1966.4533825694527,2922.8636807713324,3.7284023372908575,3.8674968131154057,3.8864374858224155,7128.205128205128,0.00040130804239306363,896.860267165533,0.055,0.4104477611940299,1-0-2056-1,aw,UT_009,009,2,fave,167.17039727138302,56.458643140482955,4,fountain,1,0.10998499999993783,new,for,F,N,F,N,internal
888.2367660490535,1830.1230248895108,2961.56724238521,3.414624169103303,4.10999070189333,4.329318827910531,6230.7692307692305,0.0020887418827400697,902.1152648276644,0.045,0.2922077922077922,1-0-2076-0,aw,UT_009,009,2,fave,81.27942391035832,56.98060095411154,4,out,1,0.12994400000002315,"",of,#,T,"",T,initial
843.0600167460759,1714.5659236254896,2715.6278327595146,3.8911168136435044,3.6580431950279895,4.529755424497269,6769.2307692307695,0.0032663436173915503,905.550223834467,0.035,0.15625000000000003,1-0-2088-1,aw,UT_009,009,2,fave,152.41079999565585,58.32081806678139,4,mouse,1,0.20001200000001518,a,"",M,S,M,S,internal
773.353944767421,1602.30922610847,2460.5062007221895,3.0756598072324413,3.6841258021618524,4.273425192164061,6051.282051282051,0.0003325687912099211,906.583247165533,0.041,0.3059701492537314,1-0-2092-2,aw,UT_009,009,2,fave,180.03724779686686,65.289666328488,4,about,1,0.10998500000005151,heard,the,B,T,B,T,internal
749.3958133427325,1633.7308152029298,2591.447911232015,3.40871385249951,3.8840580372234177,4.512662351306724,6769.2307692307695,0.0009224130977668545,909.6772684965987,0.049,0.29878048780487804,1-0-2104-2,aw,UT_009,009,2,fave,162.19933582589428,61.22357653033929,4,about,1,0.13995299999999133,shows,latin,B,T,B,T,internal
800.8546319082642,1866.4286565580778,2859.0360224984506,3.6290640697961387,3.7091748025046214,4.045674405763637,6051.282051282051,0.00010888047267724923,914.0422591655329,0.059000000000000004,0.40972222222222227,1-0-2121-1,aw,UT_009,009,2,fave,183.09530755661777,60.29096156412806,4,found,1,0.11999500000001717,children,the,F,N,F,N,internal
870.032696720483,1537.3945733159524,2588.5161868805862,3.470204282830207,3.338023503330445,4.4837501225393925,6410.25641025641,0.0013423395135631773,915.0152605034014,0.025,0.14367816091954025,1-0-2126-1,aw,UT_009,009,2,fave,211.2967425641965,66.2304131258936,4,house,1,0.15002499999991414,the,"",HH,S,HH,S,internal
659.7256032300709,1940.9188944630764,2922.119439471221,3.5200264899383122,3.763718358310606,4.365919630949668,6769.2307692307695,0.0003503285886583868,916.8182385034013,0.051000000000000004,0.29310344827586204,1-0-2133-1,aw,UT_009,009,2,fave,170.06785675241812,62.63887175923969,4,down,1,0.15002500000002783,waddle,to,D,N,D,N,internal
571.809896640102,953.9948053880923,2136.963525158078,3.922766375661196,3.3986247017201743,4.197857462094744,5333.333333333333,0.0005148792707413357,183.7881471655329,0.031,0.32978723404255317,1-0-258-1,owr,UT_009,009,2,fave,85.74883614326218,53.358132201436256,4,north,1,0.07000700000000393,or,ogden,N,R,N,R,internal
435.6635027870927,720.8496420259588,2526.279509872332,3.3352055550816253,2.971672303304606,4.2185396671716155,5153.846153846154,0.0002561728952996676,264.3813621655329,0.027000000000000003,0.32142857142857145,1-0-431-1,owr,UT_009,009,2,fave,86.90624385092724,55.94461742185046,4,fourteen,1,0.05999700000000985,my,year,F,R,F,R,internal
510.5064731125775,1191.5772728802458,2439.8788482788505,3.5919278696084302,3.5709116949941637,4.631171877983682,4974.358974358975,0.0002099142178016446,315.6971601655329,0.035,0.3365384615384616,1-0-578-3,owr,UT_009,009,2,fave,159.6107935701417,57.12182143219841,4,resort,1,0.07998599999996259,ski,because,Z,R,Z,R,internal
309.75692953665174,775.2743763583934,2354.5952655541614,3.758685542952249,3.283593190621723,4.309372049206415,5153.846153846154,0.00045577586924838,415.7112571655329,0.027000000000000003,0.32142857142857145,1-0-746-1,owr,UT_009,009,2,fave,243.6460434063029,59.2721924710744,4,more,1,0.059996999999953005,teaching,than,M,R,M,R,internal
421.6561937017456,768.935515618297,2264.774318427234,3.216829614200463,3.142592405392455,4.541715268784216,5333.333333333333,0.00004344284251397258,439.95434183446713,0.025,0.33783783783783783,1-0-821-3,owr,UT_009,009,2,fave,NaN,54.974733852154415,4,before,1,0.0500189999999634,signal,you,F,R,F,R,internal
485.0577746168679,779.8731411661519,2397.539970229579,3.532591019722574,3.8462173203292322,4.4434574544120595,5153.846153846154,0.0005549600198887772,448.6573548344671,0.031,0.32978723404255317,1-0-846-1,owr,UT_009,009,2,fave,NaN,56.068085745178486,4,for,1,0.07000700000003235,ready,the,F,R,F,R,internal
478.61339120272334,825.7056502200795,2287.4294915997784,3.0110890095097567,2.97633861831832,3.759810281990067,5333.333333333333,0.000010665684600428312,501.7695508344671,0.027000000000000003,0.32142857142857145,1-0-1003-3,owr,UT_009,009,2,fave,175.7927857460476,59.18576128562749,4,newborn,0,0.05999799999995048,our,and,B,R,B,R,internal
496.784332028912,794.0528742829533,2557.200098041516,3.787947606569567,3.1567443976052147,4.246852025414791,5153.846153846154,0.0007422314744479255,512.6239761655329,0.027000000000000003,0.32142857142857145,1-0-1049-3,owr,UT_009,009,2,fave,91.77832694209206,53.886099224409854,4,newborn,0,0.05999799999995048,our,"",B,R,B,R,internal
433.2779831766573,755.6331125121375,2371.4606944535944,2.8575404631660155,3.008886118711927,4.494640584849451,5333.333333333333,0.00023108996865950368,718.9991525034013,0.04100000000000001,0.3306451612903227,1-0-1598-1,owr,UT_009,009,2,fave,157.445438464149,61.3068675416606,4,board,1,0.10003600000004553,giant,with,B,R,B,R,internal
456.9541768180669,1280.3218653630997,2365.6735978949187,3.453367644176393,3.787109517632077,4.442252818298452,5512.820512820513,0.0015077384010958863,727.1977515034013,0.035,0.3365384615384616,1-0-1627-3,owr,UT_009,009,2,fave,185.52416223826745,60.656525785127904,4,absorbers,1,0.080016999999998,shock,and,Z,R,Z,R,internal
427.9159961062662,704.3835752605496,2606.4133209014576,3.5235987906742525,2.5809426490168206,4.7664228166925975,5871.794871794871,0.0021622654598220273,773.534344165533,0.045,0.3358208955223881,1-0-1715-1,owr,UT_009,009,2,fave,175.84716905864659,68.7412926933186,4,forty,1,0.10998499999993783,"",sentences,F,R,F,R,internal
462.863167429482,731.872425189551,2924.619586602168,3.0763765491409947,2.984797704002375,3.909125002560712,5333.333333333333,0.0006316505626444436,813.0787771655329,0.045,0.3358208955223881,1-0-1759-1,owr,UT_009,009,2,fave,168.71874945048117,58.02643146887688,4,war,1,0.10998600000004899,civil,had,W,R,W,R,internal
484.7743828724215,869.6734341446661,2204.7709297760375,3.6639191871683594,3.9651051518204814,4.077675388599285,5692.3076923076915,0.00039715634391170653,902.510245834467,0.035,0.3365384615384616,1-0-2078-1,owr,UT_009,009,2,fave,90.43649455179893,57.923899930816546,4,horns,1,0.080016999999998,of,"",HH,R,HH,R,internal
572.7839604510658,795.7393284473378,1653.8257483992631,4.1525447695359485,3.395799043043675,3.9149249091840637,4256.410256410256,9.800539019401383e-6,189.3151461655329,0.025,0.33783783783783783,1-0-280-0,ahr,UT_009,009,2,fave,172.12001007210253,52.72315884673519,4,our,1,0.050003000000003794,on,way,#,R,N,R,initial
764.6957932950608,1190.7581758974773,2700.1345713841706,3.299467711533366,3.7794480089238136,3.4465176643829505,5692.3076923076915,0.0010317733971360859,231.53204416553285,0.087,0.32954545454545453,1-0-364-0,ahr,UT_009,009,2,fave,177.24431662452187,56.62753034159075,4,are,1,0.2400050000000249,"","",#,R,"",R,initial
764.7686730788079,1146.6911229537966,2981.4964419092594,3.51804496003324,3.6204667388674014,4.556185863763836,6051.282051282051,0.0007158034572094177,238.04205216553285,0.027000000000000003,0.32142857142857145,1-0-381-2,ahr,UT_009,009,2,fave,169.0332540794976,59.384629210691315,4,smart,1,0.05999800000000732,duper,"",M,R,M,R,internal
769.1986177180694,1220.1287031767822,2261.826216718951,3.3182177339642926,3.3600666949380806,4.1936396066769674,5512.820512820513,0.00006829649791860172,277.35333783446714,0.031,0.32978723404255317,1-0-475-1,ahr,UT_009,009,2,fave,177.12712935356845,60.88869526326896,4,car,1,0.07000800000002982,the,just,K,R,K,R,internal
687.7136608033696,1258.5619668149109,2218.585308122573,3.437232719651667,3.0690129825159986,3.852904945942027,5512.820512820513,0.00032971309787653596,286.73844583446714,0.055,0.3353658536585366,1-0-515-1,ahr,UT_009,009,2,fave,133.45583740469974,61.88451299028112,4,car,1,0.14001500000000533,the,"",K,R,K,R,internal
752.1903417008389,1279.9701526633337,2220.225822081701,3.0230148934350853,3.2302254342068464,3.9400998949015302,5512.820512820513,0.00001191630233310256,298.6834378344671,0.025,0.33783783783783783,1-0-562-1,ahr,UT_009,009,2,fave,NaN,58.201758811786924,4,car,1,0.050018000000022766,the,but,K,R,K,R,internal
925.0283910638012,1727.7173850435315,2813.555073288433,3.40134484981256,3.9407580170479957,4.357160882708502,6230.7692307692305,0.0006922558547036619,559.6633201655329,0.051000000000000004,0.3311688311688312,1-0-1173-1,ahr,UT_009,009,2,fave,157.59488203239954,61.597685823356095,4,part,1,0.13000499999998283,that,being,P,R,P,R,internal
695.9857712090502,1553.3394576574738,2039.0620752383325,3.044296011218156,3.5893958230206144,3.525898794513771,5512.820512820513,2.060307179739409e-6,578.9161451723356,0.025,0.33783783783783783,1-0-1244-2,ahr,UT_009,009,2,fave,167.293385356805,69.77492196253546,4,start,1,0.050049000000058186,we,with,T,R,T,R,internal
776.1482024255253,1787.0425677544995,2936.187807626733,3.440819858989892,4.005480788214563,4.547532434893253,5692.3076923076915,0.036685940153695376,438.40135583446715,0.07899999999999999,0.3376068376068376,1-0-817-0,oh,UT_009,009,2,fave,258.44351765698616,55.98837243893464,4,also,1,0.20999100000000226,is,like,#,L,Z,L,initial
540.3975489641072,980.7342941064531,3055.916324305374,3.030716456746112,2.831310836843984,3.776972052274859,5692.3076923076915,0.000042419009671217814,895.8682308344671,0.031,0.32978723404255317,1-0-2052-1,oh,UT_009,009,2,fave,181.89627729887548,65.86430788798687,4,lawyer,1,0.07000700000003235,the,bought,L,Y,L,Y,internal
468.5801331043167,1851.885594224312,2101.047426633878,3.213616878488591,3.639550327794157,3.5434081245542073,5153.846153846154,0.00003253313734735805,485.7595361655329,0.027000000000000003,0.32142857142857145,1-0-946-1,uwr,UT_009,009,2,fave,154.02613428761993,59.97453577269091,4,you're,1,0.05999700000000985,when,a,Y,R,Y,R,internal
502.1182431333354,1908.8046982270644,1987.548684777658,3.688707545018409,4.124137757481136,4.1177954139420745,5692.3076923076915,0.000023031105090483154,487.5085418344671,0.025,0.33783783783783783,1-0-955-1,uwr,UT_009,009,2,fave,150.1685799472262,57.99615415457589,4,you're,1,0.050018000000022766,when,instructing,Y,R,Y,R,internal
